aggregation,algorithm,place_id,aligned_x,aligned_y,inferred_lat,inferred_lon,displacement_km
mean,spherical,AE,54.297074564685346,-24.038414183942525,24.038414183942525,54.29707456468535,48.140202978323394
mean,spherical,AO,12.436549075136895,8.849046811219013,-8.849046811219013,12.436549075136883,87.46316559112859
mean,spherical,AR,-58.290345621079894,34.30452497962014,-34.30452497962014,-58.290345621079915,34.40447955209598
mean,spherical,AT,15.974543344457373,-47.67474685324305,47.67474685324305,15.974543344457391,65.43224713438987
mean,spherical,AU,146.61115628221302,36.937482961474664,-36.937482961474664,146.61115628221302,291.53468808326545
mean,spherical,BD,91.00735498989354,-23.0423472658885,23.0423472658885,91.00735498989354,97.5757871075233
mean,spherical,BE,4.785209850129576,-50.94795844742738,50.94795844742738,4.785209850129584,34.2101990876885
mean,spherical,BF,-0.8248460884445592,-13.276947254834313,13.276947254834313,-0.8248460884445569,126.13329404548925
mean,spherical,BH,50.764339166626826,-25.545335489332846,25.545335489332846,50.764339166626826,78.92528512542293
mean,spherical,BO,-63.769814582236066,18.143271611010142,-18.143271611010142,-63.76981458223606,186.0457346031938
mean,spherical,BR,-47.00222296889177,16.530492377335634,-16.530492377335634,-47.002222968891765,128.46981295708989
mean,spherical,BW,24.277658422865983,23.670354792490585,-23.670354792490585,24.277658422865994,198.16225845024883
mean,spherical,CA,-75.38509242328236,-44.85453633504312,44.85453633504312,-75.38509242328237,67.4705987825477
mean,spherical,CD,14.443621932192713,4.179703949954859,-4.179703949954859,14.443621932192709,97.80302969967303
mean,spherical,CH,8.10113136755487,-47.05696324555255,47.05696324555255,8.101131367554895,50.56864472411853
mean,spherical,CI,-6.212906918865258,-8.09623053820475,8.09623053820475,-6.212906918865276,175.7017962746459
mean,spherical,CL,-69.62091767826153,33.89617088967931,-33.89617088967931,-69.62091767826153,109.03714510521804
mean,spherical,CM,10.034074063225859,-4.446976821520333,4.446976821520333,10.034074063225871,176.34816097916104
mean,spherical,CN,116.61200401984445,-39.192636326664974,39.192636326664974,116.61200401984443,84.33302540856454
mean,spherical,CO,-70.51349716724827,-3.071495405863628,3.071495405863628,-70.51349716724829,431.1043242180071
mean,spherical,CR,-82.78490770612983,-8.518469300791361,8.518469300791361,-82.78490770612984,212.7670651699548
mean,spherical,CU,-76.77871232421978,-20.807798383833905,20.807798383833905,-76.7787123242198,631.4818127555615
mean,spherical,CZ,14.293669933342585,-49.90416863778551,49.90416863778551,14.293669933342578,23.534765971986285
mean,spherical,DE,13.515485294999593,-52.29031958456159,52.29031958456159,13.515485294999579,27.12210153668214
mean,spherical,DJ,40.90310666055021,-10.879279645753858,10.879279645753858,40.903106660550215,257.4439601482521
mean,spherical,DK,12.46232512419084,-55.462161228857745,55.462161228857745,12.462325124190844,25.06769788313783
mean,spherical,DZ,2.896442347555734,-36.21235423315589,36.21235423315589,2.896442347555727,62.94028606242534
mean,spherical,EC,-76.69051436728152,2.2582466192006714,-2.2582466192006714,-76.69051436728152,303.7571268029516
mean,spherical,EG,31.216479732243783,-29.531864566462826,29.531864566462826,31.216479732243776,57.906100927452876
mean,spherical,ES,-2.785259795425162,-40.51042034756685,40.51042034756685,-2.7852597954251634,77.09948663443622
mean,spherical,ET,37.331155249037295,-8.429823149710597,8.429823149710597,37.33115524903729,164.62458657417207
mean,spherical,FI,24.009331490407476,-60.31313334850644,60.31313334850644,24.0093314904075,53.11264772649663
mean,spherical,FJ,177.5158405705539,19.344046636457623,-19.344046636457623,177.5158405705539,166.24747887452105
mean,spherical,FR,2.7532011766203084,-49.06620069806139,49.06620069806139,2.7532011766203115,37.82454217539034
mean,spherical,GB,-0.14567379249777446,-51.98914407151704,51.98914407151704,-0.14567379249776924,54.20647908092316
mean,spherical,GH,-1.3538621957117414,-8.358364150455213,8.358364150455213,-1.3538621957117605,336.2672988608841
mean,spherical,GR,23.098092086139957,-37.27614383133291,37.27614383133291,23.09809208613993,96.57928442223707
mean,spherical,GT,-87.2873596462534,-13.552348727350148,13.552348727350148,-87.2873596462534,369.3129531679065
mean,spherical,HU,18.88805172559708,-47.57699944919685,47.57699944919685,18.88805172559708,16.74020384864383
mean,spherical,IE,-4.946415227246632,-53.30805700738846,53.30805700738846,-4.946415227246621,86.69059709325715
mean,spherical,IN,77.21116978416183,-27.480236197233754,27.480236197233754,77.21116978416183,124.51962594596523
mean,spherical,IQ,43.58019648848463,-32.87047343120726,32.87047343120726,43.580196488484624,91.91905241858495
mean,spherical,IR,50.98905795426947,-34.197790895123546,34.197790895123546,50.989057954269455,168.82073525203478
mean,spherical,IS,-18.728363699902474,-63.53600867501602,63.53600867501602,-18.728363699902467,172.02263535556446
mean,spherical,IT,13.017526077003481,-42.09087071365264,42.09087071365264,13.01752607700347,49.234864112583374
mean,spherical,JO,36.16237039098496,-31.176641125736776,31.176641125736776,36.162370390984975,88.94775457540136
mean,spherical,JP,138.88725753844756,-35.951481424237635,35.951481424237635,138.88725753844756,83.11803617314324
mean,spherical,KE,34.54474359205199,0.7435379133755519,-0.7435379133755519,34.54474359205199,259.35884358207807
mean,spherical,KH,106.5669704271599,-13.897889756882902,13.897889756882902,106.56697042715992,316.47571482305347
mean,spherical,KR,126.94158088884092,-36.97548844614383,36.97548844614383,126.94158088884089,66.1045109262761
mean,spherical,KW,48.184202680063436,-28.19037901688299,28.19037901688299,48.18420268006344,132.90572634263958
mean,spherical,LA,105.86427470718974,-19.654866596770958,19.654866596770958,105.86427470718972,391.50278738703054
mean,spherical,LB,34.33416226102207,-32.83628294402562,32.83628294402562,34.334162261022044,158.72400702544527
mean,spherical,MA,-6.636486642588238,-34.324624481040594,34.324624481040594,-6.6364866425882445,38.026117671824224
mean,spherical,MG,45.149029632275045,19.32236179862543,-19.32236179862543,45.149029632275045,252.63705313278206
mean,spherical,MN,108.85919874578224,-45.78678301035978,45.78678301035978,108.85919874578222,279.36637515936485
mean,spherical,MR,-13.803020614286538,-19.71746120216971,19.71746120216971,-13.803020614286558,291.7378553083749
mean,spherical,MX,-98.12663405518893,-19.951879687395706,19.951879687395706,-98.12663405518893,119.5090089871825
mean,spherical,MY,101.95199971438751,-3.677145360059265,3.677145360059265,101.9519997143875,63.18316396784592
mean,spherical,MZ,31.60943622609875,23.783062199569283,-23.783062199569283,31.609436226098733,260.7018926320262
mean,spherical,NA,17.680141193456336,22.33236141494903,-22.33236141494903,17.680141193456357,66.76242175103913
mean,spherical,NG,6.620091429518055,-9.44677286276049,9.44677286276049,6.620091429518039,107.78433934002742
mean,spherical,NL,5.102950392713552,-52.49010227034728,52.49010227034728,5.102950392713562,19.977021301677357
mean,spherical,NO,10.178724525698954,-59.42266691899152,59.42266691899152,10.178724525698954,63.7436502438048
mean,spherical,NP,86.10228431615087,-27.845571988379895,27.845571988379895,86.10228431615091,78.75570935911048
mean,spherical,NZ,173.91602496978533,39.86495155626165,-39.86495155626165,173.91602496978535,175.57084326945568
mean,spherical,OM,57.25982995081429,-22.898981260638838,22.898981260638838,57.25982995081428,157.6933677050341
mean,spherical,PA,-77.66873356319816,-7.532899749619986,7.532899749619986,-77.66873356319816,260.20845287982775
mean,spherical,PE,-76.47841448373077,11.47674787936561,-11.47674787936561,-76.47841448373076,88.91856943284307
mean,spherical,PG,148.47400540103132,8.512727977737356,-8.512727977737356,148.47400540103132,176.10934137816437
mean,spherical,PH,120.28207816560808,-15.157418465984449,15.157418465984449,120.28207816560807,96.89053454993197
mean,spherical,PK,71.47863336413485,-30.577509304778616,30.577509304778616,71.47863336413484,381.9544567570629
mean,spherical,PL,20.154801457819616,-52.060464505484795,52.060464505484795,20.154801457819634,61.33962981031879
mean,spherical,PT,-8.033278808332113,-38.57484491915714,38.57484491915714,-8.033278808332105,98.12420901777784
mean,spherical,QA,52.03453698928928,-25.675677673709778,25.675677673709778,52.03453698928927,66.38483877596539
mean,spherical,RO,24.982600113355602,-44.48093730369792,44.48093730369792,24.982600113355577,88.67040692326974
mean,spherical,RS,19.500822445020816,-45.24490490721093,45.24490490721093,19.50082244502081,89.32523424174525
mean,spherical,RU,37.92784756200544,-55.181426062697284,55.181426062697284,37.92784756200544,66.68947466443666
mean,spherical,RW,28.247830993549115,1.800887765346355,-1.800887765346355,28.247830993549112,201.93602409490322
mean,spherical,SA,46.19512475473522,-24.422722279594165,24.422722279594165,46.19512475473522,63.1650495736692
mean,spherical,SB,162.23077571964427,10.186862348284725,-10.186862348284725,162.2307757196443,263.43132740846596
mean,spherical,SE,16.66567923769327,-58.85084742882341,58.85084742882341,16.66567923769327,98.88393105233068
mean,spherical,SG,104.02424117587589,-2.3421187763225797,2.3421187763225797,104.02424117587589,117.96620531818922
mean,spherical,SN,-17.603455844220463,-16.179850846508106,16.179850846508106,-17.603455844220473,163.15648866660342
mean,spherical,TH,101.93872686306617,-14.725513387356838,14.725513387356838,101.93872686306615,187.81601919193332
mean,spherical,TN,9.628425238790527,-36.77436886472605,36.77436886472605,9.628425238790522,49.19089526849331
mean,spherical,TO,-176.08177023235558,21.132486732929532,-21.132486732929532,-176.08177023235558,89.32232250980168
mean,spherical,TR,31.976065618291614,-39.75591249845947,39.75591249845947,31.976065618291596,78.08979126645282
mean,spherical,TZ,34.39894497064566,5.578766134390302,-5.578766134390302,34.39894497064566,163.86272410899613
mean,spherical,UA,28.946121719120924,-49.84879115490557,49.84879115490557,28.946121719120917,129.411657752587
mean,spherical,UG,29.450200402272657,-1.1465874077864473,1.1465874077864473,29.450200402272653,360.1082183606478
mean,spherical,US,-77.01391544759376,-39.30327239957025,39.30327239957025,-77.01391544759377,44.67621265831271
mean,spherical,UY,-56.8218519598544,32.34284012642781,-32.34284012642781,-56.8218519598544,285.84768668936874
mean,spherical,UZ,70.00819882772896,-40.84745824538735,40.84745824538735,70.00819882772899,79.25121800880135
mean,spherical,VN,107.17142557103205,-20.891409829047184,20.891409829047184,107.17142557103203,138.3384419852399
mean,spherical,VU,169.9120506141926,17.484304998403573,-17.484304998403573,169.91205061419257,171.34138194360392
mean,spherical,WS,-173.4930439551822,12.559959807183265,-12.559959807183265,-173.4930439551822,237.44041121903325
mean,spherical,ZA,27.306755157948544,26.912093973617857,-26.912093973617857,27.306755157948537,162.6000429311229
mean,spherical,ZM,26.363865801906314,13.807232025200516,-13.807232025200516,26.363865801906318,272.97327996889203
mean,spherical,ZW,28.60631735473106,17.906273331994136,-17.906273331994136,28.606317354731054,258.0574436948273
mean,classical,AE,48.788307306911555,-38.8563409905927,,,
mean,classical,AO,7.497439803644646,-31.58971227225151,,,
mean,classical,AR,-39.62131718684424,23.638539575558575,,,
mean,classical,AT,17.37192986540876,-43.293954512541774,,,
mean,classical,AU,67.4518139223093,57.24569450843735,,,
mean,classical,BD,79.16707453969036,-24.57395085375407,,,
mean,classical,BE,12.231045566929131,-41.46727144989961,,,
mean,classical,BF,-4.594666809903675,-50.88463016391004,,,
mean,classical,BH,45.48933948055821,-39.37205161924875,,,
mean,classical,BO,-48.16759452541055,17.95469649869304,,,
mean,classical,BR,-40.924913147897044,1.2276580737805247,,,
mean,classical,BW,18.28149618412812,-21.250592974090168,,,
mean,classical,CA,-9.953723566187978,-0.280685910500587,,,
mean,classical,CD,8.601638025665414,-37.86056357179805,,,
mean,classical,CH,12.794466469574823,-43.51274447066739,,,
mean,classical,CI,-11.008484820879897,-48.201864194928,,,
mean,classical,CL,-39.81373081449527,33.48149198332266,,,
mean,classical,CM,4.037033272703635,-44.38385644445792,,,
mean,classical,CN,77.63316349673495,-11.149824784693859,,,
mean,classical,CO,-43.05446151033419,12.234470775276836,,,
mean,classical,CR,-35.754625649925615,23.7953126501805,,,
mean,classical,CU,-29.316777542249323,9.817601672950683,,,
mean,classical,CZ,17.20783611755479,-41.88929928073446,,,
mean,classical,DE,17.63080216987594,-40.45227749491424,,,
mean,classical,DJ,35.67609528789549,-40.780665866490835,,,
mean,classical,DK,17.96118790868307,-38.31079701743633,,,
mean,classical,DZ,4.957368819765829,-47.566528069886104,,,
mean,classical,EC,-47.051874229789675,21.64159109806979,,,
mean,classical,EG,26.619565342388892,-45.5776227612955,,,
mean,classical,ES,3.1165042840355,-47.70644462886017,,,
mean,classical,ET,31.92076838693002,-40.02337403529479,,,
mean,classical,FI,24.672754609698774,-34.30026041662835,,,
mean,classical,FJ,56.42686855381373,81.19455329270885,,,
mean,classical,FR,10.421599450479734,-42.74104917479116,,,
mean,classical,GB,10.175817321125004,-40.02417629259165,,,
mean,classical,GH,-6.958092856196853,-50.79934029435267,,,
mean,classical,GR,20.01762804908813,-44.70645515719208,,,
mean,classical,GT,-29.870809212612297,23.65583550807068,,,
mean,classical,HU,19.457514852532793,-42.765836752485406,,,
mean,classical,IE,8.8158148130668,-39.20517680086116,,,
mean,classical,IN,67.44018200598974,-30.119749735398074,,,
mean,classical,IQ,37.26712123901224,-40.88573474756494,,,
mean,classical,IR,44.03503092944872,-38.30009516711556,,,
mean,classical,IS,10.100660541396929,-30.190260830338495,,,
mean,classical,IT,14.5619033275719,-45.06657098529868,,,
mean,classical,JO,31.28525232336927,-44.30716094881588,,,
mean,classical,JP,73.25778905854858,7.441714218317124,,,
mean,classical,KE,28.475557228193004,-38.56917292613433,,,
mean,classical,KH,90.62199025598431,-12.99635857745266,,,
mean,classical,KR,77.84464123712077,-3.1523360169679115,,,
mean,classical,KW,42.091043185708244,-38.49784053968396,,,
mean,classical,LA,90.7534781739123,-16.4665850811009,,,
mean,classical,LB,28.50165642371855,-44.53551602759538,,,
mean,classical,MA,-2.5707736815204534,-50.02218512573471,,,
mean,classical,MG,38.586965976932895,-25.86714885703633,,,
mean,classical,MN,72.41985617794562,-16.111472847754445,,,
mean,classical,MR,-14.14149454495281,-51.00463147382724,,,
mean,classical,MX,-20.549668636182727,29.47709632064791,,,
mean,classical,MY,91.19311298961034,-13.481046282322984,,,
mean,classical,MZ,24.809463677282352,-24.000455887738745,,,
mean,classical,NA,12.691904124365436,-20.22095384055261,,,
mean,classical,NG,1.1997081844248285,-46.45710541741173,,,
mean,classical,NL,13.03398317421758,-40.883329343513765,,,
mean,classical,NO,17.91627798468691,-34.9751682859808,,,
mean,classical,NP,76.09196141913226,-29.198231012136457,,,
mean,classical,NZ,53.27799231156675,84.95358905359993,,,
mean,classical,OM,52.18152154388197,-39.0594200921409,,,
mean,classical,PA,-38.790322884236886,19.0519783036698,,,
mean,classical,PE,-46.63057903313863,27.850266697049243,,,
mean,classical,PG,80.25967022741015,45.145948652159,,,
mean,classical,PH,92.2012467845083,-2.0880492039361265,,,
mean,classical,PK,62.961674837714,-35.41994182031789,,,
mean,classical,PL,20.886481855419444,-40.1403009974611,,,
mean,classical,PT,-0.902268531182358,-47.5818948382544,,,
mean,classical,QA,46.2814756395568,-38.7753245346164,,,
mean,classical,RO,22.29230244420323,-42.79434125975009,,,
mean,classical,RS,18.94533888611284,-43.64592186951908,,,
mean,classical,RU,31.96936609355806,-36.17328264407389,,,
mean,classical,RW,22.00735800119997,-38.60532980985026,,,
mean,classical,SA,40.367569884668114,-40.3226212021095,,,
mean,classical,SB,70.6624496090332,62.8036682098912,,,
mean,classical,SE,20.481398300328404,-36.211615083878314,,,
mean,classical,SG,91.96913503808908,-10.78951892802878,,,
mean,classical,SN,-19.492891075513928,-48.305719613430696,,,
mean,classical,TH,88.8031892824325,-17.025984369008917,,,
mean,classical,TN,9.311835114849034,-46.38081244053949,,,
mean,classical,TO,49.91822177519012,88.25549367013704,,,
mean,classical,TR,27.367388002261947,-43.23638444046358,,,
mean,classical,TZ,28.370719807428976,-34.08179786869353,,,
mean,classical,UA,25.652585882698826,-40.654395743744416,,,
mean,classical,UG,23.63525999531098,-40.07878026367998,,,
mean,classical,US,-14.219358474589331,2.1863497773293012,,,
mean,classical,UY,-43.38011737067892,20.268646255277254,,,
mean,classical,UZ,56.93031413418562,-33.68145550181882,,,
mean,classical,VN,89.7275339405627,-15.272088091239883,,,
mean,classical,VU,64.21945965816414,72.98309511760354,,,
mean,classical,WS,47.183096060548486,82.08257901377043,,,
mean,classical,ZA,20.891061677494232,-15.988521071430991,,,
mean,classical,ZM,19.51636725410904,-29.04905508092814,,,
mean,classical,ZW,22.005774522467927,-24.426770942960285,,,
mean,metric,AE,44.98432261827801,-35.66089379627908,,,
mean,metric,AO,8.83102101050324,-53.53831876484087,,,
mean,metric,AR,-41.73432805672731,-9.724779056952414,,,
mean,metric,AT,19.290216629954358,-24.423762383803204,,,
mean,metric,AU,72.71126015064102,39.85455283913246,,,
mean,metric,BD,66.05176630470704,-21.63619642875122,,,
mean,metric,BE,14.107200309058703,-21.20953924424899,,,
mean,metric,BF,1.3744381093112636,-42.890263259274654,,,
mean,metric,BH,42.370810685997654,-35.4995840050369,,,
mean,metric,BO,-38.614880541136,-3.123321641350941,,,
mean,metric,BR,-33.68042450070067,-18.64236514050289,,,
mean,metric,BW,18.248876303603566,-62.84493347560413,,,
mean,metric,CA,-6.222107538846462,11.550713860407345,,,
mean,metric,CD,11.619123813873408,-53.07365918291312,,,
mean,metric,CH,14.867807449065122,-24.28054187608181,,,
mean,metric,CI,-3.770995822779998,-43.793545240092016,,,
mean,metric,CL,-42.92036160599602,1.4630254721999592,,,
mean,metric,CM,8.710582661131472,-48.381108461059085,,,
mean,metric,CN,65.63022087295262,-1.5585939245244305,,,
mean,metric,CO,-30.543987912015606,6.515428774750163,,,
mean,metric,CR,-26.000908121179666,18.324261403307254,,,
mean,metric,CU,-20.30981000105788,13.727166588780662,,,
mean,metric,CZ,18.667746965150066,-22.74520383207681,,,
mean,metric,DE,18.628867312936343,-20.986039644060416,,,
mean,metric,DJ,36.87796994403282,-45.72456017234467,,,
mean,metric,DK,18.744286190779306,-18.513349557248596,,,
mean,metric,DZ,9.364433179818013,-30.39913071302452,,,
mean,metric,EC,-33.34290009924875,11.855991568279038,,,
mean,metric,EG,28.597902090962688,-35.92643557789131,,,
mean,metric,ES,7.045752120239321,-27.108995345095344,,,
mean,metric,ET,33.81184549003887,-46.920437359024476,,,
mean,metric,FI,24.388134733557035,-15.313946126519127,,,
mean,metric,FJ,53.68698104135666,58.7175104606644,,,
mean,metric,FR,12.553675083963412,-22.401036937306973,,,
mean,metric,GB,12.034742351349301,-19.86865594595641,,,
mean,metric,GH,0.013619158431730227,-45.22583465243961,,,
mean,metric,GR,22.8777282505553,-31.013808207967546,,,
mean,metric,GT,-22.84337491158797,22.064242172384624,,,
mean,metric,HU,20.886775838758968,-24.447806222097206,,,
mean,metric,IE,10.321630256129904,-18.16153347402534,,,
mean,metric,IN,57.55426757616925,-26.50554279993741,,,
mean,metric,IQ,36.672974650504834,-32.17039334598783,,,
mean,metric,IR,40.86539899174055,-30.286084361980123,,,
mean,metric,IS,10.715504312135943,-8.00464698658481,,,
mean,metric,IT,16.722392853111387,-28.056380094427354,,,
mean,metric,JO,32.03854142280082,-34.45419145564644,,,
mean,metric,JP,66.53225764305489,12.278577909335311,,,
mean,metric,KE,31.283783930786587,-52.59574291116808,,,
mean,metric,KH,75.31958206533733,-12.57234072866476,,,
mean,metric,KR,67.3076371769374,4.706423122451479,,,
mean,metric,KW,40.182014500715525,-33.93153759352319,,,
mean,metric,LA,72.98828174268198,-12.425934594524488,,,
mean,metric,LB,30.85058000298342,-33.4333979648868,,,
mean,metric,MA,2.914024970740524,-30.118551260860194,,,
mean,metric,MG,41.21940600144756,-60.19909007282613,,,
mean,metric,MN,60.501049895051025,-4.490977779848668,,,
mean,metric,MR,-6.157740928850462,-36.31560612642076,,,
mean,metric,MX,-16.59177019180329,29.56045797311797,,,
mean,metric,MY,77.67230582997334,-18.156882063359156,,,
mean,metric,MZ,26.66486991624723,-64.1737723566078,,,
mean,metric,NA,11.710930056143386,-60.57357931121778,,,
mean,metric,NG,6.5097346209026234,-44.907543439781975,,,
mean,metric,NL,14.606492791657818,-20.20468981515141,,,
mean,metric,NO,18.61614522641847,-15.325262614484139,,,
mean,metric,NP,62.046328045486106,-23.18696821665736,,,
mean,metric,NZ,56.323864758329265,59.9586501880286,,,
mean,metric,OM,47.14128831002612,-35.74149859003758,,,
mean,metric,PA,-27.299042772051,13.831092032337558,,,
mean,metric,PE,-37.140542558449965,10.187435357299822,,,
mean,metric,PG,76.91367503516217,30.815951536896456,,,
mean,metric,PH,77.68065287401363,-1.3587972134957589,,,
mean,metric,PK,53.76068906417095,-27.622352552957125,,,
mean,metric,PL,21.979559895869205,-21.35217466173491,,,
mean,metric,PT,3.730151890109621,-26.75550015710096,,,
mean,metric,QA,43.24214527886234,-35.15630639400698,,,
mean,metric,RO,24.317292370601617,-26.51546847512305,,,
mean,metric,RS,21.06416320254535,-26.18284760509446,,,
mean,metric,RU,30.581526113779212,-18.822293968308752,,,
mean,metric,RW,25.210934211944004,-53.24084303310509,,,
mean,metric,SA,39.64401775898669,-36.65475522983462,,,
mean,metric,SB,67.62603853269367,44.17804744636106,,,
mean,metric,SE,21.200504335191084,-16.225896011944332,,,
mean,metric,SG,78.66272138941076,-15.997502059614396,,,
mean,metric,SN,-9.646743334591076,-36.66841173933173,,,
mean,metric,TH,73.46897152243133,-15.88687105289434,,,
mean,metric,TN,13.78865000480022,-30.741071170078577,,,
mean,metric,TO,46.99279537467848,63.18494427424463,,,
mean,metric,TR,28.641222429872794,-29.331340313717366,,,
mean,metric,TZ,30.573445168279193,-54.50661214525014,,,
mean,metric,UA,26.505097340225525,-22.835518122104606,,,
mean,metric,UG,26.423611150055578,-51.638466902239024,,,
mean,metric,US,-9.768766048402934,12.793949050880137,,,
mean,metric,UY,-41.814963938035646,-12.858787187927419,,,
mean,metric,UZ,49.98114572290589,-23.244737913583737,,,
mean,metric,VN,72.5737432327536,-10.7382442304875,,,
mean,metric,VU,63.16644701567759,52.60792227450733,,,
mean,metric,WS,43.26718792894704,61.322796870354196,,,
mean,metric,ZA,21.13435276951155,-64.0622855927841,,,
mean,metric,ZM,22.211243070021453,-58.38189029166509,,,
mean,metric,ZW,23.913925981438005,-60.08928801835813,,,
mean,nonmetric,AE,45.165818684850166,-38.412236372725445,,,
mean,nonmetric,AO,6.139344142765072,-52.80745168804364,,,
mean,nonmetric,AR,-41.357643780391314,-6.112840385667534,,,
mean,nonmetric,AT,21.55352513253884,-24.84670489255886,,,
mean,nonmetric,AU,64.41113375391345,42.22882565188443,,,
mean,nonmetric,BD,64.87490843300237,-21.567073454800052,,,
mean,nonmetric,BE,16.380757081438443,-20.768596815619677,,,
mean,nonmetric,BF,1.3329334522361371,-40.381062357575566,,,
mean,nonmetric,BH,42.849086710249956,-38.32924946804162,,,
mean,nonmetric,BO,-37.26139708579885,0.6937681293335061,,,
mean,nonmetric,BR,-32.7447978791555,-15.087254866841983,,,
mean,nonmetric,BW,13.26118957321719,-63.68220961786782,,,
mean,nonmetric,CA,-8.465056953631692,11.827834819409961,,,
mean,nonmetric,CD,9.42391219120341,-52.212130449714145,,,
mean,nonmetric,CH,16.93695697977499,-23.894110833340974,,,
mean,nonmetric,CI,-4.213015633701918,-40.630263017817754,,,
mean,nonmetric,CL,-41.38512618170519,6.025113943995677,,,
mean,nonmetric,CM,7.3841011909235945,-47.308972625131396,,,
mean,nonmetric,CN,66.28327495667946,-1.8120150021926698,,,
mean,nonmetric,CO,-29.103534084459458,9.396024140357941,,,
mean,nonmetric,CR,-25.083650153049778,21.007149685797245,,,
mean,nonmetric,CU,-19.84396549564506,16.291003199580658,,,
mean,nonmetric,CZ,21.089836994515412,-23.032185309096974,,,
mean,nonmetric,DE,21.046707635923962,-21.549184843378075,,,
mean,nonmetric,DJ,36.26278715645675,-47.79638216645345,,,
mean,nonmetric,DK,21.30801836332178,-18.89725734749311,,,
mean,nonmetric,DZ,10.530105878134558,-29.358094138175822,,,
mean,nonmetric,EC,-31.331271053639977,15.233978938728967,,,
mean,nonmetric,EG,29.762719797190144,-37.36527577374059,,,
mean,nonmetric,ES,8.753934610269201,-25.344368692299984,,,
mean,nonmetric,ET,33.17888891096187,-48.71742604550144,,,
mean,nonmetric,FI,27.07620936590994,-16.996741898919627,,,
mean,nonmetric,FJ,52.09902405684346,53.62893394027935,,,
mean,nonmetric,FR,14.565192452177685,-21.717727647585072,,,
mean,nonmetric,GB,14.01619481149223,-18.95828265658855,,,
mean,nonmetric,GH,-0.552660002173365,-42.13613022808248,,,
mean,nonmetric,GR,24.507254407334464,-31.781303091679092,,,
mean,nonmetric,GT,-22.270222687091984,24.713252492965964,,,
mean,nonmetric,HU,23.230628269495273,-25.14792592185337,,,
mean,nonmetric,IE,12.414318422283799,-17.165380668092574,,,
mean,nonmetric,IN,56.97522120710366,-28.501747380556466,,,
mean,nonmetric,IQ,37.93389067654551,-34.89622150687642,,,
mean,nonmetric,IR,41.89131204581987,-33.37800219426638,,,
mean,nonmetric,IS,12.34026139806944,-7.330781241815018,,,
mean,nonmetric,IT,18.41757560285043,-28.138565914186024,,,
mean,nonmetric,JO,33.351066428203346,-36.3417207949318,,,
mean,nonmetric,JP,69.23328385310778,12.735350110000834,,,
mean,nonmetric,KE,29.778762989879617,-54.07900031798475,,,
mean,nonmetric,KH,74.22371496522312,-10.400741509169947,,,
mean,nonmetric,KR,68.7364107041509,5.009783850427759,,,
mean,nonmetric,KW,41.179076387342555,-37.151131802394445,,,
mean,nonmetric,LA,71.92921001039988,-10.656639083832028,,,
mean,nonmetric,LB,32.23591822290764,-35.19737184149382,,,
mean,nonmetric,MA,4.120286893560408,-27.779661192149785,,,
mean,nonmetric,MG,37.786990966063314,-63.15467133023731,,,
mean,nonmetric,MN,61.28548599056043,-5.623102844362862,,,
mean,nonmetric,MR,-5.653693823693775,-32.446382422365886,,,
mean,nonmetric,MX,-17.373848429720805,30.847300857442455,,,
mean,nonmetric,MY,76.79898537722971,-15.573638890067091,,,
mean,nonmetric,MZ,21.185298328033067,-65.68004287078756,,,
mean,nonmetric,NA,6.847166032414098,-60.66452575125531,,,
mean,nonmetric,NG,5.604790750205268,-42.90493069396517,,,
mean,nonmetric,NL,16.64135885953367,-19.943134877420594,,,
mean,nonmetric,NO,20.774961293258883,-15.908463927738236,,,
mean,nonmetric,NP,60.80988161551953,-23.84560806683545,,,
mean,nonmetric,NZ,49.46512620716773,56.287414909375514,,,
mean,nonmetric,OM,47.06197866075057,-37.913675354241875,,,
mean,nonmetric,PA,-26.158409168938444,16.574962284034164,,,
mean,nonmetric,PE,-35.03467324946256,14.11388165452788,,,
mean,nonmetric,PG,74.3768092622884,33.009258263254665,,,
mean,nonmetric,PH,76.95756336675389,1.6499173663589204,,,
mean,nonmetric,PK,53.159117371536645,-29.468372819770924,,,
mean,nonmetric,PL,24.319846736212988,-22.4033807912555,,,
mean,nonmetric,PT,5.1625911820581365,-24.554565823664326,,,
mean,nonmetric,QA,43.855686544869336,-38.30176491347603,,,
mean,nonmetric,RO,26.403136276483583,-27.88534785065329,,,
mean,nonmetric,RS,23.155400462877722,-27.04110597579691,,,
mean,nonmetric,RU,33.19626921344336,-21.61731775733415,,,
mean,nonmetric,RW,23.786497019738782,-54.12090255693971,,,
mean,nonmetric,SA,40.19355561486467,-39.228240382589696,,,
mean,nonmetric,SB,68.09410446078685,41.99491221260737,,,
mean,nonmetric,SE,23.630963357022218,-17.410230668931725,,,
mean,nonmetric,SG,77.81750174670101,-12.930275766106769,,,
mean,nonmetric,SN,-9.059371097637591,-32.26018564108893,,,
mean,nonmetric,TH,72.5159872829172,-14.812487297827337,,,
mean,nonmetric,TN,14.965878627408626,-30.348060101529928,,,
mean,nonmetric,TO,44.449851832364644,56.79700126664618,,,
mean,nonmetric,TR,30.34422774639631,-31.010255581776097,,,
mean,nonmetric,TZ,28.30526008943947,-56.07159199773719,,,
mean,nonmetric,UA,28.89240889734419,-24.512686352404433,,,
mean,nonmetric,UG,25.44183123444677,-52.558363581077764,,,
mean,nonmetric,US,-10.81341134757972,14.112805362532761,,,
mean,nonmetric,UY,-41.300039710751975,-9.31566754260661,,,
mean,nonmetric,UZ,50.63670423229079,-26.626011801987175,,,
mean,nonmetric,VN,71.5189020131719,-8.78508915258087,,,
mean,nonmetric,VU,61.02477339105947,48.92664574026307,,,
mean,nonmetric,WS,41.866335851709195,55.88412284167836,,,
mean,nonmetric,ZA,15.295968205574592,-65.79542204108901,,,
mean,nonmetric,ZM,19.077661423224857,-59.17804907665226,,,
mean,nonmetric,ZW,20.225831494237823,-61.66618110079348,,,
median,spherical,AE,54.31150272349993,-24.04091307982042,24.04091307982042,54.311502723499935,47.671923549522475
median,spherical,AO,12.461078671486234,8.868323522486644,-8.868323522486644,12.461078671486215,84.82896556732899
median,spherical,AR,-58.26389833423573,34.09345076183145,-34.09345076183145,-58.26389833423575,57.745027164255866
median,spherical,AT,15.937328648064039,-47.659196012200695,47.659196012200695,15.93732864806404,68.23659396775192
median,spherical,AU,146.45463208298452,37.054546643771204,-37.054546643771204,146.45463208298452,310.5161286017936
median,spherical,BD,90.96766906039704,-22.862293255665467,22.862293255665467,90.96766906039703,111.73886245652818
median,spherical,BE,4.719770197701791,-50.887133085313316,50.887133085313316,4.719770197701798,27.86381258746025
median,spherical,BF,-0.8235020603383418,-13.252649672805324,13.252649672805324,-0.8235020603383562,124.08100259225814
median,spherical,BH,50.8372968213028,-25.57626464814828,25.57626464814828,50.837296821302786,77.65613210068535
median,spherical,BO,-63.66116395881214,18.245980046152052,-18.245980046152052,-63.66116395881213,190.1922409344705
median,spherical,BR,-47.03476157118456,16.565307315227685,-16.565307315227685,-47.03476157118456,128.43322431218414
median,spherical,BW,24.34244471700862,23.70007308880064,-23.70007308880064,24.34244471700863,190.83957596891187
median,spherical,CA,-75.4112362058534,-44.86116337196207,44.86116337196207,-75.4112362058534,66.04989886344288
median,spherical,CD,14.553434936158766,4.245114558981503,-4.245114558981503,14.553434936158768,84.72659394056384
median,spherical,CH,8.140336917435121,-47.097348980765624,47.097348980765624,8.140336917435135,54.86729483192385
median,spherical,CI,-6.232466237141551,-8.179893653234696,8.179893653234696,-6.232466237141574,184.525272059162
median,spherical,CL,-69.54175444452387,33.85418301849112,-33.85418301849112,-69.54175444452387,113.69076096509245
median,spherical,CM,10.150756231252956,-4.486054946852488,4.486054946852488,10.150756231252977,166.11140700505177
median,spherical,CN,116.5516031541735,-39.191385372396645,39.191385372396645,116.5516031541735,83.43503634604919
median,spherical,CO,-70.59153408928724,-3.1361364157989557,3.1361364157989557,-70.59153408928722,420.31511152408615
median,spherical,CR,-82.71786413544037,-8.39741955527344,8.39741955527344,-82.71786413544037,227.72841366079234
median,spherical,CU,-76.60502057948236,-20.781286065887382,20.781286065887382,-76.60502057948234,649.0905916062018
median,spherical,CZ,14.217618244230977,-49.902643027688306,49.902643027688306,14.21761824423098,26.883435324860187
median,spherical,DE,13.427411243128006,-52.2950440370459,52.2950440370459,13.427411243127997,25.502497754391367
median,spherical,DJ,40.93029674258861,-10.846354541043421,10.846354541043421,40.93029674258861,255.80632444363556
median,spherical,DK,12.424826101785442,-55.448882081540404,55.448882081540404,12.424826101785442,27.152556546347395
median,spherical,DZ,2.887432872641682,-36.29993568055545,36.29993568055545,2.8874328726416736,53.68163555122294
median,spherical,EC,-76.72121331396947,2.129721220521568,-2.129721220521568,-76.72121331396947,290.8814922624434
median,spherical,EG,31.215821349560343,-29.489314814606644,29.489314814606644,31.215821349560343,62.63452929531751
median,spherical,ES,-2.725042368311364,-40.45396017651367,40.45396017651367,-2.7250423683113634,81.48490554964177
median,spherical,ET,37.29122461294307,-8.336216849275125,8.336216849275125,37.29122461294306,173.07451484859328
median,spherical,FI,23.877040831180466,-60.33113666580694,60.33113666580694,23.87704083118049,60.66560056621446
median,spherical,FJ,177.434420606502,19.304076222865014,-19.304076222865014,177.434420606502,167.95490431380307
median,spherical,FR,2.747681756210824,-49.06722406298733,49.06722406298733,2.74768175621083,37.56381035148216
median,spherical,GB,-0.2436307923037191,-52.12575301395805,52.12575301395805,-0.2436307923036994,69.89469339135626
median,spherical,GH,-1.296275472663325,-8.371730511128648,8.371730511128648,-1.2962754726633343,335.3400242714076
median,spherical,GR,23.083498857512495,-37.26818816026773,37.26818816026773,23.083498857512502,98.0468174188156
median,spherical,GT,-87.24051429139621,-13.480702390054748,13.480702390054748,-87.2405142913962,376.7615984336471
median,spherical,HU,18.82092555568724,-47.583643549413964,47.583643549413964,18.82092555568723,21.556904147298514
median,spherical,IE,-4.742675903086337,-53.40889662564499,53.40889662564499,-4.742675903086341,100.38873752466762
median,spherical,IN,77.21173676316386,-27.48166777246929,27.48166777246929,77.21173676316384,124.36095175658052
median,spherical,IQ,43.55336339099276,-32.86297742903519,32.86297742903519,43.55336339099275,94.45447457302578
median,spherical,IR,50.8718960652148,-34.15000335749058,34.15000335749058,50.87189606521483,176.72624098631613
median,spherical,IS,-18.72207598844264,-63.55098906988382,63.55098906988382,-18.72207598844264,171.61386844828644
median,spherical,IT,12.998131526345105,-42.09811867554909,42.09811867554909,12.998131526345118,48.16242896054679
median,spherical,JO,36.15106194422333,-31.141184475910638,31.141184475910638,36.151061944223315,92.52818907580006
median,spherical,JP,138.94330887331267,-35.97552291160796,35.97552291160796,138.94330887331267,79.44300225991798
median,spherical,KE,34.58395762019171,0.7488372594043449,-0.7488372594043449,34.583957620191725,254.98093527204801
median,spherical,KH,106.59136339631397,-14.016244516240457,14.016244516240457,106.59136339631395,328.8390634755349
median,spherical,KR,126.95515447642606,-36.893568852752196,36.893568852752196,126.95515447642609,75.12109814673953
median,spherical,KW,48.21546938850673,-28.19839204423968,28.19839204423968,48.215469388506705,132.52675137271828
median,spherical,LA,105.75860286897728,-19.66203645328086,19.66203645328086,105.75860286897726,382.16656621542415
median,spherical,LB,34.33837445400928,-32.8533773426852,32.8533773426852,34.338374454009305,157.06963245572686
median,spherical,MA,-6.652161410333804,-34.35680804370795,34.35680804370795,-6.652161410333797,40.57012142264139
median,spherical,MG,45.134582519141645,19.381146308057428,-19.381146308057428,45.13458251914164,255.3335440880031
median,spherical,MN,108.79507261414221,-45.789199120060125,45.789199120060125,108.7950726141422,276.58612329732256
median,spherical,MR,-13.740967538914703,-19.695830838826055,19.695830838826055,-13.740967538914706,295.427583497305
median,spherical,MX,-98.18674695557891,-19.995391530076706,19.995391530076706,-98.18674695557891,116.45977022939014
median,spherical,MY,101.9388166165241,-3.4675581077378026,3.4675581077378026,101.9388166165241,42.654474952184685
median,spherical,MZ,31.66341246417099,23.782572250785865,-23.782572250785865,31.663412464170992,258.741906192975
median,spherical,NA,17.7096300212462,22.29821916977724,-22.29821916977724,17.709630021246173,71.09200724977514
median,spherical,NG,6.7285984510982075,-9.510645783901627,9.510645783901627,6.728598451098202,99.98729575100715
median,spherical,NL,5.05293759128628,-52.4869364599736,52.4869364599736,5.052937591286289,17.700358509247273
median,spherical,NO,10.132802162185357,-59.46080896325061,59.46080896325061,10.132802162185374,61.51086290959476
median,spherical,NP,86.03807913019978,-27.994298878129378,27.994298878129378,86.03807913019976,77.44008086501654
median,spherical,NZ,173.9089324282936,39.70067177615489,-39.70067177615489,173.90893242829358,192.58706652565226
median,spherical,OM,57.15138459942776,-22.87227393621549,22.87227393621549,57.15138459942777,168.79943753290303
median,spherical,PA,-77.55607508986292,-7.275952900154132,7.275952900154132,-77.5560750898629,287.9771736924172
median,spherical,PE,-76.5673135864082,11.356390974606132,-11.356390974606132,-76.56731358640822,93.09330675590546
median,spherical,PG,148.58963019103066,8.331182648159862,-8.331182648159862,148.5896301910307,198.60303437656677
median,spherical,PH,120.32001449981038,-15.066356489261146,15.066356489261146,120.32001449981038,87.49750851339164
median,spherical,PK,71.50019780850238,-30.634161733639075,30.634161733639075,71.50019780850238,375.3622231157514
median,spherical,PL,20.10983228139216,-52.06585238239906,52.06585238239906,20.10983228139215,64.02584096717939
median,spherical,PT,-8.027960508162579,-38.31819140685037,38.31819140685037,-8.027960508162563,107.31698825963873
median,spherical,QA,52.08917006250954,-25.752583645503076,25.752583645503076,52.089170062509545,76.16017195171506
median,spherical,RO,24.95655391972784,-44.55431935474857,44.55431935474857,24.95655391972783,91.49723714705812
median,spherical,RS,19.554062716523674,-45.2873855968494,45.2873855968494,19.55406271652366,88.46515517776402
median,spherical,RU,38.29080547697137,-55.33895636147087,55.33895636147087,38.290805476971364,62.81661544708857
median,spherical,RW,28.277960632854047,1.782089994135783,-1.782089994135783,28.27796063285404,198.78768923121655
median,spherical,SA,46.2376728880042,-24.482792411875693,24.482792411875693,46.23767288800422,56.775149999070514
median,spherical,SB,162.2086762116095,10.081036126395043,-10.081036126395043,162.20867621160946,257.66276747238646
median,spherical,SE,16.559658001222118,-58.876849767648054,58.876849767648054,16.559658001222104,102.3857780401092
median,spherical,SG,103.75742746131885,-2.223032118645805,2.223032118645805,103.75742746131883,103.75017918755373
median,spherical,SN,-17.538145920207626,-16.303000862367625,16.303000862367625,-17.538145920207633,176.3984606487053
median,spherical,TH,101.79926248707812,-14.684905313704856,14.684905313704856,101.79926248707814,173.01199969295044
median,spherical,TN,9.534377753774208,-36.821129821206064,36.821129821206064,9.534377753774214,57.48300288547004
median,spherical,TO,-176.20434264133505,21.276853630717856,-21.276853630717856,-176.20434264133505,103.1361890641874
median,spherical,TR,31.984009100384554,-39.7527223246874,39.7527223246874,31.98400910038454,77.52346919426685
median,spherical,TZ,34.46293424707599,5.612102219058525,-5.612102219058525,34.46293424707599,155.8841424063204
median,spherical,UA,28.922957396541733,-49.78002191380711,49.78002191380711,28.922957396541737,134.88274564020426
median,spherical,UG,29.39196857392318,-1.1156237613079465,1.1156237613079465,29.391968573923183,365.52266023170137
median,spherical,US,-76.99267263856329,-39.31192985337686,39.31192985337686,-76.99267263856329,45.666823328608025
median,spherical,UY,-56.877174902269985,32.39232029258208,-32.39232029258208,-56.877174902269964,281.60871925241787
median,spherical,UZ,70.08485108913811,-40.78243453664898,40.78243453664898,70.08485108913813,88.87365442984003
median,spherical,VN,107.21127452882536,-20.99991113577041,20.99991113577041,107.21127452882536,141.55136234797718
median,spherical,VU,169.94588524243545,17.492787572073343,-17.492787572073343,169.94588524243542,174.73024572076048
median,spherical,WS,-173.44929775420528,12.505422842483899,-12.505422842483899,-173.44929775420528,237.43257282791902
median,spherical,ZA,27.328226504383707,26.98890132190834,-26.98890132190834,27.328226504383704,168.55510814969983
median,spherical,ZM,26.257847131842198,13.866154075215546,-13.866154075215546,26.2578471318422,277.56018863002583
median,spherical,ZW,28.50175583580082,17.87936511436589,-17.87936511436589,28.501755835800815,269.040668584732
median,classical,AE,48.83206318553218,-38.75775691545995,,,
median,classical,AO,7.556549334744275,-31.414938761003576,,,
median,classical,AR,-40.090675055912286,23.300445171612743,,,
median,classical,AT,17.341604134501473,-43.27855463791228,,,
median,classical,AU,67.41657364398243,57.028290294038385,,,
median,classical,BD,79.23484680981666,-24.60133545177173,,,
median,classical,BE,12.214997892789315,-41.44372076026062,,,
median,classical,BF,-4.618373463091498,-51.0158694925773,,,
median,classical,BH,45.66937076505478,-39.258197552748356,,,
median,classical,BO,-48.1147679223528,17.9691564862877,,,
median,classical,BR,-40.38927940648327,1.5726293321561151,,,
median,classical,BW,18.391853171519344,-21.311655809097505,,,
median,classical,CA,-9.970434067567883,-0.29541873044968625,,,
median,classical,CD,8.704525870381277,-37.96141715217908,,,
median,classical,CH,12.835211682811117,-43.48140259363384,,,
median,classical,CI,-11.095802346434201,-48.606864392247196,,,
median,classical,CL,-39.73786680409833,33.295507614889644,,,
median,classical,CM,4.245309937412536,-44.412351776997895,,,
median,classical,CN,77.39814112420132,-11.034064274997746,,,
median,classical,CO,-42.83132155074429,12.363127008375415,,,
median,classical,CR,-35.97961873692978,23.83968095690821,,,
median,classical,CU,-29.462640729923915,9.5136964098159,,,
median,classical,CZ,17.147450334250927,-41.773516091352846,,,
median,classical,DE,17.56055350258638,-40.40719257642046,,,
median,classical,DJ,35.7549978029076,-40.72508547737484,,,
median,classical,DK,17.93850065719866,-38.1771246982371,,,
median,classical,DZ,5.091251487035493,-47.30737169532058,,,
median,classical,EC,-46.85818309903492,21.6003850023668,,,
median,classical,EG,26.618113296125813,-45.53218809076145,,,
median,classical,ES,3.0796360622003007,-48.10381467142954,,,
median,classical,ET,31.88384088521933,-39.917632561635735,,,
median,classical,FI,24.619047469700202,-34.42252685575776,,,
median,classical,FJ,56.53409221273483,81.2922529023351,,,
median,classical,FR,10.440255404015714,-42.640391150119015,,,
median,classical,GB,10.174200594914524,-39.83503039081017,,,
median,classical,GH,-6.885889136662566,-50.92273981259422,,,
median,classical,GR,19.995112478919463,-44.743221743952944,,,
median,classical,GT,-30.05874415339216,23.519665910060993,,,
median,classical,HU,19.363532152468295,-42.702696741131625,,,
median,classical,IE,9.002475705018625,-38.93791873609766,,,
median,classical,IN,67.51259756458892,-30.20823392542258,,,
median,classical,IQ,37.22721211139966,-41.03031970348165,,,
median,classical,IR,43.86151009410869,-38.283349095240624,,,
median,classical,IS,10.089948503793282,-30.146790518481858,,,
median,classical,IT,14.560480560764555,-45.075380691468396,,,
median,classical,JO,31.223618996105184,-44.164351744888876,,,
median,classical,JP,73.13397736252658,7.494434688866065,,,
median,classical,KE,28.53311095734258,-38.71923946815567,,,
median,classical,KH,90.52490282572677,-12.868355285934934,,,
median,classical,KR,77.90537336246018,-3.2084504301297656,,,
median,classical,KW,42.100668391577955,-38.41652185509733,,,
median,classical,LA,90.7282569954686,-16.531250512260836,,,
median,classical,LB,28.513767238158668,-44.67289189247547,,,
median,classical,MA,-2.5598629057619355,-50.12738343542438,,,
median,classical,MG,38.4622011161577,-25.532117225004605,,,
median,classical,MN,72.32467217150354,-16.030433817271614,,,
median,classical,MR,-14.15622544881121,-51.180341095915125,,,
median,classical,MX,-20.430050425215594,29.476394752252475,,,
median,classical,MY,91.39694667241925,-13.411150998870196,,,
median,classical,MZ,24.887046652552172,-24.043086473529634,,,
median,classical,NA,12.719789749747527,-20.317821075326165,,,
median,classical,NG,1.3427409855847614,-46.54169196879147,,,
median,classical,NL,13.03532588777945,-40.83652381924999,,,
median,classical,NO,17.89997038024916,-35.017694542541896,,,
median,classical,NP,75.54653730475248,-28.84858199215074,,,
median,classical,NZ,53.50004913039462,85.01913558008813,,,
median,classical,OM,51.977396206036,-38.79845822549461,,,
median,classical,PA,-39.27531333693463,19.0597661631419,,,
median,classical,PE,-46.62324745956826,27.7626728939914,,,
median,classical,PG,80.22203687950395,45.17157636135202,,,
median,classical,PH,92.35444329096981,-2.0867248785516708,,,
median,classical,PK,62.87973509550075,-35.19434129012444,,,
median,classical,PL,20.844791758512983,-40.008424080940856,,,
median,classical,PT,-1.1495109602950109,-48.3987184901291,,,
median,classical,QA,46.29242427980328,-38.54559848452915,,,
median,classical,RO,22.268665483679463,-42.763309795021016,,,
median,classical,RS,18.9786917552666,-43.51813990891753,,,
median,classical,RU,32.296729904173304,-35.900924770266855,,,
median,classical,RW,22.074754671244605,-38.65102388274714,,,
median,classical,SA,40.44078641329435,-40.394685509646806,,,
median,classical,SB,70.70639187049099,62.73301822801052,,,
median,classical,SE,20.4047503961368,-36.13129387180585,,,
median,classical,SG,91.95425018534426,-11.131955622502549,,,
median,classical,SN,-19.080432664538595,-48.20008482382539,,,
median,classical,TH,88.61170661692297,-17.071793427161644,,,
median,classical,TN,9.199006900533787,-46.2577842001275,,,
median,classical,TO,49.97719682040629,88.47043465990649,,,
median,classical,TR,27.385210338169347,-43.116070514036664,,,
median,classical,TZ,28.408027511704496,-33.90356065852112,,,
median,classical,UA,25.65437244447133,-40.64174054380044,,,
median,classical,UG,23.71489396059007,-40.41125488533018,,,
median,classical,US,-14.229260122420616,2.111894136736254,,,
median,classical,UY,-43.301992521362266,20.207707134923616,,,
median,classical,UZ,57.09134044970577,-33.65164184798888,,,
median,classical,VN,89.87036806022779,-15.431411847231537,,,
median,classical,VU,64.00936083205518,72.86743904932986,,,
median,classical,WS,47.108983982230924,82.29706990725242,,,
median,classical,ZA,20.89726502329422,-15.865834177263508,,,
median,classical,ZM,19.406175397277114,-29.300002592323263,,,
median,classical,ZW,21.906579176782916,-24.595556154964218,,,
median,metric,AE,44.97484275569572,-35.58288410919096,,,
median,metric,AO,8.940165572374411,-53.5628327488876,,,
median,metric,AR,-41.81364707910842,-10.0283727094203,,,
median,metric,AT,19.231833251472487,-24.42717446667309,,,
median,metric,AU,72.80847745009503,39.72901328733872,,,
median,metric,BD,66.05363113250435,-21.616049295421824,,,
median,metric,BE,14.017533773946221,-21.266612892224593,,,
median,metric,BF,1.387847081882196,-42.948049837811624,,,
median,metric,BH,42.37766435461477,-35.40991122215172,,,
median,metric,BO,-38.59426806350886,-3.233659345595303,,,
median,metric,BR,-33.60411977373042,-18.48539441414465,,,
median,metric,BW,18.41924521106248,-62.8569061839707,,,
median,metric,CA,-6.258375985497249,11.548856436542923,,,
median,metric,CD,11.79661327179267,-53.195856798295885,,,
median,metric,CH,14.863948790810348,-24.257156593627442,,,
median,metric,CI,-3.7290182591212933,-43.91584308257647,,,
median,metric,CL,-42.92627096185478,1.2724033508201202,,,
median,metric,CM,8.82809140458923,-48.39056302010948,,,
median,metric,CN,65.53848096921836,-1.495451354203741,,,
median,metric,CO,-30.486052091734013,6.5739073527606955,,,
median,metric,CR,-26.065462329735826,18.239051469692242,,,
median,metric,CU,-20.423379812834018,13.543263750235784,,,
median,metric,CZ,18.58901683938666,-22.72724635210266,,,
median,metric,DE,18.548907507810046,-20.964043554760178,,,
median,metric,DJ,36.893275857054896,-45.67930653638558,,,
median,metric,DK,18.677386743934186,-18.516796836412,,,
median,metric,DZ,9.363970534039131,-30.36356525136661,,,
median,metric,EC,-33.310818382903065,11.828138724447108,,,
median,metric,EG,28.58815044487695,-35.92796379609611,,,
median,metric,ES,7.019221173242894,-27.174889270005337,,,
median,metric,ET,33.780003290560344,-46.931512168043696,,,
median,metric,FI,24.29556364633437,-15.289460846085172,,,
median,metric,FJ,53.73484658960342,58.71171005793846,,,
median,metric,FR,12.521383111033304,-22.402736884076276,,,
median,metric,GB,12.009044792135708,-19.746579925350865,,,
median,metric,GH,0.07761775970988793,-45.34176872726616,,,
median,metric,GR,22.84318113441,-31.009250820878286,,,
median,metric,GT,-22.94150332822291,22.03002229234683,,,
median,metric,HU,20.813362894202324,-24.428134886227518,,,
median,metric,IE,10.420560165787885,-18.132332008142427,,,
median,metric,IN,57.53111474543691,-26.461748496688898,,,
median,metric,IQ,36.65617085318062,-32.15201836277832,,,
median,metric,IR,40.79400351749808,-30.261449884569117,,,
median,metric,IS,10.688968178320028,-7.98960969261209,,,
median,metric,IT,16.68972547337974,-28.069870887801237,,,
median,metric,JO,32.0142434756966,-34.40663968897924,,,
median,metric,JP,66.44112671663811,12.356931466367495,,,
median,metric,KE,31.380942400595895,-52.599357580019024,,,
median,metric,KH,75.23291642261165,-12.498976921201466,,,
median,metric,KR,67.3419669743548,4.744405964031319,,,
median,metric,KW,40.18259358588255,-33.87189397998124,,,
median,metric,LA,72.89885819230435,-12.401281192805655,,,
median,metric,LB,30.846348999841464,-33.42370133139903,,,
median,metric,MA,2.8963457717445174,-30.127717814343633,,,
median,metric,MG,41.33979622929782,-60.04476064718848,,,
median,metric,MN,60.439278879238486,-4.474686748284766,,,
median,metric,MR,-6.138683137496539,-36.37054712867827,,,
median,metric,MX,-16.56961665071444,29.54570143027678,,,
median,metric,MY,77.69062538113218,-18.070021917590452,,,
median,metric,MZ,26.84245461434774,-64.17143044274707,,,
median,metric,NA,11.87845517170753,-60.62057599824442,,,
median,metric,NG,6.622901698392084,-44.965115469311954,,,
median,metric,NL,14.544279444136867,-20.20105255470083,,,
median,metric,NO,18.569087712273934,-15.293617028310766,,,
median,metric,NP,61.92712519397398,-23.051111718639632,,,
median,metric,NZ,56.58482328104073,59.89090291298717,,,
median,metric,OM,47.056934514246784,-35.675617868501305,,,
median,metric,PA,-27.431381953175833,13.753298396504334,,,
median,metric,PE,-37.15012465777039,10.22303016129138,,,
median,metric,PG,76.8757808590822,30.833487925735056,,,
median,metric,PH,77.75855845247278,-1.3511426719838724,,,
median,metric,PK,53.71916359571979,-27.50617115746469,,,
median,metric,PL,21.90899801529441,-21.327502114225048,,,
median,metric,PT,3.587545941620675,-26.91109678998894,,,
median,metric,QA,43.237725135043185,-35.0149102295023,,,
median,metric,RO,24.272965915881006,-26.443182401716022,,,
median,metric,RS,21.063013591089113,-26.140213654958064,,,
median,metric,RU,30.678159049876886,-18.661917969286144,,,
median,metric,RW,25.304999288541076,-53.22957259840074,,,
median,metric,SA,39.666163244373124,-36.61549535837967,,,
median,metric,SB,67.7110691393864,44.086860763750536,,,
median,metric,SE,21.111066468649256,-16.186891253805538,,,
median,metric,SG,78.59022334792938,-16.178961269214586,,,
median,metric,SN,-9.546812537817072,-36.56435744980073,,,
median,metric,TH,73.4063476369171,-15.933862853877057,,,
median,metric,TN,13.7214965797253,-30.682152355138385,,,
median,metric,TO,47.11476868411341,63.18026081451599,,,
median,metric,TR,28.61554644350288,-29.29359463025712,,,
median,metric,TZ,30.684485178565627,-54.4535032575788,,,
median,metric,UA,26.452094466816796,-22.85152157835735,,,
median,metric,UG,26.39601340395609,-51.71663001009534,,,
median,metric,US,-9.817861142181759,12.754733306308179,,,
median,metric,UY,-41.86938633977188,-12.960579605106044,,,
median,metric,UZ,49.99554487605215,-23.180572619413457,,,
median,metric,VN,72.5899269684489,-10.748833337943031,,,
median,metric,VU,63.05417793695746,52.64388430855779,,,
median,metric,WS,43.28305048188024,61.370396503049264,,,
median,metric,ZA,21.316185661765665,-64.06148173531847,,,
median,metric,ZM,22.227151590353085,-58.47915805062468,,,
median,metric,ZW,23.941261601709638,-60.09376143018106,,,
median,nonmetric,AE,45.21466708045651,-38.38251230317078,,,
median,nonmetric,AO,6.293159580744167,-52.84448284473419,,,
median,nonmetric,AR,-41.508610116422304,-6.307265300450291,,,
median,nonmetric,AT,21.531245034725757,-24.742828169800983,,,
median,nonmetric,AU,64.36167480237592,42.230898275708505,,,
median,nonmetric,BD,64.91393325346014,-21.65775531112771,,,
median,nonmetric,BE,16.180504203546924,-20.85580452153216,,,
median,nonmetric,BF,1.1999939262216728,-40.34844205723343,,,
median,nonmetric,BH,42.84139597793697,-38.37486815886194,,,
median,nonmetric,BO,-37.25913192962534,0.4858874731663292,,,
median,nonmetric,BR,-32.8206066408777,-14.970685172924025,,,
median,nonmetric,BW,13.275709929317417,-63.558124948848054,,,
median,nonmetric,CA,-8.288655753141864,11.972338034972147,,,
median,nonmetric,CD,9.688955366266724,-52.408050249311366,,,
median,nonmetric,CH,16.72508695234645,-23.84115663138823,,,
median,nonmetric,CI,-4.297031535240183,-40.627401402932065,,,
median,nonmetric,CL,-41.31921586857119,6.017529045521798,,,
median,nonmetric,CM,7.456941855043983,-47.332419303442485,,,
median,nonmetric,CN,66.38654552582277,-1.8362490436033063,,,
median,nonmetric,CO,-28.997981046028126,9.563124784459184,,,
median,nonmetric,CR,-24.834704611610203,20.98580757851049,,,
median,nonmetric,CU,-19.856217090930368,16.16031866291646,,,
median,nonmetric,CZ,21.045373977934855,-23.17371008963785,,,
median,nonmetric,DE,21.09751267741335,-21.54941454954874,,,
median,nonmetric,DJ,36.19701066758883,-47.68884711988136,,,
median,nonmetric,DK,21.33482491425688,-19.065709689538636,,,
median,nonmetric,DZ,10.503389341439267,-29.478059659385067,,,
median,nonmetric,EC,-31.03054110968564,15.424623147183944,,,
median,nonmetric,EG,29.798225913371883,-37.42373851048666,,,
median,nonmetric,ES,8.718157091470522,-25.17815954995691,,,
median,nonmetric,ET,33.19016225399252,-48.75310457371327,,,
median,nonmetric,FI,27.108796335136834,-16.8414983220679,,,
median,nonmetric,FJ,51.90469859314548,53.650074038276315,,,
median,nonmetric,FR,14.46184421267879,-21.66159263577202,,,
median,nonmetric,GB,13.997649069659845,-18.93198167890461,,,
median,nonmetric,GH,-0.7466670002072249,-42.163187507147725,,,
median,nonmetric,GR,24.491256307894666,-31.780419563209378,,,
median,nonmetric,GT,-22.368914195119476,24.79118503188259,,,
median,nonmetric,HU,23.136036678767937,-25.075071626995566,,,
median,nonmetric,IE,12.463646144737472,-17.136798536035858,,,
median,nonmetric,IN,57.04343951879811,-28.600943802661938,,,
median,nonmetric,IQ,37.911795239919286,-34.86543077450415,,,
median,nonmetric,IR,41.80933099978259,-33.45580026854664,,,
median,nonmetric,IS,12.467831312218086,-7.074959191678909,,,
median,nonmetric,IT,18.615791849933274,-28.170234908133693,,,
median,nonmetric,JO,33.507187682759685,-36.40908658198752,,,
median,nonmetric,JP,68.98164167086581,12.66027895003603,,,
median,nonmetric,KE,29.656251639979132,-53.99698885357726,,,
median,nonmetric,KH,74.17105680434885,-10.415946830104971,,,
median,nonmetric,KR,68.75402104718603,4.93557091389993,,,
median,nonmetric,KW,41.17598541390423,-37.1641412294691,,,
median,nonmetric,LA,71.77222992741302,-10.515924184334347,,,
median,nonmetric,LB,32.24495646463032,-35.25204855915918,,,
median,nonmetric,MA,4.153811402918105,-27.63939839731251,,,
median,nonmetric,MG,37.67048483565726,-62.99149265561137,,,
median,nonmetric,MN,61.29147888526765,-5.623795279646675,,,
median,nonmetric,MR,-5.679522042478439,-32.55734348167862,,,
median,nonmetric,MX,-17.277160762191816,30.798876154977563,,,
median,nonmetric,MY,76.69806590841804,-15.588118370243418,,,
median,nonmetric,MZ,21.29164152597881,-65.74978171526962,,,
median,nonmetric,NA,6.7544842825260645,-60.532971591689055,,,
median,nonmetric,NG,5.757723354044078,-42.80595531568423,,,
median,nonmetric,NL,16.51007679916173,-19.967572555218815,,,
median,nonmetric,NO,20.75146876840575,-15.894394479152364,,,
median,nonmetric,NP,60.785654862202975,-23.88452590625045,,,
median,nonmetric,NZ,49.6360323090251,56.162594461706604,,,
median,nonmetric,OM,46.97007456660891,-38.06381603706146,,,
median,nonmetric,PA,-26.123626566508403,16.220652871957306,,,
median,nonmetric,PE,-34.74006655877366,14.585515329431715,,,
median,nonmetric,PG,74.46730974837695,32.99181812133715,,,
median,nonmetric,PH,76.95647705336398,1.6758841332101646,,,
median,nonmetric,PK,53.27691024171332,-29.47916024278879,,,
median,nonmetric,PL,24.231393387577853,-22.443758114651484,,,
median,nonmetric,PT,5.044308447096089,-24.541582052178903,,,
median,nonmetric,QA,43.8369195480026,-38.28925246154543,,,
median,nonmetric,RO,26.572461071063916,-27.914904687650996,,,
median,nonmetric,RS,23.13291070966202,-26.996536404521226,,,
median,nonmetric,RU,33.30322835356085,-21.43488952447556,,,
median,nonmetric,RW,24.172303963605906,-54.123141246104375,,,
median,nonmetric,SA,40.23922779557862,-39.18716539057059,,,
median,nonmetric,SB,68.2635127388805,41.86962568846386,,,
median,nonmetric,SE,23.63849267572952,-17.49345659997387,,,
median,nonmetric,SG,77.60626524253802,-12.96813054899754,,,
median,nonmetric,SN,-8.963320083474056,-32.21072593840756,,,
median,nonmetric,TH,72.45568523657843,-14.75736327065007,,,
median,nonmetric,TN,14.942596456043958,-30.29522116489212,,,
median,nonmetric,TO,44.73551218208199,56.49685713552407,,,
median,nonmetric,TR,30.309877604186276,-31.081693245774723,,,
median,nonmetric,TZ,28.44332648998477,-55.94469376164504,,,
median,nonmetric,UA,28.783176339740677,-24.61728544422734,,,
median,nonmetric,UG,25.510250448833343,-52.704860485180994,,,
median,nonmetric,US,-10.92789263895786,13.999493891538599,,,
median,nonmetric,UY,-41.46763120067453,-9.114406729474913,,,
median,nonmetric,UZ,50.62401229030951,-26.547547263501286,,,
median,nonmetric,VN,71.58306550264244,-8.916955043596793,,,
median,nonmetric,VU,60.81999160598741,49.10336927020249,,,
median,nonmetric,WS,41.85565168657618,55.766750094090426,,,
median,nonmetric,ZA,14.917358618848954,-65.52637072407292,,,
median,nonmetric,ZM,18.990191199697502,-59.44369243543761,,,
median,nonmetric,ZW,20.005821372547935,-61.54418530803482,,,
trimmed_mean,spherical,AE,54.28624517636598,-24.02063450128239,24.02063450128239,54.286245176365995,50.26305387260479
trimmed_mean,spherical,AO,12.514282296780209,8.88301445003831,-8.88301445003831,12.514282296780214,79.07779208970462
trimmed_mean,spherical,AR,-58.24441392167515,34.264344939045785,-34.264344939045785,-58.244413921675154,39.998540048683424
trimmed_mean,spherical,AT,15.959930687630731,-47.67057931188592,47.67057931188592,15.95993068763075,66.33593164342729
trimmed_mean,spherical,AU,146.53515857079555,36.987688563202326,-36.987688563202326,146.53515857079555,300.29391371085353
trimmed_mean,spherical,BD,90.95963323383432,-22.982021778056712,22.982021778056712,90.95963323383434,100.06163822073826
trimmed_mean,spherical,BE,4.7726195087669225,-50.940728860444345,50.940728860444345,4.772619508766927,33.09899238110711
trimmed_mean,spherical,BF,-0.8370944239240714,-13.268522010793362,13.268522010793362,-0.8370944239240662,124.58674883733312
trimmed_mean,spherical,BH,50.79551427280035,-25.561331406006357,25.561331406006357,50.795514272800325,77.98644169924545
trimmed_mean,spherical,BO,-63.76559457563111,18.15222786776736,-18.15222786776736,-63.76559457563111,185.88637787233137
trimmed_mean,spherical,BR,-47.01134586617201,16.55190515977512,-16.55190515977512,-47.011345866171986,129.29092980207074
trimmed_mean,spherical,BW,24.27784605831377,23.700250757594876,-23.700250757594876,24.27784605831378,196.32914592659066
trimmed_mean,spherical,CA,-75.36726016698056,-44.853403137954444,44.853403137954444,-75.36726016698056,68.11464035709865
trimmed_mean,spherical,CD,14.429843916649872,4.173373421743648,-4.173373421743648,14.429843916649858,99.42890817187728
trimmed_mean,spherical,CH,8.105154954658332,-47.064661430749226,47.064661430749226,8.105154954658337,51.12477113400337
trimmed_mean,spherical,CI,-6.227992868790977,-8.109505118149153,8.109505118149153,-6.227992868790983,177.8735239179051
trimmed_mean,spherical,CL,-69.54010972490182,33.917703520030145,-33.917703520030145,-69.54010972490182,116.7779494437824
trimmed_mean,spherical,CM,10.058275155000416,-4.473782158015842,4.473782158015842,10.058275155000423,174.9736250621309
trimmed_mean,spherical,CN,116.60596134476674,-39.15507874534838,39.15507874534838,116.60596134476674,88.29225693713866
trimmed_mean,spherical,CO,-70.51564758027114,-3.0924392755924113,3.0924392755924113,-70.51564758027114,429.96855672028244
trimmed_mean,spherical,CR,-82.78239254534832,-8.511483501777121,8.511483501777121,-82.78239254534832,213.5293406957723
trimmed_mean,spherical,CU,-76.73887996625103,-20.774620501305126,20.774620501305126,-76.73887996625105,636.8014902302962
trimmed_mean,spherical,CZ,14.270861592561971,-49.89785960706132,49.89785960706132,14.27086159256196,25.00053959388039
trimmed_mean,spherical,DE,13.499967615172352,-52.288478616482344,52.288478616482344,13.499967615172343,27.03403217911733
trimmed_mean,spherical,DJ,40.8878465608785,-10.86502919378816,10.86502919378816,40.887846560878494,259.5242011192307
trimmed_mean,spherical,DK,12.459405691320342,-55.462049106815286,55.462049106815286,12.45940569132034,25.12605023857726
trimmed_mean,spherical,DZ,2.8986489741951686,-36.24619927468351,36.24619927468351,2.898648974195151,59.22579029543857
trimmed_mean,spherical,EC,-76.67453980553425,2.2040255295634266,-2.2040255295634266,-76.67453980553427,300.4694587560737
trimmed_mean,spherical,EG,31.20998989758948,-29.52940775685893,29.52940775685893,31.209989897589484,58.215036759218435
trimmed_mean,spherical,ES,-2.7791845715471766,-40.47878058667449,40.47878058667449,-2.7791845715471855,77.15682904399439
trimmed_mean,spherical,ET,37.33843501046391,-8.375710376665433,8.375710376665433,37.338435010463925,166.46636870117675
trimmed_mean,spherical,FI,23.974446100395483,-60.318960428225914,60.318960428225914,23.974446100395507,55.13801263713717
trimmed_mean,spherical,FJ,177.4868992826914,19.374782954927234,-19.374782954927234,177.48689928269138,170.7981276263635
trimmed_mean,spherical,FR,2.7553915956879393,-49.04335081275239,49.04335081275239,2.755391595687933,36.54903893031746
trimmed_mean,spherical,GB,-0.16163913502609262,-52.02105405919263,52.02105405919263,-0.1616391350260777,57.79852547036262
trimmed_mean,spherical,GH,-1.3555430131171136,-8.360658790898128,8.360658790898128,-1.3555430131171264,336.5730821432323
trimmed_mean,spherical,GR,23.098503242442348,-37.28465986677953,37.28465986677953,23.098503242442373,95.78480571909283
trimmed_mean,spherical,GT,-87.26073048136973,-13.521339634116872,13.521339634116872,-87.26073048136973,373.17266805794185
trimmed_mean,spherical,HU,18.91816948279606,-47.590541457400846,47.590541457400846,18.91816948279604,15.719043551785122
trimmed_mean,spherical,IE,-4.894207064057753,-53.326019802025804,53.326019802025804,-4.894207064057757,90.09285599636884
trimmed_mean,spherical,IN,77.22874190761064,-27.494051961866244,27.494051961866244,77.22874190761063,123.01092417674995
trimmed_mean,spherical,IQ,43.555418876463904,-32.87485865090821,32.87485865090821,43.55541887646391,93.55413234040705
trimmed_mean,spherical,IR,50.94019976407532,-34.18662051204744,34.18662051204744,50.94019976407534,171.11876921747108
trimmed_mean,spherical,IS,-18.72882401608848,-63.562793592632225,63.562793592632225,-18.728824016088467,170.77291558507758
trimmed_mean,spherical,IT,13.019517458154894,-42.111481874606504,42.111481874606504,13.019517458154889,50.41476259674466
trimmed_mean,spherical,JO,36.16302481363036,-31.17507787662635,31.17507787662635,36.16302481363035,89.13153872606856
trimmed_mean,spherical,JP,138.92213474683126,-35.94483483335594,35.94483483335594,138.9221347468313,79.91936427589059
trimmed_mean,spherical,KE,34.53565595327433,0.754019136949579,-0.754019136949579,34.53565595327433,260.0764274880731
trimmed_mean,spherical,KH,106.57440933254571,-13.915988683911559,13.915988683911559,106.5744093325457,318.58794316045703
trimmed_mean,spherical,KR,126.9546229927596,-36.95215884832355,36.95215884832355,126.95462299275955,68.61770939952265
trimmed_mean,spherical,KW,48.17490849819808,-28.187597448310118,28.187597448310118,48.17490849819809,133.07673698108186
trimmed_mean,spherical,LA,105.80566117618764,-19.616248534435112,19.616248534435112,105.80566117618764,384.06586567837644
trimmed_mean,spherical,LB,34.3290998201158,-32.83989980840817,32.83989980840817,34.32909982011581,158.7541808300522
trimmed_mean,spherical,MA,-6.608493828913311,-34.31636341985383,34.31636341985383,-6.608493828913295,38.562695496609656
trimmed_mean,spherical,MG,45.15938016993181,19.35174738541937,-19.35174738541937,45.159380169931794,252.15493037727558
trimmed_mean,spherical,MN,108.85080923182636,-45.77450582411515,45.77450582411515,108.85080923182635,280.19874571475424
trimmed_mean,spherical,MR,-13.765791188906633,-19.716711903312085,19.716711903312085,-13.765791188906647,294.7646037329916
trimmed_mean,spherical,MX,-98.15008732153726,-19.967578328717686,19.967578328717686,-98.15008732153726,118.19533750543782
trimmed_mean,spherical,MY,101.95147928018139,-3.631597501575654,3.631597501575654,101.9514792801814,58.66657855705528
trimmed_mean,spherical,MZ,31.622768418067636,23.781264524679948,-23.781264524679948,31.62276841806762,260.3817172659235
trimmed_mean,spherical,NA,17.72577153452073,22.333306531321547,-22.333306531321547,17.725771534520742,71.05377949653744
trimmed_mean,spherical,NG,6.644129051693994,-9.46522160443807,9.46522160443807,6.644129051693986,106.13861634405443
trimmed_mean,spherical,NL,5.09174364807086,-52.47323939154652,52.47323939154652,5.091743648070875,18.06108564268005
trimmed_mean,spherical,NO,10.141752801059795,-59.43159800805635,59.43159800805635,10.141752801059804,63.964205337834684
trimmed_mean,spherical,NP,86.09753197033103,-27.940437954312873,27.940437954312873,86.097531970331,80.83375838418718
trimmed_mean,spherical,NZ,173.8978397960052,39.810740389905824,-39.810740389905824,173.89783979600523,181.70566764123595
trimmed_mean,spherical,OM,57.226463122003395,-22.887682893278914,22.887682893278914,57.2264631220034,161.27719179935158
trimmed_mean,spherical,PA,-77.65027810313622,-7.478779105206502,7.478779105206502,-77.65027810313622,265.54071829794293
trimmed_mean,spherical,PE,-76.49413394652885,11.398536310241708,-11.398536310241708,-76.49413394652885,94.19931578448292
trimmed_mean,spherical,PG,148.52335435960595,8.401113646105143,-8.401113646105143,148.52335435960592,188.03596250574677
trimmed_mean,spherical,PH,120.30705206333374,-15.218682789556008,15.218682789556008,120.30705206333374,99.35984554274057
trimmed_mean,spherical,PK,71.43503976711753,-30.577849946747556,30.577849946747556,71.43503976711752,383.64314945052735
trimmed_mean,spherical,PL,20.140770558091646,-52.06321544415077,52.06321544415077,20.140770558091653,62.132484921881925
trimmed_mean,spherical,PT,-8.015330856362198,-38.490873804797076,38.490873804797076,-8.015330856362196,101.69465060043129
trimmed_mean,spherical,QA,52.05918496408759,-25.698246578015333,25.698246578015333,52.05918496408761,69.89375032514945
trimmed_mean,spherical,RO,24.96754999606253,-44.50411230036191,44.50411230036191,24.967549996062534,90.02740407527551
trimmed_mean,spherical,RS,19.5056586700602,-45.262137685873626,45.262137685873626,19.505658670060196,90.02366422445428
trimmed_mean,spherical,RU,37.9923673314116,-55.23591276962322,55.23591276962322,37.9923673314116,62.365371793679
trimmed_mean,spherical,RW,28.262246462759066,1.7877356174204635,-1.7877356174204635,28.26224646275908,200.46793205661302
trimmed_mean,spherical,SA,46.198852639847075,-24.44008220806006,24.44008220806006,46.198852639847075,62.08738090494936
trimmed_mean,spherical,SB,162.20018083908735,10.20521139507614,-10.20521139507614,162.20018083908735,260.90661207986625
trimmed_mean,spherical,SE,16.61720828080317,-58.84359625889205,58.84359625889205,16.617208280803165,101.6349121585492
trimmed_mean,spherical,SG,103.96414961492138,-2.280115500038171,2.280115500038171,103.96414961492135,110.22580929540369
trimmed_mean,spherical,SN,-17.590664416102214,-16.203940758090138,16.203940758090138,-17.590664416102225,165.7176095822553
trimmed_mean,spherical,TH,101.88572213991017,-14.712610263402565,14.712610263402565,101.88572213991014,182.33657263545697
trimmed_mean,spherical,TN,9.606874740558567,-36.7888217123562,36.7888217123562,9.606874740558569,51.02723053914192
trimmed_mean,spherical,TO,-176.15956284637713,21.220105961704697,-21.220105961704697,-176.15956284637713,97.78104524938051
trimmed_mean,spherical,TR,31.975950744694757,-39.74831054139623,39.74831054139623,31.975950744694753,78.31615516358698
trimmed_mean,spherical,TZ,34.41291105323111,5.591617862330864,-5.591617862330864,34.41291105323111,161.86752377926666
trimmed_mean,spherical,UA,28.96468610352477,-49.82723452009129,49.82723452009129,28.964686103524787,129.52704749064222
trimmed_mean,spherical,UG,29.44261694686631,-1.1372499362296578,1.1372499362296578,29.442616946866302,360.66038684111396
trimmed_mean,spherical,US,-77.02393997885575,-39.29349675415087,39.29349675415087,-77.02393997885574,43.60217431811483
trimmed_mean,spherical,UY,-56.83283045383968,32.34541256914113,-32.34541256914113,-56.832830453839684,285.7834730896487
trimmed_mean,spherical,UZ,70.02279877095856,-40.831839127800016,40.831839127800016,70.02279877095856,81.3199179928889
trimmed_mean,spherical,VN,107.1632388209465,-20.906504925085002,20.906504925085002,107.1632388209465,137.3021040301515
trimmed_mean,spherical,VU,169.93989345552694,17.50591343664206,-17.50591343664206,169.93989345552694,173.87830351085626
trimmed_mean,spherical,WS,-173.47828643198247,12.558584676871845,-12.558584676871845,-173.47828643198247,236.25723813201827
trimmed_mean,spherical,ZA,27.339016029501067,26.962738378312196,-26.962738378312196,27.33901602950105,165.52616732608536
trimmed_mean,spherical,ZM,26.350371784290644,13.822894000294077,-13.822894000294077,26.350371784290626,272.93415681195887
trimmed_mean,spherical,ZW,28.5719365556904,17.893328325300523,-17.893328325300523,28.57193655569038,261.65152845337707
trimmed_mean,classical,AE,48.8006152749216,-38.85724851057486,,,
trimmed_mean,classical,AO,7.639170594327183,-31.46102990638892,,,
trimmed_mean,classical,AR,-39.68885567345504,23.578531523133172,,,
trimmed_mean,classical,AT,17.360215491340135,-43.28014398161824,,,
trimmed_mean,classical,AU,67.48165427137769,57.1583557181376,,,
trimmed_mean,classical,BD,79.0361322880383,-24.469443912703976,,,
trimmed_mean,classical,BE,12.232779130317464,-41.44864968609815,,,
trimmed_mean,classical,BF,-4.6519588279083415,-51.005646249542664,,,
trimmed_mean,classical,BH,45.56063766670241,-39.336268070997185,,,
trimmed_mean,classical,BO,-48.22758635877109,17.934824921995727,,,
trimmed_mean,classical,BR,-40.86922508040654,1.3082088807413932,,,
trimmed_mean,classical,BW,18.28310206421634,-21.21608479429267,,,
trimmed_mean,classical,CA,-9.981661130427401,-0.323418285335503,,,
trimmed_mean,classical,CD,8.60486779904698,-37.91995060803363,,,
trimmed_mean,classical,CH,12.804209729688079,-43.498001439754646,,,
trimmed_mean,classical,CI,-11.021147788493348,-48.237760653880216,,,
trimmed_mean,classical,CL,-39.726149196028004,33.43049659946005,,,
trimmed_mean,classical,CM,4.079417029275977,-44.414879153363486,,,
trimmed_mean,classical,CN,77.65992134617734,-11.16475894816342,,,
trimmed_mean,classical,CO,-42.99517805655792,12.219601008664583,,,
trimmed_mean,classical,CR,-35.810304156540695,23.816004243948285,,,
trimmed_mean,classical,CU,-29.396572731374906,9.741126531531464,,,
trimmed_mean,classical,CZ,17.185990052453533,-41.884711685198795,,,
trimmed_mean,classical,DE,17.62689620027098,-40.419957582984125,,,
trimmed_mean,classical,DJ,35.68287950435372,-40.75269909351756,,,
trimmed_mean,classical,DK,17.968535842396822,-38.26579883208069,,,
trimmed_mean,classical,DZ,4.997982856234529,-47.50533787990459,,,
trimmed_mean,classical,EC,-46.987100466093665,21.55870645830762,,,
trimmed_mean,classical,EG,26.60004385049868,-45.55213069177032,,,
trimmed_mean,classical,ES,3.0810177789107556,-47.87120517715281,,,
trimmed_mean,classical,ET,31.956796850389992,-39.96553354238472,,,
trimmed_mean,classical,FI,24.661179845649706,-34.32528233119919,,,
trimmed_mean,classical,FJ,56.38625477799546,81.22924140650854,,,
trimmed_mean,classical,FR,10.415520377795483,-42.743271837910825,,,
trimmed_mean,classical,GB,10.18360607715081,-39.95579155265722,,,
trimmed_mean,classical,GH,-6.962957449841593,-50.8227962181433,,,
trimmed_mean,classical,GR,20.046263290598507,-44.71383817332038,,,
trimmed_mean,classical,GT,-29.95272647404477,23.605189505042674,,,
trimmed_mean,classical,HU,19.47825423901949,-42.73370852378835,,,
trimmed_mean,classical,IE,8.865961932156555,-39.10270183991514,,,
trimmed_mean,classical,IN,67.48951362638793,-30.152417830286076,,,
trimmed_mean,classical,IQ,37.23601648296553,-40.912647270590895,,,
trimmed_mean,classical,IR,43.95372299720151,-38.21785006179303,,,
trimmed_mean,classical,IS,10.107925564512447,-30.187336587231606,,,
trimmed_mean,classical,IT,14.578550053591707,-45.05190459819883,,,
trimmed_mean,classical,JO,31.279534126200197,-44.25594315817177,,,
trimmed_mean,classical,JP,73.23185318751803,7.4664169756790635,,,
trimmed_mean,classical,KE,28.468472735322,-38.59410425706834,,,
trimmed_mean,classical,KH,90.59892454773805,-12.949248649972962,,,
trimmed_mean,classical,KR,77.85118334306344,-3.1731095159413325,,,
trimmed_mean,classical,KW,42.09045667563349,-38.51470944007736,,,
trimmed_mean,classical,LA,90.75551185693743,-16.503484560577576,,,
trimmed_mean,classical,LB,28.493881082232555,-44.59327053446725,,,
trimmed_mean,classical,MA,-2.5609508169259634,-50.17889774680312,,,
trimmed_mean,classical,MG,38.5677197239323,-25.74795707569242,,,
trimmed_mean,classical,MN,72.40290566846511,-16.083096599487646,,,
trimmed_mean,classical,MR,-14.123792765112949,-51.084752465493864,,,
trimmed_mean,classical,MX,-20.526627980813107,29.451854292246388,,,
trimmed_mean,classical,MY,91.24171119880548,-13.430439045079929,,,
trimmed_mean,classical,MZ,24.8295155709018,-24.00525579342364,,,
trimmed_mean,classical,NA,12.75715261310737,-20.177364479374955,,,
trimmed_mean,classical,NG,1.2679709968586508,-46.47782516725725,,,
trimmed_mean,classical,NL,13.030186972287943,-40.88791738040844,,,
trimmed_mean,classical,NO,17.895859554678403,-34.98107456332239,,,
trimmed_mean,classical,NP,75.87710904837326,-29.054819438756162,,,
trimmed_mean,classical,NZ,53.37815465232964,84.98936135665937,,,
trimmed_mean,classical,OM,52.13044578884683,-39.02130190511794,,,
trimmed_mean,classical,PA,-38.87016666079357,19.08295060340314,,,
trimmed_mean,classical,PE,-46.536165426021284,27.795479009230966,,,
trimmed_mean,classical,PG,80.24033821645506,45.123428355680915,,,
trimmed_mean,classical,PH,92.31008838843914,-2.1847613877017835,,,
trimmed_mean,classical,PK,62.88177786762573,-35.37607983851498,,,
trimmed_mean,classical,PL,20.871725439172522,-40.13583587890578,,,
trimmed_mean,classical,PT,-0.9723305541111955,-47.90356118725414,,,
trimmed_mean,classical,QA,46.29861521335266,-38.7264123629297,,,
trimmed_mean,classical,RO,22.281096810552746,-42.81398714495852,,,
trimmed_mean,classical,RS,18.950324775035003,-43.62542667141751,,,
trimmed_mean,classical,RU,32.01110354397517,-36.09478831502307,,,
trimmed_mean,classical,RW,22.049183843174045,-38.656005764684565,,,
trimmed_mean,classical,SA,40.37501024276334,-40.35248976914167,,,
trimmed_mean,classical,SB,70.63955284971759,62.77713124700506,,,
trimmed_mean,classical,SE,20.437091973662422,-36.20837340984687,,,
trimmed_mean,classical,SG,91.97557544458382,-10.836598037250614,,,
trimmed_mean,classical,SN,-19.435061955703343,-48.280962352310496,,,
trimmed_mean,classical,TH,88.75575580319611,-17.043129066968362,,,
trimmed_mean,classical,TN,9.27905518787575,-46.366940340934434,,,
trimmed_mean,classical,TO,49.97094216781673,88.36970768524223,,,
trimmed_mean,classical,TR,27.391673364699585,-43.217143901125965,,,
trimmed_mean,classical,TZ,28.36149131796781,-34.01792136714112,,,
trimmed_mean,classical,UA,25.666112635812354,-40.63105377103106,,,
trimmed_mean,classical,UG,23.671233413316646,-40.12094310942807,,,
trimmed_mean,classical,US,-14.233082981357011,2.2117399917939267,,,
trimmed_mean,classical,UY,-43.388826936666064,20.265059668992834,,,
trimmed_mean,classical,UZ,56.97777542945509,-33.71594802601673,,,
trimmed_mean,classical,VN,89.70101066015873,-15.287213245769578,,,
trimmed_mean,classical,VU,64.17097867479465,72.99027304375373,,,
trimmed_mean,classical,WS,47.14892071986829,82.1625644344959,,,
trimmed_mean,classical,ZA,20.929919473849342,-15.866051278106179,,,
trimmed_mean,classical,ZM,19.517276461904974,-29.09874054454886,,,
trimmed_mean,classical,ZW,21.972271319025268,-24.459024403374404,,,
trimmed_mean,metric,AE,44.97861513464976,-35.65235058310478,,,
trimmed_mean,metric,AO,8.911705463342457,-53.564182353064766,,,
trimmed_mean,metric,AR,-41.72841273516853,-9.794744240335897,,,
trimmed_mean,metric,AT,19.266756018717572,-24.425673230537708,,,
trimmed_mean,metric,AU,72.77033866155833,39.80206595226617,,,
trimmed_mean,metric,BD,66.0235516117761,-21.6009119213931,,,
trimmed_mean,metric,BE,14.082613184975191,-21.220150448540345,,,
trimmed_mean,metric,BF,1.3672785121400324,-42.92983567879686,,,
trimmed_mean,metric,BH,42.37821260752857,-35.471533076953335,,,
trimmed_mean,metric,BO,-38.63855746708016,-3.167921218222542,,,
trimmed_mean,metric,BR,-33.67103925542992,-18.625106151150813,,,
trimmed_mean,metric,BW,18.29924301140172,-62.85664811888959,,,
trimmed_mean,metric,CA,-6.247596334821541,11.53275224180188,,,
trimmed_mean,metric,CD,11.632289079937058,-53.101743454520594,,,
trimmed_mean,metric,CH,14.858822389486011,-24.278532789692367,,,
trimmed_mean,metric,CI,-3.7630399134892123,-43.815982530411745,,,
trimmed_mean,metric,CL,-42.88872653296954,1.4229172771376106,,,
trimmed_mean,metric,CM,8.749566330520462,-48.38582963311472,,,
trimmed_mean,metric,CN,65.63608509376428,-1.544873799533324,,,
trimmed_mean,metric,CO,-30.542797276237703,6.494432405604353,,,
trimmed_mean,metric,CR,-26.00416694961159,18.312823309724358,,,
trimmed_mean,metric,CU,-20.36090481332644,13.682952208104687,,,
trimmed_mean,metric,CZ,18.639180047358302,-22.748155527342703,,,
trimmed_mean,metric,DE,18.60245806928197,-20.984955995937444,,,
trimmed_mean,metric,DJ,36.8680088594964,-45.7114140447637,,,
trimmed_mean,metric,DK,18.72380966727585,-18.51151121567098,,,
trimmed_mean,metric,DZ,9.368968196037263,-30.389453459755657,,,
trimmed_mean,metric,EC,-33.34141853998469,11.818837036586498,,,
trimmed_mean,metric,EG,28.59196943693101,-35.91677954644287,,,
trimmed_mean,metric,ES,7.021893925215643,-27.143409643905198,,,
trimmed_mean,metric,ET,33.8180122573375,-46.934738074554474,,,
trimmed_mean,metric,FI,24.355737955484546,-15.303777627074226,,,
trimmed_mean,metric,FJ,53.63504975182131,58.72158997272565,,,
trimmed_mean,metric,FR,12.536001479467181,-22.42205774391778,,,
trimmed_mean,metric,GB,12.025028994953184,-19.844873450798406,,,
trimmed_mean,metric,GH,0.015656195568904963,-45.24056601918209,,,
trimmed_mean,metric,GR,22.866712134922757,-31.011745159724473,,,
trimmed_mean,metric,GT,-22.887783549335804,22.038486372269126,,,
trimmed_mean,metric,HU,20.889776377275666,-24.431295567157566,,,
trimmed_mean,metric,IE,10.33759219072265,-18.16171339604596,,,
trimmed_mean,metric,IN,57.55767078487476,-26.489760639772054,,,
trimmed_mean,metric,IQ,36.65592214161616,-32.156306417011216,,,
trimmed_mean,metric,IR,40.82599485748193,-30.25056329219736,,,
trimmed_mean,metric,IS,10.713559121638664,-7.987102850386476,,,
trimmed_mean,metric,IT,16.71537995424864,-28.04733310856031,,,
trimmed_mean,metric,JO,32.03304334735876,-34.4343716093328,,,
trimmed_mean,metric,JP,66.5040704950893,12.32255704341841,,,
trimmed_mean,metric,KE,31.301524527552207,-52.595467362895,,,
trimmed_mean,metric,KH,75.3039756225119,-12.546694948333823,,,
trimmed_mean,metric,KR,67.31624185757657,4.729115229428064,,,
trimmed_mean,metric,KW,40.176248990531505,-33.92400693286782,,,
trimmed_mean,metric,LA,72.96232481418762,-12.428710586858097,,,
trimmed_mean,metric,LB,30.84867365028866,-33.43427070101791,,,
trimmed_mean,metric,MA,2.9114104676964487,-30.155272713582832,,,
trimmed_mean,metric,MG,41.28006173361504,-60.14558518887968,,,
trimmed_mean,metric,MN,60.48504567044837,-4.47204871823538,,,
trimmed_mean,metric,MR,-6.145300647833263,-36.33313060600697,,,
trimmed_mean,metric,MX,-16.596013101198746,29.55900914510459,,,
trimmed_mean,metric,MY,77.66334067519985,-18.103643148667164,,,
trimmed_mean,metric,MZ,26.731985722266174,-64.17239204581631,,,
trimmed_mean,metric,NA,11.798871852045801,-60.58218373496551,,,
trimmed_mean,metric,NG,6.537984457800963,-44.92129900558268,,,
trimmed_mean,metric,NL,14.580511719945962,-20.22268522328089,,,
trimmed_mean,metric,NO,18.585207593350088,-15.316084089272834,,,
trimmed_mean,metric,NP,62.000745789808576,-23.117399511727527,,,
trimmed_mean,metric,NZ,56.4771368633931,59.91459320843141,,,
trimmed_mean,metric,OM,47.12220285742346,-35.732702881618856,,,
trimmed_mean,metric,PA,-27.317139413009652,13.818689667749027,,,
trimmed_mean,metric,PE,-37.120504903431794,10.206953356580257,,,
trimmed_mean,metric,PG,76.8706003691437,30.837387140818294,,,
trimmed_mean,metric,PH,77.70721488920852,-1.3605202576925919,,,
trimmed_mean,metric,PK,53.731276765008936,-27.607938737545368,,,
trimmed_mean,metric,PL,21.955593629242205,-21.346124144305254,,,
trimmed_mean,metric,PT,3.6862472072892736,-26.811718368047657,,,
trimmed_mean,metric,QA,43.252024158743964,-35.11581937942455,,,
trimmed_mean,metric,RO,24.299920983624535,-26.500405718616094,,,
trimmed_mean,metric,RS,21.055689195281442,-26.168360643041325,,,
trimmed_mean,metric,RU,30.58677765809933,-18.76761561817892,,,
trimmed_mean,metric,RW,25.254260751055014,-53.24358106639501,,,
trimmed_mean,metric,SA,39.65049861068727,-36.63935961905057,,,
trimmed_mean,metric,SB,67.63698535745426,44.15664285831697,,,
trimmed_mean,metric,SE,21.158245721736698,-16.222322553719632,,,
trimmed_mean,metric,SG,78.653500085957,-16.028910575889206,,,
trimmed_mean,metric,SN,-9.62351060470009,-36.66495897169305,,,
trimmed_mean,metric,TH,73.44205166169797,-15.8958457586048,,,
trimmed_mean,metric,TN,13.771865658849428,-30.726718773980643,,,
trimmed_mean,metric,TO,47.028765395475915,63.19247369540989,,,
trimmed_mean,metric,TR,28.62927643417997,-29.32273238269667,,,
trimmed_mean,metric,TZ,30.618009127732794,-54.48996756145729,,,
trimmed_mean,metric,UA,26.499182057513455,-22.834712474545988,,,
trimmed_mean,metric,UG,26.425261717815033,-51.653731871176966,,,
trimmed_mean,metric,US,-9.780984563696396,12.794213093165027,,,
trimmed_mean,metric,UY,-41.83060091953335,-12.904113347023788,,,
trimmed_mean,metric,UZ,49.987366203565784,-23.23468917141225,,,
trimmed_mean,metric,VN,72.56245590950574,-10.725329132829257,,,
trimmed_mean,metric,VU,63.14505936895674,52.63501309929016,,,
trimmed_mean,metric,WS,43.266879155886926,61.3577508735479,,,
trimmed_mean,metric,ZA,21.208198023399504,-64.05987638625021,,,
trimmed_mean,metric,ZM,22.239505957644027,-58.4130274915388,,,
trimmed_mean,metric,ZW,23.937373259203248,-60.08930916495919,,,
trimmed_mean,nonmetric,AE,45.22812018473006,-38.361425107601974,,,
trimmed_mean,nonmetric,AO,6.102832460709113,-52.82817543731767,,,
trimmed_mean,nonmetric,AR,-41.31337835362882,-6.1636428160762105,,,
trimmed_mean,nonmetric,AT,21.453632145422695,-24.804466890172915,,,
trimmed_mean,nonmetric,AU,64.54893325675297,42.1791550847809,,,
trimmed_mean,nonmetric,BD,64.8585718694487,-21.601261191438624,,,
trimmed_mean,nonmetric,BE,16.389286537949765,-20.707367599594658,,,
trimmed_mean,nonmetric,BF,1.2327636276312113,-40.26874117034622,,,
trimmed_mean,nonmetric,BH,42.86857841375496,-38.345228527317076,,,
trimmed_mean,nonmetric,BO,-37.22200018674283,0.689538124690575,,,
trimmed_mean,nonmetric,BR,-32.79279146780938,-15.033190911340768,,,
trimmed_mean,nonmetric,BW,13.29645432362581,-63.71924741994958,,,
trimmed_mean,nonmetric,CA,-8.421188038762754,11.800223742183416,,,
trimmed_mean,nonmetric,CD,9.399777415650146,-52.21688622635614,,,
trimmed_mean,nonmetric,CH,16.788451662843823,-23.925667891899018,,,
trimmed_mean,nonmetric,CI,-4.275252249795784,-40.66315660944658,,,
trimmed_mean,nonmetric,CL,-41.37432754211261,6.016520805102882,,,
trimmed_mean,nonmetric,CM,7.360417170826345,-47.33100147882466,,,
trimmed_mean,nonmetric,CN,66.39733430097924,-1.7086541884779827,,,
trimmed_mean,nonmetric,CO,-29.16273824872864,9.410562970316327,,,
trimmed_mean,nonmetric,CR,-25.10896410617656,20.83520594011447,,,
trimmed_mean,nonmetric,CU,-19.850135680953866,16.126565778111903,,,
trimmed_mean,nonmetric,CZ,20.927911025951254,-23.12313589154411,,,
trimmed_mean,nonmetric,DE,21.01310634795555,-21.567712263737413,,,
trimmed_mean,nonmetric,DJ,36.26747161378331,-47.795337526503324,,,
trimmed_mean,nonmetric,DK,21.285453830599444,-18.916033391866108,,,
trimmed_mean,nonmetric,DZ,10.572934116399315,-29.283281722503855,,,
trimmed_mean,nonmetric,EC,-31.18878356493705,15.273694940903994,,,
trimmed_mean,nonmetric,EG,29.682147933107668,-37.325046158303714,,,
trimmed_mean,nonmetric,ES,8.682956624385735,-25.3800006170192,,,
trimmed_mean,nonmetric,ET,33.17477940508468,-48.779159737208104,,,
trimmed_mean,nonmetric,FI,27.045761841655718,-16.94950508045485,,,
trimmed_mean,nonmetric,FJ,52.236369203663195,53.622714743209045,,,
trimmed_mean,nonmetric,FR,14.483601407837678,-21.717178220337015,,,
trimmed_mean,nonmetric,GB,13.9878595156911,-19.09011971472361,,,
trimmed_mean,nonmetric,GH,-0.53343021995207,-42.26850006145668,,,
trimmed_mean,nonmetric,GR,24.501780101376983,-31.752282400029618,,,
trimmed_mean,nonmetric,GT,-22.38626527274602,24.66872604773596,,,
trimmed_mean,nonmetric,HU,23.17605957368105,-25.07552174855481,,,
trimmed_mean,nonmetric,IE,12.372338140521341,-17.157764014067652,,,
trimmed_mean,nonmetric,IN,57.02592289965325,-28.524677297661782,,,
trimmed_mean,nonmetric,IQ,37.85359666764076,-34.87307591350628,,,
trimmed_mean,nonmetric,IR,41.859956189029305,-33.428324555053884,,,
trimmed_mean,nonmetric,IS,12.560975449560628,-7.160451660228016,,,
trimmed_mean,nonmetric,IT,18.523937768212335,-28.158023197773346,,,
trimmed_mean,nonmetric,JO,33.391678507888955,-36.40470154424017,,,
trimmed_mean,nonmetric,JP,69.08781449038132,12.612484047803726,,,
trimmed_mean,nonmetric,KE,29.72818766328563,-53.968109965185356,,,
trimmed_mean,nonmetric,KH,74.22596001326276,-10.306945387625833,,,
trimmed_mean,nonmetric,KR,68.6644885922214,5.05481346626356,,,
trimmed_mean,nonmetric,KW,41.1788145300474,-37.16014849490474,,,
trimmed_mean,nonmetric,LA,71.96101587298014,-10.790644571581772,,,
trimmed_mean,nonmetric,LB,32.24593788095457,-35.279905169179926,,,
trimmed_mean,nonmetric,MA,4.107229673230481,-27.677209001435646,,,
trimmed_mean,nonmetric,MG,37.705321340048954,-63.11832224126104,,,
trimmed_mean,nonmetric,MN,61.33415207270292,-5.588828936726104,,,
trimmed_mean,nonmetric,MR,-5.701152226882122,-32.48689938971592,,,
trimmed_mean,nonmetric,MX,-17.34491507502454,30.821029844598527,,,
trimmed_mean,nonmetric,MY,76.80698046581193,-15.461462585064513,,,
trimmed_mean,nonmetric,MZ,21.520840772099596,-65.77153437284477,,,
trimmed_mean,nonmetric,NA,6.929620915621676,-60.64083355229357,,,
trimmed_mean,nonmetric,NG,5.551613108098362,-42.83945721492341,,,
trimmed_mean,nonmetric,NL,16.675767313030182,-20.006989517924435,,,
trimmed_mean,nonmetric,NO,20.737932226074157,-15.90444877724477,,,
trimmed_mean,nonmetric,NP,60.74464114359105,-23.83861408153128,,,
trimmed_mean,nonmetric,NZ,49.505374001315936,56.31860982360641,,,
trimmed_mean,nonmetric,OM,47.005279243112696,-37.94659503314058,,,
trimmed_mean,nonmetric,PA,-26.12610961407721,16.55208402660228,,,
trimmed_mean,nonmetric,PE,-34.982030120095644,14.330169505556526,,,
trimmed_mean,nonmetric,PG,74.41460849196164,33.068049600588296,,,
trimmed_mean,nonmetric,PH,77.0300263639955,1.493633199389322,,,
trimmed_mean,nonmetric,PK,53.24296906781384,-29.541615923103688,,,
trimmed_mean,nonmetric,PL,24.239800623129735,-22.361075683593512,,,
trimmed_mean,nonmetric,PT,5.108789600630811,-24.488813678108457,,,
trimmed_mean,nonmetric,QA,43.831148466109276,-38.28831489834927,,,
trimmed_mean,nonmetric,RO,26.455679685969535,-27.846911940589656,,,
trimmed_mean,nonmetric,RS,23.142047268088263,-26.971512791290664,,,
trimmed_mean,nonmetric,RU,33.21668683782521,-21.510376173548934,,,
trimmed_mean,nonmetric,RW,23.88136545979055,-54.11227423613313,,,
trimmed_mean,nonmetric,SA,40.1768171357449,-39.119983005989425,,,
trimmed_mean,nonmetric,SB,68.21215295619369,41.87706037847421,,,
trimmed_mean,nonmetric,SE,23.53819001273939,-17.361401312675426,,,
trimmed_mean,nonmetric,SG,77.74120406418027,-12.794067607264775,,,
trimmed_mean,nonmetric,SN,-8.978946711606984,-32.353338220164275,,,
trimmed_mean,nonmetric,TH,72.52058962717496,-14.782289350686199,,,
trimmed_mean,nonmetric,TN,14.9986374216038,-30.30634626191653,,,
trimmed_mean,nonmetric,TO,44.508045373249914,56.676079011413975,,,
trimmed_mean,nonmetric,TR,30.321443064424912,-30.941456643356915,,,
trimmed_mean,nonmetric,TZ,28.374892321473087,-56.09042554522951,,,
trimmed_mean,nonmetric,UA,28.732825168711155,-24.510484151517527,,,
trimmed_mean,nonmetric,UG,25.488178816738863,-52.60011642624688,,,
trimmed_mean,nonmetric,US,-10.8575395726976,14.093399705278955,,,
trimmed_mean,nonmetric,UY,-41.41102280316744,-9.435774888410116,,,
trimmed_mean,nonmetric,UZ,50.66247284858732,-26.64132331124036,,,
trimmed_mean,nonmetric,VN,71.60660563300088,-8.954575569974137,,,
trimmed_mean,nonmetric,VU,61.00660667741697,49.05271795165295,,,
trimmed_mean,nonmetric,WS,42.06482648228868,55.85841068464697,,,
trimmed_mean,nonmetric,ZA,15.239793878266928,-65.72724054551625,,,
trimmed_mean,nonmetric,ZM,19.043594839020393,-59.13082363355076,,,
trimmed_mean,nonmetric,ZW,20.07390601789063,-61.60392814905163,,,
robust,spherical,AE,54.29899291702094,-24.020834321224694,24.020834321224694,54.298992917020946,50.047814221308755
robust,spherical,AO,12.510858878826525,8.852593063704191,-8.852593063704191,12.51085887882652,79.30729631762293
robust,spherical,AR,-58.16736568635153,34.22410998556409,-34.22410998556409,-58.16736568635153,46.963261261001655
robust,spherical,AT,15.952259049170948,-47.66742919010199,47.66742919010199,15.952259049170966,66.90904343695587
robust,spherical,AU,146.51369366365066,36.98754384786143,-36.98754384786143,146.51369366365063,301.7812437018509
robust,spherical,BD,90.96832362928211,-22.948876777567953,22.948876777567953,90.96832362928212,103.61782925292081
robust,spherical,BE,4.735045762424392,-50.90661824445655,50.90661824445655,4.735045762424407,29.416778621509533
robust,spherical,BF,-0.8235375964612501,-13.26132183869916,13.26132183869916,-0.8235375964612438,124.8400382500675
robust,spherical,BH,50.82755056688035,-25.581895271079386,25.581895271079386,50.827550566880326,76.74849157676032
robust,spherical,BO,-63.71035725590794,18.215170895249162,-18.215170895249162,-63.710357255907944,187.28733228771586
robust,spherical,BR,-47.02403176886918,16.494644701097272,-16.494644701097272,-47.02403176886917,124.12812413622134
robust,spherical,BW,24.279206014804345,23.695330017764334,-23.695330017764334,24.279206014804355,196.5092430885416
robust,spherical,CA,-75.36975747994047,-44.84919184110525,44.84919184110525,-75.36975747994046,68.47255189960504
robust,spherical,CD,14.505878973618593,4.230002132663935,-4.230002132663935,14.505878973618591,90.15853835800074
robust,spherical,CH,8.128955643828533,-47.075287529993055,47.075287529993055,8.128955643828533,53.21222211412657
robust,spherical,CI,-6.219869619903079,-8.128115685640148,8.128115685640148,-6.219869619903102,179.02429335098276
robust,spherical,CL,-69.53658670288478,33.89727734801717,-33.89727734801717,-69.53658670288479,116.08553815651027
robust,spherical,CM,10.081244645239025,-4.468535998088276,4.468535998088276,10.081244645239034,172.39893201194747
robust,spherical,CN,116.56941697045727,-39.198795430235826,39.198795430235826,116.56941697045727,82.8984895998044
robust,spherical,CO,-70.5484139004865,-3.1094820912105074,3.1094820912105074,-70.54841390048651,425.87912934335867
robust,spherical,CR,-82.77153773823862,-8.463954859890892,8.463954859890892,-82.77153773823864,218.27311140457607
robust,spherical,CU,-76.68719152131723,-20.785338978172373,20.785338978172373,-76.68719152131723,641.1552041965123
robust,spherical,CZ,14.225006632551214,-49.89867984287023,49.89867984287023,14.225006632551201,26.879535584949085
robust,spherical,DE,13.482183434304204,-52.28466648123984,52.28466648123984,13.48218343430419,27.17038719642837
robust,spherical,DJ,40.88447631116466,-10.86154455650719,10.86154455650719,40.88447631116468,259.99604532556106
robust,spherical,DK,12.420181798796762,-55.427670076023226,55.427670076023226,12.420181798796765,29.486816688415463
robust,spherical,DZ,2.9000085927116004,-36.26892110579917,36.26892110579917,2.9000085927115977,56.73863784531133
robust,spherical,EC,-76.69150321314287,2.158908080711212,-2.158908080711212,-76.69150321314288,295.50629440132724
robust,spherical,EG,31.209829993215322,-29.487558053147804,29.487558053147804,31.20982999321533,62.860893439434
robust,spherical,ES,-2.7402129684625436,-40.432017826444095,40.432017826444095,-2.7402129684625662,80.07828528442619
robust,spherical,ET,37.32308592260799,-8.333489041469779,8.333489041469779,37.323085922607994,170.09211840784266
robust,spherical,FI,23.94089691610941,-60.32814416677633,60.32814416677633,23.940896916109384,57.19800642549043
robust,spherical,FJ,177.44632155096497,19.378547889289386,-19.378547889289386,177.446321550965,173.68015380634807
robust,spherical,FR,2.7533370390897005,-49.05386060378194,49.05386060378194,2.753337039089694,37.055879413602526
robust,spherical,GB,-0.22945619715554244,-52.13437211623985,52.13437211623985,-0.22945619715552804,70.7343185913042
robust,spherical,GH,-1.3732179062807859,-8.357428546313526,8.357428546313526,-1.3732179062807994,336.9727731803764
robust,spherical,GR,23.090622372445182,-37.267358688969225,37.267358688969225,23.090622372445196,97.7585752558446
robust,spherical,GT,-87.27738693146628,-13.543523783165956,13.543523783165956,-87.27738693146628,370.65417810042794
robust,spherical,HU,18.86321134552216,-47.56732307159752,47.56732307159752,18.86321134552214,17.91872558290734
robust,spherical,IE,-4.79308765087211,-53.39816571903103,53.39816571903103,-4.793087650872089,96.97460026663677
robust,spherical,IN,77.25098283371119,-27.47358761045186,27.47358761045186,77.25098283371119,125.35405318020273
robust,spherical,IQ,43.54846150553519,-32.887201468895015,32.887201468895015,43.548461505535194,93.34152951917663
robust,spherical,IR,50.889007668215186,-34.15845348910089,34.15845348910089,50.8890076682152,175.38582943293227
robust,spherical,IS,-18.74443093476077,-63.56486969939815,63.56486969939815,-18.744430934760764,169.97307779618143
robust,spherical,IT,13.009208299630075,-42.12083354925185,42.12083354925185,13.009208299630076,50.16776311204397
robust,spherical,JO,36.18477519028289,-31.157479484012438,31.157479484012438,36.184775190282885,91.5487254541986
robust,spherical,JP,138.9355466358328,-35.95983760375617,35.95983760375617,138.93554663583282,79.40764720282989
robust,spherical,KE,34.56837559446194,0.7700836839573827,-0.7700836839573827,34.56837559446194,256.13074932387633
robust,spherical,KH,106.5801056024012,-13.95898646833356,13.95898646833356,106.58010560240122,322.8804439309105
robust,spherical,KR,126.95863157616839,-36.92069643287527,36.92069643287527,126.95863157616837,72.09312682341972
robust,spherical,KW,48.16833480171147,-28.16457409902493,28.16457409902493,48.16833480171144,135.52047196706306
robust,spherical,LA,105.76897307251551,-19.64622957218314,19.64622957218314,105.7689730725155,382.26848014432005
robust,spherical,LB,34.33050146032781,-32.83536544513636,32.83536544513636,34.3305014603278,159.03214026484363
robust,spherical,MA,-6.586226105847288,-34.30327257731792,34.30327257731792,-6.586226105847276,38.53788415994021
robust,spherical,MG,45.13530072609916,19.368419900995047,-19.368419900995047,45.135300726099175,254.98539464059823
robust,spherical,MN,108.83131114044221,-45.77368989114044,45.77368989114044,108.83131114044222,279.5007812860691
robust,spherical,MR,-13.755777289647966,-19.736845935467542,19.736845935467542,-13.755777289647963,296.9629325082164
robust,spherical,MX,-98.18110327884656,-19.981399009345086,19.981399009345086,-98.18110327884655,116.15885615213442
robust,spherical,MY,101.94160814412174,-3.5182764494089667,3.5182764494089667,101.94160814412174,47.35789888598685
robust,spherical,MZ,31.652579222103014,23.767364855950888,-23.767364855950888,31.652579222103004,260.71536866406217
robust,spherical,NA,17.752591171282802,22.32771924712891,-22.32771924712891,17.752591171282816,73.8466291625959
robust,spherical,NG,6.711129444315361,-9.469021774377365,9.469021774377365,6.711129444315352,99.616409800427
robust,spherical,NL,5.0804119227055935,-52.49091256325744,52.49091256325744,5.080411922705585,19.109384804858177
robust,spherical,NO,10.153848243854355,-59.44713726737179,59.44713726737179,10.153848243854371,62.136762018285026
robust,spherical,NP,86.08434630721547,-27.97836217774397,27.97836217774397,86.08434630721545,80.99345183746556
robust,spherical,NZ,173.91340099469414,39.77936936275002,-39.77936936275002,173.91340099469411,184.36918064657067
robust,spherical,OM,57.19186879065981,-22.90253519203366,22.90253519203366,57.1918687906598,163.53540105861424
robust,spherical,PA,-77.56469051377839,-7.298660146841572,7.298660146841572,-77.56469051377839,285.60670074476025
robust,spherical,PE,-76.51276996567202,11.385258834351422,-11.385258834351422,-76.51276996567204,94.05371086856736
robust,spherical,PG,148.5629785357678,8.331899822181681,-8.331899822181681,148.5629785357678,196.29791025577742
robust,spherical,PH,120.29181889266425,-15.127974184436162,15.127974184436162,120.29181889266425,94.03105295497794
robust,spherical,PK,71.44919053859343,-30.63699197990792,30.63699197990792,71.44919053859343,377.10472889522356
robust,spherical,PL,20.122186414214752,-52.07786056188639,52.07786056188639,20.12218641421475,62.79697307351688
robust,spherical,PT,-7.993192282571471,-38.324664130505795,38.324664130505795,-7.99319228257145,109.76994999256293
robust,spherical,QA,52.06655399066619,-25.711817898478845,25.711817898478845,52.06655399066622,71.4417695328946
robust,spherical,RO,24.9436474360715,-44.5370481401654,44.5370481401654,24.943647436071505,92.26862800742569
robust,spherical,RS,19.523404136885546,-45.29400813115854,45.29400813115854,19.523404136885535,90.8475317552438
robust,spherical,RU,38.199977040444026,-55.30984871496992,55.30984871496992,38.19997704044403,61.660818813072645
robust,spherical,RW,28.285314893839313,1.7660302496196991,-1.7660302496196991,28.28531489383931,198.1529815531761
robust,spherical,SA,46.22545701943304,-24.465730388892005,24.465730388892005,46.22545701943304,58.56343842048415
robust,spherical,SB,162.18876286975558,10.161339710922562,-10.161339710922562,162.18876286975555,258.17910803950366
robust,spherical,SE,16.542245357478805,-58.86503857709211,58.86503857709211,16.542245357478794,103.93003482927169
robust,spherical,SG,103.86830999978127,-2.257773616352515,2.257773616352515,103.86830999978125,107.07004458240831
robust,spherical,SN,-17.57373960239846,-16.26221747523299,16.26221747523299,-17.573739602398458,172.05917247146851
robust,spherical,TH,101.85600910609259,-14.682471807412623,14.682471807412623,101.85600910609257,177.78782176336136
robust,spherical,TN,9.575266484787761,-36.824465940931944,36.824465940931944,9.575266484787779,53.85957704666455
robust,spherical,TO,-176.20337960426997,21.28852727232336,-21.28852727232336,-176.20337960426997,103.23526387293104
robust,spherical,TR,31.982078193160476,-39.74975423362011,39.74975423362011,31.98207819316047,77.7685537457228
robust,spherical,TZ,34.4407341535684,5.61357080167242,-5.61357080167242,34.44073415356841,158.06400985146018
robust,spherical,UA,28.9598444552592,-49.78857080835293,49.78857080835293,28.9598444552592,132.14891908017037
robust,spherical,UG,29.385583835719274,-1.134286443584007,1.134286443584007,29.385583835719274,366.7183042206563
robust,spherical,US,-77.01274626502924,-39.30927565645472,39.30927565645472,-77.01274626502922,45.3433596729734
robust,spherical,UY,-56.864162775628955,32.36201237659685,-32.36201237659685,-56.86416277562894,284.6175910401796
robust,spherical,UZ,70.0524201244084,-40.80136165235424,40.80136165235424,70.05242012440843,85.43642517949864
robust,spherical,VN,107.13361805267164,-20.912221193737714,20.912221193737714,107.13361805267161,134.17492221872794
robust,spherical,VU,169.95624856979327,17.46138311307937,-17.46138311307937,169.95624856979327,176.39560488350935
robust,spherical,WS,-173.49095942386262,12.560008809094665,-12.560008809094665,-173.49095942386262,237.25666566772253
robust,spherical,ZA,27.32129042605311,26.979216115493195,-26.979216115493195,27.321290426053093,168.0163705254477
robust,spherical,ZM,26.296357774294222,13.848629416346423,-13.848629416346423,26.296357774294222,275.55667623150606
robust,spherical,ZW,28.536624459645452,17.900849845915438,-17.900849845915438,28.536624459645456,265.4097252564092
robust,classical,AE,48.834650471391534,-38.826807416574695,,,
robust,classical,AO,7.633943976490521,-31.332156256919887,,,
robust,classical,AR,-39.75253824516274,23.414281503744554,,,
robust,classical,AT,17.354173438833662,-43.26740428983507,,,
robust,classical,AU,67.48516506834788,57.102253804075545,,,
robust,classical,BD,79.06486978634791,-24.499340288229615,,,
robust,classical,BE,12.218933221464605,-41.45045401379613,,,
robust,classical,BF,-4.626324661228239,-51.003071640359565,,,
robust,classical,BH,45.61056368900044,-39.22403308778762,,,
robust,classical,BO,-48.2096089924986,17.935591028710185,,,
robust,classical,BR,-40.49247884164768,1.4290332734625508,,,
robust,classical,BW,18.292198232133792,-21.276126035779235,,,
robust,classical,CA,-10.000554888899334,-0.3393816035315851,,,
robust,classical,CD,8.661573434111734,-37.93597787461539,,,
robust,classical,CH,12.815752347393582,-43.50442038484649,,,
robust,classical,CI,-11.03449975415425,-48.339872002609226,,,
robust,classical,CL,-39.71564092286373,33.366056146481164,,,
robust,classical,CM,4.121204471673302,-44.37366980781512,,,
robust,classical,CN,77.39629197836508,-11.042646367759598,,,
robust,classical,CO,-42.93168285533986,12.27779193989118,,,
robust,classical,CR,-35.886372969443684,23.856867835349234,,,
robust,classical,CU,-29.436045674968565,9.647392174142134,,,
robust,classical,CZ,17.146906540673868,-41.83245301905645,,,
robust,classical,DE,17.605777258780094,-40.437191873383725,,,
robust,classical,DJ,35.70580160157379,-40.7635282022345,,,
robust,classical,DK,17.911474329282193,-38.24124683610481,,,
robust,classical,DZ,5.068225365578613,-47.41986373274479,,,
robust,classical,EC,-46.91209180555589,21.58710478403922,,,
robust,classical,EG,26.610705853107568,-45.56134439282343,,,
robust,classical,ES,3.0428768892717635,-48.14442863531589,,,
robust,classical,ET,31.936028440474665,-39.93643495310147,,,
robust,classical,FI,24.655671624802885,-34.3338694675469,,,
robust,classical,FJ,56.47991910442411,81.34208074317544,,,
robust,classical,FR,10.431193109179345,-42.68696845726075,,,
robust,classical,GB,10.188444258423191,-39.834613112596095,,,
robust,classical,GH,-6.973332147570854,-50.86123253545769,,,
robust,classical,GR,20.011510231563634,-44.701637645783734,,,
robust,classical,GT,-29.956135241237714,23.557094712352097,,,
robust,classical,HU,19.403849648610365,-42.72168714913056,,,
robust,classical,IE,8.967588504892959,-38.8954924619019,,,
robust,classical,IN,67.54700331017749,-30.15810075040602,,,
robust,classical,IQ,37.20856885462848,-41.00769101396668,,,
robust,classical,IR,43.871521949408375,-38.17396838070762,,,
robust,classical,IS,10.100003969174956,-30.137619976991985,,,
robust,classical,IT,14.567667107484018,-45.09979564040939,,,
robust,classical,JO,31.277839884057602,-44.20558682843786,,,
robust,classical,JP,73.17493140617185,7.475343349887286,,,
robust,classical,KE,28.510398330766392,-38.66331365696175,,,
robust,classical,KH,90.58261967571265,-12.917991552621693,,,
robust,classical,KR,77.85773870161587,-3.189425439044106,,,
robust,classical,KW,42.079237683096196,-38.50758814712384,,,
robust,classical,LA,90.7364769008971,-16.544203490709144,,,
robust,classical,LB,28.504568683831536,-44.636482784610784,,,
robust,classical,MA,-2.579658885343207,-50.30429290743568,,,
robust,classical,MG,38.504746746644756,-25.637938353074944,,,
robust,classical,MN,72.36748696180516,-16.048125400565517,,,
robust,classical,MR,-14.114074248518012,-51.09973653064572,,,
robust,classical,MX,-20.474613336701157,29.497376476010416,,,
robust,classical,MY,91.42856329932098,-13.503984028530823,,,
robust,classical,MZ,24.8680897149201,-24.042565114853623,,,
robust,classical,NA,12.778753275269372,-20.232101289063056,,,
robust,classical,NG,1.3602173063293321,-46.43740062665811,,,
robust,classical,NL,13.04820116063486,-40.84700806386355,,,
robust,classical,NO,17.900039207158635,-34.986669909554664,,,
robust,classical,NP,75.77625693393242,-28.984559846349956,,,
robust,classical,NZ,53.41569954032501,85.01706449860362,,,
robust,classical,OM,52.040575304797656,-38.878354302970614,,,
robust,classical,PA,-39.22955351286748,19.067781492707404,,,
robust,classical,PE,-46.58027986340218,27.72834582483579,,,
robust,classical,PG,80.187449530974,45.131594709877724,,,
robust,classical,PH,92.42224532087822,-2.206817994979282,,,
robust,classical,PK,62.835578126395646,-35.31795416145452,,,
robust,classical,PL,20.845603627076223,-40.08190607536222,,,
robust,classical,PT,-1.1401527658072403,-48.434364663870724,,,
robust,classical,QA,46.29817726291235,-38.685612784883006,,,
robust,classical,RO,22.255979870645326,-42.8053434182858,,,
robust,classical,RS,18.96155323790378,-43.57072532731054,,,
robust,classical,RU,32.20836406233437,-35.91875687627098,,,
robust,classical,RW,22.083067273229045,-38.67361286787293,,,
robust,classical,SA,40.4199657461247,-40.373414384840295,,,
robust,classical,SB,70.65602196747456,62.7268292940111,,,
robust,classical,SE,20.398745376274235,-36.178915221309936,,,
robust,classical,SG,91.98390598346974,-10.976402983190436,,,
robust,classical,SN,-19.281612036056753,-48.241075440622055,,,
robust,classical,TH,88.70316347385796,-17.0382780966305,,,
robust,classical,TN,9.242936887674619,-46.305104639555026,,,
robust,classical,TO,49.98646415701037,88.45758801515329,,,
robust,classical,TR,27.397512433710553,-43.18050092140871,,,
robust,classical,TZ,28.399437121664814,-33.92546051127765,,,
robust,classical,UA,25.68400454884601,-40.64565557455884,,,
robust,classical,UG,23.684626598889725,-40.23972340223226,,,
robust,classical,US,-14.215359459592815,2.176416191102664,,,
robust,classical,UY,-43.34798760780825,20.2476620405508,,,
robust,classical,UZ,57.04766861816563,-33.67932448153792,,,
robust,classical,VN,89.6052966785236,-15.258411688406412,,,
robust,classical,VU,64.121589044581,72.90454154518045,,,
robust,classical,WS,47.11064045264815,82.17428246555588,,,
robust,classical,ZA,20.905100667788144,-15.866665935743171,,,
robust,classical,ZM,19.455592079254238,-29.221966890683742,,,
robust,classical,ZW,21.939065784005862,-24.500436926153817,,,
robust,metric,AE,44.975455059329676,-35.62349474488907,,,
robust,metric,AO,8.949200240538278,-53.5236311906749,,,
robust,metric,AR,-41.72655885104113,-9.907768588324384,,,
robust,metric,AT,19.24938524544914,-24.426591618085265,,,
robust,metric,AU,72.80458958780814,39.75326789761463,,,
robust,metric,BD,66.02603137834292,-21.588073137948825,,,
robust,metric,BE,14.040837924355994,-21.2519019502475,,,
robust,metric,BF,1.3799056980812985,-42.94311449915969,,,
robust,metric,BH,42.375519917850355,-35.4135270151529,,,
robust,metric,BO,-38.63390323504261,-3.223547575310837,,,
robust,metric,BR,-33.6070057578102,-18.51707358814524,,,
robust,metric,BW,18.346110667738998,-62.856196593297334,,,
robust,metric,CA,-6.263230952627701,11.530140458369814,,,
robust,metric,CD,11.72664410818191,-53.17481180881653,,,
robust,metric,CH,14.863414330087922,-24.276967183410488,,,
robust,metric,CI,-3.7491060758221906,-43.84286771950328,,,
robust,metric,CL,-42.90948739075071,1.339065734207864,,,
robust,metric,CM,8.770920367391692,-48.389185241530114,,,
robust,metric,CN,65.55981251139724,-1.505273838547506,,,
robust,metric,CO,-30.515756917475958,6.530689594560759,,,
robust,metric,CR,-26.00691276039613,18.30408929280675,,,
robust,metric,CU,-20.383085716689525,13.623134768392845,,,
robust,metric,CZ,18.601995648975254,-22.737357684789618,,,
robust,metric,DE,18.581849794617497,-20.98400220653022,,,
robust,metric,DJ,36.86015304171363,-45.69853898739764,,,
robust,metric,DK,18.684152934613024,-18.535174383292016,,,
robust,metric,DZ,9.365421698651204,-30.384873890206556,,,
robust,metric,EC,-33.31038990863394,11.814343837356109,,,
robust,metric,EG,28.590428687573578,-35.94530054032812,,,
robust,metric,ES,7.010078607438935,-27.18792547349883,,,
robust,metric,ET,33.80674325710481,-46.94038992348458,,,
robust,metric,FI,24.327978764848222,-15.29344957320266,,,
robust,metric,FJ,53.66946924898356,58.714015464753786,,,
robust,metric,FR,12.528701502483294,-22.415879309946064,,,
robust,metric,GB,12.026230518534687,-19.744300902181756,,,
robust,metric,GH,0.004625458748837019,-45.26962783173938,,,
robust,metric,GR,22.85282526570193,-31.006941479304686,,,
robust,metric,GT,-22.87592609486119,22.059401741475916,,,
robust,metric,HU,20.843076680071167,-24.44949720877366,,,
robust,metric,IE,10.406020059150787,-18.12624478678853,,,
robust,metric,IN,57.55778332013426,-26.462937676527403,,,
robust,metric,IQ,36.65319795754851,-32.14036106874782,,,
robust,metric,IR,40.792718488696394,-30.238719062283906,,,
robust,metric,IS,10.70492006658304,-7.979990135852113,,,
robust,metric,IT,16.706081303613196,-28.054376426684556,,,
robust,metric,JO,32.04062999449581,-34.420635821758665,,,
robust,metric,JP,66.47290069217891,12.336474973665094,,,
robust,metric,KE,31.354483327834856,-52.610967810250855,,,
robust,metric,KH,75.26955118811146,-12.516927418754026,,,
robust,metric,KR,67.32964482144263,4.733304197864008,,,
robust,metric,KW,40.1676997991173,-33.92472743786209,,,
robust,metric,LA,72.92336600128556,-12.426338667934218,,,
robust,metric,LB,30.845387289729338,-33.43782635439657,,,
robust,metric,MA,2.912104278058777,-30.187130848670467,,,
robust,metric,MG,41.30186598045978,-60.08571666027612,,,
robust,metric,MN,60.46295068756558,-4.467225656420892,,,
robust,metric,MR,-6.129877526020774,-36.33024493985036,,,
robust,metric,MX,-16.55613504196371,29.56194428751415,,,
robust,metric,MY,77.69815783314831,-18.10293352839023,,,
robust,metric,MZ,26.80384382016991,-64.16338757943666,,,
robust,metric,NA,11.86971798449506,-60.61183595914301,,,
robust,metric,NG,6.593018287554095,-44.947306594852535,,,
robust,metric,NL,14.568343512937606,-20.207023711452518,,,
robust,metric,NO,18.58331776901587,-15.305843207592831,,,
robust,metric,NP,61.96928388855777,-23.09471120021979,,,
robust,metric,NZ,56.53101176954799,59.904982439344806,,,
robust,metric,OM,47.08087647297624,-35.67338618075533,,,
robust,metric,PA,-27.40694760825414,13.770995403727653,,,
robust,metric,PE,-37.148150555406886,10.19318310072768,,,
robust,metric,PG,76.820581220776,30.843691177315705,,,
robust,metric,PH,77.76136068469492,-1.391205479388045,,,
robust,metric,PK,53.71162438258884,-27.56250752393362,,,
robust,metric,PL,21.93330774166067,-21.32801538232928,,,
robust,metric,PT,3.6106863778528755,-26.910570706047302,,,
robust,metric,QA,43.2439064919191,-35.08198580318265,,,
robust,metric,RO,24.275970928799012,-26.471287588247556,,,
robust,metric,RS,21.054706051757883,-26.144699199054976,,,
robust,metric,RU,30.64604812815217,-18.689239573290397,,,
robust,metric,RW,25.297075563743736,-53.227034623981815,,,
robust,metric,SA,39.662919827601606,-36.62204831639447,,,
robust,metric,SB,67.6708009360003,44.117498484184445,,,
robust,metric,SE,21.114559651698382,-16.20224373497068,,,
robust,metric,SG,78.61265052083735,-16.085017854167138,,,
robust,metric,SN,-9.58802722981719,-36.61161692673489,,,
robust,metric,TH,73.43492128762087,-15.912673606799135,,,
robust,metric,TN,13.752449190284224,-30.691436757714122,,,
robust,metric,TO,47.07717178700023,63.179062809341374,,,
robust,metric,TR,28.621115651259224,-29.314532159960677,,,
robust,metric,TZ,30.6452363041476,-54.471252672573975,,,
robust,metric,UA,26.482324136206458,-22.853116955596043,,,
robust,metric,UG,26.37116442083145,-51.66690649203113,,,
robust,metric,US,-9.78939688862916,12.773396616882238,,,
robust,metric,UY,-41.84848527508193,-12.936496340707475,,,
robust,metric,UZ,49.987603539755476,-23.207018649113277,,,
robust,metric,VN,72.54184218194543,-10.74331994838477,,,
robust,metric,VU,63.09339251709778,52.64481119722943,,,
robust,metric,WS,43.289953951136646,61.338133236073205,,,
robust,metric,ZA,21.249964740314354,-64.05745589037576,,,
robust,metric,ZM,22.232324596447096,-58.45633702796355,,,
robust,metric,ZW,23.943942233171608,-60.09143807784474,,,
robust,nonmetric,AE,45.19614831832169,-38.450086752496574,,,
robust,nonmetric,AO,6.009943308487614,-52.764461822338454,,,
robust,nonmetric,AR,-41.38650233038284,-6.2708382450672975,,,
robust,nonmetric,AT,21.480557228916116,-24.74766324850892,,,
robust,nonmetric,AU,64.43594284901592,42.0791601407598,,,
robust,nonmetric,BD,64.91491115302168,-21.556152618105774,,,
robust,nonmetric,BE,16.281786796071422,-20.832510937230857,,,
robust,nonmetric,BF,1.2521996765963728,-40.35622545691098,,,
robust,nonmetric,BH,42.843917609244976,-38.346577668539624,,,
robust,nonmetric,BO,-37.31670923515607,0.5266461906510109,,,
robust,nonmetric,BR,-32.767064831301,-14.91844943642499,,,
robust,nonmetric,BW,13.274448390473278,-63.624469633607504,,,
robust,nonmetric,CA,-8.241099025604324,11.970885008435054,,,
robust,nonmetric,CD,9.490292190637351,-52.405507384339366,,,
robust,nonmetric,CH,16.760883875444616,-23.825611201125987,,,
robust,nonmetric,CI,-4.346370675261625,-40.65611290998932,,,
robust,nonmetric,CL,-41.243474416115276,6.31635958853666,,,
robust,nonmetric,CM,7.377992222850512,-47.306693409889434,,,
robust,nonmetric,CN,66.22846442906177,-1.7472860153616843,,,
robust,nonmetric,CO,-29.073613709517904,9.604720231314197,,,
robust,nonmetric,CR,-24.98324607360212,20.917327862802125,,,
robust,nonmetric,CU,-19.791239047740373,16.101628106024044,,,
robust,nonmetric,CZ,20.995951906983144,-23.100730710110554,,,
robust,nonmetric,DE,21.057108445164722,-21.55692414709094,,,
robust,nonmetric,DJ,36.2045029049472,-47.7564999872382,,,
robust,nonmetric,DK,21.37050751291228,-19.088762300706026,,,
robust,nonmetric,DZ,10.510831361381612,-29.415176931822252,,,
robust,nonmetric,EC,-30.996226076766522,15.416205992851225,,,
robust,nonmetric,EG,29.766783974395384,-37.43910329426525,,,
robust,nonmetric,ES,8.744867714350315,-25.37427295525334,,,
robust,nonmetric,ET,33.16062225947071,-48.76633654875714,,,
robust,nonmetric,FI,27.132650364188482,-16.92102651885705,,,
robust,nonmetric,FJ,51.995777963749845,53.55135611276192,,,
robust,nonmetric,FR,14.552527044136921,-21.758570961591868,,,
robust,nonmetric,GB,14.020450991679658,-18.951504131154252,,,
robust,nonmetric,GH,-0.7104855904499061,-42.11708471396027,,,
robust,nonmetric,GR,24.536116907924853,-31.780999930394813,,,
robust,nonmetric,GT,-22.334790205720832,24.805806553023494,,,
robust,nonmetric,HU,23.131679393653233,-25.043882792106054,,,
robust,nonmetric,IE,12.441836883092938,-17.106268180906234,,,
robust,nonmetric,IN,56.99496937365889,-28.519223169447677,,,
robust,nonmetric,IQ,37.84742825220107,-34.803785297574606,,,
robust,nonmetric,IR,41.864196040407165,-33.46293410165267,,,
robust,nonmetric,IS,12.631040922616299,-7.054068334791205,,,
robust,nonmetric,IT,18.664595522341543,-28.23415304416455,,,
robust,nonmetric,JO,33.45398508130587,-36.413875958905265,,,
robust,nonmetric,JP,69.19474076568137,12.681683981914656,,,
robust,nonmetric,KE,29.67132163620564,-54.04583019213619,,,
robust,nonmetric,KH,74.27727351694492,-10.286564459176143,,,
robust,nonmetric,KR,68.64920333147414,4.980875952013577,,,
robust,nonmetric,KW,41.18384262644915,-37.138129825690505,,,
robust,nonmetric,LA,71.90318894958342,-10.762839415495858,,,
robust,nonmetric,LB,32.35949630495818,-35.33943709616914,,,
robust,nonmetric,MA,4.152765748242999,-27.737045114492048,,,
robust,nonmetric,MG,37.74976349406916,-63.00744226303,,,
robust,nonmetric,MN,61.343353814367916,-5.588362606980562,,,
robust,nonmetric,MR,-5.719655415795167,-32.448900386007885,,,
robust,nonmetric,MX,-17.261476320006995,30.833925562655573,,,
robust,nonmetric,MY,76.86430693330733,-15.443430095743137,,,
robust,nonmetric,MZ,21.51498667271115,-65.81571416174047,,,
robust,nonmetric,NA,6.757693748141449,-60.580966208300914,,,
robust,nonmetric,NG,5.6278039398704784,-42.88447810915644,,,
robust,nonmetric,NL,16.655579814996692,-19.972771463651203,,,
robust,nonmetric,NO,20.779698582435888,-15.942424547029567,,,
robust,nonmetric,NP,60.7591267450088,-23.902585201105925,,,
robust,nonmetric,NZ,49.47705737965934,56.286593037532654,,,
robust,nonmetric,OM,46.939014445131406,-37.952846484554755,,,
robust,nonmetric,PA,-26.148617128044908,16.479346975043725,,,
robust,nonmetric,PE,-34.89324627323826,14.401310085142981,,,
robust,nonmetric,PG,74.39983755394024,33.025618946820316,,,
robust,nonmetric,PH,77.00152338220406,1.6457193850327876,,,
robust,nonmetric,PK,53.2285128095682,-29.45264096290397,,,
robust,nonmetric,PL,24.29490068286425,-22.42302742476832,,,
robust,nonmetric,PT,5.076337127018416,-24.448381291871563,,,
robust,nonmetric,QA,43.88537103883195,-38.32100730696273,,,
robust,nonmetric,RO,26.4346349254561,-27.83902823260537,,,
robust,nonmetric,RS,23.17223755890412,-27.063346707658816,,,
robust,nonmetric,RU,33.26641887199382,-21.43968209524873,,,
robust,nonmetric,RW,23.936989148916872,-54.039919500789104,,,
robust,nonmetric,SA,40.172267080394434,-39.14656614527247,,,
robust,nonmetric,SB,68.15005479243307,41.84974003895717,,,
robust,nonmetric,SE,23.654465065770395,-17.493926584122576,,,
robust,nonmetric,SG,77.6915730470603,-12.86239598307143,,,
robust,nonmetric,SN,-9.03010722854405,-32.31262042229304,,,
robust,nonmetric,TH,72.5497627104736,-14.843328199119263,,,
robust,nonmetric,TN,14.989930092679852,-30.328772061467042,,,
robust,nonmetric,TO,44.4391443092601,56.62766396748131,,,
robust,nonmetric,TR,30.35386702910908,-31.036551544520997,,,
robust,nonmetric,TZ,28.36817764235133,-56.030933147240354,,,
robust,nonmetric,UA,28.838361211851314,-24.60903073272318,,,
robust,nonmetric,UG,25.291885364552222,-52.55474841675225,,,
robust,nonmetric,US,-10.845853349902018,13.98548763320116,,,
robust,nonmetric,UY,-41.42424554533055,-9.344074060247268,,,
robust,nonmetric,UZ,50.740700617383325,-26.6680928679418,,,
robust,nonmetric,VN,71.60270346314941,-9.169066374262188,,,
robust,nonmetric,VU,60.8212770593442,49.114053998781245,,,
robust,nonmetric,WS,41.91417134835679,55.764750648712905,,,
robust,nonmetric,ZA,14.906598142741448,-65.53772100205387,,,
robust,nonmetric,ZM,18.947065903121544,-59.36187817820353,,,
robust,nonmetric,ZW,20.010773180804073,-61.55444337720214,,,
