place_id,AE,AO,AR,AT,AU,BD,BE,BF,BH,BO,BR,BW,CA,CD,CH,CI,CL,CM,CN,CO,CR,CU,CZ,DE,DJ,DK,DZ,EC,EG,ES,ET,FI,FJ,FR,GB,GH,GR,GT,HU,IE,IN,IQ,IR,IS,IT,JO,JP,KE,KH,KR,KW,LA,LB,MA,MG,MN,MR,MX,MY,MZ,NA,NG,NL,NO,NP,NZ,OM,PA,PE,PG,PH,PK,PL,PT,QA,RO,RS,RU,RW,SA,SB,SE,SG,SN,TH,TN,TO,TR,TZ,UA,UG,US,UY,UZ,VN,VU,WS,ZA,ZM,ZW
AE,0.0,5789.562333902342,13529.214746619495,4240.533433479227,11949.361743211797,3654.894106864547,5158.218793556635,6015.546401624032,428.3040518422248,13804.61066665081,11946.46205222579,6240.139957666417,10769.92523802494,5293.834780620477,4824.29363438197,6633.529439211588,14639.057097417122,5123.937544147606,5970.945542251472,13588.353397547735,14119.144537017517,12976.823855763972,4453.994092626804,4637.390140635866,1852.7294237590422,4846.553325017207,5043.323060823943,14287.912014876967,2366.759275546905,5631.525649969257,2384.299141419422,4569.694904016727,14223.767159243713,5247.246193643851,5478.1261216819585,6185.81623346826,3259.934078702464,14251.682942181737,4023.61962227001,5923.8961123455565,2317.3974246380553,1381.865116430876,1274.193940957199,6923.539333178569,4302.817747838561,1987.0819620999594,8073.544801878438,3421.780492767156,5508.639725446627,6917.798948475765,835.2946650186637,5034.687814921841,2104.9694589383944,5956.886854094676,4856.413755905821,5264.383638324573,7259.418679889248,14368.22803756993,5593.706838704347,6051.049936842217,6581.868236949095,5245.328758553293,5166.5667810755085,5170.2750948772,3108.7945625465486,14263.06769834562,440.187661932778,13801.249808949733,14741.890386756126,10729.98816098116,7014.299387195103,2091.9306741687183,4175.80094245249,6108.881907285131,300.3882333660697,3382.95729193191,3796.836503980071,3733.9329972644805,3929.798346105407,769.6859679637856,12017.217442653653,4791.235402152243,5904.634458949135,7537.403993030437,4974.601270607319,4407.980195094561,14953.467095168042,2642.457862506669,3946.5457195169315,3538.96641658904,3556.9335449636924,11363.596937151551,13333.110231179631,2325.1862869888337,5271.604580089139,13189.369369342909,15064.831509101372,6223.671305419624,5243.709204476563,5318.665016610215
AO,5789.562333902342,0.0,7779.757280725595,6325.55455796121,13288.474497523322,9121.283483960526,6666.629051804995,2857.797278781874,5600.47863545524,8496.811942964296,6675.278533941141,2207.745531644112,10620.756402433968,549.1026827702303,6201.600383747608,2685.883664430021,8913.64308220524,1417.8055883165898,11758.580047473492,9801.95415219586,10979.972960235385,10966.617189838344,6528.579511344841,6798.792115651933,4008.8572807936744,7150.412086943095,5158.666122203358,10205.55344277804,4715.419795274749,5722.316302190526,3446.282530254973,7720.979613051022,16614.26463120842,6480.8047195500585,6807.150235507682,2181.7570144061915,5296.817859625665,11734.280709609455,6266.9544162808825,7131.738721974246,8015.072192343541,5715.380435612689,6349.174258445464,8615.41079562491,5617.9698794223505,5119.138849786292,13857.461409152482,2743.2396541926637,10393.553164672203,12699.236686021166,5634.509033844583,10249.988783406647,5280.659490507894,5195.819618732341,3861.1712397392785,11006.666818925813,4378.466955534732,12679.078203838877,9903.39358541899,2788.2828410723064,1574.5135840058651,2080.1823760601865,6826.04260195697,7625.360370993152,8739.386510066946,14143.139009143959,6101.5062471645315,10470.26967782858,9845.778856925126,14542.889044501804,12162.128893919244,7881.321787923071,6809.113037552695,5753.282352388308,5610.658950562518,6040.007598311865,5986.483745617269,7506.107188793741,2013.1458878347667,5193.3979905841725,15823.005087901669,7571.629355004058,10108.617908587756,4274.775841417532,9957.692589929997,5061.845758279122,16564.188399607207,5765.533175593958,2502.0333905971356,6776.4600893004845,2372.4747738040833,10643.935912153609,7578.065346058743,7969.075478081077,10634.256207680037,16001.306621363734,17438.00950511526,2450.091998989052,1791.3507353131547,2167.8949590945194
AR,13529.214746619495,7779.757280725595,0.0,11789.40869148443,11758.30968994146,16776.827494420908,11279.247417399754,7937.77201738348,13276.65620429598,1852.6582818109166,2333.5144810867555,8007.5573248991495,9031.715831568095,8250.16360355336,11169.072537156911,7217.227633619542,1139.660312749686,8438.06312363739,19261.112952664003,4640.374060415398,5624.934574255529,6873.786733250523,11793.422632706492,11887.678205229642,11788.599419143606,12043.353782604738,10143.842601055805,4343.948474865368,11806.270501311932,10020.91071488952,11225.784843590129,12925.656160584465,11642.45746949547,11025.630755006467,11102.268069921352,7539.559525025004,11672.738469495696,6420.755192023765,11916.724441089356,10963.902616052796,15794.7526620095,13077.344736827099,13772.581302050645,11405.220392491123,11131.20670997276,12299.105021673502,18370.21725262342,10410.808770079677,16950.39440207739,19431.621304450513,13198.57392686179,17381.59126769774,12365.167464485112,9305.417619305188,10211.246550506274,18094.04755873193,7358.557192307605,7372.308131811268,15967.59980860726,8507.109900667885,7339.197877510938,8446.362395848217,11420.79314209203,12224.016263540156,16503.735410471145,10003.231625456845,13870.747694558586,5312.112813868624,3130.6695211171427,14437.074373161806,17788.20333536327,15601.725953155386,12308.20746555706,9574.20669056964,13314.558254796191,12209.371751217523,11847.212493850298,13459.503231297233,9749.70189692784,12854.981363911493,13684.696446273821,12541.33572639846,15887.309757265864,6965.255742849274,16880.505738924476,10623.494014303918,10930.933570500318,12466.927062320188,10004.640819282862,12807.053139985803,10123.29584632071,8360.953336333787,205.87717932578263,15435.623626112392,17861.954046251605,12403.055756117166,11180.967562534875,8148.626185145644,8757.023257452158,8858.982294766762
AT,4240.533433479227,6325.55455796121,11789.40869148443,0.0,15910.678729826639,6917.648777621979,917.9742357366615,4305.656483883642,3840.9339750029626,10964.81894463177,9511.187874256615,8124.031301397001,6586.265229902963,5820.339136152571,684.2860556704534,5022.864996192302,12489.122073892648,4934.924551007155,7477.895232237133,9664.49967605625,9956.11159982113,8740.884439783422,251.17669373332066,524.8847671476991,4761.167035014676,871.9021789739552,1672.1967238960672,10388.500151551767,2381.4349069461905,1811.9003234935124,4821.42059276915,1442.7249427344427,16298.338062499066,1037.5263746075443,1237.8300544281058,4982.696054117392,1282.3029356001082,10015.335446880184,217.68611965306766,1685.9026579816245,5575.814615047639,2858.767708713758,3186.5297799748423,2896.8182594820273,764.2094696794076,2443.61659236762,9154.186786120847,5829.050398230648,8954.330281028117,8297.53365185639,3411.1980063765554,8266.069855538797,2251.254175977635,2487.879122185696,8054.310354369553,6323.466152383236,4438.634933449269,10166.359991737414,9401.865294019592,8371.156062152919,7838.132899304869,4414.973244125714,936.1554147942668,1353.7936301633047,6242.139134758255,18152.820617805537,4599.909495521342,9706.17311078121,11249.921062252488,13739.735588245278,9859.186538202646,4921.963314510675,558.5513685060813,2302.4863004695203,3982.860179726976,857.71599634613,490.1162436235553,1674.6398549289854,5713.315724552479,3732.1309937121287,14530.972696391858,1246.2000152481296,9716.232350301232,4838.175739379106,8450.730274737502,1363.3563038153743,16829.84226064634,1604.5471746938647,6316.389994377805,1056.5338962447777,5531.42045828927,7140.396669967852,11674.710221965981,4174.723996559015,8257.368579329235,15783.186324957527,16121.884081890948,8270.52871217582,7144.564521104254,7456.192378747464
AU,11949.361743211797,13288.474497523322,11758.30968994146,15910.678729826639,0.0,8995.963141163435,16714.12913984884,16126.470710971096,12376.948582717569,12987.977613189501,14075.358195321549,11086.847970480729,16104.729525959248,13504.360503430844,16590.869415527504,15918.492181857635,11345.088282272682,14446.816942544116,8980.130816239809,14436.399681031653,13965.910611241634,14900.091149711146,16030.559434607703,16060.205223180863,12195.648196353799,16028.468287566559,16979.37379367375,13713.729505262763,14263.93286552806,17574.421466877073,12442.084906893078,15202.304817605685,3459.5502950524574,16917.63537856836,16976.59127449891,15466.274445812925,15201.661293550262,13683.162924244902,15709.405547813738,17231.518863056976,10338.502325503718,13270.524214316316,12800.169118666774,16737.083922213937,16216.420011411574,13934.272713134189,7916.886601720884,11938.438068840167,6966.018406407136,8383.398878278069,12769.49913014862,7671.251136834923,14051.623338771447,17823.98557196807,9820.610827065939,10127.211128503954,17605.946831363086,13179.187255642872,6520.550088731684,10506.36445784873,11855.921287403067,15163.69563184826,16620.528265072542,15966.082912956443,9670.844258688961,2331.7654440152487,11534.640487530218,14297.529795682576,12870.966935523227,2866.113530656194,6269.920053818219,10988.77817833369,15552.021357649579,18058.241733092265,12241.781809354121,15142.38095017895,15591.22133597959,14468.762247285287,12479.614190123317,12623.318465753277,3066.3352384853865,15597.07886628645,6204.591664762586,17367.8662451382,7462.848367041455,16350.29377534376,3807.6328218107633,14491.126052008547,11694.349880853746,14887.737081531282,12418.786352772115,15945.723803950415,11808.861444947597,11752.921013730906,7727.631084944442,2717.060032653611,4576.563833367762,10839.833274898414,11633.75337412122,11237.09816369107
BD,3654.894106864547,9121.283483960526,16776.827494420908,6917.648777621979,8995.963141163435,0.0,7731.868586575987,9663.079471664661,4014.9198248245402,17458.951170585602,15592.505750516311,8777.096173970342,12219.959997048985,8699.546891941973,7600.778750865897,10288.402882283262,17886.203807894904,8712.44984923059,3026.7986717227063,16454.083310734804,16233.07363753065,14761.83388619922,7035.545636925333,7083.361209694893,5165.583561328696,7108.218444960303,8249.865357774017,17145.365199045387,5856.065710330734,8668.474277763522,5724.1496250866285,6394.878508271938,10616.636231096905,7923.795839306774,8015.217428089591,9833.431322059829,6434.574552380038,15760.611850172598,6721.140358053836,8350.315861302937,1425.4260591415405,4589.887812687067,3968.0941627326647,8672.229473964459,7320.0470436892765,5387.961598701306,4901.783530903048,6417.460535353122,2042.729941560404,3797.612686267932,4251.197646391472,1419.2283144649443,5412.9727276481635,9196.660288262383,6628.508180230895,3056.3212896300965,10793.20276654314,15118.666153073525,2578.596726870454,8304.401239123861,9439.496042437622,8893.098615055616,7656.49679159308,7181.762061567684,675.7528161493473,11267.899459200993,3238.4128398914418,16227.84013054298,18167.538095071344,7183.243281654223,3362.196759695326,2010.504192418624,6568.012073729416,9173.202508931836,3929.9559271229564,6191.008379105033,6635.510050062666,5553.2737926347245,7114.216323686234,4415.912406616781,8400.160302782504,6768.471024295255,2874.5622395689315,11109.021139047307,1533.2161452123528,7637.482766316187,11357.457932883142,5633.079801631459,6793.0341997186615,5893.685382507589,6749.444916698336,12949.493713794654,16571.76898217963,2767.309789944438,1616.977559772685,9622.603656215046,11410.433528599424,8645.990655579606,8023.36365801334,7918.155210212984
BE,5158.218793556635,6666.629051804995,11279.247417399754,917.9742357366615,16714.12913984884,7731.868586575987,0.0,4298.603875854842,4757.138838699851,10277.319409208942,8957.314989872522,8625.944811897602,5690.557438329869,6202.005898544328,492.6390791758399,4960.438755638164,11867.727334187019,5249.245141828486,7981.866825996097,8800.23334571362,9048.549659827606,7823.081293470346,723.7479868910689,654.2432279686858,5595.716852208025,768.7439010997178,1566.6662108868215,9522.853951267027,3211.9717903533165,1315.596454233931,5603.418465376374,1654.130979625959,16338.868734843943,261.76794515586585,319.9080946549366,5037.691979387918,2091.9969504647274,9097.448320110629,1135.3920932099727,775.9648932516885,6426.974099842887,3776.3732742522907,4092.8101316811853,2134.961511615991,1173.2365012235457,3330.4857433473035,9476.221662775797,6543.9347880429905,9752.045280789587,8730.563569365251,4328.048071264474,9042.973501196231,3146.9626699032938,2075.7465027764333,8803.579336545832,6814.871806440438,4054.1817267500614,9258.834302317056,10254.209183657,8948.038994422886,8226.771635453277,4638.436089918479,173.51476561305708,1088.7762086732355,7059.572674287555,18719.4487429819,5517.391387509949,8810.654860559776,10441.056690072153,14304.696673760016,10522.476509146825,5760.264363871195,1164.2804551704378,1711.6666137067239,4899.080515531124,1775.2662279171332,1376.614895780641,2261.8623806089986,6339.6435529552045,4637.500416240855,14902.450372966698,1287.8663177660935,10565.956627415253,4459.743314249824,9262.59091898247,1627.2641958686988,16708.35456229095,2519.5596119904703,6999.016039776448,1843.1953897047028,6201.034878444699,6230.189826559773,11186.673545105432,4967.260782432383,8994.270247700535,16068.68818406317,15885.804442189463,8797.88990427807,7701.673158570102,8040.798362224156
BF,6015.546401624032,2857.797278781874,7937.77201738348,4305.656483883642,16126.470710971096,9663.079471664661,4298.603875854842,0.0,5648.235481161693,7805.271812603254,5983.120696609721,5065.352730826962,7806.3176200391645,2623.444998791875,3921.552732193304,739.2950930690619,8900.074326892673,1716.437371438635,11390.395688600704,8015.084774180132,8984.729589018381,8558.605586826046,4430.143678789312,4649.256427333226,4860.5593979936375,4957.643566865124,2740.6537959512757,8607.23765605708,3903.0712337258537,3113.097204218244,4411.895656003994,5733.163749417173,19366.48442080912,4062.430624207533,4341.528172186457,767.9145934121246,3785.9832070110488,9569.982091029093,4343.340599874998,4562.988507102027,8274.657113128376,5198.677218161767,5887.153946458835,5963.9059666848825,3543.3535523337277,4396.598624024931,13315.136089078009,4498.151890629254,11486.889405667811,12312.162088617546,5437.822189582187,11049.999522740643,4440.3260140385655,2457.9121572263484,6397.009989750773,10325.895359447359,1675.1334414437247,10343.5478004047,11376.553162251932,5624.397714537037,4366.009554864845,1055.2543548210106,4471.699890142641,5373.330022819544,9077.385462712675,16778.500899967596,6443.77059012332,8513.994834411584,8768.043684457189,16603.261617751927,13025.225265707179,7850.568860034789,4861.617682278764,3015.494551937982,5734.586974323674,4422.644891079087,4160.878635658201,5875.436975026548,3834.387328560939,5249.355057310497,17985.110788088634,5462.763426094735,11657.49969130274,1745.2562848041252,10961.315973488794,2948.628033408301,18833.655132527594,4547.164425575751,4607.235592932074,5127.466678994985,3994.8177753773875,7906.051518732256,7777.658400123085,7513.313996748137,11274.83356971083,18785.50474851815,18961.332342406185,5305.378723712318,4497.812323291578,4894.502098320222
BH,428.3040518422248,5600.47863545524,13276.65620429598,3840.9339750029626,12376.948582717569,4014.9198248245402,4757.138838699851,5648.235481161693,0.0,13450.972543994616,11606.02937446926,6223.778931557546,10395.83358592863,5087.6205763863345,4412.231801025879,6283.751883459985,14367.078355972493,4842.480535947835,6188.293969750657,13161.600042730268,13694.27473789467,12567.262742312107,4059.7255332650557,4252.364456558877,1798.7702860739937,4475.106061294236,4615.023277342056,13862.680221207795,1943.1883780751475,5205.023102531657,2280.186431852586,4249.2580787615825,14614.198887749497,4838.511478335737,5076.851712464496,5854.440308902591,2834.927572784527,13841.622504533721,3624.9863110176466,5526.5356492300725,2639.6073872425604,988.7109163295127,1049.4171514130699,6567.908775986332,3880.462097955954,1558.8284878052457,8291.489613454438,3385.301516882441,5906.224749737362,7142.95395323478,432.0643733038779,5410.440430395027,1679.5578578978455,5529.097345106535,5006.227528447487,5411.577707162017,6853.899512264291,13992.111771365862,6014.836125584849,6089.303395334645,6496.014038792396,4916.268009823547,4771.600892243813,4817.139769660382,3440.545536991267,14688.665376902705,859.4886298592833,13373.512149207654,14342.455710328884,11130.440798433927,7376.993492955646,2325.1125967531184,3803.3801262597153,5681.30213547512,141.94170447503188,2983.5404141454487,3389.2834027096005,3442.032678990014,3821.0107209942407,422.11090899611224,12401.874233671706,4448.961328836227,6326.6341501546185,7139.394473059447,5370.8185583688355,3979.7148267907583,15348.612278769133,2237.729412518129,3928.2533412578027,3185.778748250803,3457.1303648765092,10975.990131441733,13084.888615730599,2398.192045613503,5627.424384497258,13589.450094931683,15418.377842367201,6228.489370650743,5202.17010241161,5312.316592554209
BO,13804.61066665081,8496.811942964296,1852.6582818109166,10964.81894463177,12987.977613189501,17458.951170585602,10277.319409208942,7805.271812603254,13450.972543994616,0.0,1876.596460908183,9265.07507214058,7215.606863803615,8870.159163628125,10290.767198267919,7171.263442118952,1684.447925657136,8771.06790323389,17683.023375068547,2787.9233076533956,3813.421892905876,5022.3841462525315,10903.050985339254,10926.42557615919,12348.748214133828,10997.582195645904,9456.594595413266,2535.5998531327027,11657.17914717685,9154.4910744505,11800.609450943937,11833.685108478221,11941.628869911345,10047.33974237732,10041.302122950217,7626.938449221417,11204.796376928234,4640.727657425348,11134.576749140466,9803.989497148528,16078.53522691398,12946.343770237669,13606.712027167396,9944.103937272424,10433.852524316877,12138.761055370242,16950.315481826994,11239.53951181834,18681.873610357474,17636.07067631779,13237.374259596,18746.566255388105,12138.912002289915,8530.942341815597,11570.52517184126,16724.275695765722,6774.610803095771,5639.38775677616,17758.428673632912,9852.298034580022,8466.252155247985,8566.91342320532,10390.174788507562,11065.49463544492,16880.50847468143,10915.282420203946,14220.767283019666,3471.787277198624,1482.0785920529122,15265.622846235166,19196.93564712891,15606.52844624537,11410.709840328795,8662.672975191843,13532.009808775243,11573.238430972839,11151.574144692177,12539.124996249864,10505.905457745863,13045.900484220143,14150.854164577571,11438.918549142025,17718.04347419666,6431.571840014289,18403.149468769603,10031.409461168721,11198.407784700506,12023.938760298883,10942.988175818187,12021.348318215385,10853.602638646738,6529.887960519966,1968.6453930827172,15071.96012342263,19075.876773781274,12893.30999797113,11190.41640756105,9449.828639216768,9827.160113151796,10015.248637974773
BR,11946.46205222579,6675.278533941141,2333.5144810867555,9511.187874256615,14075.358195321549,15592.505750516311,8957.314989872522,5983.120696609721,11606.02937446926,1876.596460908183,0.0,7692.723167197254,7334.346869539842,7021.609682135122,8871.59854013545,5323.501677295529,3009.3551850238605,6894.518875940983,16930.472630910997,3659.609825431805,4897.202501725991,5709.653622725256,9496.874259329501,9575.611395967344,10474.557745912618,9718.114205280945,7899.280557882734,3775.416548885363,9874.469524339542,7719.290067297386,9928.94838833383,10597.841046061912,13707.79297949407,8706.397888002059,8772.672472521588,5761.1782251059785,9543.526478721476,5768.326054598091,9653.076814942617,8630.555919875567,14244.967094288088,11171.59378402501,11851.642690062912,9136.914609385123,8891.366226296563,10364.50678529308,17673.237812688087,9414.754147935433,17060.866366810507,17539.5016131441,11418.72813141898,16886.755777255083,10387.026988201602,7024.002442289389,10008.810132791667,15765.25396201863,5128.459546403109,6827.142656438756,16422.814195799372,8332.123210691752,6828.16195862927,6701.782316617511,9095.395184382438,9890.673869295977,15046.568108631249,12315.070951453863,12356.150322922898,4431.9028156485865,3172.9910685849954,16761.181546660533,18834.978421995093,13831.892357763147,10013.245328845951,7260.226545104273,11680.438438525704,10004.746485000767,9614.480145801288,11166.929191609152,8670.88961458125,11195.014360359984,15872.530745887494,10211.465310360685,16541.57994188363,4752.903773023973,16631.97836274269,8422.884033888413,12968.686171125333,10359.803932064284,9156.612898830454,10549.919782043095,9009.527041172929,6769.014727737269,2268.356609818471,13419.084157977391,17204.186662884276,14586.233830975762,13033.16049580921,7905.896338955261,8120.13320552669,8352.372415709577
BW,6240.139957666417,2207.745531644112,8007.5573248991495,8124.031301397001,11086.847970480729,8777.096173970342,8625.944811897602,5065.352730826962,6223.778931557546,9265.07507214058,7692.723167197254,0.0,12799.758320311543,2518.695585190719,8139.4131108695265,4853.366869942001,9110.214435454502,3518.5909623027514,11763.442176541039,11238.308603613688,12486.103975399845,12813.806832814877,8354.25183076879,8634.793416153778,4425.023475813226,8989.879749414076,7208.439841089195,11462.105518830815,6079.520685339298,7826.852669032464,3976.336273860457,9401.15166001258,14420.286498952897,8473.509643382216,8811.482738861661,4379.427346967634,6936.488185012915,13328.044100578263,8019.287630007482,9180.720769777421,8053.867126276382,6709.672323086053,7196.386746099786,10680.84407260626,7496.048092664477,6353.41965849352,13653.33429478932,2838.9902895598434,9457.659816034819,12574.4634824962,6426.300469489082,9555.663768916682,6555.722664884827,7359.529399478092,2319.45128786308,11368.893383202101,6556.629480870978,14365.288423912965,8730.403703552773,687.5487184203506,929.6728027693109,4231.83604795722,8771.094108352774,9474.007097347607,8610.287488584752,12031.748594798402,6399.3336819828055,11983.993488085127,10739.133696106184,12623.264357336613,11182.39462283582,8167.260396898393,8531.722709525993,7909.601674349582,6175.450437690442,7649.093165607991,7711.81315866809,8977.160593534298,2550.3486775670553,5898.761321929343,13770.749016144939,9336.594165538883,8857.461926143746,6415.955780927037,9141.918842315095,6999.059401894024,14451.479512350386,7184.892740155944,2297.289131317293,8328.53876656118,2854.2245805470634,12764.750097626984,7804.477544149531,8564.746110390448,10013.338910059523,13803.334375684057,15339.580092166345,261.2166454426611,1051.5488918156748,924.734682562297
CA,10769.92523802494,10620.756402433968,9031.715831568095,6586.265229902963,16104.729525959248,12219.959997048985,5690.557438329869,7806.3176200391645,10395.83358592863,7215.606863803615,7334.346869539842,12799.758320311543,0.0,10429.733240251062,6104.611833971566,7947.50610858277,8748.678780930806,9488.448699867035,10474.241950070254,4525.731196671247,4013.5335952109467,2544.853638043534,6353.910514772466,6146.549872089064,11230.035108300332,5923.516048375747,6419.275105731327,5062.545067639777,8876.40462189037,5707.581780771725,11136.890454729448,6289.502387773958,12653.111746459324,5663.62568366498,5378.074759985251,8439.561227154014,7764.7115554242955,3687.735421199343,6796.472047013574,4915.196201182496,11362.94782650969,9407.34760036553,9576.188813079867,3870.9616915339425,6746.931142314486,9020.984848909657,10343.49118277986,11852.842570511928,13694.634790029932,10536.510102087088,9963.889572203941,12983.077365418272,8835.199318547497,5854.797692873017,14064.268709972383,9659.945248271877,6245.623674027655,3598.308798337808,14615.980355359012,13409.025150559444,11972.26862877857,8769.14706891505,5650.389098226851,5615.364370869781,11681.246053001407,14472.518850835871,11076.106252941312,4056.260713036291,6365.101501579229,14308.417166717092,13148.893379643874,10699.32409267107,6594.700288950723,5399.63090845621,10536.439663821655,7432.908010970043,7063.586644907697,7180.055639081386,11391.584664995573,10317.222965793204,13402.363297274336,6012.504954934798,14829.085234720038,6388.706012444591,13440.553542475436,6928.649281203894,12382.247944863291,8182.193922543159,12166.73278626256,7237.438903984254,11402.621094811511,731.9154882007512,9105.228592126427,9788.102061183803,12643.813172484095,13414.728983374085,11561.577925898891,13053.851270111287,12302.254550995054,12698.961870869929
CD,5293.834780620477,549.1026827702303,8250.16360355336,5820.339136152571,13504.360503430844,8699.546891941973,6202.005898544328,2623.444998791875,5087.6205763863345,8870.159163628125,7021.609682135122,2518.695585190719,10429.733240251062,0.0,5728.825859287853,2598.6401253769604,9377.485624065612,999.9549776414716,11264.131510520167,9990.17825849726,11129.251734816473,10989.189130840768,6029.4372140520945,6302.7657179686175,3549.7045183720343,6656.340365566579,4724.24554729379,10440.361050160944,4166.513540836489,5319.383374111961,2986.3101212320603,7201.843348896968,16916.81804347587,6026.854910819904,6358.423890884738,2043.3208669383591,4764.590999785643,11843.173312319313,5753.479844112075,6702.1189088860565,7547.89499645099,5173.186994313452,5812.686562332389,8196.385708231097,5126.896411493344,4570.489228979248,13367.324967431796,2414.0111493842605,10070.102646933641,12211.448901968513,5105.9479344896845,9877.61377849357,4731.574420354681,4841.287191069289,3853.164237368031,10483.62753638158,4235.610027640013,12740.378395838092,9644.319780377728,3020.306483356336,2027.3653325027924,1716.2920067157297,6357.542309053761,7134.842377574261,8288.432568352613,14541.358911281312,5621.0899926077,10624.477913150193,10175.188038895794,14483.129365681863,11824.345636785823,7384.78330799907,6292.977025299909,5390.912322607045,5103.88139988815,5507.281165086514,5467.767347209264,6966.165532290185,1659.8175119323976,4676.260309873395,15824.79574953873,7064.796550280582,9867.490584125751,4185.9629702863585,9613.840894279354,4584.333650787498,16965.860223615844,5219.37025970274,2274.6043678822007,6240.732681787017,1988.134074385802,10513.299742462244,8050.620589827492,7442.616558679761,10243.1517893653,16183.24444312056,17853.067562623186,2738.097820784533,1876.1600005715138,2272.4651436635604
CH,4824.29363438197,6201.600383747608,11169.072537156911,684.2860556704534,16590.869415527504,7600.778750865897,492.6390791758399,3921.552732193304,4412.231801025879,10290.767198267919,8871.59854013545,8139.4131108695265,6104.611833971566,5728.825859287853,0.0,4607.889785989932,11832.61371809408,4786.16131574386,8094.4544254962375,8996.016544196027,9327.556142413046,8155.09232142655,625.3057686167525,755.7064721763854,5148.4764655535,1037.0357137173587,1185.2470662499993,9720.077534604668,2774.054859064558,1152.6871019697571,5134.876045708934,1863.522461041284,16707.59386814359,440.98638967634054,751.312567275174,4643.038567774717,1660.1778839995336,9429.392171121845,881.463920077626,1209.9062878317202,6252.936234949724,3447.6960543627238,3830.4376271991973,2624.51622730088,685.6423999635741,2934.541784610674,9694.21314126864,6058.997219443291,9638.237997210643,8886.763265750387,3989.2515709512104,8950.277575591675,2763.8836725951246,1870.159387744395,8322.465577493902,6932.576185322295,3850.4818599509395,9645.883217703995,10075.908706620723,8456.267008823646,7755.524094550154,4193.306832302945,631.900802626403,1462.9195987065182,6925.155692003321,18826.577824444394,5202.706901692483,9060.368796899827,10566.75972689472,14388.294225206813,10528.815966532546,5602.650880161092,1141.6468394127312,1629.9723243148233,4553.6953107710115,1473.8940889708422,1034.5514436058052,2295.3399218934715,5847.378103655272,4260.3288228636875,15108.436635984284,1551.7170630387498,10390.952064998535,4254.696378085684,9133.68610176436,1145.5209437796266,17134.19871260535,2186.2300192373655,6509.810224655342,1734.2718827230628,5711.20809331671,6616.411729161228,11062.708990767944,4858.917939903743,8938.727415662586,16326.579714768286,16336.021536998553,8309.133895170089,7210.419771673016,7548.555747870165
CI,6633.529439211588,2685.883664430021,7217.227633619542,5022.864996192302,15918.492181857635,10288.402882283262,4960.438755638164,739.2950930690619,6283.751883459985,7171.263442118952,5323.501677295529,4853.366869942001,7947.50610858277,2598.6401253769604,4607.889785989932,0.0,8199.206248480925,1889.1157803481797,12118.648151495623,7620.29970979165,8667.98533746666,8402.454199256066,5137.171392814093,5346.777937982629,5341.646971809863,5644.701497262086,3422.6509188996133,8167.703469390938,4601.5942903757,3723.5669897483913,4852.124243592002,6440.377595909336,18691.69541686606,4715.835392498474,4976.73423362605,576.9126434510242,4524.484494258878,9319.639593355423,5068.633987423496,5158.689274169892,8921.675432676184,5891.350898560661,6583.834890564577,6500.290850290508,4263.6612766444105,5095.920702220564,14054.143292081972,4760.841542438243,12043.013351557443,13045.152782703733,6100.158303289575,11652.772735454739,5150.514647403035,3016.7790489411395,6451.635394446069,11061.848044282866,1703.5133004136335,10168.911185942317,11847.990975704064,5466.994901912477,4062.6444964845045,1433.9712633530044,5133.948939712574,6044.687371685918,9723.72006323619,16184.01125219005,7052.800031554935,8178.688515294056,8212.752698894894,16989.120834266345,13644.470254456088,8526.79480076227,5580.516533145166,3555.3685002596494,6361.447388523822,5161.110887657802,4893.658745459138,6608.751758192376,4043.8770263659444,5875.417140206678,18382.135006868953,6157.056056722315,12113.909105068671,1593.893185259088,11527.362311089168,3673.028799381504,18094.542865457024,5281.017208748195,4778.443677234332,5862.982522001875,4264.502307787749,7958.564838258529,7053.698263133634,8224.787869502501,11905.107437159355,18617.956297748286,18356.32046631585,5106.486382326543,4443.254825164258,4832.88109221999
CL,14639.057097417122,8913.64308220524,1139.660312749686,12489.122073892648,11345.088282272682,17886.203807894904,11867.727334187019,8900.074326892673,14367.078355972493,1684.447925657136,3009.3551850238605,9110.214435454502,8748.678780930806,9377.485624065612,11832.61371809408,8199.206248480925,0.0,9525.20805112599,19057.093797293513,4226.284712338569,5007.427142140632,6383.585264481227,12454.99140734185,12506.572379251478,12921.54455521073,12608.169728060815,10901.817648733382,3769.082213715418,12800.08972667518,10681.935581817292,12358.215563097187,13464.23646254886,10733.957780178063,11627.359613785839,11650.639354956376,8563.209240922586,12547.17636965568,5722.749600627286,12641.227022901528,11442.072873019002,16925.380558989717,14090.10239496156,14783.040925397077,11628.550317530475,11893.206088021416,13294.340400488722,17234.770240707647,11550.217666588273,17538.49640357151,18360.580038729033,14258.884110662933,18165.3451053146,13339.438169626197,10010.797136549785,11269.738822387024,18384.576940911007,8137.508915890806,6588.132055113714,16560.585837942457,9584.087391541141,8466.43790639447,9486.770070583298,11991.522122394139,12709.777899866678,17643.376628129412,9368.814614614528,14993.02552576479,4787.339784314524,2457.690639615083,13802.823561352765,17614.831522245775,16686.183395308064,12969.852106776598,10205.486707859607,14413.228908590685,13012.49258228255,12616.893329215574,14117.451542029348,10888.59226244986,13945.02643694258,12867.529468130957,13069.967683612713,16399.740324894206,7761.929265291671,17650.722889818095,11432.07040601396,10003.573675304116,13360.362129212648,11140.599699425393,13538.164347903667,11261.826608190775,8036.760399006705,1344.7100150280369,16405.161682577404,18587.669739443674,11579.5840565688,10172.329324976223,9240.225022987668,9885.53106050934,9975.737470380778
CM,5123.937544147606,1417.8055883165898,8438.06312363739,4934.924551007155,14446.816942544116,8712.44984923059,5249.245141828486,1716.437371438635,4842.480535947835,8771.06790323389,6894.518875940983,3518.5909623027514,9488.448699867035,999.9549776414716,4786.16131574386,1889.1157803481797,9525.20805112599,0.0,10995.583594243904,9497.191473516772,10557.06832026322,10244.925437684406,5130.084056752135,5396.650551661225,3589.183182937677,5745.978052969979,3744.3132044601207,10022.117122692829,3565.621153841032,4324.743682477569,3059.40588391504,6349.879215106419,17892.327640052754,5063.103928567305,5390.049043244177,1314.94978052213,3977.253028300624,11201.752627932046,4889.597408857391,5720.183855132095,7438.800480684708,4721.2180728013645,5401.183759589083,7209.486504193911,4213.617883913756,4021.2376944990597,13081.012486927724,2871.7419776565475,10302.56564887259,11953.911288684445,4768.536665978436,10000.326505602481,4149.404568773106,3842.0694590395565,4680.577646477226,10094.756166055999,3382.733265158873,12024.178243080732,10015.409904093569,4006.5308822985903,2986.787908919068,725.8200166346395,5409.237826648415,6217.574630030544,8220.35109937772,15537.243524289217,5504.924641725292,10067.003575898221,9951.176482348146,15100.486183527944,11993.827261165852,7166.256842900014,5434.864280700267,4391.018753904608,4888.737332671032,4716.366116280303,4620.968430569989,6207.6740858878875,2161.173045513239,4420.370360977418,16493.77669633362,6180.221575953093,10268.771238598283,3397.9346250597746,9808.520944610313,3649.4037782402906,17962.90648629142,4535.084527369418,2914.1572830910713,5460.7550170731165,2375.8377547225855,9616.444865934442,8249.161179034945,7073.890734844891,10312.591934157761,17069.22280886571,18847.396925578625,3736.303688325573,2821.905838885357,3217.136894304541
CN,5970.945542251472,11758.580047473492,19261.112952664003,7477.895232237133,8980.130816239809,3026.7986717227063,7981.866825996097,11390.395688600704,6188.293969750657,17683.023375068547,16930.472630910997,11763.442176541039,10474.241950070254,11264.131510520167,8094.4544254962375,12118.648151495623,19057.093797293513,10995.583594243904,0.0,14959.442903499128,14096.319457490226,12758.117340142095,7470.493939805563,7374.095211881501,7765.888403883448,7217.815628317304,9128.627104002482,15356.0126105907,7555.922022804329,9241.695750140318,8323.256614917631,6335.706896287733,9087.647388686939,8235.539912036413,8159.495498560135,11825.126110302292,7631.506142204527,13356.886648015177,7353.781860218676,8302.046189967621,3786.344323933427,6305.33148915661,5613.15772615063,7901.3614892001115,8143.606625822012,7066.523961173957,2104.0237532057217,9214.097058911791,3341.3041042912046,958.3389564502992,6227.896020736547,2772.822872325556,6987.519652662062,9959.705404692048,9654.934836540133,1167.0910309962228,11912.692846772277,12474.484204037479,4332.637278888493,11320.970803223154,12354.172451785,10936.133047329091,7840.400371133997,7040.101298011618,3157.65958657806,10759.510305075924,5661.102124632659,14349.119210189101,16647.408363779676,6323.6817441966605,2841.990869314639,3879.3914083676773,6956.214835268704,9687.15424475197,6163.602671717142,7076.188017607089,7430.411537702671,5806.057705333434,9836.505883860767,6606.426919492859,7070.153796729927,6720.436278900068,4463.068886903711,12308.087610438688,3289.9112641123884,8659.391026274994,9790.736537539742,6847.206348764228,9656.25374403827,6466.108332658287,9460.056093477917,11169.116898963428,19149.68159118618,3938.151292110402,2322.1755294999916,8348.794196781444,9501.408079453626,11648.376355581766,10937.51559182112,10877.248854471765
CO,13588.353397547735,9801.95415219586,4640.374060415398,9664.49967605625,14436.399681031653,16454.083310734804,8800.23334571362,8015.084774180132,13161.600042730268,2787.9233076533956,3659.609825431805,11238.308603613688,4525.731196671247,9990.17825849726,8996.016544196027,7620.29970979165,4226.284712338569,9497.191473516772,14959.442903499128,0.0,1251.9136114932048,2235.863232427715,9515.878216148638,9434.723265292183,12859.125549819832,9377.098207317329,8561.364835153712,724.0835027685563,11223.931381246066,8024.515430689445,12426.953409430811,10062.532890466686,12022.37001080766,8632.37794115417,8501.996904262256,8186.029470285618,10382.81703126424,2116.073135107074,9873.347658076464,8138.553783105722,15225.968636419148,12318.509979821723,12806.712097257418,7797.570927032017,9387.891649710753,11609.885101013404,14327.518669903713,12348.95435955968,18214.627700648976,14855.470153152684,12795.04302755796,17482.417925977235,11516.082534210535,7635.020568883151,13504.884813549328,14185.265017099025,6488.7079954801175,3175.5874499646543,19032.67962698383,11905.924348091476,10330.568281485906,9018.876991242843,8857.739182265888,9277.765385828061,15807.600291009303,12107.72103768077,14019.246593920407,772.3174304369114,1869.717421500606,15447.098609376797,17318.972788215247,14553.253604343023,9952.660970335612,7528.581774689585,13289.018520274756,10459.56638225213,10011.351110400718,10916.0980038675,11604.854913877885,12862.1824864371,14047.746604734897,9693.22189855851,19316.524021455647,6296.585430647009,17891.231905646808,9197.587619545602,11354.75741567787,11114.439440495353,12263.99655872549,10641.180470910898,11864.88379178449,3810.5972373090326,4753.474036948491,13714.530240535321,17168.46785762716,13095.8246554426,10964.668537304995,11470.29193218006,11477.84741756453,11774.448743194798
CR,14119.144537017517,10979.972960235385,5624.934574255529,9956.11159982113,13965.910611241634,16233.07363753065,9048.549659827606,8984.729589018381,13694.27473789467,3813.421892905876,4897.202501725991,12486.103975399845,4013.5335952109467,11129.251734816473,9327.556142413046,8667.98533746666,5007.427142140632,10557.06832026322,14096.319457490226,1251.9136114932048,0.0,1471.9144814184424,9771.595545780416,9640.169418924648,13727.208479820058,9515.57627971057,9104.596519388086,1281.5954307086834,11819.52210360082,8490.968895498789,13356.213340795724,10078.591984701186,11138.728881595669,8922.826130728668,8733.450246284829,9242.714040386316,10859.434969898852,871.6033594360345,10172.816914857254,8319.881003789042,15294.46960398245,12764.351950468761,13141.192315431652,7686.683320791061,9817.743423297845,12143.200010921533,13186.453373132155,13428.6117168305,17432.099229246065,13835.454721204178,13288.783324940263,16833.162537205633,12014.743515169577,8229.332372170185,14737.686635921023,13504.894184252333,7376.337164557382,1929.9730757034913,18424.3764719634,13155.987918877652,11574.615679372126,10020.88222365207,9073.103430286952,9325.510938704634,15686.030821886743,11662.79477665412,14519.431845781388,511.08778858163697,2552.54393375455,14414.698273145978,16144.907937776225,14613.374397280384,10147.313163805313,8021.945815011677,13831.869750199476,10797.708881220238,10362.101312901888,10968.696275231616,12702.436307206492,13460.62021838149,13020.361285883924,9743.61528724543,18492.550594054148,7240.757540369871,17336.481039750164,9733.359719511494,10526.02744199176,11509.76802051344,13399.7956193451,10837.397258474743,12932.231562267234,3285.1862066318254,5764.56048692255,13713.079567721375,16412.722852342675,12201.528953048253,10028.143712232752,12719.836256496541,12690.41649305523,12999.3009533902
CU,12976.823855763972,10966.617189838344,6873.786733250523,8740.884439783422,14900.091149711146,14761.83388619922,7823.081293470346,8558.605586826046,12567.262742312107,5022.3841462525315,5709.653622725256,12813.806832814877,2544.853638043534,10989.189130840768,8155.09232142655,8402.454199256066,6383.585264481227,10244.925437684406,12758.117340142095,2235.863232427715,1471.9144814184424,0.0,8535.978161879984,8374.977983389866,12956.951243954976,8213.110859186072,8120.308901378657,2616.5828648559786,10805.433512989564,7453.35101263157,12692.736794829307,8707.329931417893,11698.921011243501,7729.71420097976,7503.443245031465,8973.347886902955,9764.626189183718,1274.8809634200402,8958.428690559973,7065.83794160856,13878.184236572213,11595.995418972097,11887.383412174817,6290.769646145785,8710.643914268696,11062.620696411594,12135.397535782979,13044.065808083158,16087.134010682885,12619.638675207516,12142.861596599532,15425.73202232864,10908.08607222061,7326.780220453174,14825.711215027899,12080.903287707839,6885.613195458208,1785.9571525739616,17061.620354567873,13501.118770054703,11884.975077196752,9613.284642989369,7825.276928966578,7978.480283871845,14225.272313625146,12714.607990582293,13340.164240085212,1596.2643655202978,3934.4158820381067,14552.434314558746,15124.05178168228,13204.575340376712,8866.37638094493,7024.899094820372,12708.773230025197,9596.958362035994,9180.026087871724,9602.60992795965,12392.33783480017,12397.901320424366,13249.897905659413,8392.135984403452,17220.373083146624,6847.264858074438,15911.790503155547,8722.822919824866,11189.622381370742,10334.401055829168,13158.601100570939,9545.463502184723,12542.522429406436,1820.478074230177,6989.16756341842,12296.207799402298,15037.99056893706,12700.471135550662,10547.589564933518,13069.069206550734,12754.860740533708,13116.993778130309
CZ,4453.994092626804,6528.579511344841,11793.422632706492,251.17669373332066,16030.559434607703,7035.545636925333,723.7479868910689,4430.143678789312,4059.7255332650557,10903.050985339254,9496.874259329501,8354.25183076879,6353.910514772466,6029.4372140520945,625.3057686167525,5137.171392814093,12454.99140734185,5130.084056752135,7470.493939805563,9515.878216148638,9771.595545780416,8535.978161879984,0.0,281.25460793294064,5010.131497473566,635.6285757967121,1740.398395322015,10239.165178674322,2631.811240689773,1777.7439106349036,5072.591792644139,1303.4538073242334,16184.843306544612,888.5874532933881,1038.420479419676,5124.356934898104,1533.3027675456394,9809.339884247407,444.4004334017189,1471.0138428260452,5714.375857339369,3073.8912237874615,3370.2749747957737,2646.836137034245,922.81731414167,2685.066791422576,9093.904083837317,6078.608661213037,9064.990904426817,8268.771620571217,3628.6735799694297,8366.084120277743,2489.7118870976124,2490.884555240168,8305.359246456675,6309.559482680302,4465.037387988085,9939.588909082737,9542.677702814866,8610.557838563356,8051.414146046926,4590.75887459047,712.5813811678398,1119.755523650248,6361.313995681314,18206.277156614095,4804.65729474266,9534.130280768832,11133.700184690664,13763.416223806144,9912.300466126479,5052.154825218318,516.4122231271565,2249.7437527457655,4201.506179515637,1079.632781114391,739.3973948981874,1670.054973993663,5956.031182107891,3963.3352618214453,14496.65257626379,1057.4323562664963,9855.56490060072,4868.038182971702,8568.319801754782,1515.2488473033532,16682.120131729836,1829.3676325290894,6564.1840398228405,1142.9732668171036,5777.882719028468,6916.992757048032,11685.826919421019,4278.413271949718,8339.073800223052,15729.801164348504,15945.440571727107,8504.12581474295,7380.861533037157,7695.829036793013
DE,4637.390140635866,6798.792115651933,11887.678205229642,524.8847671476991,16060.205223180863,7083.361209694893,654.2432279686858,4649.256427333226,4252.364456558877,10926.42557615919,9575.611395967344,8634.793416153778,6146.549872089064,6302.7657179686175,755.7064721763854,5346.777937982629,12506.572379251478,5396.650551661225,7374.095211881501,9434.723265292183,9640.169418924648,8374.977983389866,281.25460793294064,0.0,5262.374004710098,355.6110721773137,1929.5842635808192,10155.929980214523,2891.4189080361066,1871.7316834419983,5338.017839459692,1107.9778488106122,15973.080004981164,880.1220118488678,933.6780131656095,5355.487752609555,1803.6456298841938,9645.228083144855,690.808050498271,1320.3125485216271,5791.273241523696,3263.7842403722684,3514.493249461618,2395.114524822388,1183.3475090566692,2920.6203560228723,8941.116372895822,6352.944306361189,9099.966412008669,8148.703873526628,3820.3353699711474,8389.303700311406,2719.964735235238,2611.9809662547964,8573.70478297859,6208.810532470315,4597.162189355546,9740.126910212532,9615.08570758263,8891.673508625014,8326.250387581526,4846.239230895395,577.0085813772484,839.4791498459016,6412.235548972602,18133.546853189033,4974.037962957967,9420.904219584527,11091.52456248637,13688.346093644104,9877.59768324053,5120.406237354785,517.9674462482383,2315.454518326916,4393.59766614639,1296.6216634805232,1001.2346356418717,1613.9333205348753,6236.389437169308,4176.916396262325,14360.042010757361,814.5045168029693,9925.538516503066,5002.201564734814,8612.78119439707,1765.104076117606,16443.433494193185,2040.6210846007348,6841.237574953327,1208.4684314926021,6056.219858199785,6726.290515021435,11787.751702305042,4317.165064207111,8340.425219517292,15571.41360765544,15689.058160203838,8785.190433813566,7662.112215775224,7976.9082366040275
DJ,1852.7294237590422,4008.8572807936744,11788.599419143606,4761.167035014676,12195.648196353799,5165.583561328696,5595.716852208025,4860.5593979936375,1798.7702860739937,12348.748214133828,10474.557745912618,4425.023475813226,11230.035108300332,3549.7045183720343,5148.4764655535,5341.646971809863,12921.54455521073,3589.183182937677,7765.888403883448,12859.125549819832,13727.208479820058,12956.951243954976,5010.131497473566,5262.374004710098,0.0,5563.450836145439,4880.700674022366,13467.128182470515,2385.5440025869048,5577.98240677467,563.6385329784034,5597.38417252403,15180.520325457326,5586.927340008137,5893.483921171655,4815.509808110533,3504.693546853235,14154.19533147342,4572.722355105423,6356.472515912526,4006.219196269734,2411.576298571018,2794.511715311434,7656.183871562711,4488.595775787954,2372.741269592013,9855.320216815546,1587.024938597451,6722.1672505402785,8696.886277913123,2030.8981419619486,6414.5642240223815,2586.875457339197,5631.3668857963985,3408.376081073256,7111.939249019597,6379.217778551678,14647.816214863233,6519.654749252713,4308.674219771922,4729.485867346799,3908.27915327782,5667.228205834269,5992.0765318568165,4738.757954260722,14286.227514669154,2107.7244409985447,13294.11307413061,13532.7023202281,11743.550023579086,8405.241707130703,3911.3560976203175,4928.894075492878,5964.362975641131,1753.9280796742596,3988.8970948196275,4271.1150298280145,4922.51039127731,2083.86027986952,1493.9467269400411,13127.742542739323,5695.58598778862,6797.444640414608,6562.9033948870965,6221.744353370386,4320.613829922978,15811.45900651357,3298.8778578050433,2129.914023191541,4459.223559065528,1708.6179450769398,11676.751553647211,11586.892813699693,4165.299113377261,6742.434966863876,14108.364002395594,16241.777083899611,4432.136676457311,3407.0774478219923,3514.504799606077
DK,4846.553325017207,7150.412086943095,12043.353782604738,871.9021789739552,16028.468287566559,7108.218444960303,768.7439010997178,4957.643566865124,4475.106061294236,10997.582195645904,9718.114205280945,8989.879749414076,5923.516048375747,6656.340365566579,1037.0357137173587,5644.701497262086,12608.169728060815,5745.978052969979,7217.815628317304,9377.098207317329,9515.57627971057,8213.110859186072,635.6285757967121,355.6110721773137,5563.450836145439,0.0,2222.0965913026544,10093.660966388836,3207.329699226604,2075.334024032045,5658.946647751155,885.5536113660858,15670.62407911979,1028.5162528846731,957.7972582089521,5674.367732104929,2137.5042817193626,9476.317289126933,1014.8910077930082,1242.09958731173,5858.219645220509,3488.1969003952,3679.881489759166,2113.4996282484603,1532.7057868729892,3204.6967649035714,8714.001331948875,6688.348221715178,9102.265955319388,7961.867597862527,4043.794781569017,8378.72797137837,2998.3645161237164,2831.810448801604,8897.593383913174,6050.727077411702,4815.61683324518,9521.79596447135,9664.003448343146,9242.960590860997,8680.52835091602,5187.209035774714,622.7356727209979,484.1303081437072,6443.487412721989,17952.28436880554,5163.63756298397,9321.129519912505,11079.590712292826,13541.487128213237,9790.318697808207,5179.465966475824,671.7260476633663,2480.3145222311273,4615.049997950981,1576.5695357895868,1331.0394355715875,1565.876276281649,6584.875147611195,4427.300995581456,14140.407544674648,526.1714298010219,9970.461867157537,5221.350182776359,8628.57561264998,2106.080025262678,16115.442300724219,2301.7792539265774,7181.772847572228,1332.5504118595684,6399.665678270035,6526.325446276901,11952.963675539959,4343.657316041292,8302.384970717283,15324.193649277911,15347.08545933894,9139.410815693662,8015.206659660327,8328.0243796912
DZ,5043.323060823943,5158.666122203358,10143.842601055805,1672.1967238960672,16979.37379367375,8249.865357774017,1566.6662108868215,2740.6537959512757,4615.023277342056,9456.594595413266,7899.280557882734,7208.439841089195,6419.275105731327,4724.24554729379,1185.2470662499993,3422.6509188996133,10901.817648733382,3744.3132044601207,9128.627104002482,8561.364835153712,9104.596519388086,8120.308901378657,1740.398395322015,1929.5842635808192,4880.700674022366,2222.0965913026544,0.0,9273.42955155682,2715.5414954485536,711.8772255887199,4726.061150528088,3033.2458162220696,17891.524863416074,1345.8479224292655,1656.5822446092477,3472.5242188720927,1833.1443937842616,9364.474567510873,1776.628923962432,1977.8801409363282,6841.71964982002,3761.6515699271363,4303.843449131348,3474.501211291584,992.0972539136368,3056.372803474376,10825.062201744677,5468.388996259568,10284.883917345715,9964.003557283175,4235.439679118757,9651.466204102782,2954.7817789685196,947.5149821768754,7732.1835596880965,7982.06609542432,2785.467098997486,9769.285470457762,10572.290569185669,7601.58866418694,6730.898039749801,3099.0147228469714,1738.248506848775,2632.9504054733866,7581.479181116533,19142.8906277313,5465.979886221357,8762.377481523485,9941.552381823174,15312.066186579557,11385.615764278304,6243.845068536664,2223.061077794254,1095.7494836242417,4747.81084841156,2119.314983009627,1715.3670498486936,3341.3300109822576,5116.794993471336,4356.927852945174,16195.241734283643,2735.695299839689,10888.595168568347,3179.4676163160534,9758.062670903257,636.4067113953702,18264.039353280205,2617.4508653785942,5847.445411357088,2663.2115945563396,5053.359177259598,6808.566447806581,10021.761700936302,5616.8423790046545,9710.302297086428,17455.08513155299,17412.883057418534,7401.6582042116315,6354.266381974583,6719.264309387912
EC,14287.912014876967,10205.55344277804,4343.948474865368,10388.500151551767,13713.729505262763,17145.365199045387,9522.853951267027,8607.23765605708,13862.680221207795,2535.5998531327027,3775.416548885363,11462.105518830815,5062.545067639777,10440.361050160944,9720.077534604668,8167.703469390938,3769.082213715418,10022.117122692829,15356.0126105907,724.0835027685563,1281.5954307086834,2616.5828648559786,10239.165178674322,10155.929980214523,13467.128182470515,10093.660966388836,9273.42955155682,0.0,11921.29749338797,8744.493879971977,13009.894295236707,10766.972938127406,11390.06124649074,9356.099726494382,9223.660081294693,8722.788375864173,11098.488501351112,2108.654125122156,10597.420143623656,8856.7321224618,15946.975034339017,13033.480566997101,13528.885384789817,8473.98660234795,10108.591735901797,12316.052776089125,14443.41027241777,12835.633482743842,18696.94253631968,15117.005996380947,13503.187281712011,18036.61003561346,12227.059309516306,8342.73823891513,13770.662076120137,14692.444843600993,7128.44283294783,3130.5239813665785,19676.489497747305,12106.97224410608,10581.520660810209,9586.003805156184,9578.921669493722,9984.620111587343,16511.258148667985,11386.291413396459,14721.75622766566,1021.9236874051794,1318.3930066843552,14860.747037631605,17354.038480459047,15272.182699072811,10673.784107246698,8247.329989208523,13987.869999260492,11183.190616761465,10734.874880768395,11626.852899691723,12082.792854088186,13552.646045047662,13472.966500863207,10401.276617749345,19742.188066492825,6913.506263228046,18502.833475620217,9909.190555404446,10705.70168574737,11835.304340880773,12698.840269254388,11362.99989137086,12365.829490749245,4333.803838429841,4482.970019807634,14425.473507290948,17653.687315428015,12461.268368013227,10362.060598009772,11679.270923243872,11810.606319065644,12077.501938409972
EG,2366.759275546905,4715.419795274749,11806.270501311932,2381.4349069461905,14263.93286552806,5856.065710330734,3211.9717903533165,3903.0712337258537,1943.1883780751475,11657.17914717685,9874.469524339542,6079.520685339298,8876.40462189037,4166.513540836489,2774.054859064558,4601.5942903757,12800.08972667518,3565.621153841032,7555.922022804329,11223.931381246066,11819.52210360082,10805.433512989564,2631.811240689773,2891.4189080361066,2385.5440025869048,3207.329699226604,2715.5414954485536,11921.29749338797,0.0,3355.0785607140415,2452.617953664222,3381.1971957220794,16456.426551141787,3214.633946258294,3513.224272125026,4270.0929109249555,1119.9840833129142,12063.215446316324,2200.7431236054504,3977.148840771521,4435.964091411309,1297.266875022625,1984.1670599707793,5278.186818323825,2134.7872271725983,494.32707408421885,9586.616311745503,3517.610461321371,7814.5617592343015,8503.339014259222,1619.015077027488,7272.6053029547575,584.47635732564,3603.4430310091693,5691.968127954924,6572.075909101881,4945.20863816587,12386.314913876035,7957.843206792961,6199.177474706413,6016.843830308632,3387.4680508755546,3281.685911866004,3657.274374511535,5230.8283028750475,16524.182617665698,2802.585102734552,11469.05037626713,12429.606272791647,13030.990490856027,9188.405775476658,3959.781346765724,2605.2551344227354,3804.4459470065553,2066.5991917494757,1659.5155547159025,1892.7024901687175,2899.390144089835,3543.926875509804,1646.868560351307,14245.183976903041,3404.607659449505,8269.808521932006,5253.120694234128,7278.235334714449,2091.9389961862353,17199.616226949714,1105.6067845732575,4038.353951938408,2264.232150700553,3293.6698543014068,9366.819693047106,11635.30194591072,3629.3719422803106,7437.521764642192,15478.55030208133,17056.406945181367,6178.42759423283,5040.806478740903,5296.51277194908
ES,5631.525649969257,5722.316302190526,10020.91071488952,1811.9003234935124,17574.421466877073,8668.474277763522,1315.596454233931,3113.097204218244,5205.023102531657,9154.4910744505,7719.290067297386,7826.852669032464,5707.581780771725,5319.383374111961,1152.6871019697571,3723.5669897483913,10681.935581817292,4324.743682477569,9241.695750140318,8024.515430689445,8490.968895498789,7453.35101263157,1777.7439106349036,1871.7316834419983,5577.98240677467,2075.334024032045,711.8772255887199,8744.493879971977,3355.0785607140415,0.0,5435.390315315712,2953.7168515011904,17527.210746850342,1054.2206353287124,1263.9687927349041,3875.784925520151,2374.062233299252,8708.239037590947,1981.0604444178148,1450.734830739179,7287.614249142348,4303.910818056646,4787.909984169593,2897.058257257808,1365.1557413989822,3652.3822060412035,10789.251153816349,6176.5987043900495,10711.190060704843,10019.900842150517,4807.416117678433,10043.35932210736,3526.90188310607,760.8123052479816,8436.90638698471,8077.8490625462155,2740.343201179456,9078.13985240458,11077.974673965115,8250.042843932693,7296.172308566339,3642.923695107211,1481.542258526469,2391.208799044871,7993.666046350147,19851.726976157825,6042.341631336514,8172.567904624895,9503.708312480001,15540.973209283286,11671.011912853837,6659.012517572479,2294.1560974438808,504.8178933567692,5341.715362419825,2477.663022993092,2033.2973948053755,3447.7208209357696,5808.8471126789755,4976.67214260894,16215.727105652555,2599.80340123646,11394.820059047039,3146.0652951641023,10195.38770323311,1270.4932348178631,17725.44707534172,3091.375943481574,6547.695065885699,2867.9152687436067,5756.275015322319,6103.59738093071,9917.855426794064,5960.026684129311,10056.382163469798,17378.37724100668,16841.943249001237,8029.9477888894835,7008.120533509988,7380.25888000567
ET,2384.299141419422,3446.282530254973,11225.784843590129,4821.42059276915,12442.084906893078,5724.1496250866285,5603.418465376374,4411.895656003994,2280.186431852586,11800.609450943937,9928.94838833383,3976.336273860457,11136.890454729448,2986.3101212320603,5134.876045708934,4852.124243592002,12358.215563097187,3059.40588391504,8323.256614917631,12426.953409430811,13356.213340795724,12692.736794829307,5072.591792644139,5338.017839459692,563.6385329784034,5658.946647751155,4726.061150528088,13009.894295236707,2452.617953664222,5435.390315315712,0.0,5790.019542298963,15572.54742661621,5564.644582105378,5886.122685458142,4312.516347158949,3541.0060008455616,13846.317125088617,4648.776628884084,6342.812754122806,4568.968215495237,2754.1573784833126,3220.792363720454,7710.516782360307,4456.489579759943,2553.4284598416657,10415.439814966736,1159.806608820494,7243.224479021559,9256.901270317068,2450.8346622480844,6958.159835754651,2769.8783313746626,5405.302959239058,3239.351243248947,7648.629399405013,5981.189570223431,14431.004638352826,6996.0854221014015,3926.95120365546,4216.607341198862,3425.380993916935,5692.490720486377,6109.632738802692,5302.269488847692,14423.0253472428,2662.3993645946325,12903.886295266064,13010.580677525299,12194.499116850557,8943.42800028437,4460.31441309416,5054.603703831145,5784.177787414981,2254.580838786307,4107.394045634975,4336.859990056327,5182.912971370709,1547.482566455382,1928.2054708788808,13588.775283791607,5846.588012893221,7265.102216993072,6138.121973536205,6750.299737881846,4210.593813018569,16157.80668084424,3471.2514729888712,1714.3873971546066,4651.905379290357,1178.4774078311789,11530.640207862776,11024.296078477717,4672.665543973437,7294.24449951952,14509.16703902389,16674.277788521336,4007.191456170527,2937.9849591476213,3086.741465951652
FI,4569.694904016727,7720.979613051022,12925.656160584465,1442.7249427344427,15202.304817605685,6394.878508271938,1654.130979625959,5733.163749417173,4249.2580787615825,11833.685108478221,10597.841046061912,9401.15166001258,6289.502387773958,7201.843348896968,1863.522461041284,6440.377595909336,13464.23646254886,6349.879215106419,6335.706896287733,10062.532890466686,10078.591984701186,8707.329931417893,1303.4538073242334,1107.9778488106122,5597.38417252403,885.5536113660858,3033.2458162220696,10766.972938127406,3381.1971957220794,2953.7168515011904,5790.019542298963,0.0,14881.524051042496,1913.0642944778042,1825.9330131984918,6421.808628793435,2469.446523502244,9941.438532779184,1461.0199542937414,2030.195609863837,5227.813402791738,3304.383097251526,3319.739999711777,2424.6887604632257,2204.4886323251985,3240.805298746483,7840.181225242526,6893.053879094669,8345.318416726783,7076.449214426985,3834.2391899680447,7608.723707888943,3024.0301759445492,3705.568629466575,9000.879836150667,5168.787189300849,5691.630963999372,9855.858846180436,8971.024211314423,9571.129430471336,9198.5762078338,5852.2306591964625,1506.1678883392688,789.3307636306301,5745.497641830409,17068.725016057746,4823.740914937894,9934.218601915914,11822.926389926623,12659.029661015238,8939.979930604915,4543.885658949807,915.2000736428832,3365.791975654019,4381.191084918946,1753.3915174300232,1734.5688541400311,895.568901558974,6904.0656272950655,4292.210711697853,13264.415027330946,394.8329300638056,9269.41231436185,6097.2656329221945,7892.355050494185,2803.698012116615,15389.015553988162,2318.7683066331742,7418.969801469933,1140.0561693095046,6671.384628440318,6946.711977616074,12837.214508487843,3664.130434607551,7500.56964538643,14465.201467478199,14684.543517620144,9522.764258248177,8384.147740694087,8662.083663203695
FJ,14223.767159243713,16614.26463120842,11642.45746949547,16298.338062499066,3459.5502950524574,10616.636231096905,16338.868734843943,19366.48442080912,14614.198887749497,11941.628869911345,13707.79297949407,14420.286498952897,12653.111746459324,16916.81804347587,16707.59386814359,18691.69541686606,10733.957780178063,17892.327640052754,9087.647388686939,12022.37001080766,11138.728881595669,11698.921011243501,16184.843306544612,15973.080004981164,15180.520325457326,15670.62407911979,17891.524863416074,11390.06124649074,16456.426551141787,17527.210746850342,15572.54742661621,14881.524051042496,0.0,16576.81749979109,16299.555426240808,18604.884835041765,16718.893493199037,10619.020821593358,16248.190599074645,16076.838046325709,12028.323263938093,15163.152530965708,14489.11653350524,14666.900637799572,17055.863339691525,15971.506839740749,7219.789289468397,15310.34174379079,8715.992553629,8184.830871623246,14867.519775704133,9208.3135534632,15955.134274872273,18168.663542293107,13272.986678421723,10179.881630365797,18508.729634366,9915.918583166904,8728.573834583456,13896.522385117121,15070.54884987303,18616.55968810009,16165.585758358455,15261.03378993224,11229.73792403324,2591.8075392647534,13786.80947497987,11587.114696447929,11096.316981305765,3506.3311997779247,7270.00795998326,12498.588968944085,15740.327157401141,17608.392189885468,14515.169665107484,16122.58307807116,16412.483669751342,14698.654341884276,15911.004243851237,14993.206576183224,2216.4878718088403,15161.365121374429,8434.22672283059,18292.51736528745,9249.359232089999,17642.73238852873,743.2222781259544,15929.245910545002,15125.289672800167,15437.65678215794,15807.394129463804,12497.831524726587,11791.686470700519,12906.122668128752,9022.601376117009,1073.474291070342,1153.03875381655,14189.452435443198,15070.435008319888,14675.375189922963
FR,5247.246193643851,6480.8047195500585,11025.630755006467,1037.5263746075443,16917.63537856836,7923.795839306774,261.76794515586585,4062.430624207533,4838.511478335737,10047.33974237732,8706.397888002059,8473.509643382216,5663.62568366498,6026.854910819904,440.98638967634054,4715.835392498474,11627.359613785839,5063.103928567305,8235.539912036413,8632.37794115417,8922.826130728668,7729.71420097976,888.5874532933881,880.1220118488678,5586.927340008137,1028.5162528846731,1345.8479224292655,9356.099726494382,3214.633946258294,1054.2206353287124,5564.644582105378,1913.0642944778042,16576.81749979109,0.0,341.1497977927973,4807.153141334028,2101.148656258638,9004.513824984668,1252.1348247691294,778.9853995813953,6600.894573294016,3867.4391595648585,4222.557033015102,2236.7321904787145,1108.1927290162205,3372.570496284677,9737.965704971102,6470.452307387349,9951.617896368289,8989.261845586849,4413.163522939441,9249.317453122383,3199.1863959726516,1814.6775669616386,8738.697480381597,7068.777161299606,3792.418150933126,9207.427444723564,10429.064210826338,8816.82213901402,8046.988169690617,4437.067941067861,428.39172758992953,1343.5166138500856,7249.7337947759115,18980.580816307895,5618.963317979292,8668.857594448233,10245.869499110875,14556.786147355751,10757.705538010932,5940.239053946842,1370.8305434249735,1453.915618536448,4980.232064534718,1876.241728494663,1450.4592409322167,2494.0210488381886,6233.137160926508,4695.389253154605,15164.216467269052,1549.2891494547255,10742.404770656647,4197.9762876720815,9456.38937182292,1484.122123096788,16919.722023290924,2605.2100576102166,6910.826312650359,2030.3165458301612,6110.7656860333045,6177.576314828088,10931.267875909023,5164.715779199758,9212.23431863868,16328.169767885029,16082.131593032496,8652.154951764032,7567.922418911592,7914.6135259547655
GB,5478.1261216819585,6807.150235507682,11102.268069921352,1237.8300544281058,16976.59127449891,8015.217428089591,319.9080946549366,4341.528172186457,5076.851712464496,10041.302122950217,8772.672472521588,8811.482738861661,5378.074759985251,6358.423890884738,751.312567275174,4976.73423362605,11650.639354956376,5390.049043244177,8159.495498560135,8501.996904262256,8733.450246284829,7503.443245031465,1038.420479419676,933.6780131656095,5893.483921171655,957.7972582089521,1656.5822446092477,9223.660081294693,3513.224272125026,1263.9687927349041,5886.122685458142,1825.9330131984918,16299.555426240808,341.1497977927973,0.0,5094.01108636096,2394.3235623248843,8777.735970488346,1455.1752406032624,464.19140687275564,6724.002102971842,4096.27892670484,4408.690321344826,1895.7451676123248,1434.2026285343118,3644.2477979021523,9584.855356731166,6804.487905463708,10027.21231478158,8880.920559408663,4647.871479797295,9311.738494170542,3462.777377818679,2015.6973939359636,9070.662326270925,6993.018434988753,3961.923523815759,8941.67963886513,10548.649921719485,9157.679398346108,8375.767411959754,4755.038491838242,358.8427946807068,1156.4942725896335,7344.827078078921,18806.422712162086,5836.891970756703,8500.390578698907,10161.714666151413,14480.651969389353,10748.092828515446,6053.923906825333,1451.4527915116341,1584.9632431063264,5218.793170308171,2095.1743104942116,1694.1962195993058,2508.045616571664,6573.392129619725,4954.835444629185,15000.54982052629,1439.0693652990349,10859.201604289969,4365.305947198292,9543.363933383182,1825.1663376495603,16607.93167830946,2839.1944811374397,7248.407455210976,2139.351912362843,6448.622536590605,5912.468929291367,11017.684935367308,5248.259060226793,9249.152997948202,16122.229143729774,15760.217793264088,8991.386014264714,7908.669664162158,8255.716267129936
GH,6185.81623346826,2181.7570144061915,7539.559525025004,4982.696054117392,15466.274445812925,9833.431322059829,5037.691979387918,767.9145934121246,5854.440308902591,7626.938449221417,5761.1782251059785,4379.427346967634,8439.561227154014,2043.3208669383591,4643.038567774717,576.9126434510242,8563.209240922586,1314.94978052213,11825.126110302292,8186.029470285618,9242.714040386316,8973.347886902955,5124.356934898104,5355.487752609555,4815.509808110533,5674.367732104929,3472.5242188720927,8722.788375864173,4270.0929109249555,3875.784925520151,4312.516347158949,6421.808628793435,18604.884835041765,4807.153141334028,5094.01108636096,0.0,4333.583803793776,9896.546562645552,5001.084446944788,5326.419819538146,8492.768279138134,5538.752705169876,6234.104904540363,6731.8204796530135,4218.672595049595,4761.314261409261,13827.443948540278,4185.899181902206,11533.565429703634,12769.069776916134,5701.9563686252895,11174.822028045057,4837.967038477716,3225.75627215081,5891.501977097042,10812.46585044223,2203.8652813487847,10742.674108313797,11302.266760638768,4969.791423124869,3637.0276062284092,940.6043456313404,5209.997387819868,6102.669610187801,9291.197667977302,16013.257226333824,6595.449559584497,8752.089317729733,8721.901447825489,16415.169143829524,13172.528062047224,8135.24807147375,5532.277420091532,3782.929500075035,5923.260173483635,5013.888925746663,4793.832255333492,6496.545506137951,3467.091239898877,5439.21139413924,17805.570637097666,6169.917069641088,11563.025739001863,2143.667997107388,11025.064322158887,3619.353339181235,18199.750149241496,5045.437421948046,4202.317885708757,5740.228417956023,3690.7642996652767,8483.047455588956,7366.211174529676,7897.341739896499,11449.241972047112,18182.166416348875,18714.270091009577,4626.9652891296655,3905.4838464108198,4298.525071789613
GR,3259.934078702464,5296.817859625665,11672.738469495696,1282.3029356001082,15201.661293550262,6434.574552380038,2091.9969504647274,3785.9832070110488,2834.927572784527,11204.796376928234,9543.526478721476,6936.488185012915,7764.7115554242955,4764.590999785643,1660.1778839995336,4524.484494258878,12547.17636965568,3977.253028300624,7631.506142204527,10382.81703126424,10859.434969898852,9764.626189183718,1533.3027675456394,1803.6456298841938,3504.693546853235,2137.5042817193626,1833.1443937842616,11098.488501351112,1119.9840833129142,2374.062233299252,3541.0060008455616,2469.446523502244,16718.893493199037,2101.148656258638,2394.3235623248843,4333.583803793776,0.0,11033.630239904644,1123.1124277170554,2858.449617410799,5018.539102191491,1935.7996627659218,2474.4317397520963,4170.8303173744835,1053.9826873522736,1298.0510407254958,9529.986913901954,4550.99704740833,8461.742705212857,8536.453653913031,2433.470034566319,7845.115804768011,1155.3838304514172,2777.965823972774,6772.062373040666,6544.046508671455,4436.230600960842,11298.129151635198,8741.0759144703,7137.750927324684,6738.792650770621,3590.1434415502863,2163.5846088708995,2606.9423466880603,5771.80532349136,17522.839563811503,3668.330350899805,10546.60055909225,11767.93414146203,13571.617459994188,9644.711437844597,4438.915175919046,1599.730736035073,2859.446251097273,2973.0566812582124,743.2253919890985,806.5670472014759,2231.411035554138,4469.4219517260735,2633.348280356521,14626.474651716053,2410.026741429502,9057.615916728751,4796.3210435787405,7932.285448089226,1206.0742004041313,17407.35139726884,819.9324692614381,5045.850144996306,1484.282875845914,4268.2145882902305,8271.005589450659,11525.252199894341,3882.9940642247357,7933.017363609639,15912.947124361146,16929.083623801656,7065.652015003433,5929.862841604167,6223.690931081587
GT,14251.682942181737,11734.280709609455,6420.755192023765,10015.335446880184,13683.162924244902,15760.611850172598,9097.448320110629,9569.982091029093,13841.622504533721,4640.727657425348,5768.326054598091,13328.044100578263,3687.735421199343,11843.173312319313,9429.392171121845,9319.639593355423,5722.749600627286,11201.752627932046,13356.886648015177,2116.073135107074,871.6033594360345,1274.8809634200402,9809.339884247407,9645.228083144855,14154.19533147342,9476.317289126933,9364.474567510873,2108.654125122156,12063.215446316324,8708.239037590947,13846.317125088617,9941.438532779184,10619.020821593358,9004.513824984668,8777.735970488346,9896.546562645552,11033.630239904644,0.0,10232.834525188215,8338.736934204224,15044.645466665967,12870.868230655473,13154.520885663213,7517.61440974892,9979.822333427082,12331.61398438735,12336.226996784046,14062.035305544976,16653.423078250282,13029.105328272683,13417.615013956098,16126.420054257356,12179.732475083782,8544.40349210751,15545.686883835004,12865.027161037922,7920.556961921341,1059.7487880913945,17628.745613256513,14003.43077001634,12409.911744848238,10620.976660205,9098.124201892957,9227.26526742834,15298.235142006199,11457.19174924442,14613.950319746407,1350.9840054452532,3302.7766279329785,13739.713882045016,15279.46871412205,14385.793692113304,10133.278294628502,8268.96192917799,13983.054372852395,10871.634512349672,10454.863827025347,10836.730604200087,13362.256037998106,13666.763843712019,12366.888028252464,9637.728183718227,17649.592441353518,7828.603725633309,16642.35258952535,9974.920678734201,10057.892645870108,11609.274954829934,14092.582581834022,10808.802964830968,13559.461698296383,2999.246521001687,6570.092062806825,13474.56679604277,15677.846521007381,11658.392437416927,9481.350426892132,13566.091147807247,13477.110096473143,13801.452029750257
HU,4023.61962227001,6266.9544162808825,11916.724441089356,217.68611965306766,15709.405547813738,6721.140358053836,1135.3920932099727,4343.340599874998,3624.9863110176466,11134.576749140466,9653.076814942617,8019.287630007482,6796.472047013574,5753.479844112075,881.463920077626,5068.633987423496,12641.227022901528,4889.597408857391,7353.781860218676,9873.347658076464,10172.816914857254,8958.428690559973,444.4004334017189,690.808050498271,4572.722355105423,1014.8910077930082,1776.628923962432,10597.420143623656,2200.7431236054504,1981.0604444178148,4648.776628884084,1461.0199542937414,16248.190599074645,1252.1348247691294,1455.1752406032624,5001.084446944788,1123.1124277170554,10232.834525188215,0.0,1901.5495901794616,5371.670574640976,2641.976149749693,2970.6237902188727,3083.6025272874986,812.6809307134923,2240.982279197469,9068.7796423114,5673.544397429708,8760.083358453203,8188.225535630061,3194.9134304380837,8076.967772194666,2045.3134983361203,2630.959124253097,7885.882262485251,6205.5049434341145,4558.91502651151,10379.441814453254,9195.730016616893,8246.871576488053,7762.559589006524,4395.957728480194,1148.6645325670718,1484.729273946146,6045.418516981563,17974.255864451927,4382.268464453975,9920.90841609684,11446.488554843225,13588.841623283319,9693.826258092015,4721.416534542325,545.9397458681193,2478.219212323708,3766.892326761441,641.447909994874,316.63840653395647,1569.8560672128792,5582.44207223641,3520.8923406902386,14418.61383310656,1320.4978641235068,9510.522419129311,4955.080225002811,8253.709765740603,1395.6139029928274,16812.280149950857,1389.8801938141112,6168.707196050811,897.2756335053106,5389.1940590855875,7354.610614754368,11797.084285384688,3986.8319551851446,8077.337384718303,15682.736049958336,16140.371997837019,8159.011638493653,7028.161145436232,7331.924080928936
IE,5923.8961123455565,7131.738721974246,10963.902616052796,1685.9026579816245,17231.518863056976,8350.315861302937,775.9648932516885,4562.988507102027,5526.5356492300725,9803.989497148528,8630.555919875567,9180.720769777421,4915.196201182496,6702.1189088860565,1209.9062878317202,5158.689274169892,11442.072873019002,5720.183855132095,8302.046189967621,8138.553783105722,8319.881003789042,7065.83794160856,1471.0138428260452,1320.3125485216271,6356.472515912526,1242.09958731173,1977.8801409363282,8856.7321224618,3977.148840771521,1450.734830739179,6342.812754122806,2030.195609863837,16076.838046325709,778.9853995813953,464.19140687275564,5326.419819538146,2858.449617410799,8338.736934204224,1901.5495901794616,0.0,7091.8085604482685,4542.817984514807,4830.725077395999,1500.4554964353474,1886.8019993114845,4106.150794077365,9611.577678379997,7246.313439839213,10340.918973141303,8976.153134164293,5096.37025037838,9613.856824741162,3922.9133164262075,2145.935524080541,9515.977112946975,7141.591533003269,4001.085946696618,8483.607998464979,10904.28986114643,9551.445619212565,8705.484463005214,5061.35373399345,759.4389924734963,1269.2649501830545,7685.365609338961,18663.72303008677,6275.44776954692,8103.62776550452,9838.854448880353,14591.892678487326,10963.995966695824,6415.450587910601,1830.8746052475854,1639.014183384897,5668.441858684926,2542.995445683483,2152.1723513334487,2803.596450979914,6993.585272358434,5412.811808088489,14981.731875610627,1635.778556095651,11211.489082021995,4396.4121646075655,9869.938013095883,2235.4371835279026,16309.735404721625,3290.4079146148333,7681.130012400866,2523.3392297128194,6880.659106891767,5455.7085612190685,10892.817110046992,5585.4807264997835,9524.087838476455,16025.727259679677,15441.13624401331,9368.745234260821,8301.733700354489,8656.065746324166
IN,2317.3974246380553,8015.072192343541,15794.7526620095,5575.814615047639,10338.502325503718,1425.4260591415405,6426.974099842887,8274.657113128376,2639.6073872425604,16078.53522691398,14244.967094288088,8053.867126276382,11362.94782650969,7547.89499645099,6252.936234949724,8921.675432676184,16925.380558989717,7438.800480684708,3786.344323933427,15225.968636419148,15294.46960398245,13878.184236572213,5714.375857339369,5791.273241523696,4006.219196269734,5858.219645220509,6841.71964982002,15946.975034339017,4435.964091411309,7287.614249142348,4568.968215495237,5227.813402791738,12028.323263938093,6600.894573294016,6724.002102971842,8492.768279138134,5018.539102191491,15044.645466665967,5371.670574640976,7091.8085604482685,0.0,3164.7433395036114,2546.7090260688965,7607.786449727536,5929.147771473219,3964.426037095612,5855.550160203252,5427.9212039634995,3443.6508572158505,4698.888249176968,2841.7605218494946,2844.60360692903,3987.5469422820806,7789.23277228102,6151.146663776472,3334.3713933979943,9368.433249079264,14673.684770062055,3828.30825419318,7693.418548155661,8580.913637534031,7553.544289460008,6368.270749342955,5995.942926158602,802.8026518676337,12641.150365211413,1938.9378825565125,15160.952171018056,16782.759226615508,8608.376857495714,4759.988205994383,683.9640532615389,5273.3563545073075,7792.049494202723,2570.1329770881052,4813.471168195898,5261.4166969774315,4347.028704133428,6057.78869894678,3053.56116017884,9812.675486481607,5576.990338548147,4141.530296031338,9687.105127662475,2916.5977506210074,6223.652872831856,12770.653548984057,4224.800548051528,5878.312198256734,4584.987256027431,5682.182222417453,12068.739151501237,15593.100787755926,1582.849246457278,3006.513807803295,11044.279120103196,12780.748233312996,7970.766596356072,7171.498642392236,7143.804631187415
IQ,1381.865116430876,5715.380435612689,13077.344736827099,2858.767708713758,13270.524214316316,4589.887812687067,3776.3732742522907,5198.677218161767,988.7109163295127,12946.343770237669,11171.59378402501,6709.672323086053,9407.34760036553,5173.186994313452,3447.6960543627238,5891.350898560661,14090.10239496156,4721.2180728013645,6305.33148915661,12318.509979821723,12764.351950468761,11595.995418972097,3073.8912237874615,3263.7842403722684,2411.576298571018,3488.1969003952,3761.6515699271363,13033.480566997101,1297.266875022625,4303.910818056646,2754.1573784833126,3304.383097251526,15163.152530965708,3867.4391595648585,4096.27892670484,5538.752705169876,1935.7996627659218,12870.868230655473,2641.976149749693,4542.817984514807,3164.7433395036114,0.0,695.3543351183541,5586.578354963704,2952.950172056838,808.3576316226698,8367.84947578715,3913.8444581605704,6582.53183232409,7259.808101375306,556.6485489102055,6009.101108489915,826.3788138082797,4699.4401694294675,5792.26867600252,5373.664489267778,6203.778182487834,13003.401202588939,6811.440886344389,6680.143826108262,6832.61576957582,4633.444879033659,3786.285401087476,3839.2971690067534,3951.200003964381,15599.215899938392,1756.4649301802203,12470.318845165333,13655.254332347744,11773.096628383926,7901.332456163048,2664.565331447131,2816.5697836395548,4793.8007951321,1129.8193905175642,2001.1293416967983,2417.112909514975,2545.338510380684,4186.410457050851,991.4161382989465,12957.007090496078,3480.5013768818562,7127.500146109517,6526.199283840524,6047.962740074185,3127.279902795429,15905.856491529172,1262.3100974105,4468.52611382172,2212.4765626078547,3858.6109541954083,9988.446350818214,12901.293858681967,2367.1833230757184,6154.078972996598,14204.31137512977,15783.643123517279,6755.146713014095,5660.612407109616,5836.299395481913
IR,1274.193940957199,6349.174258445464,13772.581302050645,3186.5297799748423,12800.169118666774,3968.0941627326647,4092.8101316811853,5887.153946458835,1049.4171514130699,13606.712027167396,11851.642690062912,7196.386746099786,9576.188813079867,5812.686562332389,3830.4376271991973,6583.834890564577,14783.040925397077,5401.183759589083,5613.15772615063,12806.712097257418,13141.192315431652,11887.383412174817,3370.2749747957737,3514.493249461618,2794.511715311434,3679.881489759166,4303.843449131348,13528.885384789817,1984.1670599707793,4787.909984169593,3220.792363720454,3319.739999711777,14489.11653350524,4222.557033015102,4408.690321344826,6234.104904540363,2474.4317397520963,13154.520885663213,2970.6237902188727,4830.725077395999,2546.7090260688965,695.3543351183541,0.0,5708.90315614657,3422.759602167755,1490.6216622926804,7682.131431085139,4363.6053474888295,5988.157170564741,6568.6928539759865,770.087168218063,5384.351584211284,1468.7619605741875,5250.641825246008,6055.6442084581495,4698.8908509853745,6842.96170322184,13164.617042027572,6290.284934732371,7103.03733744798,7392.729788731982,5327.907798972936,4073.2517220832333,3960.8365381974227,3313.81128682458,15128.729072494789,1505.2397663613742,12889.846632997522,14242.319380626837,11139.612868451604,7243.104348582449,2000.1707802925157,3021.3371136664246,5288.464369261778,1151.6099522192203,2356.9756649708333,2801.994440140897,2466.6935935746933,4720.761323158951,1301.897476914985,12292.030479700656,3566.678095748966,6607.166199423908,7176.622311103471,5458.009069512601,3680.4731343487874,15230.190568248538,1697.8077830825946,4915.003219130118,2348.863688554225,4373.807801020238,10200.660139218906,13596.152096954607,1676.0540554133468,5503.795023664934,13551.288433039299,15088.504885999351,7218.612472902273,6158.306812506796,6298.391128644601
IS,6923.539333178569,8615.41079562491,11405.220392491123,2896.8182594820273,16737.083922213937,8672.229473964459,2134.961511615991,5963.9059666848825,6567.908775986332,9944.103937272424,9136.914609385123,10680.84407260626,3870.9616915339425,8196.385708231097,2624.51622730088,6500.290850290508,11628.550317530475,7209.486504193911,7901.3614892001115,7797.570927032017,7686.683320791061,6290.769646145785,2646.836137034245,2395.114524822388,7656.183871562711,2113.4996282484603,3474.501211291584,8473.98660234795,5278.186818323825,2897.058257257808,7710.516782360307,2424.6887604632257,14666.900637799572,2236.7321904787145,1895.7451676123248,6731.8204796530135,4170.8303173744835,7517.61440974892,3083.6025272874986,1500.4554964353474,7607.786449727536,5586.578354963704,5708.90315614657,0.0,3308.1208196752427,5312.65646446288,8820.211024374594,8676.69108262175,10502.494477273553,8402.735695999982,6138.992908861514,9750.5292234701,5108.814061328618,3506.4047709884667,10929.882617648875,6806.442418243808,5136.039844251406,7456.200767634121,11239.698460664653,11048.189687746326,10189.908371025145,6538.128730341384,2026.0385842143016,1753.2943145325473,8054.602083974954,17243.048019006088,7212.198368581913,7581.480798141756,9632.679472506867,13874.0482666161,10720.901601859063,6927.186156727841,2778.424084063683,2952.336990636599,6706.103479992107,3684.2620887172443,3386.232621929811,3319.399026359022,8467.959840114849,6537.943777899992,13929.20034315828,2142.5377258003255,11520.481284181702,5499.655854384067,10103.57728587803,3719.4129673647312,14832.523170426557,4415.215816489796,9133.917454639224,3384.94683548762,8335.648441186107,4522.0245727135625,11379.668043092304,6026.97968004123,9553.063970717369,14790.587622627118,13955.22243758964,10869.158607048143,9798.533921019092,10149.219482397159
IT,4302.817747838561,5617.9698794223505,11131.20670997276,764.2094696794076,16216.420011411574,7320.0470436892765,1173.2365012235457,3543.3535523337277,3880.462097955954,10433.852524316877,8891.366226296563,7496.048092664477,6746.931142314486,5126.896411493344,685.6423999635741,4263.6612766444105,11893.206088021416,4213.617883913756,8143.606625822012,9387.891649710753,9817.743423297845,8710.643914268696,922.81731414167,1183.3475090566692,4488.595775787954,1532.7057868729892,992.0972539136368,10108.591735901797,2134.7872271725983,1365.1557413989822,4456.489579759943,2204.4886323251985,17055.863339691525,1108.1927290162205,1434.2026285343118,4218.672595049595,1053.9826873522736,9979.822333427082,812.6809307134923,1886.8019993114845,5929.147771473219,2952.950172056838,3422.759602167755,3308.1208196752427,0.0,2352.0128338973996,9880.684200947846,5373.367125832121,9361.864770818007,8990.221254368656,3471.053978994904,8707.89954363261,2203.7045098598487,1903.2092760976723,7637.171288831973,7002.260285069533,3774.7939117306855,10254.982173131564,9712.850057099384,7792.122632480582,7152.96924247111,3667.9438428379826,1294.6009270853822,2008.243997050136,6647.0152678210125,18548.183630194897,4702.881041636061,9517.371671635088,10857.151296366306,14325.788910208874,10405.066890561595,5309.570036872611,1318.2845538649813,1866.7033208698376,4019.780679743191,1141.1271535612389,723.7054221842911,2380.4991270140295,5169.864518164059,3687.31508886442,15213.529330935113,1980.1731729298174,10029.704091564545,4165.994598971797,8841.845377807338,599.3876845207541,17593.343329897023,1726.7217900116748,5825.804280617088,1678.2650237565786,5027.819442318349,7232.448171181223,11006.27156272016,4646.293057758177,8746.234564268761,16485.727503958387,16868.24752210178,7658.184796684193,6549.815299163682,6881.550263865018
JO,1987.0819620999594,5119.138849786292,12299.105021673502,2443.61659236762,13934.272713134189,5387.961598701306,3330.4857433473035,4396.598624024931,1558.8284878052457,12138.761055370242,10364.50678529308,6353.41965849352,9020.984848909657,4570.489228979248,2934.541784610674,5095.920702220564,13294.340400488722,4021.2376944990597,7066.523961173957,11609.885101013404,12143.200010921533,11062.620696411594,2685.066791422576,2920.6203560228723,2372.741269592013,3204.6967649035714,3056.372803474376,12316.052776089125,494.32707408421885,3652.3822060412035,2553.4284598416657,3240.805298746483,15971.506839740749,3372.570496284677,3644.2477979021523,4761.314261409261,1298.0510407254958,12331.61398438735,2240.982279197469,4106.150794077365,3964.426037095612,808.3576316226698,1490.6216622926804,5312.65646446288,2352.0128338973996,0.0,9105.174958453272,3679.3975099405657,7364.814233727944,8015.682098623383,1188.5711375796006,6806.503554060942,216.80103324128072,3974.8832514780524,5762.890615165833,6093.782367328492,5405.961766606642,12579.995615161668,7547.850965962524,6418.02990309616,6358.7766586320395,3872.33458249941,3375.1371175446884,3622.4306195730383,4755.042263747083,16237.525469614664,2410.8223631364754,11815.442804142529,12876.414859179371,12569.797819449144,8708.411853756648,3472.9178730527497,2559.4417942809328,4124.261433810698,1692.7232806569575,1628.7981423564042,1959.535722411954,2647.925748768181,3803.242071464401,1335.3022553508017,13764.67733031114,3323.3305061513947,7862.053268534918,5722.985883017991,6828.989644992483,2420.8992732514102,16714.170334954226,927.2677817744711,4220.311771575693,2101.000759441679,3519.000962608515,9550.068439310315,12127.325410649015,3136.588336448829,6959.834473763205,15008.144869169928,16564.794903599075,6432.969310045837,5304.634920928144,5531.794656428988
JP,8073.544801878438,13857.461409152482,18370.21725262342,9154.186786120847,7916.886601720884,4901.783530903048,9476.221662775797,13315.136089078009,8291.489613454438,16950.315481826994,17673.237812688087,13653.33429478932,10343.49118277986,13367.324967431796,9694.21314126864,14054.143292081972,17234.770240707647,13081.012486927724,2104.0237532057217,14327.518669903713,13186.453373132155,12135.397535782979,9093.904083837317,8941.116372895822,9855.320216815546,8714.001331948875,10825.062201744677,14443.41027241777,9586.616311745503,10789.251153816349,10415.439814966736,7840.181225242526,7219.789289468397,9737.965704971102,9584.855356731166,13827.443948540278,9529.986913901954,12336.226996784046,9068.7796423114,9611.577678379997,5855.550160203252,8367.84947578715,7682.131431085139,8820.211024374594,9880.684200947846,9105.174958453272,0.0,11264.009284773352,4406.916977777725,1158.5480184415178,8320.761158222627,4147.061383152867,9008.018856215522,11544.941282910848,11410.925228771084,3017.229866541312,13529.593238896136,11318.783890147193,5316.516912091379,13127.626098930765,14341.224433781066,12973.378381681048,9314.952522971289,8428.362013784,5170.008943786941,9244.785239978763,7756.165490864612,13581.331209975016,15493.501413507556,5058.283273953319,2993.700049787857,5982.697041375959,8602.084790962797,11169.099580139571,8267.612368391501,8903.253798856409,9202.723914628741,7500.447385335149,11912.756042553481,8708.898067343061,5426.525269176748,8189.5682624323,5313.463059765426,13935.316154449201,4607.791688159286,10443.274591647834,7878.9467052105765,8787.214872935936,11676.47018662645,8224.583581872374,11537.49007151579,10926.417792606868,18576.07081605023,6007.5510338016375,3673.3588744790786,6635.901209569809,7490.349873415068,13501.046885089567,12924.217367222718,12815.550109441314
KE,3421.780492767156,2743.2396541926637,10410.808770079677,5829.050398230648,11938.438068840167,6417.460535353122,6543.9347880429905,4498.151890629254,3385.301516882441,11239.53951181834,9414.754147935433,2838.9902895598434,11852.842570511928,2414.0111493842605,6058.997219443291,4760.841542438243,11550.217666588273,2871.7419776565475,9214.097058911791,12348.95435955968,13428.6117168305,13044.065808083158,6078.608661213037,6352.944306361189,1587.024938597451,6688.348221715178,5468.388996259568,12835.633482743842,3517.610461321371,6176.5987043900495,1159.806608820494,6893.053879094669,15310.34174379079,6470.452307387349,6804.487905463708,4185.899181902206,4550.99704740833,14062.035305544976,5673.544397429708,7246.313439839213,5427.9212039634995,3913.8444581605704,4363.6053474888295,8676.69108262175,5373.367125832121,3679.3975099405657,11264.009284773352,0.0,7662.538530516556,10114.909688283768,3594.237889791934,7507.543819932747,3893.773348617082,6004.034142085109,2273.3293910009043,8646.383748691089,6163.403485931139,14829.575444959697,7236.589136086184,2767.3481394607193,3178.769098028954,3444.024949628264,6651.25998464762,7154.024015085028,6094.249650498996,13676.249196022416,3625.152539344355,12936.957115717325,12580.253595968305,12229.31389445756,9425.033674849916,5427.814219869003,6115.97738809343,6454.518927958417,3340.164013305951,5174.5439582782,5357.314809545662,6323.293987631122,755.4306811358798,3062.992722793242,13622.214416268676,6920.326031054763,7467.562130900984,6234.6746306605155,7217.238507509993,5035.009951755296,15746.060454208326,4581.087860826578,554.7964784891632,5762.3271818541925,503.3384274617205,12147.187581604869,10205.533917025108,5744.598762087555,7897.709339783662,14317.160363028535,16463.332098710063,2855.2050138214963,1822.6982899178465,1934.7986512150121
KH,5508.639725446627,10393.553164672203,16950.39440207739,8954.330281028117,6966.018406407136,2042.729941560404,9752.045280789587,11486.889405667811,5906.224749737362,18681.873610357474,17060.866366810507,9457.659816034819,13694.634790029932,10070.102646933641,9638.237997210643,12043.013351557443,17538.49640357151,10302.56564887259,3341.3041042912046,18214.627700648976,17432.099229246065,16087.134010682885,9064.990904426817,9099.966412008669,6722.1672505402785,9102.265955319388,10284.883917345715,18696.94253631968,7814.5617592343015,10711.190060704843,7243.224479021559,8345.318416726783,8715.992553629,9951.617896368289,10027.21231478158,11533.565429703634,8461.742705212857,16653.423078250282,8760.083358453203,10340.918973141303,3443.6508572158505,6582.53183232409,5988.157170564741,10502.494477273553,9361.864770818007,7364.814233727944,4406.916977777725,7662.538530516556,0.0,3627.526776096794,6195.693818355236,752.2034220837257,7408.908363562836,11232.335227401512,7142.515126046912,4036.1801968082964,12756.538990693714,15690.53956097069,992.7263690776939,8854.679751985106,10282.920434778236,10611.831272047602,9668.53605273599,9134.445047093664,2717.6784990620663,9225.745470441172,5070.947627560937,17683.09480938629,19812.239544774453,5224.373119483182,1774.253700615099,4052.8587718962995,8588.072621648058,11215.90397077624,5802.092279915378,8233.736104862584,8678.151071515771,7537.492567226419,8412.36240485777,6277.612559593695,6517.910256434691,8729.82433004941,1140.3697905830895,13045.197850890458,536.3467077262043,9667.180829297818,9444.954326766887,7667.512698897062,7905.324718798832,7922.0242639233675,8084.896309124925,14415.29162954409,16800.509473318336,4786.902607752084,1054.1754016976533,7683.227998157469,9616.154928853208,9264.195041300256,8954.722858954801,8741.291052367913
KR,6917.798948475765,12699.236686021166,19431.621304450513,8297.53365185639,8383.398878278069,3797.612686267932,8730.563569365251,12312.162088617546,7142.95395323478,17636.07067631779,17539.5016131441,12574.4634824962,10536.510102087088,12211.448901968513,8886.763265750387,13045.152782703733,18360.580038729033,11953.911288684445,958.3389564502992,14855.470153152684,13835.454721204178,12619.638675207516,8268.771620571217,8148.703873526628,8696.886277913123,7961.867597862527,9964.003557283175,15117.005996380947,8503.339014259222,10019.900842150517,9256.901270317068,7076.449214426985,8184.830871623246,8989.261845586849,8880.920559408663,12769.069776916134,8536.453653913031,13029.105328272683,8188.225535630061,8976.153134164293,4698.888249176968,7259.808101375306,6568.6928539759865,8402.735695999982,8990.221254368656,8015.682098623383,1158.5480184415178,10114.909688283768,3627.526776096794,0.0,7186.190221863438,3221.6720983810515,7931.602353584012,10756.784508836095,10387.016801755939,1996.7394602260354,12732.996313363643,12067.859883839203,4601.299368792894,12086.599075767059,13219.744785006065,11887.41498494817,8579.921511952483,7736.93982941218,4025.109780303919,9994.193199560701,6597.790083455961,14164.49025770476,16309.70237354757,5615.743207204615,2612.8130222238005,4828.37891716201,7760.66724715256,10442.178115737892,7115.825851979612,7953.138713933992,8287.665811216517,6623.6510029551755,10756.667776161159,7561.8622427533055,6233.439222745848,7449.1900939572515,4664.185115043959,13134.589981893088,3719.513508661133,9525.712985255164,8875.47262728518,7765.002447792769,10537.870724122911,7313.668925959538,10381.053121123028,11188.89291648359,19599.1973657022,4892.924671609636,2740.7404572606933,7495.652981919345,8556.653308158066,12439.33130876874,11800.38231372603,11712.296839274906
KW,835.2946650186637,5634.509033844583,13198.57392686179,3411.1980063765554,12769.49913014862,4251.197646391472,4328.048071264474,5437.822189582187,432.0643733038779,13237.374259596,11418.72813141898,6426.300469489082,9963.889572203941,5105.9479344896845,3989.2515709512104,6100.158303289575,14258.884110662933,4768.536665978436,6227.896020736547,12795.04302755796,13288.783324940263,12142.861596599532,3628.6735799694297,3820.3353699711474,2030.8981419619486,4043.794781569017,4235.439679118757,13503.187281712011,1619.015077027488,4807.416117678433,2450.8346622480844,3834.2391899680447,14867.519775704133,4413.163522939441,4647.871479797295,5701.9563686252895,2433.470034566319,13417.615013956098,3194.9134304380837,5096.37025037838,2841.7605218494946,556.6485489102055,770.087168218063,6138.992908861514,3471.053978994904,1188.5711375796006,8320.761158222627,3594.237889791934,6195.693818355236,7186.190221863438,0.0,5663.1902996691915,1282.8190875035543,5160.658591228144,5342.919529271103,5379.265660084407,6562.58389127149,13560.049472806615,6359.303993511371,6338.889428931875,6632.472107878843,4773.114373945891,4340.780339990699,4389.464960636981,3643.141225747392,15089.939683437955,1234.9607298318515,12979.972339432086,14048.621153535418,11414.55124537431,7601.639864188577,2433.291828337487,3372.082544093207,5289.659729632218,573.3171883026479,2553.5551090171584,2963.020019451662,3044.09192955812,3957.1069484917716,537.4532371362995,12651.06241647083,4024.89030828534,6673.482581511398,6864.3731708197665,5659.35338113834,3599.040661206099,15608.65099303324,1809.592331101263,4146.218432777519,2759.3484447703286,3607.0007166510914,10544.39228041099,13013.054156681255,2337.0293841154325,5848.125280494379,13867.04026996075,15598.634390627036,6449.41799115228,5388.574919083403,5529.021464960827
LA,5034.687814921841,10249.988783406647,17381.59126769774,8266.069855538797,7671.251136834923,1419.2283144649443,9042.973501196231,11049.999522740643,5410.440430395027,18746.566255388105,16886.755777255083,9555.663768916682,12983.077365418272,9877.61377849357,8950.277575591675,11652.772735454739,18165.3451053146,10000.326505602481,2772.822872325556,17482.417925977235,16833.162537205633,15425.73202232864,8366.084120277743,8389.303700311406,6414.5642240223815,8378.72797137837,9651.466204102782,18036.61003561346,7272.6053029547575,10043.35932210736,6958.159835754651,7608.723707888943,9208.3135534632,9249.317453122383,9311.738494170542,11174.822028045057,7845.115804768011,16126.420054257356,8076.967772194666,9613.856824741162,2844.60360692903,6009.101108489915,5384.351584211284,9750.5292234701,8707.89954363261,6806.503554060942,4147.061383152867,7507.543819932747,752.2034220837257,3221.6720983810515,5663.1902996691915,0.0,6832.124211901772,10596.304632339776,7274.7786761335965,3345.2210824578788,12212.172138697346,15240.326064303497,1639.8804023979283,8995.646787593367,10324.868837396978,10238.563575964086,8953.70518563622,8397.17415082617,2073.3432683043293,9900.435151284062,4606.733861782777,17015.6744143146,19347.842200308114,5764.084770806239,1998.3824199323299,3408.3921106496114,7881.048595622412,10546.76932631335,5318.211090858258,7571.605119193781,8011.617608406417,6812.862418814192,8240.660877192782,5802.1870313796035,6992.984242800758,7995.416217394354,1849.1933701052074,12525.622387796486,517.0894976156816,9045.050298810385,9947.29345023819,7038.4846166116595,7810.389837779813,7224.142375928774,7893.30932982456,13708.938124504955,17204.370881069142,4091.3604039070233,481.24834838017995,8206.057209776884,10036.544620017452,9384.114771369066,8946.745512991889,8774.954679205655
LB,2104.9694589383944,5280.659490507894,12365.167464485112,2251.254175977635,14051.623338771447,5412.9727276481635,3146.9626699032938,4440.3260140385655,1679.5578578978455,12138.912002289915,10387.026988201602,6555.722664884827,8835.199318547497,4731.574420354681,2763.8836725951246,5150.514647403035,13339.438169626197,4149.404568773106,6987.519652662062,11516.082534210535,12014.743515169577,10908.08607222061,2489.7118870976124,2719.964735235238,2586.875457339197,2998.3645161237164,2954.7817789685196,12227.059309516306,584.47635732564,3526.90188310607,2769.8783313746626,3024.0301759445492,15955.134274872273,3199.1863959726516,3462.777377818679,4837.967038477716,1155.3838304514172,12179.732475083782,2045.3134983361203,3922.9133164262075,3987.5469422820806,826.3788138082797,1468.7619605741875,5108.814061328618,2203.7045098598487,216.80103324128072,9008.018856215522,3893.773348617082,7408.908363562836,7931.602353584012,1282.8190875035543,6832.124211901772,0.0,3885.4977207745587,5979.276189661187,5992.068815800316,5383.080548768962,12403.650858222294,7626.31746294087,6628.538077414494,6544.731468296073,3965.3758975772957,3185.649663114802,3411.500373116494,4769.539478605479,16367.997386592724,2517.1502146121484,11698.644640091328,12828.965993619591,12595.217009819775,8710.473412665811,3467.6227518022993,2349.106331481118,4007.1527010786,1817.7287031876024,1424.827218022456,1771.683770687878,2436.930580321914,4006.418230673028,1496.4498224996782,13760.792400683158,3108.7219109819152,7941.735170101704,5711.01356614648,6874.328944625466,2318.498469480532,16694.528153279014,712.0484184623677,4433.491361578226,1884.2034186830722,3727.000698333214,9373.700336540738,12197.406527441306,3074.391399810389,6967.813110069805,15018.041874894254,16488.197198738973,6638.627906522358,5508.197078939523,5739.877526449239
MA,5956.886854094676,5195.819618732341,9305.417619305188,2487.879122185696,17823.98557196807,9196.660288262383,2075.7465027764333,2457.9121572263484,5529.097345106535,8530.942341815597,7024.002442289389,7359.529399478092,5854.797692873017,4841.287191069289,1870.159387744395,3016.7790489411395,10010.797136549785,3842.0694590395565,9959.705404692048,7635.020568883151,8229.332372170185,7326.780220453174,2490.884555240168,2611.9809662547964,5631.3668857963985,2831.810448801604,947.5149821768754,8342.73823891513,3603.4430310091693,760.8123052479816,5405.302959239058,3705.568629466575,18168.663542293107,1814.6775669616386,2015.6973939359636,3225.75627215081,2777.965823972774,8544.40349210751,2630.959124253097,2145.935524080541,7789.23277228102,4699.4401694294675,5250.641825246008,3506.4047709884667,1903.2092760976723,3974.8832514780524,11544.941282910848,6004.034142085109,11232.335227401512,10756.784508836095,5160.658591228144,10596.304632339776,3885.4977207745587,0.0,8214.497201998718,8800.132619655777,1986.2574109557029,9030.70859335305,11510.602148512982,7836.442536989188,6756.5806399252,3128.743164350726,2242.2927982728406,3151.447797422512,8527.574037485649,19184.614067775434,6385.01631350243,7866.965745163544,8994.063367057093,16218.435171442728,12306.704272957739,7189.637834826475,3003.7613829081456,561.1139331622182,5658.8922232853565,3043.8400608914867,2621.3009564915283,4154.088683247983,5545.672140233744,5250.266926333236,16969.936931915265,3357.2928975060963,11826.42016648286,2391.787943560576,10705.56891983213,1573.6686344540815,18185.369906753018,3564.835480066176,6314.658277637436,3528.2254241343594,5548.038188391309,6156.291767126741,9195.457649749493,6548.641721955706,10647.136952745917,18137.194571384614,17307.13399242957,7578.285436291664,6617.5283034058175,7003.075775822631
MG,4856.413755905821,3861.1712397392785,10211.246550506274,8054.310354369553,9820.610827065939,6628.508180230895,8803.579336545832,6397.009989750773,5006.227528447487,11570.52517184126,10008.810132791667,2319.45128786308,14064.268709972383,3853.164237368031,8322.465577493902,6451.635394446069,11269.738822387024,4680.577646477226,9654.934836540133,13504.884813549328,14737.686635921023,14825.711215027899,8305.359246456675,8573.70478297859,3408.376081073256,8897.593383913174,7732.1835596880965,13770.662076120137,5691.968127954924,8436.90638698471,3239.351243248947,9000.879836150667,13272.986678421723,8738.697480381597,9070.662326270925,5891.501977097042,6772.062373040666,15545.686883835004,7885.882262485251,9515.977112946975,6151.146663776472,5792.26867600252,6055.6442084581495,10929.882617648875,7637.171288831973,5762.890615165833,11410.925228771084,2273.3293910009043,7142.515126046912,10387.016801755939,5342.919529271103,7274.7786761335965,5979.276189661187,8214.497201998718,0.0,9465.940051997477,8057.699234079064,16530.69374198182,6414.079646799854,1721.2057177758531,3189.5506787287127,5371.047774348823,8904.443218929064,9348.834933725255,6573.921508313895,11415.299007323332,4856.1441823644345,14228.332545920986,13049.29079880193,10681.751147961953,8863.001161212129,6428.105704364575,8292.311948363844,8690.73011479802,4909.354955477785,7345.114276154595,7572.610786770103,8326.092148538668,2672.767201796038,4819.385088960629,11983.388931384161,9079.068247608202,6549.822352492061,8034.944837748758,6843.126767522538,7308.330104071791,13592.626689025312,6689.37697761659,1900.1439862077864,7861.081253050363,2681.454107456233,14277.323033796603,10013.351138107133,7036.636195349333,7741.985249329947,12388.683099473481,14396.552199735414,2121.860297112494,2081.382501045089,1744.4410182129682
MN,5264.383638324573,11006.666818925813,18094.04755873193,6323.466152383236,10127.211128503954,3056.3212896300965,6814.871806440438,10325.895359447359,5411.577707162017,16724.275695765722,15765.25396201863,11368.893383202101,9659.945248271877,10483.62753638158,6932.576185322295,11061.848044282866,18384.576940911007,10094.756166055999,1167.0910309962228,14185.265017099025,13504.894184252333,12080.903287707839,6309.559482680302,6208.810532470315,7111.939249019597,6050.727077411702,7982.06609542432,14692.444843600993,6572.075909101881,8077.8490625462155,7648.629399405013,5168.787189300849,10179.881630365797,7068.777161299606,6993.018434988753,10812.46585044223,6544.046508671455,12865.027161037922,6205.5049434341145,7141.591533003269,3334.3713933979943,5373.664489267778,4698.8908509853745,6806.442418243808,7002.260285069533,6093.782367328492,3017.229866541312,8646.383748691089,4036.1801968082964,1996.7394602260354,5379.265660084407,3345.2210824578788,5992.068815800316,8800.132619655777,9465.940051997477,0.0,10761.781269562665,12106.404753275441,4984.215239898464,11027.487484790476,11825.050671347806,9957.217071347306,6673.320928625783,5877.219316944668,2919.195482312107,11925.05587040784,5022.05914650997,13670.845565331236,16009.776813166116,7490.76493710484,3915.241723883254,3219.4477554898917,5796.4857302268765,8520.83408336254,5411.7112821593455,5956.590248901528,6295.273280094182,4649.3930159032025,9193.689354756072,5814.15272442797,8213.26180694492,5554.032035888165,5174.618644756113,11159.929206343231,3834.5680667942684,7531.340874988176,10864.88320665889,5781.856100220814,9137.255130620166,5324.154700035272,8819.850705750689,10379.161827431399,17995.2839601491,3042.4332197757153,2983.9335986346127,9484.194307606054,10507.232916642082,11297.423523998517,10443.522093645423,10450.27911091282
MR,7259.418679889248,4378.466955534732,7358.557192307605,4438.634933449269,17605.946831363086,10793.20276654314,4054.1817267500614,1675.1334414437247,6853.899512264291,6774.610803095771,5128.459546403109,6556.629480870978,6245.623674027655,4235.610027640013,3850.4818599509395,1703.5133004136335,8137.508915890806,3382.733265158873,11912.692846772277,6488.7079954801175,7376.337164557382,6885.613195458208,4465.037387988085,4597.162189355546,6379.217778551678,4815.61683324518,2785.467098997486,7128.44283294783,4945.20863816587,2740.343201179456,5981.189570223431,5691.630963999372,18508.729634366,3792.418150933126,3961.923523815759,2203.8652813487847,4436.230600960842,7920.556961921341,4558.91502651151,4001.085946696618,9368.433249079264,6203.778182487834,6842.96170322184,5136.039844251406,3774.7939117306855,5405.961766606642,13529.593238896136,6163.403485931139,12756.538990693714,12732.996313363643,6562.58389127149,12212.172138697346,5383.080548768962,1986.2574109557029,8057.699234079064,10761.781269562665,0.0,8671.249383870661,12808.711967521387,7165.220057854529,5759.734156119125,2728.1845980794374,4217.054635984907,5114.627142203614,10152.570245300854,17236.716067617843,7699.353905212802,6923.655017555725,7490.116918965849,17975.641260530643,14075.978566506827,8841.19398646236,4972.338234602186,2381.3092877265813,6962.507246677803,4877.000461469822,4494.693910062419,6113.2135948693995,5508.973857061588,6495.048883295423,18955.942644839048,5340.09241759298,13107.74181665337,405.7375690266554,12220.298919239776,3294.581829829968,17831.349216080394,5256.139616466288,6282.334634278068,5448.602498934778,5660.552466948839,6280.272965900277,7238.347830797109,8318.324805835662,12346.270205401805,19577.652979407467,17399.24361846586,6809.220088652382,6106.4975703158525,6500.632048481067
MX,14368.22803756993,12679.078203838877,7372.308131811268,10166.359991737414,13179.187255642872,15118.666153073525,9258.834302317056,10343.5478004047,13992.111771365862,5639.38775677616,6827.142656438756,14365.288423912965,3598.308798337808,12740.378395838092,9645.883217703995,10168.911185942317,6588.132055113714,12024.178243080732,12474.484204037479,3175.5874499646543,1929.9730757034913,1785.9571525739616,9939.588909082737,9740.126910212532,14647.816214863233,9521.79596447135,9769.285470457762,3130.5239813665785,12386.314913876035,9078.13985240458,14431.004638352826,9855.858846180436,9915.918583166904,9207.427444723564,8941.67963886513,10742.674108313797,11298.129151635198,1059.7487880913945,10379.441814453254,8483.607998464979,14673.684770062055,13003.401202588939,13164.617042027572,7456.200767634121,10254.982173131564,12579.995615161668,11318.783890147193,14829.575444959697,15690.53956097069,12067.859883839203,13560.049472806615,15240.326064303497,12403.650858222294,9030.70859335305,16530.69374198182,12106.404753275441,8671.249383870661,0.0,16634.32204066329,15045.390399139493,13441.826199324532,11398.49344176858,9230.824470291544,9207.206656401106,14764.0983133296,11096.668791733968,14668.398228609823,2408.372769610331,4242.004305490678,12837.092838602022,14235.182311520231,14066.453084225219,10192.871677759145,8683.463178335352,14133.071805918884,11019.112213552125,10635.443629419437,10735.215575427284,14176.133129350143,13896.334176917055,11499.140357591721,9597.983316257523,16619.715449178875,8626.492575918614,15755.522525889133,10344.659740336068,9422.267789051213,11768.795374105772,14938.231690550672,10833.717889250147,14328.303430681613,3030.093510534221,7532.566339585039,13173.101091980598,14772.36666926787,10914.54079434984,8763.774299485003,14607.47105898857,14449.658732195481,14791.10168854421
MY,5593.706838704347,9903.39358541899,15967.59980860726,9401.865294019592,6520.550088731684,2578.596726870454,10254.209183657,11376.553162251932,6014.836125584849,17758.428673632912,16422.814195799372,8730.403703552773,14615.980355359012,9644.319780377728,10075.908706620723,11847.990975704064,16560.585837942457,10015.409904093569,4332.637278888493,19032.67962698383,18424.3764719634,17061.620354567873,9542.677702814866,9615.08570758263,6519.654749252713,9664.003448343146,10572.290569185669,19676.489497747305,7957.843206792961,11077.974673965115,6996.0854221014015,8971.024211314423,8728.573834583456,10429.064210826338,10548.649921719485,11302.266760638768,8741.0759144703,17628.745613256513,9195.730016616893,10904.28986114643,3828.30825419318,6811.440886344389,6290.284934732371,11239.698460664653,9712.850057099384,7547.850965962524,5316.516912091379,7236.589136086184,992.7263690776939,4601.299368792894,6359.303993511371,1639.8804023979283,7626.31746294087,11510.602148512982,6414.079646799854,4984.215239898464,12808.711967521387,16634.32204066329,0.0,8095.990205945421,9597.69909703597,10420.365898604718,10191.674131483782,9756.41766681565,3226.98966265436,8841.078241919804,5155.848807870263,18655.00400175422,19013.09740368873,5235.816802181299,2466.062114353582,4494.739093847033,9097.205754114833,11578.724073923351,5894.0563868425525,8621.965101579704,9070.83880484272,8120.2776123462945,7991.721981182306,6341.828455301534,6609.321546619804,9341.491142366964,316.8988719686071,13043.639094479997,1177.7394610704162,9938.654532736822,9425.701750275633,7987.759450740217,7402.73482591565,8411.290456319653,7695.632173548251,15344.127499182949,15824.497372452375,5322.883501830892,2027.1201148112582,7662.006962397205,9730.400411529747,8519.437119588007,8338.146049124984,8085.2629079196995
MZ,6051.049936842217,2788.2828410723064,8507.109900667885,8371.156062152919,10506.36445784873,8304.401239123861,8948.038994422886,5624.397714537037,6089.303395334645,9852.298034580022,8332.123210691752,687.5487184203506,13409.025150559444,3020.306483356336,8456.267008823646,5466.994901912477,9584.087391541141,4006.5308822985903,11320.970803223154,11905.924348091476,13155.987918877652,13501.118770054703,8610.557838563356,8891.673508625014,4308.674219771922,9242.960590860997,7601.58866418694,12106.97224410608,6199.177474706413,8250.042843932693,3926.95120365546,9571.129430471336,13896.522385117121,8816.82213901402,9157.679398346108,4969.791423124869,7137.750927324684,14003.43077001634,8246.871576488053,9551.445619212565,7693.418548155661,6680.143826108262,7103.03733744798,11048.189687746326,7792.122632480582,6418.02990309616,13127.626098930765,2767.3481394607193,8854.679751985106,12086.599075767059,6338.889428931875,8995.646787593367,6628.538077414494,7836.442536989188,1721.2057177758531,11027.487484790476,7165.220057854529,15045.390399139493,8095.990205945421,0.0,1617.1547081063597,4730.997452941835,9083.249368202642,9724.4459678251,8193.637791248608,11604.95920597465,6158.293019955521,12656.475562519694,11332.632121438339,11945.441730460221,10557.130368226006,7873.69094472026,8736.506463987955,8375.383595609803,6024.231499071567,7821.859333630893,7933.056208511094,9065.46293016901,2669.6373755290924,5802.455896759946,13115.160110203267,9547.421205402194,8211.201838878242,7045.149278109172,8563.67610171478,7332.856636778241,13998.125858937601,7293.386326850938,2213.618958304214,8463.405909920784,2906.8939237546506,13410.253666305256,8307.240405775214,8354.510013635863,9461.885456547925,13214.459514047772,14881.055520309317,437.9605499282224,1249.7314422495083,915.057328610879
NA,6581.868236949095,1574.5135840058651,7339.197877510938,7838.132899304869,11855.921287403067,9439.496042437622,8226.771635453277,4366.009554864845,6496.014038792396,8466.252155247985,6828.16195862927,929.6728027693109,11972.26862877857,2027.3653325027924,7755.524094550154,4062.6444964845045,8466.43790639447,2986.787908919068,12354.172451785,10330.568281485906,11574.615679372126,11884.975077196752,8051.414146046926,8326.250387581526,4729.485867346799,8680.52835091602,6730.898039749801,10581.520660810209,6016.843830308632,7296.172308566339,4216.607341198862,9198.5762078338,15070.54884987303,8046.988169690617,8375.767411959754,3637.0276062284092,6738.792650770621,12409.911744848238,7762.559589006524,8705.484463005214,8580.913637534031,6832.61576957582,7392.729788731982,10189.908371025145,7152.96924247111,6358.7766586320395,14341.224433781066,3178.769098028954,10282.920434778236,13219.744785006065,6632.472107878843,10324.868837396978,6544.731468296073,6756.5806399252,3189.5506787287127,11825.050671347806,5759.734156119125,13441.826199324532,9597.69909703597,1617.1547081063597,0.0,3653.3293871807696,8383.482462412901,9160.211392229196,9202.37657392383,12569.98407116899,6803.246948262947,11069.957720468175,9925.153513447578,13534.88492888127,12030.828425400887,8606.549409663012,8297.063157621911,7316.067913645264,6470.381172214637,7475.780121390986,7469.8566486768905,8893.567775530326,2677.9291786461395,6130.030558356236,14643.04460874487,9079.355011301726,9739.086048355242,5586.623729451651,9936.92515640258,6611.458997248667,14989.71872040495,7110.17045770758,2702.8893300005825,8193.840454900606,3038.8840219415974,11891.452773060013,7133.64151997471,8888.634914198521,10768.483590933281,14565.93314852716,15864.550532124316,1184.2314005778449,1419.3962386925864,1550.0734878251449
NG,5245.328758553293,2080.1823760601865,8446.362395848217,4414.973244125714,15163.69563184826,8893.098615055616,4638.436089918479,1055.2543548210106,4916.268009823547,8566.91342320532,6701.782316617511,4231.83604795722,8769.14706891505,1716.2920067157297,4193.306832302945,1433.9712633530044,9486.770070583298,725.8200166346395,10936.133047329091,9018.876991242843,10020.88222365207,9613.284642989369,4590.75887459047,4846.239230895395,3908.27915327782,5187.209035774714,3099.0147228469714,9586.003805156184,3387.4680508755546,3642.923695107211,3425.380993916935,5852.2306591964625,18616.55968810009,4437.067941067861,4755.038491838242,940.6043456313404,3590.1434415502863,10620.976660205,4395.957728480194,5061.35373399345,7553.544289460008,4633.444879033659,5327.907798972936,6538.128730341384,3667.9438428379826,3872.33458249941,12973.378381681048,3444.024949628264,10611.831272047602,11887.41498494817,4773.114373945891,10238.563575964086,3965.3758975772957,3128.743164350726,5371.047774348823,9957.217071347306,2728.1845980794374,11398.49344176858,10420.365898604718,4730.997452941835,3653.3293871807696,0.0,4803.701354562851,5646.7717130159035,8351.350478609456,16223.187399540882,5654.964293731907,9543.62386190842,9643.897366310626,15606.654160001539,12235.34688266842,7205.476952378416,4940.545235260267,3682.00110841764,4983.643582531216,4307.757882103816,4151.574454930787,5807.769283957347,2781.0426121241567,4500.0833361671885,17006.510043026243,5648.083214797142,10690.478531487915,2792.475346325268,10098.775445297742,3081.572525734272,18639.326726091025,4240.937563878063,3557.1927842916293,5050.317778330715,2940.7115469264595,8912.837189115719,8268.41120304098,6999.260211789585,10509.155498205999,17742.05773187746,19472.45327265993,4454.133473532923,3546.7169108009534,3941.454327675122
NL,5166.5667810755085,6826.04260195697,11420.79314209203,936.1554147942668,16620.528265072542,7656.49679159308,173.51476561305708,4471.699890142641,4771.600892243813,10390.174788507562,9095.395184382438,8771.094108352774,5650.389098226851,6357.542309053761,631.900802626403,5133.948939712574,11991.522122394139,5409.237826648415,7840.400371133997,8857.739182265888,9073.103430286952,7825.276928966578,712.5813811678398,577.0085813772484,5667.228205834269,622.7356727209979,1738.248506848775,9578.921669493722,3281.685911866004,1481.542258526469,5692.490720486377,1506.1678883392688,16165.585758358455,428.39172758992953,358.8427946807068,5209.997387819868,2163.5846088708995,9098.124201892957,1148.6645325670718,759.4389924734963,6368.270749342955,3786.285401087476,4073.2517220832333,2026.0385842143016,1294.6009270853822,3375.1371175446884,9314.952522971289,6651.25998464762,9668.53605273599,8579.921511952483,4340.780339990699,8953.70518563622,3185.649663114802,2242.2927982728406,8904.443218929064,6673.320928625783,4217.054635984907,9230.824470291544,10191.674131483782,9083.249368202642,8383.482462412901,4803.701354562851,0.0,916.4123574186069,6986.280769995927,18559.7377139544,5516.176605599555,8847.585782259703,10520.554598873148,14164.081545855348,10403.669642766034,5697.10532452438,1094.9218044055763,1863.734590183404,4913.428694703748,1789.2358717064328,1415.6122859663958,2153.7587182460625,6464.278220805646,4668.278240051819,14740.246397114142,1131.6300553848139,10501.875707111722,4622.391187616452,9184.527369269523,1776.5520601210303,16539.823296008486,2538.4405504203605,7113.778557184179,1785.0113835275376,6317.524898484901,6206.190650303078,11331.131884206841,4889.475570266186,8893.9631609998,15899.792139573194,15721.94096172607,8939.953838554835,7838.67800934252,8174.03361476448
NO,5170.2750948772,7625.360370993152,12224.016263540156,1353.7936301633047,15966.082912956443,7181.762061567684,1088.7762086732355,5373.330022819544,4817.139769660382,11065.49463544492,9890.673869295977,9474.007097347607,5615.364370869781,7134.842377574261,1462.9195987065182,6044.687371685918,12709.777899866678,6217.574630030544,7040.101298011618,9277.765385828061,9325.510938704634,7978.480283871845,1119.755523650248,839.4791498459016,5992.0765318568165,484.1303081437072,2632.9504054733866,9984.620111587343,3657.274374511535,2391.208799044871,6109.632738802692,789.3307636306301,15261.03378993224,1343.5166138500856,1156.4942725896335,6102.669610187801,2606.9423466880603,9227.26526742834,1484.729273946146,1269.2649501830545,5995.942926158602,3839.2971690067534,3960.8365381974227,1753.2943145325473,2008.243997050136,3622.4306195730383,8428.362013784,7154.024015085028,9134.445047093664,7736.93982941218,4389.464960636981,8397.17415082617,3411.500373116494,3151.447797422512,9348.834933725255,5877.219316944668,5114.627142203614,9207.206656401106,9756.41766681565,9724.4459678251,9160.211392229196,5646.7717130159035,916.4123574186069,0.0,6529.835022210055,17661.515954076174,5461.804761008516,9165.235256418691,11033.614836586856,13347.648509367631,9696.528062913647,5312.256150502484,1063.2419616955133,2741.1243604470806,4954.737446585661,2006.5511499337738,1801.2326786764495,1648.9149949297591,7064.031960259741,4801.67564551418,13845.907299820974,419.02432565533144,10056.000762360305,5518.823019077122,8681.465564165668,2570.7061169190347,15671.663786763896,2704.0156611690363,7652.737178326697,1632.1575353448625,6873.9152196927225,6247.236504991629,12147.57168377732,4442.2258070473,8283.764374187,14987.37502561388,14885.68884978876,9623.202914754816,8498.263443511198,8809.419092122484
NP,3108.7945625465486,8739.386510066946,16503.735410471145,6242.139134758255,9670.844258688961,675.7528161493473,7059.572674287555,9077.385462712675,3440.545536991267,16880.50847468143,15046.568108631249,8610.287488584752,11681.246053001407,8288.432568352613,6925.155692003321,9723.72006323619,17643.376628129412,8220.35109937772,3157.65958657806,15807.600291009303,15686.030821886743,14225.272313625146,6361.313995681314,6412.235548972602,4738.757954260722,6443.487412721989,7581.479181116533,16511.258148667985,5230.8283028750475,7993.666046350147,5302.269488847692,5745.497641830409,11229.73792403324,7249.7337947759115,7344.827078078921,9291.197667977302,5771.80532349136,15298.235142006199,6045.418516981563,7685.365609338961,802.8026518676337,3951.200003964381,3313.81128682458,8054.602083974954,6647.0152678210125,4755.042263747083,5170.008943786941,6094.249650498996,2717.6784990620663,4025.109780303919,3643.141225747392,2073.3432683043293,4769.539478605479,8527.574037485649,6573.921508313895,2919.195482312107,10152.570245300854,14764.0983133296,3226.98966265436,8193.637791248608,9202.37657392383,8351.350478609456,6986.280769995927,6529.835022210055,0.0,11943.300555827274,2715.5419509364065,15632.976078637377,17491.88351560836,7826.998989132811,3959.9675130027895,1338.1883486401364,5896.207924333988,8498.332396350197,3367.995979004616,5516.46712099343,5960.52053696068,4893.9537573865955,6755.956224602809,3852.635044114337,9015.144334707087,6114.564877452548,3529.335073429375,10477.335395655235,2208.5912302980732,6972.408578079292,11972.504118707804,4966.330119114702,6513.105469763539,5219.978400486919,6383.482199534925,12405.133485744807,16298.878357970645,2099.893691661445,2207.187891160316,10253.409695075909,11978.672131238565,8503.786250301178,7783.812557262222,7719.837928273884
NZ,14263.06769834562,14143.139009143959,10003.231625456845,18152.820617805537,2331.7654440152487,11267.899459200993,18719.4487429819,16778.500899967596,14688.665376902705,10915.282420203946,12315.070951453863,12031.748594798402,14472.518850835871,14541.358911281312,18826.577824444394,16184.01125219005,9368.814614614528,15537.243524289217,10759.510305075924,12107.72103768077,11662.79477665412,12714.607990582293,18206.277156614095,18133.546853189033,14286.227514669154,17952.28436880554,19142.8906277313,11386.291413396459,16524.182617665698,19851.726976157825,14423.0253472428,17068.725016057746,2591.8075392647534,18980.580816307895,18806.422712162086,16013.257226333824,17522.839563811503,11457.19174924442,17974.255864451927,18663.72303008677,12641.150365211413,15599.215899938392,15128.729072494789,17243.048019006088,18548.183630194897,16237.525469614664,9244.785239978763,13676.249196022416,9225.745470441172,9994.193199560701,15089.939683437955,9900.435151284062,16367.997386592724,19184.614067775434,11415.299007323332,11925.05587040784,17236.716067617843,11096.668791733968,8841.078241919804,11604.95920597465,12569.98407116899,16223.187399540882,18559.7377139544,17661.515954076174,11943.300555827274,0.0,13855.49789049105,11974.447415972587,10603.194453734135,4448.034641920524,8297.851486247824,13275.521678301031,17691.173617194832,19574.147927995775,14551.201162563011,17454.50767769802,17901.747623896885,16540.092712129524,14042.885338535352,14909.574515612963,3819.856517654063,17431.595018365642,8524.39955416985,16831.97657147853,9738.52130758697,18600.746151243373,2425.725764193346,16822.326113303774,13304.17710041557,17096.747525416675,14095.79245940337,14074.670366616207,10101.157026924444,13988.425615157512,9897.357844060565,2684.5348126322237,3311.7401942995084,11827.417766624114,12846.136861411627,12473.36089852098
OM,440.187661932778,6101.5062471645315,13870.747694558586,4599.909495521342,11534.640487530218,3238.4128398914418,5517.391387509949,6443.77059012332,859.4886298592833,14220.767283019666,12356.150322922898,6399.3336819828055,11076.106252941312,5621.0899926077,5202.706901692483,7052.800031554935,14993.02552576479,5504.924641725292,5661.102124632659,14019.246593920407,14519.431845781388,13340.164240085212,4804.65729474266,4974.037962957967,2107.7244409985447,5163.63756298397,5465.979886221357,14721.75622766566,2802.585102734552,6042.341631336514,2662.3993645946325,4823.740914937894,13786.80947497987,5618.963317979292,5836.891970756703,6595.449559584497,3668.330350899805,14613.950319746407,4382.268464453975,6275.44776954692,1938.9378825565125,1756.4649301802203,1505.2397663613742,7212.198368581913,4702.881041636061,2410.8223631364754,7756.165490864612,3625.152539344355,5070.947627560937,6597.790083455961,1234.9607298318515,4606.733861782777,2517.1502146121484,6385.01631350243,4856.1441823644345,5022.05914650997,7699.353905212802,14668.398228609823,5155.848807870263,6158.293019955521,6803.246948262947,5654.964293731907,5516.176605599555,5461.804761008516,2715.5419509364065,13855.49789049105,0.0,14214.909294179639,15180.083604309139,10290.96324044929,6592.075522978374,1807.4470969358867,4497.163082116284,6524.297409161879,739.3693190461778,3745.3584592649654,4170.104789810405,3961.5929944091577,4188.999152971988,1206.784041783346,11582.684242052414,5070.737221302157,5467.365629106078,7976.044137614642,4537.485392531595,4829.857022955794,14515.12804919279,3016.478102837385,4126.612499080772,3839.8939773738857,3812.71147026301,11689.9562924408,13671.642688840044,2201.4226150239397,4855.111716363418,12750.224542391523,14642.04782599259,6362.647238799406,5433.0715209639375,5474.602152855096
PA,13801.249808949733,10470.26967782858,5312.112813868624,9706.17311078121,14297.529795682576,16227.84013054298,8810.654860559776,8513.994834411584,13373.512149207654,3471.787277198624,4431.9028156485865,11983.993488085127,4056.260713036291,10624.477913150193,9060.368796899827,8178.688515294056,4787.339784314524,10067.003575898221,14349.119210189101,772.3174304369114,511.08778858163697,1596.2643655202978,9534.130280768832,9420.904219584527,13294.11307413061,9321.129519912505,8762.377481523485,1021.9236874051794,11469.05037626713,8172.567904624895,12903.886295266064,9934.218601915914,11587.114696447929,8668.857594448233,8500.390578698907,8752.089317729733,10546.60055909225,1350.9840054452532,9920.90841609684,8103.62776550452,15160.952171018056,12470.318845165333,12889.846632997522,7581.480798141756,9517.371671635088,11815.442804142529,13581.331209975016,12936.957115717325,17683.09480938629,14164.49025770476,12979.972339432086,17015.6744143146,11698.644640091328,7866.965745163544,14228.332545920986,13670.845565331236,6923.655017555725,2408.372769610331,18655.00400175422,12656.475562519694,11069.957720468175,9543.62386190842,8847.585782259703,9165.235256418691,15632.976078637377,11974.447415972587,14214.909294179639,0.0,2340.292949252986,14905.168782372046,16564.39520453176,14477.068016496049,9934.361079191727,7692.408213037765,13508.165912051369,10534.258083365747,10092.24832389941,10814.110618690618,12206.211754627206,13115.590962944276,13507.477581404259,9584.237930516418,18811.325627285587,6773.2927143419865,17491.096178034866,9395.930575086064,10957.506066054457,11228.512938408247,12896.722693608579,10626.926475769636,12442.84133058522,3325.215648522738,5438.859095379452,13594.59557031042,16634.156900402486,12655.066621646383,10488.785035384819,12219.6658686556,12179.37528953887,12489.018284524771
PE,14741.890386756126,9845.778856925126,3130.6695211171427,11249.921062252488,12870.966935523227,18167.538095071344,10441.056690072153,8768.043684457189,14342.455710328884,1482.0785920529122,3172.9910685849954,10739.133696106184,6365.101501579229,10175.188038895794,10566.75972689472,8212.752698894894,2457.690639615083,9951.176482348146,16647.408363779676,1869.717421500606,2552.54393375455,3934.4158820381067,11133.700184690664,11091.52456248637,13532.7023202281,11079.590712292826,9941.552381823174,1318.3930066843552,12429.606272791647,9503.708312480001,13010.580677525299,11822.926389926623,11096.316981305765,10245.869499110875,10161.714666151413,8721.901447825489,11767.93414146203,3302.7766279329785,11446.488554843225,9838.854448880353,16782.759226615508,13655.254332347744,14242.319380626837,9632.679472506867,10857.151296366306,12876.414859179371,15493.501413507556,12580.253595968305,19812.239544774453,16309.70237354757,14048.621153535418,19347.842200308114,12828.965993619591,8994.063367057093,13049.29079880193,16009.776813166116,7490.116918965849,4242.004305490678,19013.09740368873,11332.632121438339,9925.153513447578,9643.897366310626,10520.554598873148,11033.614836586856,17491.88351560836,10603.194453734135,15180.083604309139,2340.292949252986,0.0,14588.498067915374,18061.562360216984,16162.263423580987,11605.331422578916,8998.891148044428,14447.728724700153,11981.270210655885,11535.537605537229,12642.025820968918,11831.762266437076,13973.306966781403,13294.362041871036,11441.259792616573,18810.963551971927,7204.605952041671,19698.995438807557,10561.981573914787,10367.513976107744,12558.030392220066,12329.431436465999,12276.18489244182,12161.536840103645,5639.750595100949,3291.115964347781,15408.316722980486,18964.769886212795,12129.511836649277,10196.702414777266,10927.706572983134,11264.630172457417,11470.250890453255
PG,10729.98816098116,14542.889044501804,14437.074373161806,13739.735588245278,2866.113530656194,7183.243281654223,14304.696673760016,16603.261617751927,11130.440798433927,15265.622846235166,16761.181546660533,12623.264357336613,14308.417166717092,14483.129365681863,14388.294225206813,16989.120834266345,13802.823561352765,15100.486183527944,6323.6817441966605,15447.098609376797,14414.698273145978,14552.434314558746,13763.416223806144,13688.346093644104,11743.550023579086,13541.487128213237,15312.066186579557,14860.747037631605,13030.990490856027,15540.973209283286,12194.499116850557,12659.029661015238,3506.3311997779247,14556.786147355751,14480.651969389353,16415.169143829524,13571.617459994188,13739.713882045016,13588.841623283319,14591.892678487326,8608.376857495714,11773.096628383926,11139.612868451604,13874.0482666161,14325.788910208874,12569.797819449144,5058.283273953319,12229.31389445756,5224.373119483182,5615.743207204615,11414.55124537431,5764.084770806239,12595.217009819775,16218.435171442728,10681.751147961953,7490.76493710484,17975.641260530643,12837.092838602022,5235.816802181299,11945.441730460221,13534.88492888127,15606.654160001539,14164.081545855348,13347.648509367631,7826.998989132811,4448.034641920524,10290.96324044929,14905.168782372046,14588.498067915374,0.0,3931.640134423067,9144.93118854706,13247.047449270145,16003.679126391928,11024.985693929128,13192.788121498259,13603.105973365227,12093.85832023428,12953.033579385467,11497.442312593934,1400.9053079154696,13042.012185251673,4949.569377006219,18265.800822091296,5760.1419920789895,14746.870926639749,4225.20134482748,12753.447423839452,12237.215546806916,12691.987340355032,12724.74374230604,14552.442173548901,14521.525192227848,9705.131911795008,5641.408011302688,2459.440466681962,4498.922405482294,12362.594879149588,12756.342712427797,12393.179205115552
PH,7014.299387195103,12162.128893919244,17788.20333536327,9859.186538202646,6269.920053818219,3362.196759695326,10522.476509146825,13025.225265707179,7376.993492955646,19196.93564712891,18834.978421995093,11182.39462283582,13148.893379643874,11824.345636785823,10528.815966532546,13644.470254456088,17614.831522245775,11993.827261165852,2841.990869314639,17318.972788215247,16144.907937776225,15124.05178168228,9912.300466126479,9877.59768324053,8405.241707130703,9790.318697808207,11385.615764278304,17354.038480459047,9188.405775476658,11671.011912853837,8943.42800028437,8939.979930604915,7270.00795998326,10757.705538010932,10748.092828515446,13172.528062047224,9644.711437844597,15279.46871412205,9693.826258092015,10963.995966695824,4759.988205994383,7901.332456163048,7243.104348582449,10720.901601859063,10405.066890561595,8708.411853756648,2993.700049787857,9425.033674849916,1774.253700615099,2612.8130222238005,7601.639864188577,1998.3824199323299,8710.473412665811,12306.704272957739,8863.001161212129,3915.241723883254,14075.978566506827,14235.182311520231,2466.062114353582,10557.130368226006,12030.828425400887,12235.34688266842,10403.669642766034,9696.528062913647,3959.9675130027895,8297.851486247824,6592.075522978374,16564.39520453176,18061.562360216984,3931.640134423067,0.0,5243.043281285031,9401.353126559421,12158.658514091412,7291.758975073772,9267.287468906932,9685.404935606488,8263.687185942246,10171.17863455256,7777.541785883041,5056.831216644656,9334.537508472053,2390.7414869355152,14418.882901521349,2210.5386059799803,10815.233024948906,8012.961117653795,8825.320128288235,9678.483597737211,8803.13834931306,9836.326500520754,13794.409050888704,17743.036030345735,5773.5325339047295,1753.51520467526,6308.201415244423,8050.747558318936,10977.236086385761,10721.906817723646,10497.794552044848
PK,2091.9306741687183,7881.321787923071,15601.725953155386,4921.963314510675,10988.77817833369,2010.504192418624,5760.264363871195,7850.568860034789,2325.1125967531184,15606.52844624537,13831.892357763147,8167.260396898393,10699.32409267107,7384.78330799907,5602.650880161092,8526.79480076227,16686.183395308064,7166.256842900014,3879.3914083676773,14553.253604343023,14613.374397280384,13204.575340376712,5052.154825218318,5120.406237354785,3911.3560976203175,5179.465966475824,6243.845068536664,15272.182699072811,3959.781346765724,6659.012517572479,4460.31441309416,4543.885658949807,12498.588968944085,5940.239053946842,6053.923906825333,8135.24807147375,4438.915175919046,14385.793692113304,4721.416534542325,6415.450587910601,683.9640532615389,2664.565331447131,2000.1707802925157,6927.186156727841,5309.570036872611,3472.9178730527497,5982.697041375959,5427.814219869003,4052.8587718962995,4828.37891716201,2433.291828337487,3408.3921106496114,3467.6227518022993,7189.637834826475,6428.105704364575,3219.4477554898917,8841.19398646236,14066.453084225219,4494.739093847033,7873.69094472026,8606.549409663012,7205.476952378416,5697.10532452438,5312.256150502484,1338.1883486401364,13275.521678301031,1807.4470969358867,14477.068016496049,16162.263423580987,9144.93118854706,5243.043281285031,0.0,4602.495627474602,7163.814796154422,2289.536346758989,4181.35055314904,4626.743529520161,3663.3667982996626,5994.698195141419,2746.9203972212576,10294.663499002647,4893.339704305134,4805.798234579985,9176.75777699108,3537.00596976539,5636.8914473679415,13241.317413414403,3630.164700361784,5918.593677349072,3917.0789197104828,5618.749031727315,11400.093863122374,15409.46849362355,911.254687093418,3505.121440740511,11551.16050769493,13168.19848410069,8112.013533205837,7225.3236694345605,7244.442054747014
PL,4175.80094245249,6809.113037552695,12308.20746555706,558.5513685060813,15552.021357649579,6568.012073729416,1164.2804551704378,4861.617682278764,3803.3801262597153,11410.709840328795,10013.245328845951,8531.722709525993,6594.700288950723,6292.977025299909,1141.6468394127312,5580.516533145166,12969.852106776598,5434.864280700267,6956.214835268704,9952.660970335612,10147.313163805313,8866.37638094493,516.4122231271565,517.9674462482383,4928.894075492878,671.7260476633663,2223.061077794254,10673.784107246698,2605.2551344227354,2294.1560974438808,5054.603703831145,915.2000736428832,15740.327157401141,1370.8305434249735,1451.4527915116341,5532.277420091532,1599.730736035073,10133.278294628502,545.9397458681193,1830.8746052475854,5273.3563545073075,2816.5697836395548,3021.3371136664246,2778.424084063683,1318.2845538649813,2559.4417942809328,8602.084790962797,6115.97738809343,8588.072621648058,7760.66724715256,3372.082544093207,7881.048595622412,2349.106331481118,3003.7613829081456,8292.311948363844,5796.4857302268765,4972.338234602186,10192.871677759145,9097.205754114833,8736.506463987955,8297.063157621911,4940.545235260267,1094.9218044055763,1063.2419616955133,5896.207924333988,17691.173617194832,4497.163082116284,9934.361079191727,11605.331422578916,13247.047449270145,9401.353126559421,4602.495627474602,0.0,2764.3828082154164,3943.3388240871404,947.2518794955888,827.2980335652052,1153.7042757281965,6067.352656633549,3759.573078472261,13992.101593667861,811.0678916510533,9407.779211369656,5374.182544640709,8098.393477126799,1915.2358250220718,16281.357680931698,1643.9711830727663,6625.089583909204,692.6191579526396,5857.107535705121,7193.4756064615285,12199.21005435099,3802.985324265376,7841.5860049775565,15235.315957231514,15595.983321214448,8664.282423992168,7529.247026898163,7822.841069298793
PT,6108.881907285131,5753.282352388308,9574.20669056964,2302.4863004695203,18058.241733092265,9173.202508931836,1711.6666137067239,3015.494551937982,5681.30213547512,8662.672975191843,7260.226545104273,7909.601674349582,5399.63090845621,5390.912322607045,1629.9723243148233,3555.3685002596494,10205.486707859607,4391.018753904608,9687.15424475197,7528.581774689585,8021.945815011677,7024.899094820372,2249.7437527457655,2315.454518326916,5964.362975641131,2480.3145222311273,1095.7494836242417,8247.329989208523,3804.4459470065553,504.8178933567692,5784.177787414981,3365.791975654019,17608.392189885468,1453.915618536448,1584.9632431063264,3782.929500075035,2859.446251097273,8268.96192917799,2478.219212323708,1639.014183384897,7792.049494202723,4793.8007951321,5288.464369261778,2952.336990636599,1866.7033208698376,4124.261433810698,11169.099580139571,6454.518927958417,11215.90397077624,10442.178115737892,5289.659729632218,10546.76932631335,4007.1527010786,561.1139331622182,8690.73011479802,8520.83408336254,2381.3092877265813,8683.463178335352,11578.724073923351,8375.383595609803,7316.067913645264,3682.00110841764,1863.734590183404,2741.1243604470806,8498.332396350197,19574.147927995775,6524.297409161879,7692.408213037765,8998.891148044428,16003.679126391928,12158.658514091412,7163.814796154422,2764.3828082154164,0.0,5816.574644680826,2982.4697794552976,2537.848986406523,3914.4159356158557,6032.752301796642,5439.2308630361285,16584.554233680767,2995.36350558735,11895.612616239241,2783.0075400457886,10700.203395730496,1712.9863981075932,17649.94345672996,3591.021107942153,6791.6053069734035,3358.8699560469204,6012.857634853202,5747.733844579292,9477.996641905562,6461.527742693305,10555.511894474732,17664.733855435716,16765.0526041418,8125.504330805197,7149.063650404625,7531.381421874694
QA,300.3882333660697,5610.658950562518,13314.558254796191,3982.860179726976,12241.781809354121,3929.9559271229564,4899.080515531124,5734.586974323674,141.94170447503188,13532.009808775243,11680.438438525704,6175.450437690442,10536.439663821655,5103.88139988815,4553.6953107710115,6361.447388523822,14413.228908590685,4888.737332671032,6163.602671717142,13289.018520274756,13831.869750199476,12708.773230025197,4201.506179515637,4393.59766614639,1753.9280796742596,4615.049997950981,4747.81084841156,13987.869999260492,2066.5991917494757,5341.715362419825,2254.580838786307,4381.191084918946,14515.169665107484,4980.232064534718,5218.793170308171,5923.260173483635,2973.0566812582124,13983.054372852395,3766.892326761441,5668.441858684926,2570.1329770881052,1129.8193905175642,1151.6099522192203,6706.103479992107,4019.780679743191,1692.7232806569575,8267.612368391501,3340.164013305951,5802.092279915378,7115.825851979612,573.3171883026479,5318.211090858258,1817.7287031876024,5658.8922232853565,4909.354955477785,5411.7112821593455,6962.507246677803,14133.071805918884,5894.0563868425525,6024.231499071567,6470.381172214637,4983.643582531216,4913.428694703748,4954.737446585661,3367.995979004616,14551.201162563011,739.3693190461778,13508.165912051369,14447.728724700153,11024.985693929128,7291.758975073772,2289.536346758989,3943.3388240871404,5816.574644680826,0.0,3125.4483119530264,3531.111989257714,3567.7879431262654,3800.6064420283865,486.1095101475836,12305.855779377425,4584.79776087558,6205.020253686826,7243.196876720815,5267.419654240695,4113.010240852028,15246.871182407252,2379.6666349636275,3878.258227611571,3322.9638047490484,3433.0580061219475,11117.613382907713,13121.00508231258,2418.2803192336783,5545.096630065515,13484.418186143432,15339.366896974749,6173.59948866245,5161.005510496967,5260.151740202674
RO,3382.95729193191,6040.007598311865,12209.371751217523,857.71599634613,15142.38095017895,6191.008379105033,1775.2662279171332,4422.644891079087,2983.5404141454487,11573.238430972839,10004.746485000767,7649.093165607991,7432.908010970043,5507.281165086514,1473.8940889708422,5161.110887657802,13012.49258228255,4716.366116280303,7076.188017607089,10459.56638225213,10797.708881220238,9596.958362035994,1079.632781114391,1296.6216634805232,3988.8970948196275,1576.5695357895868,2119.314983009627,11183.190616761465,1659.5155547159025,2477.663022993092,4107.394045634975,1753.3915174300232,16122.58307807116,1876.241728494663,2095.1743104942116,5013.888925746663,743.2253919890985,10871.634512349672,641.447909994874,2542.995445683483,4813.471168195898,2001.1293416967983,2356.9756649708333,3684.2620887172443,1141.1271535612389,1628.7981423564042,8903.253798856409,5174.5439582782,8233.736104862584,7953.138713933992,2553.5551090171584,7571.605119193781,1424.827218022456,3043.8400608914867,7345.114276154595,5956.590248901528,4877.000461469822,11019.112213552125,8621.965101579704,7821.859333630893,7475.780121390986,4307.757882103816,1789.2358717064328,2006.5511499337738,5516.46712099343,17454.50767769802,3745.3584592649654,10534.258083365747,11981.270210655885,13192.788121498259,9267.287468906932,4181.35055314904,947.2518794955888,2982.4697794552976,3125.4483119530264,0.0,448.88049915643234,1500.320200804588,5153.083377997383,2884.8366371774937,14134.59556812225,1745.8160338533548,8938.09669025004,5258.941196852763,7717.858818746419,1587.1732838641703,16767.835155284487,749.7363433879308,5688.917689300242,745.320558680516,4928.912813587977,7995.423973060191,12074.3715892451,3505.170869539727,7605.208787971388,15420.259230304846,16218.258412866386,7769.374868902908,6630.777801854615,6911.125599597723
RS,3796.836503980071,5986.483745617269,11847.212493850298,490.1162436235553,15591.22133597959,6635.510050062666,1376.614895780641,4160.878635658201,3389.2834027096005,11151.574144692177,9614.480145801288,7711.81315866809,7063.586644907697,5467.767347209264,1034.5514436058052,4893.658745459138,12616.893329215574,4620.968430569989,7430.411537702671,10011.351110400718,10362.101312901888,9180.026087871724,739.3973948981874,1001.2346356418717,4271.1150298280145,1331.0394355715875,1715.3670498486936,10734.874880768395,1892.7024901687175,2033.2973948053755,4336.859990056327,1734.5688541400311,16412.483669751342,1450.4592409322167,1694.1962195993058,4793.832255333492,806.5670472014759,10454.863827025347,316.63840653395647,2152.1723513334487,5261.4166969774315,2417.112909514975,2801.994440140897,3386.232621929811,723.7054221842911,1959.535722411954,9202.723914628741,5357.314809545662,8678.151071515771,8287.665811216517,2963.020019451662,8011.617608406417,1771.683770687878,2621.3009564915283,7572.610786770103,6295.273280094182,4494.693910062419,10635.443629419437,9070.83880484272,7933.056208511094,7469.8566486768905,4151.574454930787,1415.6122859663958,1801.2326786764495,5960.52053696068,17901.747623896885,4170.104789810405,10092.24832389941,11535.537605537229,13603.105973365227,9685.404935606488,4626.743529520161,827.2980335652052,2537.848986406523,3531.111989257714,448.88049915643234,0.0,1715.115506740624,5267.5431840490355,3260.895741165904,14499.99240643119,1624.836597492011,9386.976288087719,4883.53537469477,8163.682984294208,1241.4439537532473,17013.303375185365,1154.8129885058418,5852.068869636772,978.3729473074634,5072.766962372453,7606.590710242482,11719.270619481353,3936.0156547242937,8036.7012744630765,15778.306241108083,16382.850604226871,7848.967214678845,6716.7386048731205,7018.234591139757
RU,3733.9329972644805,7506.107188793741,13459.503231297233,1674.6398549289854,14468.762247285287,5553.2737926347245,2261.8623806089986,5875.436975026548,3442.032678990014,12539.124996249864,11166.929191609152,8977.160593534298,7180.055639081386,6966.165532290185,2295.3399218934715,6608.751758192376,14117.451542029348,6207.6740858878875,5806.057705333434,10916.0980038675,10968.696275231616,9602.60992795965,1670.054973993663,1613.9333205348753,4922.51039127731,1565.876276281649,3341.3300109822576,11626.852899691723,2899.390144089835,3447.7208209357696,5182.912971370709,895.568901558974,14698.654341884276,2494.0210488381886,2508.045616571664,6496.545506137951,2231.411035554138,10836.730604200087,1569.8560672128792,2803.596450979914,4347.028704133428,2545.338510380684,2466.6935935746933,3319.399026359022,2380.4991270140295,2647.925748768181,7500.447385335149,6323.293987631122,7537.492567226419,6623.6510029551755,3044.09192955812,6812.862418814192,2436.930580321914,4154.088683247983,8326.092148538668,4649.3930159032025,6113.2135948693995,10735.215575427284,8120.2776123462945,9065.46293016901,8893.567775530326,5807.769283957347,2153.7587182460625,1648.9149949297591,4893.9537573865955,16540.092712129524,3961.5929944091577,10814.110618690618,12642.025820968918,12093.85832023428,8263.687185942246,3663.3667982996626,1153.7042757281965,3914.4159356158557,3567.7879431262654,1500.320200804588,1715.115506740624,0.0,6433.965428167404,3534.752218874367,12856.91288980308,1229.9731142543035,8423.25704331817,6512.783222072082,7067.659230722097,2947.5366470670674,15303.109185189896,1794.0390917111781,6867.0776383606935,758.4899016199972,6162.83446921005,7841.159346134234,13347.716787574569,2798.738165174592,6741.157984103333,14114.715361410732,14719.333491095322,9069.35134739535,7934.663004110156,8175.309946170991
RW,3929.798346105407,2013.1458878347667,9749.70189692784,5713.315724552479,12479.614190123317,7114.216323686234,6339.6435529552045,3834.387328560939,3821.0107209942407,10505.905457745863,8670.88961458125,2550.3486775670553,11391.584664995573,1659.8175119323976,5847.378103655272,4043.8770263659444,10888.59226244986,2161.173045513239,9836.505883860767,11604.854913877885,12702.436307206492,12392.33783480017,5956.031182107891,6236.389437169308,2083.86027986952,6584.875147611195,5116.794993471336,12082.792854088186,3543.926875509804,5808.8471126789755,1547.482566455382,6904.0656272950655,15911.004243851237,6233.137160926508,6573.392129619725,3467.091239898877,4469.4219517260735,13362.256037998106,5582.44207223641,6993.585272358434,6057.78869894678,4186.410457050851,4720.761323158951,8467.959840114849,5169.864518164059,3803.242071464401,11912.756042553481,755.4306811358798,8412.36240485777,10756.667776161159,3957.1069484917716,8240.660877192782,4006.418230673028,5545.672140233744,2672.767201796038,9193.689354756072,5508.973857061588,14176.133129350143,7991.721981182306,2669.6373755290924,2677.9291786461395,2781.0426121241567,6464.278220805646,7064.031960259741,6755.956224602809,14042.885338535352,4188.999152971988,12206.211754627206,11831.762266437076,12953.033579385467,10171.17863455256,5994.698195141419,6067.352656633549,6032.752301796642,3800.6064420283865,5153.083377997383,5267.5431840490355,6433.965428167404,0.0,3452.102975259275,14338.519102628527,6878.376713059651,8221.41567937317,5552.39053996496,7961.6269983871825,4758.217954997164,16265.057502841728,4646.281774351861,786.2450457115517,5805.23412650611,376.6426734287269,11622.247667961363,9545.674532836689,6217.497197412539,8621.345416676919,14962.092701120999,17052.67676969268,2635.6665323069883,1501.801097522413,1758.0909994189374
SA,769.6859679637856,5193.3979905841725,12854.981363911493,3732.1309937121287,12623.318465753277,4415.912406616781,4637.500416240855,5249.355057310497,422.11090899611224,13045.900484220143,11195.014360359984,5898.761321929343,10317.222965793204,4676.260309873395,4260.3288228636875,5875.417140206678,13945.02643694258,4420.370360977418,6606.426919492859,12862.1824864371,13460.62021838149,12397.901320424366,3963.3352618214453,4176.916396262325,1493.9467269400411,4427.300995581456,4356.927852945174,13552.646045047662,1646.868560351307,4976.67214260894,1928.2054708788808,4292.210711697853,14993.206576183224,4695.389253154605,4954.835444629185,5439.21139413924,2633.348280356521,13666.763843712019,3520.8923406902386,5412.811808088489,3053.56116017884,991.4161382989465,1301.897476914985,6537.943777899992,3687.31508886442,1335.3022553508017,8708.898067343061,3062.992722793242,6277.612559593695,7561.8622427533055,537.4532371362995,5802.1870313796035,1496.4498224996782,5250.266926333236,4819.385088960629,5814.15272442797,6495.048883295423,13896.334176917055,6341.828455301534,5802.455896759946,6130.030558356236,4500.0833361671885,4668.278240051819,4801.67564551418,3852.635044114337,14909.574515612963,1206.784041783346,13115.590962944276,13973.306966781403,11497.442312593934,7777.541785883041,2746.9203972212576,3759.573078472261,5439.2308630361285,486.1095101475836,2884.8366371774937,3260.895741165904,3534.752218874367,3452.102975259275,0.0,12786.827090785158,4455.253572286667,6650.377147627449,6769.35265921719,5743.87829967849,3727.2651129661485,15721.886269165168,2136.6388154460656,3613.574172900528,3186.9350881907417,3095.2333982024825,10867.268528060538,12663.505471626546,2786.1103375562457,6031.190406332703,13956.516657014376,15825.475229405078,5917.429203536842,4865.200330748334,4997.517649059288
SB,12017.217442653653,15823.005087901669,13684.696446273821,14530.972696391858,3066.3352384853865,8400.160302782504,14902.450372966698,17985.110788088634,12401.874233671706,14150.854164577571,15872.530745887494,13770.749016144939,13402.363297274336,15824.79574953873,15108.436635984284,18382.135006868953,12867.529468130957,16493.77669633362,7070.153796729927,14047.746604734897,13020.361285883924,13249.897905659413,14496.65257626379,14360.042010757361,13127.742542739323,14140.407544674648,16195.241734283643,13472.966500863207,14245.183976903041,16215.727105652555,13588.775283791607,13264.415027330946,2216.4878718088403,15164.216467269052,15000.54982052629,17805.570637097666,14626.474651716053,12366.888028252464,14418.61383310656,14981.731875610627,9812.675486481607,12957.007090496078,12292.030479700656,13929.20034315828,15213.529330935113,13764.67733031114,5426.525269176748,13622.214416268676,6517.910256434691,6233.439222745848,12651.06241647083,6992.984242800758,13760.792400683158,16969.936931915265,11983.388931384161,8213.26180694492,18955.942644839048,11499.140357591721,6609.321546619804,13115.160110203267,14643.04460874487,17006.510043026243,14740.246397114142,13845.907299820974,9015.144334707087,3819.856517654063,11582.684242052414,13507.477581404259,13294.362041871036,1400.9053079154696,5056.831216644656,10294.663499002647,13992.101593667861,16584.554233680767,12305.855779377425,14134.59556812225,14499.99240643119,12856.91288980308,14338.519102628527,12786.827090785158,0.0,13616.092737440773,6330.425849446701,19361.657048655263,7048.145882423042,15721.728057081746,2958.060545264596,13811.313556874715,13608.857456135049,13535.497772250414,14119.716367275421,13508.843586462806,13810.396595181692,10751.895556864634,6808.026238189205,1288.5999367645259,3123.2948981987265,13510.32570336399,14033.365640758753,13655.258506100885
SE,4791.235402152243,7571.629355004058,12541.33572639846,1246.2000152481296,15597.07886628645,6768.471024295255,1287.8663177660935,5462.763426094735,4448.961328836227,11438.918549142025,10211.465310360685,9336.594165538883,6012.504954934798,7064.796550280582,1551.7170630387498,6157.056056722315,13069.967683612713,6180.221575953093,6720.436278900068,9693.22189855851,9743.61528724543,8392.135984403452,1057.4323562664963,814.5045168029693,5695.58598778862,526.1714298010219,2735.695299839689,10401.276617749345,3404.607659449505,2599.80340123646,5846.588012893221,394.8329300638056,15161.365121374429,1549.2891494547255,1439.0693652990349,6169.917069641088,2410.026741429502,9637.728183718227,1320.4978641235068,1635.778556095651,5576.990338548147,3480.5013768818562,3566.678095748966,2142.5377258003255,1980.1731729298174,3323.3305061513947,8189.5682624323,6920.326031054763,8729.82433004941,7449.1900939572515,4024.89030828534,7995.416217394354,3108.7219109819152,3357.2928975060963,9079.068247608202,5554.032035888165,5340.09241759298,9597.983316257523,9341.491142366964,9547.421205402194,9079.355011301726,5648.083214797142,1131.6300553848139,419.02432565533144,6114.564877452548,17431.595018365642,5070.737221302157,9584.237930516418,11441.259792616573,13042.012185251673,9334.537508472053,4893.339704305134,811.0678916510533,2995.36350558735,4584.79776087558,1745.8160338533548,1624.836597492011,1229.9731142543035,6878.376713059651,4455.253572286667,13616.092737440773,0.0,9642.063064390362,5745.792432019775,8272.314412775979,2571.548648963146,15630.61911566209,2396.709100197568,7432.885078261827,1268.7278771135018,6667.242474332634,6652.678579380046,12456.004025927406,4024.7902476348686,7892.32864786669,14798.139878825437,14888.21559755409,9472.211944742652,8338.265008504177,8633.606222175818
SG,5904.634458949135,10108.617908587756,15887.309757265864,9716.232350301232,6204.591664762586,2874.5622395689315,10565.956627415253,11657.49969130274,6326.6341501546185,17718.04347419666,16541.57994188363,8857.461926143746,14829.085234720038,9867.490584125751,10390.952064998535,12113.909105068671,16399.740324894206,10268.771238598283,4463.068886903711,19316.524021455647,18492.550594054148,17220.373083146624,9855.56490060072,9925.538516503066,6797.444640414608,9970.461867157537,10888.595168568347,19742.188066492825,8269.808521932006,11394.820059047039,7265.102216993072,9269.41231436185,8434.22672283059,10742.404770656647,10859.201604289969,11563.025739001863,9057.615916728751,17649.592441353518,9510.522419129311,11211.489082021995,4141.530296031338,7127.500146109517,6607.166199423908,11520.481284181702,10029.704091564545,7862.053268534918,5313.463059765426,7467.562130900984,1140.3697905830895,4664.185115043959,6673.482581511398,1849.1933701052074,7941.735170101704,11826.42016648286,6549.822352492061,5174.618644756113,13107.74181665337,16619.715449178875,316.8988719686071,8211.201838878242,9739.086048355242,10690.478531487915,10501.875707111722,10056.000762360305,3529.335073429375,8524.39955416985,5467.365629106078,18811.325627285587,18810.963551971927,4949.569377006219,2390.7414869355152,4805.798234579985,9407.779211369656,11895.612616239241,6205.020253686826,8938.09669025004,9386.976288087719,8423.25704331817,8221.41567937317,6650.377147627449,6330.425849446701,9642.063064390362,0.0,13335.9357376055,1425.9530991897677,10254.767742511656,9126.673756484559,8304.654710456407,7613.028423154926,8722.82379061632,7933.75323469677,15552.300405735941,15756.359843314616,5627.642905317306,2194.5074422305775,7365.54820734507,9447.674376013176,8639.510334138995,8509.439964535977,8243.314489752645
SN,7537.403993030437,4274.775841417532,6965.255742849274,4838.175739379106,17367.8662451382,11109.021139047307,4459.743314249824,1745.2562848041252,7139.394473059447,6431.571840014289,4752.903773023973,6415.955780927037,6388.706012444591,4185.9629702863585,4254.696378085684,1593.893185259088,7761.929265291671,3397.9346250597746,12308.087610438688,6296.585430647009,7240.757540369871,6847.264858074438,4868.038182971702,5002.201564734814,6562.9033948870965,5221.350182776359,3179.4676163160534,6913.506263228046,5253.120694234128,3146.0652951641023,6138.121973536205,6097.2656329221945,18292.51736528745,4197.9762876720815,4365.305947198292,2143.667997107388,4796.3210435787405,7828.603725633309,4955.080225002811,4396.4121646075655,9687.105127662475,6526.199283840524,7176.622311103471,5499.655854384067,4165.994598971797,5722.985883017991,13935.316154449201,6234.6746306605155,13045.197850890458,13134.589981893088,6864.3731708197665,12525.622387796486,5711.01356614648,2391.787943560576,8034.944837748758,11159.929206343231,405.7375690266554,8626.492575918614,13043.639094479997,7045.149278109172,5586.623729451651,2792.475346325268,4622.391187616452,5518.823019077122,10477.335395655235,16831.97657147853,7976.044137614642,6773.2927143419865,7204.605952041671,18265.800822091296,14418.882901521349,9176.75777699108,5374.182544640709,2783.0075400457886,7243.196876720815,5258.941196852763,4883.53537469477,6512.783222072082,5552.39053996496,6769.35265921719,19361.657048655263,5745.792432019775,13335.9357376055,0.0,12510.120375362725,3673.109978700496,17571.94222878241,5615.258437383409,6312.069329382219,5842.247717044825,5731.628959706431,6370.066844573844,6842.314138276612,8678.944170540502,12678.789553826642,19324.104883165026,17258.113066932434,6672.5621271644495,6037.11297428298,6426.707891224602
TH,4974.601270607319,9957.692589929997,16880.505738924476,8450.730274737502,7462.848367041455,1533.2161452123528,9262.59091898247,10961.315973488794,5370.8185583688355,18403.149468769603,16631.97836274269,9141.918842315095,13440.553542475436,9613.840894279354,9133.68610176436,11527.362311089168,17650.722889818095,9808.520944610313,3289.9112641123884,17891.231905646808,17336.481039750164,15911.790503155547,8568.319801754782,8612.78119439707,6221.744353370386,8628.57561264998,9758.062670903257,18502.833475620217,7278.235334714449,10195.38770323311,6750.299737881846,7892.355050494185,9249.359232089999,9456.38937182292,9543.363933383182,11025.064322158887,7932.285448089226,16642.35258952535,8253.709765740603,9869.938013095883,2916.5977506210074,6047.962740074185,5458.009069512601,10103.57728587803,8841.845377807338,6828.989644992483,4607.791688159286,7217.238507509993,536.3467077262043,3719.513508661133,5659.35338113834,517.0894976156816,6874.328944625466,10705.56891983213,6843.126767522538,3834.5680667942684,12220.298919239776,15755.522525889133,1177.7394610704162,8563.67610171478,9936.92515640258,10098.775445297742,9184.527369269523,8681.465564165668,2208.5912302980732,9738.52130758697,4537.485392531595,17491.096178034866,19698.995438807557,5760.1419920789895,2210.5386059799803,3537.00596976539,8098.393477126799,10700.203395730496,5267.419654240695,7717.858818746419,8163.682984294208,7067.659230722097,7961.6269983871825,5743.87829967849,7048.145882423042,8272.314412775979,1425.9530991897677,12510.120375362725,0.0,9138.152296884666,9979.45470169374,7141.388185297727,7486.47678677552,7426.114052483925,7625.7940378671265,14169.831963403985,16708.5176647075,4295.626546060111,985.0733602712637,8218.691785925987,10139.533828955558,8961.095963147978,8579.933429483108,8388.088139244592
TN,4407.980195094561,5061.845758279122,10623.494014303918,1363.3563038153743,16350.29377534376,7637.482766316187,1627.2641958686988,2948.628033408301,3979.7148267907583,10031.409461168721,8422.884033888413,6999.059401894024,6928.649281203894,4584.333650787498,1145.5209437796266,3673.028799381504,11432.07040601396,3649.4037782402906,8659.391026274994,9197.587619545602,9733.359719511494,8722.822919824866,1515.2488473033532,1765.104076117606,4320.613829922978,2106.080025262678,636.4067113953702,9909.190555404446,2091.9389961862353,1270.4932348178631,4210.593813018569,2803.698012116615,17642.73238852873,1484.122123096788,1825.1663376495603,3619.353339181235,1206.0742004041313,9974.920678734201,1395.6139029928274,2235.4371835279026,6223.652872831856,3127.279902795429,3680.4731343487874,3719.4129673647312,599.3876845207541,2420.8992732514102,10443.274591647834,5035.009951755296,9667.180829297818,9525.712985255164,3599.040661206099,9045.050298810385,2318.498469480532,1573.6686344540815,7308.330104071791,7531.340874988176,3294.581829829968,10344.659740336068,9938.654532736822,7332.856636778241,6611.458997248667,3081.572525734272,1776.5520601210303,2570.7061169190347,6972.408578079292,18600.746151243373,4829.857022955794,9395.930575086064,10561.981573914787,14746.870926639749,10815.233024948906,5636.8914473679415,1915.2358250220718,1712.9863981075932,4113.010240852028,1587.1732838641703,1241.4439537532473,2947.5366470670674,4758.217954997164,3727.2651129661485,15721.728057081746,2571.548648963146,10254.767742511656,3673.109978700496,9138.152296884666,0.0,18192.682746282568,2006.832631982025,5452.8300861511025,2219.740060119595,4652.449355824214,7356.137795329546,10490.615813788903,5041.836737474393,9120.099637244146,17006.71361992316,17453.11168230361,7173.016926299594,6084.188234427189,6430.586974884489
TO,14953.467095168042,16564.188399607207,10930.933570500318,16829.84226064634,3807.6328218107633,11357.457932883142,16708.35456229095,18833.655132527594,15348.612278769133,11198.407784700506,12968.686171125333,14451.479512350386,12382.247944863291,16965.860223615844,17134.19871260535,18094.542865457024,10003.573675304116,17962.90648629142,9790.736537539742,11354.75741567787,10526.02744199176,11189.622381370742,16682.120131729836,16443.433494193185,15811.45900651357,16115.442300724219,18264.039353280205,10705.70168574737,17199.616226949714,17725.44707534172,16157.80668084424,15389.015553988162,743.2222781259544,16919.722023290924,16607.93167830946,18199.750149241496,17407.35139726884,10057.892645870108,16812.280149950857,16309.735404721625,12770.653548984057,15905.856491529172,15230.190568248538,14832.523170426557,17593.343329897023,16714.170334954226,7878.9467052105765,15746.060454208326,9444.954326766887,8875.47262728518,15608.65099303324,9947.29345023819,16694.528153279014,18185.369906753018,13592.626689025312,10864.88320665889,17831.349216080394,9422.267789051213,9425.701750275633,13998.125858937601,14989.71872040495,18639.326726091025,16539.823296008486,15671.663786763896,11972.504118707804,2425.725764193346,14515.12804919279,10957.506066054457,10367.513976107744,4225.20134482748,8012.961117653795,13241.317413414403,16281.357680931698,17649.94345672996,15246.871182407252,16767.835155284487,17013.303375185365,15303.109185189896,16265.057502841728,15721.886269165168,2958.060545264596,15630.61911566209,9126.673756484559,17571.94222878241,9979.45470169374,18192.682746282568,0.0,16637.88358091093,15485.180966506361,16055.470571024862,16224.82785823527,12146.45809967148,11085.134908862221,13637.078572889384,9765.32364450223,1768.463255307796,888.1006141376118,14241.31619277852,15223.410308312259,14839.13785866247
TR,2642.457862506669,5765.533175593958,12466.927062320188,1604.5471746938647,14491.126052008547,5633.079801631459,2519.5596119904703,4547.164425575751,2237.729412518129,12023.938760298883,10359.803932064284,7184.892740155944,8182.193922543159,5219.37025970274,2186.2300192373655,5281.017208748195,13360.362129212648,4535.084527369418,6847.206348764228,11114.439440495353,11509.76802051344,10334.401055829168,1829.3676325290894,2040.6210846007348,3298.8778578050433,2301.7792539265774,2617.4508653785942,11835.304340880773,1105.6067845732575,3091.375943481574,3471.2514729888712,2318.7683066331742,15929.245910545002,2605.2100576102166,2839.1944811374397,5045.437421948046,819.9324692614381,11609.274954829934,1389.8801938141112,3290.4079146148333,4224.800548051528,1262.3100974105,1697.8077830825946,4415.215816489796,1726.7217900116748,927.2677817744711,8787.214872935936,4581.087860826578,7667.512698897062,7765.002447792769,1809.592331101263,7038.4846166116595,712.0484184623677,3564.835480066176,6689.37697761659,5781.856100220814,5256.139616466288,11768.795374105772,7987.759450740217,7293.386326850938,7110.17045770758,4240.937563878063,2538.4405504203605,2704.0156611690363,4966.330119114702,16822.326113303774,3016.478102837385,11228.512938408247,12558.030392220066,12753.447423839452,8825.320128288235,3630.164700361784,1643.9711830727663,3591.021107942153,2379.6666349636275,749.7363433879308,1154.8129885058418,1794.0390917111781,4646.281774351861,2136.6388154460656,13811.313556874715,2396.709100197568,8304.654710456407,5615.258437383409,7141.388185297727,2006.832631982025,16637.88358091093,0.0,5114.021496230008,1181.9288146082997,4386.52940024252,8744.489174947264,12314.46715926636,3063.6940851153395,7117.1512309835825,15096.274681485964,16255.700524716809,7281.727679731044,6144.950955843062,6395.059516162122
TZ,3946.5457195169315,2502.0333905971356,10004.640819282862,6316.389994377805,11694.349880853746,6793.0341997186615,6999.016039776448,4607.235592932074,3928.2533412578027,10942.988175818187,9156.612898830454,2297.289131317293,12166.73278626256,2274.6043678822007,6509.810224655342,4778.443677234332,11140.599699425393,2914.1572830910713,9656.25374403827,12263.99655872549,13399.7956193451,13158.601100570939,6564.1840398228405,6841.237574953327,2129.914023191541,7181.772847572228,5847.445411357088,12698.840269254388,4038.353951938408,6547.695065885699,1714.3873971546066,7418.969801469933,15125.289672800167,6910.826312650359,7248.407455210976,4202.317885708757,5045.850144996306,14092.582581834022,6168.707196050811,7681.130012400866,5878.312198256734,4468.52611382172,4915.003219130118,9133.917454639224,5825.804280617088,4220.311771575693,11676.47018662645,554.7964784891632,7905.324718798832,10537.870724122911,4146.218432777519,7810.389837779813,4433.491361578226,6314.658277637436,1900.1439862077864,9137.255130620166,6282.334634278068,14938.231690550672,7402.73482591565,2213.618958304214,2702.8893300005825,3557.1927842916293,7113.778557184179,7652.737178326697,6513.105469763539,13304.17710041557,4126.612499080772,12896.722693608579,12329.431436465999,12237.215546806916,9678.483597737211,5918.593677349072,6625.089583909204,6791.6053069734035,3878.258227611571,5688.917689300242,5852.068869636772,6867.0776383606935,786.2450457115517,3613.574172900528,13608.857456135049,7432.885078261827,7613.028423154926,6312.069329382219,7486.47678677552,5452.8300861511025,15485.180966506361,5114.021496230008,0.0,6293.284789300669,800.5500035120781,12407.335072981457,9798.793971046909,6271.714698517889,8220.893096074053,14184.865765737813,16266.458999898334,2303.9398317562473,1306.9857771542447,1384.8351662478774
UA,3538.96641658904,6776.4600893004845,12807.053139985803,1056.5338962447777,14887.737081531282,5893.685382507589,1843.1953897047028,5127.466678994985,3185.778748250803,12021.348318215385,10549.919782043095,8328.53876656118,7237.438903984254,6240.732681787017,1734.2718827230628,5862.982522001875,13538.164347903667,5460.7550170731165,6466.108332658287,10641.180470910898,10837.397258474743,9545.463502184723,1142.9732668171036,1208.4684314926021,4459.223559065528,1332.5504118595684,2663.2115945563396,11362.99989137086,2264.232150700553,2867.9152687436067,4651.905379290357,1140.0561693095046,15437.65678215794,2030.3165458301612,2139.351912362843,5740.228417956023,1484.282875845914,10808.802964830968,897.2756335053106,2523.3392297128194,4584.987256027431,2212.4765626078547,2348.863688554225,3384.94683548762,1678.2650237565786,2101.000759441679,8224.583581872374,5762.3271818541925,7922.0242639233675,7313.668925959538,2759.3484447703286,7224.142375928774,1884.2034186830722,3528.2254241343594,7861.081253050363,5324.154700035272,5448.602498934778,10833.717889250147,8411.290456319653,8463.405909920784,8193.840454900606,5050.317778330715,1785.0113835275376,1632.1575353448625,5219.978400486919,17096.747525416675,3839.8939773738857,10626.926475769636,12276.18489244182,12691.987340355032,8803.13834931306,3917.0789197104828,692.6191579526396,3358.8699560469204,3322.9638047490484,745.320558680516,978.3729473074634,758.4899016199972,5805.23412650611,3186.9350881907417,13535.497772250414,1268.7278771135018,8722.82379061632,5842.247717044825,7426.114052483925,2219.740060119595,16055.470571024862,1181.9288146082997,6293.284789300669,0.0,5557.501757675144,7852.866380313801,12683.945414600095,3135.4798295532323,7204.7219267397495,14808.181505121638,15477.438084013384,8436.439872482457,7297.423731658616,7560.045920567906
UG,3556.9335449636924,2372.4747738040833,10123.29584632071,5531.42045828927,12418.786352772115,6749.444916698336,6201.034878444699,3994.8177753773875,3457.1303648765092,10853.602638646738,9009.527041172929,2854.2245805470634,11402.621094811511,1988.134074385802,5711.20809331671,4264.502307787749,11261.826608190775,2375.8377547225855,9460.056093477917,11864.88379178449,12932.231562267234,12542.522429406436,5777.882719028468,6056.219858199785,1708.6179450769398,6399.665678270035,5053.359177259598,12365.829490749245,3293.6698543014068,5756.275015322319,1178.4774078311789,6671.384628440318,15807.394129463804,6110.7656860333045,6448.622536590605,3690.7642996652767,4268.2145882902305,13559.461698296383,5389.1940590855875,6880.659106891767,5682.182222417453,3858.6109541954083,4373.807801020238,8335.648441186107,5027.819442318349,3519.000962608515,11537.49007151579,503.3384274617205,8084.896309124925,10381.053121123028,3607.0007166510914,7893.30932982456,3727.000698333214,5548.038188391309,2681.454107456233,8819.850705750689,5660.552466948839,14328.303430681613,7695.632173548251,2906.8939237546506,3038.8840219415974,2940.7115469264595,6317.524898484901,6873.9152196927225,6383.482199534925,14095.79245940337,3812.71147026301,12442.84133058522,12161.536840103645,12724.74374230604,9836.326500520754,5618.749031727315,5857.107535705121,6012.857634853202,3433.0580061219475,4928.912813587977,5072.766962372453,6162.83446921005,376.6426734287269,3095.2333982024825,14119.716367275421,6667.242474332634,7933.75323469677,5731.628959706431,7625.7940378671265,4652.449355824214,16224.82785823527,4386.52940024252,800.5500035120781,5557.501757675144,0.0,11674.945825886189,9919.477498182408,5851.101848191005,8267.305805445776,14819.444647944922,16959.8520489636,2917.1949393902164,1803.2424956998823,2012.8976991430225
US,11363.596937151551,10643.935912153609,8360.953336333787,7140.396669967852,15945.723803950415,12949.493713794654,6230.189826559773,7906.051518732256,10975.990131441733,6529.887960519966,6769.014727737269,12764.750097626984,731.9154882007512,10513.299742462244,6616.411729161228,7958.564838258529,8036.760399006705,9616.444865934442,11169.116898963428,3810.5972373090326,3285.1862066318254,1820.478074230177,6916.992757048032,6726.290515021435,11676.751553647211,6526.325446276901,6808.566447806581,4333.803838429841,9366.819693047106,6103.59738093071,11530.640207862776,6946.711977616074,12497.831524726587,6177.576314828088,5912.468929291367,8483.047455588956,8271.005589450659,2999.246521001687,7354.610614754368,5455.7085612190685,12068.739151501237,9988.446350818214,10200.660139218906,4522.0245727135625,7232.448171181223,9550.068439310315,10926.417792606868,12147.187581604869,14415.29162954409,11188.89291648359,10544.39228041099,13708.938124504955,9373.700336540738,6156.291767126741,14277.323033796603,10379.161827431399,6280.272965900277,3030.093510534221,15344.127499182949,13410.253666305256,11891.452773060013,8912.837189115719,6206.190650303078,6247.236504991629,12405.133485744807,14074.670366616207,11689.9562924408,3325.215648522738,5639.750595100949,14552.442173548901,13794.409050888704,11400.093863122374,7193.4756064615285,5747.733844579292,11117.613382907713,7995.423973060191,7606.590710242482,7841.159346134234,11622.247667961363,10867.268528060538,13508.843586462806,6652.678579380046,15552.300405735941,6370.066844573844,14169.831963403985,7356.137795329546,12146.45809967148,8744.489174947264,12407.335072981457,7852.866380313801,11674.945825886189,0.0,8443.725414523045,10489.623549685833,13362.734799118152,13349.497289928035,11370.17959949901,13024.504641792455,12386.58996217417,12780.904860200006
UY,13333.110231179631,7578.065346058743,205.87717932578263,11674.710221965981,11808.861444947597,16571.76898217963,11186.673545105432,7777.658400123085,13084.888615730599,1968.6453930827172,2268.356609818471,7804.477544149531,9105.228592126427,8050.620589827492,11062.708990767944,7053.698263133634,1344.7100150280369,8249.161179034945,19149.68159118618,4753.474036948491,5764.56048692255,6989.16756341842,11685.826919421019,11787.751702305042,11586.892813699693,11952.963675539959,10021.761700936302,4482.970019807634,11635.30194591072,9917.855426794064,11024.296078477717,12837.214508487843,11791.686470700519,10931.267875909023,11017.684935367308,7366.211174529676,11525.252199894341,6570.092062806825,11797.084285384688,10892.817110046992,15593.100787755926,12901.293858681967,13596.152096954607,11379.668043092304,11006.27156272016,12127.325410649015,18576.07081605023,10205.533917025108,16800.509473318336,19599.1973657022,13013.054156681255,17204.370881069142,12197.406527441306,9195.457649749493,10013.351138107133,17995.2839601491,7238.347830797109,7532.566339585039,15824.497372452375,8307.240405775214,7133.64151997471,8268.41120304098,11331.131884206841,12147.57168377732,16298.878357970645,10101.157026924444,13671.642688840044,5438.859095379452,3291.115964347781,14521.525192227848,17743.036030345735,15409.46849362355,12199.21005435099,9477.996641905562,13121.00508231258,12074.3715892451,11719.270619481353,13347.716787574569,9545.674532836689,12663.505471626546,13810.396595181692,12456.004025927406,15756.359843314616,6842.314138276612,16708.5176647075,10490.615813788903,11085.134908862221,12314.46715926636,9798.793971046909,12683.945414600095,9919.477498182408,8443.725414523045,0.0,15263.542141544587,17685.55074226209,12533.115716365644,11352.172601728478,7946.906317867237,8551.350310379068,8654.260777755759
UZ,2325.1862869888337,7969.075478081077,15435.623626112392,4174.723996559015,11752.921013730906,2767.309789944438,4967.260782432383,7513.313996748137,2398.192045613503,15071.96012342263,13419.084157977391,8564.746110390448,9788.102061183803,7442.616558679761,4858.917939903743,8224.787869502501,16405.161682577404,7073.890734844891,3938.151292110402,13714.530240535321,13713.079567721375,12296.207799402298,4278.413271949718,4317.165064207111,4165.299113377261,4343.657316041292,5616.8423790046545,14425.473507290948,3629.3719422803106,5960.026684129311,4672.665543973437,3664.130434607551,12906.122668128752,5164.715779199758,5248.259060226793,7897.341739896499,3882.9940642247357,13474.56679604277,3986.8319551851446,5585.4807264997835,1582.849246457278,2367.1833230757184,1676.0540554133468,6026.97968004123,4646.293057758177,3136.588336448829,6007.5510338016375,5744.598762087555,4786.902607752084,4892.924671609636,2337.0293841154325,4091.3604039070233,3074.391399810389,6548.641721955706,7036.636195349333,3042.4332197757153,8318.324805835662,13173.101091980598,5322.883501830892,8354.510013635863,8888.634914198521,6999.260211789585,4889.475570266186,4442.2258070473,2099.893691661445,13988.425615157512,2201.4226150239397,13594.59557031042,15408.316722980486,9705.131911795008,5773.5325339047295,911.254687093418,3802.985324265376,6461.527742693305,2418.2803192336783,3505.170869539727,3936.0156547242937,2798.738165174592,6217.497197412539,2786.1103375562457,10751.895556864634,4024.7902476348686,5627.642905317306,8678.944170540502,4295.626546060111,5041.836737474393,13637.078572889384,3063.6940851153395,6271.714698517889,3135.4798295532323,5851.101848191005,10489.623549685833,15263.542141544587,0.0,4100.789693812496,12034.231746636558,13428.365537374186,8543.582617048634,7567.2311220315605,7642.406142868861
VN,5271.604580089139,10634.256207680037,17861.954046251605,8257.368579329235,7727.631084944442,1616.977559772685,8994.270247700535,11274.83356971083,5627.424384497258,19075.876773781274,17204.186662884276,10013.338910059523,12643.813172484095,10243.1517893653,8938.727415662586,11905.107437159355,18587.669739443674,10312.591934157761,2322.1755294999916,17168.46785762716,16412.722852342675,15037.99056893706,8339.073800223052,8340.425219517292,6742.434966863876,8302.384970717283,9710.302297086428,17653.687315428015,7437.521764642192,10056.382163469798,7294.24449951952,7500.56964538643,9022.601376117009,9212.23431863868,9249.152997948202,11449.241972047112,7933.017363609639,15677.846521007381,8077.337384718303,9524.087838476455,3006.513807803295,6154.078972996598,5503.795023664934,9553.063970717369,8746.234564268761,6959.834473763205,3673.3588744790786,7897.709339783662,1054.1754016976533,2740.7404572606933,5848.125280494379,481.24834838017995,6967.813110069805,10647.136952745917,7741.985249329947,2983.9335986346127,12346.270205401805,14772.36666926787,2027.1201148112582,9461.885456547925,10768.483590933281,10509.155498205999,8893.9631609998,8283.764374187,2207.187891160316,9897.357844060565,4855.111716363418,16634.156900402486,18964.769886212795,5641.408011302688,1753.51520467526,3505.121440740511,7841.5860049775565,10555.511894474732,5545.096630065515,7605.208787971388,8036.7012744630765,6741.157984103333,8621.345416676919,6031.190406332703,6808.026238189205,7892.32864786669,2194.5074422305775,12678.789553826642,985.0733602712637,9120.099637244146,9765.32364450223,7117.1512309835825,8220.893096074053,7204.7219267397495,8267.305805445776,13362.734799118152,17685.55074226209,4100.789693812496,0.0,8050.836785583795,9794.445850804997,9846.22426369883,9380.443923930317,9219.878459893825
VU,13189.369369342909,16001.306621363734,12403.055756117166,15783.186324957527,2717.060032653611,9622.603656215046,16068.68818406317,18785.50474851815,13589.450094931683,12893.30999797113,14586.233830975762,13803.334375684057,13414.728983374085,16183.24444312056,16326.579714768286,18617.956297748286,11579.5840565688,17069.22280886571,8348.794196781444,13095.8246554426,12201.528953048253,12700.471135550662,15729.801164348504,15571.41360765544,14108.364002395594,15324.193649277911,17455.08513155299,12461.268368013227,15478.55030208133,17378.37724100668,14509.16703902389,14465.201467478199,1073.474291070342,16328.169767885029,16122.229143729774,18182.166416348875,15912.947124361146,11658.392437416927,15682.736049958336,16025.727259679677,11044.279120103196,14204.31137512977,13551.288433039299,14790.587622627118,16485.727503958387,15008.144869169928,6635.901209569809,14317.160363028535,7683.227998157469,7495.652981919345,13867.04026996075,8206.057209776884,15018.041874894254,18137.194571384614,12388.683099473481,9484.194307606054,19577.652979407467,10914.54079434984,7662.006962397205,13214.459514047772,14565.93314852716,17742.05773187746,15899.792139573194,14987.37502561388,10253.409695075909,2684.5348126322237,12750.224542391523,12655.066621646383,12129.511836649277,2459.440466681962,6308.201415244423,11551.16050769493,15235.315957231514,17664.733855435716,13484.418186143432,15420.259230304846,15778.306241108083,14114.715361410732,14962.092701120999,13956.516657014376,1288.5999367645259,14798.139878825437,7365.54820734507,19324.104883165026,8218.691785925987,17006.71361992316,1768.463255307796,15096.274681485964,14184.865765737813,14808.181505121638,14819.444647944922,13349.497289928035,12533.115716365644,12034.231746636558,8050.836785583795,0.0,2178.683321859137,13555.259678168108,14307.31168196189,13911.365282821549
WS,15064.831509101372,17438.00950511526,11180.967562534875,16121.884081890948,4576.563833367762,11410.433528599424,15885.804442189463,18961.332342406185,15418.377842367201,11190.41640756105,13033.16049580921,15339.580092166345,11561.577925898891,17853.067562623186,16336.021536998553,18356.32046631585,10172.329324976223,18847.396925578625,9501.408079453626,10964.668537304995,10028.143712232752,10547.589564933518,15945.440571727107,15689.058160203838,16241.777083899611,15347.08545933894,17412.883057418534,10362.060598009772,17056.406945181367,16841.943249001237,16674.277788521336,14684.543517620144,1153.03875381655,16082.131593032496,15760.217793264088,18714.270091009577,16929.083623801656,9481.350426892132,16140.371997837019,15441.13624401331,12780.748233312996,15783.643123517279,15088.504885999351,13955.22243758964,16868.24752210178,16564.794903599075,7490.349873415068,16463.332098710063,9616.154928853208,8556.653308158066,15598.634390627036,10036.544620017452,16488.197198738973,17307.13399242957,14396.552199735414,10507.232916642082,17399.24361846586,8763.774299485003,9730.400411529747,14881.055520309317,15864.550532124316,19472.45327265993,15721.94096172607,14885.68884978876,11978.672131238565,3311.7401942995084,14642.04782599259,10488.785035384819,10196.702414777266,4498.922405482294,8050.747558318936,13168.19848410069,15595.983321214448,16765.0526041418,15339.366896974749,16218.258412866386,16382.850604226871,14719.333491095322,17052.67676969268,15825.475229405078,3123.2948981987265,14888.21559755409,9447.674376013176,17258.113066932434,10139.533828955558,17453.11168230361,888.1006141376118,16255.700524716809,16266.458999898334,15477.438084013384,16959.8520489636,11370.17959949901,11352.172601728478,13428.365537374186,9794.445850804997,2178.683321859137,0.0,15128.938508400543,16099.177103719861,15711.464279075784
ZA,6223.671305419624,2450.091998989052,8148.626185145644,8270.52871217582,10839.833274898414,8645.990655579606,8797.88990427807,5305.378723712318,6228.489370650743,9449.828639216768,7905.896338955261,261.2166454426611,13053.851270111287,2738.097820784533,8309.133895170089,5106.486382326543,9240.225022987668,3736.303688325573,11648.376355581766,11470.29193218006,12719.836256496541,13069.069206550734,8504.12581474295,8785.190433813566,4432.136676457311,9139.410815693662,7401.6582042116315,11679.270923243872,6178.42759423283,8029.9477888894835,4007.191456170527,9522.764258248177,14189.452435443198,8652.154951764032,8991.386014264714,4626.9652891296655,7065.652015003433,13566.091147807247,8159.011638493653,9368.745234260821,7970.766596356072,6755.146713014095,7218.612472902273,10869.158607048143,7658.184796684193,6432.969310045837,13501.046885089567,2855.2050138214963,9264.195041300256,12439.33130876874,6449.41799115228,9384.114771369066,6638.627906522358,7578.285436291664,2121.860297112494,11297.423523998517,6809.220088652382,14607.47105898857,8519.437119588007,437.9605499282224,1184.2314005778449,4454.133473532923,8939.953838554835,9623.202914754816,8503.786250301178,11827.417766624114,6362.647238799406,12219.6658686556,10927.706572983134,12362.594879149588,10977.236086385761,8112.013533205837,8664.282423992168,8125.504330805197,6173.59948866245,7769.374868902908,7848.967214678845,9069.35134739535,2635.6665323069883,5917.429203536842,13510.32570336399,9472.211944742652,8639.510334138995,6672.5621271644495,8961.095963147978,7173.016926299594,14241.31619277852,7281.727679731044,2303.9398317562473,8436.439872482457,2917.1949393902164,13024.504641792455,7946.906317867237,8543.582617048634,9846.22426369883,13555.259678168108,15128.938508400543,0.0,1139.28759597835,920.6987718179337
ZM,5243.709204476563,1791.3507353131547,8757.023257452158,7144.564521104254,11633.75337412122,8023.36365801334,7701.673158570102,4497.812323291578,5202.17010241161,9827.160113151796,8120.13320552669,1051.5488918156748,12302.254550995054,1876.1600005715138,7210.419771673016,4443.254825164258,9885.53106050934,2821.905838885357,10937.51559182112,11477.84741756453,12690.41649305523,12754.860740533708,7380.861533037157,7662.112215775224,3407.0774478219923,8015.206659660327,6354.266381974583,11810.606319065644,5040.806478740903,7008.120533509988,2937.9849591476213,8384.147740694087,15070.435008319888,7567.922418911592,7908.669664162158,3905.4838464108198,5929.862841604167,13477.110096473143,7028.161145436232,8301.733700354489,7171.498642392236,5660.612407109616,6158.306812506796,9798.533921019092,6549.815299163682,5304.634920928144,12924.217367222718,1822.6982899178465,8954.722858954801,11800.38231372603,5388.574919083403,8946.745512991889,5508.197078939523,6617.5283034058175,2081.382501045089,10443.522093645423,6106.4975703158525,14449.658732195481,8338.146049124984,1249.7314422495083,1419.3962386925864,3546.7169108009534,7838.67800934252,8498.263443511198,7783.812557262222,12846.136861411627,5433.0715209639375,12179.37528953887,11264.630172457417,12756.342712427797,10721.906817723646,7225.3236694345605,7529.247026898163,7149.063650404625,5161.005510496967,6630.777801854615,6716.7386048731205,7934.663004110156,1501.801097522413,4865.200330748334,14033.365640758753,8338.265008504177,8509.439964535977,6037.11297428298,8579.933429483108,6084.188234427189,15223.410308312259,6144.950955843062,1306.9857771542447,7297.423731658616,1803.2424956998823,12386.58996217417,8551.350310379068,7567.2311220315605,9380.443923930317,14307.31168196189,16099.177103719861,1139.28759597835,0.0,396.7431067383504
ZW,5318.665016610215,2167.8949590945194,8858.982294766762,7456.192378747464,11237.09816369107,7918.155210212984,8040.798362224156,4894.502098320222,5312.316592554209,10015.248637974773,8352.372415709577,924.734682562297,12698.961870869929,2272.4651436635604,7548.555747870165,4832.88109221999,9975.737470380778,3217.136894304541,10877.248854471765,11774.448743194798,12999.3009533902,13116.993778130309,7695.829036793013,7976.9082366040275,3514.504799606077,8328.0243796912,6719.264309387912,12077.501938409972,5296.51277194908,7380.25888000567,3086.741465951652,8662.083663203695,14675.375189922963,7914.6135259547655,8255.716267129936,4298.525071789613,6223.690931081587,13801.452029750257,7331.924080928936,8656.065746324166,7143.804631187415,5836.299395481913,6298.391128644601,10149.219482397159,6881.550263865018,5531.794656428988,12815.550109441314,1934.7986512150121,8741.291052367913,11712.296839274906,5529.021464960827,8774.954679205655,5739.877526449239,7003.075775822631,1744.4410182129682,10450.27911091282,6500.632048481067,14791.10168854421,8085.2629079196995,915.057328610879,1550.0734878251449,3941.454327675122,8174.03361476448,8809.419092122484,7719.837928273884,12473.36089852098,5474.602152855096,12489.018284524771,11470.250890453255,12393.179205115552,10497.794552044848,7244.442054747014,7822.841069298793,7531.381421874694,5260.151740202674,6911.125599597723,7018.234591139757,8175.309946170991,1758.0909994189374,4997.517649059288,13655.258506100885,8633.606222175818,8243.314489752645,6426.707891224602,8388.088139244592,6430.586974884489,14839.13785866247,6395.059516162122,1384.8351662478774,7560.045920567906,2012.8976991430225,12780.904860200006,8654.260777755759,7642.406142868861,9219.878459893825,13911.365282821549,15711.464279075784,920.6987718179337,396.7431067383504,0.0
