place_id,AE,AO,AR,AT,AU,BD,BE,BF,BH,BO,BR,BW,CA,CD,CH,CI,CL,CM,CN,CO,CR,CU,CZ,DE,DJ,DK,DZ,EC,EG,ES,ET,FI,FJ,FR,GB,GH,GR,GT,HU,IE,IN,IQ,IR,IS,IT,JO,JP,KE,KH,KR,KW,LA,LB,MA,MG,MN,MR,MX,MY,MZ,NA,NG,NL,NO,NP,NZ,OM,PA,PE,PG,PH,PK,PL,PT,QA,RO,RS,RU,RW,SA,SB,SE,SG,SN,TH,TN,TO,TR,TZ,UA,UG,US,UY,UZ,VN,VU,WS,ZA,ZM,ZW
AE,0.0,5431.183025272125,13589.31057146327,4236.995028561689,12077.333333333116,3596.0108333333155,5149.75,5586.851228277513,449.6666666666667,14178.199999998576,12126.164149999986,6290.08054444345,10980.845700171167,5033.0328285702,4777.7919666661355,6395.683143192288,14802.994500000277,4541.176950006373,5964.833333333256,13619.633242893635,14582.500866676683,12629.125000006488,4455.66666666667,4655.373933333427,2002.9999999997813,4827.086425000027,5126.69566666668,14477.795874999849,2384.500000000013,5643.963522222215,2401.651200000069,4767.351499998823,14174.494966667242,5246.089560006331,5470.936028571495,5802.905357363291,3269.7142857166286,14409.833333333336,4013.34968571429,5941.999999999894,2297.777777777778,1385.8333333334044,1275.0,6716.051299996651,4320.948375000006,1613.0108333301453,8013.749999999998,3407.2792429946703,5229.999999998165,6864.538411111119,851.8571428571429,4906.666666668365,1991.4738999999586,5800.833333333809,4939.952443022635,5304.700155947305,6793.239899517814,14314.43354284739,5587.82515714286,5972.333333330426,6496.769628574242,4895.284214079118,5174.393040012664,5055.800000000418,3292.73417142839,14228.56913998045,384.2985333312911,14186.361600305368,14792.749999999245,10916.332242874985,6398.987733353506,2032.1378857240477,4146.881999999883,6123.500000000454,300.42857142857144,3406.2500000000146,3812.833333333249,3739.850733333333,3942.2494144236703,789.5692714287425,12049.576114285761,4776.899999999995,5887.443485714276,7480.328300000044,4969.571428571428,4239.120999669266,15008.581750004403,2629.5,3948.640557143483,3514.6740000041614,3680.625000002871,11357.292477778088,13136.26833332632,2395.3333333343053,5302.915299999019,13705.597499997637,14563.833333338742,6287.229699999871,5382.012366666969,5461.32173333335
AO,5431.183025272125,0.0,7780.142857142857,5887.666666666569,11867.630242858122,9316.41881377631,6247.275333333457,3052.7664995824894,5472.707324999871,7687.55388571964,6190.499999999779,2081.19989997398,10307.99999999268,538.1111111111111,6247.021857136886,2805.779166669233,8130.982928571611,1017.7142857142857,11625.183099761574,9440.348511110684,9975.499999993905,10392.33333334305,6125.5514333332385,6561.3190142872645,4142.62500001611,7090.248285719877,4811.166666666652,9712.575928587075,5282.125000000007,5772.517400000078,3501.666666666527,8000.166666717584,15658.000000055557,6500.0,6836.500000000034,2401.6378200124273,4954.916500013606,10817.125000008642,6110.838756967723,6827.963514289635,8179.912014554634,5845.166666665786,6187.833333336134,9415.048099999789,4879.612080062111,5252.7501666665785,13586.07244444439,3162.4463000007368,10236.529220182867,12431.749999918811,5890.591500316099,10396.833333328203,5421.125000002258,5630.804999153296,3694.1250000195455,11682.35116665682,4235.666666670121,12225.333333327088,9253.18149999526,2784.777777777778,1579.5714285714287,1808.1086666661467,6810.9453143618375,7196.995149985924,8461.699999994371,12889.666666671139,5674.415999998026,9690.999999992931,9820.375000089893,14445.833333333318,11778.973249995022,7233.122233322374,6673.562999996205,5778.184785714271,5802.666666665348,6160.513200004536,6117.994185955632,7280.9999999833135,2187.546399999812,5342.624999989841,15913.029666684863,7266.200844136406,9556.214428573032,4803.759871428964,10027.177940000234,4786.699500007165,16593.849071419812,5860.899125004655,2882.2555000018456,6291.412999999988,2097.7397666799643,10476.833333333874,6743.333333331507,8396.936725000092,10560.980585728435,16294.833333322891,17462.833333328148,2490.0,1925.2465999985634,2164.206500000065
AR,13589.31057146327,7780.142857142857,0.0,11806.0,11838.876149999402,17005.374700000608,11323.798142857177,8175.833333331406,13522.999999999765,2095.936822221281,2340.0,8155.0,8982.766825000002,7859.700699999995,11127.33584999996,7483.68895714135,1137.6,8319.289411138969,19269.333333333332,4673.000000000126,5683.858700000024,6894.303479999996,11815.23259999999,11900.111111111111,11317.91379946975,11838.333333333267,9831.492666667054,4351.982599999957,11800.1,10030.666666666666,9902.742833335391,12627.374999999998,10758.068500002402,11073.665659999999,11129.4739,7874.827866673378,10494.577899951575,6064.124999999901,11879.433600000553,11051.586080000037,15949.166666667403,12250.666666666648,13730.500000083894,11350.873499995352,11149.888888888889,12153.333333332548,18374.88888888889,9569.99999984902,17056.743271432217,19511.99999999998,12537.318333341167,18930.999999999967,11765.532425007597,9449.499999999169,9564.925428568125,19247.672357142856,7460.166666666521,7385.90000000003,15869.625000000062,8131.403714250977,8133.353814285688,8078.203357143398,11447.365944444446,11873.333819998816,18149.29999992977,10317.52848888885,13583.233880000786,5293.304333333343,3139.4285714285716,13831.398960865272,19804.606985694092,15326.131042882665,12235.328811112413,9580.42857142857,13310.333333333316,11812.599999997605,11822.018822222279,13476.0,9749.027384993173,12126.62499999517,12529.093699987276,11908.639200001711,15892.356533333328,6955.379222222222,17088.165624999958,10091.424899999834,10320.47833333468,11871.540624800591,9368.103966670908,12821.57142857143,9613.624999999845,8385.0,229.57142857142858,16232.313856601357,18468.314285541892,11711.153928561893,10477.320933336623,8117.100928571433,8134.374999849647,8171.315250000083
AT,4236.995028561689,5887.666666666569,11806.0,0.0,16080.142857142857,7031.023200000081,915.0,4346.666666661489,3890.166666668978,10622.87499999997,9587.5,7796.645157141381,6543.609885715543,5460.942500004768,684.3,5117.666666670101,12488.766157142842,4873.142014283259,7453.4942,9213.823371732855,9714.499999998894,8648.541600000779,251.79999999999987,524.0,4788.045200004287,870.0,1679.4656599998818,10107.403444443202,2386.135988888893,1810.6503142808401,4901.942499869718,1437.8706500000312,16317.5,1033.8,1235.25,4889.583277778562,1280.6666666666667,9836.429228570476,214.11111111111111,1694.7931714285755,5564.571428573771,2853.2500000001837,3170.6250000000227,3053.639966678557,765.0,2455.5384111111143,9130.42857142857,5693.852357150263,8787.884524999326,8273.5,3394.7547142877497,8309.658757315012,2240.181971428692,2482.386642848468,8091.833333330815,6430.6999999997,4178.07427499331,9879.499999998436,9702.608174999947,8118.882657142858,7504.478766659816,4311.499999997823,965.8888888888889,1390.6380499999536,6203.456555556206,18168.61355555556,4382.166666665474,9444.999999998568,11166.76728628082,14059.61185714253,9724.333333333294,4820.773285714249,556.0,2300.0,3964.550011111727,854.9,490.0,1670.0,5721.0672666713335,3812.0978333333774,15446.756500002075,1244.0,9702.44057777778,4777.174000000431,8452.3,1361.0536222222208,16838.66666666811,1594.6301888888972,6181.855299996913,1028.700000000098,5309.047933334219,7044.499999999984,11231.472619976976,4236.928099999282,8328.890566666638,15990.5,16224.367111110665,8515.3333333337,7173.107214565854,7262.255966666672
AU,12077.333333333116,11867.630242858122,11838.876149999402,16080.142857142857,0.0,8971.423699996873,16579.230466666664,16313.908833334508,12081.703499999923,13329.30000001183,13969.624999998261,10222.782943229835,16249.571428573772,13001.098366657416,16583.110440000008,16094.66666663483,11340.25,13871.994533326108,8969.793171428597,14325.43154999995,14166.135914281424,15848.367050015344,16090.5,16094.42857142857,12343.833333353266,16055.338280039154,17214.26143333426,14327.333333332233,14403.727380023036,17639.75,11577.955071433218,15189.680142857178,3298.9056666618626,16960.0,16910.0,15930.295049991717,15308.344933333341,14285.186366667545,15732.9659666669,17229.66666666665,10436.405449999884,12913.099999990332,12880.355766666868,16958.892399999997,16314.62500000214,13117.974485525181,7971.166666666685,11909.900000000001,7077.920271431761,8337.500000000004,12186.833333336137,7191.500000003341,14145.499999999738,18138.49999999976,9576.125000005868,9601.33409999966,18512.62475000117,12887.780366671828,6570.6666666666315,10444.499999993752,10394.00000000398,14963.719199998937,16630.399999999954,16026.800000000254,9684.124999999976,2326.0,11173.399099999995,14272.895228572215,12740.833333333145,2810.116000001931,6252.669542886335,10327.473499998463,15605.603249999987,18044.500000000855,12009.000000010901,15253.803456403875,15947.724228571446,14465.42857142857,11992.343659996211,12111.923928510538,3156.6249999995885,15597.666666666648,6150.0,17334.094374967965,7366.230185542257,16234.5,3584.875,14393.682957143676,10995.714471434881,14915.428571426228,12275.41984002439,15927.337360000256,11655.01970000207,11566.999999997875,7476.100000019445,2801.1217394714035,4408.899728571421,10284.666666667334,11057.53796666246,10402.710999998966
BD,3596.0108333333155,9316.41881377631,17005.374700000608,7031.023200000081,8971.423699996873,0.0,7681.9964999987,9849.666666644962,3950.5582400764283,18354.166666684905,16846.999999999472,8563.544885714284,12485.333333333518,8708.199025019196,7578.607899999865,10363.333333333072,17090.0,8798.589528571596,3026.0,16696.23769908809,16783.73277080976,15553.200000008093,7398.731171430694,7180.331033333276,5302.514666661853,7293.203808888817,8380.199999995986,16820.33333333477,5687.747866667012,8266.135750000425,5942.270142858807,6636.5463750042245,11230.367785706516,7905.5,8001.931166666742,10000.333333333327,6153.200000001118,16014.374999999682,7028.591266666412,8186.708657143416,1423.888888888889,4473.039919994111,4273.33333333327,8269.333333336202,7275.166666666685,5043.842200000281,4721.077724999996,6834.788249999337,1930.7038714286937,3720.905449999938,4273.833333333237,1353.7691400193369,5102.922042814536,9104.16666666508,6819.565328570414,3065.7883555571993,10641.80016664513,15820.833333329701,2630.0,7808.441075003803,9835.999999992277,8613.306300002903,7703.618588888887,7312.684833332773,665.2500000021392,11041.84033332932,3266.833333333264,16703.95724443634,17696.340801121456,6344.100000006333,3005.0810428573795,2028.0838571428546,6836.533419997443,8743.080857141811,3906.6925799805085,6353.593999997747,7105.277633334309,4949.999999999996,7419.749928572459,4880.435700055765,7893.733866671514,6988.059533333931,2896.5555555555557,12369.30783333334,1540.111111111111,7586.277155552069,11384.99999999675,5437.0624712376475,6777.066666665501,6245.800066666188,7157.742500000013,12634.166666666564,17143.958257154583,2967.2389997465107,1606.7225200079813,9994.021575013692,10984.828257148405,8436.278400002477,8032.092319996844,8100.5081000029995
BE,5149.75,6247.275333333457,11323.798142857177,915.0,16579.230466666664,7681.9964999987,0.0,4505.484757143198,4778.086999999284,10136.43437797661,9263.000000000113,8159.205733333186,5655.137885724042,6230.833333333342,489.2857142880573,5225.655000002049,11645.428571426228,5245.951785709069,7970.0,8458.45360000012,9080.3771709991,7721.6666666672145,712.6666666666666,651.0,5308.743344441983,764.9,1633.1038249557191,9438.535128571437,3194.3839999996458,1316.0,5636.125000000015,1647.7462714285634,16346.982928571424,264.0,320.0,5102.555857142108,2088.250000000002,9004.875000090376,1129.75,774.0,6364.5,3757.5,4075.499999999982,2131.1748428571505,1173.0,3250.94780000041,9450.0,6451.695714287964,9666.077699998523,8679.703480000004,4340.124999999367,9015.000000003254,3142.5000000000005,2077.8391333333198,8743.069785715952,6984.278660071982,3969.4999999905563,9230.813057142994,10234.000000063412,8738.518299738795,8298.499999998638,4847.1526222226885,173.0,966.0043500003476,7162.52200017404,18815.333333333314,5459.104400004108,8789.164724999,10476.458199997951,14468.610639581026,10447.063971443205,5447.6133571428545,1160.0,1712.5555555572112,4895.206828576306,1764.5714285690856,1373.125,2251.580433333333,6280.222366666032,4723.736985714554,15636.499999998654,1281.6666666666667,10538.253728571424,4481.936966666626,9263.051624999998,1625.875,16512.833333333325,2589.842999999987,6865.959571425849,1806.8750000025045,6237.526099999977,6237.386080025334,11039.166666665267,5116.823266669014,8407.87500000014,16267.666666666666,15765.299999997507,8888.64500000018,7453.515299998015,7836.119128570759
BF,5586.851228277513,3052.7664995824894,8175.833333331406,4346.666666661489,16313.908833334508,9849.666666644962,4505.484757143198,0.0,5224.930871428576,8166.307942873196,6125.941399999375,4916.153457145862,7969.703214312219,2788.6666666674064,3943.8333333187447,753.8956000029499,8848.56814355552,1749.7585567366195,11329.499999997719,8260.984242855617,8573.861928077627,8096.859649808236,4591.633833324682,4810.6666666697565,4813.253914283649,4970.52644444256,2725.999999999763,8324.366942866356,3864.4824139503385,3183.4776285714615,4161.666666668397,5646.66666667267,19109.83333333183,4064.97825,4507.125000001184,760.1666666666847,3584.096614285323,9450.999999999869,4357.124999997668,4576.027000003517,8179.500000004402,4876.396771436214,5574.999999987168,5715.699999999107,3467.0549333264894,4326.802511109237,13052.405999995244,4427.263444455554,11328.333333319053,11951.042771427166,5226.865544442029,10718.923643902725,4406.540943001523,2665.0333252483715,6279.499999994382,10419.249999448584,1611.5,10077.875000014548,11321.812944437963,5543.726571433713,4360.7013800121385,833.08104285962,4547.57508551687,5209.468999999767,8510.66666667398,18618.385429504637,6090.0389285801,8212.877214289212,9177.256340880547,17389.54798563395,13067.34825061608,7353.666666651675,4828.489249999182,3155.488639796558,5311.741955556765,4614.31268889013,4291.383375009359,5761.431224997048,3531.117528799698,5128.353800001315,18783.223466658776,5406.333333323341,11384.95297967127,1743.1666666666113,10662.793357149674,2883.3913333338646,19425.340119755554,4488.5734002946,4371.874999980922,5133.180055551366,3594.1117146279344,8314.978110730808,8111.452833330569,7327.20033332026,10946.333333333185,18994.966833347124,18559.62499998891,5105.399999999996,4270.91032888405,4862.883499999396
BH,449.6666666666667,5472.707324999871,13522.999999999765,3890.166666668978,12081.703499999923,3950.5582400764283,4778.086999999284,5224.930871428576,0.0,13634.711943402433,11700.634085712234,6135.5705859586,10429.874999995543,4882.833333333693,4449.912539999904,6019.78214,14255.896499995142,4584.56551429674,6225.799999998613,13432.02467142802,14221.546385277581,12291.863428571449,4176.4636666682845,4276.0000000000255,1958.0000000015848,4812.909014285727,4582.595755560021,14126.028975003583,1922.1847857143387,4863.406528571414,2179.375000000645,4362.904466670926,14236.874999999993,4825.046900015629,5161.371071427645,5825.877400016209,2622.2338222222215,14076.624999999767,3748.107214290612,5468.533814287393,2628.3836999999944,974.49187499976,1110.8761499989282,6111.412342858926,4004.7969800482297,1522.7009555554807,8259.650314285715,3449.5757428571897,6042.829942858812,7177.601333330857,420.0,5184.238999996087,1586.4895599999256,5209.760999999963,5120.833333341841,5439.053185713519,6395.6666666677365,14312.500000000047,6254.524360000308,6083.269100012634,6565.680328571644,4900.591971556468,4783.354999997406,4830.833333332826,3590.667433334659,14783.83333333286,836.0319857142946,13762.826766668648,14486.999999999913,10621.653214273747,7383.093800031261,2304.8333333317446,3907.627599999691,5454.003942857131,140.7,3009.839299641825,3428.347666669176,3444.4965200000047,3772.8221571418817,427.3333333333514,11974.945166650841,4637.12300000805,6355.361785714244,7124.666666694755,5363.333333333158,3873.621985714232,15428.66666667653,2060.115185840118,4139.602100000022,3136.0177286463795,3570.0570281170885,11417.05416666928,12635.088742857137,2997.451633333221,5875.645999998755,13718.608856512474,14796.375975000261,6275.049714285715,5131.15626666109,5813.8377289978835
BO,14178.199999998576,7687.55388571964,2095.936822221281,10622.87499999997,13329.30000001183,18354.166666684905,10136.43437797661,8166.307942873196,13634.711943402433,0.0,1686.199080113909,9035.587471427014,6507.970642841788,9018.29933333469,10093.750000183303,7803.166666648146,1678.423066655069,8576.625000386623,19277.928000000044,2881.94082499868,3867.617200001293,4751.000000006827,10722.624999999982,10398.88344999947,11635.2926571441,10341.750000292128,9053.339557469646,2404.000000000003,10807.833333329398,9319.874999999854,11238.258623991216,11369.750000462995,12182.300000009123,10063.795985713889,9898.500000001231,7873.199999991174,10262.80905999891,4539.85734998706,10678.548914891733,9559.822133330505,16006.646966663584,12798.333333336377,13279.219485681631,9481.572457138225,10121.768877588558,11932.927771428947,17012.11105000222,10669.66666666594,19282.124999995605,18848.506712338698,12973.420766656065,18956.424266659636,10901.224371424985,8730.676485713177,10415.721266662757,16501.299999986077,7612.749999411524,5374.475266666675,18932.647111106144,9200.833333334283,8465.333333337725,8082.000000010188,10090.7370333315,10295.553511114624,17788.125000048298,11028.249999999694,14196.11837069324,3308.10669999374,1621.3340999954864,14764.375000001777,19162.166666663885,15963.83213332975,11075.000000004515,8468.30049999562,13728.796171427424,10988.12518888709,10684.166666663345,11950.83333333146,10279.151133329811,12879.186756703508,13577.179111069061,10644.250000000004,18598.01485000013,7215.666666642622,18340.023071435873,9293.090524658463,11120.781355562203,11501.279166667138,9957.857514269024,11532.015757143721,9778.666666662364,6507.038633328194,1917.9721599995764,14937.618811112316,19369.947285712988,13127.455611133639,11703.428286831284,9230.924055550337,8809.114714836453,9074.375000002556
BR,12126.164149999986,6190.499999999779,2340.0,9587.5,13969.624999998261,16846.999999999472,9263.000000000113,6125.941399999375,11700.634085712234,1686.199080113909,0.0,7469.333333333577,6982.833333350147,6701.124999997291,9112.666666665502,5035.624999485024,2935.7188666665766,6607.610300018896,17300.66666666665,3660.0,4846.624999998891,4900.167433333334,9643.027033336977,9509.969140000003,9985.274742876945,9601.000000000322,7410.242471636325,3421.416939998477,9461.374999999583,7261.603633333347,9426.043766678687,10360.999999998836,13906.043056587863,8725.666666666648,8770.666666666666,5574.999999999708,9280.762499999266,5415.953166672732,9543.183274737203,8818.6211571603,14380.472199995465,10924.123157514015,12020.501788887144,8899.666666656263,9060.743557142765,10488.00000000017,17370.11111111111,8389.333333328732,17462.49999999582,18249.600000000126,11290.375385714891,18257.799999999992,10264.013700028863,7268.100000000916,9389.279166661638,16527.888640002384,4920.9389333487525,6850.0,16400.54156000005,7968.010799999989,6633.145033327944,6903.978999995949,9224.666666666666,9483.887066667488,15331.625000002827,12038.499999999967,12371.22076665793,4641.299785981137,3171.1111111127666,16261.439999998249,19268.20879978678,14022.555485713918,9843.83333333422,7289.888888888889,11655.706644440428,10036.99999999895,9488.833333332737,11180.0,8184.666666662936,10746.33333333738,15567.990429570355,10125.68133333793,16002.96520003545,5020.766157142585,16739.88888888889,8220.374999999445,13259.001685715584,10146.228499993407,8452.749999996693,10167.5,8094.987533293968,6728.701466666697,2277.5,13786.3495,17146.203800660656,14136.851600000355,13346.419333356376,7443.993944444982,7761.923085713303,7484.175685711925
BW,6290.08054444345,2081.19989997398,8155.0,7796.645157141381,10222.782943229835,8563.544885714284,8159.205733333186,4916.153457145862,6135.5705859586,9035.587471427014,7469.333333333577,0.0,12620.374999996679,2079.7151283186954,8194.375000000053,4665.0402666666705,8231.155499996225,2973.1666666824035,11365.778442848472,10089.050800007053,11797.972100002025,11939.833333349126,8410.921866665703,8568.497950001385,4115.2610428566695,9154.832700337114,7167.791485227711,10428.376229055033,5388.778914374319,8012.101379843175,3963.868133334028,9267.39973999981,14694.154585704784,8438.582028571465,8801.02064225296,4327.596757627405,6817.833333333272,12736.398724999955,8137.719914437099,8847.250000000902,7874.499999996095,6477.499999996514,6945.19165554759,10070.345374999315,7556.138544454486,6301.666666669134,12875.045114290147,2910.2956571428754,9597.35934396914,12069.749999999996,6507.982055554982,9969.666666669295,6586.209311116495,7335.283371428524,2348.063499999953,11791.000000002346,5942.166666715849,14491.406866669688,8717.204966667632,606.823266666148,908.8763714280879,3578.4505333399666,8807.910328256841,9171.375000282012,8499.874999990472,11732.264166659437,6164.574275389358,11357.250000003934,10110.709449997797,13114.872500021422,11269.939588879712,7967.124999992302,8496.374999999669,7874.068285715024,6669.750000013774,7666.874999999772,7885.500000002685,9042.625000353952,2452.3955999970717,6186.851986056435,13687.56255554814,9229.56448570963,9152.021766658561,6024.625000001131,9335.00000000007,6925.999999972042,14824.388428555385,7439.90319962629,2369.4384999960216,8188.4144999889,2920.8333333332857,12488.590500000078,8025.107349989022,8780.946157142895,9918.028142850388,13800.250000000367,16021.156499988478,258.6666666666667,967.7821400230736,915.2906857142552
CA,10980.845700171167,10307.99999999268,8982.766825000002,6543.609885715543,16249.571428573772,12485.333333333518,5655.137885724042,7969.703214312219,10429.874999995543,6507.970642841788,6982.833333350147,12620.374999996679,0.0,10058.691771425027,6050.87958000002,8088.499999997575,8591.29930000014,9373.999999995907,10538.39133333344,4531.588166666659,3674.4999999978686,2620.4335428571394,6357.996528574168,6139.400000002394,10940.69271428576,5647.787542856527,6122.4999999999245,4912.6283666646295,8603.508100004952,5687.333333333354,11380.166666667363,6115.187919936523,12104.500000002978,5650.25,5341.166666666685,8320.125000000664,7627.874214285743,3514.038300004542,6721.348655556407,5133.178266666675,11149.888888888889,9215.48175714285,9592.542219999768,4040.3179500016195,6655.88031428796,8874.922428571026,10311.36914000001,11622.764866659583,13818.312000003494,10479.076071428603,9872.104400000417,12884.138071933496,8419.259900001656,5683.624999999723,14286.809685712698,9587.25082221656,6106.833333344583,3601.9841333340514,14795.369571411187,13443.002628974416,11660.25286665889,8543.670900328974,5662.462714286052,5687.473499713394,11616.854985761212,14397.439171428005,10804.99999999485,3719.0974250018,6184.374999999777,14163.130571428728,13217.026919975184,10743.499999998121,6517.313385714158,5287.230466666958,10502.999999997446,7306.375466667429,7280.272619999962,7193.243888889086,11414.149799999994,10118.999999997579,12638.189533332616,5796.03677142964,14891.48194273209,6264.956444444418,13658.496857142829,6687.626300003197,12099.665700004643,7728.375000266755,12213.24999999464,7246.76979971608,11229.500000003129,732.3,8999.724666666643,9879.333333333176,12666.344899995922,12971.020457146924,11560.952979993002,12845.59712878506,12007.430357137244,12503.499999999996
CD,5033.0328285702,538.1111111111111,7859.700699999995,5460.942500004768,13001.098366657416,8708.199025019196,6230.833333333342,2788.6666666674064,4882.833333333693,9018.29933333469,6701.124999997291,2079.7151283186954,10058.691771425027,0.0,5768.80706666056,2659.5318428959235,9333.783666682548,977.3447142873495,11507.374999999702,10193.265599997558,10305.376800010843,10474.058799222486,6118.051871428583,6153.736142857816,3459.2211401864533,6214.280366664278,4807.451928827563,10115.977940235407,4189.579120037977,5777.65583333303,3038.1443198958377,6776.666666662459,16943.40100000004,6023.445642857004,6369.796980012563,1862.8294201938936,4915.3333333327555,11373.618799999962,5455.349966665682,6629.999999997855,8084.648999995809,4893.8060400026025,5448.833333336397,8158.297333333062,5420.972985714283,4563.753124970341,13560.1428571452,2414.8888888888887,10470.70000000804,12237.81071428681,5143.594666694957,10226.78022827818,4888.666666667204,4839.345371428479,4849.024857177593,10665.399028559495,4326.474499998958,13631.924671428062,9663.037614388437,2781.8,1927.3313200184334,1784.166666666965,6308.899999999985,6980.999999999861,8221.003942839543,14121.26535666615,5039.10571111091,9887.473922215127,10149.309257143523,15703.999999987594,11673.985928838247,7208.139422231793,5952.333333333083,5793.500000001281,4961.375000007787,5572.300000013606,5430.080833333178,6941.030533335312,1666.625575001549,4901.0181666667695,17505.756601948207,6890.506650002124,10110.461214286057,4923.864749926454,9592.38337777126,4560.500000025862,16638.166666701,5104.499999991794,2079.0062854987905,6146.979099997517,1666.3275333335291,10104.666666667055,7891.476466658688,7558.166666645503,10391.833333325467,16347.615228552924,17167.189240046635,2777.638049999986,1816.8000000127815,2212.666666666671
CH,4777.7919666661355,6247.021857136886,11127.33584999996,684.3,16583.110440000008,7578.607899999865,489.2857142880573,3943.8333333187447,4449.912539999904,10093.750000183303,9112.666666665502,8194.375000000053,6050.87958000002,5768.80706666056,0.0,4726.650544447582,11850.166666666672,4763.799999996494,8128.138279999829,8998.407200000043,9422.513085714847,8189.4999999996,617.0130500000732,751.754349995358,5059.833333333804,960.1478285811595,1013.9062000003136,9596.54612499955,2681.9574144381486,1150.0,5138.224333339339,1745.5759999977643,16675.952914285157,435.0,746.2222222222222,4529.245285492731,1630.8841571428395,9453.505299999728,790.4965200000041,978.7985333313508,6162.511957141697,3387.356533333448,3895.4561745792716,2616.921114300354,684.875,2924.7860428067734,9613.986866666879,5924.000000000009,9335.499999999824,8744.113459999995,4043.987633331891,8918.749999994607,2701.7270428568154,1786.5947857151618,8175.500000005636,7133.353342854812,3808.9459714286154,9592.8714400004,9983.99999999924,8114.061833338649,7922.166666657183,4032.6049141332833,629.875,1466.7134599627152,6807.342633332738,18795.645999999877,5021.134886000967,8836.333333333327,10272.000000001188,14201.146200000057,10370.849357057372,5464.734828570226,962.3159333340432,1650.0231999999173,4542.887628572106,1419.0999999998278,956.1250000069684,2189.6666666666847,5718.4025750043465,4249.526500000996,15546.499999997817,1514.2741666666632,10287.250000068307,4156.833333334327,9057.45360000001,961.3043333341859,16887.89377777785,2025.6666666663518,6200.166666670333,1635.7239000000307,5459.358314563053,6436.289233332101,11133.333333333381,4947.535128571413,8921.85303333575,16249.803939901883,16450.83333333276,8334.86624311941,7318.0062855070655,7560.904466667836
CI,6395.683143192288,2805.779166669233,7483.68895714135,5117.666666670101,16094.66666663483,10363.333333333072,5225.655000002049,753.8956000029499,6019.78214,7803.166666648146,5035.624999485024,4665.0402666666705,8088.499999997575,2659.5318428959235,4726.650544447582,0.0,8266.264799428345,1860.3750000023945,12324.717666668324,7408.870371421891,8224.724414290578,7792.32004285179,5168.200000002499,5130.820174999986,5094.822814282806,5799.678642852218,3154.549440153889,8312.500000008175,4812.375000001042,3863.0129999978517,4799.340666663739,6405.753214285882,18996.400000000016,4882.517399982214,5128.834800035758,452.9408333333388,4279.45163333551,8785.802500221445,5060.833333330625,5357.144171428575,9136.33333333712,5682.833333333339,6195.491899996455,6178.816714285161,4192.29002857059,4955.196866668809,13948.156928570246,4842.697214311636,12278.152333329286,13115.74999999729,6034.255700000084,11780.457928574171,5118.15890000708,2837.283099994437,6273.5000005625925,11797.819713658591,1618.6250000000027,9335.611570766301,11862.433360646337,5717.431571011792,4140.666666656558,1419.6202666665765,5185.361375000053,6104.50000000021,10101.999999997908,18356.62499993486,7072.125000005868,7618.03946740509,8214.666666671628,17880.5649000002,13934.4920714441,8074.81700002976,5657.945785715503,3785.0447428595744,6186.859771430868,5159.33333333396,4966.266066663411,6436.00000000738,4184.999999997026,5990.833333348032,18758.875002074947,6256.340666665464,12760.727414290928,1818.1243600245089,11619.166666658148,3806.7214142856665,19139.166666665365,5053.068433326354,4845.341900000647,5704.240314278132,4135.41562857549,8122.7128999997,7112.87500065391,8049.134933327704,12234.000000000302,19033.25400001233,19174.263957140472,5118.446957142901,4848.333333333334,4898.565766666495
CL,14802.994500000277,8130.982928571611,1137.6,12488.766157142842,11340.25,17090.0,11645.428571426228,8848.56814355552,14255.896499995142,1678.423066655069,2935.7188666665766,8231.155499996225,8591.29930000014,9333.783666682548,11850.166666666672,8266.264799428345,0.0,9292.31094285593,19000.0,4250.25,4866.300000000347,6278.438900000031,11957.189943013618,12499.666666666666,13478.666666671084,12288.333928572005,10303.064425000188,3765.3198571429966,13262.45305718187,10711.586342847393,12035.693457126994,13313.269670869593,10676.126355005024,11649.8,11644.75,8412.009000020851,12354.24999999563,6029.104400004104,12580.006959999995,11092.064425000024,16337.327642857143,14200.680514289716,14466.608666664706,11514.591027814231,11888.712555555552,13396.333333329618,17240.111111109454,11905.166666663266,17169.6771433448,18444.396750015843,14273.85245714191,18750.448199236576,12895.894300034923,9874.383999999533,10623.257099978437,19206.81209999911,8354.038955562904,6584.39675,16724.774414285144,9310.201460067565,8153.015571428229,8600.599999994009,11836.819040000368,12159.310099991757,18857.080499999414,9349.666666666666,16211.153457257717,4805.763050000001,2464.8,13210.427333333153,17350.267966667023,16443.439555555902,12383.144357349778,9877.91764285873,14393.460422222191,12589.375000000548,12194.5232145021,14110.111111111111,10594.421914958073,14045.799271163665,11866.915300001507,12299.50567121482,16322.093142856636,8286.575833333447,17210.2,11031.500000003449,9628.739333332058,13212.306628590697,10445.255414280417,13056.010833333134,10896.104111109988,8052.442000000412,1367.129350000003,16617.178785714284,18660.83333332271,11597.299999999783,9563.745614284328,8137.000000000246,9406.375000003378,9428.162179987276
CM,4541.176950006373,1017.7142857142857,8319.289411138969,4873.142014283259,13871.994533326108,8798.589528571596,5245.951785709069,1749.7585567366195,4584.56551429674,8576.625000386623,6607.610300018896,2973.1666666824035,9373.999999995907,977.3447142873495,4763.799999996494,1860.3750000023945,9292.31094285593,0.0,11073.734357143716,8740.749999998763,9564.704528061768,9416.301657147249,5021.541366666375,5229.625000000001,3549.233455540088,5604.950471428645,3512.4438574600867,9393.55833334276,3402.6189857167474,4423.197966681105,3033.101333310766,6261.750000000342,18521.986646030753,5074.916142857091,5372.333333329569,1410.8333333333333,4137.222399846272,10393.750000014472,4908.314399998747,5610.8250799982225,8122.378199999946,4556.500000009806,5089.999999996025,6914.940466673172,4232.999999993865,4154.109371581383,12705.233657143259,3130.4219500009594,10511.500000008746,11896.999999608159,4762.705299999858,10332.307842875487,4098.833333333308,3820.874999873638,5074.876999995096,10613.981242858177,3194.319671010165,11806.500000005177,10213.456985707531,3850.74692857209,2865.149799671012,663.7297000001009,5375.7333285720115,5903.624999985999,8042.000000014706,14862.973249996205,5192.333333334243,9247.99999999329,9713.253357129652,15495.763428514414,12254.375800000402,6706.606111111598,5229.187788897568,4425.12500000725,4809.6531000033,4924.301380001333,4881.374999998979,6082.578860000902,2189.7700599992013,4334.807220003755,17629.560833375992,6222.374999999656,10496.004700001948,3714.732999943556,9938.833333329881,3487.375000013695,18917.374999969594,4380.925242854212,2999.874999999672,5338.317514629244,2123.667571418191,9413.8333333357,8089.35639999232,6681.656499042591,10804.874999991142,17024.66666667438,19019.743200021116,3889.375579991476,2826.875000000558,3199.333333333142
CN,5964.833333333256,11625.183099761574,19269.333333333332,7453.4942,8969.793171428597,3026.0,7970.0,11329.499999997719,6225.799999998613,19277.928000000044,17300.66666666665,11365.778442848472,10538.39133333344,11507.374999999702,8128.138279999829,12324.717666668324,19000.0,11073.734357143716,0.0,14940.66666666571,14000.177284663914,12898.181222224785,7453.9829285714195,7350.428571426229,8070.4073714257465,7214.9,9131.988400000024,15652.833333333403,7541.494200000018,9214.333333333352,8313.755220000006,6300.111111111111,8820.98668571578,8214.857142859486,8140.1,12329.311666671043,7610.333333333333,13649.507642852679,7333.176625000002,8280.666666666648,3790.1111111111113,6407.024857142725,5615.6,7817.406528590534,8130.0,7049.646749999997,2100.0,9601.482599982282,3287.40922497931,950.1111111094555,6241.333333333311,2299.304333333326,7124.166666666173,10306.373677777772,10196.000000000015,1166.1999999999998,11509.999999439644,12435.0,4349.750000002139,11759.750000002132,11903.001499791937,10751.36694998436,7824.3,6700.0,3132.5913142467143,10208.349871309374,5923.984899999911,14685.415733336513,16632.71809999999,5116.485333332039,2850.25,3808.668749971546,6950.0,9600.0,6180.833333333279,7456.327724999994,7417.250000000004,5790.111111111111,10168.018571428582,6176.773285714272,7158.49999999816,6700.666666666649,4480.785511120931,12016.947460030156,3299.5714285714284,8680.053580125148,9629.850366666244,7509.666666666275,9688.875000561804,6450.0,9487.935557129187,11150.666666666666,19147.923085714086,3946.3410666764894,2330.0,8280.160125003526,9443.459714284187,11715.160866666694,11044.96258570533,10473.249999997654
CO,13619.633242893635,9440.348511110684,4673.000000000126,9213.823371732855,14325.43154999995,16696.23769908809,8458.45360000012,8260.984242855617,13432.02467142802,2881.94082499868,3660.0,10089.050800007053,4531.588166666659,10193.265599997558,8998.407200000043,7408.870371421891,4250.25,8740.749999998763,14940.66666666571,0.0,1250.4782499841062,2243.503480000007,9590.250933338924,9440.861059993375,11624.496857142494,9184.249999997372,8352.500000000142,725.9,11508.596285714231,8030.0,12010.25147500047,9665.185159999597,13147.833333342132,8630.0,8500.0,7371.204899705868,10047.434233330494,2100.307757142857,9563.30000000228,8338.056833335278,15912.690271426563,12303.5999999968,12168.137228571235,7430.429414284457,9345.776100000037,11501.602099998845,14306.0,11686.25000000222,17587.233999465807,14854.655285731662,12404.28343333449,18740.23276666668,10987.833333337754,7539.344243324229,12542.614757145306,15023.746642853923,6437.961543005836,3183.537999999501,19745.05899999998,10912.389271430797,9541.426399998276,8226.22737143032,8827.588166666665,8753.369385713635,16444.258229195162,12468.546222195953,14206.156266661996,753.3546571428631,1880.0,16129.733200001428,17831.602388871703,15328.6410995777,9648.36821985125,7296.463633336284,13529.166666668578,10125.809222221706,9445.737288425898,10905.25,11256.769311111198,12475.000000001548,14318.95240000141,9481.647499999972,19723.276428571415,5421.69183334117,17272.279625568288,8512.912539999399,11945.397499976858,10773.166666667194,11570.333333333383,10236.80000000123,11652.037866668532,3490.8333333333335,4772.114977782687,14044.029333333274,17538.09774999999,14163.666666664438,11524.500000026588,10679.87890000009,10218.47723332546,10553.345842857185
CR,14582.500866676683,9975.499999993905,5683.858700000024,9714.499999998894,14166.135914281424,16783.73277080976,9080.3771709991,8573.861928077627,14221.546385277581,3867.617200001293,4846.624999998891,11797.972100002025,3674.4999999978686,10305.376800010843,9422.513085714847,8224.724414290578,4866.300000000347,9564.704528061768,14000.177284663914,1250.4782499841062,0.0,1423.000000003002,9802.811085714507,9639.778833332719,13852.236233333331,9494.125000000038,8765.066971434335,1329.8333333332603,11995.579555566424,8505.336425000009,13209.625000005533,9677.937342645188,10750.500001613756,8925.279874999984,8707.30000000007,9002.500000000013,10761.702842668758,856.6069600127666,9901.499999999996,8467.3333333328,16068.666666671148,12467.05590000027,13111.500000008633,7474.718600000381,9671.071133332383,12405.605166665857,13223.74999999994,13347.92199945695,17009.925799995188,14062.386471387867,13304.028699999777,16717.117100000032,11939.936214285251,8227.699999999924,15109.118399985013,14349.612274674831,7707.874999959188,1928.5290000000014,18718.05305999643,13520.750000011061,11310.377542856497,9532.569266667764,9069.358971429025,9230.625000000495,16218.94897142768,11723.050742858391,15136.838255555658,550.75,2608.3333333334735,14365.073533333334,16367.441666685676,16005.586055558884,9915.124999998701,7742.917400018068,14135.838571428574,10304.660755549661,10161.743599998836,10847.093142857344,12262.499888891518,13466.406057145537,13088.949528590447,9586.36675717929,18707.738674999662,7594.081249994595,17219.419571434406,9355.750000000407,9568.199999999417,11336.898600000026,13095.270514275042,10413.49999999501,12241.319485722579,3225.99999999985,5525.50902500728,14344.5846571498,16778.698343435986,12815.000000024818,9064.482377788503,11563.044742857222,12133.099280305303,11680.833333330806
CU,12629.125000006488,10392.33333334305,6894.303479999996,8648.541600000779,15848.367050015344,15553.200000008093,7721.6666666672145,8096.859649808236,12291.863428571449,4751.000000006827,4900.167433333334,11939.833333349126,2620.4335428571394,10474.058799222486,8189.4999999996,7792.32004285179,6278.438900000031,9416.301657147249,12898.181222224785,2243.503480000007,1423.000000003002,0.0,8262.108666666667,8294.207266666459,12103.921788894791,8129.249999755774,8204.269957371022,2620.625,10136.799642987378,7455.477628586064,11923.482674991812,8302.191914285599,12120.984966690938,7725.1,7165.0433333353085,8307.130666670764,8644.240533333346,1265.25,8593.574377777702,7113.80000000001,13975.124999999542,11201.588022223768,11903.907750000593,6089.186099787687,8690.142857142857,10832.145014238791,12317.021857144015,12274.299785712268,16386.795142858326,12560.148499999605,12157.673233333977,16087.374999999129,10120.333333334178,7150.999999999863,13737.415342865044,12428.936400001554,7131.4999999995935,1779.5714285737715,17144.771499547838,12908.022611097475,10830.249999984984,8842.693742728545,7818.349685714534,8014.582139999714,14385.988085712721,13201.569642845438,12984.459050000385,1600.9941999999837,3932.151100000022,16031.691214288749,16289.83333333478,13289.580577776047,8339.750000000482,7149.75,12678.125000007174,9179.000000216447,8739.85348571518,9578.793171423697,11886.636714288692,11966.1666666666,13541.408129604073,8282.527342857125,18776.924574744222,6756.99999999977,16491.337400001426,8314.964625104358,11944.842055534657,9681.333333335733,12392.000000000511,8716.87702857139,11724.874999998283,1830.29652,6759.968699999971,11832.66666667149,15689.78818029432,13827.088400046177,9741.333333326193,11981.166666669096,11720.83174999944,12069.595813700813
CZ,4455.66666666667,6125.5514333332385,11815.23259999999,251.79999999999987,16090.5,7398.731171430694,712.6666666666666,4591.633833324682,4176.4636666682845,10722.624999999982,9643.027033336977,8410.921866665703,6357.996528574168,6118.051871428583,617.0130500000732,5168.200000002499,11957.189943013618,5021.541366666375,7453.9829285714195,9590.250933338924,9802.811085714507,8262.108666666667,0.0,280.0,5036.833333333214,637.9253666668005,1718.9999999999968,10028.352675000158,2627.3333333333335,1772.5,5206.199885710083,1376.407750000389,16217.102428519353,883.25,1035.365944444455,5165.6707798173165,1537.7832285714346,9849.166666665455,443.8,1449.327725010808,5714.166666666667,3063.000000000514,3443.1401198569893,2632.433542857146,922.3333333333334,2634.166666666667,9080.499999999918,6081.490844443952,8921.272771427415,8261.695666666727,3662.0654714298917,8466.969722221344,2624.5543571437265,2478.9090142632517,8220.889971426788,6499.999999884157,4320.593285708541,9748.300000000096,9614.443485714297,8204.813899788147,7777.624999999027,4655.081633334227,710.8749999978608,1120.2587000000133,6231.855642854367,18132.423899991125,4791.82581428664,9392.800833334806,10908.132257142317,13756.513311103214,9905.624999999998,5089.238344442277,517.0,2244.8333333333153,4218.989166667006,1081.2068285714308,741.7999999976053,1667.83913333333,6106.249999998002,4073.0276713045387,15226.907633338602,1055.5,9786.374999999445,4854.319433332931,8586.160866666665,1471.2942666697784,16489.7630997943,1627.258125000916,6571.957866666467,1142.8,5528.191975000261,6570.571428571428,11457.826919999403,4340.403700000789,8298.908357142844,15925.833333332901,16041.883488668544,8447.340666666896,7272.4357000561195,7486.851514436885
DE,4655.373933333427,6561.3190142872645,11900.111111111111,524.0,16094.42857142857,7180.331033333276,651.0,4810.6666666697565,4276.0000000000255,10398.88344999947,9509.969140000003,8568.497950001385,6139.400000002394,6153.736142857816,751.754349995358,5130.820174999986,12499.666666666666,5229.625000000001,7350.428571426229,9440.861059993375,9639.778833332719,8294.207266666459,280.0,0.0,5317.614014286032,355.0,1830.4235777873664,9868.413471428596,2894.600000000001,1870.0,5350.0,1102.3546571428571,16184.66666666628,878.0,932.0,5149.2111428571,1801.0,9579.87499999998,687.8,1315.0,5780.142857142857,3276.764500000074,3510.0,2390.714285711943,1181.2222222222222,2934.500000000083,8917.87499999786,6338.582111111183,8858.799999999972,8129.888888888889,3892.8333333335304,8466.58196666672,2623.936028571426,2625.166666666601,8495.996499999652,6380.500000004579,4468.028888882629,9588.532499998395,9599.57142857143,8761.833333333863,8131.333333333226,4849.733514286266,577.1250000021392,839.0,6393.499999999466,18150.33333333335,4969.67085728141,9402.141533333352,11066.29021428571,13524.195666666545,9736.436966666812,5247.641499995607,517.0,2310.0,4381.215774999921,1293.2,995.2167714285689,1608.5,6266.833600000004,4282.874214285562,14701.499999982945,810.0,9912.3,5022.201466666657,8602.100000000002,1501.0536222222222,16455.320533331906,2029.160866666655,6914.097928437462,1191.8833444455558,5998.999999997712,6715.333333333333,11670.044928571426,4315.367622222115,8298.279874999964,15733.282242702704,15346.500000020187,8706.752133334445,7285.666666666805,7899.351000267426
DJ,2002.9999999997813,4142.62500001611,11317.91379946975,4788.045200004287,12343.833333353266,5302.514666661853,5308.743344441983,4813.253914283649,1958.0000000015848,11635.2926571441,9985.274742876945,4115.2610428566695,10940.69271428576,3459.2211401864533,5059.833333333804,5094.822814282806,13478.666666671084,3549.233455540088,8070.4073714257465,11624.496857142494,13852.236233333331,12103.921788894791,5036.833333333214,5317.614014286032,0.0,5711.5000000026785,4797.0726666497185,13220.644314259262,2290.09999999976,5419.260666668829,556.3333333333011,5967.900000007502,15085.8333332982,5581.4079666666685,5890.000000000193,4705.759871243529,3507.9121145739928,13731.666666665618,4695.874999985253,6212.614200003782,4685.951299992749,2264.5000000000227,2758.2500000021687,7622.2916333307385,4464.083671445215,2124.2629666650823,9877.877433333177,1460.0,7535.666666679881,9174.098055533403,2038.6666666638664,7126.916666664301,2391.1164999998687,5290.370974990374,3317.8727142835405,8155.125000366459,6252.500000014666,14270.280240004497,6620.49999999252,3995.6918333361796,4816.697233321531,3800.833333340902,5468.059657142622,6100.374999777365,5082.028514286658,14920.124999993697,2012.4406714290806,13672.41815714693,14038.029357149877,12436.33333333263,8613.522144445562,3951.4999999997276,5063.4999999973825,5546.166666666139,1998.7478666672089,4063.24009999985,4648.004070000195,4886.833333332788,1948.472166662533,1579.134042853293,13533.156642865652,5632.941149775595,6794.784711111048,6231.63574999954,6660.749999995883,4216.867199999511,16264.737457139658,3343.9985252271867,1961.1175285805068,4530.66666667598,1833.0393999906657,11565.889560018979,11321.874999999955,4771.919142865991,7362.051099985874,15027.371725004889,16106.328671428231,4826.782571424829,3097.9778222235027,3424.735671427777
DK,4827.086425000027,7090.248285719877,11838.333333333267,870.0,16055.338280039154,7293.203808888817,764.9,4970.52644444256,4812.909014285727,10341.750000292128,9601.000000000322,9154.832700337114,5647.787542856527,6214.280366664278,960.1478285811595,5799.678642852218,12288.333928572005,5604.950471428645,7214.9,9184.249999997372,9494.125000000038,8129.249999755774,637.9253666668005,355.0,5711.5000000026785,0.0,2123.83333333709,9916.178199776785,3197.2500000001146,2070.0,5439.750000002139,881.6666666666666,15682.434666667652,1027.0,956.6293499999948,5678.260999998413,2034.125,9318.19197500014,1010.3,1237.888888888889,5586.706499955433,3419.7499999977804,3743.527466666064,2107.8990714285874,1532.0,3204.666666666785,8609.75,6582.565111110607,8852.724328571274,7962.330457204961,4200.759028571363,8313.352266665808,3131.8941251524384,2817.4620571430933,8756.500000003824,6198.9095333334835,4566.499999990305,9549.218866666759,9582.877480060568,9123.579685711238,8566.764199999932,5141.7743142921245,621.0,483.0,6251.1666666667215,17871.8999999935,5061.529028571476,9038.605571428634,11085.0635599996,13795.025599286248,9305.999999999949,5210.370075,669.9309750000431,2297.833333333351,4615.496520006331,1550.8791857143315,1028.7821400015196,1563.8793500000054,6410.358833337455,4539.833333333277,14263.799999992061,522.0,9970.296519993673,5070.757714282869,8610.42857142857,1936.9942201530384,16085.328444445024,2035.6034142857145,7244.08170000007,1458.729200000077,6186.527999996985,6216.494699999977,11817.833333333334,4365.666666666562,8299.940379962865,15625.923928571454,15087.79309999068,9277.55876000001,7677.681224998811,8387.124999999418
DZ,5126.69566666668,4811.166666666652,9831.492666667054,1679.4656599998818,17214.26143333426,8380.199999995986,1633.1038249557191,2725.999999999763,4582.595755560021,9053.339557469646,7410.242471636325,7167.791485227711,6122.4999999999245,4807.451928827563,1013.9062000003136,3154.549440153889,10303.064425000188,3512.4438574600867,9131.988400000024,8352.500000000142,8765.066971434335,8204.269957371022,1718.9999999999968,1830.4235777873664,4797.0726666497185,2123.83333333709,0.0,9021.302228566201,2715.0,715.0,4863.333333333662,3121.6254571185677,17426.821399997618,1387.893922228395,1659.888888888889,2906.40796666667,1779.8530666666213,9014.234314285282,1788.5166333322015,1982.1156666798238,6820.946814283179,3829.6666666666847,4369.166666657697,3770.249600007135,962.5,3105.841759999118,10422.5,5442.787919997076,10163.290214285717,10009.310133333558,4051.4999999999254,9412.486442296067,2932.7339666709317,914.586342857143,7529.644028569056,8330.499999997646,2280.7065000109133,9390.124999999072,10525.999999997932,7460.035642857134,6360.239185724419,2891.2934999992676,1732.8571428547998,2796.4987999996056,7477.499999995738,19573.667857577675,5061.472000000735,8302.436225401298,9865.486280133686,15237.966985716621,11451.250000000005,6201.128314285865,2283.6666666667243,979.7034800000135,4818.124999999987,2183.338528558202,1703.7270428795293,3480.5714285714284,4853.467933331333,3834.773285714271,16044.758842851332,2993.630859999181,10410.499671479316,3161.241299999969,9815.166666668454,630.0,18871.16666664115,2714.2565429164647,5449.288466666616,2824.749999999938,4644.24666667553,6139.912999999711,9745.292300002931,5333.29196666559,9819.010128576267,17212.04453333378,16902.574300000164,7461.333333333331,5474.874999670371,6537.760666660909
EC,14477.795874999849,9712.575928587075,4351.982599999957,10107.403444443202,14327.333333332233,16820.33333333477,9438.535128571437,8324.366942866356,14126.028975003583,2404.000000000003,3421.416939998477,10428.376229055033,4912.6283666646295,10115.977940235407,9596.54612499955,8312.500000008175,3765.3198571429966,9393.55833334276,15652.833333333403,725.9,1329.8333333332603,2620.625,10028.352675000158,9868.413471428596,13220.644314259262,9916.178199776785,9021.302228566201,0.0,11931.833333333449,8741.005799999999,13480.154300002592,10751.250000012324,11453.227400000782,9362.31232222222,8721.348899999995,8392.223713847581,11160.505799996088,2106.561485733791,10278.55275713665,8801.084950001396,16542.374999536278,12853.081633333299,13986.88678610028,8500.999999965754,10083.900000000234,12502.4201285685,14327.860799999848,12438.596255770435,19731.833333333354,14460.37499999786,13703.875000000671,19757.5,11971.662174999969,8670.75000000244,14607.797100000897,16230.63416666782,7626.833874994686,3129.3333333333335,19742.500000001182,11808.166666666551,9824.333333333334,8808.898666666493,9580.09999999986,9752.231666669135,16701.3619713833,11974.222222222223,14712.585500266838,1021.9999999999945,1329.375,15761.82877779241,17498.499999999894,16120.833333331479,10431.008949455727,7846.406820015296,14290.375722222117,10775.124533332855,10620.776466665046,11617.666666666666,11503.16666667273,13667.87195985681,13601.375000001704,10232.223250005329,19737.9459714529,7415.265828610457,19660.32599999996,9064.070799998071,11031.124999990167,11913.099999998072,12379.666666694915,11180.2092706869,12993.06728576406,4490.0,4690.689428536702,14925.046449569953,19279.374999994125,13030.833333342953,10291.108700021414,11178.007599581764,11136.111343312763,11298.18938570681
EG,2384.500000000013,5282.125000000007,11800.1,2386.135988888893,14403.727380023036,5687.747866667012,3194.3839999996458,3864.4824139503385,1922.1847857143387,10807.833333329398,9461.374999999583,5388.778914374319,8603.508100004952,4189.579120037977,2681.9574144381486,4812.375000001042,13262.45305718187,3402.6189857167474,7541.494200000018,11508.596285714231,11995.579555566424,10136.799642987378,2627.3333333333335,2894.600000000001,2290.09999999976,3197.2500000001146,2715.0,11931.833333333449,0.0,3531.8165285730042,2518.0,3399.1104399936685,16518.66868,3210.0,3510.0,4261.206500000096,1110.6666666666667,12043.24999929102,2200.3333333333335,3971.6548750000693,4400.0,1290.0,2222.399999999532,5283.500000000013,2129.9,493.0,9560.25,3515.90796666666,8170.624999999951,8353.896366666659,1617.1249999920833,7400.999999999878,566.8888888888889,3435.3918250004513,5257.000000000006,6636.5992854555225,4555.450533330233,12344.660099999895,7571.1249999994925,6257.2637333327,5473.047799946476,3434.000000000107,3288.017399999989,3667.1748428571427,4624.881242453195,16499.896914207387,2755.0999999999995,11689.194257145513,12441.166666666666,13656.000000033448,9499.126833333528,3448.7611857142397,2879.1666666657275,3717.7384857131433,2058.3333333333335,1659.5057999960163,1895.0,3496.552199979742,3530.947399711217,1612.0895600063304,14964.42904285908,3422.6481571429795,8280.0,5102.800000001173,7311.0002599994905,2099.8888888888887,16527.1194998663,1108.1666666666347,3635.7500000038676,2272.9941999999696,3314.4704999999894,9445.862333333202,11304.91624444241,3613.7420666667617,7967.86942855853,16171.337000063439,16552.833333333616,6276.166666666528,4879.362333333349,5352.999999999942
ES,5643.963522222215,5772.517400000078,10030.666666666666,1810.6503142808401,17639.75,8266.135750000425,1316.0,3183.4776285714615,4863.406528571414,9319.874999999854,7261.603633333347,8012.101379843175,5687.333333333354,5777.65583333303,1150.0,3863.0129999978517,10711.586342847393,4423.197966681105,9214.333333333352,8030.0,8505.336425000009,7455.477628586064,1772.5,1870.0,5419.260666668829,2070.0,715.0,8741.005799999999,3531.8165285730042,0.0,5347.875000360221,2948.6000000023946,17269.188180097484,1052.9,1263.2,3893.9999999999995,2369.750000002139,8657.666666664794,1975.0,1448.4285714285713,7251.982928598324,4297.625457167172,4029.1608666666757,2894.857142859486,1362.12935,3661.695666666662,10767.69999999998,5789.875000000065,10421.166120120262,9990.75000000696,4799.620266666615,10195.587000170708,3533.044742827936,573.189757142859,8268.024014284614,8065.7499999995025,2751.418500000086,9064.888888888889,11054.784800000027,8104.497700270427,7253.625000288205,3763.1508000021145,1460.7142857142858,2594.5714285714284,7556.845500034069,19855.11111111111,5715.62880000014,8188.310571428572,9504.23695,15444.295457120197,11640.2,5950.474720000561,2290.0,502.7,5326.407966666627,2474.5,2027.25,3440.0,5666.193700003353,4790.0,16271.731233333432,2590.0,11382.630700000003,3150.3,10191.42857142857,1271.9309750069588,19958.0,3125.6666666666665,6189.333333333238,2864.4285714285716,5457.240785995112,6110.213066666801,9927.339624999995,5924.950942857184,10124.547228571126,17290.0,16934.54811110928,8049.818028616464,7186.974499998231,7426.100000000119
ET,2401.651200000069,3501.666666666527,9902.742833335391,4901.942499869718,11577.955071433218,5942.270142858807,5636.125000000015,4161.666666668397,2179.375000000645,11238.258623991216,9426.043766678687,3963.868133334028,11380.166666667363,3038.1443198958377,5138.224333339339,4799.340666663739,12035.693457126994,3033.101333310766,8313.755220000006,12010.25147500047,13209.625000005533,11923.482674991812,5206.199885710083,5350.0,556.3333333333011,5439.750000002139,4863.333333333662,13480.154300002592,2518.0,5347.875000360221,0.0,5737.925614275453,16045.199999996577,5591.270299999999,5899.172466666663,4291.612388885236,3460.1666666661768,13228.810057146724,4999.000000000019,6242.651899976355,5233.034799965814,2518.503480000004,3136.909014308387,7408.21461428566,4482.375000007926,2515.061814285567,10144.636057142707,1162.6666666666667,7670.999999995004,9604.667433331715,2391.03282856625,7441.4781004202,2518.4942000038677,5398.166871825363,3261.2500000317837,8141.333333335032,5581.987714283529,14134.833955552826,7176.077199987617,3251.899071419878,4200.000000000457,3465.6666666666665,5465.882000034515,5921.237799997161,5454.327928577196,14328.250000009464,2199.8333333333776,12516.333333333427,13546.565428581425,11853.833333331173,9035.999999996162,4437.262533337075,5212.9999999983875,5668.684928571358,2229.9431571135365,4046.2303002872736,4804.518933337365,5139.703480000008,1548.5,1962.734171390676,14142.12499999897,5797.181333340193,7373.168557142405,5938.794214275863,6810.493200000098,4060.099999987144,16459.37499999618,3460.597128565044,1401.2963142919634,4820.519557142706,1064.8333333333333,11563.419566666666,9893.666666665238,5010.6666666639185,7426.675966664869,15277.999999999818,16766.500000001113,3984.900571439127,2858.6548749999192,3264.8000000019147
FI,4767.351499998823,8000.166666717584,12627.374999999998,1437.8706500000312,15189.680142857178,6636.5463750042245,1647.7462714285634,5646.66666667267,4362.904466670926,11369.750000462995,10360.999999998836,9267.39973999981,6115.187919936523,6776.666666662459,1745.5759999977643,6405.753214285882,13313.269670869593,6261.750000000342,6300.111111111111,9665.185159999597,9677.937342645188,8302.191914285599,1376.407750000389,1102.3546571428571,5967.900000007502,881.6666666666666,3121.6254571185677,10751.250000012324,3399.1104399936685,2948.6000000023946,5737.925614275453,0.0,15229.378857142923,1909.3333333333514,1820.4444444444443,6221.639714286429,2628.0,9604.623333335534,1462.9260857142776,2020.6666666666936,5227.931166666705,3332.6399199962225,3192.272957120146,2219.179250001185,2201.6666666666665,3356.7549600011075,7820.428571428572,7311.950571081657,8177.05337142899,7275.333333333408,3969.0979777777966,7550.248571425397,3204.3205142862066,3847.8949428535516,8720.833333331924,5267.374999992971,5484.750000504444,9505.053111111261,8429.666666661324,9191.499999983165,8972.250000015218,5683.6577999938145,1502.0,784.5,5692.209566663429,16826.122566666523,4974.374999999998,9521.999999999824,11659.999999998134,12796.888942855576,8280.023199999996,4720.8959666684,944.3333333333334,3364.375,4390.58137144806,1738.3139999998577,1630.8378199870765,893.2222222222222,7055.368728942498,4366.624999997504,13106.999999997073,396.0,9263.166666666657,5911.289666666707,7899.571428571428,2925.467500002214,15565.524875602221,2461.1666666648,7401.666666666818,1145.0746333333227,6739.1458575567485,6930.125000000008,12208.779300000806,3722.9999999975435,7816.66666666686,14497.053657136486,14193.89541428355,9580.093614286583,8117.113199429953,8423.166666667339
FJ,14174.494966667242,15658.000000055557,10758.068500002402,16317.5,3298.9056666618626,11230.367785706516,16346.982928571424,19109.83333333183,14236.874999999993,12182.300000009123,13906.043056587863,14694.154585704784,12104.500000002978,16943.40100000004,16675.952914285157,18996.400000000016,10676.126355005024,18521.986646030753,8820.98668571578,13147.833333342132,10750.500001613756,12120.984966690938,16217.102428519353,16184.66666666628,15085.8333332982,15682.434666667652,17426.821399997618,11453.227400000782,16518.66868,17269.188180097484,16045.199999996577,15229.378857142923,0.0,16533.982600000003,16273.495877777763,19421.63574999964,16506.405028493635,11956.333333339704,16305.0,16564.247443045697,11665.119499997543,14513.630042874538,14419.483255357769,16683.874999998887,16899.333333333332,16161.874999999412,7295.654628688558,16459.233842857135,8312.000000001033,7274.201014050675,14189.296499765522,8370.333333334718,16486.210333336112,19869.779571429997,14017.870766661712,9557.812722220757,19073.558485717727,9484.77183333098,8489.625000001206,14225.463333339592,14186.022800059662,19026.84621111171,16254.131319999951,15644.999999999938,11446.287266670812,2628.833333333265,14062.499999999964,11471.11949999944,10979.166666665998,3463.1249999998777,7128.559750000026,12883.000000003993,15704.467214286435,19868.069600077604,14360.749999998914,16287.882000000049,16314.15933333195,14448.974259999739,16321.500000000946,14884.558857552202,2004.6250000000032,15636.535128571559,8289.0,18941.666666674962,9400.54716666699,17303.25599999987,750.0,16272.833333334305,15166.55963332837,16234.886314285623,16448.27150000009,12479.221166668902,11826.823470728183,12844.666666663788,8147.517399999717,1074.0,1148.8793500000038,13326.247540101987,15514.833333328595,14175.333333338785
FR,5246.089560006331,6500.0,11073.665659999999,1033.8,16960.0,7905.5,264.0,4064.97825,4825.046900015629,10063.795985713889,8725.666666666648,8438.582028571465,5650.25,6023.445642857004,435.0,4882.517399982214,11649.8,5074.916142857091,8214.857142859486,8630.0,8925.279874999984,7725.1,883.25,878.0,5581.4079666666685,1027.0,1387.893922228395,9362.31232222222,3210.0,1052.9,5591.270299999999,1909.3333333333514,16533.982600000003,0.0,343.7,4820.5,2099.50579999599,9032.882599999855,1244.0,779.2,6583.650314280837,3859.777777777778,4210.1,2232.87935,1105.857142857143,3373.6666666666797,9711.696520000001,6480.375,9939.249999999984,8965.2,4404.250000004638,9234.867085714288,3190.6,1814.3333333333333,8561.514585714462,7033.666666666897,3794.7832285714317,9200.25,10410.99303998733,8602.136866663754,8108.829211111104,4472.223900036793,430.0,1343.1999999999998,7215.249999997861,18983.500000000025,5242.699539997347,8626.328300026673,10260.0,14421.578388888898,10739.888888888889,5909.857142857143,1367.2,1452.8888888905446,4973.0,1871.1,1446.0,2485.875,6215.13766666654,4674.571428571428,16092.928057144938,1544.0,10739.333333333334,4200.0,9440.24999999786,1480.111111111111,16611.14543333689,2598.0,6890.594333333724,2023.5555555555557,5594.529875000459,6169.75,10968.990057142857,5145.125000002139,9190.25,16272.764499999983,16340.46016666658,8695.823666666667,7577.506566668057,7900.047850034908
GB,5470.936028571495,6836.500000000034,11129.4739,1235.25,16910.0,8001.931166666742,320.0,4507.125000001184,5161.371071427645,9898.500000001231,8770.666666666666,8801.02064225296,5341.166666666685,6369.796980012563,746.2222222222222,5128.834800035758,11644.75,5372.333333329569,8140.1,8500.0,8707.30000000007,7165.0433333353085,1035.365944444455,932.0,5890.000000000193,956.6293499999948,1659.888888888889,8721.348899999995,3510.0,1263.2,5899.172466666663,1820.4444444444443,16273.495877777763,343.7,0.0,5100.0,2391.0,8763.125,1449.7,464.0,6710.0,4090.1111111111113,4402.839133333339,1890.1428571405143,1434.8888888905446,3650.3333333333153,9560.0,6819.25,9991.412344444781,8858.111111111111,4644.000000000003,9238.948128571428,3461.9531000073116,2053.898811110767,9002.709971427803,7018.839133333329,4044.66307142599,8929.4,10593.8,9096.333333334629,8410.333333333334,4867.5398597993535,357.2,1153.0,7310.333333333293,18815.333333333332,5821.833333333367,8483.776100000006,10178.32392222228,14696.080671441357,10739.333333333334,6050.0,1450.1,1585.1,5236.9779571237195,2089.1206500046383,1689.875,2500.2,6560.491885713442,4944.666666666667,15144.573585714215,1432.3,10851.16086666664,4382.406288888888,9536.285714285714,1826.1666666666667,16254.258700008893,2830.5245285557835,7466.663071428667,2134.0,6480.333333333333,5900.0,11083.147077778018,5255.766157120266,9230.500000000018,16262.48259998225,15455.999999999936,9025.625000000002,7924.333333333351,8284.57142857143
GH,5802.905357363291,2401.6378200124273,7874.827866673378,4889.583277778562,15930.295049991717,10000.333333333327,5102.555857142108,760.1666666666847,5825.877400016209,7873.199999991174,5574.999999999708,4327.596757627405,8320.125000000664,1862.8294201938936,4529.245285492731,452.9408333333388,8412.009000020851,1410.8333333333333,12329.311666671043,7371.204899705868,9002.500000000013,8307.130666670764,5165.6707798173165,5149.2111428571,4705.759871243529,5678.260999998413,2906.40796666667,8392.223713847581,4261.206500000096,3893.9999999999995,4291.612388885236,6221.639714286429,19421.63574999964,4820.5,5100.0,0.0,3858.66666666735,9213.42802499933,5013.414314285764,5354.374999982905,8256.999999998776,5171.5792333403915,5401.428099996352,6158.666666662132,4085.0,4636.499999998442,13779.142332880076,4569.70997142882,11168.499999999292,12416.697200000217,5461.924760003699,11145.666666664762,4668.860800003133,3133.6376666667093,5695.624999968346,11398.854143267705,1949.4999999997647,9673.619500000976,11089.999999999985,5276.1666666627325,3219.9327333336037,913.8233749999982,5221.500000000006,6088.859359833364,8378.103271424672,18949.166666682544,6290.945500003022,8318.26235713901,8220.799642857386,17051.666666580793,13356.86324285194,7172.593999994341,5290.087899999601,3809.8,5637.725543157454,5067.01561110803,5000.125000000005,6181.086856866111,3505.499999999589,5140.666666666702,19271.42800000828,6071.819000002267,11338.325455552977,2226.5136775482715,11170.703500003397,3641.7500001665207,19469.797114298228,4889.500000000001,4497.022228575452,5524.062000002072,3516.32304998828,8287.874871428565,6626.999999978354,7197.333333356672,11393.641500134754,19180.83333332774,19142.86108571694,4680.48260000001,4317.351657431467,4572.833333342554
GR,3269.7142857166286,4954.916500013606,10494.577899951575,1280.6666666666667,15308.344933333341,6153.200000001118,2088.250000000002,3584.096614285323,2622.2338222222215,10262.80905999891,9280.762499999266,6817.833333333272,7627.874214285743,4915.3333333327555,1630.8841571428395,4279.45163333551,12354.24999999563,4137.222399846272,7610.333333333333,10047.434233330494,10761.702842668758,8644.240533333346,1537.7832285714346,1801.0,3507.9121145739928,2034.125,1779.8530666666213,11160.505799996088,1110.6666666666667,2369.750000002139,3460.1666666661768,2628.0,16506.405028493635,2099.50579999599,2391.0,3858.66666666735,0.0,10608.703944444474,1122.3333333333153,2854.714285714286,4806.000000000347,1930.111111111111,2476.122971428552,4108.8301285835805,1050.2,1280.8750000000011,9500.0,4257.903857119745,8089.772600001606,8479.960885759392,2397.5406000003,7798.875000002456,1120.1250000000377,2854.5000000000095,6516.482166666015,6712.483800006663,3919.0875140362364,10756.28693333304,8363.338475238706,6687.7000000130365,6609.642679859642,3430.5891571413936,2183.129350000002,2613.8,5459.251079844259,17686.323180278807,3379.1434666667274,10136.249999999189,11168.0,13831.867371417951,9567.144999999478,4172.750000009001,1598.0,2853.505800003914,2952.499999999688,747.0,806.5,2230.0,4524.445271104833,2616.477479998066,14931.833333329068,2625.0,9050.0,4540.316571431604,7920.111111112767,1205.8621142857442,17439.465714285714,814.8750000000185,4482.15692856711,1489.3333333333333,3930.4860714294064,7910.183285765905,10981.709055555417,3895.8218999952783,8008.609900000566,16157.132071427595,16425.134885717067,7429.857142859486,5531.738299996118,6006.359266660531
GT,14409.833333333336,10817.125000008642,6064.124999999901,9836.429228570476,14285.186366667545,16014.374999999682,9004.875000090376,9450.999999999869,14076.624999999767,4539.85734998706,5415.953166672732,12736.398724999955,3514.038300004542,11373.618799999962,9453.505299999728,8785.802500221445,6029.104400004104,10393.750000014472,13649.507642852679,2100.307757142857,856.6069600127666,1265.25,9849.166666665455,9579.87499999998,13731.666666665618,9318.19197500014,9014.234314285282,2106.561485733791,12043.24999929102,8657.666666664794,13228.810057146724,9604.623333335534,11956.333333339704,9032.882599999855,8763.125,9213.42802499933,10608.703944444474,0.0,10103.012757142658,8407.564566666895,15446.53428619909,12447.21809999995,12779.819000001478,7446.373849999863,9937.401766666488,12434.776757143112,12392.015099999318,13551.379142856531,16549.723466666263,13447.652285713008,13324.305785389923,16014.83333333381,12189.951785713343,8403.833333335086,15765.874999996946,13444.51937499646,8049.333333340521,1056.7500000000143,17110.903740350295,13732.761928107757,11492.353814288226,9905.57233299817,9212.820879962022,9085.171371426926,15327.750000009395,12056.493014284655,14829.93565555159,1365.0,3236.1042149860214,14710.833333301729,16201.06533333332,15408.328733331347,9971.92806666643,8188.524342866829,13975.800000000234,10387.217666669325,10167.651814285635,10815.666666666666,12471.48307082914,13629.66666666976,12935.752557143582,9588.791014285584,16978.125000974596,8094.166666669304,16742.000000002005,9442.833333337636,9510.999999985954,11372.33333333104,13706.987599997072,10381.750000509826,12875.726633333095,3020.919311111028,6357.194071428949,13855.602571430283,16067.451377777328,12482.95432857481,9260.333333327773,12770.500000000004,12564.184314284017,12866.561858153917
HU,4013.34968571429,6110.838756967723,11879.433600000553,214.11111111111111,15732.9659666669,7028.591266666412,1129.75,4357.124999997668,3748.107214290612,10678.548914891733,9543.183274737203,8137.719914437099,6721.348655556407,5455.349966665682,790.4965200000041,5060.833333330625,12580.006959999995,4908.314399998747,7333.176625000002,9563.30000000228,9901.499999999996,8593.574377777702,443.8,687.8,4695.874999985253,1010.3,1788.5166333322015,10278.55275713665,2200.3333333333335,1975.0,4999.000000000019,1462.9260857142776,16305.0,1244.0,1449.7,5013.414314285764,1122.3333333333153,10103.012757142658,0.0,1896.8333333333153,5361.166666666942,2453.1666666673605,2879.349533327326,3073.3749999998245,810.1111111111111,2245.874214285764,9048.678266666695,5462.33333333231,8422.822644444357,8269.37499999998,3171.5986000012763,8146.833333333283,2032.5785570866933,2476.2558857146855,8062.5340333329905,6164.005033333012,4319.378449999786,10092.213149999287,8892.583714289236,8161.833877784351,7650.499999997407,4417.651566959892,1145.1,1479.7552199999902,6156.674574998767,17811.459242857174,4300.380357144913,9613.19950000044,11305.999999768368,13560.000000000588,9511.105399990669,4799.166666666775,545.0,2475.666666666673,3784.5700000011925,643.5714285714286,316.3333333333333,1566.857142857143,5791.333333332276,3624.5272500005194,14966.724514262909,1285.0,9110.557449998654,4844.036900207154,8265.13212222223,1328.6999999979469,16860.000000003314,1131.3159333322928,6049.249999505968,899.0,5255.9102666681765,7255.666666666444,11795.333333335253,3967.2637333318376,8265.97912003775,15809.992666666267,16283.268549999737,8552.411128573036,6995.380643675805,7380.292000002281
IE,5941.999999999894,6827.963514289635,11051.586080000037,1694.7931714285755,17229.66666666665,8186.708657143416,774.0,4576.027000003517,5468.533814287393,9559.822133330505,8818.6211571603,8847.250000000902,5133.178266666675,6629.999999997855,978.7985333313508,5357.144171428575,11092.064425000024,5610.8250799982225,8280.666666666648,8338.056833335278,8467.3333333328,7113.80000000001,1449.327725010808,1315.0,6212.614200003782,1237.888888888889,1982.1156666798238,8801.084950001396,3971.6548750000693,1448.4285714285713,6242.651899976355,2020.6666666666936,16564.247443045697,779.2,464.0,5354.374999982905,2854.714285714286,8407.564566666895,1896.8333333333153,0.0,6592.0359799952585,4106.500000000161,4958.297242866183,1498.0,1885.0,4059.711388889193,9586.695666666681,7041.812100009269,10016.357471428468,8857.149266666745,5143.6148000019375,9242.907679998614,3986.312728583582,1869.4427666669606,9413.944656891721,7359.125000002902,4017.6670000004756,8410.207266666584,10923.519557142858,9138.7806,8663.000000002514,4989.118000000515,752.5565142955198,1264.564299943802,7325.099000000324,18844.44779994674,6087.7473749984965,8386.201250001353,9737.000000001646,14422.456428569405,10776.234685714895,6161.678642857101,1825.7777777794336,1642.6666666666667,5254.666666666881,2530.6453428522673,1895.5714285737715,2798.7931714285764,6995.939955556191,5385.711200001332,15194.375000003012,1625.0,10892.999999999936,4393.824500000069,9604.459399999834,2288.2022333371124,16376.33333333575,3371.318320000922,7850.999999995642,2499.5054667030417,6552.834257135723,5421.921499999956,11039.127285884822,5761.396500011175,9223.874214285708,16139.596099614813,15309.40400000543,9658.61682834219,8136.459714286841,8384.000000004886
IN,2297.777777777778,8179.912014554634,15949.166666667403,5564.571428573771,10436.405449999884,1423.888888888889,6364.5,8179.500000004402,2628.3836999999944,16006.646966663584,14380.472199995465,7874.499999996095,11149.888888888889,8084.648999995809,6162.511957141697,9136.33333333712,16337.327642857143,8122.378199999946,3790.1111111111113,15912.690271426563,16068.666666671148,13975.124999999542,5714.166666666667,5780.142857142857,4685.951299992749,5586.706499955433,6820.946814283179,16542.374999536278,4400.0,7251.982928598324,5233.034799965814,5227.931166666705,11665.119499997543,6583.650314280837,6710.0,8256.999999998776,4806.000000000347,15446.53428619909,5361.166666666942,6592.0359799952585,0.0,3129.0,2547.0,7660.270589829079,5920.0,3934.162085640301,5832.491300009278,5400.111111111111,2914.792733335029,4684.7,2750.1620856902223,3006.9369666667585,3660.123533452748,7833.164699999396,5687.415814263093,3194.6472999389193,9093.18394286241,14358.833333333292,3874.5714285714284,7297.706971818663,8130.093566667351,7413.000000236091,6364.666666666667,5969.3333333334385,813.1666666666847,11912.889785714278,1950.0,16112.49999999998,16728.23453999871,8147.207014290951,4763.62935,681.603249999642,5268.926085709409,7675.793500000839,2550.4369666666666,5110.282777788841,5262.56524999984,4340.0,5580.095585735886,3033.4222749998485,9515.33333334264,5576.524528571406,4150.0,9695.937714290541,2918.8793500000015,6045.516250000145,12514.848500056152,4287.999999999787,5487.542914285275,4562.801624999995,5489.50000000022,12027.921114285724,16110.249999997177,1579.4367111111094,3003.7,11412.028142855876,12746.84691428618,8034.000000000051,7031.290214284469,7232.200000001593
IQ,1385.8333333334044,5845.166666665786,12250.666666666648,2853.2500000001837,12913.099999990332,4473.039919994111,3757.5,4876.396771436214,974.49187499976,12798.333333336377,10924.123157514015,6477.499999996514,9215.48175714285,4893.8060400026025,3387.356533333448,5682.833333333339,14200.680514289716,4556.500000009806,6407.024857142725,12303.5999999968,12467.05590000027,11201.588022223768,3063.000000000514,3276.764500000074,2264.5000000000227,3419.7499999977804,3829.6666666666847,12853.081633333299,1290.0,4297.625457167172,2518.503480000004,3332.6399199962225,14513.630042874538,3859.777777777778,4090.1111111111113,5171.5792333403915,1930.111111111111,12447.21809999995,2453.1666666673605,4106.500000000161,3129.0,0.0,690.3,5284.666666666578,2940.6666666666665,802.1,8348.333333333334,3870.2578571434865,6258.966399991869,7436.128255555568,560.0,5825.4238853384495,829.75,4445.499999998946,5896.336400007414,5443.0102111117885,5660.166666662881,12409.833333333168,6255.374999997453,6375.084699831353,6844.11031428576,4287.116433334521,3810.250000000011,3835.538128573241,4070.6666666658757,16135.566100005994,1720.087000001956,12168.002628969225,13110.481572000186,11884.134699108814,7417.666666667217,2649.310249999617,2471.8847666674747,4821.666666666393,1123.0,1961.2,2261.2443666565514,2547.7,4123.8342571616895,950.4285714285714,13233.375000011925,3421.655833333677,6385.231333322825,6216.313571422318,6215.492666667306,2927.987057142489,16318.76362185055,1259.4335428473994,4263.0649999982015,2211.5943139225374,3802.6845000193607,9981.130757142846,12427.250250001904,2020.218928572019,6120.900000000327,14442.295800000258,15930.264700016462,6832.60670000419,5356.991466672702,5855.217988894368
IR,1275.0,6187.833333336134,13730.500000083894,3170.6250000000227,12880.355766666868,4273.33333333327,4075.499999999982,5574.999999987168,1110.8761499989282,13279.219485681631,12020.501788887144,6945.19165554759,9592.542219999768,5448.833333336397,3895.4561745792716,6195.491899996455,14466.608666664706,5089.999999996025,5615.6,12168.137228571235,13111.500000008633,11903.907750000593,3443.1401198569893,3510.0,2758.2500000021687,3743.527466666064,4369.166666657697,13986.88678610028,2222.399999999532,4029.1608666666757,3136.909014308387,3192.272957120146,14419.483255357769,4210.1,4402.839133333339,5401.428099996352,2476.122971428552,12779.819000001478,2879.349533327326,4958.297242866183,2547.0,690.3,0.0,5214.999999802394,3414.9,1292.2000000000155,7655.519557142793,4183.148755555638,6089.33333333267,6552.3173999999935,759.650314271145,5151.500000019613,1462.2758444444444,4860.407371426428,5501.124471250829,4899.015099826032,6425.113500003228,12184.926459998307,6100.6666666664905,6372.530200005631,6758.384524999649,5117.999999993655,4039.689428571417,4188.87140000049,3358.482455559975,14900.403998931828,1296.3194999948664,13112.761000001477,14465.0,10329.609458777964,6328.414840001964,1925.7611857289826,3448.4999999999995,5031.823375,1152.0,2726.3969800176033,3173.931933334049,2464.0,4330.247914286213,1275.9343400094824,11450.166666686657,3539.6283666647296,5780.12499999653,6856.717285723723,5443.94812857149,3847.105242857443,15292.379142836828,1695.8391333333357,4694.532722229979,2408.0394749893203,4349.70854444805,9640.585159960616,13694.641499999036,1629.4999999998777,5505.999999999676,13941.249999514037,15023.576760000662,6819.337249993469,5501.969985707847,6060.283433333312
IS,6716.051299996651,9415.048099999789,11350.873499995352,3053.639966678557,16958.892399999997,8269.333333336202,2131.1748428571505,5715.699999999107,6111.412342858926,9481.572457138225,8899.666666656263,10070.345374999315,4040.3179500016195,8158.297333333062,2616.921114300354,6178.816714285161,11514.591027814231,6914.940466673172,7817.406528590534,7430.429414284457,7474.718600000381,6089.186099787687,2632.433542857146,2390.714285711943,7622.2916333307385,2107.8990714285874,3770.249600007135,8500.999999965754,5283.500000000013,2894.857142859486,7408.21461428566,2219.179250001185,16683.874999998887,2232.87935,1890.1428571405143,6158.666666662132,4108.8301285835805,7446.373849999863,3073.3749999998245,1498.0,7660.270589829079,5284.666666666578,5214.999999802394,0.0,3310.369571428565,5284.166666666667,8829.75,8321.87499999595,10005.431624998602,8579.490333333322,5904.9397000006475,9117.939699999886,5246.134079794371,3545.750000003739,10164.500000434933,6560.274642850469,4817.864888876695,7440.166666666553,10800.166666666646,10296.408500324096,10314.11537142058,6568.312300014095,2013.3706500000021,1749.0,7556.499999998727,16975.422943008965,6869.166666676415,7291.7631571437105,9332.99999999963,13746.666666684141,10312.559422222223,6626.776285708572,2791.6666666665596,2937.508699990719,6182.125000312771,3540.295800215588,3098.2068285860737,3307.0,8502.115666665844,6312.827166659373,13800.37499999137,2143.6666666665346,10873.76399999985,5097.686428578625,9353.024633282826,3737.5722714234785,15852.455688927948,4152.049899999407,9056.902499976653,3242.221166658614,7914.14914285814,4494.125000004639,10774.555844156406,5664.83333333277,8851.099999997927,15773.92700000237,13499.15955713018,11110.522499994247,9311.68628001261,9471.87086666452
IT,4320.948375000006,4879.612080062111,11149.888888888889,765.0,16314.62500000214,7275.166666666685,1173.0,3467.0549333264894,4004.7969800482297,10121.768877588558,9060.743557142765,7556.138544454486,6655.88031428796,5420.972985714283,684.875,4192.29002857059,11888.712555555552,4232.999999993865,8130.0,9345.776100000037,9671.071133332383,8690.142857142857,922.3333333333334,1181.2222222222222,4464.083671445215,1532.0,962.5,10083.900000000234,2129.9,1362.12935,4482.375000007926,2201.6666666666665,16899.333333333332,1105.857142857143,1434.8888888905446,4085.0,1050.2,9937.401766666488,810.1111111111111,1885.0,5920.0,2940.6666666666665,3414.9,3310.369571428565,0.0,2372.4357200012487,9693.018225415914,5401.231685714239,9159.500000000453,8965.777777777777,3411.833333326544,8701.095599998138,2197.1,2024.4118200015587,7643.2926571501075,7088.721166666759,3486.102614286025,10245.24999999786,9596.00994283765,7753.126199989472,7288.833333333593,3714.660914282486,1297.2,2002.857142857143,6232.333333333367,18721.504400000365,4714.441566678631,9383.085577777696,10836.715199999993,14174.790874999939,10409.833333333332,5186.0936500003045,1316.3333333333333,1862.2857142857142,4024.1763333333247,1138.0,721.4965200063659,2375.0,5400.348800000086,3669.2968555555553,15610.050999998728,1975.25,9529.703479993672,4177.23168573855,8815.0,600.8391333333609,16974.999999990006,1604.4767999996077,5411.569140000112,1667.6965200063316,4906.660533334997,6785.930399929377,11101.875000000096,4763.666666671952,8727.5,16387.83680000022,16408.833333337963,7730.111111111111,5976.799999995774,6580.937359999928
JO,1613.0108333301453,5252.7501666665785,12153.333333332548,2455.5384111111143,13117.974485525181,5043.842200000281,3250.94780000041,4326.802511109237,1522.7009555554807,11932.927771428947,10488.00000000017,6301.666666669134,8874.922428571026,4563.753124970341,2924.7860428067734,4955.196866668809,13396.333333329618,4154.109371581383,7049.646749999997,11501.602099998845,12405.605166665857,10832.145014238791,2634.166666666667,2934.500000000083,2124.2629666650823,3204.666666666785,3105.841759999118,12502.4201285685,493.0,3661.695666666662,2515.061814285567,3356.7549600011075,16161.874999999412,3373.6666666666797,3650.3333333333153,4636.499999998442,1280.8750000000011,12434.776757143112,2245.874214285764,4059.711388889193,3934.162085640301,802.1,1292.2000000000155,5284.166666666667,2372.4357200012487,0.0,9127.09783333337,3602.0092857146933,7331.11715692658,8344.333333333334,1182.8419777750241,6651.660442532355,237.7,3970.594222271294,5439.112166668123,5957.484933330635,4964.999999995849,12450.896914285708,7589.886540000143,6268.2533571431,5925.642242860758,4022.8750000016753,3352.7999999999834,3749.0540999919003,4850.3735333353925,16324.781914079616,2394.5096142735397,11779.271499997756,12630.925428467095,12959.750000007798,8406.61662500274,3416.375000000489,2632.3773571430593,4039.8999143984997,1689.3333333333333,1629.3667571428025,2006.5610000009187,2639.970171429754,3657.4350430007653,1120.892388875247,14222.134600001105,3388.0617199991357,7409.138433332973,5733.666914309918,6886.14366000749,2413.2852555555205,16330.705100725047,842.1666666666666,3890.6001333334257,2081.5746333336674,3353.443671428589,9500.000000000748,12011.312866661929,3139.9999999964657,7102.646311112149,16034.421611401074,16244.250000000067,6398.240785714062,4849.212642503498,5427.611857140764
JP,8013.749999999998,13586.07244444439,18374.88888888889,9130.42857142857,7971.166666666685,4721.077724999996,9450.0,13052.405999995244,8259.650314285715,17012.11105000222,17370.11111111111,12875.045114290147,10311.36914000001,13560.1428571452,9613.986866666879,13948.156928570246,17240.111111109454,12705.233657143259,2100.0,14306.0,13223.74999999994,12317.021857144015,9080.499999999918,8917.87499999786,9877.877433333177,8609.75,10422.5,14327.860799999848,9560.25,10767.69999999998,10144.636057142707,7820.428571428572,7295.654628688558,9711.696520000001,9560.0,13779.142332880076,9500.0,12392.015099999318,9048.678266666695,9586.695666666681,5832.491300009278,8348.333333333334,7655.519557142793,8829.75,9693.018225415914,9127.09783333337,0.0,11285.038739999998,4339.275333333463,1150.111111111111,8279.482600024246,3728.2520499994516,8980.666666666648,11584.333333333334,11422.361566666626,3012.0058000000054,13119.333333333097,11310.375,5334.6666666666,12933.610728578362,13553.224557078598,13392.633374999981,9290.111111111111,8388.199999997605,5151.655066666681,9045.859299999904,7906.500000421784,13539.099999999999,15485.42857142857,4938.864377781628,2994.5555555555557,5830.333333333333,8591.521666666378,11150.0,8254.5058,8870.444780000002,9188.57142857143,7480.111111109455,11537.90000000122,8684.64675,5374.729975001127,8170.0,5311.428571428572,14073.727833322882,4603.0,10434.258699991111,7769.681111109328,8770.130757096544,11421.042585713712,8199.333333333334,11325.33333333351,10900.0,18575.666666666668,6023.381671444173,3724.3,6274.169028335318,7603.847199999992,13519.471766666666,12384.628699995132,12479.166666679046
KE,3407.2792429946703,3162.4463000007368,9569.99999984902,5693.852357150263,11909.900000000001,6834.788249999337,6451.695714287964,4427.263444455554,3449.5757428571897,10669.66666666594,8389.333333328732,2910.2956571428754,11622.764866659583,2414.8888888888887,5924.000000000009,4842.697214311636,11905.166666663266,3130.4219500009594,9601.482599982282,11686.25000000222,13347.92199945695,12274.299785712268,6081.490844443952,6338.582111111183,1460.0,6582.565111110607,5442.787919997076,12438.596255770435,3515.90796666666,5789.875000000065,1162.6666666666667,7311.950571081657,16459.233842857135,6480.375,6819.25,4569.70997142882,4257.903857119745,13551.379142856531,5462.33333333231,7041.812100009269,5400.111111111111,3870.2578571434865,4183.148755555638,8321.87499999595,5401.231685714239,3602.0092857146933,11285.038739999998,0.0,8202.025275015212,10106.96585714287,3612.4999999908123,8239.375000002698,3780.333333322804,6063.599999982732,2216.614014285265,9205.166666668487,5890.507271429406,14337.875000000004,7383.000000000055,2781.5735857612885,3002.136571220258,3472.749999999978,6680.666666666667,7115.000000001287,5791.146700762676,14179.207856289107,3652.297000002915,12557.249999975995,12933.75000000048,13265.999999999834,9454.875899628338,5215.036988889142,5979.520214311811,5947.499999999901,3359.6956666665906,5082.249999998007,5455.166666666865,6390.940499404427,757.0,3012.7000000050953,14407.833333333328,6911.000000000061,7399.0,5793.436357143198,7242.376699999972,4739.999999986765,16218.074200606383,4502.500000002301,656.5643000013876,5416.66666666687,504.3333333333333,12132.500000000007,9490.121740308085,5848.447614293307,8145.568800402941,15938.888166618568,16407.166666666668,2915.5,1822.806959987343,1945.2499999978606
KH,5229.999999998165,10236.529220182867,17056.743271432217,8787.884524999326,7077.920271431761,1930.7038714286937,9666.077699998523,11328.333333319053,6042.829942858812,19282.124999995605,17462.49999999582,9597.35934396914,13818.312000003494,10470.70000000804,9335.499999999824,12278.152333329286,17169.6771433448,10511.500000008746,3287.40922497931,17587.233999465807,17009.925799995188,16386.795142858326,8921.272771427415,8858.799999999972,7535.666666679881,8852.724328571274,10163.290214285717,19731.833333333354,8170.624999999951,10421.166120120262,7670.999999995004,8177.05337142899,8312.000000001033,9939.249999999984,9991.412344444781,11168.499999999292,8089.772600001606,16549.723466666263,8422.822644444357,10016.357471428468,2914.792733335029,6258.966399991869,6089.33333333267,10005.431624998602,9159.500000000453,7331.11715692658,4339.275333333463,8202.025275015212,0.0,3596.017399981451,5939.500000424862,755.8888888888889,7371.301744444432,10856.283371418407,7752.899999998647,3426.0282333328323,12808.778071433657,14763.148626774651,994.7999999999689,9055.833333329896,10216.454271430495,10367.445833339445,9805.635077779527,8928.828628568193,2516.395166666723,9149.052633321744,5017.570871424909,17338.66192222704,19787.499999999836,4816.833333334259,1779.7777777794336,3737.6092285734,8526.940157140709,10734.618733331234,5901.391333333599,8348.666666664565,8596.025514097026,8292.704659999941,8872.875000010084,6201.580024998298,6170.525166666675,8428.538899999998,1140.4136571428414,13868.874999997259,535.7816444443786,9566.967499998158,8947.88083333647,7633.157655554171,8195.336066668146,8108.499999999091,8513.607866667646,14303.427439739364,19640.000000000397,4450.500000003336,851.9309750000107,7142.397714839929,8685.749439743971,9888.730133334511,9276.032750002358,9055.963233343275
KR,6864.538411111119,12431.749999918811,19511.99999999998,8273.5,8337.500000000004,3720.905449999938,8679.703480000004,11951.042771427166,7177.601333330857,18848.506712338698,18249.600000000126,12069.749999999996,10479.076071428603,12237.81071428681,8744.113459999995,13115.74999999729,18444.396750015843,11896.999999608159,950.1111111094555,14854.655285731662,14062.386471387867,12560.148499999605,8261.695666666727,8129.888888888889,9174.098055533403,7962.330457204961,10009.310133333558,14460.37499999786,8353.896366666659,9990.75000000696,9604.667433331715,7275.333333333408,7274.201014050675,8965.2,8858.111111111111,12416.697200000217,8479.960885759392,13447.652285713008,8269.37499999998,8857.149266666745,4684.7,7436.128255555568,6552.3173999999935,8579.490333333322,8965.777777777777,8344.333333333334,1150.111111111111,10106.96585714287,3596.017399981451,0.0,7341.875000000001,3121.982599999969,8145.000000000189,10455.000000000533,11008.087142847573,1993.0920333333343,12331.638028572059,12099.57142857143,4610.666666666667,12365.961542857165,12873.333333310078,11607.139572144115,8550.875,8261.977566666968,3931.8889429717397,9877.786142870595,6250.249999999864,14375.871685716551,16296.982928571433,5199.85883333593,2619.799999997605,4322.517399999983,7553.741214292867,10425.858700008865,7110.185442857182,8229.7391428572,8244.980114285767,6600.9,10579.72433333788,7499.857142859486,5673.851933333331,8124.833333333362,4648.166666666666,13125.375000004728,3720.0,9596.381974867732,8652.462611240055,7896.56456666578,10130.0,7415.25,10510.401928573327,11147.7,19600.11111111111,4871.42390002678,2692.7885749999846,7323.833333331373,8173.71578571406,12433.234799999867,12000.624999999965,12213.666666669531
KW,851.8571428571429,5890.591500316099,12537.318333341167,3394.7547142877497,12186.833333336137,4273.833333333237,4340.124999999367,5226.865544442029,420.0,12973.420766656065,11290.375385714891,6507.982055554982,9872.104400000417,5143.594666694957,4043.987633331891,6034.255700000084,14273.85245714191,4762.705299999858,6241.333333333311,12404.28343333449,13304.028699999777,12157.673233333977,3662.0654714298917,3892.8333333335304,2038.6666666638664,4200.759028571363,4051.4999999999254,13703.875000000671,1617.1249999920833,4799.620266666615,2391.03282856625,3969.0979777777966,14189.296499765522,4404.250000004638,4644.000000000003,5461.924760003699,2397.5406000003,13324.305785389923,3171.5986000012763,5143.6148000019375,2750.1620856902223,560.0,759.650314271145,5904.9397000006475,3411.833333326544,1182.8419777750241,8279.482600024246,3612.4999999908123,5939.500000424862,7341.875000000001,0.0,5542.374999987065,1251.2059250000843,4915.472000002702,5440.980957144901,5419.817900007704,6283.565333330234,14163.339799999692,6383.275333333495,6157.666666665255,6163.313719861417,4811.35597142093,4389.566457142825,4606.999999999888,3835.2357199996914,14437.124999997211,1203.1265777777908,13216.666666669236,14083.974299998403,11142.536179808478,7526.791671429922,2707.0626249992315,3520.8750000094587,5279.923399993732,569.3750000021392,2833.39454445546,3162.1143426326025,3413.500000000014,3939.0000000078094,558.7931714285409,12728.37500000341,4247.029766669085,6220.385749998455,6605.383643143789,5694.073257142875,3385.7300428681133,15462.500000000955,1925.1232574019218,4124.958966689054,3073.499999998907,3802.666666666389,10478.29030000057,12432.661571743964,2739.0073333368628,5843.663914287608,13971.343029045733,15063.657988897627,6263.5461600499975,5218.747771425545,5802.707814428233
LA,4906.666666668365,10396.833333328203,18930.999999999967,8309.658757315012,7191.500000003341,1353.7691400193369,9015.000000003254,10718.923643902725,5184.238999996087,18956.424266659636,18257.799999999992,9969.666666669295,12884.138071933496,10226.78022827818,8918.749999994607,11780.457928574171,18750.448199236576,10332.307842875487,2299.304333333326,18740.23276666668,16717.117100000032,16087.374999999129,8466.969722221344,8466.58196666672,7126.916666664301,8313.352266665808,9412.486442296067,19757.5,7400.999999999878,10195.587000170708,7441.4781004202,7550.248571425397,8370.333333334718,9234.867085714288,9238.948128571428,11145.666666664762,7798.875000002456,16014.83333333381,8146.833333333283,9242.907679998614,3006.9369666667585,5825.4238853384495,5151.500000019613,9117.939699999886,8701.095599998138,6651.660442532355,3728.2520499994516,8239.375000002698,755.8888888888889,3121.982599999969,5542.374999987065,0.0,7169.533814286922,10663.96545960007,8264.374999997746,2970.9999999989736,12295.874999984722,14944.624999997579,1895.125,9470.966077773968,10512.435650000007,10397.55604930893,9030.40905995193,8346.833333333125,1892.8000000023947,9328.84953333335,4704.3852428941545,16902.749999993495,18807.50426666691,4803.000000001573,1810.4999999999818,3128.802800000422,8195.203171687273,9935.213177776317,5273.833333333352,8060.499999999786,8388.700299998813,6767.819433336841,9085.597240000134,6190.000000000136,6376.875000016188,8175.166666666621,1858.1919142857826,12765.625000000387,515.9942000000317,9148.249999998368,9330.166666665298,7206.888949739224,8492.666666674859,7533.706214276209,8552.01017478074,13787.499999998447,19330.14955555839,3779.824466676458,482.1108714285978,7812.390133341044,9041.477157137822,9823.848250016197,9434.6096499991,9156.899699565736
LB,1991.4738999999586,5421.125000002258,11765.532425007597,2240.181971428692,14145.499999999738,5102.922042814536,3142.5000000000005,4406.540943001523,1586.4895599999256,10901.224371424985,10264.013700028863,6586.209311116495,8419.259900001656,4888.666666667204,2701.7270428568154,5118.15890000708,12895.894300034923,4098.833333333308,7124.166666666173,10987.833333337754,11939.936214285251,10120.333333334178,2624.5543571437265,2623.936028571426,2391.1164999998687,3131.8941251524384,2932.7339666709317,11971.662174999969,566.8888888888889,3533.044742827936,2518.4942000038677,3204.3205142862066,16486.210333336112,3190.6,3461.9531000073116,4668.860800003133,1120.1250000000377,12189.951785713343,2032.5785570866933,3986.312728583582,3660.123533452748,829.75,1462.2758444444444,5246.134079794371,2197.1,237.7,8980.666666666648,3780.333333322804,7371.301744444432,8145.000000000189,1251.2059250000843,7169.533814286922,0.0,3869.730514280664,5873.3523142862605,6200.0261888889045,5103.124999991591,12384.862771428394,7582.377357143014,6302.054499992918,6501.774785715995,3922.5000000017744,3189.6782666666973,3524.6000000011827,4662.136571429814,16398.333333333994,2394.5124285714087,11636.29087142702,12400.107214566258,13430.58656667914,8239.514585714223,3308.2202430152024,2462.374425000253,3983.960933333336,1809.8333333333758,1410.1666666666667,1853.0000000166249,2233.603414285499,4101.35034276676,1435.2447799999966,14181.00947142137,3125.5173999999915,7969.588724994799,5709.85085714201,7191.333333333807,2311.3333333334053,17078.86474325955,806.8670857142873,4358.130249989143,2025.6249999999625,3636.0000000018563,9351.544611113688,11460.83333333327,3180.5000000081945,7171.186000433286,16049.403366669321,16451.404860158793,6621.666666668582,5186.860000006436,5542.633428570475
MA,5800.833333333809,5630.804999153296,9449.499999999169,2482.386642848468,18138.49999999976,9104.16666666508,2077.8391333333198,2665.0333252483715,5209.760999999963,8730.676485713177,7268.100000000916,7335.283371428524,5683.624999999723,4839.345371428479,1786.5947857151618,2837.283099994437,9874.383999999533,3820.874999873638,10306.373677777772,7539.344243324229,8227.699999999924,7150.999999999863,2478.9090142632517,2625.166666666601,5290.370974990374,2817.4620571430933,914.586342857143,8670.75000000244,3435.3918250004513,573.189757142859,5398.166871825363,3847.8949428535516,19869.779571429997,1814.3333333333333,2053.898811110767,3133.6376666667093,2854.5000000000095,8403.833333335086,2476.2558857146855,1869.4427666669606,7833.164699999396,4445.499999998946,4860.407371426428,3545.750000003739,2024.4118200015587,3970.594222271294,11584.333333333334,6063.599999982732,10856.283371418407,10455.000000000533,4915.472000002702,10663.96545960007,3869.730514280664,0.0,8253.166666666579,9490.32022857447,1877.90741999987,9014.759275052278,11549.114342856907,7739.370414283028,7270.5044888945995,3128.6666666663787,2284.1257857145147,3153.9283000006326,8464.249999497748,19948.51739998196,6116.333333328387,7321.567771623994,8517.375000006092,16435.144522220024,12135.000000425724,7240.199200004857,3061.8333333304117,543.0,5680.798799880514,3088.8059284608003,2546.119499835117,4276.166666665514,5481.299314104271,5000.770700002088,17473.099799996842,3557.4066,11394.373228571429,2299.666666666649,10682.500000010203,1640.6666666666667,19133.10000000625,3438.544319900635,5990.420766667104,3689.6658857128327,5330.897099995794,6152.250000000154,9177.620114279785,6351.805075001758,10379.86229999781,17917.123700770004,16819.171733327774,7638.125000004082,6577.374999993925,7279.966275754837
MG,4939.952443022635,3694.1250000195455,9564.925428568125,8091.833333330815,9576.125000005868,6819.565328570414,8743.069785715952,6279.499999994382,5120.833333341841,10415.721266662757,9389.279166661638,2348.063499999953,14286.809685712698,4849.024857177593,8175.500000005636,6273.5000005625925,10623.257099978437,5074.876999995096,10196.000000000015,12542.614757145306,15109.118399985013,13737.415342865044,8220.889971426788,8495.996499999652,3317.8727142835405,8756.500000003824,7529.644028569056,14607.797100000897,5257.000000000006,8268.024014284614,3261.2500000317837,8720.833333331924,14017.870766661712,8561.514585714462,9002.709971427803,5695.624999968346,6516.482166666015,15765.874999996946,8062.5340333329905,9413.944656891721,5687.415814263093,5896.336400007414,5501.124471250829,10164.500000434933,7643.2926571501075,5439.112166668123,11422.361566666626,2216.614014285265,7752.899999998647,11008.087142847573,5440.980957144901,8264.374999997746,5873.3523142862605,8253.166666666579,0.0,9655.6824999965,7606.207555546815,16728.329499999058,6439.425286422508,1427.125000000019,3210.0001857131047,5111.727400002188,8999.278833331664,9360.35165714462,7176.476033333341,10878.987849998344,4910.666666668266,13933.124999997051,13581.000000000136,10779.094357199423,9104.609700000336,6467.308080560093,8404.678674999524,8350.128300000593,5088.165199999747,7668.540874996618,7744.226528560321,8336.049714285798,2785.731320031943,5135.423066674259,12727.10799996385,9212.934425005536,7398.5096143222245,8136.09445714245,7409.1666666614365,7415.499999991993,15055.124999999618,6795.173266673685,2064.000000009548,8182.301942854878,2723.157771428327,14399.499999998263,9540.863428778628,7647.063499998072,8255.750000000953,13622.508198193156,15104.428471426285,2137.3027857119455,1968.999999999976,1714.352499939584
MN,5304.700155947305,11682.35116665682,19247.672357142856,6430.6999999997,9601.33409999966,3065.7883555571993,6984.278660071982,10419.249999448584,5439.053185713519,16501.299999986077,16527.888640002384,11791.000000002346,9587.25082221656,10665.399028559495,7133.353342854812,11797.819713658591,19206.81209999911,10613.981242858177,1166.1999999999998,15023.746642853923,14349.612274674831,12428.936400001554,6499.999999884157,6380.500000004579,8155.125000366459,6198.9095333334835,8330.499999997646,16230.63416666782,6636.5992854555225,8065.7499999995025,8141.333333335032,5267.374999992971,9557.812722220757,7033.666666666897,7018.839133333329,11398.854143267705,6712.483800006663,13444.51937499646,6164.005033333012,7359.125000002902,3194.6472999389193,5443.0102111117885,4899.015099826032,6560.274642850469,7088.721166666759,5957.484933330635,3012.0058000000054,9205.166666668487,3426.0282333328323,1993.0920333333343,5419.817900007704,2970.9999999989736,6200.0261888889045,9490.32022857447,9655.6824999965,0.0,10287.9957999931,11731.622166666686,4766.540379999847,11468.25475713665,11761.219400399566,9994.771500505223,6633.482600000001,5912.516966666681,2772.417744420342,10803.897566664866,4981.034985296526,13369.604722216238,16253.333333333712,6269.973171425634,3595.0000000220693,3152.0951142950944,5521.448171153962,8201.076677775374,5242.084699999301,5891.128199910734,6251.999999998114,4644.0,9652.166666665611,5865.720944801804,8167.87500000248,5618.236842853806,4723.536333333666,10837.150722221933,3110.4444444444443,7437.999999993122,10379.591499678043,5460.667199989099,9692.087111111434,5809.6367142812915,8945.596757143063,10122.037614285717,19288.297342857255,3037.393299996892,2948.7335333309975,8846.117099999803,10100.999999999134,11837.626957143124,10252.833333333383,10652.56485712478
MR,6793.239899517814,4235.666666670121,7460.166666666521,4178.07427499331,18512.62475000117,10641.80016664513,3969.4999999905563,1611.5,6395.6666666677365,7612.749999411524,4920.9389333487525,5942.166666715849,6106.833333344583,4326.474499998958,3808.9459714286154,1618.6250000000027,8354.038955562904,3194.319671010165,11509.999999439644,6437.961543005836,7707.874999959188,7131.4999999995935,4320.593285708541,4468.028888882629,6252.500000014666,4566.499999990305,2280.7065000109133,7626.833874994686,4555.450533330233,2751.418500000086,5581.987714283529,5484.750000504444,19073.558485717727,3794.7832285714317,4044.66307142599,1949.4999999997647,3919.0875140362364,8049.333333340521,4319.378449999786,4017.6670000004756,9093.18394286241,5660.166666662881,6425.113500003228,4817.864888876695,3486.102614286025,4964.999999995849,13119.333333333097,5890.507271429406,12808.778071433657,12331.638028572059,6283.565333330234,12295.874999984722,5103.124999991591,1877.90741999987,7606.207555546815,10287.9957999931,0.0,9071.351500000557,12040.686142857632,7252.253333327213,6094.279166660062,2719.240022603499,4206.6666666663,5007.293760011623,9549.334957137078,19095.69481555649,7480.75016666617,6948.5000000039245,7482.804428575214,18955.83729999661,14519.24999999875,8448.833333330587,4818.375000000004,2280.9956857138636,6640.179999507186,4813.049611105189,4365.728933332844,6083.091457137751,5402.590471040901,6184.833333328565,19148.596350003158,5157.32599999926,12718.625000231752,404.625,11685.625000000768,3127.5000000018927,19567.727588880673,4882.567874996815,6105.875000010504,5289.166666667745,5397.218743156121,6124.752742808467,7615.249999985843,8146.272266676242,11780.422471428941,19268.306224474203,19039.999999993972,6840.567485109928,6151.454742856519,6337.671333336368
MX,14314.43354284739,12225.333333327088,7385.90000000003,9879.499999998436,12887.780366671828,15820.833333329701,9230.813057142994,10077.875000014548,14312.500000000047,5374.475266666675,6850.0,14491.406866669688,3601.9841333340514,13631.924671428062,9592.8714400004,9335.611570766301,6584.39675,11806.500000005177,12435.0,3183.537999999501,1928.5290000000014,1779.5714285737715,9748.300000000096,9588.532499998395,14270.280240004497,9549.218866666759,9390.124999999072,3129.3333333333335,12344.660099999895,9064.888888888889,14134.833955552826,9505.053111111261,9484.77183333098,9200.25,8929.4,9673.619500000976,10756.28693333304,1056.7500000000143,10092.213149999287,8410.207266666584,14358.833333333292,12409.833333333168,12184.926459998307,7440.166666666553,10245.24999999786,12450.896914285708,11310.375,14337.875000000004,14763.148626774651,12099.57142857143,14163.339799999692,14944.624999997579,12384.862771428394,9014.759275052278,16728.329499999058,11731.622166666686,9071.351500000557,0.0,16599.333333333332,16236.027366678787,13786.999999995433,10829.579999983996,9223.75,9064.833333352697,14944.166666673145,11971.666666666082,14693.936066628476,2410.6666666666665,4241.321733333306,13275.201133333096,14221.24129999996,14434.195333342319,10175.5959,7510.834442856807,13923.624999895705,10440.100000016304,10209.3369285711,10730.0,14244.457557554231,14107.699999997758,11766.949257141809,9567.280742857147,16590.571428569085,9031.608666666756,16296.104400001488,9880.434666661406,9370.621142787884,11485.375,15459.249999992786,10792.86889999724,14369.698814625614,3030.142857140514,7587.805099998871,13497.71833324797,15198.000000005703,11534.000000017706,9454.450099997262,14368.073099999863,14234.436542862804,14658.697311109354
MY,5587.82515714286,9253.18149999526,15869.625000000062,9702.608174999947,6570.6666666666315,2630.0,10234.000000063412,11321.812944437963,6254.524360000308,18932.647111106144,16400.54156000005,8717.204966667632,14795.369571411187,9663.037614388437,9983.99999999924,11862.433360646337,16724.774414285144,10213.456985707531,4349.750000002139,19745.05899999998,18718.05305999643,17144.771499547838,9614.443485714297,9599.57142857143,6620.49999999252,9582.877480060568,10525.999999997932,19742.500000001182,7571.1249999994925,11054.784800000027,7176.077199987617,8429.666666661324,8489.625000001206,10410.99303998733,10593.8,11089.999999999985,8363.338475238706,17110.903740350295,8892.583714289236,10923.519557142858,3874.5714285714284,6255.374999997453,6100.6666666664905,10800.166666666646,9596.00994283765,7589.886540000143,5334.6666666666,7383.000000000055,994.7999999999689,4610.666666666667,6383.275333333495,1895.125,7582.377357143014,11549.114342856907,6439.425286422508,4766.540379999847,12040.686142857632,16599.333333333332,0.0,8337.879371429362,9385.666666677647,10091.666666675861,10383.138356933076,9659.987900000098,3253.8,8525.073099999126,5187.666666666618,19720.701250002927,19802.668679999617,5229.134600216995,2484.75,4398.698528572519,9420.152800000009,11804.624999996051,5906.645655555551,8290.35653333344,9181.646966664062,8228.815250000052,8298.006566666669,6352.908222222255,6546.555199998484,9285.37768888889,315.0,13786.288358169373,1184.75,10226.445066670716,9456.499999997925,8064.235342618198,7386.545633333288,8479.374999729283,8061.999999996775,15622.29656666674,15968.589342857267,5199.538785714165,2044.07391428572,7464.333333333332,8727.193799990342,8522.864928486013,8332.30475675382,8374.759214288468
MZ,5972.333333330426,2784.777777777778,8131.403714250977,8118.882657142858,10444.499999993752,7808.441075003803,8738.518299738795,5543.726571433713,6083.269100012634,9200.833333334283,7968.010799999989,606.823266666148,13443.002628974416,2781.8,8114.061833338649,5717.431571011792,9310.201460067565,3850.74692857209,11759.750000002132,10912.389271430797,13520.750000011061,12908.022611097475,8204.813899788147,8761.833333333863,3995.6918333361796,9123.579685711238,7460.035642857134,11808.166666666551,6257.2637333327,8104.497700270427,3251.899071419878,9191.499999983165,14225.463333339592,8602.136866663754,9096.333333334629,5276.1666666627325,6687.7000000130365,13732.761928107757,8161.833877784351,9138.7806,7297.706971818663,6375.084699831353,6372.530200005631,10296.408500324096,7753.126199989472,6268.2533571431,12933.610728578362,2781.5735857612885,9055.833333329896,12365.961542857165,6157.666666665255,9470.966077773968,6302.054499992918,7739.370414283028,1427.125000000019,11468.25475713665,7252.253333327213,16236.027366678787,8337.879371429362,0.0,1639.650799998611,4487.000000001371,8889.786228575313,9352.32216666667,7981.750000013673,11867.666666656847,5893.752928561094,12388.467166662796,11298.551299997689,12740.922399986266,10181.833333331278,7289.186099997111,8367.158974616295,8373.0404285715,6313.125000433624,7658.1250000018445,7717.833333332249,8472.557125000136,2663.3304572045968,5765.9648333389105,13575.895233335337,9299.975266666655,8028.7263857142625,6846.875000001679,8541.922142864174,7338.576166666385,14914.125000012073,7419.333333332595,1690.3499666699968,7933.666666663274,2660.0302002959115,13562.499999999667,8059.947033333488,8185.2499996221995,9412.28997499287,14327.66579999107,16244.833333349165,404.2783999969395,1051.296519993646,831.6249999978608
NA,6496.769628574242,1579.5714285714287,8133.353814285688,7504.478766659816,10394.00000000398,9835.999999992277,8298.499999998638,4360.7013800121385,6565.680328571644,8465.333333337725,6633.145033327944,908.8763714280879,11660.25286665889,1927.3313200184334,7922.166666657183,4140.666666656558,8153.015571428229,2865.149799671012,11903.001499791937,9541.426399998276,11310.377542856497,10830.249999984984,7777.624999999027,8131.333333333226,4816.697233321531,8566.764199999932,6360.239185724419,9824.333333333334,5473.047799946476,7253.625000288205,4200.000000000457,8972.250000015218,14186.022800059662,8108.829211111104,8410.333333333334,3219.9327333336037,6609.642679859642,11492.353814288226,7650.499999997407,8663.000000002514,8130.093566667351,6844.11031428576,6758.384524999649,10314.11537142058,7288.833333333593,5925.642242860758,13553.224557078598,3002.136571220258,10216.454271430495,12873.333333310078,6163.313719861417,10512.435650000007,6501.774785715995,7270.5044888945995,3210.0001857131047,11761.219400399566,6094.279166660062,13786.999999995433,9385.666666677647,1639.650799998611,0.0,3399.4914666692503,8322.969514143344,8839.42489005327,8739.7508714358,11691.266466661684,6494.810428564635,10308.749999982907,9817.833333336175,13448.681357112826,12096.50361428979,8237.624999999454,8304.37500000002,7558.641399186998,7003.852357136694,7495.9802142892195,7639.833333347399,8651.856950624791,2502.4999999999764,6425.027199992895,14069.833333327519,8776.077571695938,9643.697871427092,5609.124999999377,9987.176300006002,6404.999999958806,14325.833333289005,7184.0000000006075,2804.5463749857017,8009.89494999841,2923.4499889451968,11981.858928556676,7232.204533314226,8878.1008281875,10731.751700004514,14248.49999997585,15761.416757107017,1164.8333333333333,1433.0,1480.8571428594857
NG,4895.284214079118,1808.1086666661467,8078.203357143398,4311.499999997823,14963.719199998937,8613.306300002903,4847.1526222226885,833.08104285962,4900.591971556468,8082.000000010188,6903.978999995949,3578.4505333399666,8543.670900328974,1784.166666666965,4032.6049141332833,1419.6202666665765,8600.599999994009,663.7297000001009,10751.36694998436,8226.22737143032,9532.569266667764,8842.693742728545,4655.081633334227,4849.733514286266,3800.833333340902,5141.7743142921245,2891.2934999992676,8808.898666666493,3434.000000000107,3763.1508000021145,3465.6666666666665,5683.6577999938145,19026.84621111171,4472.223900036793,4867.5398597993535,913.8233749999982,3430.5891571413936,9905.57233299817,4417.651566959892,4989.118000000515,7413.000000236091,4287.116433334521,5117.999999993655,6568.312300014095,3714.660914282486,4022.8750000016753,13392.633374999981,3472.749999999978,10367.445833339445,11607.139572144115,4811.35597142093,10397.55604930893,3922.5000000017744,3128.6666666663787,5111.727400002188,9994.771500505223,2719.240022603499,10829.579999983996,10091.666666675861,4487.000000001371,3399.4914666692503,0.0,4893.33333333334,5483.500000007135,7843.750000000264,16113.34368489766,5316.87499999843,8854.599285451102,8433.647540099875,15740.015858041868,12249.267133334382,6594.374999995,4916.831500000005,3793.999999999938,4884.085357274399,4370.667857142449,4304.384111111419,5308.276428572698,2915.6945999999857,4392.624999989461,17147.118066689673,5434.913328571244,10612.404742887684,3110.9942000000065,9987.875000016013,2891.4218666644356,19098.528000138987,4140.833333331221,3853.6666666614547,4879.534600220545,2934.5552199905205,8632.949333333338,7653.624999984971,6483.070072196143,10743.750000012658,18440.88171535226,18660.133199999986,4511.650314285707,3458.2146143359514,4132.365199999959
NL,5174.393040012664,6810.9453143618375,11447.365944444446,965.8888888888889,16630.399999999954,7703.618588888887,173.0,4547.57508551687,4783.354999997406,10090.7370333315,9224.666666666666,8807.910328256841,5662.462714286052,6308.899999999985,629.875,5185.361375000053,11836.819040000368,5375.7333285720115,7824.3,8827.588166666665,9069.358971429025,7818.349685714534,710.8749999978608,577.1250000021392,5468.059657142622,621.0,1732.8571428547998,9580.09999999986,3288.017399999989,1460.7142857142858,5465.882000034515,1502.0,16254.131319999951,430.0,357.2,5221.500000000006,2183.129350000002,9212.820879962022,1145.1,752.5565142955198,6364.666666666667,3810.250000000011,4039.689428571417,2013.3706500000021,1297.2,3352.7999999999834,9290.111111111111,6680.666666666667,9805.635077779527,8550.875,4389.566457142825,9030.40905995193,3189.6782666666973,2284.1257857145147,8999.278833331664,6633.482600000001,4206.6666666663,9223.75,10383.138356933076,8889.786228575313,8322.969514143344,4893.33333333334,0.0,912.3333333333334,7200.924599999413,18579.44025000002,5505.948785714183,8807.418628571431,10512.111111109456,14123.70650000025,10410.0,5627.012571829947,1094.8,1864.0,4913.194025000008,1784.1492666667489,1420.0,2158.965857142776,6408.213066666718,4887.931166666675,15240.87499920342,1125.0,10512.0,4649.888888888889,9180.42857142857,1769.9253666667246,16521.03911424053,2584.1341666723156,7043.193111112646,1780.2857142880573,6193.674720001453,6199.333333333333,11267.99999999946,4857.500328520857,8290.375,16207.874999998992,15776.624999999965,9242.199999989267,7691.5034999993195,8189.6894285714025
NO,5055.800000000418,7196.995149985924,11873.333819998816,1390.6380499999536,16026.800000000254,7312.684833332773,966.0043500003476,5209.468999999767,4830.833333332826,10295.553511114624,9483.887066667488,9171.375000282012,5687.473499713394,6980.999999999861,1466.7134599627152,6104.50000000021,12159.310099991757,5903.624999985999,6700.0,8753.369385713635,9230.625000000495,8014.582139999714,1120.2587000000133,839.0,6100.374999777365,483.0,2796.4987999996056,9752.231666669135,3667.1748428571427,2594.5714285714284,5921.237799997161,784.5,15644.999999999938,1343.1999999999998,1153.0,6088.859359833364,2613.8,9085.171371426926,1479.7552199999902,1264.564299943802,5969.3333333334385,3835.538128573241,4188.87140000049,1749.0,2002.857142857143,3749.0540999919003,8388.199999997605,7115.000000001287,8928.828628568193,8261.977566666968,4606.999999999888,8346.833333333125,3524.6000000011827,3153.9283000006326,9360.35165714462,5912.516966666681,5007.293760011623,9064.833333352697,9659.987900000098,9352.32216666667,8839.42489005327,5483.500000007135,912.3333333333334,0.0,6533.128366667372,17542.4964999984,5351.010749998722,9007.06049999985,10541.824466666667,12862.619833329729,9480.29999999522,5247.667433332219,961.3333333333514,2763.1666666665083,4958.313385714526,1929.8749999302001,1616.7760999999318,1643.888888888889,6884.749742860135,4771.309071428705,13688.85040000486,417.0,9670.999999999996,5150.749999999596,8659.253728564116,2631.574242781133,15873.582214286167,2910.630428570674,7759.999999998279,1620.3773571433724,6429.377828546651,6131.833333334239,11502.482414288426,4391.17202851118,8288.33333333205,15477.59407777509,14284.877000001026,9644.864928571304,8370.00000000004,8889.666666669083
NP,3292.73417142839,8461.699999994371,18149.29999992977,6203.456555556206,9684.124999999976,665.2500000021392,7162.52200017404,8510.66666667398,3590.667433334659,17788.125000048298,15331.625000002827,8499.874999990472,11616.854985761212,8221.003942839543,6807.342633332738,10101.999999997908,18857.080499999414,8042.000000014706,3132.5913142467143,16444.258229195162,16218.94897142768,14385.988085712721,6231.855642854367,6393.499999999466,5082.028514286658,6251.1666666667215,7477.499999995738,16701.3619713833,4624.881242453195,7556.845500034069,5454.327928577196,5692.209566663429,11446.287266670812,7215.249999997861,7310.333333333293,8378.103271424672,5459.251079844259,15327.750000009395,6156.674574998767,7325.099000000324,813.1666666666847,4070.6666666658757,3358.482455559975,7556.499999998727,6232.333333333367,4850.3735333353925,5151.655066666681,5791.146700762676,2516.395166666723,3931.8889429717397,3835.2357199996914,1892.8000000023947,4662.136571429814,8464.249999497748,7176.476033333341,2772.417744420342,9549.334957137078,14944.166666673145,3253.8,7981.750000013673,8739.7508714358,7843.750000000264,7200.924599999413,6533.128366667372,0.0,11737.624999998861,2819.666666671242,16331.625000000065,17204.822166683873,6909.97177142769,3586.916142857214,1275.8333333348137,5873.208142860002,8441.680822230648,3382.7270428571433,5791.055343108979,5995.499999993646,4912.137885724039,6683.000000005686,4178.749999999549,8395.551766666491,6214.738088890746,3244.7832285763066,10211.821111111596,2208.1428571428573,6846.499999982052,12037.444699986154,4758.309366666202,6411.233656684542,5318.499999999442,6501.903570994454,12222.399999998512,18337.488077778253,1885.4999997341151,2045.5722249159724,10122.032357166347,11020.250000792093,8264.374999998618,7816.845800436325,7751.106700002538
NZ,14228.56913998045,12889.666666671139,10317.52848888885,18168.61355555556,2326.0,11041.84033332932,18815.333333333314,18618.385429504637,14783.83333333286,11028.249999999694,12038.499999999967,11732.264166659437,14397.439171428005,14121.26535666615,18795.645999999877,18356.62499993486,9349.666666666666,14862.973249996205,10208.349871309374,12468.546222195953,11723.050742858391,13201.569642845438,18132.423899991125,18150.33333333335,14920.124999993697,17871.8999999935,19573.667857577675,11974.222222222223,16499.896914207387,19855.11111111111,14328.250000009464,16826.122566666523,2628.833333333265,18983.500000000025,18815.333333333332,18949.166666682544,17686.323180278807,12056.493014284655,17811.459242857174,18844.44779994674,11912.889785714278,16135.566100005994,14900.403998931828,16975.422943008965,18721.504400000365,16324.781914079616,9045.859299999904,14179.207856289107,9149.052633321744,9877.786142870595,14437.124999997211,9328.84953333335,16398.333333333994,19948.51739998196,10878.987849998344,10803.897566664866,19095.69481555649,11971.666666666082,8525.073099999126,11867.666666656847,11691.266466661684,16113.34368489766,18579.44025000002,17542.4964999984,11737.624999998861,0.0,14221.000000000708,12007.474459999992,10758.813920025403,4188.844571289236,8468.557125002471,13351.151930917174,18044.59000024469,18635.62499999995,14503.999999999896,17915.271499996725,17995.510833241282,16565.087000000174,14235.125000034242,15021.696285717984,3361.597785714375,17424.5,8413.7,18918.35849923504,9682.287214493042,18778.79880000081,2489.8516000120467,17232.25000000219,13021.666666670511,17277.542219905565,14468.087250004693,14409.366571428125,9689.936499989135,14209.333333333228,9322.78397500012,2631.576399999995,3273.7258333332275,11638.453428571309,12607.609333312104,12406.836833328927
OM,384.2985333312911,5674.415999998026,13583.233880000786,4382.166666665474,11173.399099999995,3266.833333333264,5459.104400004108,6090.0389285801,836.0319857142946,14196.11837069324,12371.22076665793,6164.574275389358,10804.99999999485,5039.10571111091,5021.134886000967,7072.125000005868,16211.153457257717,5192.333333334243,5923.984899999911,14206.156266661996,15136.838255555658,12984.459050000385,4791.82581428664,4969.67085728141,2012.4406714290806,5061.529028571476,5061.472000000735,14712.585500266838,2755.0999999999995,5715.62880000014,2199.8333333333776,4974.374999999998,14062.499999999964,5242.699539997347,5821.833333333367,6290.945500003022,3379.1434666667274,14829.93565555159,4300.380357144913,6087.7473749984965,1950.0,1720.087000001956,1296.3194999948664,6869.166666676415,4714.441566678631,2394.5096142735397,7906.500000421784,3652.297000002915,5017.570871424909,6250.249999999864,1203.1265777777908,4704.3852428941545,2394.5124285714087,6116.333333328387,4910.666666668266,4981.034985296526,7480.75016666617,14693.936066628476,5187.666666666618,5893.752928561094,6494.810428564635,5316.87499999843,5505.948785714183,5351.010749998722,2819.666666671242,14221.000000000708,0.0,14729.092672152294,14795.594433341093,9990.317277796501,6597.803114285598,1799.499999999638,4335.428759867809,6131.250819999904,705.6999999999423,3816.5205860169704,4106.092485715475,3987.6210333335716,3927.000000006098,1190.0586999999123,11667.155986598784,4977.242942857448,5502.11302857102,7864.3333333353685,4883.063800000719,4752.412674996516,15517.857833300432,2662.833333329734,3928.86145714244,3764.514666671013,3636.1111250003455,11395.162271287172,13305.666666667132,2545.1250000088617,5120.375000000683,13442.926233347864,14524.880314286547,6284.095125000056,5042.228133328161,5417.499999997645
PA,14186.361600305368,9690.999999992931,5293.304333333343,9444.999999998568,14272.895228572215,16703.95724443634,8789.164724999,8212.877214289212,13762.826766668648,3308.10669999374,4641.299785981137,11357.250000003934,3719.0974250018,9887.473922215127,8836.333333333327,7618.03946740509,4805.763050000001,9247.99999999329,14685.415733336513,753.3546571428631,550.75,1600.9941999999837,9392.800833334806,9402.141533333352,13672.41815714693,9038.605571428634,8302.436225401298,1021.9999999999945,11689.194257145513,8188.310571428572,12516.333333333427,9521.999999999824,11471.11949999944,8626.328300026673,8483.776100000006,8318.26235713901,10136.249999999189,1365.0,9613.19950000044,8386.201250001353,16112.49999999998,12168.002628969225,13112.761000001477,7291.7631571437105,9383.085577777696,11779.271499997756,13539.099999999999,12557.249999975995,17338.66192222704,14375.871685716551,13216.666666669236,16902.749999993495,11636.29087142702,7321.567771623994,13933.124999997051,13369.604722216238,6948.5000000039245,2410.6666666666665,19720.701250002927,12388.467166662796,10308.749999982907,8854.599285451102,8807.418628571431,9007.06049999985,16331.625000000065,12007.474459999992,14729.092672152294,0.0,2620.1666666666665,15464.500000009135,17417.846466661405,16237.71278571298,9457.28250000027,7660.385425144244,13831.800499997931,10102.00000001499,9756.333333331353,10750.293066670818,11804.09727142627,13018.500000002634,13311.47444371905,9516.341057143198,19743.1666666669,7412.833333333483,17313.9595714288,8858.300000001382,10498.61785668842,10839.999999998188,12472.128128576092,10128.331114288323,11564.988742857191,3330.442766666741,5453.948128571412,13917.512714283997,17061.624999999924,12848.83333334311,9800.954786433558,11560.749085714286,11524.250000001106,11484.83333333088
PE,14792.749999999245,9820.375000089893,3139.4285714285716,11166.76728628082,12740.833333333145,17696.340801121456,10476.458199997951,9177.256340880547,14486.999999999913,1621.3340999954864,3171.1111111127666,10110.709449997797,6184.374999999777,10149.309257143523,10272.000000001188,8214.666666671628,2464.8,9713.253357129652,16632.71809999999,1880.0,2608.3333333334735,3932.151100000022,10908.132257142317,11066.29021428571,14038.029357149877,11085.0635599996,9865.486280133686,1329.375,12441.166666666666,9504.23695,13546.565428581425,11659.999999998134,10979.166666665998,10260.0,10178.32392222228,8220.799642857386,11168.0,3236.1042149860214,11305.999999768368,9737.000000001646,16728.23453999871,13110.481572000186,14465.0,9332.99999999963,10836.715199999993,12630.925428467095,15485.42857142857,12933.75000000048,19787.499999999836,16296.982928571433,14083.974299998403,18807.50426666691,12400.107214566258,8517.375000006092,13581.000000000136,16253.333333333712,7482.804428575214,4241.321733333306,19802.668679999617,11298.551299997689,9817.833333336175,8433.647540099875,10512.111111109456,10541.824466666667,17204.822166683873,10758.813920025403,14795.594433341093,2620.1666666666665,0.0,14385.097688889286,18122.80311428543,16628.051866663773,11426.378857142923,9605.625000000013,14234.667571940605,11237.713499989293,11200.625000001028,12640.29652000633,11426.051066305547,14027.661571425422,12681.533256209925,11296.170166671878,18984.428571430915,6450.755500000215,19727.097833333344,10008.874999999856,10512.120700001493,12230.544322222197,11946.064466666501,11951.14313333919,11682.047186526413,5629.333333333333,3292.299999999981,16206.598011104787,19000.666666666668,12608.666666668674,9885.405333329601,11129.166666663783,10817.306070950948,10620.415342837594
PG,10916.332242874985,14445.833333333318,13831.398960865272,14059.61185714253,2810.116000001931,6344.100000006333,14468.610639581026,17389.54798563395,10621.653214273747,14764.375000001777,16261.439999998249,13114.872500021422,14163.130571428728,15703.999999987594,14201.146200000057,17880.5649000002,13210.427333333153,15495.763428514414,5116.485333332039,16129.733200001428,14365.073533333334,16031.691214288749,13756.513311103214,13524.195666666545,12436.33333333263,13795.025599286248,15237.966985716621,15761.82877779241,13656.000000033448,15444.295457120197,11853.833333331173,12796.888942855576,3463.1249999998777,14421.578388888898,14696.080671441357,17051.666666580793,13831.867371417951,14710.833333301729,13560.000000000588,14422.456428569405,8147.207014290951,11884.134699108814,10329.609458777964,13746.666666684141,14174.790874999939,12959.750000007798,4938.864377781628,13265.999999999834,4816.833333334259,5199.85883333593,11142.536179808478,4803.000000001573,13430.58656667914,16435.144522220024,10779.094357199423,6269.973171425634,18955.83729999661,13275.201133333096,5229.134600216995,12740.922399986266,13448.681357112826,15740.015858041868,14123.70650000025,12862.619833329729,6909.97177142769,4188.844571289236,9990.317277796501,15464.500000009135,14385.097688889286,0.0,3929.814255555542,9168.50000000164,13517.57705714319,15714.915571447962,10715.999999965137,14035.4315,14220.000000002185,12062.936633336316,14476.279488894757,11148.333333333381,1416.8772888889457,13473.726857564534,4907.206959987347,18716.054499998467,5282.522000000626,15027.442988888122,4315.282429260093,12832.669914277014,13405.500000090786,12924.166666673687,14205.87499999994,14466.642150000484,14129.499822231748,9152.06499999646,5196.7312333368045,2405.942766666516,4583.333333338984,12464.072128577915,14228.465533341747,13111.274550002654
PH,6398.987733353506,11778.973249995022,19804.606985694092,9724.333333333294,6252.669542886335,3005.0810428573795,10447.063971443205,13067.34825061608,7383.093800031261,19162.166666663885,19268.20879978678,11269.939588879712,13217.026919975184,11673.985928838247,10370.849357057372,13934.4920714441,17350.267966667023,12254.375800000402,2850.25,17831.602388871703,16367.441666685676,16289.83333333478,9905.624999999998,9736.436966666812,8613.522144445562,9305.999999999949,11451.250000000005,17498.499999999894,9499.126833333528,11640.2,9035.999999996162,8280.023199999996,7128.559750000026,10739.888888888889,10739.333333333334,13356.86324285194,9567.144999999478,16201.06533333332,9511.105399990669,10776.234685714895,4763.62935,7417.666666667217,6328.414840001964,10312.559422222223,10409.833333333332,8406.61662500274,2994.5555555555557,9454.875899628338,1779.7777777794336,2619.799999997605,7526.791671429922,1810.4999999999818,8239.514585714223,12135.000000425724,9104.609700000336,3595.0000000220693,14519.24999999875,14221.24129999996,2484.75,10181.833333331278,12096.50361428979,12249.267133334382,10410.0,9480.29999999522,3586.916142857214,8468.557125002471,6597.803114285598,17417.846466661405,18122.80311428543,3929.814255555542,0.0,4757.264499999995,9405.741300000002,12121.552200000195,7290.428571426229,9229.263014285549,9812.462466663703,8229.833333333376,10092.00000001311,7409.613699999934,4635.299999996414,9192.777414289245,2393.5058000000013,14812.333333301547,2208.1,10859.833333333327,7476.992399598329,8299.875000132675,9657.799999999952,8620.637959982856,9897.437299266423,13823.596942857142,19041.056000032524,5601.2501666628805,1750.5714285714287,6084.00000000185,7715.287366679013,10971.999999984255,10366.049825000033,9979.700000002023
PK,2032.1378857240477,7233.122233322374,15326.131042882665,4820.773285714249,10327.473499998463,2028.0838571428546,5447.6133571428545,7353.666666651675,2304.8333333317446,15963.83213332975,14022.555485713918,7967.124999992302,10743.499999998121,7208.139422231793,5464.734828570226,8074.81700002976,16443.439555555902,6706.606111111598,3808.668749971546,15328.6410995777,16005.586055558884,13289.580577776047,5089.238344442277,5247.641499995607,3951.4999999997276,5210.370075,6201.128314285865,16120.833333331479,3448.7611857142397,5950.474720000561,4437.262533337075,4720.8959666684,12883.000000003993,5909.857142857143,6050.0,7172.593999994341,4172.750000009001,15408.328733331347,4799.166666666775,6161.678642857101,681.603249999642,2649.310249999617,1925.7611857289826,6626.776285708572,5186.0936500003045,3416.375000000489,5830.333333333333,5215.036988889142,3737.6092285734,4322.517399999983,2707.0626249992315,3128.802800000422,3308.2202430152024,7240.199200004857,6467.308080560093,3152.0951142950944,8448.833333330587,14434.195333342319,4398.698528572519,7289.186099997111,8237.624999999454,6594.374999995,5627.012571829947,5247.667433332219,1275.8333333348137,13351.151930917174,1799.499999999638,16237.71278571298,16628.051866663773,9168.50000000164,4757.264499999995,0.0,4457.454928569,7234.500000031428,2259.500000000527,4289.166666667549,4914.6432999969475,2834.928866666964,5468.500000036488,2719.910328568245,10071.33333332513,5174.232699997927,4724.195666667762,8577.875000671853,3461.7644999999898,5330.099999999999,14334.073357119069,3273.059199997204,5369.717222224965,4121.3920999974725,5141.358866665754,11219.513624999776,14248.918485714754,821.5124749998917,3177.8139666532065,11954.049985706903,13798.316922221948,7829.000000009768,6741.833333333508,6965.8817000007075
PL,4146.881999999883,6673.562999996205,12235.328811112413,556.0,15605.603249999987,6836.533419997443,1160.0,4828.489249999182,3907.627599999691,11075.000000004515,9843.83333333422,8496.374999999669,6517.313385714158,5952.333333333083,962.3159333340432,5657.945785715503,12383.144357349778,5229.187788897568,6950.0,9648.36821985125,9915.124999998701,8339.750000000482,517.0,517.0,5063.4999999973825,669.9309750000431,2283.6666666667243,10431.008949455727,2879.1666666657275,2290.0,5212.9999999983875,944.3333333333334,15704.467214286435,1367.2,1450.1,5290.087899999601,1598.0,9971.92806666643,545.0,1825.7777777794336,5268.926085709409,2471.8847666674747,3448.4999999999995,2791.6666666665596,1316.3333333333333,2632.3773571430593,8591.521666666378,5979.520214311811,8526.940157140709,7553.741214292867,3520.8750000094587,8195.203171687273,2462.374425000253,3061.8333333304117,8404.678674999524,5521.448171153962,4818.375000000004,10175.5959,9420.152800000009,8367.158974616295,8304.37500000002,4916.831500000005,1094.8,961.3333333333514,5873.208142860002,18044.59000024469,4335.428759867809,9457.28250000027,11426.378857142923,13517.57705714319,9405.741300000002,4457.454928569,0.0,2755.3739333332883,3943.736266666681,946.0,803.3522666528881,1151.0,6056.289777777326,3817.7999999973213,14262.970914293372,810.0,9241.94107500376,5179.749999873304,8114.666666666649,1869.7974857143909,16166.500000001626,1427.3333333333333,6804.722357437457,689.3,5634.166666665404,7187.064566665678,11918.217428572489,3791.999999999988,8246.949333334254,15463.166666670559,15462.33034367572,8693.199999998047,7378.841833332955,7686.908974993123
PT,6123.500000000454,5778.184785714271,9580.42857142857,2300.0,18044.500000000855,8743.080857141811,1712.5555555572112,3155.488639796558,5454.003942857131,8468.30049999562,7289.888888888889,7874.068285715024,5287.230466666958,5793.500000001281,1650.0231999999173,3785.0447428595744,9877.91764285873,4425.12500000725,9600.0,7296.463633336284,7742.917400018068,7149.75,2244.8333333333153,2310.0,5546.166666666139,2297.833333333351,979.7034800000135,7846.406820015296,3717.7384857131433,502.7,5668.684928571358,3364.375,19868.069600077604,1452.8888888905446,1585.1,3809.8,2853.505800003914,8188.524342866829,2475.666666666673,1642.6666666666667,7675.793500000839,4821.666666666393,5031.823375,2937.508699990719,1862.2857142857142,4039.8999143984997,11150.0,5947.499999999901,10734.618733331234,10425.858700008865,5279.923399993732,9935.213177776317,3983.960933333336,543.0,8350.128300000593,8201.076677775374,2280.9956857138636,7510.834442856807,11804.624999996051,8373.0404285715,7558.641399186998,3793.999999999938,1864.0,2763.1666666665083,8441.680822230648,18635.62499999995,6131.250819999904,7660.385425144244,9605.625000000013,15714.915571447962,12121.552200000195,7234.500000031428,2755.3739333332883,0.0,5325.806039999718,2977.254833333337,2514.070750006878,3900.4285714262282,5952.927585865332,5021.40487503481,17123.166666660116,2990.0,11386.579666666345,2793.375,10397.186688910768,1711.8333333333333,19952.58699999859,3475.4841333375807,6742.103271428077,3375.728249999982,5606.000000004236,5723.109433333227,9609.56150000225,6479.362071436824,10078.520420030227,17384.999999998192,17121.087433335662,8096.313199999547,7148.395742854076,7416.000000002442
QA,300.42857142857144,5802.666666665348,13310.333333333316,3964.550011111727,12009.000000010901,3906.6925799805085,4895.206828576306,5311.741955556765,140.7,13728.796171427424,11655.706644440428,6669.750000013774,10502.999999997446,4961.375000007787,4542.887628572106,6186.859771430868,14393.460422222191,4809.6531000033,6180.833333333279,13529.166666668578,14135.838571428574,12678.125000007174,4218.989166667006,4381.215774999921,1998.7478666672089,4615.496520006331,4818.124999999987,14290.375722222117,2058.3333333333335,5326.407966666627,2229.9431571135365,4390.58137144806,14360.749999998914,4973.0,5236.9779571237195,5637.725543157454,2952.499999999688,13975.800000000234,3784.5700000011925,5254.666666666881,2550.4369666666666,1123.0,1152.0,6182.125000312771,4024.1763333333247,1689.3333333333333,8254.5058,3359.6956666665906,5901.391333333599,7110.185442857182,569.3750000021392,5273.833333333352,1809.8333333333758,5680.798799880514,5088.165199999747,5242.084699999301,6640.179999507186,13923.624999895705,5906.645655555551,6313.125000433624,7003.852357136694,4884.085357274399,4913.194025000008,4958.313385714526,3382.7270428571433,14503.999999999896,705.6999999999423,13831.800499997931,14234.667571940605,10715.999999965137,7290.428571426229,2259.500000000527,3943.736266666681,5325.806039999718,0.0,3129.0226888890106,3579.197855630196,3570.7999999999615,3584.6509714287954,490.6666666666486,12100.696928599773,4661.76799999966,6203.124999999999,7353.533159999779,5291.678266666667,4022.928899999989,15038.35221428908,2238.950285714573,3884.816725262374,3394.2500000000323,3472.572928571429,11255.867271430152,13304.974499998356,2493.548071171592,5538.395275002984,13730.386358276812,14780.069227459437,6912.106499955031,5114.034655557818,5607.172611117354
RO,3406.2500000000146,6160.513200004536,11812.599999997605,854.9,15253.803456403875,6353.593999997747,1764.5714285690856,4614.31268889013,3009.839299641825,10988.12518888709,10036.99999999895,7666.874999999772,7306.375466667429,5572.300000013606,1419.0999999998278,5159.33333333396,12589.375000000548,4924.301380001333,7456.327724999994,10125.809222221706,10304.660755549661,9179.000000216447,1081.2068285714308,1293.2,4063.24009999985,1550.8791857143315,2183.338528558202,10775.124533332855,1659.5057999960163,2474.5,4046.2303002872736,1738.3139999998577,16287.882000000049,1871.1,2089.1206500046383,5067.01561110803,747.0,10387.217666669325,643.5714285714286,2530.6453428522673,5110.282777788841,1961.2,2726.3969800176033,3540.295800215588,1138.0,1629.3667571428025,8870.444780000002,5082.249999998007,8348.666666664565,8229.7391428572,2833.39454445546,8060.499999999786,1410.1666666666667,3088.8059284608003,7668.540874996618,5891.128199910734,4813.049611105189,10440.100000016304,8290.35653333344,7658.1250000018445,7495.9802142892195,4370.667857142449,1784.1492666667489,1929.8749999302001,5791.055343108979,17915.271499996725,3816.5205860169704,10102.00000001499,11237.713499989293,14035.4315,9229.263014285549,4289.166666667549,946.0,2977.254833333337,3129.0226888890106,0.0,447.7777777761221,1501.3857142880572,5333.289657136757,2851.5208714286105,14435.112843164401,1730.2965200000597,8267.867085694772,5137.156928562952,7718.624999358399,1618.478824999564,16801.54835714644,645.1550666666968,5509.917777771367,746.3333333333514,4818.999999989714,7862.411685713427,11757.58364444262,3300.6999999999134,7376.105933334475,15550.568428571409,15882.099999992242,7902.757714284925,6324.00000000061,6866.54946667358
RS,3812.833333333249,6117.994185955632,11822.018822222279,490.0,15947.724228571446,7105.277633334309,1373.125,4291.383375009359,3428.347666669176,10684.166666663345,9488.833333332737,7885.500000002685,7280.272619999962,5430.080833333178,956.1250000069684,4966.266066663411,12194.5232145021,4881.374999998979,7417.250000000004,9445.737288425898,10161.743599998836,8739.85348571518,741.7999999976053,995.2167714285689,4648.004070000195,1028.7821400015196,1703.7270428795293,10620.776466665046,1895.0,2027.25,4804.518933337365,1630.8378199870765,16314.15933333195,1446.0,1689.875,5000.125000000005,806.5,10167.651814285635,316.3333333333333,1895.5714285737715,5262.56524999984,2261.2443666565514,3173.931933334049,3098.2068285860737,721.4965200063659,2006.5610000009187,9188.57142857143,5455.166666666865,8596.025514097026,8244.980114285767,3162.1143426326025,8388.700299998813,1853.0000000166249,2546.119499835117,7744.226528560321,6251.999999998114,4365.728933332844,10209.3369285711,9181.646966664062,7717.833333332249,7639.833333347399,4304.384111111419,1420.0,1616.7760999999318,5995.499999993646,17995.510833241282,4106.092485715475,9756.333333331353,11200.625000001028,14220.000000002185,9812.462466663703,4914.6432999969475,803.3522666528881,2514.070750006878,3579.197855630196,447.7777777761221,0.0,1624.9,5185.500000002413,3183.6245333350207,14944.144666668919,1625.3333333333333,9176.666666666482,4828.878200001669,8268.749999999982,1246.9139857148286,17012.996933334365,966.166666666529,5564.77814444418,827.3333333333334,4865.2231333344635,7701.195385712901,11642.833333333998,4027.905888881748,8201.499999997717,15757.66666666293,16170.957228810774,7873.653785714133,6222.438042851011,7095.397611151763
RU,3739.850733333333,7280.9999999833135,13476.0,1670.0,14465.42857142857,4949.999999999996,2251.580433333333,5761.431224997048,3444.4965200000047,11950.83333333146,11180.0,9042.625000353952,7193.243888889086,6941.030533335312,2189.6666666666847,6436.00000000738,14110.111111111111,6082.578860000902,5790.111111111111,10905.25,10847.093142857344,9578.793171423697,1667.83913333333,1608.5,4886.833333332788,1563.8793500000054,3480.5714285714284,11617.666666666666,3496.552199979742,3440.0,5139.703480000008,893.2222222222222,14448.974259999739,2485.875,2500.2,6181.086856866111,2230.0,10815.666666666666,1566.857142857143,2798.7931714285764,4340.0,2547.7,2464.0,3307.0,2375.0,2639.970171429754,7480.111111109455,6390.940499404427,8292.704659999941,6600.9,3413.500000000014,6767.819433336841,2233.603414285499,4276.166666665514,8336.049714285798,4644.0,6083.091457137751,10730.0,8228.815250000052,8472.557125000136,8651.856950624791,5308.276428572698,2158.965857142776,1643.888888888889,4912.137885724039,16565.087000000174,3987.6210333335716,10750.293066670818,12640.29652000633,12062.936633336316,8229.833333333376,2834.928866666964,1151.0,3900.4285714262282,3570.7999999999615,1501.3857142880572,1624.9,0.0,6299.999999997193,3519.954111123385,12302.78744344154,1225.111111111111,8410.0,6538.85936015627,7065.0,2963.9727499962073,15564.272485194922,1796.0,6909.686475000601,755.0,6159.091642855613,7825.0,13922.369020005139,2798.750000002139,6732.2645,14034.303257137923,14190.571975000936,9187.5,7617.040711118311,8162.8573000004935
RW,3942.2494144236703,2187.546399999812,9749.027384993173,5721.0672666713335,11992.343659996211,7419.749928572459,6280.222366666032,3531.117528799698,3772.8221571418817,10279.151133329811,8184.666666662936,2452.3955999970717,11414.149799999994,1666.625575001549,5718.4025750043465,4184.999999997026,10594.421914958073,2189.7700599992013,10168.018571428582,11256.769311111198,12262.499888891518,11886.636714288692,6106.249999998002,6266.833600000004,1948.472166662533,6410.358833337455,4853.467933331333,11503.16666667273,3530.947399711217,5666.193700003353,1548.5,7055.368728942498,16321.500000000946,6215.13766666654,6560.491885713442,3505.499999999589,4524.445271104833,12471.48307082914,5791.333333332276,6995.939955556191,5580.095585735886,4123.8342571616895,4330.247914286213,8502.115666665844,5400.348800000086,3657.4350430007653,11537.90000000122,757.0,8872.875000010084,10579.72433333788,3939.0000000078094,9085.597240000134,4101.35034276676,5481.299314104271,2785.731320031943,9652.166666665611,5402.590471040901,14244.457557554231,8298.006566666669,2663.3304572045968,2502.4999999999764,2915.6945999999857,6408.213066666718,6884.749742860135,6683.000000005686,14235.125000034242,3927.000000006098,11804.09727142627,11426.051066305547,14476.279488894757,10092.00000001311,5468.500000036488,6056.289777777326,5952.927585865332,3584.6509714287954,5333.289657136757,5185.500000002413,6299.999999997193,0.0,3709.415844451985,15770.651466699426,6915.833333333866,8251.11017999933,5178.833333329097,8246.485333333772,4284.963155554691,16349.660728094737,5101.333333317262,714.8277250000701,5942.239000004581,377.5,11722.333333331984,9282.023171428567,6409.005814279771,9171.937157149367,16078.20125000138,16806.750000019714,2907.522371459825,1376.9503857018926,1943.8656600093166
SA,789.5692714287425,5342.624999989841,12126.62499999517,3812.0978333333774,12111.923928510538,4880.435700055765,4723.736985714554,5128.353800001315,427.3333333333514,12879.186756703508,10746.33333333738,6186.851986056435,10118.999999997579,4901.0181666667695,4249.526500000996,5990.833333348032,14045.799271163665,4334.807220003755,6176.773285714272,12475.000000001548,13466.406057145537,11966.1666666666,4073.0276713045387,4282.874214285562,1579.134042853293,4539.833333333277,3834.773285714271,13667.87195985681,1612.0895600063304,4790.0,1962.734171390676,4366.624999997504,14884.558857552202,4674.571428571428,4944.666666666667,5140.666666666702,2616.477479998066,13629.66666666976,3624.5272500005194,5385.711200001332,3033.4222749998485,950.4285714285714,1275.9343400094824,6312.827166659373,3669.2968555555553,1120.892388875247,8684.64675,3012.7000000050953,6201.580024998298,7499.857142859486,558.7931714285409,6190.000000000136,1435.2447799999966,5000.770700002088,5135.423066674259,5865.720944801804,6184.833333328565,14107.699999997758,6352.908222222255,5765.9648333389105,6425.027199992895,4392.624999989461,4887.931166666675,4771.309071428705,4178.749999999549,15021.696285717984,1190.0586999999123,13018.500000002634,14027.661571425422,11148.333333333381,7409.613699999934,2719.910328568245,3817.7999999973213,5021.40487503481,490.6666666666486,2851.5208714286105,3183.6245333350207,3519.954111123385,3709.415844451985,0.0,13108.555571422366,4671.800000000092,6657.397325000037,6557.416285719631,5684.250000163005,3259.833333335926,16115.468629425026,2059.166666666513,3509.5000000013183,3336.4063423337293,3192.073071427216,11004.372733331724,11732.698625000616,3144.150642857152,6213.625000000568,14283.836144446426,15664.833333282248,6017.750000000036,4857.500000000259,5347.675725002682
SB,12049.576114285761,15913.029666684863,12529.093699987276,15446.756500002075,3156.6249999995885,7893.733866671514,15636.499999998654,18783.223466658776,11974.945166650841,13577.179111069061,15567.990429570355,13687.56255554814,12638.189533332616,17505.756601948207,15546.499999997817,18758.875002074947,11866.915300001507,17629.560833375992,7158.49999999816,14318.95240000141,13088.949528590447,13541.408129604073,15226.907633338602,14701.499999982945,13533.156642865652,14263.799999992061,16044.758842851332,13601.375000001704,14964.42904285908,16271.731233333432,14142.12499999897,13106.999999997073,2004.6250000000032,16092.928057144938,15144.573585714215,19271.42800000828,14931.833333329068,12935.752557143582,14966.724514262909,15194.375000003012,9515.33333334264,13233.375000011925,11450.166666686657,13800.37499999137,15610.050999998728,14222.134600001105,5374.729975001127,14407.833333333328,6170.525166666675,5673.851933333331,12728.37500000341,6376.875000016188,14181.00947142137,17473.099799996842,12727.10799996385,8167.87500000248,19148.596350003158,11766.949257141809,6546.555199998484,13575.895233335337,14069.833333327519,17147.118066689673,15240.87499920342,13688.85040000486,8395.551766666491,3361.597785714375,11667.155986598784,13311.47444371905,12681.533256209925,1416.8772888889457,4635.299999996414,10071.33333332513,14262.970914293372,17123.166666660116,12100.696928599773,14435.112843164401,14944.144666668919,12302.78744344154,15770.651466699426,13108.555571422366,0.0,14151.845366660156,5758.612933334989,18961.491414285756,6354.40716667859,16315.833333333967,2915.6964333332958,14242.759214286963,14466.666666654857,14245.134600009924,15505.250000010883,13313.166666646373,12511.33333333334,10516.928428565336,6141.021757142357,1205.8494750278444,2938.2499999993197,13229.617100000018,14931.890900002796,14242.938833322009
SE,4776.899999999995,7266.200844136406,11908.639200001711,1244.0,15597.666666666648,6988.059533333931,1281.6666666666667,5406.333333323341,4637.12300000805,10644.250000000004,10125.68133333793,9229.56448570963,5796.03677142964,6890.506650002124,1514.2741666666632,6256.340666665464,12299.50567121482,6222.374999999656,6700.666666666649,9481.647499999972,9586.36675717929,8282.527342857125,1055.5,810.0,5632.941149775595,522.0,2993.630859999181,10232.223250005329,3422.6481571429795,2590.0,5797.181333340193,396.0,15636.535128571559,1544.0,1432.3,6071.819000002267,2625.0,9588.791014285584,1285.0,1625.0,5576.524528571406,3421.655833333677,3539.6283666647296,2143.6666666665346,1975.25,3388.0617199991357,8170.0,6911.000000000061,8428.538899999998,8124.833333333362,4247.029766669085,8175.166666666621,3125.5173999999915,3557.4066,9212.934425005536,5618.236842853806,5157.32599999926,9567.280742857147,9285.37768888889,9299.975266666655,8776.077571695938,5434.913328571244,1125.0,417.0,6214.738088890746,17424.5,4977.242942857448,9516.341057143198,11296.170166671878,13473.726857564534,9192.777414289245,5174.232699997927,810.0,2990.0,4661.76799999966,1730.2965200000597,1625.3333333333333,1225.111111111111,6915.833333333866,4671.800000000092,14151.845366660156,0.0,9639.56380000011,5420.2452857141325,8289.078885699664,2598.805271428667,15680.871214552772,2480.7337499974205,7478.124943239682,1258.0690888889599,6273.666666670524,6630.750000000485,11880.00026000052,3978.200425253316,8300.206755555588,15240.166666665551,14416.999999999762,9566.666666667326,7942.716257142773,8490.632300007363
SG,5887.443485714276,9556.214428573032,15892.356533333328,9702.44057777778,6150.0,2896.5555555555557,10538.253728571424,11384.95297967127,6355.361785714244,18598.01485000013,16002.96520003545,9152.021766658561,14891.48194273209,10110.461214286057,10287.250000068307,12760.727414290928,16322.093142856636,10496.004700001948,4480.785511120931,19723.276428571415,18707.738674999662,18776.924574744222,9786.374999999445,9912.3,6794.784711111048,9970.296519993673,10410.499671479316,19737.9459714529,8280.0,11382.630700000003,7373.168557142405,9263.166666666657,8289.0,10739.333333333334,10851.16086666664,11338.325455552977,9050.0,16978.125000974596,9110.557449998654,10892.999999999936,4150.0,6385.231333322825,5780.12499999653,10873.76399999985,9529.703479993672,7409.138433332973,5311.428571428572,7399.0,1140.4136571428414,4648.166666666666,6220.385749998455,1858.1919142857826,7969.588724994799,11394.373228571429,7398.5096143222245,4723.536333333666,12718.625000231752,16590.571428569085,315.0,8028.7263857142625,9643.697871427092,10612.404742887684,10512.0,9670.999999999996,3244.7832285763066,8413.7,5502.11302857102,19743.1666666669,18984.428571430915,4907.206959987347,2393.5058000000013,4724.195666667762,9241.94107500376,11386.579666666345,6203.124999999999,8267.867085694772,9176.666666666482,8410.0,8251.11017999933,6657.397325000037,5758.612933334989,9639.56380000011,0.0,14953.98126666784,1433.6250000021394,10335.61293333296,8750.298285717947,8310.452114363465,7869.084699770581,8286.99422015791,8304.79929999996,15549.481833333122,16113.40983334225,5257.00000000001,2204.6809750000043,7165.580000005485,8785.117528085562,8656.270300000522,8743.30795001936,8288.666666666666
SN,7480.328300000044,4803.759871428964,6955.379222222222,4777.174000000431,17334.094374967965,12369.30783333334,4481.936966666626,1743.1666666666113,7124.666666694755,7215.666666642622,5020.766157142585,6024.625000001131,6264.956444444418,4923.864749926454,4156.833333334327,1818.1243600245089,8286.575833333447,3714.732999943556,12016.947460030156,5421.69183334117,7594.081249994595,6756.99999999977,4854.319433332931,5022.201466666657,6231.63574999954,5070.757714282869,3161.241299999969,7415.265828610457,5102.800000001173,3150.3,5938.794214275863,5911.289666666707,18941.666666674962,4200.0,4382.406288888888,2226.5136775482715,4540.316571431604,8094.166666669304,4844.036900207154,4393.824500000069,9695.937714290541,6216.313571422318,6856.717285723723,5097.686428578625,4177.23168573855,5733.666914309918,14073.727833322882,5793.436357143198,13868.874999997259,13125.375000004728,6605.383643143789,12765.625000000387,5709.85085714201,2299.666666666649,8136.09445714245,10837.150722221933,404.625,9031.608666666756,13786.288358169373,6846.875000001679,5609.124999999377,3110.9942000000065,4649.888888888889,5150.749999999596,10211.821111111596,18918.35849923504,7864.3333333353685,7412.833333333483,6450.755500000215,18716.054499998467,14812.333333301547,8577.875000671853,5179.749999873304,2793.375,7353.533159999779,5137.156928562952,4828.878200001669,6538.85936015627,5178.833333329097,6557.416285719631,18961.491414285756,5420.2452857141325,14953.98126666784,0.0,13398.491711158105,3710.4484571037756,19892.449585709717,5261.845450000337,6082.799999998405,5761.249999997053,5242.322779819173,6170.750000000004,6555.85277778155,8747.87499999987,13070.833333324734,19065.15477142809,18794.000000007767,6699.142975058782,6157.999157141072,6590.0
TH,4969.571428571428,10027.177940000234,17088.165624999958,8452.3,7366.230185542257,1540.111111111111,9263.051624999998,10662.793357149674,5363.333333333158,18340.023071435873,16739.88888888889,9335.00000000007,13658.496857142829,9592.38337777126,9057.45360000001,11619.166666658148,17210.2,9938.833333329881,3299.5714285714284,17272.279625568288,17219.419571434406,16491.337400001426,8586.160866666665,8602.100000000002,6660.749999995883,8610.42857142857,9815.166666668454,19660.32599999996,7311.0002599994905,10191.42857142857,6810.493200000098,7899.571428571428,9400.54716666699,9440.24999999786,9536.285714285714,11170.703500003397,7920.111111112767,16742.000000002005,8265.13212222223,9604.459399999834,2918.8793500000015,6215.492666667306,5443.94812857149,9353.024633282826,8815.0,6886.14366000749,4603.0,7242.376699999972,535.7816444443786,3720.0,5694.073257142875,515.9942000000317,7191.333333333807,10682.500000010203,7409.1666666614365,3110.4444444444443,11685.625000000768,16296.104400001488,1184.75,8541.922142864174,9987.176300006002,9987.875000016013,9180.42857142857,8659.253728564116,2208.1428571428573,9682.287214493042,4883.063800000719,17313.9595714288,19727.097833333344,5282.522000000626,2208.1,3461.7644999999898,8114.666666666649,10397.186688910768,5291.678266666667,7718.624999358399,8268.749999999982,7065.0,8246.485333333772,5684.250000163005,6354.40716667859,8289.078885699664,1433.6250000021394,13398.491711158105,0.0,9130.010833333146,9604.750000000013,7460.167714285715,7339.097457143564,7429.5771499999755,8308.300000000629,13850.361259999778,19426.613000088975,4276.014728572433,990.3749999978608,7520.580025000857,9546.237833333227,9053.604066659029,9202.757875002595,8908.72159960885
TN,4239.120999669266,4786.699500007165,10091.424899999834,1361.0536222222208,16234.5,7586.277155552069,1625.875,2883.3913333338646,3873.621985714232,9293.090524658463,8220.374999999445,6925.999999972042,6687.626300003197,4560.500000025862,961.3043333341859,3806.7214142856665,11031.500000003449,3487.375000013695,8680.053580125148,8512.912539999399,9355.750000000407,8314.964625104358,1471.2942666697784,1501.0536222222222,4216.867199999511,1936.9942201530384,630.0,9064.070799998071,2099.8888888888887,1271.9309750069588,4060.099999987144,2925.467500002214,17303.25599999987,1480.111111111111,1826.1666666666667,3641.7500001665207,1205.8621142857442,9442.833333337636,1328.6999999979469,2288.2022333371124,6045.516250000145,2927.987057142489,3847.105242857443,3737.5722714234785,600.8391333333609,2413.2852555555205,10434.258699991111,4739.999999986765,9566.967499998158,9596.381974867732,3385.7300428681133,9148.249999998368,2311.3333333334053,1640.6666666666667,7415.499999991993,7437.999999993122,3127.5000000018927,9880.434666661406,10226.445066670716,7338.576166666385,6404.999999958806,2891.4218666644356,1769.9253666667246,2631.574242781133,6846.499999982052,18778.79880000081,4752.412674996516,8858.300000001382,10008.874999999856,15027.442988888122,10859.833333333327,5330.099999999999,1869.7974857143909,1711.8333333333333,4022.928899999989,1618.478824999564,1246.9139857148286,2963.9727499962073,4284.963155554691,3259.833333335926,16315.833333333967,2598.805271428667,10335.61293333296,3710.4484571037756,9130.010833333146,0.0,17443.187644447593,2034.0000000440302,4972.499999983702,2190.6411666757062,4295.413333336194,7139.54524004676,10090.926928573092,5041.867733338194,9194.215800004276,17201.927640000078,17007.62990000456,7415.124999999187,5715.487385720241,6730.356866664105
TO,15008.581750004403,16593.849071419812,10320.47833333468,16838.66666666811,3584.875,11384.99999999675,16512.833333333325,19425.340119755554,15428.66666667653,11120.781355562203,13259.001685715584,14824.388428555385,12099.665700004643,16638.166666701,16887.89377777785,19139.166666665365,9628.739333332058,18917.374999969594,9629.850366666244,11945.397499976858,9568.199999999417,11944.842055534657,16489.7630997943,16455.320533331906,16264.737457139658,16085.328444445024,18871.16666664115,11031.124999990167,16527.1194998663,19958.0,16459.37499999618,15565.524875602221,750.0,16611.14543333689,16254.258700008893,19469.797114298228,17439.465714285714,9510.999999985954,16860.000000003314,16376.33333333575,12514.848500056152,16318.76362185055,15292.379142836828,15852.455688927948,16974.999999990006,16330.705100725047,7769.681111109328,16218.074200606383,8947.88083333647,8652.462611240055,15462.500000000955,9330.166666665298,17078.86474325955,19133.10000000625,15055.124999999618,10379.591499678043,19567.727588880673,9370.621142787884,9456.499999997925,14914.125000012073,14325.833333289005,19098.528000138987,16521.03911424053,15873.582214286167,12037.444699986154,2489.8516000120467,15517.857833300432,10498.61785668842,10512.120700001493,4315.282429260093,7476.992399598329,14334.073357119069,16166.500000001626,19952.58699999859,15038.35221428908,16801.54835714644,17012.996933334365,15564.272485194922,16349.660728094737,16115.468629425026,2915.6964333332958,15680.871214552772,8750.298285717947,19892.449585709717,9604.750000000013,17443.187644447593,0.0,16331.052714605452,15349.675633332929,16359.600000002221,16406.666666663623,11883.749999999704,10954.116333317785,13719.900000032338,8722.924166660516,1878.7014666666391,882.3304571426698,13292.87499999844,15263.833333339115,14494.86409997946
TR,2629.5,5860.899125004655,11871.540624800591,1594.6301888888972,14393.682957143676,5437.0624712376475,2589.842999999987,4488.5734002946,2060.115185840118,11501.279166667138,10146.228499993407,7439.90319962629,7728.375000266755,5104.499999991794,2025.6666666663518,5053.068433326354,13212.306628590697,4380.925242854212,7509.666666666275,10773.166666667194,11336.898600000026,9681.333333335733,1627.258125000916,2029.160866666655,3343.9985252271867,2035.6034142857145,2714.2565429164647,11913.099999998072,1108.1666666666347,3125.6666666666665,3460.597128565044,2461.1666666648,16272.833333334305,2598.0,2830.5245285557835,4889.500000000001,814.8750000000185,11372.33333333104,1131.3159333322928,3371.318320000922,4287.999999999787,1259.4335428473994,1695.8391333333357,4152.049899999407,1604.4767999996077,842.1666666666666,8770.130757096544,4502.500000002301,7633.157655554171,7896.56456666578,1925.1232574019218,7206.888949739224,806.8670857142873,3438.544319900635,6795.173266673685,5460.667199989099,4882.567874996815,11485.375,8064.235342618198,7419.333333332595,7184.0000000006075,4140.833333331221,2584.1341666723156,2910.630428570674,4758.309366666202,17232.25000000219,2662.833333329734,10839.999999998188,12230.544322222197,12832.669914277014,8299.875000132675,3273.059199997204,1427.3333333333333,3475.4841333375807,2238.950285714573,645.1550666666968,966.166666666529,1796.0,5101.333333317262,2059.166666666513,14242.759214286963,2480.7337499974205,8310.452114363465,5261.845450000337,7460.167714285715,2034.0000000440302,16331.052714605452,0.0,4820.16666666607,1058.425366666667,4227.863428775902,8417.833333333134,12066.833333335308,3064.986866665626,7287.4044666679165,15418.967933330794,16130.931900342875,7427.850733333307,5581.085033340787,5991.684499985901
TZ,3948.640557143483,2882.2555000018456,9368.103966670908,6181.855299996913,10995.714471434881,6777.066666665501,6865.959571425849,4371.874999980922,4139.602100000022,9957.857514269024,8452.749999996693,2369.4384999960216,12213.24999999464,2079.0062854987905,6200.166666670333,4845.341900000647,10445.255414280417,2999.874999999672,9688.875000561804,11570.333333333383,13095.270514275042,12392.000000000511,6571.957866666467,6914.097928437462,1961.1175285805068,7244.08170000007,5449.288466666616,12379.666666694915,3635.7500000038676,6189.333333333238,1401.2963142919634,7401.666666666818,15166.55963332837,6890.594333333724,7466.663071428667,4497.022228575452,4482.15692856711,13706.987599997072,6049.249999505968,7850.999999995642,5487.542914285275,4263.0649999982015,4694.532722229979,9056.902499976653,5411.569140000112,3890.6001333334257,11421.042585713712,656.5643000013876,8195.336066668146,10130.0,4124.958966689054,8492.666666674859,4358.130249989143,5990.420766667104,2064.000000009548,9692.087111111434,6105.875000010504,15459.249999992786,7386.545633333288,1690.3499666699968,2804.5463749857017,3853.6666666614547,7043.193111112646,7759.999999998279,6411.233656684542,13021.666666670511,3928.86145714244,12472.128128576092,11946.064466666501,13405.500000090786,9657.799999999952,5369.717222224965,6804.722357437457,6742.103271428077,3884.816725262374,5509.917777771367,5564.77814444418,6909.686475000601,714.8277250000701,3509.5000000013183,14466.666666654857,7478.124943239682,7869.084699770581,6082.799999998405,7339.097457143564,4972.499999983702,15349.675633332929,4820.16666666607,0.0,6259.874999997942,705.7876999999904,12546.83333334216,9717.546100008843,6106.433879880583,8233.520400001451,15001.564533334444,16440.666666649795,2439.5664571428606,1024.381671413032,1517.3127285835856
UA,3514.6740000041614,6291.412999999988,12821.57142857143,1028.700000000098,14915.428571426228,6245.800066666188,1806.8750000025045,5133.180055551366,3136.0177286463795,11532.015757143721,10167.5,8188.4144999889,7246.76979971608,6146.979099997517,1635.7239000000307,5704.240314278132,13056.010833333134,5338.317514629244,6450.0,10236.80000000123,10413.49999999501,8716.87702857139,1142.8,1191.8833444455558,4530.66666667598,1458.729200000077,2824.749999999938,11180.2092706869,2272.9941999999696,2864.4285714285716,4820.519557142706,1145.0746333333227,16234.886314285623,2023.5555555555557,2134.0,5524.062000002072,1489.3333333333333,10381.750000509826,899.0,2499.5054667030417,4562.801624999995,2211.5943139225374,2408.0394749893203,3242.221166658614,1667.6965200063316,2081.5746333336674,8199.333333333334,5416.66666666687,8108.499999999091,7415.25,3073.499999998907,7533.706214276209,2025.6249999999625,3689.6658857128327,8182.301942854878,5809.6367142812915,5289.166666667745,10792.86889999724,8479.374999729283,7933.666666663274,8009.89494999841,4879.534600220545,1780.2857142880573,1620.3773571433724,5318.499999999442,17277.542219905565,3764.514666671013,10128.331114288323,11951.14313333919,12924.166666673687,8620.637959982856,4121.3920999974725,689.3,3375.728249999982,3394.2500000000323,746.3333333333514,827.3333333333334,755.0,5942.239000004581,3336.4063423337293,14245.134600009924,1258.0690888889599,8286.99422015791,5761.249999997053,7429.5771499999755,2190.6411666757062,16359.600000002221,1058.425366666667,6259.874999997942,0.0,5420.111714282773,7825.666666666649,12216.799999996683,3189.2695333325028,7230.981833332859,15141.833333340106,15364.166666674826,8340.375000003967,7386.364777777777,7319.329142857722
UG,3680.625000002871,2097.7397666799643,9613.624999999845,5309.047933334219,12275.41984002439,7157.742500000013,6237.526099999977,3594.1117146279344,3570.0570281170885,9778.666666662364,8094.987533293968,2920.8333333332857,11229.500000003129,1666.3275333335291,5459.358314563053,4135.41562857549,10896.104111109988,2123.667571418191,9487.935557129187,11652.037866668532,12241.319485722579,11724.874999998283,5528.191975000261,5998.999999997712,1833.0393999906657,6186.527999996985,4644.24666667553,12993.06728576406,3314.4704999999894,5457.240785995112,1064.8333333333333,6739.1458575567485,16448.27150000009,5594.529875000459,6480.333333333333,3516.32304998828,3930.4860714294064,12875.726633333095,5255.9102666681765,6552.834257135723,5489.50000000022,3802.6845000193607,4349.70854444805,7914.14914285814,4906.660533334997,3353.443671428589,11325.33333333351,504.3333333333333,8513.607866667646,10510.401928573327,3802.666666666389,8552.01017478074,3636.0000000018563,5330.897099995794,2723.157771428327,8945.596757143063,5397.218743156121,14369.698814625614,8061.999999996775,2660.0302002959115,2923.4499889451968,2934.5552199905205,6193.674720001453,6429.377828546651,6501.903570994454,14468.087250004693,3636.1111250003455,11564.988742857191,11682.047186526413,14205.87499999994,9897.437299266423,5141.358866665754,5634.166666665404,5606.000000004236,3472.572928571429,4818.999999989714,4865.2231333344635,6159.091642855613,377.5,3192.073071427216,15505.250000010883,6273.666666670524,8304.79929999996,5242.322779819173,8308.300000000629,4295.413333336194,16406.666666663623,4227.863428775902,705.7876999999904,5420.111714282773,0.0,11693.0974999941,9384.874999999942,6252.500000006641,8485.500000000062,15862.503833338027,17187.968166606763,2921.228249999986,1447.2030199956569,1948.049755555565
US,11357.292477778088,10476.833333333874,8385.0,7044.499999999984,15927.337360000256,12634.166666666564,6237.386080025334,8314.978110730808,11417.05416666928,6507.038633328194,6728.701466666697,12488.590500000078,732.3,10104.666666667055,6436.289233332101,8122.7128999997,8052.442000000412,9413.8333333357,11150.666666666666,3490.8333333333335,3225.99999999985,1830.29652,6570.571428571428,6715.333333333333,11565.889560018979,6216.494699999977,6139.912999999711,4490.0,9445.862333333202,6110.213066666801,11563.419566666666,6930.125000000008,12479.221166668902,6169.75,5900.0,8287.874871428565,7910.183285765905,3020.919311111028,7255.666666666444,5421.921499999956,12027.921114285724,9981.130757142846,9640.585159960616,4494.125000004639,6785.930399929377,9500.000000000748,10900.0,12132.500000000007,14303.427439739364,11147.7,10478.29030000057,13787.499999998447,9351.544611113688,6152.250000000154,14399.499999998263,10122.037614285717,6124.752742808467,3030.142857140514,15622.29656666674,13562.499999999667,11981.858928556676,8632.949333333338,6199.333333333333,6131.833333334239,12222.399999998512,14409.366571428125,11395.162271287172,3330.442766666741,5629.333333333333,14466.642150000484,13823.596942857142,11219.513624999776,7187.064566665678,5723.109433333227,11255.867271430152,7862.411685713427,7701.195385712901,7825.0,11722.333333331984,11004.372733331724,13313.166666646373,6630.750000000485,15549.481833333122,6170.750000000004,13850.361259999778,7139.54524004676,11883.749999999704,8417.833333333134,12546.83333334216,7825.666666666649,11693.0974999941,0.0,8382.38608002532,10159.081966667407,13160.965199999875,12759.12500092059,11519.370433332959,13078.605822222356,11966.812944444488,12539.953099999995
UY,13136.26833332632,6743.333333331507,229.57142857142858,11231.472619976976,11655.01970000207,17143.958257154583,11039.166666665267,8111.452833330569,12635.088742857137,1917.9721599995764,2277.5,8025.107349989022,8999.724666666643,7891.476466658688,11133.333333333381,7112.87500065391,1367.129350000003,8089.35639999232,19147.923085714086,4772.114977782687,5525.50902500728,6759.968699999971,11457.826919999403,11670.044928571426,11321.874999999955,11817.833333333334,9745.292300002931,4690.689428536702,11304.91624444241,9927.339624999995,9893.666666665238,12208.779300000806,11826.823470728183,10968.990057142857,11083.147077778018,6626.999999978354,10981.709055555417,6357.194071428949,11795.333333335253,11039.127285884822,16110.249999997177,12427.250250001904,13694.641499999036,10774.555844156406,11101.875000000096,12011.312866661929,18575.666666666668,9490.121740308085,19640.000000000397,19600.11111111111,12432.661571743964,19330.14955555839,11460.83333333327,9177.620114279785,9540.863428778628,19288.297342857255,7615.249999985843,7587.805099998871,15968.589342857267,8059.947033333488,7232.204533314226,7653.624999984971,11267.99999999946,11502.482414288426,18337.488077778253,9689.936499989135,13305.666666667132,5453.948128571412,3292.299999999981,14129.499822231748,19041.056000032524,14248.918485714754,11918.217428572489,9609.56150000225,13304.974499998356,11757.58364444262,11642.833333333998,13922.369020005139,9282.023171428567,11732.698625000616,12511.33333333334,11880.00026000052,16113.40983334225,6555.85277778155,19426.613000088975,10090.926928573092,10954.116333317785,12066.833333335308,9717.546100008843,12216.799999996683,9384.874999999942,8382.38608002532,0.0,15268.83333333266,19973.906014285745,12377.958257132568,11724.62442223354,7304.677500001075,8158.947544443487,8181.997371436113
UZ,2395.3333333343053,8396.936725000092,16232.313856601357,4236.928099999282,11566.999999997875,2967.2389997465107,5116.823266669014,7327.20033332026,2997.451633333221,14937.618811112316,13786.3495,8780.946157142895,9879.333333333176,7558.166666645503,4947.535128571413,8049.134933327704,16617.178785714284,6681.656499042591,3946.3410666764894,14044.029333333274,14344.5846571498,11832.66666667149,4340.403700000789,4315.367622222115,4771.919142865991,4365.666666666562,5333.29196666559,14925.046449569953,3613.7420666667617,5924.950942857184,5010.6666666639185,3722.9999999975435,12844.666666663788,5145.125000002139,5255.766157120266,7197.333333356672,3895.8218999952783,13855.602571430283,3967.2637333318376,5761.396500011175,1579.4367111111094,2020.218928572019,1629.4999999998777,5664.83333333277,4763.666666671952,3139.9999999964657,6023.381671444173,5848.447614293307,4450.500000003336,4871.42390002678,2739.0073333368628,3779.824466676458,3180.5000000081945,6351.805075001758,7647.063499998072,3037.393299996892,8146.272266676242,13497.71833324797,5199.538785714165,8185.2499996221995,8878.1008281875,6483.070072196143,4857.500328520857,4391.17202851118,1885.4999997341151,14209.333333333228,2545.1250000088617,13917.512714283997,16206.598011104787,9152.06499999646,5601.2501666628805,821.5124749998917,3791.999999999988,6479.362071436824,2493.548071171592,3300.6999999999134,4027.905888881748,2798.750000002139,6409.005814279771,3144.150642857152,10516.928428565336,3978.200425253316,5257.00000000001,8747.87499999987,4276.014728572433,5041.867733338194,13719.900000032338,3064.986866665626,6106.433879880583,3189.2695333325028,6252.500000006641,10159.081966667407,15268.83333333266,0.0,4164.010833333314,11968.023633328392,13625.634371419617,8332.617857124727,7330.6250000083965,7536.135622219793
VN,5302.915299999019,10560.980585728435,18468.314285541892,8328.890566666638,7476.100000019445,1606.7225200079813,8407.87500000014,10946.333333333185,5875.645999998755,19369.947285712988,17146.203800660656,9918.028142850388,12666.344899995922,10391.833333325467,8921.85303333575,12234.000000000302,18660.83333332271,10804.874999991142,2330.0,17538.09774999999,16778.698343435986,15689.78818029432,8298.908357142844,8298.279874999964,7362.051099985874,8299.940379962865,9819.010128576267,19279.374999994125,7967.86942855853,10124.547228571126,7426.675966664869,7816.66666666686,8147.517399999717,9190.25,9230.500000000018,11393.641500134754,8008.609900000566,16067.451377777328,8265.97912003775,9223.874214285708,3003.7,6120.900000000327,5505.999999999676,8851.099999997927,8727.5,7102.646311112149,3724.3,8145.568800402941,851.9309750000107,2692.7885749999846,5843.663914287608,482.1108714285978,7171.186000433286,10379.86229999781,8255.750000000953,2948.7335333309975,11780.422471428941,15198.000000005703,2044.07391428572,9412.28997499287,10731.751700004514,10743.750000012658,8290.375,8288.33333333205,2045.5722249159724,9322.78397500012,5120.375000000683,17061.624999999924,19000.666666666668,5196.7312333368045,1750.5714285714287,3177.8139666532065,8246.949333334254,10078.520420030227,5538.395275002984,7376.105933334475,8201.499999997717,6732.2645,9171.937157149367,6213.625000000568,6141.021757142357,8300.206755555588,2204.6809750000043,13070.833333324734,990.3749999978608,9194.215800004276,8722.924166660516,7287.4044666679165,8233.520400001451,7230.981833332859,8485.500000000062,13160.965199999875,19973.906014285745,4164.010833333314,0.0,7289.25738571408,9038.644314269844,10163.845366659607,9430.5442444444,9040.166666667334
VU,13705.597499997637,16294.833333322891,11711.153928561893,15990.5,2801.1217394714035,9994.021575013692,16267.666666666666,18994.966833347124,13718.608856512474,13127.455611133639,14136.851600000355,13800.250000000367,12971.020457146924,16347.615228552924,16249.803939901883,19033.25400001233,11597.299999999783,17024.66666667438,8280.160125003526,14163.666666664438,12815.000000024818,13827.088400046177,15925.833333332901,15733.282242702704,15027.371725004889,15625.923928571454,17212.04453333378,13030.833333342953,16171.337000063439,17290.0,15277.999999999818,14497.053657136486,1074.0,16272.764499999983,16262.48259998225,19180.83333332774,16157.132071427595,12482.95432857481,15809.992666666267,16139.596099614813,11412.028142855876,14442.295800000258,13941.249999514037,15773.92700000237,16387.83680000022,16034.421611401074,6274.169028335318,15938.888166618568,7142.397714839929,7323.833333331373,13971.343029045733,7812.390133341044,16049.403366669321,17917.123700770004,13622.508198193156,8846.117099999803,19268.306224474203,11534.000000017706,7464.333333333332,14327.66579999107,14248.49999997585,18440.88171535226,16207.874999998992,15477.59407777509,10122.032357166347,2631.576399999995,13442.926233347864,12848.83333334311,12608.666666668674,2405.942766666516,6084.00000000185,11954.049985706903,15463.166666670559,17384.999999998192,13730.386358276812,15550.568428571409,15757.66666666293,14034.303257137923,16078.20125000138,14283.836144446426,1205.8494750278444,15240.166666665551,7165.580000005485,19065.15477142809,7520.580025000857,17201.927640000078,1878.7014666666391,15418.967933330794,15001.564533334444,15141.833333340106,15862.503833338027,12759.12500092059,12377.958257132568,11968.023633328392,7289.25738571408,0.0,1889.3568142862798,12440.0,15108.39829999985,14102.898333321677
WS,14563.833333338742,17462.833333328148,10477.320933336623,16224.367111110665,4408.899728571421,10984.828257148405,15765.299999997507,18559.62499998891,14796.375975000261,11703.428286831284,13346.419333356376,16021.156499988478,11560.952979993002,17167.189240046635,16450.83333333276,19174.263957140472,9563.745614284328,19019.743200021116,9443.459714284187,11524.500000026588,9064.482377788503,9741.333333326193,16041.883488668544,15346.500000020187,16106.328671428231,15087.79309999068,16902.574300000164,10291.108700021414,16552.833333333616,16934.54811110928,16766.500000001113,14193.89541428355,1148.8793500000038,16340.46016666658,15455.999999999936,19142.86108571694,16425.134885717067,9260.333333327773,16283.268549999737,15309.40400000543,12746.84691428618,15930.264700016462,15023.576760000662,13499.15955713018,16408.833333337963,16244.250000000067,7603.847199999992,16407.166666666668,8685.749439743971,8173.71578571406,15063.657988897627,9041.477157137822,16451.404860158793,16819.171733327774,15104.428471426285,10100.999999999134,19039.999999993972,9454.450099997262,8727.193799990342,16244.833333349165,15761.416757107017,18660.133199999986,15776.624999999965,14284.877000001026,11020.250000792093,3273.7258333332275,14524.880314286547,9800.954786433558,9885.405333329601,4583.333333338984,7715.287366679013,13798.316922221948,15462.33034367572,17121.087433335662,14780.069227459437,15882.099999992242,16170.957228810774,14190.571975000936,16806.750000019714,15664.833333282248,2938.2499999993197,14416.999999999762,8785.117528085562,18794.000000007767,9546.237833333227,17007.62990000456,882.3304571426698,16130.931900342875,16440.666666649795,15364.166666674826,17187.968166606763,11519.370433332959,11724.62442223354,13625.634371419617,9038.644314269844,1889.3568142862798,0.0,13875.217800011604,16247.567200017287,16017.62499998746
ZA,6287.229699999871,2490.0,8117.100928571433,8515.3333333337,10284.666666667334,8436.278400002477,8888.64500000018,5105.399999999996,6275.049714285715,9230.924055550337,7443.993944444982,258.6666666666667,12845.59712878506,2777.638049999986,8334.86624311941,5118.446957142901,8137.000000000246,3889.375579991476,11715.160866666694,10679.87890000009,11563.044742857222,11981.166666669096,8447.340666666896,8706.752133334445,4826.782571424829,9277.55876000001,7461.333333333331,11178.007599581764,6276.166666666528,8049.818028616464,3984.900571439127,9580.093614286583,13326.247540101987,8695.823666666667,9025.625000000002,4680.48260000001,7429.857142859486,12770.500000000004,8552.411128573036,9658.61682834219,8034.000000000051,6832.60670000419,6819.337249993469,11110.522499994247,7730.111111111111,6398.240785714062,13519.471766666666,2915.5,9888.730133334511,12433.234799999867,6263.5461600499975,9823.848250016197,6621.666666668582,7638.125000004082,2137.3027857119455,11837.626957143124,6840.567485109928,14368.073099999863,8522.864928486013,404.2783999969395,1164.8333333333333,4511.650314285707,9242.199999989267,9644.864928571304,8264.374999998618,11638.453428571309,6284.095125000056,11560.749085714286,11129.166666663783,12464.072128577915,10971.999999984255,7829.000000009768,8693.199999998047,8096.313199999547,6912.106499955031,7902.757714284925,7873.653785714133,9187.5,2907.522371459825,6017.750000000036,13229.617100000018,9566.666666667326,8656.270300000522,6699.142975058782,9053.604066659029,7415.124999999187,13292.87499999844,7427.850733333307,2439.5664571428606,8340.375000003967,2921.228249999986,13078.605822222356,7304.677500001075,8332.617857124727,10163.845366659607,12440.0,13875.217800011604,0.0,965.4999999999787,926.8333333333334
ZM,5382.012366666969,1925.2465999985634,8134.374999849647,7173.107214565854,11057.53796666246,8032.092319996844,7453.515299998015,4270.91032888405,5131.15626666109,8809.114714836453,7761.923085713303,967.7821400230736,12007.430357137244,1816.8000000127815,7318.0062855070655,4848.333333333334,9406.375000003378,2826.875000000558,11044.96258570533,10218.47723332546,12133.099280305303,11720.83174999944,7272.4357000561195,7285.666666666805,3097.9778222235027,7677.681224998811,5474.874999670371,11136.111343312763,4879.362333333349,7186.974499998231,2858.6548749999192,8117.113199429953,15514.833333328595,7577.506566668057,7924.333333333351,4317.351657431467,5531.738299996118,12564.184314284017,6995.380643675805,8136.459714286841,7031.290214284469,5356.991466672702,5501.969985707847,9311.68628001261,5976.799999995774,4849.212642503498,12384.628699995132,1822.806959987343,9276.032750002358,12000.624999999965,5218.747771425545,9434.6096499991,5186.860000006436,6577.374999993925,1968.999999999976,10252.833333333383,6151.454742856519,14234.436542862804,8332.30475675382,1051.296519993646,1433.0,3458.2146143359514,7691.5034999993195,8370.00000000004,7816.845800436325,12607.609333312104,5042.228133328161,11524.250000001106,10817.306070950948,14228.465533341747,10366.049825000033,6741.833333333508,7378.841833332955,7148.395742854076,5114.034655557818,6324.00000000061,6222.438042851011,7617.040711118311,1376.9503857018926,4857.500000000259,14931.890900002796,7942.716257142773,8743.30795001936,6157.999157141072,9202.757875002595,5715.487385720241,15263.833333339115,5581.085033340787,1024.381671413032,7386.364777777777,1447.2030199956569,11966.812944444488,8158.947544443487,7330.6250000083965,9430.5442444444,15108.39829999985,16247.567200017287,965.4999999999787,0.0,395.9
ZW,5461.32173333335,2164.206500000065,8171.315250000083,7262.255966666672,10402.710999998966,8100.5081000029995,7836.119128570759,4862.883499999396,5813.8377289978835,9074.375000002556,7484.175685711925,915.2906857142552,12503.499999999996,2212.666666666671,7560.904466667836,4898.565766666495,9428.162179987276,3199.333333333142,10473.249999997654,10553.345842857185,11680.833333330806,12069.595813700813,7486.851514436885,7899.351000267426,3424.735671427777,8387.124999999418,6537.760666660909,11298.18938570681,5352.999999999942,7426.100000000119,3264.8000000019147,8423.166666667339,14175.333333338785,7900.047850034908,8284.57142857143,4572.833333342554,6006.359266660531,12866.561858153917,7380.292000002281,8384.000000004886,7232.200000001593,5855.217988894368,6060.283433333312,9471.87086666452,6580.937359999928,5427.611857140764,12479.166666679046,1945.2499999978606,9055.963233343275,12213.666666669531,5802.707814428233,9156.899699565736,5542.633428570475,7279.966275754837,1714.352499939584,10652.56485712478,6337.671333336368,14658.697311109354,8374.759214288468,831.6249999978608,1480.8571428594857,4132.365199999959,8189.6894285714025,8889.666666669083,7751.106700002538,12406.836833328927,5417.499999997645,11484.83333333088,10620.415342837594,13111.274550002654,9979.700000002023,6965.8817000007075,7686.908974993123,7416.000000002442,5607.172611117354,6866.54946667358,7095.397611151763,8162.8573000004935,1943.8656600093166,5347.675725002682,14242.938833322009,8490.632300007363,8288.666666666666,6590.0,8908.72159960885,6730.356866664105,14494.86409997946,5991.684499985901,1517.3127285835856,7319.329142857722,1948.049755555565,12539.953099999995,8181.997371436113,7536.135622219793,9040.166666667334,14102.898333321677,16017.62499998746,926.8333333333334,395.9,0.0
