id,place_a_id,place_b_id,true_distance_km,n,mean,median,trimmed_mean,robust,std,variance,min,max,q1,q3,iqr,mad,cv,outliers,missing_samples,mean_ci_low,mean_ci_high,absolute_error_km,signed_error_km,relative_error,log_ratio_error
AO--AR,AO,AR,7779.757280725595,10,7788.0,7782.5,7787.5,7783.786933333131,23.026554718894058,530.2222222222222,7750.0,7830.0,7776.25,7800.75,24.5,8.0,0.00295667112466539,0,0,7774.79,7802.305,8.242719274405317,8.242719274405317,0.001059508539530753,0.0010589476564967987
AO--AU,AO,AU,13288.474497523322,10,12060.35,12004.25,12026.6875,12022.632587493319,222.69237002346233,49591.89166666666,11835.0,12555.0,11888.0,12144.25,256.25,134.75,0.018464834770422277,1,0,11943.39625,12207.2175,1228.1244975233221,-1228.1244975233221,-0.09242027726750858,-0.09697386796056849
AO--BD,AO,BD,9121.283483960526,10,9681.35,9715.5,9685.375,9690.027485086708,160.39881718876717,25727.78055555555,9435.5,9895.0,9572.25,9815.25,243.0,126.0,0.016567815148586424,0,0,9588.043749999999,9772.025,560.0665160394747,560.0665160394747,0.06140216089373091,0.05959082729966517
AO--BR,AO,BR,6675.278533941141,10,6184.6,6181.5,6182.0,6182.47873333336,16.290419815884974,265.37777777777785,6170.0,6220.0,6171.5,6193.0,21.5,11.0,0.002634029656871095,0,0,6175.5,6194.702499999999,490.6785339411408,-490.6785339411408,-0.07350682543750575,-0.07634860018888345
AO--CA,AO,CA,10620.756402433968,10,10886.0,10970.5,10896.375,10919.954700004924,203.45351639461367,41393.333333333336,10557.0,11132.0,10703.5,11025.0,321.5,121.5,0.01868946503716826,0,0,10773.5875,10990.702500000001,265.2435975660319,265.2435975660319,0.024974077882555124,0.0246673223998994
AO--CD,AO,CD,549.1026827702303,10,517.1,515.0,514.875,514.8888888888889,7.355270219373317,54.1,514.0,538.0,515.0,515.0,0.0,0.0,0.014224077005169825,3,0,514.6,521.9,32.00268277023031,-32.00268277023031,-0.05828178184957383,-0.06004918062964916
AO--CL,AO,CL,8913.64308220524,10,8873.36,8848.5,8879.9375,8873.360000054006,544.4582387821658,296434.7737777779,8116.0,9578.1,8396.5,9363.25,966.75,542.0,0.06135874559154208,0,0,8559.141249999999,9194.58625,40.283082205240134,-40.283082205240134,-0.004519261297960124,-0.004529504030673433
AO--CN,AO,CN,11758.580047473492,10,11617.5,11644.0,11626.125,11631.389774999874,77.04147512144928,5935.388888888889,11470.0,11696.0,11585.0,11675.0,90.0,46.5,0.00663150205478367,0,0,11572.2775,11658.702500000001,141.0800474734915,-141.0800474734915,-0.011998051372181174,-0.012070608940850979
AO--CO,AO,CO,9801.95415219586,10,9846.210000000001,9865.0,9840.8875,9845.496260353393,154.14076142712324,23759.374333333322,9632.0,10103.0,9714.25,9913.0,198.75,99.5,0.015654831800979586,0,0,9752.995,9936.5025,44.25584780414101,44.25584780414101,0.0045150025308195,0.004504840483192424
AO--DE,AO,DE,6798.792115651933,10,6510.25,6508.5,6512.1875,6509.750000000078,23.53395891519789,553.8472222222222,6460.0,6545.0,6505.125,6517.75,12.625,7.0,0.0036149086310353503,3,0,6496.74875,6523.1,288.5421156519333,-288.5421156519333,-0.04244020272184261,-0.04336710841190901
AO--DZ,AO,DZ,5158.666122203358,10,4821.0,4821.0,4821.375,4821.3749999999745,7.874007874011811,62.0,4808.0,4831.0,4815.25,4826.75,11.5,6.0,0.0016332727388533108,0,0,4816.4,4825.2,337.6661222033581,-337.6661222033581,-0.06545609159507591,-0.06769666720324878
AO--EG,AO,EG,4715.419795274749,10,5285.7300000000005,5286.0,5286.0375,5286.216666666568,8.019150689304821,64.30677777777798,5272.0,5297.0,5282.75,5289.725,6.975000000000364,4.150000000000091,0.0015171321065027574,1,0,5280.6,5290.2300000000005,570.3102047252514,570.3102047252514,0.12094579687194566,0.11417279044281108
AO--ES,AO,ES,5722.316302190526,10,6217.4,6493.0,6232.625,6467.2534500039,380.438694141382,144733.59999999998,5773.0,6540.0,5776.5,6510.5,734.0,43.5,0.06118935473692894,0,0,5991.6975,6437.715,495.08369780947396,495.08369780947396,0.08651805871338394,0.08297814157335213
AO--ET,AO,ET,3446.282530254973,10,3495.6,3497.5,3495.0,3496.865660000076,11.157458890306918,124.48888888888888,3480.0,3516.0,3486.25,3500.0,13.75,4.5,0.003191858018739821,0,0,3489.0,3502.0025,49.317469745026756,49.317469745026756,0.014310338549456653,0.01420891214039044
AO--FI,AO,FI,7720.979613051022,10,7952.0,7927.5,7929.375,7920.824600005536,254.59335768589443,64817.77777777778,7674.0,8411.0,7732.25,8066.25,334.0,184.0,0.03201626731462455,0,0,7809.705,8100.25,231.02038694897783,231.02038694897783,0.029921123811605017,0.029482220485552168
AO--FJ,AO,FJ,16614.26463120842,10,16859.15,16771.0,16798.9375,16776.166666665507,587.3625631205615,344994.7805555556,16155.0,18045.0,16478.25,17079.0,600.75,333.5,0.03483939363019852,1,0,16535.37875,17236.8175,244.88536879157982,244.88536879157982,0.014739464804935416,0.014631894623291933
AO--FR,AO,FR,6480.8047195500585,10,6500.65,6500.0,6500.5625,6500.5625,0.8834905520465715,0.7805555555555556,6500.0,6502.0,6500.0,6501.375,1.375,0.0,0.0001359080325885214,0,0,6500.15,6501.2,19.84528044994113,19.84528044994113,0.0030621630042447757,0.003057484132324629
AO--GB,AO,GB,6807.150235507682,10,6828.0,6829.5,6828.5,6829.166666666685,2.8674417556808756,8.222222222222221,6822.0,6830.0,6827.25,6830.0,2.75,0.5,0.0004199533912830808,1,0,6826.2,6829.5,20.849764492318172,20.849764492318172,0.0030629211595126758,0.0030582399727992677
AO--GH,AO,GH,2181.7570144061915,10,2407.0,2410.5,2409.375,2409.707075000044,10.83205120618128,117.33333333333331,2380.0,2415.0,2405.0,2414.5,9.5,4.5,0.0045002290013216786,1,0,2399.9,2412.4,225.2429855938085,225.2429855938085,0.10323926271648214,0.09825063670817853
AO--GR,AO,GR,5296.817859625665,10,5799.45,5817.5,5814.9375,5817.176907143188,82.23018167180332,6761.802777777779,5595.0,5880.0,5787.0,5853.375,66.375,35.25,0.014178962086370832,1,0,5743.275000000001,5838.8025,502.632140374335,502.632140374335,0.0948932271591942,0.09065684907045105
AO--IN,AO,IN,8015.072192343541,10,8277.2,8255.5,8274.375,8273.465057133171,167.6496346551343,28106.400000000005,8031.0,8546.0,8170.0,8398.75,228.75,129.0,0.020254389727822727,0,0,8179.1575,8373.914999999999,262.1278076564595,262.1278076564595,0.03270436015621407,0.03218095378005669
AO--IT,AO,IT,5617.9698794223505,10,5685.8,5807.5,5759.75,5795.597899724768,322.4630211357575,103982.4,4850.0,5930.0,5745.0,5819.0,74.0,42.5,0.056713746726187605,2,0,5486.9975,5837.71,67.83012057764972,67.83012057764972,0.012073777900821378,0.01200147127202726
AO--JP,AO,JP,13857.461409152482,10,13843.8,13924.0,13853.375,13880.134066662351,219.38033944119363,48127.73333333334,13560.0,14051.0,13637.25,14041.0,403.75,126.5,0.01584682958733828,0,0,13712.99,13961.8125,13.66140915248252,-13.66140915248252,-0.0009858522242363616,-0.0009863384961615418
AO--KE,AO,KE,2743.2396541926637,10,3136.8,3137.5,3137.375,3138.1666666665824,11.331372379372237,128.40000000000003,3114.0,3155.0,3136.0,3142.5,6.5,4.0,0.003612398743742743,3,0,3129.8,3143.3,393.5603458073365,393.5603458073365,0.14346553543210624,0.13406359448307967
AO--KR,AO,KR,12699.236686021166,10,12464.4,12440.0,12452.0,12443.828814286377,102.4350200533652,10492.933333333332,12350.0,12678.0,12400.0,12500.0,100.0,54.5,0.008218207057970316,1,0,12408.787499999999,12528.0,234.83668602116632,-234.83668602116632,-0.018492189084062475,-0.018665307155730816
AO--MA,AO,MA,5195.819618732341,10,5639.5,5592.5,5630.5,5606.227400000894,110.24543326394775,12154.055555555557,5528.0,5823.0,5561.75,5711.25,149.5,47.0,0.019548795684714557,0,0,5576.6925,5708.715,443.68038126765896,443.68038126765896,0.08539179837345982,0.08194102630155525
AO--MX,AO,MX,12679.078203838877,10,12047.4,11989.0,12043.75,12002.410699998549,187.74225831057737,35247.15555555556,11756.0,12368.0,11943.25,12165.25,222.0,58.5,0.01558363284281898,0,0,11942.797499999999,12162.3575,631.6782038388774,-631.6782038388774,-0.049820514842129654,-0.05110438048777837
AO--MY,AO,MY,9903.39358541899,10,10065.55,10085.5,10076.0625,10081.128300026587,42.979614030633435,1847.2472222222225,9952.0,10095.0,10055.625,10089.75,34.125,7.5,0.004269971738318665,1,0,10037.845000000001,10085.55625,162.1564145810098,162.1564145810098,0.01637382309229401,0.016241217598859433
AO--NG,AO,NG,2080.1823760601865,10,2074.7,1987.5,2016.875,2021.28605517768,328.6085310314793,107983.56666666668,1786.0,2826.0,1820.25,2220.75,400.5,182.5,0.15838845665950707,1,0,1894.2925,2273.1425,5.4823760601866525,-5.4823760601866525,-0.0026355266361645347,-0.0026390057506999365
AO--NL,AO,NL,6826.04260195697,10,6847.2,6849.5,6846.75,6846.500000000038,29.050913162163347,843.9555555555556,6803.0,6895.0,6831.75,6854.75,23.0,14.0,0.00424274348086274,1,0,6829.7,6864.1,21.15739804302939,21.15739804302939,0.003099511573069253,0.003094717989697286
AO--NO,AO,NO,7625.360370993152,10,7713.5,7723.0,7712.0,7706.000000004427,147.67926959010418,21809.16666666667,7465.0,7974.0,7618.75,7754.25,135.5,81.5,0.019145559031581535,1,0,7623.995,7799.805,88.13962900684783,88.13962900684783,0.011558749320508275,0.011492457323590327
AO--NZ,AO,NZ,14143.139009143959,10,13052.84,12964.5,13047.125,13037.052428571567,364.14653704854095,132602.7004444444,12555.0,13596.4,12825.25,13309.5,484.25,295.0,0.027897877936796968,0,0,12837.166000000001,13268.195000000002,1090.2990091439588,-1090.2990091439588,-0.07709031272612453,-0.0802238962071557
AO--PE,AO,PE,9845.778856925126,10,9857.7,9810.0,9849.0,9827.857733333594,163.995291260315,26894.455555555553,9648.0,10137.0,9754.5,9930.25,175.75,82.0,0.01663626315066547,0,0,9771.0,9955.324999999999,11.921143074874635,11.921143074874635,0.0012107872061832652,0.0012100547944908138
AO--PH,AO,PH,12162.128893919244,10,12941.9,13099.5,12963.75,13002.350357116975,425.6494253882335,181177.43333333338,12335.0,13374.0,12532.5,13304.5,772.0,262.5,0.03288925315357355,0,0,12705.779999999999,13176.9875,779.771106080756,779.771106080756,0.0641146885452449,0.06214317509666187
AO--PK,AO,PK,7881.321787923071,10,7732.63,7661.5,7735.575,7715.821570959616,233.41167280151183,54481.00900000001,7354.2,8087.5,7597.5,7870.450000000001,272.9500000000007,135.0,0.03018528919675606,0,0,7604.886,7868.038750000001,148.69178792307048,-148.69178792307048,-0.01886635159992047,-0.01904659179497541
AO--PL,AO,PL,6809.113037552695,10,6912.6,6905.0,6903.125,6903.11021428494,56.54143023777638,3196.9333333333334,6851.0,7050.0,6876.25,6927.0,50.75,27.5,0.008179473749063504,1,0,6885.2925000000005,6948.405,103.48696244730581,103.48696244730581,0.01519830290326634,0.015083965729553641
AO--PT,AO,PT,5753.282352388308,10,5775.0,5775.5,5775.75,5775.66666666673,5.92546294487706,35.111111111111114,5762.0,5782.0,5773.25,5778.0,4.75,2.5,0.0010260541895891013,1,0,5771.1975,5778.3,21.717647611691973,21.717647611691973,0.003774827356191987,0.0037677205743757254
AO--RU,AO,RU,7506.107188793741,10,7297.3,7112.0,7275.875,7216.401456075626,566.9277927763131,321407.1222222223,6550.0,8216.0,6912.5,7547.5,635.0,327.0,0.077690076161911,0,0,6999.585,7623.275,208.80718879374126,-208.80718879374126,-0.027818306286044037,-0.028212564301246416
AO--SA,AO,SA,5193.3979905841725,10,5162.9,5144.5,5148.5,5137.242775002268,120.85661844608354,14606.322222222221,5055.0,5386.0,5067.5,5172.25,104.75,73.5,0.02340866924520784,2,0,5099.075000000001,5238.9275,30.49799058417284,-30.49799058417284,-0.005872453957787725,-0.0058897646195094425
AO--SE,AO,SE,7571.629355004058,10,8060.3,8015.0,8057.875,8037.294699997852,213.04410080752973,45387.78888888889,7685.0,8455.0,7960.5,8143.0,182.5,78.5,0.02643128677686063,2,0,7938.08,8185.1075,488.670644995942,488.670644995942,0.06453969444145884,0.06254249393889234
AO--SG,AO,SG,10108.617908587756,10,10213.6,10156.0,10196.125,10167.470779817018,157.7178916081918,24874.933333333334,10037.0,10530.0,10127.25,10259.75,132.5,51.5,0.015441949127456703,1,0,10132.9875,10312.9075,104.9820914122447,104.9820914122447,0.0103854050436566,0.010331847218678721
AO--SN,AO,SN,4274.775841417532,10,4513.1,4493.5,4503.75,4503.749999967466,242.8147213183107,58958.98888888888,4130.0,4971.0,4350.25,4667.0,316.75,188.5,0.053802202769340515,0,0,4379.587500000001,4658.62,238.32415858246804,238.32415858246804,0.05575126449283919,0.05425261255115061
AO--TH,AO,TH,9957.692589929997,10,10147.17,10120.5,10138.3375,10125.616403333332,75.81711987847251,5748.235666666672,10052.0,10313.0,10112.25,10151.1,38.850000000000364,15.850000000000364,0.007471750239571477,3,0,10107.90825,10191.462,189.47741007000332,189.47741007000332,0.019028244581643122,0.01884947179722134
AO--TR,AO,TR,5765.533175593958,10,5918.68,5886.0,5896.0,5883.144357145587,121.49861270355683,14761.9128888889,5813.0,6205.8,5843.75,5922.25,78.5,42.5,0.020527991495326123,2,0,5855.6849999999995,5999.945,153.14682440604247,153.14682440604247,0.02656247388434557,0.02621581669098569
AO--TZ,AO,TZ,2502.0333905971356,10,2736.5,2727.5,2728.75,2731.471655551927,97.48532653117026,9503.388888888889,2625.0,2910.0,2657.25,2800.0,142.75,86.5,0.03562409155167925,0,0,2685.5924999999997,2790.6124999999997,234.46660940286438,234.46660940286438,0.09371042380329966,0.08957597408376337
AO--UA,AO,UA,6776.4600893004845,10,6783.9,6778.5,6785.5,6785.500000000034,88.80997191256796,7887.21111111111,6611.0,6944.0,6740.25,6831.0,90.75,46.5,0.013091285530825626,0,0,6727.8,6833.6025,7.439910699515167,7.439910699515167,0.0010979051896523703,0.0010973029325235817
AO--US,AO,US,10643.935912153609,10,10497.2,10520.5,10516.75,10516.317042857145,89.37536324712507,7987.9555555555535,10260.0,10578.0,10489.0,10536.5,47.5,30.5,0.008514209812819138,1,0,10439.89,10538.710000000001,146.7359121536083,-146.7359121536083,-0.013785869565980779,-0.013881777132094519
AO--VN,AO,VN,10634.256207680037,10,10655.1,10607.5,10633.375,10600.824685727996,250.0481953544156,62524.09999999999,10368.0,11116.0,10473.75,10698.25,224.5,128.0,0.023467465847755123,2,0,10522.1875,10819.565,20.84379231996354,20.84379231996354,0.001960061137600785,0.0019581427241652056
AO--ZA,AO,ZA,2450.091998989052,10,2489.7,2490.0,2489.625,2489.6666666666665,0.6749485577105528,0.4555555555555555,2489.0,2491.0,2489.0,2490.0,1.0,0.5,0.00027109634000504194,0,0,2489.3,2490.1,39.608001010947646,39.608001010947646,0.0161659239846057,0.016036646830969267
AR--AU,AR,AU,11758.30968994146,10,11804.3,11842.5,11822.875,11830.23123333205,88.33025151856715,7802.2333333333345,11585.0,11875.0,11790.75,11859.5,68.75,25.5,0.007482887720455017,1,0,11748.8725,11848.9025,45.99031005853976,45.99031005853976,0.003911302837845967,0.00390367357998919
AR--BD,AR,BD,16776.827494420908,10,17026.4,17030.0,17027.375,17029.35653333339,7.560129334578579,57.155555555555544,17013.0,17032.0,17025.0,17032.0,7.0,2.0,0.00044402394719838476,2,0,17021.6,17030.4,249.57250557909356,249.57250557909356,0.014876025020945604,0.014766462197200183
AR--BR,AR,BR,2333.5144810867555,10,2340.6,2340.0,2340.125,2340.222222222222,1.5776212754932308,2.4888888888888885,2340.0,2345.0,2340.0,2340.0,0.0,0.0,0.0006740242995356878,2,0,2340.0,2341.6,7.085518913244414,7.085518913244414,0.003036415231477189,0.0030318146332798876
AR--CA,AR,CA,9031.715831568095,10,8980.2,8974.5,8978.625,8975.522433333468,19.78663971247041,391.5111111111111,8958.0,9015.0,8967.0,8995.25,28.25,10.5,0.002203362922036303,0,0,8968.9,8992.0025,51.515831568094654,-51.515831568094654,-0.005703880915742942,-0.005720210167502963
AR--CD,AR,CD,8250.16360355336,10,7875.4,7872.5,7874.625,7872.83333333394,41.85477538133758,1751.8222222222225,7817.0,7940.0,7848.75,7897.75,49.0,28.5,0.0053146221628536435,0,0,7853.195,7900.407499999999,374.76360355335964,-374.76360355335964,-0.045424990528908825,-0.04648905381116715
AR--CL,AR,CL,1139.660312749686,10,966.4,853.0,959.375,853.9343399907473,147.2610682503092,21685.82222222222,851.0,1138.0,852.25,1137.0,284.75,1.5,0.15238107227887954,0,0,880.7,1052.2,173.26031274968602,-173.26031274968602,-0.1520280304678301,-0.16490769853352527
AR--CN,AR,CN,19261.112952664003,10,19263.4,19269.0,19264.25,19268.678266666666,9.335713982098829,87.15555555555558,19250.0,19270.0,19254.0,19270.0,16.0,1.0,0.0004846347987426326,0,0,19257.6,19269.0,2.287047335998068,2.287047335998068,0.00011873910617827234,0.00011873205724863827
AR--CO,AR,CO,4640.374060415398,10,4661.5,4660.0,4660.875,4660.428571426229,2.798809270624444,7.833333333333332,4660.0,4668.0,4660.0,4661.5,1.5,0.0,0.0006004095828862907,2,0,4660.2,4663.3,21.125939584601838,21.125939584601838,0.004552637203284142,0.004542305296944569
AR--DE,AR,DE,11887.678205229642,10,11916.0,11925.0,11916.875,11924.333333333334,11.972189997378647,143.33333333333334,11900.0,11925.0,11902.5,11925.0,22.5,0.0,0.0010047155083399335,0,0,11907.9875,11922.5,28.321794770357883,28.321794770357883,0.002382449649242568,0.0023796161156853265
AR--DZ,AR,DZ,10143.842601055805,10,9827.9,9830.5,9834.625,9832.833333332746,80.99993141286534,6560.988888888889,9650.0,9952.0,9826.25,9844.25,18.0,11.5,0.008241835123766557,4,0,9773.4825,9873.0,315.9426010558054,-315.9426010558054,-0.031146244424467024,-0.03164160152006429
AR--EG,AR,EG,11806.270501311932,10,11803.75,11801.0,11802.8125,11801.24999999998,5.959353059593708,35.513888888888886,11800.0,11815.0,11801.0,11801.875,0.875,0.75,0.0005048694744969783,2,0,11800.85,11807.901249999999,2.520501311932094,-2.520501311932094,-0.00021348835872022511,-0.00021351115060383975
AR--ES,AR,ES,10020.91071488952,10,10042.0,10045.0,10041.25,10044.258699999995,12.292725943057183,151.11111111111111,10025.0,10065.0,10033.75,10045.0,11.25,2.5,0.0012241312430847624,1,0,10034.5,10049.0,21.089285110479977,21.089285110479977,0.002104527792982385,0.0021023163764813954
AR--ET,AR,ET,11225.784843590129,10,10608.1,10573.0,10576.375,10552.239185704999,329.99072377534765,108893.87777777779,10235.0,11235.0,10363.75,10713.75,350.0,205.5,0.03110742958450124,0,0,10416.975,10814.737500000001,617.6848435901284,-617.6848435901284,-0.05502375577265972,-0.056595490188135665
AR--FI,AR,FI,12925.656160584465,10,12630.8,12630.0,12630.625,12630.0,9.964381008817803,99.28888888888889,12615.0,12648.0,12627.0,12632.5,5.5,3.5,0.0007888954784192453,3,0,12625.0975,12636.6,294.8561605844661,-294.8561605844661,-0.022811697674861676,-0.023075910274847563
AR--FJ,AR,FJ,11642.45746949547,10,11270.9,11333.5,11291.75,11305.814025011268,282.5095671929635,79811.65555555557,10825.0,11550.0,11118.0,11515.0,397.0,201.5,0.02506539559333891,0,0,11096.185000000001,11428.335,371.5574694954703,-371.5574694954703,-0.031914007027209854,-0.03243435993552621
AR--FR,AR,FR,11025.630755006467,10,11073.7,11082.0,11079.625,11079.624999985701,22.87672276451425,523.3444444444444,11010.0,11090.0,11075.0,11082.0,7.0,4.5,0.002065860802127044,1,0,11059.1,11082.9025,48.069244993534085,48.069244993534085,0.0043597727931988855,0.004350296516752774
AR--GB,AR,GB,11102.268069921352,10,11127.4,11130.0,11128.625,11130.666666666652,15.600569790164004,243.37777777777774,11100.0,11145.0,11130.0,11132.0,2.0,2.0,0.001401995955044665,4,0,11116.9,11136.005,25.1319300786472,25.1319300786472,0.002263675306736242,0.0022611170537643658
AR--GH,AR,GH,7539.559525025004,10,8063.0,7822.5,7984.5,7829.7165666696765,542.2088568480272,293990.4444444444,7620.0,9134.0,7793.5,7948.5,155.0,34.5,0.06724654059878794,2,0,7789.69,8441.949999999999,523.4404749749956,523.4404749749956,0.06942586940757121,0.06712193382114026
AR--GR,AR,GR,11672.738469495696,10,11146.9,11141.5,11145.5,11143.790357203812,20.728134396408077,429.6555555555556,11124.0,11181.0,11130.0,11158.75,28.75,12.5,0.0018595425092544184,0,0,11134.7,11159.202500000001,525.8384694956967,-525.8384694956967,-0.045048423801309995,-0.04609464533808669
AR--IN,AR,IN,15794.7526620095,10,15970.1,15965.0,15969.375,15969.023542935016,22.303213520327812,497.43333333333334,15948.0,15998.0,15950.0,15990.75,40.75,16.0,0.0013965606677683803,0,0,15957.595000000001,15982.702500000001,175.34733799050082,175.34733799050082,0.01110161974313513,0.011040449075297122
AR--IT,AR,IT,11131.20670997276,10,11148.2,11150.0,11148.75,11149.57142857143,3.011090610836324,9.066666666666666,11142.0,11150.0,11146.25,11150.0,3.75,0.0,0.00027009657261587735,0,0,11146.595000000001,11149.5,16.993290027241528,16.993290027241528,0.0015266350243964802,0.0015254709017906373
AR--JP,AR,JP,18370.21725262342,10,18360.0,18375.0,18365.625,18374.75,31.622776601683793,1000.0,18300.0,18375.0,18375.0,18375.0,0.0,0.0,0.0017223734532507513,2,0,18337.5,18375.0,10.21725262342079,-10.21725262342079,-0.0005561857262173468,-0.0005563404548728923
AR--KE,AR,KE,10410.808770079677,10,9895.5,10026.0,9924.0,9929.83022856894,464.5660460161839,215821.61111111112,9113.0,10450.0,9516.75,10260.0,743.25,334.0,0.046947202871626896,0,0,9606.717499999999,10144.09,515.3087700796768,-515.3087700796768,-0.04949747723353226,-0.05076446291044452
AR--KR,AR,KR,19431.621304450513,10,19431.7,19430.0,19430.0,19430.11111111111,5.375872022286245,28.900000000000002,19430.0,19447.0,19430.0,19430.0,0.0,0.0,0.000276654745713769,1,0,19430.0,19435.1,0.07869554948774748,0.07869554948774748,4.049870479398622e-06,4.049862278713431e-06
AR--MA,AR,MA,9305.417619305188,10,9436.8,9439.5,9440.875,9440.410842781837,56.24312303641121,3163.2888888888897,9310.0,9531.0,9418.75,9457.5,38.75,21.5,0.005959978280392846,2,0,9404.395,9466.605,131.38238069481122,131.38238069481122,0.014118912881700543,0.014020169379764774
AR--MX,AR,MX,7372.308131811268,10,7385.5,7382.5,7385.0,7385.124388888902,9.846036991827953,96.94444444444444,7375.0,7400.0,7376.25,7395.0,18.75,7.5,0.0013331578081142716,0,0,7380.0,7391.0125,13.19186818873186,13.19186818873186,0.0017893810124144677,0.001787781977448455
AR--MY,AR,MY,15967.59980860726,10,15904.4,15908.5,15904.0,15903.999999999924,33.052819681365904,1092.4888888888893,15852.0,15960.0,15877.75,15923.0,45.25,24.5,0.002078218586137541,0,0,15886.1,15923.3,63.19980860725991,-63.19980860725991,-0.003958003041458514,-0.003965856665458073
AR--NG,AR,NG,8446.362395848217,10,8138.8,8131.5,8142.875,8142.87500000194,133.63199882928905,17857.511111111107,7925.0,8320.0,8051.75,8256.25,204.5,110.0,0.01641912798315342,0,0,8063.135,8220.5,307.5623958482165,-307.5623958482165,-0.03641359219909838,-0.03709311398546663
AR--NL,AR,NL,11420.79314209203,10,11440.6,11441.0,11441.375,11441.333333333334,2.7162065049951156,7.377777777777781,11433.0,11442.0,11441.0,11442.0,1.0,0.5,0.00023741818654573322,1,0,11438.8,11441.7,19.80685790796997,19.80685790796997,0.001734280418316184,0.001732778290521349
AR--NO,AR,NO,12224.016263540156,10,11887.6,11949.5,11907.625,11941.276866667153,127.53230527552182,16264.48888888889,11630.0,11985.0,11893.5,11959.25,65.75,19.0,0.010728179386547479,2,0,11803.895,11953.4025,336.41626354015534,-336.41626354015534,-0.02752092735213091,-0.027906722849230688
AR--NZ,AR,NZ,10003.231625456845,10,10321.1,10321.0,10321.75,10321.406288888898,10.049322807477571,100.9888888888889,10305.0,10332.0,10313.0,10331.5,18.5,9.0,0.0009736678074505208,0,0,10315.0,10326.8025,317.86837454315537,317.86837454315537,0.031776568457559676,0.03128214018652233
AR--PE,AR,PE,3130.6695211171427,10,3139.6,3140.0,3139.625,3139.7034800000033,1.776388345929897,3.1555555555555554,3137.0,3142.0,3138.5,3140.0,1.5,1.0,0.0005658008491304297,0,0,3138.5,3140.7,8.930478882857187,8.930478882857187,0.002852577962195911,0.0028485170824983745
AR--PH,AR,PH,17788.20333536327,10,18044.5,17620.0,17882.75,17735.813349990465,783.3743606277199,613675.3888888889,17436.0,19947.0,17585.25,18383.0,797.75,179.5,0.04341347006720717,1,0,17631.0925,18540.609999999997,256.2966646367313,256.2966646367313,0.01440823785318492,0.01430542557990136
AR--PK,AR,PK,15601.725953155386,10,15402.9,15425.0,15425.25,15435.833333337592,350.02204692466637,122515.43333333335,14747.0,15880.0,15258.75,15627.5,368.75,205.0,0.02272442507090654,0,0,15209.8675,15603.94,198.82595315538674,-198.82595315538674,-0.01274384345375423,-0.012825742778863123
AR--PL,AR,PL,12308.20746555706,10,12295.5,12313.0,12301.375,12310.722071343249,48.926816096424396,2393.8333333333335,12204.0,12340.0,12295.0,12328.75,33.75,17.5,0.003979245748153747,2,0,12263.9875,12321.105,12.70746555705955,-12.70746555705955,-0.001032438362175789,-0.0010329716937812665
AR--PT,AR,PT,9574.20669056964,10,9584.9,9583.5,9584.5,9584.172275000004,5.3218626647276635,28.322222222222226,9580.0,9593.0,9580.0,9588.0,8.0,3.5,0.0005552340311038888,0,0,9581.797499999999,9588.1,10.693309430360387,10.693309430360387,0.0011168872550968672,0.0011162640005534148
AR--RU,AR,RU,13459.503231297233,10,13476.0,13476.0,13476.0,13476.0,0.0,0.0,13476.0,13476.0,13476.0,13476.0,0.0,0.0,0.0,0,0,13476.0,13476.0,16.49676870276744,16.49676870276744,0.0012256595521599703,0.0012249090446729816
AR--SA,AR,SA,12854.981363911493,10,12314.2,12191.0,12192.875,12192.87500001107,495.8538763251394,245871.06666666665,11910.0,13689.0,12115.75,12261.25,145.5,77.0,0.04026683636169133,1,0,12112.5725,12650.9075,540.781363911492,-540.781363911492,-0.0420678450324057,-0.04297832296836735
AR--SE,AR,SE,12541.33572639846,10,12495.2,12477.5,12494.0,12495.200000006871,254.69886358425535,64871.51111111112,12185.0,12815.0,12291.5,12756.25,464.75,244.0,0.020383736441533976,0,0,12349.095000000001,12639.2075,46.135726398459155,-46.135726398459155,-0.003678693195442278,-0.0036854762274942184
AR--SG,AR,SG,15887.309757265864,10,15909.3,15888.0,15906.625,15889.849966666357,45.53155194172742,2073.1222222222223,15865.0,15975.0,15881.5,15953.0,71.5,11.5,0.0028619456507657424,0,0,15883.9,15938.8,21.99024273413488,21.99024273413488,0.001384138854854134,0.001383181817682455
AR--SN,AR,SN,6965.255742849274,10,6552.8,6560.5,6569.875,6564.223099998334,191.2205242354724,36565.288888888885,6215.0,6754.0,6432.25,6727.0,294.75,158.5,0.029181498631954645,0,0,6429.085,6661.6175,412.4557428492735,-412.4557428492735,-0.059216166365852696,-0.06104188562258832
AR--TH,AR,TH,16880.505738924476,10,17194.6,17249.5,17203.25,17229.31831999978,97.76184213576265,9557.377777777778,17035.0,17285.0,17125.75,17257.5,131.75,34.0,0.005685613049199322,0,0,17133.1725,17249.602499999997,314.0942610755228,314.0942610755228,0.01860692244256984,0.018435931481568944
AR--TR,AR,TR,12466.927062320188,10,11980.4,11920.5,11976.5,11961.051533327538,174.37392771474373,30406.26666666667,11802.0,12190.0,11821.5,12162.25,340.75,110.5,0.014554933701274059,0,0,11886.667500000001,12087.332499999999,486.52706232018863,-486.52706232018863,-0.03902541980779362,-0.03980732177458594
AR--TZ,AR,TZ,10004.640819282862,10,9776.41,9788.25,9770.1375,9771.403136441757,217.66047183629829,47376.081,9438.0,10165.0,9618.9,9881.0,262.10000000000036,149.25,0.02226384448241208,0,0,9649.40775,9915.127250000001,228.23081928286229,-228.23081928286229,-0.022812495061589028,-0.023076726276278145
AR--UA,AR,UA,12807.053139985803,10,12818.7,12818.0,12818.5,12818.142857142857,2.496664441476534,6.233333333333333,12815.0,12824.0,12818.0,12818.0,0.0,0.0,0.00019476736654079851,3,0,12817.4,12820.3025,11.646860014197955,11.646860014197955,0.0009094098296378949,0.000908996567049771
AR--US,AR,US,8360.953336333787,10,8381.6,8380.0,8381.875,8381.030859980448,9.477458637325844,89.82222222222225,8366.0,8395.0,8377.75,8389.0,11.25,5.5,0.0011307457570542431,0,0,8375.8,8387.4025,20.6466636662135,20.6466636662135,0.002469415009947526,0.002466371014930003
AR--VN,AR,VN,17861.954046251605,10,17453.1,17535.0,17468.875,17529.34066666709,131.22283845936778,17219.43333333333,17230.0,17550.0,17364.5,17548.75,184.25,15.0,0.007518597753944445,0,0,17373.2875,17522.609999999997,408.85404625160663,-408.85404625160663,-0.022889659507180634,-0.02315569524798538
AR--ZA,AR,ZA,8148.626185145644,10,8122.1,8115.5,8118.75,8115.844780009498,14.517805160101393,210.76666666666662,8112.0,8159.0,8115.0,8126.5,11.5,1.5,0.001787444769222417,1,0,8115.6,8132.402499999999,26.526185145643467,-26.526185145643467,-0.003255295376538291,-0.0032606053774115592
AU--BD,AU,BD,8995.963141163435,10,8930.1,8927.5,8942.75,8939.057029011183,145.62543276044426,21206.76666666667,8635.0,9124.0,8847.75,9015.75,168.0,92.0,0.016307256666828394,0,0,8839.8825,9011.9025,65.8631411634342,-65.8631411634342,-0.007321410740564263,-0.007348343807396726
AU--BR,AU,BR,14075.358195321549,10,13969.9,13974.0,13960.5,13963.751713650241,179.38069387014127,32177.433333333338,13735.0,14280.0,13816.0,14091.0,275.0,130.0,0.012840513809700948,0,0,13869.5975,14079.807499999999,105.45819532154928,-105.45819532154928,-0.00749239869125335,-0.007520607700752793
AU--CA,AU,CA,16104.729525959248,10,16252.1,16255.0,16254.0,16254.666666666648,33.51765703824379,1123.4333333333334,16174.0,16315.0,16252.75,16255.0,2.25,0.0,0.0020623585283282646,2,0,16230.1975,16271.505,147.37047404075201,147.37047404075201,0.009150757471785243,0.00910914296747018
AU--CD,AU,CD,13504.360503430844,10,12698.4,12669.0,12706.75,12699.833333345245,142.10575091967405,20194.044444444444,12435.0,12895.0,12648.25,12798.5,150.25,85.0,0.011190839075763407,0,0,12614.8975,12777.9075,805.9605034308443,-805.9605034308443,-0.05968150089195903,-0.061536632269273715
AU--CL,AU,CL,11345.088282272682,10,11343.6,11340.0,11343.0,11340.42857142857,5.796550698475776,33.6,11340.0,11352.0,11340.0,11349.0,9.0,0.0,0.0005109974521735406,0,0,11341.2,11347.2,1.4882822726813174,-1.4882822726813174,-0.00013118296091241876,-0.00013119156614961142
AU--CN,AU,CN,8980.130816239809,10,8966.0,8966.0,8966.125,8966.125000000002,2.160246899469287,4.666666666666668,8962.0,8969.0,8965.0,8967.75,2.75,1.5,0.0002409376421446896,0,0,8964.7,8967.2,14.130816239809064,-14.130816239809064,-0.0015735646316259308,-0.0015748039847563627
AU--CO,AU,CO,14436.399681031653,10,14220.6,14316.0,14309.375,14309.63108559726,322.4921015397983,104001.15555555557,13310.0,14421.0,14292.0,14325.0,33.0,24.0,0.022677812577514188,2,0,14008.8125,14342.414999999999,215.79968103165265,-215.79968103165265,-0.014948303302740867,-0.015061155230674594
AU--DE,AU,DE,16060.205223180863,10,16095.6,16094.0,16094.0,16094.111111111111,5.059644256269407,25.6,16094.0,16110.0,16094.0,16094.0,0.0,0.0,0.0003143495275894907,1,0,16094.0,16098.8,35.394776819137405,35.394776819137405,0.002203880730493378,0.002201455747618028
AU--DZ,AU,DZ,16979.37379367375,10,17331.7,17335.5,17333.25,17331.700000002147,117.68134941442506,13848.900000000001,17173.0,17478.0,17222.75,17434.5,211.75,112.0,0.006789948442127723,0,0,17260.295,17400.71,352.32620632625185,352.32620632625185,0.020750247365278165,0.020537893554308427
AU--EG,AU,EG,14263.93286552806,10,14403.7,14406.5,14403.875,14403.699999999993,13.140691678057811,172.6777777777778,14385.0,14421.0,14392.0,14415.5,23.5,13.0,0.0009123136192823935,0,0,14396.3975,14411.7,139.76713447194015,139.76713447194015,0.009798639392766512,0.009750944039083342
AU--ES,AU,ES,17574.421466877073,10,17613.7,17629.0,17617.375,17627.47261997687,32.00017361064017,1024.0111111111114,17558.0,17640.0,17602.5,17630.75,28.25,6.5,0.0018167774863112331,2,0,17593.4,17629.6,39.27853312292791,39.27853312292791,0.002234982994857446,0.002232489135494644
AU--ET,AU,ET,12442.084906893078,10,12143.85,12160.25,12161.3125,12197.724607137221,322.5354459418203,104029.11388888888,11562.0,12586.0,12128.5,12352.0,223.5,183.75,0.02655957097146459,2,0,11945.89625,12318.855,298.234906893078,-298.234906893078,-0.02396984983825757,-0.024261801487016618
AU--FI,AU,FI,15202.304817605685,10,15194.3,15192.0,15195.25,15196.67866,31.358323367878654,983.3444444444444,15147.0,15234.0,15187.75,15219.0,31.25,20.5,0.0020638215230631657,0,0,15176.9,15211.7,8.004817605686185,-8.004817605686185,-0.0005265528945595053,-0.000526691572217765
AU--FJ,AU,FJ,3459.5502950524574,10,3410.9,3428.0,3418.5,3426.5273428956752,43.041194737651566,1852.5444444444447,3318.0,3443.0,3416.5,3435.5,19.0,11.0,0.012618720788546004,2,0,3383.1949999999997,3432.3,48.650295052457295,-48.650295052457295,-0.01406260666943696,-0.014162422003381287
AU--FR,AU,FR,16917.63537856836,10,16939.6,16960.0,16941.25,16959.110439999997,26.82950283218499,719.8222222222223,16904.0,16962.0,16910.0,16960.0,50.0,1.0,0.0015838333155555617,0,0,16924.395,16955.2,21.96462143163808,21.96462143163808,0.0012983269198166638,0.0012974848222210582
AU--GB,AU,GB,16976.59127449891,10,16953.7,16960.0,16954.25,16953.856788888956,32.78905643994993,1075.122222222222,16913.0,16990.0,16922.0,16983.0,61.0,26.5,0.001934035428251646,0,0,16934.4,16972.0025,22.891274498910207,-22.891274498910207,-0.00134840228693589,-0.001349312199343555
AU--GH,AU,GH,15466.274445812925,10,15809.7,15992.5,15863.25,15884.85216663524,472.970295050334,223700.90000000002,14811.0,16380.0,15491.0,16133.25,642.25,247.5,0.029916462364898384,0,0,15524.0925,16071.904999999999,343.42555418707525,343.42555418707525,0.02220480151120352,0.021961864573649112
AU--GR,AU,GR,15201.661293550262,10,15332.8,15311.0,15326.875,15314.050666667104,55.47131390788096,3077.066666666668,15280.0,15433.0,15295.5,15352.5,57.0,20.0,0.003617820222521716,0,0,15301.69,15371.505,131.13870644973758,131.13870644973758,0.008626603626892866,0.008589607099155344
AU--IN,AU,IN,10338.502325503718,10,10095.6,10193.0,10097.75,10192.272600002367,254.14527778855586,64589.822222222225,9737.0,10437.0,9856.25,10237.0,380.75,47.0,0.025173865623494975,0,0,9945.789999999999,10235.96,242.9023255037173,-242.9023255037173,-0.023494923912190782,-0.023775330432309828
AU--IT,AU,IT,16216.420011411574,10,16314.9,16315.0,16315.0,16314.9,0.31622776601683794,0.1,16314.0,16315.0,16315.0,16315.0,0.0,0.0,1.9382758461090044e-05,1,0,16314.7,16315.0,98.47998858842584,98.47998858842584,0.006072856309785082,0.006054490834327522
AU--JP,AU,JP,7916.886601720884,10,7971.7,7973.0,7970.875,7971.009942837631,9.933668898135158,98.67777777777776,7956.0,7994.0,7966.25,7974.75,8.5,4.0,0.0012461167502709784,1,0,7966.3,7978.0,54.81339827911597,54.81339827911597,0.006923605330812905,0.006899747234814549
AU--KE,AU,KE,11938.438068840167,10,12101.2,12154.0,12131.875,12152.433542857147,120.36776977247688,14488.399999999998,11794.0,12163.0,12150.0,12154.0,4.0,2.0,0.009946763112127464,3,0,12027.1625,12155.0,162.7619311598337,162.7619311598337,0.01363343598394578,0.01354133683662691
AU--KR,AU,KR,8383.398878278069,10,8339.0,8339.5,8339.375,8339.333333333332,4.08248290463863,16.666666666666668,8330.0,8345.0,8338.0,8340.75,2.75,1.5,0.0004895650443264936,2,0,8336.6,8341.2,44.39887827806888,-44.39887827806888,-0.005296047453152832,-0.005310121224699458
AU--MA,AU,MA,17823.98557196807,10,17885.4,17886.0,17876.5,17876.500000000207,129.20801488727824,16694.711111111115,17724.0,18118.0,17771.25,17970.0,198.75,100.0,0.007224217232339128,0,0,17813.09,17966.015,61.41442803193058,61.41442803193058,0.003445605798094763,0.0034396832989359613
AU--MX,AU,MX,13179.187255642872,10,13870.5,13970.0,13954.125,13955.673014156722,341.467177534435,116599.83333333334,12918.0,14154.0,13928.25,13970.0,41.75,26.5,0.02461823132074799,2,0,13643.3675,14010.82,691.3127443571284,691.3127443571284,0.05245488442856233,0.051125420504652984
AU--MY,AU,MY,6520.550088731684,10,6261.2,6150.5,6259.375,6225.944180397778,210.57002002501054,44339.73333333334,6006.0,6531.0,6124.75,6495.5,370.75,115.5,0.03363093656567599,0,0,6136.795,6397.1,259.3500887316841,-259.3500887316841,-0.039774265238737,-0.040586881785104785
AU--NG,AU,NG,15163.69563184826,10,14988.6,14991.5,14996.375,14988.49422908015,202.5516120783924,41027.15555555555,14645.0,15270.0,14856.0,15122.25,266.25,146.0,0.013513711225757735,0,0,14870.785,15106.3025,175.09563184826038,-175.09563184826038,-0.011547028910321017,-0.01161421353796117
AU--NL,AU,NL,16620.528265072542,10,16603.9,16592.0,16602.125,16599.96022857157,27.464927129381255,754.3222222222225,16568.0,16654.0,16585.5,16617.5,32.0,16.0,0.0016541250627491887,0,0,16588.8,16621.4025,16.62826507254067,-16.62826507254067,-0.0010004654970855763,-0.0010009662967406883
AU--NO,AU,NO,15966.082912956443,10,16044.3,16078.5,16050.5,16078.006566666912,71.45169308312046,5105.344444444444,15935.0,16104.0,15977.5,16094.0,116.5,15.5,0.004453400465157125,0,0,16000.4825,16084.3125,78.2170870435566,78.2170870435566,0.004898952828316055,0.004886992006670362
AU--NZ,AU,NZ,2331.7654440152487,10,2326.7,2326.0,2326.625,2326.5714285714284,0.9486832980505138,0.8999999999999999,2326.0,2328.0,2326.0,2327.75,1.75,0.0,0.00040773769632978634,0,0,2326.2,2327.3,5.065444015248886,-5.065444015248886,-0.0021723643037295823,-0.0021747273098907034
AU--PE,AU,PE,12870.966935523227,10,12786.1,12787.5,12786.75,12786.749999999998,26.180781755580433,685.4333333333333,12745.0,12822.0,12763.75,12803.0,39.25,21.5,0.002047597137170868,0,0,12770.085000000001,12802.01,84.86693552322686,-84.86693552322686,-0.006593672095372908,-0.006615506382902413
AU--PH,AU,PH,6269.920053818219,10,5722.8,5645.5,5700.75,5656.228166669716,154.76993678790893,23953.733333333326,5595.0,6027.0,5623.75,5773.75,150.0,32.5,0.027044442718233894,1,0,5637.3925,5816.3475,547.1200538182184,-547.1200538182184,-0.08726108931565028,-0.09130540786629193
AU--PK,AU,PK,10988.77817833369,10,10947.85,11035.0,10986.625,10991.107775026336,438.26945352019334,192080.1138888889,10143.5,11442.0,10718.25,11311.75,593.5,326.5,0.040032467883666045,0,0,10707.695000000002,11188.4525,40.928178333690084,-40.928178333690084,-0.003724543135686112,-0.0037314965172869164
AU--PL,AU,PL,15552.021357649579,10,15614.4,15618.5,15612.75,15613.41351111108,17.32820436937038,300.2666666666667,15595.0,15647.0,15598.5,15620.0,21.5,16.0,0.0011097579394258109,0,0,15604.6975,15625.2075,62.378642350420705,62.378642350420705,0.004010966865071755,0.004002944382262363
AU--PT,AU,PT,18058.241733092265,10,18020.5,18030.0,18023.75,18023.750000000146,71.57785194380234,5123.388888888889,17895.0,18120.0,17970.0,18063.75,93.75,55.0,0.003972023636625085,0,0,17982.197500000002,18063.02,37.74173309226535,-37.74173309226535,-0.002090000435817763,-0.002092187534618249
AU--RU,AU,RU,14468.762247285287,10,14471.7,14470.0,14471.25,14471.191914300347,4.547282460742656,20.67777777777778,14467.0,14480.0,14467.75,14475.5,7.75,3.0,0.00031421895566814234,0,0,14469.0975,14474.6,2.937752714713497,2.937752714713497,0.0002030410524759777,0.00020302044243128607
AU--SA,AU,SA,12623.318465753277,10,13089.2,13094.5,13092.25,13092.250000000708,92.37219398835465,8532.622222222224,12903.0,13251.0,13042.0,13136.25,94.25,53.5,0.007057130610606809,0,0,13032.869999999999,13142.02,465.8815342467242,465.8815342467242,0.03690642326030578,0.03624168723964279
AU--SE,AU,SE,15597.07886628645,10,15600.0,15595.0,15598.5,15595.666666666666,8.615231988880057,74.22222222222221,15595.0,15617.0,15595.0,15599.5,4.5,0.0,0.0005522584608256447,2,0,15595.5975,15606.0,2.9211337135493523,2.9211337135493523,0.00018728723106372627,0.00018726969499978632
AU--SG,AU,SG,6204.591664762586,10,5955.83,6008.15,5962.0375,5978.459439005753,178.816106967776,31975.200111111106,5714.0,6148.0,5769.5,6108.25,338.75,124.35000000000036,0.030023709032624503,0,0,5853.61925,6058.040000000001,248.7616647625864,-248.7616647625864,-0.04009315652073698,-0.04091903727118492
AU--SN,AU,SN,17367.8662451382,10,17466.8,17597.5,17509.75,17571.304571418546,494.8655934246748,244891.95555555553,16450.0,18140.0,17401.5,17721.25,319.75,180.0,0.028331783350394737,2,0,17143.9075,17733.129999999997,98.93375486179866,98.93375486179866,0.0056963678476907465,0.005680204895394996
AU--TH,AU,TH,7462.848367041455,10,7356.2,7387.5,7375.0,7379.601071428865,92.86286185074802,8623.511111111111,7130.0,7432.0,7331.25,7416.5,85.25,37.5,0.01262375436376771,1,0,7298.0,7403.902499999999,106.64836704145546,-106.64836704145546,-0.01429057134705455,-0.014393664917773179
AU--TR,AU,TR,14491.126052008547,10,14616.8,14632.0,14619.375,14619.166666666655,148.1904180438128,21960.399999999998,14385.0,14828.0,14549.0,14673.75,124.75,79.0,0.010138362572095999,0,0,14530.695000000002,14705.4075,125.67394799145222,125.67394799145222,0.008672476351417366,0.008635086448239168
AU--TZ,AU,TZ,11694.349880853746,10,11205.0,11404.5,11232.5,11311.383600651907,397.469775231051,157982.22222222222,10587.0,11603.0,10829.75,11534.25,704.5,190.0,0.035472536834542705,0,0,10969.815,11427.0225,489.3498808537461,-489.3498808537461,-0.04184498376048426,-0.04274570174290822
AU--UA,AU,UA,14887.737081531282,10,14918.8,14916.0,14916.625,14916.063971428575,7.69992784958982,59.288888888888906,14915.0,14940.0,14915.0,14919.0,4.0,1.0,0.0005161224662566574,1,0,14915.5,14924.1,31.062918468716816,31.062918468716816,0.002086476829796475,0.002084303160031868
AU--US,AU,US,15945.723803950415,10,16153.2,16082.5,16156.75,16147.654620725001,171.9927647057024,29581.511111111107,15923.0,16355.0,16020.75,16342.5,321.75,114.5,0.010647597052330336,0,0,16054.145,16257.822499999998,207.47619604958527,207.47619604958527,0.013011400335316534,0.012927479236109178
AU--VN,AU,VN,7727.631084944442,10,7737.3,7726.0,7735.125,7726.32173333331,16.60020080199835,275.5666666666667,7725.0,7767.0,7725.0,7749.0,24.0,1.0,0.0021454772080697856,0,0,7728.4925,7747.3,9.6689150555585,9.6689150555585,0.0012512133342385114,0.0012504312191619518
AU--ZA,AU,ZA,10839.833274898414,10,10267.8,10257.5,10265.0,10262.447800000098,21.36872065010496,456.6222222222222,10245.0,10313.0,10255.0,10277.75,22.75,9.0,0.0020811391583498862,1,0,10257.0,10281.5,572.0332748984147,-572.0332748984147,-0.05277140896835201,-0.05421483051946762
BD--BR,BD,BR,15592.505750516311,10,16216.95,16191.0,16200.1875,16194.499999997148,301.31770331882814,90792.35833333334,15783.0,16785.0,16024.75,16358.0,333.25,203.5,0.018580417607431,0,0,16065.297499999999,16388.8125,624.4442494836894,624.4442494836894,0.04004771647834809,0.039266593329950805
BD--CA,BD,CA,12219.959997048985,10,12476.5,12472.5,12475.25,12474.017071428563,17.354154161660162,301.16666666666674,12450.0,12513.0,12467.75,12480.0,12.25,7.5,0.0013909473138829127,1,0,12466.5,12486.404999999999,256.5400029510147,256.5400029510147,0.020993522320283117,0.0207761947160587
BD--CD,BD,CD,8699.546891941973,10,8543.91,8522.0,8539.099999999999,8536.485788570719,78.33084322283254,6135.72099999997,8425.0,8701.3,8495.7,8585.45,89.75,40.19999999999982,0.00916803234383702,0,0,8498.975999999999,8593.82225,155.63689194197286,-155.63689194197286,-0.017890229672321536,-0.018052194463781496
BD--CL,BD,CL,17886.203807894904,10,17163.3,17085.0,17145.0,17095.52058571379,175.61703916318726,30841.344444444447,17013.0,17460.0,17039.5,17288.75,249.25,59.5,0.01023212547489045,0,0,17065.6,17277.3125,722.9038078949052,-722.9038078949052,-0.04041683834418895,-0.041256295423771405
BD--CN,BD,CN,3026.7986717227063,10,3026.4,3026.0,3026.5,3026.49652,1.349897115421106,1.8222222222222226,3024.0,3028.0,3026.0,3027.75,1.75,1.0,0.00044604054831519493,0,0,3025.6,3027.2,0.39867172270623996,-0.39867172270623996,-0.00013171398759711213,-0.0001317226626461714
BD--CO,BD,CO,16454.083310734804,10,16807.8,16805.0,16802.0,16801.789699999634,81.74866631599836,6682.844444444446,16680.0,16982.0,16760.25,16834.75,74.5,41.5,0.004863733880460165,1,0,16760.375,16857.6325,353.7166892651949,353.7166892651949,0.021497198147430473,0.021269392391142224
BD--DE,BD,DE,7083.361209694893,10,7210.4169999999995,7146.1,7209.5375,7209.537500005088,183.5587698834112,33693.822001111104,7001.37,7426.5,7043.975,7410.425,366.4499999999998,137.61500000000024,0.025457441626942134,0,0,7104.110825,7320.39,127.05579030510671,127.05579030510671,0.01793721745139967,0.017778243781909998
BD--DZ,BD,DZ,8249.865357774017,10,8387.11,8420.0,8394.575,8391.578377781145,133.9909155295405,17953.56544444446,8167.5,8547.0,8276.5,8500.7,224.20000000000073,121.0,0.015975814735891207,0,0,8307.590250000001,8464.240500000002,137.24464222598363,137.24464222598363,0.016635985712985628,0.0164991235086187
BD--EG,BD,EG,5856.065710330734,10,5746.15,5741.0,5750.8125,5758.337071752122,125.80806589580989,15827.669444444444,5543.0,5912.0,5699.0,5841.75,142.75,92.5,0.02189432331140153,0,0,5668.485,5815.25125,109.91571033073433,-109.91571033073433,-0.01876954866418782,-0.01894793228951033
BD--ES,BD,ES,8668.474277763522,10,8252.36,8254.95,8255.5375,8254.68570444803,74.37664209204988,5531.884888888885,8095.3,8384.0,8227.8,8284.0,56.20000000000073,33.05000000000018,0.009012772357489237,2,0,8207.177999999998,8292.991,416.1142777635214,-416.1142777635214,-0.04800317384928313,-0.049193578071626484
BD--ET,BD,ET,5724.1496250866285,10,6115.91,6061.25,6120.1375,6120.137499986848,219.38754370595734,48130.894333333345,5767.5,6430.5,5954.475,6319.75,365.27499999999964,184.25,0.035871610881448114,0,0,5991.02825,6238.740500000001,391.7603749133714,391.7603749133714,0.06843992567847011,0.06619957115341166
BD--FI,BD,FI,6394.878508271938,10,6738.9800000000005,6737.5,6735.6625,6736.189720000116,35.667813065688335,1272.1928888888876,6694.5,6810.0,6712.85,6753.375,40.524999999999636,24.59999999999991,0.005292761377194818,0,0,6720.575,6759.58125,344.1014917280627,344.1014917280627,0.0538089177586343,0.0524111412345945
BD--FJ,BD,FJ,10616.636231096905,10,11370.3,11288.5,11355.375,11338.86867143693,241.52664909326717,58335.12222222221,11132.0,11728.0,11162.5,11599.25,436.75,156.5,0.021241888876570292,0,0,11229.0825,11526.635,753.663768903094,753.663768903094,0.07098894155340442,0.06858246606534361
BD--FR,BD,FR,7923.795839306774,10,7907.0199999999995,7906.5,7906.675,7906.528571426228,3.1957610813215043,10.212888888889191,7902.0,7914.8,7906.5,7906.5,0.0,0.0,0.00040416757277982155,4,0,7905.289999999999,7909.13,16.775839306774287,-16.775839306774287,-0.0021171468380793046,-0.002119391161714247
BD--GB,BD,GB,8015.217428089591,10,7998.960000000001,8002.3,7999.325,8001.140578000008,6.1304703462839525,37.58266666666688,7990.0,8005.0,7992.5,8003.875,11.375,2.449999999999818,0.0007664084263809235,0,0,7995.35,8002.360000000001,16.257428089589666,-16.257428089589666,-0.0020283202839407673,-0.0020303801113256033
BD--GH,BD,GH,9833.431322059829,10,10617.95,10611.0,10603.9375,10599.856949978792,361.8170539866185,130911.58055555559,10114.0,11234.0,10326.125,10841.25,515.125,280.25,0.03407598020207464,0,0,10407.30625,10833.0275,784.518677940172,784.518677940172,0.07978076545673553,0.07675802558239816
BD--GR,BD,GR,6434.574552380038,10,6147.55,6158.25,6153.5,6148.468338888498,103.73107591802521,10760.136111111111,5982.5,6265.0,6060.0,6243.75,183.75,105.75,0.01687356360143882,0,0,6082.1425,6208.70125,287.0245523800377,-287.0245523800377,-0.044606609192813264,-0.04563209577347426
BD--IN,BD,IN,1425.4260591415405,10,1423.6,1424.0,1423.75,1423.6666666666667,0.6992058987801011,0.488888888888889,1422.0,1424.0,1423.25,1424.0,0.75,0.0,0.0004911533427789415,1,0,1423.1975,1424.0,1.8260591415405543,-1.8260591415405543,-0.0012810619883295063,-0.0012818832497046102
BD--IT,BD,IT,7320.0470436892765,10,7275.3550000000005,7277.25,7277.56875,7277.263971428569,10.168154262751433,103.39136111111013,7248.5,7284.5,7274.625,7279.975,5.350000000000364,3.0,0.0013976162349124451,1,0,7268.514625,7279.970124999999,44.69204368927603,-44.69204368927603,-0.006105431211375304,-0.0061241455682082765
BD--JP,BD,JP,4901.783530903048,10,4891.5,4893.0,4892.25,4892.228871428551,23.759208741033444,564.5,4841.0,4936.0,4884.25,4899.5,15.25,8.5,0.004857243941742501,2,0,4877.8,4904.0,10.283530903047904,-10.283530903047904,-0.0020979161642320394,-0.0021001198730184203
BD--KE,BD,KE,6417.460535353122,10,6681.7,6714.5,6700.5,6705.410000001746,112.64896310614178,12689.788888888892,6417.0,6796.0,6644.25,6759.25,115.0,50.0,0.016859326684248287,1,0,6610.070000000001,6741.335,264.2394646468774,264.2394646468774,0.0411750821358713,0.04034996198085978
BD--KR,BD,KR,3797.612686267932,10,3727.6,3727.5,3726.625,3726.081042856969,15.692885861646564,246.26666666666662,3706.0,3757.0,3716.0,3733.0,17.0,10.5,0.004209916799454492,0,0,3718.4,3736.105,70.01268626793217,-70.01268626793217,-0.018435973347439093,-0.018608033921442665
BD--MA,BD,MA,9196.660288262383,10,9593.85,9567.0,9588.0,9585.958257138456,133.53236187032215,17830.891666666663,9428.0,9806.5,9482.75,9688.5,205.75,103.0,0.013918537591302986,0,0,9516.135,9676.561249999999,397.1897117376175,397.1897117376175,0.043188472694217835,0.042281862181172886
BD--MX,BD,MX,15118.666153073525,10,15916.0,15863.5,15907.25,15865.44151428508,235.45605865119623,55439.55555555556,15582.0,16320.0,15788.5,15938.25,149.75,81.0,0.014793670435486066,2,0,15792.7925,16064.105,797.3338469264745,797.3338469264745,0.05273837247635644,0.051394743093995054
BD--MY,BD,MY,2578.596726870454,10,2630.2,2630.0,2630.125,2630.2,0.4216370213557839,0.17777777777777778,2630.0,2631.0,2630.0,2630.0,0.0,0.0,0.00016030606849508933,2,0,2630.0,2630.4,51.60327312954587,51.60327312954587,0.020012153351398543,0.019814542275586856
BD--NG,BD,NG,8893.098615055616,10,8926.7,8898.5,8909.625,8894.333333333212,277.7701087830246,77156.23333333334,8565.0,9425.0,8765.5,9014.75,249.25,155.0,0.031116774259583563,1,0,8776.797499999999,9087.5175,33.601384944384336,33.601384944384336,0.003778366393857221,0.0037712462968087735
BD--NL,BD,NL,7656.49679159308,10,7706.139999999999,7705.0,7705.9125,7705.372657181069,17.725010578276184,314.1760000000026,7678.5,7735.6,7693.799999999999,7715.299999999999,21.5,11.0,0.0023001153078293654,0,0,7696.48775,7716.591000000001,49.64320840691926,49.64320840691926,0.006483801895068781,0.006462872471008012
BD--NO,BD,NO,7181.762061567684,10,7388.49,7392.5,7390.1875,7390.909671428973,43.3275752584631,1877.2787777777837,7318.4,7445.0,7361.625,7418.75,57.125,35.5,0.005864198944366589,0,0,7361.201999999999,7412.16,206.72793843231557,206.72793843231557,0.02878512775278294,0.028378618479917187
BD--NZ,BD,NZ,11267.899459200993,10,11751.65,11709.25,11732.6875,11732.324214246268,330.3563774336907,109135.3361111111,11327.0,12328.0,11471.5,11944.5,473.0,257.5,0.028111488806566796,0,0,11570.89,11959.19875,483.75054079900656,483.75054079900656,0.04293174096472718,0.04203572897263991
BD--PE,BD,PE,18167.538095071344,10,17868.0,18145.0,17929.625,18108.72502016219,413.7575779769276,171195.33333333334,17015.0,18228.0,17562.5,18152.25,589.75,45.5,0.02315634530876022,0,0,17584.7875,18092.21,299.5380950713443,-299.5380950713443,-0.016487544625135846,-0.016624976896800273
BD--PH,BD,PH,3362.196759695326,10,3531.41,3549.5,3536.375,3536.9792714312257,91.958401827493,8456.347666666668,3365.1,3658.0,3464.5,3593.25,128.75,63.5,0.026040137459964436,0,0,3474.5054999999998,3584.2124999999996,169.21324030467395,169.21324030467395,0.05032817898498232,0.04910266674968276
BD--PK,BD,PK,2010.504192418624,10,2024.8,2026.0,2024.625,2025.0838571254885,7.913420387052757,62.62222222222221,2013.0,2038.0,2019.5,2030.0,10.5,5.0,0.003908247919326728,0,0,2020.1,2029.5,14.295807581376039,14.295807581376039,0.0071105584535878395,0.0070853976340715516
BD--PL,BD,PL,6568.012073729416,10,6863.425,6837.325,6863.25625,6858.092113334597,72.46280750993738,5250.858472222237,6754.7,6973.5,6824.5,6929.3,104.80000000000018,45.90000000000009,0.01055782025882666,0,0,6821.292875,6908.804,295.41292627058374,295.41292627058374,0.04497752485141883,0.043995377866272174
BD--PT,BD,PT,9173.202508931836,10,8767.232999999998,8781.0,8778.29125,8788.851052496633,128.70164896206884,16564.114445555595,8535.0,8911.0,8731.224999999999,8864.8825,133.65750000000116,84.15000000000055,0.01467984813019899,0,0,8684.649075,8840.800825000002,405.9695089318375,-405.9695089318375,-0.04425602820133426,-0.04526521372483554
BD--RU,BD,RU,5553.2737926347245,10,5581.6900000000005,5585.5,5583.8625,5584.062742857116,16.477219965084437,271.4987777777772,5543.0,5603.0,5577.0,5590.575,13.574999999999818,8.0,0.0029520127354053047,1,0,5571.0755,5590.46325,28.416207365276023,28.416207365276023,0.005117018974098535,0.005103971522949989
BD--SA,BD,SA,4415.912406616781,10,4845.3,4895.5,4869.125,4895.333333333288,121.37732718904118,14732.455555555556,4577.0,4923.0,4894.25,4896.0,1.75,1.0,0.025050528798844483,4,0,4767.9025,4903.3,429.3875933832196,429.3875933832196,0.09723643810049933,0.09279468961052782
BD--SE,BD,SE,6768.471024295255,10,7220.4800000000005,7191.075,7222.0,7222.000000004076,118.56945971782858,14058.716777777774,7054.5,7374.3,7126.625,7336.700000000001,210.07500000000073,100.82499999999982,0.01642127112294869,0,0,7149.613,7290.248499999999,452.00897570474535,452.00897570474535,0.06678154845935967,0.06464621701881126
BD--SG,BD,SG,2874.5622395689315,10,2895.2,2895.5,2895.375,2895.4440250000034,1.9888578520235065,3.955555555555556,2892.0,2897.0,2894.25,2897.0,2.75,1.5,0.0006869500732327668,0,0,2894.0,2896.3,20.637760431068273,20.637760431068273,0.00717944462881524,0.007153795109260148
BD--SN,BD,SN,11109.021139047307,10,12383.2,12393.0,12389.25,12389.250000000971,89.47476366737904,8005.733333333332,12205.0,12513.0,12340.0,12444.75,104.75,54.0,0.007225496129221771,0,0,12326.3925,12433.005,1274.1788609526939,1274.1788609526939,0.11469767182943406,0.10858322180395193
BD--TH,BD,TH,1533.2161452123528,10,1540.1,1540.0,1540.0,1540.1,0.31622776601683794,0.1,1540.0,1541.0,1540.0,1540.0,0.0,0.0,0.00020532937212962662,1,0,1540.0,1540.3,6.883854787647124,6.883854787647124,0.004489813656830296,0.004479764511459913
BD--TR,BD,TR,5633.079801631459,10,5437.1,5465.5,5444.5,5457.6666666666415,171.31352025518075,29348.322222222225,5144.0,5671.0,5405.25,5487.0,81.75,51.5,0.03150825260804119,4,0,5334.36,5529.1025,195.97980163145894,-195.97980163145894,-0.03479087968444882,-0.035410496130077365
BD--TZ,BD,TZ,6793.0341997186615,10,6790.160000000001,6796.8,6792.2,6793.599999997206,116.16420561716363,13494.12266666667,6613.0,6951.0,6734.0,6847.5,113.5,59.80000000000018,0.01710772730203171,0,0,6718.438500000001,6858.8025,2.8741997186607477,-2.8741997186607477,-0.00042310985550165266,-0.00042319939173322325
BD--UA,BD,UA,5893.685382507589,10,6223.15,6191.2,6212.35,6211.031760000489,69.5522385613064,4837.513888888877,6150.3,6382.4,6183.25,6256.174999999999,72.92499999999927,33.19999999999982,0.011176371863333907,1,0,6189.3665,6264.60025,329.464617492411,329.464617492411,0.05590129029796184,0.0543947058183736
BD--US,BD,US,12949.493713794654,10,12640.3,12635.0,12638.75,12638.749999999984,19.20098377109303,368.67777777777786,12615.0,12678.0,12630.0,12650.0,20.0,15.0,0.0015190291188573871,0,0,12630.0,12652.1025,309.1937137946552,-309.1937137946552,-0.023876895933412568,-0.024166569307151747
BD--VN,BD,VN,1616.977559772685,10,1879.0,1880.0,1880.25,1880.547849999736,14.321700705960557,205.11111111111114,1853.0,1895.0,1872.75,1891.5,18.75,11.0,0.00762198015218763,0,0,1869.895,1886.7050000000002,262.022440227315,262.022440227315,0.1620445742389586,0.1501810176242532
BD--ZA,BD,ZA,8645.990655579606,10,8677.23,8655.4,8662.7375,8657.302859982581,185.29388698917057,34333.82455555552,8475.4,8995.0,8518.5,8763.25,244.75,134.39999999999964,0.021354036597989286,0,0,8574.16,8789.5145,31.239344420393536,31.239344420393536,0.0036131596325787757,0.003606647852001621
BR--CA,BR,CA,7334.346869539842,10,7112.7,7123.5,7123.25,7123.504457447412,135.27835500675388,18300.233333333334,6841.0,7300.0,7038.5,7197.0,158.5,88.0,0.019019269054895312,0,0,7029.592500000001,7183.8025,221.64686953984256,-221.64686953984256,-0.030220396373719465,-0.030686446057849332
BR--CD,BR,CD,7021.609682135122,10,6747.4,6765.0,6752.625,6756.501380152793,73.38059083375597,5384.711111111112,6611.0,6842.0,6698.0,6792.5,94.5,43.5,0.010875387680255503,0,0,6704.995,6789.01,274.2096821351224,-274.2096821351224,-0.039052253621101464,-0.039835245705681976
BR--CL,BR,CL,3009.3551850238605,10,2584.5,2584.5,2584.75,2584.746271428571,2.173067468400883,4.722222222222223,2580.0,2587.0,2583.25,2586.0,2.75,1.5,0.000840807687522106,0,0,2583.1,2585.7,424.8551850238605,-424.8551850238605,-0.14117814578291193,-0.15219376591297165
BR--CN,BR,CN,16930.472630910997,10,16896.9,16890.0,16898.375,16888.302785688233,51.31265817406938,2632.9888888888886,16802.0,16980.0,16881.25,16891.5,10.25,7.5,0.0030368090107693937,3,0,16867.79,16925.2,33.57263091099594,-33.57263091099594,-0.0019829706850416177,-0.0019849393744098684
BR--CO,BR,CO,3659.609825431805,10,3660.2,3660.0,3660.125,3660.2,0.4216370213557839,0.17777777777777778,3660.0,3661.0,3660.0,3660.0,0.0,0.0,0.00011519507714217363,2,0,3660.0,3660.5,0.5901745681949251,0.5901745681949251,0.0001612670739087026,0.00016125407177191732
BR--DE,BR,DE,9575.611395967344,10,9507.0,9501.85,9505.625,9505.038952500001,11.557008455670667,133.5644444444433,9495.0,9530.0,9500.5,9513.825,13.325000000000728,6.850000000000364,0.0012156314774030364,0,0,9500.569,9514.150749999999,68.61139596734392,-68.61139596734392,-0.0071652235173452015,-0.007191017016012607
BR--DZ,BR,DZ,7899.280557882734,10,8120.82,8135.2,8124.3375,8125.700000005663,166.55775641567166,27741.486222222215,7852.5,8361.0,8018.25,8227.7,209.45000000000073,113.69999999999982,0.020509967763806078,0,0,8027.3315,8217.5425,221.53944211726593,221.53944211726593,0.02804552142361757,0.027659447593058835
BR--EG,BR,EG,9874.469524339542,10,9511.65,9472.5,9494.75,9476.76373333297,85.69391589968463,7343.447222222221,9456.0,9702.5,9467.0,9492.25,25.25,12.0,0.00900936387479403,2,0,9469.2,9566.255000000001,362.8195243395421,-362.8195243395421,-0.03674319146413179,-0.03743522720511379
BR--ES,BR,ES,7719.290067297386,10,7269.0,7269.5,7269.5,7269.5,9.944289260117532,98.8888888888889,7250.0,7284.0,7263.25,7275.0,11.75,6.0,0.0013680408942244508,0,0,7263.297500000001,7274.7,450.2900672973856,-450.2900672973856,-0.05833309324714072,-0.060103669110949345
BR--ET,BR,ET,9928.94838833383,10,9275.5,9212.5,9261.875,9220.438933325346,200.93130390481443,40373.38888888889,9006.0,9654.0,9157.5,9401.0,243.5,68.0,0.021662584648246934,0,0,9170.797499999999,9391.304999999998,653.4483883338307,-653.4483883338307,-0.06581244687520078,-0.06807805456872151
BR--FI,BR,FI,10597.841046061912,10,10495.5,10567.0,10511.75,10517.019374248492,209.47832027841608,43881.166666666664,10123.0,10738.0,10383.75,10622.0,238.25,162.5,0.019958870018428478,0,0,10365.885,10613.904999999999,102.3410460619125,-102.3410460619125,-0.009656782510428551,-0.009703711601728617
BR--FJ,BR,FJ,13707.79297949407,10,13779.0,13838.5,13816.25,13814.166666672983,277.66966785092757,77100.44444444444,13145.0,14115.0,13687.5,13903.0,215.5,128.5,0.020151655987439406,1,0,13595.789999999999,13924.2,71.2070205059299,71.2070205059299,0.005194637868579631,0.005181192280493204
BR--FR,BR,FR,8706.397888002059,10,8728.8,8728.0,8728.875,8728.8472,4.894441291460708,23.95555555555556,8722.0,8735.0,8725.0,8733.5,8.5,4.0,0.0005607232714073764,0,0,8726.0,8731.6,22.402111997940665,22.402111997940665,0.002573063198594694,0.0025697585390009117
BR--GB,BR,GB,8772.672472521588,10,8773.2,8773.0,8773.125,8773.124999988899,4.661902329879224,21.733333333333338,8766.0,8781.0,8770.25,8776.5,6.25,3.5,0.0005313799217935558,0,0,8770.5,8775.9,0.5275274784125941,0.5275274784125941,6.013304156344085e-05,6.013123364462554e-05
BR--GH,BR,GH,5761.1782251059785,10,5962.1,6132.5,5997.875,6122.095339851252,285.1243198637706,81295.87777777777,5476.0,6162.0,5736.25,6150.0,413.75,23.5,0.04782280066818245,0,0,5789.3975,6134.84,200.92177489402184,200.92177489402184,0.034875118776650206,0.034280761250736466
BR--GR,BR,GR,9543.526478721476,10,9568.119999999999,9583.0,9571.65,9572.402214126696,45.83654049385093,2100.9884444444365,9478.0,9630.0,9546.25,9591.75,45.5,32.5,0.0047905482470799845,0,0,9539.717499999999,9593.4025,24.59352127852253,24.59352127852253,0.00257698465377101,0.0025736699222717687
BR--IN,BR,IN,14244.967094288088,10,14315.6,14288.0,14281.125,14285.169028573262,179.98407336946974,32394.266666666666,14130.0,14777.0,14227.0,14344.25,117.25,68.0,0.01257258329161682,1,0,14225.565,14434.842499999999,70.63290571191283,70.63290571191283,0.004958446393339514,0.004946193783934504
BR--IT,BR,IT,8891.366226296563,10,9092.0,9178.0,9121.75,9174.886300001746,196.64576160079207,38669.55555555555,8721.0,9225.0,9139.75,9197.75,58.0,23.5,0.02162843836348351,2,0,8962.4,9188.807499999999,200.63377370343733,200.63377370343733,0.022565010662822,0.022314187024029482
BR--JP,BR,JP,17673.237812688087,10,17372.0,17371.0,17371.125,17371.0,4.898979485566356,23.999999999999996,17366.0,17385.0,17371.0,17371.0,0.0,0.0,0.0002820043452432855,4,0,17369.7,17375.3,301.2378126880867,-301.2378126880867,-0.017044857081695584,-0.017191792716155358
BR--KE,BR,KE,9414.754147935433,10,8776.7,8852.5,8797.25,8821.274185712437,254.3069230499066,64672.01111111112,8347.0,9042.0,8596.25,8978.75,382.5,156.5,0.028975232496257886,0,0,8620.6625,8918.625,638.0541479354324,-638.0541479354324,-0.06777172700525076,-0.0701775661805835
BR--KR,BR,KR,17539.5016131441,10,18243.2,18279.5,18249.75,18262.7327666645,98.93072772849136,9787.28888888889,18074.0,18360.0,18155.25,18312.5,157.25,54.5,0.005422882374171821,0,0,18177.370000000003,18299.302499999998,703.6983868559,703.6983868559,0.040120774374144616,0.03933683561671525
BR--MA,BR,MA,7024.002442289389,10,7169.3,7134.5,7161.875,7149.16939999599,101.1215440282963,10225.566666666668,7054.0,7344.0,7094.75,7251.5,156.75,57.0,0.01410480019364461,0,0,7112.2,7229.7175,145.29755771061082,145.29755771061082,0.02068586377986122,0.020474816796640948
BR--MX,BR,MX,6827.142656438756,10,6842.9,6843.5,6843.625,6843.682299999998,5.10881590977792,26.1,6830.0,6850.0,6843.0,6845.0,2.0,1.5,0.0007465863756269886,2,0,6839.6975,6845.6025,15.757343561243943,15.757343561243943,0.002308043694734138,0.0023053842531710936
BR--MY,BR,MY,16422.814195799372,10,16577.1,16590.0,16587.625,16600.665875000155,97.57555477110489,9520.98888888889,16400.0,16670.0,16578.5,16651.25,72.75,52.5,0.005886165539877596,2,0,16511.594999999998,16629.602499999997,154.28580420062644,154.28580420062644,0.009394602067658396,0.009350747245428838
BR--NG,BR,NG,6701.782316617511,10,6169.5,6170.5,6170.5,6171.300628542165,11.197718021493884,125.3888888888889,6147.0,6184.0,6166.5,6177.25,10.75,6.0,0.0018150122411044467,1,0,6162.6975,6175.9,532.2823166175112,-532.2823166175112,-0.07942399371845936,-0.08275571106971125
BR--NL,BR,NL,9095.395184382438,10,9221.3,9230.0,9224.5,9228.271749999949,19.143028902332972,366.4555555555555,9182.0,9235.0,9223.25,9233.0,9.75,5.0,0.002075957717711491,2,0,9209.3975,9231.1025,125.90481561756133,125.90481561756133,0.013842698757471312,0.01374776370467514
BR--NO,BR,NO,9890.673869295977,10,9565.6,9580.0,9563.375,9569.232766664496,103.7745419433666,10769.155555555553,9394.0,9755.0,9504.75,9612.5,107.75,54.5,0.010848722708807247,0,0,9503.4975,9629.4125,325.0738692959767,-325.0738692959767,-0.03286670590819062,-0.033418950120537756
BR--NZ,BR,NZ,12315.070951453863,10,12045.4,12035.0,12041.125,12039.42490021371,59.852039787017006,3582.266666666667,11975.0,12150.0,11998.5,12081.75,83.25,46.0,0.0049688710866402945,0,0,12011.887499999999,12082.904999999999,269.6709514538634,-269.6709514538634,-0.02189763684812772,-0.02214094862494194
BR--PE,BR,PE,3172.9910685849954,10,3170.8,3171.0,3171.0,3170.8888888888887,0.6324555320336759,0.4,3169.0,3171.0,3171.0,3171.0,0.0,0.0,0.00019946244860403553,1,0,3170.4,3171.0,2.1910685849952642,-2.1910685849952642,-0.000690537268348624,-0.0006907757990240256
BR--PH,BR,PH,18834.978421995093,10,18442.8,18416.5,18430.375,18417.06303333341,65.61131338758922,4304.844444444445,18385.0,18600.0,18413.0,18428.25,15.25,3.5,0.003557557062245929,3,0,18410.9,18489.109999999997,392.17842199509323,-392.17842199509323,-0.020821814244136087,-0.021041645090828284
BR--PK,BR,PK,13831.892357763147,10,13823.5,13857.5,13850.125,13865.499999999967,146.83796814478498,21561.388888888887,13476.0,13958.0,13837.0,13912.5,75.5,45.0,0.010622343700566786,2,0,13725.02,13896.112500000001,8.39235776314672,-8.39235776314672,-0.000606739667001277,-0.0006069238080005997
BR--PL,BR,PL,10013.245328845951,10,10095.55,10120.0,10107.1875,10116.732342859174,83.47070344338385,6967.358333333334,9915.0,10183.0,10084.25,10151.375,67.125,36.0,0.008268068945563527,1,0,10041.53875,10138.82,82.30467115404826,82.30467115404826,0.008219580011382191,0.008185983238953753
BR--PT,BR,PT,7260.226545104273,10,7291.1,7291.5,7291.125,7291.166666666667,0.9944289260117533,0.988888888888889,7290.0,7292.0,7290.0,7292.0,2.0,0.5,0.00013638942354538453,0,0,7290.6,7291.7,30.873454895727264,30.873454895727264,0.004252409302096213,0.004243393360272758
BR--RU,BR,RU,11166.929191609152,10,11177.6,11180.0,11179.5,11179.57142857143,6.239658110292047,38.933333333333316,11160.0,11180.0,11178.5,11180.0,1.5,0.0,0.0005582287888537832,1,0,11173.4,11179.8,10.670808390848833,10.670808390848833,0.0009555723160550616,0.0009551160474713764
BR--SA,BR,SA,11195.014360359984,10,11074.1,11028.5,11048.5,11022.644215066164,282.58192519063294,79852.54444444447,10740.0,11613.0,10867.5,11163.75,296.25,157.5,0.025517371632063367,1,0,10919.0975,11255.7,120.91436035998413,-120.91436035998413,-0.010800732939488255,-0.010859484276808563
BR--SE,BR,SE,10211.465310360685,10,10206.4,10190.0,10214.5,10202.833333339431,154.7422229243058,23945.15555555555,9904.0,10444.0,10147.75,10273.5,125.75,74.0,0.015161293200766753,1,0,10121.1875,10300.9125,5.065310360685544,-5.065310360685544,-0.0004960414795265684,-0.0004961645488012305
BR--SG,BR,SG,16541.57994188363,10,16729.0,16739.0,16729.75,16735.787699999986,22.03028218914441,485.3333333333333,16694.0,16758.0,16715.0,16742.25,27.25,6.5,0.0013168917561805493,0,0,16715.890000000003,16741.7025,187.42005811637137,187.42005811637137,0.011330239238019811,0.011266532831685152
BR--SN,BR,SN,4752.903773023973,10,5013.3,5027.5,5023.25,5027.058700000015,36.021752687323065,1297.5666666666664,4915.0,5032.0,5021.0,5028.75,7.75,2.5,0.00718523780490357,2,0,4988.297500000001,5028.4,260.3962269760268,260.3962269760268,0.054786766030054314,0.053338628992476246
BR--TH,BR,TH,16631.97836274269,10,16710.2,16739.0,16725.5,16733.83333333295,68.23619111423042,4656.177777777779,16540.0,16758.0,16718.75,16740.0,21.25,14.0,0.0040835053508773336,2,0,16666.190000000002,16742.205,78.22163725730934,78.22163725730934,0.004703086761616627,0.004692061803116642
BR--TR,BR,TR,10359.803932064284,10,10470.4,10431.0,10475.625,10470.400000000182,278.2988801031486,77450.26666666666,10115.0,10784.0,10210.0,10771.75,561.75,274.0,0.026579584361929687,0,0,10303.8625,10637.855,110.59606793571584,110.59606793571584,0.01067549817168003,0.01061891737035411
BR--TZ,BR,TZ,9156.612898830454,10,8865.3,8904.5,8858.5625,8859.301850000054,161.53004536480375,26091.95555555556,8624.5,9160.0,8747.0,8951.75,204.75,114.25,0.01822048270953084,0,0,8777.6175,8957.866250000001,291.3128988304543,-291.3128988304543,-0.03181448228172481,-0.03233155953276952
BR--UA,BR,UA,10549.919782043095,10,10329.5,10368.5,10324.625,10337.643033343371,170.74103197532807,29152.500000000004,10078.0,10620.0,10195.25,10435.0,239.75,96.5,0.016529457570582128,0,0,10227.5375,10424.1225,220.41978204309453,-220.41978204309453,-0.02089302919802942,-0.021114377045810626
BR--US,BR,US,6769.014727737269,10,6742.1,6747.5,6743.25,6745.37951431697,16.934186330221678,286.76666666666677,6713.0,6762.0,6735.75,6754.75,19.0,9.0,0.002511707973809596,0,0,6731.6975,6751.202499999999,26.91472773726855,-26.91472773726855,-0.0039761662250460995,-0.0039840921909190165
BR--VN,BR,VN,17204.186662884276,10,16598.9,16598.0,16596.125,16597.645342852265,29.209777662815426,853.211111111111,16550.0,16670.0,16597.0,16598.0,1.0,1.0,0.0017597417698049524,3,0,16582.4975,16618.102499999997,605.2866628842748,-605.2866628842748,-0.03518252125164973,-0.0358163367260219
BR--ZA,BR,ZA,7905.896338955261,10,7506.2,7440.0,7481.0,7441.068833333283,140.1703725233451,19647.733333333337,7434.0,7780.0,7438.5,7444.5,6.0,2.5,0.018673945874523073,2,0,7439.1975,7605.3075,399.6963389552611,-399.6963389552611,-0.050556739149969644,-0.0518795073873154
CA--CD,CA,CD,10429.733240251062,10,10499.4,10504.0,10503.25,10499.399999996824,188.13659340430763,35395.37777777777,10243.0,10725.0,10328.5,10672.5,344.0,186.0,0.017918794731537766,0,0,10378.99,10608.625,69.6667597489377,69.6667597489377,0.006679630067629677,0.006657420186379192
CA--CL,CA,CL,8748.678780930806,10,8601.7,8609.0,8604.0,8604.596285714397,23.22857435717196,539.5666666666668,8550.0,8635.0,8591.25,8614.75,23.5,10.0,0.002700463205781643,1,0,8586.8975,8614.7,146.97878093080544,-146.97878093080544,-0.01680011172100295,-0.01694283436030515
CA--CN,CA,CN,10474.241950070254,10,10405.7,10487.0,10427.75,10486.172685714075,145.07090220532396,21045.56666666667,10143.0,10492.0,10383.75,10489.5,105.75,4.0,0.013941484206283475,2,0,10316.1975,10488.105,68.54195007025373,-68.54195007025373,-0.006543857817776875,-0.006565362723382544
CA--CO,CA,CO,4525.731196671247,10,4533.3,4535.5,4534.125,4535.333333333362,8.179242018671413,66.90000000000002,4518.0,4542.0,4532.25,4538.0,5.75,3.0,0.0018042578295439113,2,0,4527.9,4537.7,7.568803328753347,7.568803328753347,0.0016723934762896064,0.0016709965835392552
CA--DE,CA,DE,6146.549872089064,10,6133.6,6132.5,6133.375,6132.999999999997,4.987762802878438,24.877777777777776,6127.0,6142.0,6132.0,6134.75,2.75,2.0,0.0008131868401719118,4,0,6130.65,6136.601250000001,12.94987208906332,-12.94987208906332,-0.0021068521948983993,-0.00210907473023494
CA--DZ,CA,DZ,6419.275105731327,10,6341.5,6347.5,6336.125,6337.185888628598,121.18236945474645,14685.166666666666,6190.0,6536.0,6240.0,6431.25,191.25,105.0,0.01910941724430284,0,0,6275.99,6413.33,77.77510573132713,-77.77510573132713,-0.012115870476074021,-0.012189865921640787
CA--EG,CA,EG,8876.40462189037,10,8765.060000000001,8755.5,8751.575,8751.575000234921,110.9113379636586,12301.324888888896,8640.0,8998.0,8668.5,8826.5,158.0,74.80000000000018,0.012653802479807163,0,0,8701.756,8832.725,111.34462189036822,-111.34462189036822,-0.012543887602394542,-0.012623226336151172
CA--ES,CA,ES,5707.581780771725,10,5690.45,5688.5,5690.1875,5689.792842857272,15.868294734399718,251.80277777777783,5668.0,5715.0,5677.25,5702.625,25.375,11.5,0.002788583457266072,0,0,5681.4,5699.45125,17.13178077172506,-17.13178077172506,-0.0030015830573712193,-0.003006096842393005
CA--ET,CA,ET,11136.890454729448,10,11332.1,11298.5,11325.75,11322.148014287344,128.33069261352355,16468.76666666667,11162.0,11553.0,11265.5,11405.25,139.75,98.5,0.011324528782266618,0,0,11263.175000000001,11408.2075,195.20954527055255,195.20954527055255,0.01752819120059261,0.01737634429044829
CA--FI,CA,FI,6289.502387773958,10,6028.9,6012.5,6024.5,6026.435688888314,74.43632625718888,5540.766666666666,5950.0,6143.0,5962.5,6094.5,132.0,62.0,0.012346584991820878,0,0,5984.77,6071.6050000000005,260.60238777395807,-260.60238777395807,-0.041434500172945005,-0.04231738307007725
CA--FJ,CA,FJ,12653.111746459324,10,12363.6,12445.0,12355.125,12359.142166609488,460.1932444334904,211777.82222222225,11640.0,13155.0,11975.0,12613.0,638.0,297.5,0.03722162189277317,0,0,12083.185000000001,12636.212500000001,289.51174645932406,-289.51174645932406,-0.02288067569942525,-0.02314650102898718
CA--FR,CA,FR,5663.62568366498,10,5648.3099999999995,5650.0,5648.8125,5649.023449999997,4.50492323279016,20.29433333333255,5638.6,5654.0,5646.25,5651.0,4.75,2.25,0.0007975701108455734,1,0,5645.5395,5650.70125,15.315683664980497,-15.315683664980497,-0.0027042189085966554,-0.002707881913751604
CA--GB,CA,GB,5378.074759985251,10,5380.2,5378.0,5380.125,5379.6304285713795,7.269418439218122,52.84444444444444,5370.0,5391.0,5375.25,5384.75,9.5,5.0,0.0013511427900855214,0,0,5376.297500000001,5384.702499999999,2.1252400147486696,2.1252400147486696,0.0003951674362285172,0.00039508937814058774
CA--GH,CA,GH,8439.561227154014,10,8282.939999999999,8286.0,8289.8,8289.800000000547,90.15981119964461,8128.791555555561,8095.0,8416.0,8240.25,8341.25,101.0,56.5,0.01088500112274683,0,0,8228.8485,8332.5025,156.6212271540153,-156.6212271540153,-0.01855798221477339,-0.018732342114825048
CA--GR,CA,GR,7764.7115554242955,10,7621.95,7625.0,7621.5,7621.692242857133,10.709419529865597,114.69166666666666,7604.0,7643.5,7615.5,7625.0,9.5,5.5,0.0014050760671305371,1,0,7615.6975,7628.0,142.7615554242957,-142.7615554242957,-0.01838594446236253,-0.018557066680578237
CA--IN,CA,IN,11362.94782650969,10,11161.0,11161.0,11159.375,11158.443450000046,17.950549357115012,322.2222222222222,11140.0,11195.0,11146.0,11164.25,18.25,13.0,0.0016083280491994455,1,0,11151.8,11171.9,201.94782650968955,-201.94782650968955,-0.01777248559027495,-0.01793231272748047
CA--IT,CA,IT,6746.931142314486,10,6725.611,6726.75,6727.375,6727.153878571423,8.672683103989437,75.21543222222385,6703.11,6734.0,6724.25,6729.875,5.625,2.75,0.001289501147775189,1,0,6719.8330000000005,6730.05,21.320142314486475,-21.320142314486475,-0.0031599762714004448,-0.003164979539337194
CA--JP,CA,JP,10343.49118277986,10,10317.8,10315.0,10317.0,10315.494199999996,4.732863826479693,22.4,10314.0,10328.0,10314.25,10321.0,6.75,1.0,0.00045870862262107167,0,0,10315.1,10320.6,25.691182779861265,-25.691182779861265,-0.0024838018736490714,-0.0024868916268063206
CA--KE,CA,KE,11852.842570511928,10,11804.560000000001,11818.5,11797.625,11807.524343329043,155.1898564841001,24083.891555555583,11586.0,12078.6,11720.5,11901.0,180.5,96.0,0.013146602370956653,0,0,11713.8925,11896.0505,48.28257051192668,-48.28257051192668,-0.004073501375277386,-0.0040818206821625295
CA--KR,CA,KR,10536.510102087088,10,10467.2,10465.0,10469.0,10467.310133333307,11.951754868823425,142.84444444444443,10440.0,10480.0,10465.0,10477.5,12.5,4.0,0.0011418292254684562,1,0,10459.5,10473.0,69.31010208708722,-69.31010208708722,-0.006578089084103679,-0.006599820063405859
CA--MA,CA,MA,5854.797692873017,10,5688.7,5689.0,5686.875,5686.034142805192,23.772299472752362,565.1222222222223,5657.0,5735.0,5670.0,5694.5,24.5,15.0,0.004178863268014197,1,0,5675.4975,5702.6,166.09769287301697,-166.09769287301697,-0.02836950166104047,-0.028779692537218605
CA--MX,CA,MX,3598.308798337808,10,3618.05,3615.0,3616.4375,3615.367169999989,10.494575318282829,110.13611111111113,3605.0,3644.0,3613.625,3620.5,6.875,2.25,0.0029006164420842242,1,0,3613.0487500000004,3624.9,19.741201662191997,19.741201662191997,0.0054862444466442645,0.005471249825351759
CA--MY,CA,MY,14615.980355359012,10,14794.5,14798.0,14796.25,14797.70347999367,14.112642086677699,199.16666666666669,14760.0,14815.0,14795.75,14798.0,2.25,1.0,0.0009539113918468146,3,0,14785.7,14801.5,178.5196446409882,178.5196446409882,0.012214004144821745,0.012140015055641901
CA--NG,CA,NG,8769.14706891505,10,8671.24,8713.7,8670.675,8671.240000006,155.3705692136634,24140.01377777777,8463.0,8884.0,8531.5,8788.25,256.75,153.79999999999927,0.017917918223191078,0,0,8574.9225,8758.135999999999,97.90706891505033,-97.90706891505033,-0.01116494775895733,-0.01122774363412226
CA--NL,CA,NL,5650.389098226851,10,5648.6,5649.0,5647.875,5648.16666666683,12.456145292808507,155.15555555555554,5631.0,5672.0,5640.75,5654.0,13.25,7.5,0.00220517390022457,0,0,5641.2,5655.9,1.7890982268509106,-1.7890982268509106,-0.00031663274789560023,-0.0003166828866281267
CA--NO,CA,NO,5615.364370869781,10,5606.3,5598.0,5611.5,5611.5000002520455,99.61598488417631,9923.344444444443,5435.0,5736.0,5547.25,5683.75,136.5,79.5,0.01776857907785461,0,0,5547.765,5665.305,9.06437086978076,-9.06437086978076,-0.0016142088511304836,-0.0016155130899695883
CA--NZ,CA,NZ,14472.518850835871,10,14387.3,14391.0,14390.875,14392.166666666257,46.03875179309998,2119.566666666667,14292.0,14454.0,14378.25,14411.5,33.25,21.0,0.0031999577261265133,1,0,14357.4975,14412.505,85.21885083587222,-85.21885083587222,-0.005888321978654762,-0.005905726502441182
CA--PE,CA,PE,6365.101501579229,10,6202.3,6160.5,6193.0,6171.347666667193,79.0331154221655,6246.233333333334,6132.0,6347.0,6137.0,6270.75,133.75,27.5,0.012742549606140543,0,0,6157.995,6248.915,162.8015015792289,-162.8015015792289,-0.025577204313055595,-0.0259099877117459
CA--PH,CA,PH,13148.893379643874,10,13215.7,13213.0,13214.25,13213.334771428572,7.6601421512774674,58.677777777777784,13210.0,13233.0,13210.0,13220.0,10.0,3.0,0.0005796243975935794,0,0,13211.6,13220.2,66.80662035612659,66.80662035612659,0.005080778923917017,0.005067915319701477
CA--PK,CA,PK,10699.32409267107,10,10832.8,10820.0,10837.75,10851.166666661433,258.1901969048743,66662.17777777778,10440.0,11186.0,10732.75,11024.0,291.25,173.0,0.023834114624554533,0,0,10677.075,10987.130000000001,133.47590732892968,133.47590732892968,0.012475171905518717,0.0123979981231021
CA--PL,CA,PL,6594.700288950723,10,6564.7,6546.0,6560.25,6555.578899999642,52.542152390036115,2760.677777777778,6502.0,6663.0,6527.75,6604.5,76.75,29.5,0.008003740062765415,0,0,6536.597500000001,6595.407499999999,30.00028895072319,-30.00028895072319,-0.0045491512329965955,-0.004559530110149866
CA--PT,CA,PT,5399.63090845621,10,5309.5,5317.5,5313.125,5315.874064999865,32.698250038122154,1069.1755555555555,5249.0,5341.0,5298.0,5334.35,36.350000000000364,19.90000000000009,0.006158442421719965,0,0,5289.579,5327.242,90.13090845620991,-90.13090845620991,-0.016692049879753527,-0.01683293208659117
CA--RU,CA,RU,7180.055639081386,10,7194.7,7216.5,7194.75,7196.227700235271,64.93809017483926,4216.955555555555,7111.0,7278.0,7129.625,7248.25,118.625,48.5,0.009025823199694116,0,0,7156.945,7232.055,14.644360918613529,14.644360918613529,0.002039588779633346,0.00203751164229621
CA--SA,CA,SA,10317.222965793204,10,10132.34,10167.2,10146.675,10157.229066668317,88.70375414828844,7868.355999999999,9924.0,10226.0,10098.0,10187.0,89.0,28.0,0.008754518122002265,1,0,10073.019999999999,10177.6,184.88296579320377,-184.88296579320377,-0.01791983815859985,-0.018082342756261395
CA--SE,CA,SE,6012.504954934798,10,5951.5,5944.5,5942.125,5943.9624999999805,79.748563205448,6359.833333333334,5866.0,6112.0,5878.5,5996.75,118.25,62.5,0.013399741780298747,0,0,5905.8949999999995,5999.05,61.00495493479775,-61.00495493479775,-0.010146345889449553,-0.010198170911322213
CA--SG,CA,SG,14829.085234720038,10,14863.7,14865.0,14862.125,14861.213957142938,20.677685234732312,427.56666666666666,14838.0,14902.0,14847.75,14869.5,21.75,14.5,0.0013911532952584022,0,0,14852.095000000001,14877.41,34.61476527996274,34.61476527996274,0.0023342481840294203,0.0023315280588794823
CA--SN,CA,SN,6388.706012444591,10,6347.2,6341.75,6353.625,6350.473044447323,111.87200027015001,12515.344444444445,6168.0,6475.0,6262.125,6459.5,197.375,101.0,0.01762540967200498,0,0,6278.88375,6416.13,41.50601244459085,-41.50601244459085,-0.006496779216908884,-0.006517975140370674
CA--TH,CA,TH,13440.553542475436,10,13687.95,13708.25,13693.3125,13693.583512310523,56.86946554268917,3234.136111111111,13580.0,13753.0,13650.75,13730.5,79.75,40.75,0.004154710204427191,0,0,13653.681250000001,13719.35125,247.39645752456454,247.39645752456454,0.01840671641556512,0.01823936330565664
CA--TR,CA,TR,8182.193922543159,10,7818.5,7807.0,7816.9375,7808.751335712612,87.92926450025358,7731.555555555555,7694.5,7955.0,7759.75,7856.875,97.125,49.75,0.011246308690957803,0,0,7768.54875,7870.65,363.6939225431588,-363.6939225431588,-0.04444943813188393,-0.04546760004238425
CA--TZ,CA,TZ,12166.73278626256,10,12187.25,12212.0,12193.9375,12205.465014288582,152.64797010696793,23301.402777777774,11910.0,12411.0,12129.0,12278.125,149.125,86.5,0.012525218577363058,0,0,12099.485,12271.37125,20.517213737439306,20.517213737439306,0.0016863371702060606,0.001684916900158846
CA--UA,CA,UA,7237.438903984254,10,7284.85,7283.25,7284.1875,7283.818778571438,5.0224496015390745,25.22500000000001,7280.0,7295.0,7281.25,7287.25,6.0,2.75,0.0006894376138889716,0,0,7282.05,7287.90125,47.41109601574681,47.41109601574681,0.006550811225452517,0.006529447908878393
CA--US,CA,US,731.9154882007512,10,731.95,732.0,732.0,731.95,0.3689323936863109,0.1361111111111111,731.0,732.5,732.0,732.0,0.0,0.0,0.0005040404312949121,2,0,731.7,732.15,0.034511799248889474,0.034511799248889474,4.7152710668452904e-05,4.715159901434644e-05
CA--VN,CA,VN,12643.813172484095,10,12629.5,12628.5,12636.625,12642.191074331731,184.49104163737718,34036.94444444444,12354.0,12848.0,12534.0,12797.5,263.5,144.5,0.014607945020576997,0,0,12513.8975,12730.414999999999,14.313172484095048,-14.313172484095048,-0.001132029735716427,-0.0011326709653507613
CA--ZA,CA,ZA,13053.851270111287,10,12901.2,12922.5,12903.125,12902.550150219588,81.78943153678911,6689.511111111113,12792.0,12995.0,12826.0,12969.75,143.75,69.0,0.00633967627327606,0,0,12855.3975,12949.3025,152.65127011128607,-152.65127011128607,-0.011693964252588323,-0.011762876416976455
CD--CL,CD,CL,9377.485624065612,10,9590.960000000001,9585.0,9589.0125,9586.295906667052,22.741650482466415,517.1826666666649,9565.0,9632.5,9576.25,9600.625,24.375,12.199999999999818,0.0023711547626584215,0,0,9578.108750000001,9605.8,213.47437593438917,213.47437593438917,0.02276456445708069,0.022509318211999738
CD--CN,CD,CN,11264.131510520167,10,11444.4,11438.0,11439.25,11439.25000000008,60.84077580044489,3701.6000000000004,11345.0,11585.0,11416.0,11462.25,46.25,24.5,0.00531620493869883,2,0,11410.4,11484.555,180.26848947983308,180.26848947983308,0.016003762856592257,0.01587705274844004
CD--CO,CD,CO,9990.17825849726,10,10218.3,10170.5,10198.75,10188.666666663394,184.972700688507,34214.899999999994,10006.0,10587.0,10108.5,10310.75,202.25,107.5,0.018102101199662077,0,0,10116.6875,10341.7075,228.1217415027386,228.1217415027386,0.022834601705801098,0.022577794235950518
CD--DE,CD,DE,6302.7657179686175,10,6198.35,6189.75,6196.6875,6195.468435714568,45.07157887429974,2031.4472222222225,6140.0,6270.0,6163.75,6233.5,69.75,34.25,0.007271544664999513,0,0,6174.84875,6225.8025,104.41571796861717,-104.41571796861717,-0.01656665068018273,-0.016705412315916292
CD--DZ,CD,DZ,4724.24554729379,10,4820.7,4820.0,4831.25,4821.6666666667425,84.54591126193573,7148.011111111111,4625.0,4932.0,4808.5,4837.5,29.0,16.5,0.01753809846328038,3,0,4768.4875,4866.54,96.45445270620985,96.45445270620985,0.020416900802597417,0.020211270067404447
CD--EG,CD,EG,4166.513540836489,10,4114.0,4191.5,4188.75,4188.12490005279,246.48596985088895,60755.333333333336,3415.0,4215.0,4166.25,4210.25,44.0,21.5,0.05991394502938477,1,0,3956.0,4201.205,52.51354083648857,-52.51354083648857,-0.012603712989720827,-0.012683813534832484
CD--ES,CD,ES,5319.383374111961,10,5786.7,5786.5,5787.375,5787.500000000146,9.226170506890831,85.12222222222222,5768.0,5800.0,5783.5,5792.0,8.5,5.5,0.0015943751199977243,1,0,5781.4975,5792.0025,467.3166258880392,467.3166258880392,0.08785165366390892,0.08420479140217554
CD--ET,CD,ET,2986.3101212320603,10,3016.1,2962.5,2975.625,2960.7456142886545,162.0627107703133,26264.322222222218,2913.0,3443.0,2931.5,2988.75,57.25,30.5,0.053732538964329196,2,0,2943.1875,3132.315,29.789878767939626,29.789878767939626,0.009975480629469666,0.00992605395400103
CD--FI,CD,FI,7201.843348896968,10,7356.4,7367.0,7360.5,7359.70569999988,167.49872304654212,28055.82222222222,7105.0,7575.0,7240.0,7485.0,245.0,149.5,0.02276911574228456,0,0,7259.2875,7456.0025,154.55665110303198,154.55665110303198,0.021460707157245212,0.021233668708246504
CD--FJ,CD,FJ,16916.81804347587,10,16567.2,16495.0,16579.375,16577.04611110774,264.4057488028579,69910.39999999998,16145.0,16892.0,16395.0,16824.75,429.75,225.0,0.01595959177186597,0,0,16406.1875,16714.232500000002,349.61804347586803,-349.61804347586803,-0.020666891526370797,-0.020883440521321968
CD--FR,CD,FR,6026.854910819904,10,6012.0,6014.0,6013.875,6013.55001111111,15.136416719656971,229.1111111111111,5981.0,6028.0,6003.0,6024.25,21.25,11.5,0.002517700718505817,0,0,6002.8,6020.1025,14.854910819904035,-14.854910819904035,-0.0024647865328955043,-0.0024678291198016156
CD--GB,CD,GB,6358.423890884738,10,6375.6,6376.0,6375.625,6375.862114285717,3.1340424729448424,9.822222222222223,6371.0,6380.0,6373.5,6378.0,4.5,2.0,0.000491568240313828,0,0,6373.6,6377.4,17.17610911526208,17.17610911526208,0.0027013155162374874,0.002697673520789844
CD--GH,CD,GH,2043.3208669383591,10,1928.85,1931.5,1927.5,1927.5000000015175,31.326284668168217,981.3361111111111,1885.0,1983.5,1902.0,1947.5,45.5,26.5,0.016240912807200258,0,0,1911.69625,1948.1062499999998,114.47086693835922,-114.47086693835922,-0.05602197324489638,-0.05765238985001886
CD--GR,CD,GR,4764.590999785643,10,4892.0,4896.5,4893.0,4893.148485714185,44.96912521077347,2022.2222222222222,4814.0,4962.0,4863.75,4922.5,58.75,31.0,0.009192380460092697,0,0,4864.797500000001,4917.407499999999,127.40900021435664,127.40900021435664,0.026740805290546177,0.026389518655481427
CD--IN,CD,IN,7547.89499645099,10,8058.45,8033.0,8069.1875,8049.356400442819,151.56653287876216,22972.413888888892,7776.0,8255.0,7997.625,8195.625,198.0,70.0,0.018808397753756884,0,0,7974.1925,8142.570000000001,510.5550035490096,510.5550035490096,0.06764203844768268,0.06545251436318045
CD--IT,CD,IT,5126.896411493344,10,5415.8,5415.0,5415.875,5415.4965199936705,3.084008934992101,9.511111111111113,5410.0,5421.0,5415.0,5416.75,1.75,1.0,0.000569446607147993,3,0,5414.0,5417.7,288.903588506656,288.903588506656,0.056350580413327515,0.0548201192156786
CD--JP,CD,JP,13367.324967431796,10,13474.4,13565.0,13527.0,13557.21634999907,191.09695037975996,36518.044444444444,12952.0,13576.0,13476.5,13565.0,88.5,10.5,0.014182223355382054,1,0,13350.1425,13558.6,107.07503256820382,107.07503256820382,0.008010206442132727,0.00797829503653877
CD--KE,CD,KE,2414.0111493842605,10,2414.9,2415.0,2414.5,2414.6666666666847,2.8460498941515415,8.100000000000001,2411.0,2422.0,2413.5,2415.0,1.5,0.0,0.0011785373697260927,2,0,2413.4,2416.7,0.8888506157395568,0.8888506157395568,0.0003682048510696709,0.00036813708029858526
CD--KR,CD,KR,12211.448901968513,10,12332.380000000001,12383.0,12343.75,12370.12256666554,104.3912491011046,10897.532888888873,12150.0,12423.8,12286.25,12402.75,116.5,35.5,0.008464809639429258,0,0,12272.9555,12389.3485,120.93109803148764,120.93109803148764,0.009903091680790907,0.0098543774188845
CD--MA,CD,MA,4841.287191069289,10,4845.9,4841.5,4845.5,4844.189099999768,15.401659362260649,237.21111111111108,4828.0,4867.0,4833.0,4862.0,29.0,10.5,0.003178286667545894,0,0,4837.597500000001,4855.0025,4.612808930710344,4.612808930710344,0.0009528062989569347,0.0009523526671612865
CD--MX,CD,MX,12740.378395838092,10,12513.6,12568.5,12512.625,12511.833333337876,220.50457289286922,48622.26666666668,12170.0,12865.0,12356.0,12584.5,228.5,170.0,0.01762119397238758,0,0,12386.5725,12645.0775,226.77839583809146,-226.77839583809146,-0.017799973343976448,-0.017960298237893656
CD--MY,CD,MY,9644.319780377728,10,10488.6,10398.0,10482.0,10408.337266666695,327.930615967599,107538.4888888889,10052.0,10978.0,10275.0,10790.0,515.0,143.0,0.031265432561790804,0,0,10308.7,10703.2175,844.2802196222729,844.2802196222729,0.08754170733119407,0.08391983481421365
CD--NG,CD,NG,1716.2920067157297,10,1710.7,1684.5,1709.75,1710.7000000055361,79.37960835266337,6301.122222222224,1601.0,1828.0,1672.0,1783.75,111.75,80.0,0.046401828697412384,0,0,1665.7,1757.41,5.592006715729667,-5.592006715729667,-0.0032581907355208432,-0.0032635101966439943
CD--NL,CD,NL,6357.542309053761,10,6282.8,6279.0,6281.625,6281.9792714330715,85.56712764451856,7321.733333333333,6165.0,6410.0,6222.5,6343.75,121.25,63.5,0.01361926651246555,0,0,6231.97,6336.1175,74.74230905376044,-74.74230905376044,-0.011756478434649203,-0.011826132288149018
CD--NO,CD,NO,7134.842377574261,10,7127.1,7121.0,7128.5,7115.999999999973,152.1866178961431,23160.766666666666,6873.0,7370.0,7054.5,7182.5,128.0,71.5,0.02135323173466671,0,0,7041.8975,7220.1050000000005,7.7423775742609,-7.7423775742609,-0.0010851504720827752,-0.001085739674143491
CD--NZ,CD,NZ,14541.358911281312,10,14057.0,14127.5,14085.625,14131.925714285784,362.5082374542987,131412.22222222222,13430.0,14455.0,13970.0,14342.5,372.5,200.0,0.02578844970152228,0,0,13836.0,14255.0,484.3589112813115,-484.3589112813115,-0.033309054142494327,-0.03387643558677671
CD--PE,CD,PE,10175.188038895794,10,10271.2,10277.0,10269.5,10268.559514289434,138.00386468018448,19045.06666666667,10041.0,10515.0,10182.25,10340.75,158.5,91.0,0.013436002091302328,0,0,10193.852499999999,10354.5425,96.01196110420642,96.01196110420642,0.009435890593588046,0.00939165065568108
CD--PH,CD,PH,11824.345636785823,10,11835.6,11862.0,11828.875,11830.60611111305,201.20315880003255,40482.711111111115,11585.0,12140.0,11651.75,11967.0,315.25,175.0,0.01699982753726322,0,0,11715.9975,11967.705,11.25436321417692,11.25436321417692,0.0009517958591437251,0.0009513431886753619
CD--PK,CD,PK,7384.78330799907,10,7572.5,7535.25,7561.0625,7552.416666669751,166.7653041452768,27810.66666666667,7346.5,7890.0,7484.0,7660.0,176.0,93.25,0.02202248981779819,0,0,7480.285,7680.7525,187.71669200093038,187.71669200093038,0.02541939068105071,0.025101690546623145
CD--PL,CD,PL,6292.977025299909,10,6186.5,6166.5,6186.875,6170.01509999813,103.10216077054619,10630.055555555555,6015.0,6355.0,6131.25,6243.75,112.5,40.5,0.01666566891950961,0,0,6126.285,6250.005,106.47702529990875,-106.47702529990875,-0.016919976804592625,-0.017064755031964092
CD--PT,CD,PT,5390.912322607045,10,5761.6,5794.0,5778.375,5793.75521999053,72.67308840126293,5281.377777777777,5585.0,5804.0,5787.0,5795.0,8.0,1.5,0.012613351916353604,2,0,5715.5,5795.5025,370.68767739295527,370.68767739295527,0.06876158527721904,0.06650058123554832
CD--RU,CD,RU,6966.165532290185,10,7015.25,7021.5,7023.0625,7023.062499790362,92.3331077012887,8525.402777777777,6830.0,7138.0,6963.125,7076.0,112.875,66.5,0.013161770101035416,0,0,6958.23125,7067.95875,49.08446770981482,49.08446770981482,0.007046124224624603,0.007021416286901106
CD--SA,CD,SA,4676.260309873395,10,4640.45,4612.5,4644.3125,4641.744622213767,205.18994587671415,42102.913888888885,4356.0,4894.0,4458.0,4850.875,392.875,184.0,0.04421768274126737,0,0,4521.03625,4760.0625,35.810309873395454,-35.810309873395454,-0.007657894877619629,-0.007687367114539621
CD--SE,CD,SE,7064.796550280582,10,7071.9,7055.5,7073.25,7071.90000000313,93.52771425269269,8747.433333333336,6943.0,7190.0,7010.5,7154.5,144.0,98.5,0.013225259725489994,0,0,7013.389999999999,7124.1275000000005,7.1034497194177675,7.1034497194177675,0.0010054712359884802,0.001004966088364423
CD--SG,CD,SG,9867.490584125751,10,10345.8,10314.0,10323.875,10333.94794239729,210.0353409415769,44114.84444444445,10052.0,10815.0,10275.75,10424.0,148.25,94.0,0.02030150794927187,2,0,10233.4925,10480.2325,478.30941587424786,478.30941587424786,0.04847325789636166,0.047335065928579306
CD--SN,CD,SN,4185.9629702863585,10,4202.6,4201.5,4201.75,4201.8026555555525,3.687817782917155,13.600000000000001,4200.0,4212.0,4200.0,4203.75,3.75,1.5,0.000877508633445285,1,0,4200.8,4205.1025,16.637029713641823,16.637029713641823,0.003974480861808411,0.00396660347818992
CD--TH,CD,TH,9613.840894279354,10,9771.46,9770.25,9771.825,9786.104843363553,222.79412120710091,49637.22044444437,9415.0,10125.0,9672.0,9929.5,257.5,148.5,0.022800494624866798,0,0,9648.2,9902.401,157.61910572064517,157.61910572064517,0.016395019166006303,0.016262071985518985
CD--TR,CD,TR,5219.37025970274,10,5220.3,5209.0,5223.875,5216.5111145436085,98.64757698212584,9731.344444444445,5044.0,5368.0,5160.75,5276.25,115.5,53.0,0.01889691722355532,0,0,5162.3875,5274.415,0.929740297259741,0.929740297259741,0.00017813265796412243,0.00017811679422613587
CD--TZ,CD,TZ,2274.6043678822007,10,2236.8,2227.5,2236.75,2236.7500000000823,42.94906544061491,1844.622222222222,2172.0,2302.0,2214.0,2273.25,59.25,38.5,0.019201120100417964,0,0,2211.1974999999998,2262.4025,37.804367882200495,-37.804367882200495,-0.01662019488575885,-0.016759859994861945
CD--UA,CD,UA,6240.732681787017,10,6194.3,6189.0,6194.0,6190.895599999588,31.717678211229636,1006.0111111111112,6145.0,6246.0,6176.25,6220.5,44.25,18.0,0.005120462071780449,0,0,6176.9,6214.1,46.43268178701692,-46.43268178701692,-0.007440261288955105,-0.0074680780950722855
CD--US,CD,US,10513.299742462244,10,10081.3,10078.0,10078.875,10075.568614285983,32.30084278226258,1043.3444444444444,10037.0,10145.0,10061.25,10085.0,23.75,15.5,0.003204035469856326,2,0,10063.1,10101.0025,431.9997424622452,-431.9997424622452,-0.041090785295261605,-0.04195887520683399
CD--VN,CD,VN,10243.1517893653,10,10481.83,10443.65,10456.1625,10444.73506998993,179.8684089982328,32352.64455555556,10287.0,10882.0,10360.0,10531.5,171.5,93.64999999999964,0.01716001967196881,1,0,10388.32675,10597.64225,238.6782106347,238.6782106347,0.023301247071482605,0.02303391778615437
CD--ZA,CD,ZA,2738.097820784533,10,2776.4,2775.0,2776.0,2775.5714285714284,2.270584848790187,5.155555555555556,2775.0,2781.0,2775.0,2776.75,1.75,0.0,0.0008178161823909332,2,0,2775.3,2777.9,38.30217921546728,38.30217921546728,0.013988608779686605,0.01389167116080789
CL--CN,CL,CN,19057.093797293513,10,19029.7,19045.0,19031.0,19034.389200000183,28.62807479846779,819.5666666666666,18987.0,19062.0,19000.75,19048.75,48.0,16.0,0.0015043891810416238,0,0,19012.2975,19046.2,27.393797293512762,-27.393797293512762,-0.0014374593306248629,-0.0014384934664260654
CL--CO,CL,CO,4226.284712338569,10,4251.3,4252.0,4251.375,4251.428571430914,0.9486832980505139,0.9000000000000001,4250.0,4252.0,4250.25,4252.0,1.75,0.0,0.0002231513414839023,0,0,4250.7,4251.8,25.015287661431103,25.015287661431103,0.005918978337734649,0.005901530002478573
CL--DE,CL,DE,12506.572379251478,10,12489.64,12494.0,12489.5,12491.019067999983,8.50401212500437,72.31822222222135,12480.0,12500.4,12480.0,12495.75,15.75,4.699999999999818,0.0006808852877268176,0,0,12484.5,12494.341,16.93237925147878,-16.93237925147878,-0.0013538784838897791,-0.001354795805419097
CL--DZ,CL,DZ,10901.817648733382,10,10246.8,10243.0,10237.375,10237.375,99.79289665212761,9958.622222222222,10125.0,10444.0,10164.5,10297.5,133.0,74.5,0.009738932803619434,0,0,10191.8825,10305.135,655.0176487333829,-655.0176487333829,-0.060083342965242634,-0.06196407037784111
CL--EG,CL,EG,12800.08972667518,10,13344.4,13347.0,13338.125,13348.333333348863,392.9470419506651,154407.37777777776,12625.0,14114.0,13186.75,13498.25,311.5,175.0,0.029446587478692568,2,0,13129.4975,13579.375,544.3102733248197,544.3102733248197,0.04252394201506931,0.04164464038880304
CL--ES,CL,ES,10681.935581817292,10,10706.4,10712.0,10706.875,10711.189866666675,8.896940797575061,79.15555555555557,10695.0,10714.0,10696.25,10713.75,17.5,2.0,0.0008309927517723101,0,0,10701.0975,10711.5,24.46441818270796,24.46441818270796,0.00229026078610239,0.002287642136366592
CL--ET,CL,ET,12358.215563097187,10,12063.4,11989.0,12053.25,12030.728257107667,374.49468176019093,140246.2666666667,11550.0,12658.0,11819.75,12309.75,490.0,253.0,0.031043875007061933,0,0,11837.755,12287.3175,294.8155630971869,-294.8155630971869,-0.023855835949126374,-0.024144994408436798
CL--FI,CL,FI,13464.23646254886,10,13169.3,13127.5,13151.75,13145.207671430562,130.56292650587218,17046.677777777782,13025.0,13454.0,13087.5,13208.25,120.75,74.5,0.009914188795598262,1,0,13100.1975,13245.3025,294.9364625488615,-294.9364625488615,-0.021905175489841947,-0.02214865607055304
CL--FJ,CL,FJ,10733.957780178063,10,9720.15,9513.5,9658.0,9539.387899417818,480.60194027906294,230978.22499999998,9311.5,10626.0,9377.25,9996.5,619.25,163.5,0.049443881038776456,0,0,9447.68625,10001.71125,1013.8077801780637,-1013.8077801780637,-0.09444864615083719,-0.09921129001538237
CL--FR,CL,FR,11627.359613785839,10,11646.1,11646.0,11646.0,11646.100000000017,6.436872946806806,41.43333333333334,11640.0,11653.0,11640.0,11652.0,12.0,6.0,0.0005527063091341141,0,0,11642.4,11649.8,18.740386214161845,18.740386214161845,0.001611749084628167,0.0016104516110197454
CL--GB,CL,GB,11650.639354956376,10,11643.9,11645.0,11644.375,11644.857142857143,4.201851443775179,17.655555555555555,11634.0,11650.0,11645.0,11645.0,0.0,0.0,0.00036086289334116394,3,0,11641.2,11646.0,6.739354956376701,-6.739354956376701,-0.0005784536582972734,-0.0005786210271611609
CL--GH,CL,GH,8563.209240922586,10,9043.5,8958.75,9011.75,8968.8801666689,261.9888674479637,68638.16666666669,8737.0,9604.0,8881.75,9194.375,312.625,92.5,0.028969853203733475,0,0,8912.895,9210.223750000001,480.2907590774139,480.2907590774139,0.056087705621177625,0.05457123640073946
CL--GR,CL,GR,12547.17636965568,10,12346.55,12299.25,12334.3125,12334.713512000286,200.05227788977783,40020.91388888889,12117.0,12674.0,12172.5,12515.0,342.5,159.25,0.016203091380975077,0,0,12237.29875,12470.16125,200.62636965568163,-200.62636965568163,-0.015989762456904654,-0.016118977976794208
CL--IN,CL,IN,16925.380558989717,10,16323.7,16325.0,16324.0,16323.99999999998,12.789318459818986,163.5666666666667,16300.0,16345.0,16315.5,16332.5,17.0,10.0,0.0007834815917848886,0,0,16316.2,16331.0,601.6805589897158,-601.6805589897158,-0.03554901214142215,-0.036196264040985325
CL--IT,CL,IT,11893.206088021416,10,11884.4,11885.0,11884.25,11884.25,2.5473297566057065,6.488888888888888,11880.0,11890.0,11883.0,11885.0,2.0,1.0,0.00021434231064300314,1,0,11882.8,11885.9025,8.806088021416144,-8.806088021416144,-0.0007404301208809834,-0.0007407043746484632
CL--JP,CL,JP,17234.770240707647,10,17240.0,17240.0,17240.0,17240.0,0.0,0.0,17240.0,17240.0,17240.0,17240.0,0.0,0.0,0.0,0,0,17240.0,17240.0,5.229759292353265,5.229759292353265,0.00030344235631298645,0.0003033963269925364
CL--KE,CL,KE,11550.217666588273,10,12651.0,12666.0,12660.0,12662.824785744448,398.11611929742867,158496.44444444447,11870.0,13360.0,12483.75,12868.25,384.5,202.5,0.03146914230475288,1,0,12408.995,12866.355,1100.7823334117274,1100.7823334117274,0.09530403367167702,0.0910319810502477
CL--KR,CL,KR,18360.580038729033,10,18374.8,18370.0,18374.75,18374.799999998973,63.13442448898663,3985.955555555555,18300.0,18450.0,18320.0,18430.0,110.0,56.0,0.0034359244448367676,0,0,18338.6,18412.025,14.21996127096645,14.21996127096645,0.0007744832266176484,0.0007741834692448922
CL--MA,CL,MA,10010.797136549785,10,9884.23,9923.0,9889.6625,9903.159829121932,227.07834208581954,51564.57344444448,9550.0,10175.0,9711.474999999999,10074.0,362.52500000000146,162.0,0.022973801913332606,0,0,9738.23825,10012.167500000001,126.56713654978557,-126.56713654978557,-0.012643062767467772,-0.01272366639064153
CL--MX,CL,MX,6588.132055113714,10,6294.2,6294.0,6294.375,6294.333333333333,0.9189365834726815,0.8444444444444444,6292.0,6295.0,6294.0,6295.0,1.0,0.5,0.0001459973600255285,1,0,6293.6,6294.7,293.93205511371434,-293.93205511371434,-0.04461538606919149,-0.04564128247790202
CL--MY,CL,MY,16560.585837942457,10,16412.5,16376.5,16408.125,16385.301266666593,143.44975891695788,20577.833333333336,16200.0,16660.0,16331.5,16512.5,181.0,63.0,0.00874027472456712,0,0,16333.4875,16502.5675,148.08583794245715,-148.08583794245715,-0.0089420651776203,-0.008982285389805266
CL--NG,CL,NG,9486.770070583298,10,8999.66,9037.15,9005.0125,9007.457493401653,200.26882599812342,40107.60266666664,8691.0,9265.5,8827.375,9148.875,321.5,156.75,0.02225293244390604,0,0,8889.07325,9122.1865,487.1100705832978,-487.1100705832978,-0.05134625030006104,-0.05271140501028742
CL--NL,CL,NL,11991.522122394139,10,12034.9,12039.0,12029.875,12032.12336666676,76.06641834607437,5786.099999999999,11953.0,12157.0,11964.0,12092.0,128.0,65.5,0.006320486115054913,0,0,11991.1,12078.9,43.377877605860704,43.377877605860704,0.003617378775030788,0.0036108517960642007
CL--NO,CL,NO,12709.777899866678,10,12298.3,12295.0,12300.625,12302.833333333308,137.60010497412017,18933.788888888892,12035.0,12543.0,12250.25,12370.0,119.75,66.5,0.011188546788915555,1,0,12210.9975,12375.01,411.47789986667885,-411.47789986667885,-0.03237490875989227,-0.032910569164425606
CL--NZ,CL,NZ,9368.814614614528,10,9353.6,9341.5,9349.125,9341.982599999965,25.3298243183801,641.5999999999999,9340.0,9403.0,9340.0,9345.0,5.0,1.5,0.0027080294558651324,2,0,9341.2,9371.3025,15.214614614527818,-15.214614614527818,-0.0016239636752758834,-0.001625283733629935
CL--PE,CL,PE,2457.690639615083,10,2463.5,2463.5,2463.5,2463.5,1.2692955176439846,1.611111111111111,2462.0,2465.0,2462.25,2464.75,2.5,1.5,0.0005152407215928494,0,0,2462.8,2464.3,5.8093603849169995,5.8093603849169995,0.0023637476138277705,0.002360958356971691
CL--PH,CL,PH,17614.831522245775,10,17278.1,17307.5,17280.75,17291.390114285732,89.97956558142643,8096.322222222219,17120.0,17415.0,17251.0,17330.0,79.0,42.0,0.005207723394437261,1,0,17225.4625,17328.2075,336.73152224577643,-336.73152224577643,-0.019116363492918915,-0.0193014436724536
CL--PK,CL,PK,16686.183395308064,10,16408.9,16352.5,16396.625,16378.791856873788,123.77080072097421,15319.21111111111,16275.0,16641.0,16326.25,16445.0,118.75,55.0,0.007542906637311105,1,0,16345.4875,16479.960000000003,277.2833953080626,-277.2833953080626,-0.016617544512068053,-0.01675716483058731
CL--PL,CL,PL,12969.852106776598,10,12503.7,12458.5,12512.25,12509.571899997298,186.66133920969162,34842.455555555556,12204.0,12735.0,12396.5,12683.25,286.75,166.5,0.014928488304237274,0,0,12398.775,12607.4125,466.15210677659707,-466.15210677659707,-0.03594120449014511,-0.036602995038683125
CL--PT,CL,PT,10205.486707859607,10,10038.3,9998.5,10027.0,10017.698125001274,165.14441491548473,27272.677777777775,9875.0,10292.0,9897.5,10125.75,228.25,112.5,0.01645143250505412,0,0,9941.9875,10133.702500000001,167.18670785960785,-167.18670785960785,-0.01638204160619321,-0.016517710984682462
CL--RU,CL,RU,14117.451542029348,10,14112.6,14112.0,14112.375,14112.25,1.2649110640673518,1.6,14112.0,14115.0,14112.0,14112.0,0.0,0.0,8.962990973083285e-05,2,0,14112.0,14113.5,4.851542029347911,-4.851542029347911,-0.00034365565306913133,-0.0003437147162050704
CL--SA,CL,SA,13945.02643694258,10,13893.6,14118.0,13959.125,14115.805928571708,377.3981687525494,142429.37777777776,13137.0,14126.0,13660.0,14125.0,465.0,7.5,0.027163454306482798,0,0,13665.2,14063.0025,51.42643694258004,-51.42643694258004,-0.003687797737431553,-0.0036946144277181523
CL--SE,CL,SE,13069.967683612713,10,12359.2,12323.0,12352.75,12349.519742485436,158.86877883614792,25239.28888888888,12140.0,12630.0,12243.5,12464.5,221.0,107.0,0.012854293063964328,0,0,12263.8,12454.81,710.7676836127121,-710.7676836127121,-0.054381747592527056,-0.0559163300552218
CL--SG,CL,SG,16399.740324894206,10,16344.5,16314.5,16322.5,16320.86642845004,89.79142498033985,8062.5,16278.0,16587.0,16302.5,16346.25,43.75,25.0,0.005493678300366475,1,0,16303.5975,16402.015,55.240324894206424,-55.240324894206424,-0.0033683658277414083,-0.0033740515432195695
CL--SN,CL,SN,7761.929265291671,10,8666.5,8732.5,8685.625,8685.62500000587,310.80263476646684,96598.27777777778,8135.0,9045.0,8399.0,8910.5,511.5,237.0,0.035862532137133425,0,0,8481.9575,8832.785,904.5707347083289,904.5707347083289,0.11653942000646894,0.11023409844280346
CL--TH,CL,TH,17650.722889818095,10,17264.0,17251.0,17258.75,17250.875,28.225284173355398,796.6666666666667,17250.0,17320.0,17250.25,17251.0,0.75,0.5,0.0016349214650924117,2,0,17250.5,17278.2025,386.7228898180947,-386.7228898180947,-0.021909747959454832,-0.022153330955018483
CL--TR,CL,TR,13360.362129212648,10,13355.3,13275.0,13346.25,13319.814742858658,237.22518603404845,56275.78888888889,13028.0,13755.0,13202.25,13444.0,241.75,132.0,0.017762625027820302,0,0,13230.655,13486.832499999999,5.06212921264887,-5.06212921264887,-0.00037889161713517046,-0.0003789634147002282
CL--TZ,CL,TZ,11140.599699425393,10,10916.460000000001,10903.5,10890.325,10890.459892858597,236.32300494591442,55848.562666666694,10565.0,11477.0,10798.5,10981.825,183.32500000000073,88.75,0.02164831868077329,1,0,10789.08875,11067.88175,224.13969942539188,-224.13969942539188,-0.020119177196264625,-0.020324324096483652
CL--UA,CL,UA,13538.164347903667,10,13105.2,13058.5,13095.375,13069.122519939403,80.55750189219569,6489.511111111112,13038.0,13251.0,13054.0,13145.0,91.0,17.0,0.006146987599746336,0,0,13062.295,13152.8025,432.96434790366584,-432.96434790366584,-0.03198102318581387,-0.032503587750832307
CL--US,CL,US,8036.760399006705,10,8055.8,8047.0,8051.875,8049.630428571427,19.97665303965273,399.0666666666667,8038.0,8105.0,8045.25,8055.0,9.75,5.0,0.0024797851286840204,2,0,8045.8975,8068.5,19.039600993295608,19.039600993295608,0.002369064156205128,0.002366262347953462
CL--VN,CL,VN,18587.669739443674,10,18061.1,17265.0,17935.75,17296.485000014625,1298.314159036847,1685619.6555555554,17175.0,19950.0,17185.25,19321.5,2136.25,87.5,0.0718845562583036,0,0,17453.995,18854.002500000002,526.5697394436756,-526.5697394436756,-0.028328980814968784,-0.02873798943997701
CL--ZA,CL,ZA,9240.225022987668,10,9511.2,9675.0,9538.125,9666.946160049714,266.9505988422244,71262.62222222221,9113.0,9694.0,9272.5,9682.25,409.75,14.0,0.028066973551415634,0,0,9342.5875,9672.8025,270.9749770123326,270.9749770123326,0.029325582043533124,0.02890381306794456
CN--CO,CN,CO,14959.442903499128,10,14992.6,14961.0,14964.0,14959.717400000245,96.60940832950887,9333.377777777778,14950.0,15264.0,14954.0,14962.0,8.0,5.0,0.006443806166342653,2,0,14956.195000000002,15054.42,33.157096500872285,33.157096500872285,0.0022164659950750297,0.002214013257924998
CN--DE,CN,DE,7374.095211881501,10,7353.8,7355.0,7353.75,7353.799999999993,3.425395354310701,11.733333333333334,7350.0,7358.0,7350.0,7356.0,6.0,3.0,0.0004657993628206779,0,0,7351.7,7355.7,20.295211881501018,-20.295211881501018,-0.002752230788775331,-0.0027560251394842836
CN--DZ,CN,DZ,9128.627104002482,10,9134.2,9132.0,9134.375,9134.490385714327,12.576874722194612,158.1777777777778,9113.0,9154.0,9131.0,9143.75,12.75,10.5,0.0013768994243824977,0,0,9126.8,9142.1,5.572895997518572,5.572895997518572,0.0006104856660291353,0.0006102993954614423
CN--EG,CN,EG,7555.922022804329,10,8265.1,8343.5,8342.625,8342.840071454657,251.42105012199048,63212.544444444444,7550.0,8360.0,8335.0,8350.0,15.0,7.5,0.030419601713468736,1,0,8103.7,8348.702500000001,709.1779771956717,709.1779771956717,0.09385723874006645,0.08971020073146985
CN--ES,CN,ES,9241.695750140318,10,9219.0,9215.5,9218.125,9216.089559999999,5.811865258054231,33.77777777777778,9214.0,9231.0,9215.0,9223.0,8.0,1.0,0.0006304225250085944,0,0,9215.9975,9222.6,22.695750140317614,-22.695750140317614,-0.0024557993201597254,-0.0024588197413557026
CN--ET,CN,ET,8323.256614917631,10,8316.539999999999,8317.0,8316.55,8316.733333333275,3.7214692439053025,13.849333333333105,8311.0,8322.0,8315.0,8318.8,3.7999999999992724,2.199999999999818,0.0004474780670693946,0,0,8314.278999999999,8318.560500000001,6.716614917631887,-6.716614917631887,-0.0008069695827464711,-0.0008072953579725038
CN--FI,CN,FI,6335.706896287733,10,6307.0,6307.0,6307.0,6307.0,0.0,0.0,6307.0,6307.0,6307.0,6307.0,0.0,0.0,0.0,0,0,6307.0,6307.0,28.70689628773289,-28.70689628773289,-0.004530969749335005,-0.004541265704983453
CN--FJ,CN,FJ,9087.647388686939,10,8824.3,8820.0,8817.875,8827.111626789596,462.3565363079305,213773.56666666668,8215.0,9485.0,8518.75,9185.5,666.75,361.0,0.05239583154561048,0,0,8548.8825,9087.737500000001,263.34738868693967,-263.34738868693967,-0.028978609911160996,-0.02940678200570181
CN--FR,CN,FR,8235.539912036413,10,8215.4,8215.0,8215.25,8215.333333333334,0.6992058987801011,0.488888888888889,8215.0,8217.0,8215.0,8215.75,0.75,0.0,8.510917286804064e-05,1,0,8215.1,8215.8,20.13991203641308,-20.13991203641308,-0.002445487758122352,-0.0024484828472755723
CN--GB,CN,GB,8159.495498560135,10,8140.0,8140.0,8140.0,8140.0,0.0,0.0,8140.0,8140.0,8140.0,8140.0,0.0,0.0,0.0,0,0,8140.0,8140.0,19.495498560135275,-19.495498560135275,-0.002389301956668221,-0.0023921608934049073
CN--GH,CN,GH,11825.126110302292,10,11251.3,11203.5,11246.25,11246.249999993715,154.1882327258183,23774.011111111104,11055.0,11488.0,11135.0,11395.0,260.0,127.5,0.013704037109117906,0,0,11162.89,11343.61,573.8261103022924,-573.8261103022924,-0.04852600343960504,-0.049742921510183065
CN--GR,CN,GR,7631.506142204527,10,7611.8,7611.5,7611.75,7611.714285714285,0.9189365834726815,0.8444444444444444,7611.0,7613.0,7611.0,7612.75,1.75,0.5,0.00012072526649053856,0,0,7611.3,7612.4,19.70614220452717,-19.70614220452717,-0.0025822087851762664,-0.002585548436638408
CN--IN,CN,IN,3786.344323933427,10,3784.0,3785.0,3783.75,3783.9922666568477,3.7712361663282534,14.222222222222221,3780.0,3790.0,3780.0,3786.5,6.5,4.0,0.0009966268938499613,0,0,3781.8,3786.0,2.3443239334269492,-2.3443239334269492,-0.0006191523360959308,-0.0006193440900575589
CN--IT,CN,IT,8143.606625822012,10,8129.6,8130.0,8129.75,8129.75,0.8432740427115678,0.7111111111111111,8128.0,8130.0,8130.0,8130.0,0.0,0.0,0.00010372884800132451,2,0,8129.0,8130.0,14.006625822011301,-14.006625822011301,-0.001719953635481193,-0.00172143445393825
CN--JP,CN,JP,2104.0237532057217,10,2099.9,2100.0,2100.0,2099.9,0.31622776601683794,0.1,2099.0,2100.0,2100.0,2100.0,0.0,0.0,0.0001505918215233287,1,0,2099.7,2100.0,4.123753205721641,-4.123753205721641,-0.001959936621171044,-0.001961859810247157
CN--KE,CN,KE,9214.097058911791,10,9584.6,9582.5,9586.875,9586.79711111117,15.650346109058844,244.9333333333333,9550.0,9601.0,9580.0,9598.75,18.75,10.0,0.0016328637719945375,1,0,9574.5,9592.5025,370.5029410882089,370.5029410882089,0.040210444791208465,0.039423043443904786
CN--KR,CN,KR,958.3389564502992,10,953.4,953.0,953.125,953.2222222222222,0.9660917830792959,0.9333333333333333,953.0,956.0,953.0,953.0,0.0,0.0,0.0010133121282560268,2,0,953.0,954.0,4.938956450299202,-4.938956450299202,-0.005153663447631478,-0.005166989375713722
CN--MA,CN,MA,9959.705404692048,10,10299.8,10301.0,10301.25,10301.422850034818,13.990472948879653,195.73333333333332,10275.0,10313.0,10294.0,10312.5,18.5,11.0,0.0013583247197887002,0,0,10290.6,10307.9,340.09459530795175,340.09459530795175,0.0341470537017824,0.03357698425443038
CN--MX,CN,MX,12474.484204037479,10,12442.2,12444.0,12442.125,12442.199999999992,5.4528280124476085,29.733333333333338,12435.0,12450.0,12437.0,12444.0,7.0,6.0,0.00043825272158039643,0,0,12438.9,12445.1,32.28420403747805,-32.28420403747805,-0.0025880191524896056,-0.0025913738633437716
CN--MY,CN,MY,4332.637278888493,10,4347.2,4347.0,4347.375,4347.25483333333,2.6997942308422114,7.288888888888888,4343.0,4350.0,4345.0,4350.0,5.0,2.5,0.0006210421031565632,0,0,4345.5,4348.6,14.562721111507017,14.562721111507017,0.0033611678463060677,0.003355531747379183
CN--NG,CN,NG,10936.133047329091,10,10778.25,10718.0,10759.875,10747.34011427634,301.7708153549644,91065.62500000001,10410.0,11293.5,10571.75,10996.5,424.75,208.0,0.02799812727993546,0,0,10609.7875,10947.28625,157.8830473290909,-157.8830473290909,-0.014436825763348806,-0.014542050703025004
CN--NL,CN,NL,7840.400371133997,10,7824.15,7824.0,7824.0625,7824.15,0.3374742788552765,0.11388888888888891,7824.0,7825.0,7824.0,7824.0,0.0,0.0,4.313238867548251e-05,2,0,7824.0,7824.4,16.25037113399776,-16.25037113399776,-0.0020726455748135966,-0.0020747964772057505
CN--NO,CN,NO,7040.101298011618,10,6981.55,6980.25,6979.5,6979.500000000016,15.183049759518013,230.525,6961.5,7018.0,6972.375,6985.75,13.375,7.25,0.0021747390994146017,1,0,6973.7,6991.2,58.5512980116182,-58.5512980116182,-0.008316826070124194,-0.008351603829352686
CN--NZ,CN,NZ,10759.510305075924,10,10196.8,10165.0,10186.625,10168.965199964367,65.90531929299115,4343.511111111112,10150.0,10325.0,10165.0,10192.5,27.5,10.0,0.006463333525516942,2,0,10162.5,10237.612500000001,562.7103050759251,-562.7103050759251,-0.052298876911754985,-0.05371609743942714
CN--PE,CN,PE,16647.408363779676,10,17008.3,17002.5,17006.375,17005.181314237147,22.29125389025929,496.9,16987.0,17045.0,16990.0,17027.75,37.75,14.0,0.0013106103426126828,0,0,16995.8,17021.2025,360.89163622032356,360.89163622032356,0.02167854769547959,0.021446909718170155
CN--PH,CN,PH,2841.990869314639,10,2852.0,2850.5,2850.625,2850.6340555555626,6.164414002968976,37.99999999999999,2847.0,2868.0,2848.0,2853.5,5.5,2.5,0.002161435484911983,1,0,2849.1,2855.9,10.009130685361015,10.009130685361015,0.0035218729213492405,0.003515685649845969
CN--PK,CN,PK,3879.3914083676773,10,3925.7,3938.0,3932.875,3937.184066666721,29.314577336957196,859.3444444444444,3850.0,3944.0,3931.25,3940.0,8.75,3.0,0.007467350367312122,2,0,3905.4975,3939.6,46.30859163232253,46.30859163232253,0.011937076401323396,0.011866391463126773
CN--PL,CN,PL,6956.214835268704,10,7059.43,6950.65,7031.1625,6951.860133332919,181.34970544962752,32887.71566666666,6943.0,7402.0,6948.5,7189.5,241.0,4.0,0.025689001158681016,0,0,6949.786749999999,7167.044250000001,103.21516473129668,103.21516473129668,0.014837834537252284,0.014728830800520173
CN--PT,CN,PT,9687.15424475197,10,9673.25,9680.5,9680.25,9680.250000000031,25.5617444196944,653.4027777777777,9602.0,9688.5,9674.75,9685.0,10.25,5.0,0.002642518741859706,1,0,9656.49875,9683.6,13.9042447519696,-13.9042447519696,-0.0014353281057233342,-0.0014363591758429202
CN--RU,CN,RU,5806.057705333434,10,5794.8,5796.0,5795.625,5795.750000002139,2.8982753492378874,8.399999999999999,5787.0,5796.0,5796.0,5796.0,0.0,0.0,0.0005001510577134478,2,0,5792.9925,5796.0,11.257705333433478,-11.257705333433478,-0.0019389585678923188,-0.0019408407814725808
CN--SA,CN,SA,6606.426919492859,10,6191.0,6193.0,6190.5,6191.931166666656,7.745966692414834,60.00000000000001,6180.0,6206.0,6185.5,6194.0,8.5,2.5,0.0012511656747560707,0,0,6186.5,6195.6,415.42691949285927,-415.42691949285927,-0.0628822394549018,-0.06494632636404893
CN--SE,CN,SE,6720.436278900068,10,6710.4,6712.0,6711.375,6711.5,3.777124126457412,14.266666666666666,6700.0,6713.0,6710.25,6712.0,1.75,0.5,0.0005628761514153272,1,0,6707.9,6712.0,10.036278900068282,-10.036278900068282,-0.0014933969289432675,-0.001494513157590293
CN--SG,CN,SG,4463.068886903711,10,4478.2,4477.5,4477.875,4477.611949999992,4.417138339593985,19.51111111111111,4474.0,4485.0,4474.25,4480.0,5.75,3.0,0.0009863646866138148,0,0,4475.797500000001,4480.9,15.131113096288573,15.131113096288573,0.00339029342358771,0.0033845593353447933
CN--SN,CN,SN,12308.087610438688,10,12005.7,11895.0,11956.5,11891.61419999716,302.53633390608366,91528.23333333334,11785.0,12620.0,11823.5,11953.25,129.75,69.0,0.02519939144790255,2,0,11851.9475,12208.6075,302.38761043868726,-302.38761043868726,-0.024568204258005724,-0.02487503859343892
CN--TH,CN,TH,3289.9112641123884,10,3293.5,3293.0,3293.5,3293.4285714285716,0.97182531580755,0.9444444444444444,3292.0,3295.0,3293.0,3294.0,1.0,0.5,0.00029507372576515866,0,0,3293.0,3294.1,3.5887358876116195,3.5887358876116195,0.0010908306028672946,0.001090236079475373
CN--TR,CN,TR,6847.206348764228,10,6054.05,5991.5,5966.3125,5986.912157154884,369.5387853647962,136558.9138888889,5745.0,7065.0,5957.75,6020.5,62.75,36.5,0.06103992952895932,3,0,5891.7,6295.0275,793.1563487642279,-793.1563487642279,-0.11583648985653476,-0.12311326722299738
CN--TZ,CN,TZ,9656.25374403827,10,9441.1,9382.5,9445.125,9440.826842842009,248.92455349630202,61963.43333333333,8990.0,9860.0,9300.0,9617.5,317.5,141.5,0.026366054114065313,0,0,9297.065,9582.595,215.153744038269,-215.153744038269,-0.022281285241815857,-0.02253326303748389
CN--UA,CN,UA,6466.108332658287,10,6450.1,6450.0,6450.0,6450.1,0.31622776601683794,0.1,6450.0,6451.0,6450.0,6450.0,0.0,0.0,4.902680051733119e-05,1,0,6450.0,6450.3,16.008332658286236,-16.008332658286236,-0.0024757291147494646,-0.0024787987995930224
CN--US,CN,US,11169.116898963428,10,11170.6,11172.0,11172.0,11171.888888888889,4.427188724235732,19.60000000000001,11158.0,11172.0,11172.0,11172.0,0.0,0.0,0.00039632506080566237,1,0,11167.8,11172.0,1.4831010365724069,1.4831010365724069,0.0001327858818193629,0.00013277706655456732
CN--VN,CN,VN,2322.1755294999916,10,2321.3,2321.0,2320.875,2320.848900027841,7.409453421137082,54.900000000000006,2313.0,2333.0,2314.25,2325.0,10.75,6.0,0.0031919413350868396,0,0,2317.3,2326.0025,0.875529499991444,-0.875529499991444,-0.00037702985363038515,-0.00037710094725585595
CN--ZA,CN,ZA,11648.376355581766,10,11715.0,11715.0,11715.0,11715.0,0.0,0.0,11715.0,11715.0,11715.0,11715.0,0.0,0.0,0.0,0,0,11715.0,11715.0,66.62364441823411,66.62364441823411,0.005719564889085064,0.0057032702803488525
CO--DE,CO,DE,9434.723265292183,10,9385.4,9401.0,9401.5,9401.88199999995,60.362239852411044,3643.6,9217.0,9425.0,9393.75,9411.5,17.75,10.0,0.006431504235558532,1,0,9344.192500000001,9409.8025,49.32326529218335,-49.32326529218335,-0.005227844411041754,-0.0052415574034412995
CO--DZ,CO,DZ,8561.364835153712,10,8504.7,8511.0,8505.5,8505.500000000156,23.66924868544275,560.2333333333333,8468.0,8535.0,8483.5,8524.75,41.25,19.0,0.0027830786136421918,0,0,8491.0,8518.0025,56.664835153711465,-56.664835153711465,-0.006618668430183082,-0.006640668945889306
CO--EG,CO,EG,11223.931381246066,10,11368.5,11496.0,11420.25,11496.501149997011,293.66846386131874,86241.16666666667,10785.0,11538.0,11471.5,11523.75,52.25,29.0,0.025831768822739916,2,0,11164.4825,11515.702500000001,144.56861875393406,144.56861875393406,0.012880390465990557,0.0127981437305275
CO--ES,CO,ES,8024.515430689445,10,8011.3,8013.0,8011.875,8012.216771428573,3.4657049948186747,12.01111111111111,8003.0,8015.0,8011.0,8013.0,2.0,1.0,0.0004326020739229182,1,0,8009.1975,8013.0,13.215430689444474,-13.215430689444474,-0.0016468820832349052,-0.0016482396842769384
CO--ET,CO,ET,12426.953409430811,10,12087.65,12139.5,12094.8125,12120.53848015075,100.71357902487628,10143.225,11933.0,12185.0,11988.75,12172.125,183.375,42.0,0.0083319403709469,0,0,12033.348750000001,12146.1625,339.30340943081137,-339.30340943081137,-0.027303828883217196,-0.027683505459937696
CO--FI,CO,FI,10062.532890466686,10,9877.2,9735.0,9859.5,9771.720020007835,246.9744926100669,60996.399999999994,9641.0,10255.0,9681.25,10113.5,432.25,79.5,0.025004504577214887,0,0,9739.157500000001,10024.9175,185.33289046668506,-185.33289046668506,-0.01841811524832587,-0.01858984057268544
CO--FJ,CO,FJ,12022.37001080766,10,13079.7,12970.0,13036.5,13017.72591476797,297.17822935067096,88314.9,12745.0,13760.0,12921.25,13147.0,225.75,139.0,0.022720569229467875,1,0,12926.859999999999,13253.605,1057.3299891923416,1057.3299891923416,0.08794688470258706,0.08429232803487358
CO--FR,CO,FR,8632.37794115417,10,8628.3,8630.0,8628.375,8629.065659999997,3.1287200080686173,9.788888888888888,8624.0,8632.0,8625.0,8630.75,5.75,1.5,0.0003626114075853433,0,0,8626.5,8630.1,4.077941154169821,-4.077941154169821,-0.0004724006735998622,-0.0004725122899512347
CO--GB,CO,GB,8501.996904262256,10,8489.9,8492.5,8490.5625,8490.348799999998,11.167412910388473,124.71111111111114,8474.0,8500.5,8480.0,8500.0,20.0,8.0,0.0013153762600723769,0,0,8483.29875,8496.551249999999,12.09690426225643,-12.09690426225643,-0.0014228309417746272,-0.001423844126893877
CO--GH,CO,GH,8186.029470285618,10,8190.7,8174.5,8175.0625,8178.666666665387,94.07006844782126,8849.177777777777,8083.5,8423.0,8154.25,8210.5,56.25,31.5,0.011484985220777377,1,0,8144.1475,8248.5025,4.670529714381701,4.670529714381701,0.000570548851715622,0.000570386150602508
CO--GR,CO,GR,10382.81703126424,10,10218.1,10249.0,10239.75,10248.034799999732,78.45798592594355,6155.655555555556,10006.0,10257.0,10238.5,10255.0,16.5,6.0,0.007678334125321101,2,0,10165.68,10251.4,164.71703126423927,-164.71703126423927,-0.01586438735925436,-0.0159915737015387
CO--IN,CO,IN,15225.968636419148,10,15735.4,15780.0,15794.5,15791.325200013347,402.032668656002,161630.2666666667,14798.0,16200.0,15595.25,15990.0,394.75,214.0,0.02554956776796281,1,0,15463.94,15950.9125,509.4313635808521,509.4313635808521,0.03345805943421807,0.03291051821728419
CO--IT,CO,IT,9387.891649710753,10,9350.9,9351.5,9350.75,9351.103633333427,5.896326540030383,34.76666666666667,9342.0,9361.0,9346.25,9354.75,8.5,3.5,0.0006305624635094358,0,0,9347.297499999999,9354.4025,36.991649710753336,-36.991649710753336,-0.003940357546829279,-0.003948141209298005
CO--JP,CO,JP,14327.518669903713,10,14313.0,14313.0,14313.0,14313.0,0.0,0.0,14313.0,14313.0,14313.0,14313.0,0.0,0.0,0.0,0,0,14313.0,14313.0,14.51866990371309,-14.51866990371309,-0.001013341544911814,-0.0010138553225726523
CO--KE,CO,KE,12348.95435955968,10,11720.9,11740.5,11729.75,11735.890443131562,110.60585678686077,12233.655555555555,11488.0,11883.0,11689.5,11783.0,93.5,56.5,0.009436635137818835,1,0,11650.677500000002,11782.8575,628.054359559681,-628.054359559681,-0.0508589100965853,-0.052197819237981544
CO--KR,CO,KR,14855.470153152684,10,14875.1,14874.0,14875.125,14874.334771397283,13.11021654198655,171.87777777777777,14856.0,14894.0,14865.0,14884.0,19.0,9.0,0.0008813531701962709,0,0,14867.5975,14883.0025,19.629846847316003,19.629846847316003,0.0013213884612834068,0.0013205161958671013
CO--MA,CO,MA,7635.020568883151,10,7709.9,7731.25,7723.75,7728.332192858215,85.46045219216249,7303.488888888891,7515.0,7794.0,7688.25,7764.625,76.375,40.25,0.011084508514009585,1,0,7655.79125,7754.00375,74.87943111684854,74.87943111684854,0.009807364687663425,0.009759584630247623
CO--MX,CO,MX,3175.5874499646543,10,3168.8,3160.0,3168.75,3163.158240000127,13.206059215375342,174.4,3154.0,3184.0,3160.0,3184.0,24.0,4.0,0.004167526892001812,0,0,3161.595,3176.8,6.787449964654115,-6.787449964654115,-0.002137384049911667,-0.0021396715152426126
CO--MY,CO,MY,19032.67962698383,10,19640.2,19767.5,19695.875,19764.786700050314,274.4885344701224,75343.95555555556,19053.0,19782.0,19742.0,19780.75,38.75,14.5,0.013975852306500055,2,0,19458.1925,19772.5025,607.5203730161702,607.5203730161702,0.03191985495068441,0.03142100411217511
CO--NG,CO,NG,9018.876991242843,10,8741.0,8789.0,8762.8125,8775.010999998716,166.38793359028307,27684.94444444445,8340.0,8967.5,8685.0,8812.375,127.375,45.0,0.01903534304888263,1,0,8634.54625,8821.79625,277.87699124284336,-277.87699124284336,-0.030810597762077983,-0.031295224645646734
CO--NL,CO,NL,8857.739182265888,10,8830.0,8829.0,8828.75,8828.750000000005,8.459051693633013,71.55555555555554,8819.0,8851.0,8825.75,8831.5,5.75,3.5,0.000957989999278937,1,0,8825.5,8835.3025,27.739182265888303,-27.739182265888303,-0.003131632315548986,-0.0031365461375665316
CO--NO,CO,NO,9277.765385828061,10,9131.77,9149.75,9138.9625,9140.527587501218,84.93668295331003,7214.240111111106,8988.0,9218.0,9083.05,9208.25,125.20000000000073,65.25,0.00930122889136608,0,0,9074.993,9182.34025,145.99538582806053,-145.99538582806053,-0.015736050628211713,-0.01586117666863827
CO--NZ,CO,NZ,12107.72103768077,10,12442.7,12435.0,12431.5,12434.052528571396,85.92897583986957,7383.788888888887,12330.0,12645.0,12397.5,12470.0,72.5,35.5,0.006905975056850166,1,0,12397.9875,12495.105,334.97896231923005,334.97896231923005,0.0276665576681799,0.027290754171849816
CO--PE,CO,PE,1869.717421500606,10,1881.0,1880.0,1880.375,1880.2857142857142,2.581988897471611,6.666666666666666,1879.0,1888.0,1880.0,1880.75,0.75,0.0,0.0013726682070556147,2,0,1879.9,1882.6,11.282578499394049,11.282578499394049,0.006034376301815077,0.00601624236789289
CO--PH,CO,PH,17318.972788215247,10,17555.4,17535.0,17539.0,17532.499999999876,70.25540706751491,4935.822222222224,17502.0,17740.0,17525.0,17538.75,13.75,10.0,0.004001925736099143,3,0,17523.7,17601.7125,236.42721178475404,236.42721178475404,0.013651341489815822,0.013559001356253772
CO--PK,CO,PK,14553.253604343023,10,15236.13,15301.15,15254.6625,15281.709666664578,231.5510313324281,53615.880111111095,14766.0,15558.0,15168.0,15367.5,199.5,85.0,0.015197496433308727,1,0,15092.715749999998,15357.937499999998,682.8763956569765,682.8763956569765,0.04692259299688082,0.04585499696510005
CO--PL,CO,PL,9952.660970335612,10,9727.0,9690.0,9717.75,9700.050666665455,72.37095795659717,5237.555555555555,9667.0,9861.0,9684.5,9740.5,56.0,20.0,0.007440213627695812,2,0,9687.4975,9769.9075,225.66097033561164,-225.66097033561164,-0.022673430855145685,-0.0229344257336298
CO--PT,CO,PT,7528.581774689585,10,7471.2,7470.5,7467.5,7468.472750000067,40.51556628150606,1641.511111111111,7428.0,7544.0,7433.25,7488.0,54.75,35.0,0.005422899438042893,0,0,7448.597500000001,7498.0075,57.381774689584745,-57.381774689584745,-0.007621857131511424,-0.007651051924881426
CO--RU,CO,RU,10916.0980038675,10,10903.65,10902.25,10902.8125,10902.57142857143,3.1539217210042207,9.947222222222226,10902.0,10912.0,10902.0,10903.625,1.625,0.25,0.0002892537564030596,1,0,10902.2,10905.75125,12.44800386750103,-12.44800386750103,-0.001140334564886719,-0.0011409852410527014
CO--SA,CO,SA,12862.1824864371,10,13453.0,13517.0,13500.125,13505.017728497887,171.2522505934837,29327.333333333336,12975.0,13554.0,13480.25,13524.0,43.75,21.5,0.012729670006205581,1,0,13341.4,13519.8,590.8175135629008,590.8175135629008,0.04593446828995821,0.04491071386175379
CO--SE,CO,SE,9693.22189855851,10,9541.05,9529.0,9534.5625,9529.083333333263,71.1088563010575,5056.469444444445,9446.0,9688.0,9510.375,9548.25,37.875,21.5,0.007452938230179855,3,0,9503.297499999999,9584.605,152.1718985585103,-152.1718985585103,-0.015698794492792944,-0.01582332561216617
CO--SG,CO,SG,19316.524021455647,10,19324.5,19049.0,19307.5,19059.453839949485,363.0960234183545,131838.72222222222,19025.0,19760.0,19045.5,19742.0,696.5,14.0,0.01878941361579107,0,0,19114.2975,19537.2025,7.975978544352984,7.975978544352984,0.00041290961745983596,0.0004128243937427703
CO--SN,CO,SN,6296.585430647009,10,7179.0,7230.5,7196.25,7236.692057145514,244.32992266832792,59697.1111111111,6750.0,7470.0,7160.25,7344.5,184.25,106.0,0.03403397724868755,2,0,7038.65,7309.402499999999,882.4145693529908,882.4145693529908,0.14014176081183066,0.1311526062647113
CO--TH,CO,TH,17891.231905646808,10,17346.7,17286.0,17342.125,17342.12500037426,157.33831206811786,24755.344444444443,17120.0,17610.0,17243.75,17481.0,237.25,118.5,0.009070215779838115,0,0,17253.897500000003,17440.505,544.531905646807,-544.531905646807,-0.03043568539709904,-0.030908468590562965
CO--TR,CO,TR,11114.439440495353,10,10847.7,10781.5,10819.125,10779.99072500031,156.23632384592543,24409.788888888885,10762.0,11162.0,10765.0,10787.0,22.0,16.5,0.014402714293898744,2,0,10771.7925,10958.4075,266.739440495352,-266.739440495352,-0.023999360644630395,-0.02429203749203615
CO--TZ,CO,TZ,12263.99655872549,10,11540.4,11515.0,11530.5,11527.892785996022,111.71411927077277,12480.044444444444,11385.0,11775.0,11469.25,11600.25,131.0,57.5,0.009680264052439496,0,0,11476.89,11610.715,723.5965587254905,-723.5965587254905,-0.05900169290333597,-0.06081393844549155
CO--UA,CO,UA,10641.180470910898,10,10294.1,10287.0,10292.625,10292.624999999603,78.47073056596042,6157.655555555555,10156.0,10444.0,10256.25,10338.0,81.75,48.5,0.007622884037065933,0,0,10250.5875,10341.0275,347.08047091089793,-347.08047091089793,-0.0326167262983359,-0.03316050869345683
CO--US,CO,US,3810.5972373090326,10,3493.2,3493.0,3493.25,3493.1608666666666,1.4757295747452437,2.1777777777777776,3491.0,3495.0,3492.0,3494.75,2.75,1.0,0.00042245779650327604,0,0,3492.3,3494.1,317.3972373090328,-317.3972373090328,-0.08329330483983985,-0.08696771049557758
CO--VN,CO,VN,17168.46785762716,10,17518.0,17532.5,17525.25,17530.01557125805,133.30666399946654,17770.666666666668,17220.0,17758.0,17500.0,17559.75,59.75,35.0,0.007609696540670541,2,0,17436.4925,17596.545,349.5321423728383,349.5321423728383,0.02035895953392004,0.020154486498156
CO--ZA,CO,ZA,11470.29193218006,10,11147.1,11225.0,11177.375,11212.093649992894,209.40309347179078,43849.655555555546,10747.0,11305.0,11136.25,11298.0,161.75,79.0,0.01878543239692752,2,0,11007.8,11253.6075,323.19193218005967,-323.19193218005967,-0.0281764347490878,-0.02858100822951633
DE--DZ,DE,DZ,1929.5842635808192,10,1979.19,1984.1,1980.6125,1982.929886666413,21.456853347020754,460.3965555555557,1938.5,2008.5,1963.5,1991.925,28.424999999999955,10.900000000000091,0.010841229668208082,0,0,1965.51875,1990.9319999999998,49.60573641918086,49.60573641918086,0.025707991796701943,0.025383097854644376
DE--EG,DE,EG,2891.4189080361066,10,2892.2,2890.0,2891.9375,2890.9136571428644,4.3982319680121975,19.34444444444445,2888.0,2898.5,2889.0,2896.875,7.875,2.0,0.0015207219307144036,0,0,2889.69875,2894.9,0.7810919638932319,0.7810919638932319,0.00027014140418129894,0.0002701049225621017
DE--ES,DE,ES,1871.7316834419983,10,1869.94,1870.0,1870.0,1869.94,0.35339622081864175,0.1248888888888982,1869.0,1870.4,1870.0,1870.0,0.0,0.0,0.00018898800005275127,2,0,1869.7,1870.1200000000001,1.7916834419982024,-1.7916834419982024,-0.0009572330574131266,-0.0009576914975556222
DE--ET,DE,ET,5338.017839459692,10,5346.4,5350.0,5350.0,5350.0,12.536169891779368,157.15555555555554,5311.0,5353.0,5348.5,5351.0,2.5,1.5,0.002344787126249321,1,0,5338.1975,5351.0,8.382160540307268,8.382160540307268,0.0015702758575186215,0.0015690442635106442
DE--FI,DE,FI,1107.9778488106122,10,1101.5,1101.0,1101.25,1101.25,1.0801234497346435,1.166666666666667,1101.0,1104.0,1101.0,1101.0,0.0,0.0,0.000980593236254783,2,0,1101.0,1102.2,6.477848810612159,-6.477848810612159,-0.0058465508291216965,-0.0058637088168036425
DE--FJ,DE,FJ,15973.080004981164,10,16181.3,16184.75,16186.25,16186.249999999984,26.829916966782516,719.8444444444443,16111.0,16212.0,16181.625,16194.0,12.375,9.25,0.001658081672472701,1,0,16163.387499999999,16194.2,208.2199950188351,208.2199950188351,0.013035682219953963,0.012951448950187067
DE--FR,DE,FR,880.1220118488678,10,878.1210000000001,878.1,878.08875,878.121,0.15480812496622037,0.023965555555556902,878.0,878.5,878.0,878.1775,0.1775000000000091,0.10000000000002274,0.00017629475319030105,1,0,878.042,878.2210000000001,2.0010118488677335,-2.0010118488677335,-0.002273561872022969,-0.002276150337918428
DE--GB,DE,GB,933.6780131656095,10,931.6899999999999,932.0,931.7875,931.7375,0.6314885412877883,0.39877777777777873,930.5,932.1,931.8499999999999,932.0,0.15000000000009095,0.0,0.0006777882571325101,2,0,931.26,932.0,1.9880131656095728,-1.9880131656095728,-0.0021292277825727835,-0.002131497810891752
DE--GH,DE,GH,5355.487752609555,10,5224.7,5228.5,5215.125,5215.746928573716,65.02144945238369,4227.788888888887,5146.0,5380.0,5178.75,5243.0,64.25,27.5,0.012445011092002162,1,0,5188.7925000000005,5266.837500000001,130.78775260955535,-130.78775260955535,-0.02442125883787648,-0.02472440340451748
DE--GR,DE,GR,1803.6456298841938,10,1801.4399999999998,1801.3,1801.4125,1801.44,0.34058772731851644,0.11599999999999211,1801.0,1802.1,1801.3,1801.4,0.10000000000013642,0.05000000000006821,0.00018906415274364756,3,0,1801.27,1801.65,2.205629884193968,-2.205629884193968,-0.0012228731895275815,-0.0012236215090752798
DE--IN,DE,IN,5791.273241523696,10,5781.2,5782.5,5781.75,5781.944025000002,3.2591750830880843,10.622222222222222,5774.0,5784.0,5780.0,5783.75,3.75,1.5,0.0005637540792721381,1,0,5779.2,5783.0,10.073241523696197,-10.073241523696197,-0.0017393828789618476,-0.0017408973617934135
DE--IT,DE,IT,1183.3475090566692,10,1183.333,1184.0,1183.4537500000001,1183.6185714285714,1.1598855307505447,1.3453344444444728,1181.5,1184.2,1182.5,1184.0,1.5,0.06500000000005457,0.0009801852316723564,0,0,1182.57585,1184.026,0.014509056669112397,-0.014509056669112397,-1.226102776916191e-05,-1.2261102936204643e-05
DE--JP,DE,JP,8941.116372895822,10,8918.0,8918.0,8918.0,8918.0,0.0,0.0,8918.0,8918.0,8918.0,8918.0,0.0,0.0,0.0,0,0,8918.0,8918.0,23.11637289582177,-23.11637289582177,-0.0025854011883680366,-0.002588749109745344
DE--KE,DE,KE,6352.944306361189,10,6328.95,6327.5,6329.0,6327.376700000018,13.187641521094243,173.91388888888886,6307.5,6350.0,6321.0,6332.25,11.25,6.5,0.002083701328197291,2,0,6321.6475,6337.0025,23.994306361189047,-23.994306361189047,-0.0037768796961061978,-0.003784030116087723
DE--KR,DE,KR,8148.703873526628,10,8126.6,8127.5,8126.75,8126.823375007927,3.1692971530679235,10.044444444444444,8122.0,8130.0,8124.25,8129.5,5.25,2.5,0.0003899905437782004,0,0,8124.6975,8128.3,22.103873526627467,-22.103873526627467,-0.0027125631106117575,-0.002716248776502626
DE--MA,DE,MA,2611.9809662547964,10,2621.2200000000003,2628.35,2624.025,2626.312836666792,14.704708240711344,216.2284444444441,2587.0,2633.0,2619.5,2630.0,10.5,3.650000000000091,0.0056098718309456445,1,0,2612.1487500000003,2628.81,9.23903374520387,9.23903374520387,0.0035371749888557995,0.0035309338982945325
DE--MX,DE,MX,9740.126910212532,10,9723.7,9725.0,9724.875,9724.875,4.1379007023153935,17.122222222222227,9712.0,9726.0,9725.0,9725.0,0.0,0.0,0.0004255479603767489,3,0,9720.9,9725.2,16.426910212530856,-16.426910212530856,-0.0016865191145822983,-0.0016879428889845604
DE--MY,DE,MY,9615.08570758263,10,9595.4,9595.0,9594.875,9594.931057142858,3.806427312965386,14.488888888888887,9590.0,9605.0,9594.25,9595.75,1.5,1.0,0.0003966929271281433,2,0,9593.4,9597.7,19.68570758263013,-19.68570758263013,-0.0020473772342045403,-0.0020494759760742933
DE--NG,DE,NG,4846.239230895395,10,4901.6,4901.25,4898.8125,4899.13161111114,40.40682010640173,1632.7111111111112,4853.5,4972.0,4865.25,4931.0,65.75,32.5,0.008243598030520998,0,0,4878.79875,4923.7,55.360769104605424,55.360769104605424,0.011423449497018933,0.011358694580872979
DE--NL,DE,NL,577.0085813772484,10,577.6850000000001,577.5,577.65,577.685,0.2789364722576717,0.07780555555555486,577.5,578.15,577.5,577.9,0.39999999999997726,0.0,0.0004828521984432202,0,0,577.5200000000001,577.865,0.676418622751612,0.676418622751612,0.0011722852043848015,0.0011715986146181468
DE--NO,DE,NO,839.4791498459016,10,839.04,839.0,839.0,839.04,0.12649110640672795,0.015999999999998172,839.0,839.4,839.0,839.0,0.0,0.0,0.00015075694413463955,1,0,839.0,839.1200000000001,0.43914984590162476,-0.43914984590162476,-0.0005231218023487981,-0.0005232586782961365
DE--NZ,DE,NZ,18133.546853189033,10,18166.3,18162.5,18165.125,18163.504642857144,19.894443668745524,395.78888888888883,18142.0,18200.0,18150.0,18176.25,26.25,12.5,0.001095129094463128,0,0,18154.5975,18178.605,32.75314681096643,32.75314681096643,0.0018062184456322365,0.0018045891946559859
DE--PE,DE,PE,11091.52456248637,10,11119.09,11135.0,11121.4875,11126.358687903688,31.836612396561396,1013.5698888888868,11064.0,11155.0,11095.0,11142.0,47.0,15.199999999999818,0.0028632390237475725,0,0,11100.53775,11136.79625,27.565437513630968,27.565437513630968,0.00248527038445756,0.0024821872073116273
DE--PH,DE,PH,9877.59768324053,10,9712.95,9752.25,9756.625,9754.606500044389,148.35776016103773,22010.024999999994,9293.5,9783.0,9745.5,9775.375,29.875,12.5,0.015274222575122669,1,0,9618.4,9767.60125,164.64768324052966,-164.64768324052966,-0.01666879827671964,-0.016809286057767697
DE--PK,DE,PK,5120.406237354785,10,5286.08,5285.65,5287.1,5286.878098888926,8.644047405906306,74.71955555555554,5268.0,5296.0,5285.125,5293.0,7.875,7.350000000000364,0.0016352471786099164,1,0,5280.521250000001,5290.530000000001,165.673762645215,165.673762645215,0.03235558956954995,0.0318431712473738
DE--PL,DE,PL,517.9674462482383,10,517.64,517.5,517.5875,517.64,0.2951459149490679,0.08711111111112242,517.5,518.2,517.5,517.5,0.0,0.0,0.0005701760199155163,2,0,517.5,517.85,0.3274462482382887,-0.3274462482382887,-0.0006321753434700577,-0.0006323752505578164
DE--PT,DE,PT,2315.454518326916,10,2312.0,2312.0,2312.0,2312.0,1.5634719199411433,2.4444444444444446,2310.0,2314.0,2310.5,2313.0,2.5,1.5,0.0006762421799053389,0,0,2311.1,2312.9,3.454518326916059,-3.454518326916059,-0.0014919396168542318,-0.0014930536669659396
DE--RU,DE,RU,1613.9333205348753,10,1609.3799999999999,1609.5,1609.4125,1609.38,0.2043961295567472,0.041777777777778594,1609.0,1609.5,1609.4,1609.5,0.09999999999990905,0.0,0.00012700302573459793,2,0,1609.24,1609.49,4.553320534875411,-4.553320534875411,-0.002821256911262226,-0.0028252441576720197
DE--SA,DE,SA,4176.916396262325,10,4203.2,4195.0,4202.3125,4203.200000000942,72.9673442940973,5324.2333333333345,4130.0,4283.5,4134.625,4274.0,139.375,64.0,0.017359950583864033,0,0,4161.54875,4245.5025,26.28360373767464,26.28360373767464,0.0062925855449714714,0.006272869893607049
DE--SE,DE,SE,814.5045168029693,10,810.0,810.0,810.0,810.0,0.0,0.0,810.0,810.0,810.0,810.0,0.0,0.0,0.0,0,0,810.0,810.0,4.504516802969306,-4.504516802969306,-0.005530376701470103,-0.0055457258519141595
DE--SG,DE,SG,9925.538516503066,10,9911.175,9910.575,9911.38125,9911.09627142857,3.309183350079517,10.950694444443494,9904.7,9916.0,9910.0,9912.974999999999,2.974999999998545,1.5,0.00033388406017243334,1,0,9909.259875,9912.995625,14.363516503066421,-14.363516503066421,-0.001447127173924557,-0.0014481752737311858
DE--SN,DE,SN,5002.201564734814,10,5027.91,5027.0,5026.8125,5026.674842857142,4.795008979252503,22.992111111112134,5024.0,5040.6,5025.25,5027.75,2.5,1.5,0.0009536783632269677,1,0,5025.75,5031.379999999999,25.70843526518547,25.70843526518547,0.005139424098066782,0.005126262334698391
DE--TH,DE,TH,8612.78119439707,10,8602.557,8602.7,8602.57125,8602.595000000032,1.8304343746771328,3.3504899999996662,8600.0,8605.0,8601.452500000001,8603.575,2.1224999999994907,1.1649999999999636,0.0002127779420324832,0,0,8601.563575,8603.707325000001,10.224194397069368,-10.224194397069368,-0.0011870955695148255,-0.0011878007255740396
DE--TR,DE,TR,2040.6210846007348,10,2029.9,2029.0,2029.75,2029.3217333333369,2.1832697191750423,4.766666666666668,2028.0,2033.0,2028.0,2031.75,3.75,1.0,0.001075555307736855,0,0,2028.7,2031.2,10.721084600734684,-10.721084600734684,-0.005253834081025561,-0.005267683998712435
DE--TZ,DE,TZ,6841.237574953327,10,6893.7,6904.0,6901.5,6901.500000000134,30.45233068985762,927.3444444444443,6810.0,6915.0,6892.75,6907.25,14.5,8.5,0.004417414550946171,1,0,6872.8975,6906.202499999999,52.46242504667316,52.46242504667316,0.007668557694699132,0.007639303767906024
DE--UA,DE,UA,1208.4684314926021,10,1188.0,1204.0,1194.0,1203.75,33.730961708462715,1137.7777777777778,1124.0,1204.0,1204.0,1204.0,0.0,0.0,0.0283930654111639,2,0,1164.0,1204.0,20.46843149260212,-20.46843149260212,-0.016937497876813527,-0.01708257782150829
DE--US,DE,US,6726.290515021435,10,6716.4800000000005,6717.0,6716.6,6716.621742852267,1.4770842148563539,2.1817777777778113,6714.0,6718.0,6715.125,6717.825,2.699999999999818,1.0,0.0002199193945126545,0,0,6715.5995,6717.3105000000005,9.810515021434185,-9.810515021434185,-0.001458532752863548,-0.0014595974471460662
DE--VN,DE,VN,8340.425219517292,10,8334.630000000001,8346.5,8337.6625,8346.01275716541,25.816491284104156,666.4912222222258,8291.0,8354.0,8320.474999999999,8353.0,32.525000000001455,6.5,0.003097496983561856,0,0,8318.15925,8348.755,5.795219517291116,-5.795219517291116,-0.0006948350191702239,-0.0006950765289015844
DE--ZA,DE,ZA,8785.190433813566,10,8709.4,8693.5,8706.75,8698.676733333295,32.15656145243836,1034.0444444444447,8680.0,8760.0,8682.25,8739.5,57.25,13.5,0.0036921672506072018,0,0,8691.1875,8728.3025,75.79043381356678,-75.79043381356678,-0.008627067834734105,-0.008664496405803204
DZ--EG,DZ,EG,2715.5414954485536,10,2714.0,2715.5,2714.375,2715.1666666666665,2.70801280154532,7.333333333333332,2709.0,2716.0,2712.5,2716.0,3.5,0.5,0.0009977939578280472,0,0,2712.2,2715.5025,1.5414954485536327,-1.5414954485536327,-0.0005676567458598192,-0.0005678179239491231
DZ--ES,DZ,ES,711.8772255887199,10,714.9,715.0,714.75,714.7882000048778,1.5238839267549948,2.3222222222222224,713.0,718.0,714.0,715.75,1.75,1.0,0.0021316043177437333,0,0,714.0975,715.9,3.0227744112801247,3.0227744112801247,0.004246201876707463,0.004237212200520827
DZ--ET,DZ,ET,4726.061150528088,10,4956.9,4944.0,4921.5,4923.628085726516,217.49250306364328,47302.98888888888,4730.0,5467.0,4791.25,5034.0,242.75,109.0,0.043876717921209486,1,0,4844.3949999999995,5098.6075,230.838849471912,230.838849471912,0.0488438135097169,0.04768842748965471
DZ--FI,DZ,FI,3033.2458162220696,10,3130.13,3126.45,3129.4625,3128.6688299999537,21.843893120656546,477.1556666666664,3102.0,3163.6,3114.75,3145.575,30.824999999999818,16.84999999999991,0.00697858974568358,0,0,3117.92775,3143.19,96.8841837779305,96.8841837779305,0.031940762354236256,0.0314412645923424
DZ--FJ,DZ,FJ,17891.524863416074,10,17823.05,17683.5,17765.0625,17766.767705513448,453.24462673777685,205430.69166666668,17336.0,18774.0,17460.0,18117.625,657.625,299.75,0.025430250531630495,0,0,17576.4425,18084.39375,68.4748634160751,-68.4748634160751,-0.0038272234445533458,-0.003834566004599859
DZ--FR,DZ,FR,1345.8479224292655,10,1348.0,1348.0,1348.0,1348.0,0.0,0.0,1348.0,1348.0,1348.0,1348.0,0.0,0.0,0.0,0,0,1348.0,1348.0,2.152077570734491,2.152077570734491,0.0015990495916135717,0.001597772473084701
DZ--GB,DZ,GB,1656.5822446092477,10,1660.7599999999998,1660.05,1660.5125,1660.5125,1.177756813230611,1.3871111111111245,1660.0,1663.5,1660.0,1661.0,1.0,0.049999999999954525,0.0007091673771228902,1,0,1660.2,1661.5505,4.177755390752054,4.177755390752054,0.0025219124521870615,0.002518737767376768
DZ--GH,DZ,GH,3472.5242188720927,10,2769.0,2715.0,2759.25,2715.3101333337845,90.79402819324383,8243.555555555557,2709.0,2907.0,2711.25,2845.0,133.75,4.0,0.0327894648585207,0,0,2714.4825,2825.71,703.5242188720927,-703.5242188720927,-0.20259735412316396,-0.2263955259104199
DZ--GR,DZ,GR,1833.1443937842616,10,1704.0,1673.5,1690.125,1673.583333333305,70.95812536669466,5035.055555555556,1662.0,1857.0,1668.25,1679.125,10.875,6.75,0.04164209235134663,2,0,1668.95,1750.8625,129.14439378426164,-129.14439378426164,-0.07044965700583013,-0.07305431191650034
DZ--IN,DZ,IN,6841.71964982002,10,7088.160000000001,7132.9,7093.075000000001,7118.771166667231,114.2865715840861,13061.420444444437,6920.5,7216.5,6980.15,7165.375,185.22500000000036,52.5,0.016123588009312163,0,0,7021.162999999999,7155.8575,246.44035017998067,246.44035017998067,0.036020235086140016,0.03538667558297415
DZ--IT,DZ,IT,992.0972539136368,10,973.93,962.65,972.7875,962.8833333333333,15.405053283473796,237.3156666666668,962.0,995.0,962.0,990.75,28.75,0.6499999999999773,0.015817413246818353,0,0,965.3292499999999,982.71325,18.16725391363684,-18.16725391363684,-0.01831196875303348,-0.018481708222130154
DZ--JP,DZ,JP,10825.062201744677,10,10394.5,10390.0,10394.75,10394.75000000004,20.935084852414086,438.2777777777777,10360.0,10427.0,10381.25,10412.75,31.5,15.0,0.00201405405285623,0,0,10382.0925,10406.8,430.5622017446767,-430.5622017446767,-0.039774570687943295,-0.04058719988661352
DZ--KE,DZ,KE,5468.388996259568,10,5335.9,5327.5,5330.75,5331.666666667816,62.306500463434794,3882.1000000000004,5253.0,5460.0,5310.0,5358.75,48.75,30.0,0.011676849353142825,1,0,5301.675,5377.1,132.488996259568,-132.488996259568,-0.02422815866797183,-0.0245264890243263
DZ--KR,DZ,KR,9964.003557283175,10,9998.0,9986.75,9989.5625,9989.562500000235,53.533478621637634,2865.8333333333335,9940.0,10123.5,9962.0,10020.75,58.75,28.5,0.005354418745912946,1,0,9969.89875,10037.7525,33.996442716825186,33.996442716825186,0.0034119259915333464,0.0034061185779419747
DZ--MA,DZ,MA,947.5149821768754,10,914.5,915.0,914.625,914.8333333333334,1.7795130420052185,3.1666666666666665,911.0,917.0,914.25,915.0,0.75,0.5,0.0019458863225863517,3,0,913.4,915.5,33.01498217687538,-33.01498217687538,-0.03484375740531813,-0.03546528132452653
DZ--MX,DZ,MX,9769.285470457762,10,9543.3,9530.0,9540.0,9542.477199998217,98.95122255154024,9791.344444444447,9417.0,9696.0,9459.5,9627.0,167.5,98.0,0.010368658907457614,0,0,9490.7925,9598.435,225.98547045776286,-225.98547045776286,-0.0231322414664963,-0.02340399072343913
DZ--MY,DZ,MY,10572.290569185669,10,10741.9,10682.5,10726.625,10712.71776666402,223.92183656108415,50140.98888888888,10444.0,11162.0,10580.25,10899.0,318.75,120.5,0.02084564523604615,0,0,10615.48,10875.1175,169.60943081433106,169.60943081433106,0.016042827209902844,0.01591550103353976
DZ--NG,DZ,NG,3099.0147228469714,10,2712.9,2715.0,2713.875,2714.333333333351,3.7844711945293255,14.32222222222222,2703.0,2715.0,2712.25,2715.0,2.75,0.0,0.0013949910407789912,1,0,2710.2,2714.7,386.1147228469713,-386.1147228469713,-0.12459273587840826,-0.13306605619992187
DZ--NL,DZ,NL,1738.248506848775,10,1777.8200000000002,1776.5,1777.7125,1777.8200000000418,46.493411719654794,2161.6373333333336,1732.0,1824.5,1734.05,1821.75,87.70000000000005,44.0,0.026151922984134945,0,0,1750.96725,1804.55,39.57149315122524,39.57149315122524,0.022765152965937743,0.0225098936217356
DZ--NO,DZ,NO,2632.9504054733866,10,2937.73,2933.0,2939.75,2940.6643857116565,108.42342971475823,11755.640111111117,2757.0,3102.3,2874.25,3014.0,139.75,80.5,0.03690721397635529,0,0,2874.21175,2999.79175,304.77959452661344,304.77959452661344,0.11575591925052464,0.1095321296895307
DZ--NZ,DZ,NZ,19142.8906277313,10,19456.8,19481.5,19470.125,19472.04637526025,119.06002221102133,14175.288888888894,19232.0,19575.0,19400.0,19559.75,159.75,82.5,0.0061191985429783595,0,0,19386.195,19522.805,313.90937226869937,313.90937226869937,0.016398222106224405,0.016265223255557803
DZ--PE,DZ,PE,9941.552381823174,10,9816.85,9871.0,9825.1875,9846.781750274713,105.39451018804432,11108.002777777778,9645.0,9922.0,9761.25,9895.75,134.5,43.75,0.01073608236736268,0,0,9749.7325,9876.51125,124.70238182317371,-124.70238182317371,-0.01254355225761076,-0.012622886731461225
DZ--PH,DZ,PH,11385.615764278304,10,11524.5,11501.5,11529.625,11524.711657142972,188.0042848211474,35345.61111111111,11175.0,11833.0,11426.5,11622.5,196.0,116.0,0.016313443951680974,0,0,11411.2325,11626.7175,138.8842357216963,138.8842357216963,0.012198219103567274,0.0121244203649227
DZ--PK,DZ,PK,6243.845068536664,10,6465.25,6482.5,6462.5625,6462.562500002665,129.49243864668958,16768.291666666664,6270.0,6682.0,6351.875,6551.0,199.125,91.5,0.02002899170901196,0,0,6390.7125,6547.81,221.40493146333574,221.40493146333574,0.03545970936707198,0.03484549174554463
DZ--PL,DZ,PL,2223.061077794254,10,2282.6,2288.5,2284.875,2286.4860713675967,20.807050087250072,432.9333333333332,2242.0,2305.0,2270.25,2297.75,27.5,12.5,0.009115504287763986,0,0,2270.295,2293.6,59.538922205746076,59.538922205746076,0.026782405036222066,0.02643003414171722
DZ--PT,DZ,PT,1095.7494836242417,10,1102.84,1112.0,1111.125,1111.5074571431178,31.147505696461664,970.1671111111118,1015.4,1124.0,1109.25,1114.25,5.0,3.0,0.028242995988957298,2,0,1082.0149999999999,1114.8,7.09051637575817,7.09051637575817,0.006470928329626916,0.006450081755699056
DZ--RU,DZ,RU,3341.3300109822576,10,3466.65,3481.0,3480.9375,3480.9166666666165,45.923880256112696,2109.0027777777773,3336.0,3483.0,3480.0,3481.875,1.875,1.0,0.013247336839921162,1,0,3437.4,3481.75125,125.3199890177425,125.3199890177425,0.03750601964063464,0.03681977516914678
DZ--SA,DZ,SA,4356.927852945174,10,3832.6,3831.0,3831.875,3831.852171428569,5.081557066709202,25.822222222222226,3826.0,3845.0,3830.0,3834.0,4.0,2.0,0.0013258772286983253,1,0,3830.0975,3835.7,524.3278529451741,-524.3278529451741,-0.1203434783963066,-0.12822376406258146
DZ--SE,DZ,SE,2735.695299839689,10,3052.8,3053.5,3052.5,3052.799999997301,64.56142639206307,4168.177777777778,2990.0,3118.0,2991.0,3112.75,121.75,62.5,0.02114826598272506,0,0,3015.7975,3090.0025,317.10470016031104,317.10470016031104,0.11591374967047437,0.10967357573095055
DZ--SG,DZ,SG,10888.595168568347,10,10580.1,10430.0,10539.25,10433.520899994928,302.6892245631923,91620.76666666665,10352.0,11135.0,10406.5,10652.5,246.0,39.5,0.028609297129818457,2,0,10413.022500000001,10767.5,308.49516856834634,-308.49516856834634,-0.02833195318518834,-0.028741048474060685
DZ--SN,DZ,SN,3179.4676163160534,10,3167.4,3166.5,3167.25,3167.1722749999913,4.402019738458447,19.377777777777776,3162.0,3174.0,3163.5,3170.75,7.25,3.5,0.001389789650331012,0,0,3164.8975,3169.9,12.067616316053318,-12.067616316053318,-0.003795483323725648,-0.003802704448118426
DZ--TH,DZ,TH,9758.062670903257,10,9824.6,9870.5,9838.75,9858.124866670569,188.25349340125877,35439.37777777778,9445.0,10091.0,9740.0,9933.25,193.25,79.0,0.01916144101553842,1,0,9703.99,9926.615,66.53732909674363,66.53732909674363,0.006818702783611513,0.006795560570142027
DZ--TR,DZ,TR,2617.4508653785942,10,2606.4,2602.5,2605.375,2605.1200750003354,19.783270148733695,391.37777777777774,2583.0,2638.0,2590.5,2623.0,32.5,15.5,0.007590266324713664,0,0,2595.8975,2618.2025,11.050865378594153,-11.050865378594153,-0.004221995348514682,-0.004230933136613598
DZ--TZ,DZ,TZ,5847.445411357088,10,5459.55,5468.5,5468.8125,5468.750000000169,35.00829266838866,1225.5805555555553,5362.0,5483.0,5463.875,5474.25,10.375,5.75,0.006412303700559324,1,0,5436.047500000001,5473.5,387.89541135708805,-387.89541135708805,-0.06633587559512837,-0.06863851527331151
DZ--UA,DZ,UA,2663.2115945563396,10,2822.19,2819.25,2820.7375,2820.737499999866,31.595971965496553,998.3054444444441,2778.0,2878.0,2800.1,2842.375,42.27500000000009,23.75,0.011195550960600298,0,0,2804.2265,2841.74125,158.97840544366045,158.97840544366045,0.05969424501178038,0.05798041841272637
DZ--US,DZ,US,6808.566447806581,10,6147.1,6137.0,6144.625,6143.308835714231,23.26275038673535,541.1555555555556,6118.0,6196.0,6133.25,6157.0,23.75,12.25,0.00378434552662806,1,0,6135.1,6163.1050000000005,661.4664478065806,-661.4664478065806,-0.09715208816382719,-0.1022011651809021
DZ--VN,DZ,VN,9710.302297086428,10,9761.7,9849.0,9787.25,9819.077649980922,339.8045353173236,115467.12222222221,9205.0,10114.0,9640.5,10046.0,405.5,219.0,0.0348099752417431,0,0,9559.75,9944.61,51.397702913573085,51.397702913573085,0.0052931104862713645,0.00527915121394219
DZ--ZA,DZ,ZA,7401.6582042116315,10,7470.7,7472.5,7471.375,7471.345124999998,9.286190463981091,86.23333333333335,7456.0,7480.0,7464.5,7479.5,15.0,7.5,0.0012430147729103151,0,0,7465.097500000001,7476.2,69.04179578836829,69.04179578836829,0.009327882196597876,0.009284646162585796
EG--ES,EG,ES,3355.0785607140415,10,3270.8,3271.0,3270.75,3270.7999999892418,83.90709147622744,7040.399999999999,3191.0,3351.0,3191.0,3350.0,159.0,80.0,0.025653384944425654,0,0,3223.0,3318.6025,84.2785607140413,-84.2785607140413,-0.02511969814981167,-0.025440582853955885
EG--ET,EG,ET,2452.617953664222,10,2518.0,2518.0,2518.0,2518.0,0.0,0.0,2518.0,2518.0,2518.0,2518.0,0.0,0.0,0.0,0,0,2518.0,2518.0,65.38204633577789,65.38204633577789,0.02665806398346584,0.026308929045383574
EG--FI,EG,FI,3381.1971957220794,10,3440.6,3434.0,3438.875,3436.7007000000153,19.923185822888197,396.9333333333332,3414.0,3481.0,3428.5,3451.25,22.75,8.5,0.005790613794945125,0,0,3429.3975,3452.1,59.402804277920495,59.402804277920495,0.017568571378527537,0.017416028082081935
EG--FJ,EG,FJ,16456.426551141787,10,16536.815,16531.0,16554.39375,16536.836040001275,143.45013854995054,20577.942250000004,16195.0,16738.0,16517.25,16618.7875,101.53749999999854,27.0,0.00867459293400516,1,0,16450.609999999997,16617.517874999998,80.38844885821163,80.38844885821163,0.004884927393464657,0.004873034849396122
EG--FR,EG,FR,3214.633946258294,10,3210.0,3210.0,3210.0,3210.0,0.0,0.0,3210.0,3210.0,3210.0,3210.0,0.0,0.0,0.0,0,0,3210.0,3210.0,4.633946258294145,-4.633946258294145,-0.0014415159970819925,-0.001442555980822515
EG--GB,EG,GB,3513.224272125026,10,3510.2,3510.0,3510.125,3510.2,0.4216370213557839,0.17777777777777778,3510.0,3511.0,3510.0,3510.0,0.0,0.0,0.00012011766319747704,2,0,3510.0,3510.5,3.024272125026073,-3.024272125026073,-0.0008608252393738578,-0.0008611959621871514
EG--GH,EG,GH,4270.0929109249555,10,4253.0,4250.0,4252.25,4251.551433333313,11.045361017187261,122.00000000000001,4237.0,4275.0,4246.25,4259.25,13.0,5.5,0.0025970752450475572,0,0,4246.9,4259.3,17.092910924955504,-17.092910924955504,-0.004002936535929605,-0.004010969731131782
EG--GR,EG,GR,1119.9840833129142,10,1112.5,1112.0,1112.125,1112.2183555555582,2.6770630673681683,7.166666666666666,1110.0,1118.0,1110.25,1114.25,4.0,2.0,0.002406348824600601,0,0,1111.1,1114.4,7.484083312914208,-7.484083312914208,-0.006682312208202353,-0.006704738820007917
EG--IN,EG,IN,4435.964091411309,10,4401.51,4400.4,4400.475,4400.47499999786,3.491720365537804,12.192111111111455,4400.0,4411.3,4400.0,4400.5,0.5,0.3999999999996362,0.000793300564019576,2,0,4400.160000000001,4403.891500000001,34.45409141130858,-34.45409141130858,-0.007766990602565261,-0.00779731077377164
EG--IT,EG,IT,2134.7872271725983,10,2132.4,2134.0,2132.625,2133.3333333333335,2.118699810942761,4.488888888888891,2129.0,2134.0,2130.25,2134.0,3.75,0.0,0.0009935752255405932,0,0,2131.1,2133.6,2.387227172598159,-2.387227172598159,-0.0011182506351042315,-0.0011188763438552678
EG--JP,EG,JP,9586.616311745503,10,9561.85,9562.0,9561.9375,9561.87065,2.261390919078099,5.113888888888889,9558.0,9565.0,9560.125,9563.0,2.875,1.75,0.0002365014007831224,0,0,9560.39875,9563.2,24.766311745503117,-24.766311745503117,-0.0025834257823753185,-0.00258676858525848
EG--KE,EG,KE,3517.610461321371,10,3518.6,3519.0,3518.375,3518.50347999367,2.4585451886114367,6.044444444444444,3515.0,3524.0,3517.25,3519.0,1.75,1.0,0.0006987282409513547,1,0,3517.1,3520.2,0.9895386786288327,0.9895386786288327,0.00028130990895936723,0.00028127034874586636
EG--KR,EG,KR,8503.339014259222,10,8425.8,8451.0,8430.0,8443.834100000542,51.52086955787916,2654.3999999999996,8333.0,8485.0,8396.25,8454.75,58.5,14.5,0.00611465612260903,0,0,8393.3925,8453.8,77.53901425922231,-77.53901425922231,-0.009118654934161438,-0.00916048434756382
EG--MA,EG,MA,3603.4430310091693,10,3433.7,3434.0,3433.625,3434.333333333334,6.1833108714776195,38.23333333333332,3423.0,3445.0,3433.25,3435.75,2.5,1.5,0.001800772016040312,3,0,3429.8,3437.3,169.7430310091695,-169.7430310091695,-0.04710579008699682,-0.048251388926229315
EG--MX,EG,MX,12386.314913876035,10,12476.6,12480.0,12479.5,12481.927379999996,18.67975731462626,348.93333333333334,12437.0,12493.0,12480.0,12489.75,9.75,6.5,0.001497183312330784,2,0,12463.7,12486.5,90.28508612396581,90.28508612396581,0.007289099845412619,0.00726266274783078
EG--MY,EG,MY,7957.843206792961,10,7944.0,7948.5,7945.25,7947.333333333341,18.7794213613377,352.66666666666674,7913.0,7965.0,7938.25,7955.5,17.25,10.0,0.0023639754986578172,0,0,7932.2,7954.0,13.8432067929607,-13.8432067929607,-0.0017395676734550242,-0.0017410824782922495
EG--NG,EG,NG,3387.4680508755546,10,3440.65,3437.0,3440.4375,3439.6318666666007,9.392816404039845,88.22500000000001,3428.0,3455.0,3435.0,3448.875,13.875,6.0,0.002729954050554356,0,0,3435.4,3446.35,53.18194912444551,53.18194912444551,0.015699616446773465,0.015577652338725637
EG--NL,EG,NL,3281.685911866004,10,3283.84,3282.0,3283.55,3282.4930399999644,3.6984080659416443,13.678222222222214,3280.0,3290.0,3281.25,3286.85,5.599999999999909,1.2000000000000455,0.0011262449041188499,0,0,3281.94,3286.201,2.1540881339960833,2.1540881339960833,0.0006563968008660659,0.0006561814667106757
EG--NO,EG,NO,3657.274374511535,10,3667.5,3667.0,3667.375,3667.374999999992,3.9510898637098992,15.61111111111111,3662.0,3674.0,3664.5,3670.75,6.25,3.5,0.0010773251162126516,0,0,3665.3,3669.8025000000002,10.225625488465084,10.225625488465084,0.0027959689214815384,0.002792067470907798
EG--NZ,EG,NZ,16524.182617665698,10,16398.68,16384.5,16396.6625,16398.680000000793,112.17620860850026,12583.501777777768,16270.0,16543.5,16291.875,16502.2,210.32500000000073,104.5,0.0068405633019548075,0,0,16335.026999999998,16463.01,125.50261766569747,-125.50261766569747,-0.007595087791605798,-0.007624077349661438
EG--PE,EG,PE,12429.606272791647,10,12367.6,12375.0,12363.5,12364.333333333443,90.13841208571034,8124.9333333333325,12234.0,12534.0,12332.5,12386.5,54.0,40.0,0.007288270326151423,4,0,12315.9775,12422.2075,62.00627279164655,-62.00627279164655,-0.004988595087470953,-0.005001079665587788
EG--PH,EG,PH,9188.405775476658,10,8553.55,8291.0,8533.125,8293.44628999958,340.5900476460749,116001.58055555556,8285.5,8985.0,8291.0,8930.0,639.0,2.75,0.039818560439358504,0,0,8356.22875,8756.226250000002,634.8557754766589,-634.8557754766589,-0.06909313661038496,-0.07159604603305865
EG--PK,EG,PK,3959.781346765724,10,3555.2,3454.0,3520.875,3457.7753333332057,203.90618757981164,41577.73333333333,3440.0,3945.0,3448.75,3502.5,53.75,10.0,0.057354350691891216,2,0,3454.1924999999997,3695.6025,404.581346765724,-404.581346765724,-0.10217264826912187,-0.10777748781558456
EG--PL,EG,PL,2605.2551344227354,10,2827.2,2880.0,2847.25,2878.999999999508,117.36817664464627,13775.28888888889,2597.0,2897.0,2874.0,2881.5,7.5,5.0,0.04151392778885338,3,0,2748.355,2884.505,221.9448655772644,221.9448655772644,0.08519122086921528,0.0817562118963589
EG--PT,EG,PT,3804.4459470065553,10,3796.6800000000003,3794.05,3796.825,3796.5796999999134,5.3694195837787175,28.830666666666417,3788.0,3804.2,3794.0,3801.5,7.5,3.5,0.0014142407534421435,0,0,3793.6397500000003,3799.6407500000005,7.765947006555052,-7.765947006555052,-0.0020412819934176006,-0.002043368249080122
EG--RU,EG,RU,2899.390144089835,10,2900.6,2901.0,2900.625,2900.6,0.5163977794943223,0.2666666666666667,2900.0,2901.0,2900.0,2901.0,1.0,0.0,0.00017803136574995597,0,0,2900.3,2900.9,1.2098559101650608,1.2098559101650608,0.0004172794450002706,0.0004171924081443715
EG--SA,EG,SA,1646.868560351307,10,1348.0,1285.0,1323.0,1285.25,132.91684952965477,17666.888888888887,1285.0,1611.0,1285.0,1285.0,0.0,0.0,0.09860300410211778,2,0,1285.0,1443.6,298.868560351307,-298.868560351307,-0.18147687529328563,-0.2002536300267145
EG--SE,EG,SE,3404.607659449505,10,3430.0,3430.0,3429.875,3430.0,1.4142135623730951,2.0000000000000004,3428.0,3433.0,3430.0,3430.0,0.0,0.0,0.0004123071610417187,4,0,3429.2,3430.9,25.39234055049519,25.39234055049519,0.007458228110372315,0.00743055304653985
EG--SG,EG,SG,8269.808521932006,10,8272.15,8270.5,8272.625,8271.999999999858,10.038951915192918,100.78055555555555,8252.5,8288.0,8270.0,8275.75,5.75,5.0,0.0012135843662400849,3,0,8265.948750000001,8277.7,2.341478067994103,2.341478067994103,0.0002831357052323968,0.00028309562988295897
EG--SN,EG,SN,5253.120694234128,10,5214.8,5212.5,5215.0,5214.000000000031,12.21838323547305,149.2888888888889,5193.0,5235.0,5210.25,5220.5,10.25,5.5,0.0023430204869741983,1,0,5207.3975,5222.1025,38.320694234127586,-38.320694234127586,-0.00729484366810546,-0.007321581150032055
EG--TH,EG,TH,7278.235334714449,10,7260.9,7262.0,7261.875,7261.875000000001,3.9567101935263795,15.65555555555556,7250.0,7264.0,7261.0,7262.75,1.75,1.0,0.0005449338502839014,1,0,7258.3,7262.6,17.335334714449345,-17.335334714449345,-0.0023818046431895805,-0.0023846456519171417
EG--TR,EG,TR,1105.6067845732575,10,1104.5,1102.0,1105.0,1104.6376666668036,7.604823031033223,57.833333333333336,1091.0,1114.0,1101.25,1111.75,10.5,5.0,0.006885308312388613,0,0,1100.1,1108.8,1.1067845732575279,-1.1067845732575279,-0.0010010652871352676,-0.0010015666876408607
EG--TZ,EG,TZ,4038.353951938408,10,4130.7,4131.5,4130.875,4131.666666666604,13.342080464122194,178.0111111111111,4110.0,4150.0,4123.75,4139.5,15.75,8.5,0.003229980503092017,0,0,4122.6975,4138.5,92.34604806159177,92.34604806159177,0.02286724966672763,0.02260971282751592
EG--UA,EG,UA,2264.232150700553,10,2273.5,2273.0,2273.0,2273.0,2.4608038433722332,6.0555555555555545,2271.0,2280.0,2272.25,2273.75,1.5,1.0,0.0010823856799525987,1,0,2272.3,2275.2,9.26784929944688,9.26784929944688,0.004093153299929695,0.004084799136782808
EG--US,EG,US,9366.819693047106,10,9156.3,9164.5,9142.125,9156.456666667586,122.56612727648513,15022.455555555553,9015.0,9411.0,9048.0,9212.75,164.75,50.0,0.013385988584524878,0,0,9087.9925,9233.01,210.51969304710656,-210.51969304710656,-0.022475044886726407,-0.02273145792084339
EG--VN,EG,VN,7437.521764642192,10,8187.7,8232.5,8208.25,8214.822156720706,150.9746483501268,22793.34444444445,7863.0,8348.0,8128.5,8288.25,159.75,86.5,0.018439201283648256,1,0,8085.8375,8267.9,750.1782353578083,750.1782353578083,0.10086400539009358,0.09609533093802788
EG--ZA,EG,ZA,6178.42759423283,10,6284.85,6284.0,6284.9375,6284.583333333333,5.888076463875486,34.66944444444445,6274.0,6295.0,6283.125,6287.25,4.125,2.5,0.0009368682568200492,2,0,6281.45,6288.35375,106.42240576716995,106.42240576716995,0.017224836601873995,0.017078170903485512
ES--ET,ES,ET,5435.390315315712,10,5491.2,5481.5,5490.625,5484.389800000321,36.30977829731269,1318.3999999999996,5442.0,5545.0,5468.25,5523.75,55.5,19.0,0.006612357644469823,0,0,5470.49,5513.6,55.809684684288186,55.809684684288186,0.010267833853077488,0.010215477731377601
ES--FI,ES,FI,2953.7168515011904,10,2949.1,2949.0,2949.125,2949.125,0.7378647873726218,0.5444444444444444,2948.0,2950.0,2949.0,2949.75,0.75,0.5,0.0002501999889364965,0,0,2948.6,2949.5,4.616851501190467,-4.616851501190467,-0.0015630650239355235,-0.0015642878845099238
ES--FJ,ES,FJ,17527.210746850342,10,17370.9,17320.0,17356.875,17352.832399997737,139.10303934693718,19349.655555555553,17223.0,17631.0,17275.0,17447.5,172.5,96.0,0.008007819937190196,0,0,17294.6,17447.505,156.31074685034037,-156.31074685034037,-0.00891817580720478,-0.008958180762159275
ES--FR,ES,FR,1054.2206353287124,10,1053.0,1053.0,1053.0,1053.0,0.0,0.0,1053.0,1053.0,1053.0,1053.0,0.0,0.0,0.0,0,0,1053.0,1053.0,1.220635328712433,-1.220635328712433,-0.0011578556592490067,-0.0011585264919811125
ES--GB,ES,GB,1263.9687927349041,10,1263.1,1263.0,1263.0,1263.1,0.31622776601683794,0.1,1263.0,1264.0,1263.0,1263.0,0.0,0.0,0.0002503584561925722,1,0,1263.0,1263.3,0.8687927349042184,-0.8687927349042184,-0.0006873529947083375,-0.000687589330081436
ES--GH,ES,GH,3875.784925520151,10,3896.8199999999997,3895.0,3895.65,3895.193040012659,5.724372842892426,32.76844444444431,3892.0,3911.0,3894.0,3898.75,4.75,2.0,0.0014689856967713228,1,0,3893.9,3900.6,21.035074479848845,21.035074479848845,0.005427306954352176,0.005412632196296599
ES--GR,ES,GR,2374.062233299252,10,2375.0,2373.0,2373.5,2373.3333333333835,5.9066817155564495,34.88888888888888,2371.0,2391.0,2372.25,2374.75,2.5,1.5,0.0024870238802342944,1,0,2372.4,2379.0,0.9377667007479431,0.9377667007479431,0.0003950051045817454,0.00039492711060347245
ES--IN,ES,IN,7287.614249142348,10,7270.38,7272.5,7271.475,7271.285394444459,10.554072410422664,111.38844444444487,7250.0,7282.0,7264.25,7279.375,15.125,8.25,0.0014516534775930094,0,0,7263.49825,7276.311000000001,17.234249142347835,-17.234249142347835,-0.0023648684676711683,-0.0023676691855300204
ES--IT,ES,IT,1365.1557413989822,10,1362.1,1362.0,1362.125,1362.125,0.7378647873726218,0.5444444444444444,1361.0,1363.0,1362.0,1362.75,0.75,0.5,0.0005417111719937023,0,0,1361.6,1362.5,3.0557413989822635,-3.0557413989822635,-0.002238382996397763,-0.0022408919202712894
ES--JP,ES,JP,10789.251153816349,10,10764.8,10765.0,10764.875,10764.8,0.4216370213557839,0.17777777777777778,10764.0,10765.0,10765.0,10765.0,0.0,0.0,3.9168124011201686e-05,2,0,10764.5,10765.0,24.451153816349688,-24.451153816349688,-0.0022662512409585426,-0.0022688230746510576
ES--KE,ES,KE,6176.5987043900495,10,5800.6,5796.5,5800.25,5800.250000000023,14.400617270720646,207.37777777777777,5780.0,5824.0,5790.5,5813.0,22.5,11.0,0.0024826082251354423,0,0,5792.2,5809.8025,375.99870439004917,-375.99870439004917,-0.060874718009898576,-0.06280638802388222
ES--KR,ES,KR,10019.900842150517,10,9971.8,9967.5,9970.375,9967.902166666674,10.549354903921325,111.2888888888889,9963.0,9992.0,9965.0,9972.25,7.25,2.5,0.0010579188214686743,2,0,9966.4975,9978.4025,48.100842150517565,-48.100842150517565,-0.00480053075457321,-0.004812090311846991
ES--MA,ES,MA,760.8123052479816,10,568.9,573.0,569.75,572.2587000000178,6.7239208138638205,45.2111111111111,557.0,574.0,567.25,573.0,5.75,1.0,0.011819161212627563,2,0,564.5975,572.4025,191.91230524798164,-191.91230524798164,-0.25224658424186386,-0.29068201343418665
ES--MX,ES,MX,9078.13985240458,10,9064.5,9065.0,9064.625,9064.62500000214,0.8498365855987975,0.7222222222222222,9063.0,9065.0,9064.25,9065.0,0.75,0.0,9.375438089236004e-05,2,0,9064.0,9065.0,13.63985240457987,-13.63985240457987,-0.0015024941922399447,-0.0015036240685356353
ES--MY,ES,MY,11077.974673965115,10,11057.4,11061.0,11057.375,11058.976100000016,15.507704178532968,240.48888888888888,11033.0,11082.0,11046.75,11063.0,16.25,7.5,0.001402472930212615,0,0,11048.797499999999,11066.3,20.574673965114926,-20.574673965114926,-0.0018572595235723426,-0.0018589863685052955
ES--NG,ES,NG,3642.923695107211,10,3790.3,3789.0,3788.375,3789.3333333334695,12.640762986817249,159.78888888888895,3775.0,3821.0,3787.0,3792.5,5.5,3.0,0.0033350296775498636,3,0,3783.8,3798.8025000000002,147.376304892789,147.376304892789,0.04045550146733219,0.03965859944721
ES--NL,ES,NL,1481.542258526469,10,1475.0,1481.0,1476.0,1480.5714285714287,9.66091783079296,93.33333333333334,1461.0,1481.0,1466.0,1481.0,15.0,0.0,0.006549774800537599,0,0,1469.0,1479.0,6.542258526468913,-6.542258526468913,-0.004415843347577406,-0.0044256219817085714
ES--NO,ES,NO,2391.208799044871,10,2593.1,2593.0,2593.0,2593.0,0.8755950357709132,0.7666666666666668,2592.0,2595.0,2593.0,2593.0,0.0,0.0,0.0003376634282406823,4,0,2592.6,2593.6,201.89120095512908,201.89120095512908,0.08443060306392784,0.08105505943922744
ES--NZ,ES,NZ,19851.726976157825,10,19855.0,19855.0,19855.0,19855.0,0.0,0.0,19855.0,19855.0,19855.0,19855.0,0.0,0.0,0.0,0,0,19855.0,19855.0,3.273023842175462,3.273023842175462,0.00016487350677885128,0.0001648599166360923
ES--PE,ES,PE,9503.708312480001,10,9506.45,9506.5,9506.5625,9506.5625,1.1167910378500636,1.2472222222222222,9504.0,9508.0,9506.0,9507.0,1.0,0.5,0.00011747719052328298,1,0,9505.8,9507.05,2.7416875199996866,2.7416875199996866,0.0002884860761561232,0.0002884444720492682
ES--PH,ES,PH,11671.011912853837,10,11639.9,11640.0,11640.0,11639.9,0.31622776601683794,0.1,11639.0,11640.0,11640.0,11640.0,0.0,0.0,2.716756724858787e-05,1,0,11639.7,11640.0,31.111912853837566,-31.111912853837566,-0.00266574253253675,-0.0026693019512313496
ES--PK,ES,PK,6659.012517572479,10,6789.75,6803.0,6791.8125,6792.192057154642,123.59325089448318,15275.291666666666,6593.0,6970.0,6711.25,6877.875,166.625,106.0,0.018202916292129043,0,0,6718.9975,6860.50625,130.73748242752117,130.73748242752117,0.019633163638379986,0.019442919117164753
ES--PL,ES,PL,2294.1560974438808,10,2290.4,2290.0,2290.0,2290.1111111111113,1.2649110640673518,1.6,2290.0,2294.0,2290.0,2290.0,0.0,0.0,0.0005522664443186132,1,0,2290.0,2291.2,3.7560974438806625,-3.7560974438806625,-0.0016372458038342108,-0.0016385875554634007
ES--PT,ES,PT,504.8178933567692,10,502.55,502.5,502.5,502.55,0.15811388300841897,0.025,502.5,503.0,502.5,502.5,0.0,0.0,0.0003146231877592657,1,0,502.5,502.65,2.267893356769207,-2.267893356769207,-0.0044924979613716306,-0.004502619555876012
ES--RU,ES,RU,3447.7208209357696,10,3440.0,3440.0,3440.0,3440.0,0.0,0.0,3440.0,3440.0,3440.0,3440.0,0.0,0.0,0.0,0,0,3440.0,3440.0,7.720820935769552,-7.720820935769552,-0.0022393985292794073,-0.002241909731922069
ES--SA,ES,SA,4976.67214260894,10,4730.9,4787.5,4753.5,4786.904042856666,121.91294708383793,14862.766666666668,4487.0,4794.0,4782.0,4791.5,9.5,4.5,0.02576950412898982,2,0,4667.495,4789.8,245.77214260894016,-245.77214260894016,-0.049384837008792405,-0.05064596396036316
ES--SE,ES,SE,2599.80340123646,10,2590.6,2591.0,2590.625,2590.6,0.5163977794943223,0.2666666666666667,2590.0,2591.0,2590.0,2591.0,1.0,0.0,0.00019933520400460214,0,0,2590.3,2590.9,9.203401236460195,-9.203401236460195,-0.0035400373859358287,-0.0035463181454126295
ES--SG,ES,SG,11394.820059047039,10,11399.05,11406.75,11400.3125,11405.799549999954,15.499910394006227,240.24722222222226,11377.0,11411.0,11383.5,11410.75,27.25,4.25,0.001359754575513418,0,0,11389.64875,11407.0025,4.229940952960533,4.229940952960533,0.000371216125488715,0.0003711472418294494
ES--SN,ES,SN,3146.0652951641023,10,3046.0,3046.0,3046.5,3046.0,111.5437134042076,12442.0,2935.0,3153.0,2941.25,3151.75,210.5,105.0,0.036619735195078,0,0,2982.2975,3109.8025000000002,100.06529516410228,-100.06529516410228,-0.03180649025877346,-0.03232330492678791
ES--TH,ES,TH,10195.38770323311,10,10190.8,10191.0,10191.125,10191.008700000002,2.440400695696417,5.955555555555555,10186.0,10193.0,10189.5,10193.0,3.5,2.0,0.00023947096358445039,0,0,10189.4,10192.1,4.587703233110005,-4.587703233110005,-0.000449978300644239,-0.00045007957126057843
ES--TR,ES,TR,3091.375943481574,10,3053.9,3125.0,3078.25,3105.0409333131074,158.3241751737379,25066.544444444444,2726.0,3187.0,2940.25,3185.0,244.75,61.0,0.051843274230897504,0,0,2952.6299999999997,3137.43,37.47594348157372,-37.47594348157372,-0.012122738924909764,-0.012196818632497983
ES--TZ,ES,TZ,6547.695065885699,10,6420.68,6390.65,6411.725,6395.799999998709,115.39079300841601,13315.035111111109,6262.0,6651.0,6368.5,6431.625,63.125,37.100000000000364,0.017971740221972753,3,0,6361.9125,6490.845,127.01506588569828,-127.01506588569828,-0.01939843939090299,-0.01958905828238625
ES--UA,ES,UA,2867.9152687436067,10,2863.35,2863.5,2863.3125,2863.3500000000004,1.2920698295542872,1.6694444444444447,2862.0,2865.0,2862.0,2864.375,2.375,1.5,0.0004512441125095735,0,0,2862.6,2864.1,4.565268743606794,-4.565268743606794,-0.0015918422672252703,-0.0015931105942902917
ES--US,ES,US,6103.59738093071,10,5876.7518,6108.5,6107.625,6107.4273,732.3486261710486,536334.5102546223,3792.518,6114.0,6100.75,6113.75,13.0,5.5,0.12461792689135666,1,0,5412.955400000001,6110.902499999999,226.84558093070973,-226.84558093070973,-0.03716588214672166,-0.03787413762578436
ES--VN,ES,VN,10056.382163469798,10,10096.4,10088.5,10094.5,10092.228214346595,21.618921753357125,467.3777777777779,10074.0,10134.0,10078.5,10112.0,33.5,12.5,0.0021412505203198292,0,0,10083.2,10109.6025,40.01783653020175,40.01783653020175,0.003979347232404125,0.003971450572308842
ES--ZA,ES,ZA,8029.9477888894835,10,8041.4,8039.0,8040.5,8039.969550000006,10.564090116995406,111.60000000000001,8030.0,8060.0,8033.0,8046.75,13.75,7.0,0.0013137128008798725,0,0,8035.5,8047.5,11.452211110516146,11.452211110516146,0.0014261874935677446,0.0014251714541114232
ET--FI,ET,FI,5790.019542298963,10,5937.4,5950.0,5954.0,5960.166666669877,149.01394416481818,22205.15555555555,5625.0,6117.0,5936.25,6011.0,74.75,46.0,0.02509750802789406,2,0,5849.59,6019.402499999999,147.3804577010369,147.3804577010369,0.025454224571152068,0.025135660353290484
ET--FJ,ET,FJ,15572.54742661621,10,15926.3,15847.5,15883.5,15861.542566661836,211.4684373612289,44718.89999999999,15745.0,16450.0,15792.75,15985.0,192.25,64.5,0.01327793884086253,1,0,15819.59,16061.7275,353.75257338379015,353.75257338379015,0.022716422926358542,0.022462247101558815
ET--FR,ET,FR,5564.644582105378,10,5585.7,5585.0,5586.25,5585.80433333326,7.746683878351505,60.01111111111112,5572.0,5595.0,5580.5,5593.25,12.75,5.0,0.0013868778986253299,0,0,5581.3,5590.1,21.055417894622224,21.055417894622224,0.0037837848552505268,0.003776644347763029
ET--GB,ET,GB,5886.122685458142,10,5897.1,5897.0,5896.875,5896.888888888889,1.1005049346146119,1.211111111111111,5896.0,5900.0,5897.0,5897.0,0.0,0.0,0.00018661798758959689,3,0,5896.6,5897.8,10.977314541858505,10.977314541858505,0.0018649483078187136,0.0018632114508204628
ET--GH,ET,GH,4312.516347158949,10,4109.0,4131.5,4102.5,4109.000000042554,199.76152449024477,39904.66666666666,3890.0,4380.0,3902.25,4250.0,347.75,229.0,0.04861560586279989,0,0,3992.2775,4228.1125,203.51634715894943,-203.51634715894943,-0.04719201755444344,-0.04834188309457448
ET--GR,ET,GR,3541.0060008455616,10,3476.2,3542.0,3499.625,3505.1348857084145,165.5776420763249,27415.95555555556,3120.0,3645.0,3384.75,3600.25,215.5,83.0,0.047631793934849814,0,0,3368.29,3571.9,64.80600084556181,-64.80600084556181,-0.018301578938326197,-0.01847112465647986
ET--IN,ET,IN,4568.968215495237,10,4881.15,5018.0,4875.3125,4873.299525000296,287.92553531927126,82901.11388888893,4559.0,5250.0,4561.25,5031.375,470.125,218.5,0.05898723360668516,0,0,4720.79,5044.36125,312.1817845047626,312.1817845047626,0.06832653889909471,0.0660934418394587
ET--IT,ET,IT,4456.489579759943,10,4482.8,4477.5,4477.875,4477.166666666723,20.03774216600042,401.51111111111123,4468.0,4537.0,4473.5,4480.0,6.5,3.5,0.004469916607031413,2,0,4473.9,4495.1025,26.310420240057283,26.310420240057283,0.005903844218451991,0.005886484821448443
ET--JP,ET,JP,10415.439814966736,10,9917.6,9903.5,9921.375,9917.599999992723,253.2791389400679,64150.32222222222,9615.0,10190.0,9688.25,10162.75,474.5,237.0,0.025538349897159383,0,0,9772.24625,10068.7225,497.8398149667355,-497.8398149667355,-0.047798251807989106,-0.04897834627296203
ET--KE,ET,KE,1159.806608820494,10,1162.6,1162.5,1162.625,1162.6000000000001,1.3498971154211057,1.822222222222222,1161.0,1164.0,1161.25,1164.0,2.75,1.5,0.0011611019399803077,0,0,1161.8,1163.3,2.7933911795059885,2.7933911795059885,0.002408497380737316,0.0024056015996428144
ET--KR,ET,KR,9256.901270317068,10,9201.6,9213.0,9202.875,9205.822500000011,23.481434747003384,551.3777777777779,9163.0,9230.0,9179.5,9219.25,39.75,12.5,0.0025518860575338403,0,0,9186.297499999999,9214.705,55.301270317067974,-55.301270317067974,-0.005974058564759197,-0.005991974642729405
ET--MA,ET,MA,5405.302959239058,10,5401.4,5412.5,5411.125,5414.333333336975,85.37004418673123,7288.044444444444,5215.0,5510.0,5380.75,5452.0,71.25,42.5,0.01580516980537106,1,0,5349.1975,5448.8,3.9029592390579637,-3.9029592390579637,-0.0007220611441189988,-0.0007223219558224692
ET--MX,ET,MX,14431.004638352826,10,13678.0,13707.0,13674.875,13674.875000013913,190.9659655540746,36468.0,13426.0,13955.0,13486.75,13832.5,345.75,158.0,0.013961541567047419,0,0,13564.585000000001,13783.904999999999,753.0046383528261,-753.0046383528261,-0.052179640795872895,-0.05359028919388289
ET--MY,ET,MY,6996.0854221014015,10,8166.1,8210.0,8178.875,8177.837249995681,179.3509594807529,32166.766666666666,7862.0,8368.0,8021.5,8315.0,293.5,135.0,0.02196286593119762,0,0,8058.297500000001,8264.11,1170.0145778985989,1170.0145778985989,0.16723846369891288,0.15464067150365254
ET--NG,ET,NG,3425.380993916935,10,3470.2,3469.0,3470.25,3470.0688333332473,3.5839146815241634,12.844444444444445,3465.0,3475.0,3468.0,3473.5,5.5,2.5,0.0010327689128938286,0,0,3468.1,3472.3,44.81900608306478,44.81900608306478,0.01308438569684889,0.012999524558020578
ET--NL,ET,NL,5692.490720486377,10,5517.2,5468.5,5509.5,5474.267759759447,112.6733725814972,12695.288888888887,5410.0,5686.0,5445.75,5623.75,178.0,38.0,0.02042220194691097,0,0,5451.4975,5581.71,175.2907204863768,-175.2907204863768,-0.03079332564487688,-0.03127740360544751
ET--NO,ET,NO,6109.632738802692,10,6045.2,6068.0,6052.125,6064.863866664866,94.01867426799376,8839.511111111113,5860.0,6175.0,6023.5,6095.75,72.25,34.0,0.015552616004101396,2,0,5984.765,6096.905,64.43273880269226,-64.43273880269226,-0.010546090339191022,-0.010602094447505631
ET--NZ,ET,NZ,14423.0253472428,10,14198.55,14224.0,14216.9375,14226.833333335955,152.72277898932504,23324.24722222222,13885.0,14365.0,14155.25,14310.5,155.25,82.5,0.01075622362771727,1,0,14100.848750000001,14280.15875,224.47534724280013,-224.47534724280013,-0.015563679730044454,-0.01568606530073149
ET--PE,ET,PE,13010.580677525299,10,12844.25,12876.0,12849.3125,12849.462157144922,395.01485555749815,156036.73611111112,12150.0,13498.0,12599.25,13111.25,512.0,286.5,0.03075421730015362,0,0,12613.2125,13069.675,166.3306775252986,-166.3306775252986,-0.01278426241286994,-0.012866684317956591
ET--PH,ET,PH,8943.42800028437,10,8920.2,8954.5,8919.125,8919.672171433285,132.04443696473294,17435.73333333333,8724.0,9125.0,8803.5,9016.25,212.75,98.0,0.014802856097927504,0,0,8848.6875,9000.2675,23.228000284369045,-23.228000284369045,-0.0025972144331715395,-0.0026005930458330587
ET--PK,ET,PK,4460.31441309416,10,4764.4,4790.5,4792.125,4787.647685715723,199.3066871822307,39723.15555555556,4314.0,4993.0,4676.25,4873.75,197.5,113.0,0.041832484086607065,1,0,4641.7875,4870.5175,304.0855869058396,304.0855869058396,0.06817581872998336,0.06595235126792419
ET--PL,ET,PL,5054.603703831145,10,5397.05,5382.0,5403.3125,5396.248849998852,101.0089242481959,10202.802777777777,5194.0,5550.0,5366.0,5438.5,72.5,50.75,0.018715580594620376,2,0,5338.3949999999995,5455.1075,342.44629616885504,342.44629616885504,0.06774938575487081,0.06555305546872386
ET--PT,ET,PT,5784.177787414981,10,5795.6,5790.5,5785.75,5777.346214121881,88.93624433016922,7909.655555555556,5694.0,5976.0,5729.0,5795.875,66.875,47.5,0.015345476625400168,2,0,5745.69,5850.53125,11.422212585019224,11.422212585019224,0.0019747340079814438,0.0019727867838586766
ET--RU,ET,RU,5182.912971370709,10,5138.2,5140.5,5139.125,5140.411500008696,6.511528238439882,42.4,5125.0,5144.0,5134.0,5143.0,9.0,2.5,0.0012672780815149046,0,0,5134.2,5141.5,44.712971370709056,-44.712971370709056,-0.008626996366270059,-0.008664424315413059
ET--SA,ET,SA,1928.2054708788808,10,1838.28,1989.25,1873.6875,1984.4933560341783,244.69172351257725,59874.03955555555,1392.0,2001.3,1806.0,1996.25,190.25,9.899999999999977,0.13310906037849363,2,0,1679.54975,1974.70075,89.92547087888079,-89.92547087888079,-0.046636871555961586,-0.04775941071210479
ET--SE,ET,SE,5846.588012893221,10,5852.5,5843.5,5848.125,5845.504642856814,30.8013347474135,948.7222222222222,5818.0,5922.0,5832.0,5859.0,27.0,12.5,0.005262936308827595,1,0,5836.1975,5870.3,5.911987106778724,5.911987106778724,0.0010111858563903052,0.001010674952355907
ET--SG,ET,SG,7265.102216993072,10,7391.7,7388.0,7391.5,7389.666666666326,24.725380572287346,611.3444444444445,7355.0,7430.0,7380.5,7402.5,22.0,12.5,0.0033450194910896475,0,0,7376.8949999999995,7407.1025,126.59778300692778,126.59778300692778,0.01742546480775117,0.01727538239126652
ET--SN,ET,SN,6138.121973536205,10,6184.1,6184.0,6183.875,6183.874999984143,6.190494505467413,38.32222222222223,6175.0,6195.0,6180.0,6188.75,8.75,5.0,0.0010010340236198336,0,0,6180.3975,6187.5,45.978026463795686,45.978026463795686,0.007490569047344541,0.007462654047836398
ET--TH,ET,TH,6750.299737881846,10,6986.3,6922.75,6973.0,6950.81324329161,159.19819931979967,25344.066666666666,6817.0,7262.0,6903.125,7021.75,118.625,89.5,0.022787197704049307,2,0,6901.595,7087.0025,236.00026211815384,236.00026211815384,0.03496144931072462,0.03436417898086595
ET--TR,ET,TR,3471.2514729888712,10,3518.7,3516.0,3521.125,3521.1250000004757,264.92223177545685,70183.78888888888,3128.0,3890.0,3335.5,3735.0,399.5,237.5,0.07528980355684113,0,0,3366.2975,3667.835,47.44852701112859,47.44852701112859,0.01366899729977607,0.013576419235039775
ET--TZ,ET,TZ,1714.3873971546066,10,1889.25,1891.0,1890.1875,1890.2771785714651,6.360686545753794,40.458333333333336,1875.0,1896.0,1886.5,1893.25,6.75,3.75,0.003366778640070819,1,0,1885.19875,1892.7,174.86260284539344,174.86260284539344,0.10199713503238265,0.0971241109382169
ET--UA,ET,UA,4651.905379290357,10,4940.55,4932.5,4938.1875,4934.083333333342,78.75364189109676,6202.136111111111,4830.0,5070.0,4890.375,4984.5,94.125,50.0,0.01594025804639094,0,0,4897.29625,4985.860000000001,288.6446207096433,288.6446207096433,0.062048686973438766,0.06019976637667288
ET--US,ET,US,11530.640207862776,10,11560.8,11562.0,11561.0,11561.333333333352,1.6193277068654823,2.6222222222222213,11558.0,11562.0,11559.25,11562.0,2.75,0.0,0.00014007055799473067,0,0,11559.8,11561.7,30.15979213722312,30.15979213722312,0.00261562164750029,0.002612206862426712
ET--VN,ET,VN,7294.24449951952,10,7505.9,7398.5,7480.5,7424.513719995805,193.98593878022305,37630.544444444444,7338.0,7877.0,7387.0,7528.5,141.5,37.0,0.025844460861485372,2,0,7404.095,7622.8550000000005,211.65550048047953,211.65550048047953,0.02901678172351112,0.028603765488130286
ET--ZA,ET,ZA,4007.191456170527,10,4794.7,5035.0,4823.5,4934.481958824412,460.15892182302986,211746.2333333333,4114.0,5245.0,4395.0,5144.75,749.75,209.0,0.09597241158425551,0,0,4517.117499999999,5058.17,787.5085438294727,787.5085438294727,0.19652381286070503,0.17942053026662122
FI--FJ,FI,FJ,14881.524051042496,10,15226.5,15231.5,15226.5,15226.500000000004,14.849242404917497,220.49999999999997,15210.0,15243.0,15210.0,15240.0,30.0,11.5,0.000975223617043805,0,0,15217.9,15234.9,344.97594895750444,344.97594895750444,0.023181493224367557,0.022916883965253897
FI--FR,FI,FR,1913.0642944778042,10,1910.618,1910.5,1910.5,1910.5555555539,0.74035727111234,0.5481288888889109,1910.0,1912.18,1910.0,1911.0,1.0,0.5,0.00038749622955103533,0,0,1910.2,1911.054,2.4462944778042583,-2.4462944778042583,-0.0012787309265379428,-0.0012795492005717986
FI--GB,FI,GB,1825.9330131984918,10,1821.1,1821.0,1821.0,1821.0,0.8755950357709131,0.7666666666666666,1820.0,1823.0,1821.0,1821.0,0.0,0.0,0.00048080557672336124,4,0,1820.6,1821.7,4.833013198491926,-4.833013198491926,-0.0026468732223784725,-0.002650382384879383
FI--GH,FI,GH,6421.808628793435,10,6315.5,6280.0,6298.25,6298.0086285736315,101.67732184601331,10338.277777777776,6217.0,6552.0,6245.25,6366.0,120.75,54.0,0.01609964719278178,1,0,6261.98,6381.505,106.30862879343476,-106.30862879343476,-0.01655431280165828,-0.016692866675543414
FI--GR,FI,GR,2469.446523502244,10,2628.0,2628.0,2628.0,2628.0,0.0,0.0,2628.0,2628.0,2628.0,2628.0,0.0,0.0,0.0,0,0,2628.0,2628.0,158.55347649775604,158.55347649775604,0.06420607815912154,0.062229054645799996
FI--IN,FI,IN,5227.813402791738,10,5225.65,5227.0,5225.9375,5226.309164285713,3.873341939175753,15.002777777777784,5219.0,5230.0,5223.375,5228.75,5.375,2.25,0.0007412172531983109,0,0,5223.2,5227.80125,2.163402791738008,-2.163402791738008,-0.00041382555670076436,-0.00041391120612656063
FI--IT,FI,IT,2204.4886323251985,10,2202.0,2202.0,2202.0,2202.0,0.0,0.0,2202.0,2202.0,2202.0,2202.0,0.0,0.0,0.0,0,0,2202.0,2202.0,2.488632325198523,-2.488632325198523,-0.0011288932447674372,-0.0011295309247066588
FI--JP,FI,JP,7840.181225242526,10,7822.7,7822.5,7822.125,7822.645342852269,4.83160888777687,23.34444444444444,7816.0,7834.0,7822.0,7823.75,1.75,1.0,0.0006176395474422986,3,0,7820.2,7825.702499999999,17.481225242526307,-17.481225242526307,-0.002229696577196855,-0.00223218605181379
FI--KE,FI,KE,6893.053879094669,10,7380.1,7377.5,7378.5,7375.388799999718,27.053239690982995,731.8777777777777,7348.0,7425.0,7358.0,7386.0,28.0,16.0,0.00366570096488977,0,0,7364.597500000001,7396.3075,487.046120905331,487.046120905331,0.07065752414651072,0.06827296828889266
FI--KR,FI,KR,7076.449214426985,10,7042.8,7044.0,7043.5,7044.296520000005,5.884065110297661,34.62222222222223,7030.0,7050.0,7044.0,7045.5,1.5,1.0,0.0008354724130030188,3,0,7039.097500000001,7045.8025,33.649214426985054,-33.649214426985054,-0.004755098695315063,-0.004766440144539433
FI--MA,FI,MA,3705.568629466575,10,3868.4,3883.0,3873.875,3874.8903500024117,79.92246242452744,6387.6,3744.0,3949.0,3804.75,3942.0,137.25,61.0,0.020660340819079578,0,0,3817.99,3913.5,162.8313705334249,162.8313705334249,0.043942343757607,0.04300426164960243
FI--MX,FI,MX,9855.858846180436,10,9510.6,9495.0,9503.375,9502.386899999332,45.33627441439997,2055.3777777777777,9468.0,9611.0,9475.25,9528.75,53.5,26.0,0.004766920532290284,1,0,9487.9975,9538.702500000001,345.2588461804353,-345.2588461804353,-0.03503082294185227,-0.035659119025657375
FI--MY,FI,MY,8971.024211314423,10,8731.115,8837.575,8750.95625,8782.423230001521,277.7883067393426,77166.3433611111,8299.0,9004.5,8465.625,8981.0,515.375,157.17499999999927,0.03181590286456456,0,0,8566.414999999999,8885.723000000002,239.90921131442337,-239.90921131442337,-0.026742677944380688,-0.027106769215870494
FI--NG,FI,NG,5852.2306591964625,10,6147.0,6136.5,6140.0,6139.999999999975,100.86294331087772,10173.333333333334,5995.0,6355.0,6087.75,6194.0,106.25,66.0,0.01640848272504925,1,0,6087.5,6208.5075,294.7693408035375,294.7693408035375,0.05036871544704471,0.04914126009665713
FI--NL,FI,NL,1506.1678883392688,10,1502.0,1502.0,1502.0,1502.0,0.0,0.0,1502.0,1502.0,1502.0,1502.0,0.0,0.0,0.0,0,0,1502.0,1502.0,4.167888339268757,-4.167888339268757,-0.0027672136496445657,-0.0027710494633141846
FI--NO,FI,NO,789.3307636306301,10,784.7,785.0,784.875,784.8793500000106,1.4181364924121764,2.011111111111111,782.0,786.0,784.0,786.0,2.0,1.0,0.0018072339650977143,0,0,783.8,785.5,4.630763630630099,-4.630763630630099,-0.005866695996150329,-0.005883972661540488
FI--NZ,FI,NZ,17068.725016057746,10,16536.7,16491.0,16520.625,16515.52105690374,121.61510322872456,14790.233333333332,16382.0,16820.0,16474.0,16578.0,104.0,49.0,0.007354254671653024,1,0,16474.79,16615.72,532.0250160577452,-532.0250160577452,-0.031169581533314998,-0.03166568914916474
FI--PE,FI,PE,11822.926389926623,10,11658.0,11635.5,11649.25,11642.433900001422,142.05789117273437,20180.44444444444,11422.0,11964.0,11593.25,11720.0,126.75,54.5,0.012185442715108455,1,0,11581.4825,11746.0275,164.9263899266225,-164.9263899266225,-0.013949709613953377,-0.014047921231861124
FI--PH,FI,PH,8939.979930604915,10,8596.1,8443.0,8586.875,8514.538066677562,345.8700623066414,119626.09999999999,8252.0,9014.0,8293.0,8983.0,690.0,183.5,0.0402356955254873,0,0,8397.785,8791.324999999999,343.879930604915,-343.879930604915,-0.03846540297340988,-0.0392247322537041
FI--PK,FI,PK,4543.885658949807,10,4881.13,4860.5,4884.375,4882.652616664144,89.44148987528727,7999.780111111116,4744.0,4992.3,4823.125,4965.375,142.25,83.25,0.018323931113346147,0,0,4828.09875,4932.5135,337.2443410501928,337.2443410501928,0.07421937222076523,0.07159423241780788
FI--PL,FI,PL,915.2000736428832,10,943.25,943.25,943.275,943.25,2.7969229123767136,7.822777777777838,939.8,946.5,940.625,945.6500000000001,5.025000000000091,2.6000000000000227,0.0029651978927926993,0,0,941.6600000000001,944.8505,28.04992635711676,28.04992635711676,0.0306489555288891,0.03018865775245255
FI--PT,FI,PT,3365.791975654019,10,3364.45,3364.5,3364.5,3364.5,0.7619419633774973,0.5805555555555555,3363.0,3365.5,3364.0,3365.0,1.0,0.5,0.00022646850551427347,0,0,3364.0,3364.9,1.3419756540192793,-1.3419756540192793,-0.0003987102184942714,-0.00039878972454736577
FI--RU,FI,RU,895.568901558974,10,894.55,895.0,894.625,894.6875,0.8959786703810407,0.8027777777777776,893.0,895.5,894.25,895.0,0.75,0.0,0.0010015970827578567,2,0,893.95,895.05,1.0189015589739938,-1.0189015589739938,-0.0011377143145550575,-0.0011383620027884973
FI--SA,FI,SA,4292.210711697853,10,4506.7,4502.0,4505.625,4506.700000001361,107.74254292319054,11608.455555555556,4382.0,4640.0,4410.25,4604.75,194.5,100.5,0.023907192163487818,0,0,4444.295,4569.735,214.48928830214663,214.48928830214663,0.049971751786925186,0.048763260747466904
FI--SE,FI,SE,394.8329300638056,10,396.0,396.0,396.0,396.0,0.0,0.0,396.0,396.0,396.0,396.0,0.0,0.0,0.0,0,0,396.0,396.0,1.167069936194423,1.167069936194423,0.0029558576484636752,0.002951497690741251
FI--SG,FI,SG,9269.41231436185,10,9260.67,9263.0,9260.8375,9260.8375,8.944278121296849,80.00011111110949,9246.0,9274.0,9254.25,9266.25,12.0,7.5,0.0009658348824973623,0,0,9254.89925,9266.1,8.742314361850731,-8.742314361850731,-0.0009431357744552538,-0.0009435808068391014
FI--SN,FI,SN,6097.2656329221945,10,6134.8,6088.0,6114.125,6099.837600000851,106.03751956527253,11243.955555555554,6042.0,6393.0,6080.5,6155.0,74.5,28.0,0.017284592743899155,1,0,6081.8925,6205.33,37.534367077805655,37.534367077805655,0.006155934370833179,0.006137064010379962
FI--TH,FI,TH,7892.355050494185,10,7897.6,7898.0,7897.5,7897.500000000004,4.247875285886398,18.044444444444444,7891.0,7905.0,7894.25,7900.25,6.0,3.5,0.0005378691356724065,0,0,7895.2,7900.1025,5.244949505815384,5.244949505815384,0.0006645607644687714,0.0006643400417477153
FI--TR,FI,TR,2318.7683066331742,10,2453.9,2455.5,2452.875,2453.1506428571383,22.4026288139981,501.87777777777785,2424.0,2492.0,2437.0,2469.75,32.75,17.5,0.009129397617669057,0,0,2441.2975,2467.1,135.13169336682586,135.13169336682586,0.058277359139445706,0.05664245327577409
FI--TZ,FI,TZ,7418.969801469933,10,7514.4,7522.5,7514.5,7514.500000000931,76.6582604087054,5876.48888888889,7413.0,7615.0,7441.5,7584.25,142.75,66.5,0.010201514480025738,0,0,7463.6825,7556.724999999999,95.43019853006626,95.43019853006626,0.012862998648566883,0.012780972930397871
FI--UA,FI,UA,1140.0561693095046,10,1150.8,1148.5,1150.625,1149.5514333335423,8.727988186161674,76.17777777777775,1141.0,1162.0,1143.25,1160.0,16.75,5.5,0.007584278924367114,0,0,1145.7975,1155.9,10.743830690495315,10.743830690495315,0.009423948555975543,0.009379820178516567
FI--US,FI,US,6946.711977616074,10,6933.35,6923.5,6928.9375,6926.644,24.88646441564392,619.3361111111111,6912.0,6990.0,6917.0,6938.875,21.875,10.0,0.003589385277772494,1,0,6920.69625,6948.05125,13.361977616074,-13.361977616074,-0.0019234967073817667,-0.001925349002810673
FI--VN,FI,VN,7500.56964538643,10,7763.99,7816.75,7816.2375,7816.511687499943,165.85051133810566,27506.392111111116,7292.0,7818.0,7815.1,7817.825,2.7249999999994543,1.25,0.021361505017150416,1,0,7659.00825,7817.26025,263.42035461356954,263.42035461356954,0.035120046485482385,0.03451740693386213
FI--ZA,FI,ZA,9522.764258248177,10,9756.1,9634.0,9719.125,9639.940379995287,298.1216940184737,88876.54444444446,9495.0,10313.0,9620.0,9687.75,67.75,31.5,0.030557465997527053,3,0,9609.425,9959.304999999998,233.33574175182366,233.33574175182366,0.024502942152507774,0.02420756048625926
FJ--FR,FJ,FR,16576.81749979109,10,16604.1,16540.0,16579.5,16541.608666666732,132.0003787873353,17424.100000000002,16520.0,16885.0,16530.0,16590.5,60.5,10.0,0.007949866526179397,2,0,16539.4,16690.1125,27.28250020890846,27.28250020890846,0.0016458225596832617,0.0016444696779329645
FJ--GB,FJ,GB,16299.555426240808,10,16280.0,16287.5,16278.875,16279.269788888712,22.9830855679176,528.2222222222222,16255.0,16314.0,16255.0,16297.25,42.25,18.5,0.0014117374427467812,0,0,16265.8,16292.5025,19.55542624080772,-19.55542624080772,-0.0011997521238723636,-0.0012004724026133248
FJ--GH,FJ,GH,18604.884835041765,10,19463.1,19452.5,19450.75,19451.33333333415,100.02049789918065,10004.100000000002,19340.0,19685.0,19403.75,19486.0,82.25,49.0,0.0051389808354877,1,0,19408.995,19527.6175,858.2151649582338,858.2151649582338,0.046128485748098275,0.04509619342232037
FJ--GR,FJ,GR,16718.893493199037,10,17012.6,17021.5,17016.625,17026.333333323615,334.0559500709092,111593.37777777779,16515.0,17478.0,16887.5,17211.25,323.75,190.0,0.019635796413887897,0,0,16811.975,17205.1175,293.7065068009615,293.7065068009615,0.01756734121910857,0.017414819160936786
FJ--IN,FJ,IN,12028.323263938093,10,11718.6,11680.0,11714.75,11692.244799999928,95.75338694328838,9168.711111111108,11613.0,11855.0,11646.25,11812.0,165.75,44.0,0.0081710602753988,0,0,11666.9,11775.4,309.7232639380927,-309.7232639380927,-0.02574949618012584,-0.026086817627322605
FJ--IT,FJ,IT,17055.863339691525,10,16833.2,16882.5,16880.25,16878.666666666526,176.34927464173666,31099.066666666662,16340.0,16950.0,16856.25,16891.5,35.25,21.0,0.010476277513588423,2,0,16716.2,16903.102499999997,222.66333969152402,-222.66333969152402,-0.013054943936690287,-0.013140908713848985
FJ--JP,FJ,JP,7219.789289468397,10,7413.3,7479.0,7437.625,7474.991874998425,140.2735818954438,19676.677777777782,7140.0,7492.0,7461.25,7485.75,24.5,12.5,0.018921881199390797,2,0,7313.9975,7481.4,193.51071053160285,193.51071053160285,0.026802819690857113,0.02644991610657562
FJ--KE,FJ,KE,15310.34174379079,10,16449.9,16451.5,16451.375,16450.704342857145,10.619165064479725,112.7666666666667,16425.0,16463.0,16446.25,16453.0,6.75,4.0,0.0006455458734995182,1,0,16442.7975,16455.7,1139.5582562092113,1139.5582562092113,0.07443062181622215,0.0717908671388875
FJ--KR,FJ,KR,8184.830871623246,10,8150.4,8150.0,8150.75,8149.833333333414,8.113089560840693,65.82222222222224,8135.0,8163.0,8147.0,8152.75,5.75,3.0,0.000995422256679512,3,0,8145.5,8154.8025,34.430871623246276,-34.430871623246276,-0.0042066686732181455,-0.004215541596255601
FJ--MA,FJ,MA,18168.663542293107,10,18504.1,18413.0,18483.25,18504.099999913327,1105.0506725435214,1221136.9888888889,17255.0,19920.0,17505.0,19596.25,2091.25,1030.5,0.05971923371271888,0,0,17898.4775,19156.1,335.4364577068918,335.4364577068918,0.018462362788878837,0.018294002431848765
FJ--MX,FJ,MX,9915.918583166904,10,9878.7,9631.0,9829.625,9738.558000000612,555.9448513816616,309074.6777777778,9355.0,10795.0,9422.0,10391.25,969.25,270.0,0.05627712668485343,0,0,9575.5725,10188.727499999999,37.218583166903045,-37.218583166903045,-0.003753417583529244,-0.003760479331304368
FJ--MY,FJ,MY,8728.573834583456,10,8631.2,8663.0,8640.5,8640.500000002048,169.87564078858784,28857.73333333333,8320.0,8868.0,8510.75,8730.75,220.0,128.5,0.019681578550906922,0,0,8533.185000000001,8733.605,97.37383458345539,-97.37383458345539,-0.01115575538785624,-0.011218447515064152
FJ--NG,FJ,NG,18616.55968810009,10,18932.3,18976.0,18949.5,18949.499999999905,194.93363543068247,37999.12222222223,18544.0,19183.0,18828.5,19085.0,256.5,139.0,0.010296352552552119,0,0,18812.0575,19042.1,315.74031189991,315.74031189991,0.016960185833998893,0.016817967660959176
FJ--NL,FJ,NL,16165.585758358455,10,16302.8,16280.0,16278.75,16278.06787500019,90.93685232682684,8269.511111111111,16248.0,16550.0,16251.25,16290.0,38.75,27.5,0.0055779898132116475,1,0,16262.5925,16360.4025,137.2142416415445,137.2142416415445,0.008488046377818234,0.008452225469120351
FJ--NO,FJ,NO,15261.03378993224,10,15665.8,15647.5,15659.875,15654.80742864078,46.604243965067774,2171.955555555556,15615.0,15764.0,15635.25,15679.0,43.75,20.0,0.002974903545625999,1,0,15641.192500000001,15694.6325,404.76621006775895,404.76621006775895,0.026522856553452146,0.026177223720385796
FJ--NZ,FJ,NZ,2591.8075392647534,10,2608.3,2613.5,2609.625,2611.7243599997323,14.552968387545164,211.7888888888889,2582.0,2624.0,2598.0,2616.5,18.5,7.0,0.005579484103648032,0,0,2599.1,2616.2,16.492460735246823,16.492460735246823,0.006363304560772063,0.006343144217377397
FJ--PE,FJ,PE,11096.316981305765,10,10872.9,10855.0,10856.75,10854.333333335504,118.92616757187349,14143.433333333334,10725.0,11150.0,10821.75,10882.25,60.5,35.0,0.010937851683715798,2,0,10810.09,10946.9025,223.41698130576515,-223.41698130576515,-0.020134336616569368,-0.0203397948937647
FJ--PH,FJ,PH,7270.00795998326,10,7123.5,7127.0,7124.375,7124.278033333251,17.076624699017984,291.61111111111103,7095.0,7145.0,7112.25,7135.0,22.75,14.5,0.002397223934725624,0,0,7112.9975,7134.0,146.50795998325975,-146.50795998325975,-0.02015237958330889,-0.020358208777968196
FJ--PK,FJ,PK,12498.588968944085,10,13106.65,13109.0,13083.3125,13098.111485737787,393.77024110231815,155055.00277777776,12520.0,13880.0,12919.25,13319.25,400.0,246.0,0.030043545917707283,0,0,12879.675000000001,13322.58625,608.061031055915,608.061031055915,0.04865037425959018,0.047503979540474965
FJ--PL,FJ,PL,15740.327157401141,10,15898.0,15927.5,15918.125,15921.122374801427,97.24539406402067,9456.666666666668,15655.0,15980.0,15883.75,15960.0,76.25,42.5,0.006116831932571435,1,0,15836.975,15947.0,157.67284259885855,157.67284259885855,0.01001712613862161,0.00996728728229981
FJ--PT,FJ,PT,17608.392189885468,10,19887.9,19885.0,19884.375,19884.375000034794,20.343986280416576,413.8777777777779,19864.0,19940.0,19876.75,19889.5,12.75,7.5,0.001022932852659988,1,0,19877.8,19902.1,2279.5078101145336,2279.5078101145336,0.12945576095379782,0.12173588922996822
FJ--RU,FJ,RU,14698.654341884276,10,15281.8,15531.0,15353.875,15492.511166674785,502.7526009657014,252760.17777777778,14340.0,15647.0,15234.5,15597.75,363.25,102.5,0.03289878162033932,2,0,14930.45,15547.255000000001,583.1456581157236,583.1456581157236,0.03967340441866381,0.038906629621389036
FJ--SA,FJ,SA,14993.206576183224,10,14877.8,14839.0,14872.25,14856.333333337454,174.39915901937906,30415.066666666662,14640.0,15160.0,14785.0,14957.5,172.5,102.5,0.011722106697185005,0,0,14784.3,14981.55,115.40657618322439,-115.40657618322439,-0.0076972577945099655,-0.0077270345814403
FJ--SE,FJ,SE,15161.365121374429,10,15677.3,15657.0,15665.125,15662.79467142872,85.95612575934047,7388.4555555555535,15574.0,15878.0,15623.75,15706.75,83.0,39.5,0.005482839886928264,1,0,15631.19,15730.115,515.9348786255705,515.9348786255705,0.034029579427396525,0.03346338247339245
FJ--SG,FJ,SG,8434.22672283059,10,8284.3,8288.0,8284.75,8284.749999999996,7.789594198530356,60.67777777777778,8270.0,8295.0,8278.0,8288.75,10.75,5.0,0.0009402839344942067,0,0,8279.8975,8288.3,149.92672283059073,-149.92672283059073,-0.017775989163861864,-0.0179358797013069
FJ--SN,FJ,SN,18292.51736528745,10,18940.739999999998,18904.5,18912.675,18912.675000000756,155.8148773384622,24278.27600000002,18780.0,19326.0,18842.5,18992.300000000003,149.8000000000029,78.0,0.00822644085386644,1,0,18861.996,19041.443499999998,648.222634712547,648.222634712547,0.03543649142258779,0.034823068656955024
FJ--TH,FJ,TH,9249.359232089999,10,9427.4,9440.0,9436.5,9440.666666666431,59.944789413073906,3593.3777777777773,9295.0,9487.0,9415.25,9469.75,54.5,29.0,0.0063585706995644515,1,0,9388.8925,9461.005,178.0407679100008,178.0407679100008,0.019248984004459565,0.0190660659097234
FJ--TR,FJ,TR,15929.245910545002,10,16215.3,16188.5,16215.375,16206.705843083671,87.49863490998652,7656.011111111112,16075.0,16355.0,16168.0,16258.5,90.5,46.5,0.005396054029835188,0,0,16165.4875,16271.352499999999,286.05408945499767,286.05408945499767,0.017957792293584515,0.017798455867589356
FJ--TZ,FJ,TZ,15125.289672800167,10,16189.8,16197.5,16195.5,16194.295544448629,152.20147466069076,23165.288888888892,15944.0,16390.0,16077.5,16330.5,253.0,138.5,0.009401071950282941,0,0,16101.0725,16281.612500000001,1064.5103271998323,1064.5103271998323,0.07037950017672343,0.06801325865455032
FJ--UA,FJ,UA,15437.65678215794,10,15666.2,15638.0,15667.875,15645.067628571944,174.339897900624,30394.400000000005,15354.0,15965.0,15601.0,15711.0,110.0,59.0,0.011128410073956926,3,0,15565.945,15765.5325,228.5432178420615,228.5432178420615,0.014804268618421428,0.014695755098373741
FJ--US,FJ,US,12497.831524726587,10,12099.5,11943.5,12111.25,12097.049620031788,355.14324183661756,126126.72222222223,11592.0,12513.0,11850.75,12490.0,639.25,239.5,0.029351894031705242,0,0,11900.692500000001,12303.720000000001,398.3315247265873,-398.3315247265873,-0.03187205107850112,-0.03239102180247442
FJ--VN,FJ,VN,9022.601376117009,10,8426.0,8436.0,8420.25,8422.958200000105,136.37692864508523,18598.666666666668,8213.0,8685.0,8326.25,8506.25,180.0,79.0,0.01618525144138206,0,0,8350.995,8507.025,596.6013761170088,-596.6013761170088,-0.06612298950679829,-0.06841052983805228
FJ--ZA,FJ,ZA,14189.452435443198,10,13939.6,13874.0,13917.75,13917.139599988051,342.3342096710627,117192.71111111112,13589.0,14465.0,13631.25,14194.75,563.5,284.0,0.02455839548272997,0,0,13750.567500000001,14146.475,249.85243544319746,-249.85243544319746,-0.017608321151216678,-0.017765191852347297
FR--GB,FR,GB,341.1497977927973,10,343.75,344.0,343.8125,343.75,0.42491829279939874,0.18055555555555555,343.0,344.0,343.625,344.0,0.375,0.0,0.00123612594268916,2,0,343.45,344.0,2.600202207202699,2.600202207202699,0.007621878201381707,0.007592978441794929
FR--GH,FR,GH,4807.153141334028,10,4823.6,4823.5,4823.625,4823.625000000002,1.6465452046971292,2.711111111111111,4821.0,4826.0,4822.25,4825.0,2.75,1.5,0.0003413519372869079,0,0,4822.7,4824.5,16.446858665972286,16.446858665972286,0.0034213302930907116,0.0034154908579040596
FR--GR,FR,GR,2101.148656258638,10,2097.5,2097.5,2097.5,2097.5,0.5270462766947299,0.2777777777777778,2097.0,2098.0,2097.0,2098.0,1.0,0.5,0.00025127355265541356,0,0,2097.2,2097.8,3.648656258637857,-3.648656258637857,-0.0017365055289018689,-0.0017380150023536473
FR--IN,FR,IN,6600.894573294016,10,6576.51,6574.55,6576.3875,6575.832599999996,4.63811503858097,21.512111111110958,6571.0,6583.0,6573.25,6581.0,7.75,3.0,0.0007052547686509973,0,0,6573.959000000001,6579.05025,24.384573294015354,-24.384573294015354,-0.0036941316094746875,-0.0037009717644667147
FR--IT,FR,IT,1108.1927290162205,10,1105.8,1106.0,1105.75,1105.8,0.7888106377466155,0.6222222222222223,1105.0,1107.0,1105.0,1106.0,1.0,1.0,0.0007133393359980246,0,0,1105.3,1106.3,2.392729016220528,-2.392729016220528,-0.002159127156830052,-0.0021614614324736428
FR--JP,FR,JP,9737.965704971102,10,9713.9,9714.0,9714.0,9713.946377777778,0.9944289260117533,0.988888888888889,9712.0,9715.0,9713.25,9714.75,1.5,1.0,0.00010237174832062851,0,0,9713.3,9714.5,24.065704971102605,-24.065704971102605,-0.0024713277598438638,-0.0024743865308150723
FR--KE,FR,KE,6470.452307387349,10,6481.6,6481.0,6481.625,6481.566457142857,2.547329756605707,6.48888888888889,6478.0,6485.0,6480.0,6483.75,3.75,2.0,0.0003930094045614828,0,0,6480.2,6483.1,11.147692612651554,11.147692612651554,0.0017228614141741182,0.0017213789908770236
FR--KR,FR,KR,8989.261845586849,10,8965.6,8966.0,8965.625,8965.6,0.5163977794943222,0.2666666666666666,8965.0,8966.0,8965.0,8966.0,1.0,0.0,5.759768219576182e-05,0,0,8965.3,8965.9,23.661845586848358,-23.661845586848358,-0.0026322345475412764,-0.002635704968209731
FR--MA,FR,MA,1814.6775669616386,10,1814.1,1814.0,1814.0,1814.1,0.31622776601683794,0.1,1814.0,1815.0,1814.0,1814.0,0.0,0.0,0.0001743166121034331,1,0,1814.0,1814.3,0.5775669616386949,-0.5775669616386949,-0.0003182752529451996,-0.0003183259132631423
FR--MX,FR,MX,9207.427444723564,10,9197.3,9199.0,9197.875,9198.678266666695,3.4657049948186747,12.01111111111111,9190.0,9200.0,9195.25,9200.0,4.75,1.0,0.00037681765244350785,0,0,9195.1975,9199.1,10.127444723564622,-10.127444723564622,-0.001099921208650771,-0.0011005265659209654
FR--MY,FR,MY,10429.064210826338,10,10409.95,10408.25,10408.3125,10408.33613749445,6.313345652927087,39.85833333333334,10406.0,10427.0,10406.5,10410.0,3.5,1.75,0.0006064722359787594,1,0,10407.05,10414.25,19.114210826337512,-19.114210826337512,-0.0018327829266306735,-0.0018344645282467105
FR--NG,FR,NG,4437.067941067861,10,4461.9,4460.0,4463.125,4462.693733333226,15.772338655591525,248.76666666666668,4434.0,4480.0,4451.5,4476.5,25.0,14.0,0.003534892905621266,0,0,4453.4,4470.702499999999,24.832058932138352,24.832058932138352,0.005596501848056459,0.005580899616466152
FR--NL,FR,NL,428.39172758992953,10,430.701,431.0,430.72875,430.701,0.5263385053577482,0.2770322222222283,430.0,431.18,430.1125,431.1,0.9875000000000114,0.18000000000000682,0.0012220508086996503,0,0,430.39099999999996,430.976,2.3092724100704913,2.3092724100704913,0.005390562565393424,0.005376085486104782
FR--NO,FR,NO,1343.5166138500856,10,1341.9299999999998,1341.5,1341.875,1341.8333333333153,1.007802890781056,1.015666666666653,1341.0,1343.3,1341.0,1343.0,2.0,0.5,0.0007510100309114901,0,0,1341.35,1342.50025,1.5866138500857687,-1.5866138500857687,-0.0011809409974760526,-0.0011816388577710953
FR--NZ,FR,NZ,18980.580816307895,10,18977.9,18984.5,18977.375,18978.459620037167,15.975328200419268,255.21111111111114,18960.0,19000.0,18960.0,18990.0,30.0,10.5,0.0008417858772793231,0,0,18968.897500000003,18986.5025,2.68081630789311,-2.68081630789311,-0.00014123995118156679,-0.00014124992648272762
FR--PE,FR,PE,10245.869499110875,10,10260.0,10260.0,10260.0,10260.0,1.4142135623730951,2.0000000000000004,10257.0,10263.0,10260.0,10260.0,0.0,0.0,0.00013783757917866423,2,0,10259.1,10260.9,14.13050088912496,14.13050088912496,0.0013791412129884328,0.0013781910712318615
FR--PH,FR,PH,10757.705538010932,10,10740.0,10740.0,10740.0,10740.0,0.0,0.0,10740.0,10740.0,10740.0,10740.0,0.0,0.0,0.0,0,0,10740.0,10740.0,17.705538010932287,-17.705538010932287,-0.001645847058034086,-0.0016472029522371593
FR--PK,FR,PK,5940.239053946842,10,5907.5,5906.0,5907.125,5906.655066666663,4.006938426723769,16.055555555555554,5903.0,5915.0,5905.0,5909.5,4.5,2.0,0.0006782798860302614,0,0,5905.3975,5910.1,32.73905394684243,-32.73905394684243,-0.00551140343840031,-0.005526647258024263
FR--PL,FR,PL,1370.8305434249735,10,1367.04,1367.0,1367.0,1367.04,0.12649110640676392,0.016000000000007272,1367.0,1367.4,1367.0,1367.0,0.0,0.0,9.252919183547221e-05,1,0,1367.0,1367.1200000000001,3.790543424973521,-3.790543424973521,-0.0027651436883679124,-0.002768973760271987
FR--PT,FR,PT,1453.915618536448,10,1453.0700000000002,1453.0,1453.0,1453.07,0.22135943621180096,0.04900000000000638,1453.0,1453.7,1453.0,1453.0,0.0,0.0,0.00015233914141218313,1,0,1453.0,1453.21,0.8456185364477733,-0.8456185364477733,-0.0005816145900537175,-0.0005817837934299781
FR--RU,FR,RU,2494.0210488381886,10,2485.2,2485.0,2485.0,2485.1111111111113,0.6324555320336759,0.4,2485.0,2487.0,2485.0,2485.0,0.0,0.0,0.00025448878642913084,1,0,2485.0,2485.6,8.821048838188744,-8.821048838188744,-0.0035368782642383593,-0.0035431478056014536
FR--SA,FR,SA,4695.389253154605,10,4674.8,4675.0,4674.875,4675.0,1.3984117975602022,1.955555555555556,4672.0,4677.0,4675.0,4675.0,0.0,0.0,0.0002991383155557889,4,0,4673.9975,4675.6,20.589253154605103,-20.589253154605103,-0.00438499388325945,-0.004394636166831532
FR--SE,FR,SE,1549.2891494547255,10,1544.0,1544.0,1544.0,1544.0,0.0,0.0,1544.0,1544.0,1544.0,1544.0,0.0,0.0,0.0,0,0,1544.0,1544.0,5.289149454725475,-5.289149454725475,-0.003413920155954748,-0.003419760878332335
FR--SG,FR,SG,10742.404770656647,10,10707.0,10740.0,10740.0,10739.888888888889,104.35516278555652,10890.0,10410.0,10740.0,10740.0,10740.0,0.0,0.0,0.009746442774405204,1,0,10641.0,10740.0,35.40477065664709,-35.40477065664709,-0.003295795626074041,-0.003301238723326381
FR--SN,FR,SN,4197.9762876720815,10,4200.0,4200.0,4200.0,4200.0,0.0,0.0,4200.0,4200.0,4200.0,4200.0,0.0,0.0,0.0,0,0,4200.0,4200.0,2.0237123279184743,2.0237123279184743,0.0004820685466617275,0.00048195238894908714
FR--TH,FR,TH,9456.38937182292,10,9442.2,9443.0,9442.625,9442.857142857143,2.097617696340303,4.399999999999999,9437.0,9444.0,9443.0,9443.0,0.0,0.0,0.0002221534913833961,3,0,9440.9,9443.2,14.189371822918474,-14.189371822918474,-0.0015005062994971803,-0.0015016331864829934
FR--TR,FR,TR,2605.2100576102166,10,2597.7,2598.0,2597.75,2597.7,0.48304589153964794,0.23333333333333334,2597.0,2598.0,2597.25,2598.0,0.75,0.0,0.0001859513768101197,0,0,2597.4,2598.0,7.510057610216791,-7.510057610216791,-0.0028827071307661986,-0.0028868701333701753
FR--TZ,FR,TZ,6910.826312650359,10,6941.8,6926.5,6933.5,6933.545071427645,61.22054847480179,3747.9555555555557,6864.0,7086.0,6915.25,6965.0,49.75,32.5,0.008819117300239388,1,0,6910.097500000001,6978.2175,30.973687349641295,30.973687349641295,0.004481907943908755,0.004471894104090135
FR--UA,FR,UA,2030.3165458301612,10,2024.313,2024.0,2024.1412500000001,2023.9446571428582,1.8943544781505146,3.5885788888889087,2022.0,2028.0,2023.0,2024.8475,1.8475000000000819,1.0,0.0009358011721263039,1,0,2023.3,2025.5260000000003,6.0035458301611015,-6.0035458301611015,-0.002956950650129463,-0.002961331065949883
FR--US,FR,US,6177.576314828088,10,6163.3,6162.0,6162.75,6162.249999997861,2.7507574714370344,7.566666666666667,6162.0,6169.0,6162.0,6162.0,0.0,0.0,0.00044631244162007924,2,0,6162.0,6165.1,14.27631482808738,-14.27631482808738,-0.0023109896342065127,-0.0023136640919751666
FR--VN,FR,VN,9212.23431863868,10,9190.2,9190.0,9190.125,9190.2,0.4216370213557839,0.17777777777777778,9190.0,9191.0,9190.0,9190.0,0.0,0.0,4.587898210656829e-05,2,0,9190.0,9190.4025,22.034318638679906,-22.034318638679906,-0.002391853906071289,-0.0023947189580609514
FR--ZA,FR,ZA,8652.154951764032,10,8691.4,8690.0,8691.75,8691.655066666666,3.272783388968954,10.71111111111111,8685.0,8695.0,8690.0,8694.75,4.75,2.0,0.0003765542247473312,0,0,8689.4975,8693.3,39.24504823596726,39.24504823596726,0.004535869786747848,0.004525613731114208
GB--GH,GB,GH,5094.01108636096,10,5100.4,5100.0,5100.25,5100.333333331678,0.699205898780101,0.4888888888888888,5100.0,5102.0,5100.0,5100.75,0.75,0.0,0.00013708844380442732,1,0,5100.0,5100.9,6.388913639039856,6.388913639039856,0.0012542009686916376,0.0012534151156664082
GB--GR,GB,GR,2394.3235623248843,10,2391.0,2391.0,2391.0,2391.0,0.0,0.0,2391.0,2391.0,2391.0,2391.0,0.0,0.0,0.0,0,0,2391.0,2391.0,3.3235623248842785,-3.3235623248842785,-0.0013881007467750537,-0.0013890650510876804
GB--IN,GB,IN,6724.002102971842,10,6710.0,6710.0,6710.0,6710.0,0.0,0.0,6710.0,6710.0,6710.0,6710.0,0.0,0.0,0.0,0,0,6710.0,6710.0,14.00210297184185,-14.00210297184185,-0.0020824060964605095,-0.0020845773188038603
GB--IT,GB,IT,1434.2026285343118,10,1434.6,1435.0,1434.75,1434.6666666666667,0.6992058987801011,0.488888888888889,1433.0,1435.0,1434.25,1435.0,0.75,0.0,0.00048738735451003845,1,0,1434.1,1435.0,0.3973714656881384,0.3973714656881384,0.0002770678687810198,0.00027702949256754706
GB--JP,GB,JP,9584.855356731166,10,9556.9,9556.0,9556.375,9556.25,2.024845673131659,4.1000000000000005,9556.0,9562.0,9556.0,9556.0,0.0,0.0,0.00021187264417663247,2,0,9556.0,9558.1,27.95535673116683,-27.95535673116683,-0.002916617485681158,-0.002920879102815242
GB--KE,GB,KE,6804.487905463708,10,6823.2,6825.0,6823.5,6824.571428571428,2.8982753492378874,8.399999999999999,6819.0,6825.0,6820.5,6825.0,4.5,0.0,0.00042476775548685184,0,0,6821.4,6824.4,18.71209453629217,18.71209453629217,0.002749963670486823,0.0027461894381435696
GB--KR,GB,KR,8880.920559408663,10,8858.0,8858.0,8858.0,8858.0,0.0,0.0,8858.0,8858.0,8858.0,8858.0,0.0,0.0,0.0,0,0,8858.0,8858.0,22.920559408663394,-22.920559408663394,-0.002580876526857432,-0.002584212730136321
GB--MA,GB,MA,2015.6973939359636,10,1977.8,2063.0,1993.875,2056.0479333302287,143.32620137295206,20542.400000000005,1744.0,2083.0,1865.25,2079.25,214.0,18.5,0.07246748982351707,0,0,1889.1975,2060.815,37.89739393596369,-37.89739393596369,-0.01880113257574001,-0.01898012087460027
GB--MX,GB,MX,8941.67963886513,10,8929.0,8929.0,8929.0,8929.0,0.0,0.0,8929.0,8929.0,8929.0,8929.0,0.0,0.0,0.0,0,0,8929.0,8929.0,12.679638865129164,-12.679638865129164,-0.0014180377040144611,-0.0014190440709695331
GB--MY,GB,MY,10548.649921719485,10,10580.2,10593.0,10581.0,10592.400000002395,16.745148551147583,280.4,10560.0,10594.0,10561.0,10593.0,32.0,0.5,0.0015826873358866166,0,0,10570.4,10589.9025,31.550078280515663,31.550078280515663,0.0029909114924322787,0.0029864476151474756
GB--NG,GB,NG,4755.038491838242,10,4790.1,4786.5,4789.5,4789.228871428536,11.33774423968209,128.54444444444442,4775.0,4810.0,4783.5,4797.25,13.75,8.5,0.00236691180553268,0,0,4784.4,4796.5025,35.061508161757956,35.061508161757956,0.007373548757163391,0.007346497043223779
GB--NL,GB,NL,358.8427946807068,10,357.1,357.0,357.0,357.1,0.31622776601683794,0.1,357.0,358.0,357.0,357.0,0.0,0.0,0.0008855440101283616,1,0,357.0,357.3,1.7427946807067656,-1.7427946807067656,-0.0048567080251882425,-0.004868540157295217
GB--NO,GB,NO,1156.4942725896335,10,1153.0,1153.0,1153.0,1153.0,0.0,0.0,1153.0,1153.0,1153.0,1153.0,0.0,0.0,0.0,0,0,1153.0,1153.0,3.4942725896335105,-3.4942725896335105,-0.0030214352742180908,-0.0030260090249608356
GB--NZ,GB,NZ,18806.422712162086,10,18815.6,18815.0,18815.375,18815.444444444445,0.9660917830792959,0.9333333333333333,18815.0,18818.0,18815.0,18816.0,1.0,0.0,5.134525516482578e-05,1,0,18815.1,18816.1,9.177287837912445,9.177287837912445,0.00048798689566716515,0.0004878678687827194
GB--PE,GB,PE,10161.714666151413,10,10101.2,10167.5,10124.625,10159.28537499877,141.00811639366324,19883.28888888888,9825.0,10190.0,10143.0,10170.0,27.0,22.5,0.013959541083600289,2,0,10003.0975,10170.6,60.5146661514118,-60.5146661514118,-0.005955162897161997,-0.00597296559355297
GB--PH,GB,PH,10748.092828515446,10,10739.1,10737.5,10738.25,10738.017071428572,5.10881590977792,26.1,10735.0,10750.0,10735.0,10742.25,7.25,2.5,0.0004757210482980809,0,0,10736.3,10742.1025,8.99282851544558,-8.99282851544558,-0.0008366906258556843,-0.0008370408468220645
GB--PK,GB,PK,6053.923906825333,10,6049.4,6050.0,6050.0,6050.0,2.270584848790187,5.155555555555556,6043.0,6051.0,6050.0,6050.0,0.0,0.0,0.00037534050464346666,2,0,6047.9,6050.3,4.5239068253331425,-4.5239068253331425,-0.0007472685311146356,-0.0007475478754155568
GB--PL,GB,PL,1451.4527915116341,10,1449.2,1449.0,1449.125,1449.2,0.42163702135578396,0.1777777777777778,1449.0,1450.0,1449.0,1449.0,0.0,0.0,0.00029094467385853154,2,0,1449.0,1449.5,2.2527915116340864,-2.2527915116340864,-0.0015520942360708046,-0.0015532999821121453
GB--PT,GB,PT,1584.9632431063264,10,1585.7,1585.5,1585.625,1585.5714285714287,1.1595018087284057,1.3444444444444443,1584.0,1588.0,1585.0,1586.0,1.0,0.5,0.0007312239444588546,1,0,1585.1,1586.4,0.7367568936736006,0.7367568936736006,0.0004648416276390428,0.00046473362223851597
GB--RU,GB,RU,2508.045616571664,10,2500.8,2501.0,2500.875,2500.8,0.4216370213557839,0.17777777777777778,2500.0,2501.0,2501.0,2501.0,0.0,0.0,0.0001686008562683077,2,0,2500.5,2501.0,7.245616571663959,-7.245616571663959,-0.002888949277393227,-0.002893130345895097
GB--SA,GB,SA,4954.835444629185,10,4947.5,4948.0,4947.75,4947.666666666667,0.97182531580755,0.9444444444444444,4945.0,4948.0,4947.25,4948.0,0.75,0.0,0.00019642755246236483,1,0,4946.9,4948.0,7.335444629185076,-7.335444629185076,-0.0014804618056763847,-0.0014815587720670093
GB--SE,GB,SE,1439.0693652990349,10,1432.6,1433.0,1432.625,1432.6,0.5163977794943223,0.2666666666666667,1432.0,1433.0,1432.0,1433.0,1.0,0.0,0.0003604619429668591,0,0,1432.3,1432.9,6.469365299034962,-6.469365299034962,-0.004495520129212565,-0.004505655366678202
GB--SG,GB,SG,10859.201604289969,10,10852.1,10853.0,10852.75,10852.666666666666,2.1832697191750423,4.766666666666668,10846.0,10853.0,10852.25,10853.0,0.75,0.0,0.00020118407673860747,1,0,10850.6,10852.9025,7.101604289968236,-7.101604289968236,-0.000653971125019239,-0.0006541850574108614
GB--SN,GB,SN,4365.305947198292,10,4376.4,4381.0,4377.0,4377.471766666606,13.60718764313756,185.15555555555554,4354.0,4394.0,4365.0,4385.0,20.0,9.5,0.003109219368233608,0,0,4367.8975,4384.0025,11.094052801707221,11.094052801707221,0.0025414147223352173,0.00253819078901896
GB--TH,GB,TH,9543.363933383182,10,9536.4,9536.5,9536.375,9536.42857142857,0.9660917830792959,0.9333333333333333,9535.0,9538.0,9536.0,9537.0,1.0,0.5,0.00010130571107328719,0,0,9535.9,9536.9,6.9639333831819386,-6.9639333831819386,-0.0007297147454286783,-0.0007299811168248659
GB--TR,GB,TR,2839.1944811374397,10,2830.3,2834.0,2831.625,2833.2587000000117,6.481597882552659,42.01111111111111,2815.0,2835.0,2828.5,2834.0,5.5,1.0,0.002290074508904589,1,0,2826.2,2833.5025,8.89448113743947,-8.89448113743947,-0.0031327481074407268,-0.003137665435311632
GB--TZ,GB,TZ,7248.407455210976,10,7501.9,7491.0,7486.0,7488.908733333785,67.96804804873798,4619.655555555555,7445.0,7686.0,7471.0,7500.5,29.5,13.0,0.00906011117833322,1,0,7471.195,7547.505,253.49254478902367,253.49254478902367,0.034972170970712264,0.03437453840484231
GB--UA,GB,UA,2139.351912362843,10,2133.7,2134.0,2133.75,2133.7,0.48304589153964794,0.23333333333333334,2133.0,2134.0,2133.25,2134.0,0.75,0.0,0.0002263888510754314,0,0,2133.4,2133.9,5.651912362843177,-5.651912362843177,-0.0026418806229036103,-0.0026453765480852352
GB--US,GB,US,5912.468929291367,10,5900.0,5900.0,5900.0,5900.0,0.0,0.0,5900.0,5900.0,5900.0,5900.0,0.0,0.0,0.0,0,0,5900.0,5900.0,12.468929291367203,-12.468929291367203,-0.002108920899286934,-0.0021111478044287145
GB--VN,GB,VN,9249.152997948202,10,9231.7,9231.0,9231.875,9231.875,2.359378449224852,5.566666666666667,9227.0,9235.0,9231.0,9233.75,2.75,1.5,0.00025557356166522435,0,0,9230.3,9233.1,17.4529979482013,-17.4529979482013,-0.001886983375891069,-0.001888765971860506
GB--ZA,GB,ZA,8991.386014264714,10,9016.7,9013.0,9016.0,9013.499999999982,9.510812560215639,90.45555555555555,9005.0,9034.0,9013.0,9014.75,1.75,0.5,0.001054799711670083,3,0,9011.797499999999,9022.7,25.313985735287133,25.313985735287133,0.002815359689276696,0.002811403986930609
GH--GR,GH,GR,4333.583803793776,10,4475.71,4466.0,4460.5125,4461.940842843249,198.48861400314348,39397.72988888888,4185.0,4888.0,4366.0,4570.15,204.14999999999964,128.5,0.04434796132974288,1,0,4369.498500000001,4600.80525,142.12619620622445,142.12619620622445,0.03279645730672199,0.03227013036114584
GH--IN,GH,IN,8492.768279138134,10,8633.130000000001,8629.0,8637.6625,8630.714507149627,259.2554769591828,67213.40233333335,8248.0,8982.0,8448.575,8816.125,367.5499999999993,196.75,0.0300302992030912,0,0,8477.269750000001,8771.79175,140.36172086186707,140.36172086186707,0.016527204822796755,0.016392116957645204
GH--IT,GH,IT,4218.672595049595,10,4253.7,4240.0,4243.75,4250.500000003216,113.08703629407651,12788.677777777779,4102.0,4485.0,4224.25,4305.5,81.25,50.0,0.02658556933824118,3,0,4190.889999999999,4324.902499999999,35.02740495040507,35.02740495040507,0.008302944625640778,0.008268664799201752
GH--JP,GH,JP,13827.443948540278,10,13889.8,13903.5,13886.25,13886.24999999382,231.84995147724314,53754.399999999994,13554.0,14254.0,13697.0,14066.25,369.25,222.5,0.016692101504502812,0,0,13763.7775,14026.84,62.35605145972113,62.35605145972113,0.0045095862757992865,0.00449944855812545
GH--KE,GH,KE,4185.899181902206,10,4386.0,4408.0,4391.375,4385.999999976522,197.6410888454119,39062.0,4154.0,4575.0,4214.75,4571.5,356.75,165.5,0.045061807762291815,0,0,4267.3775,4501.6050000000005,200.10081809779422,200.10081809779422,0.04780354456766014,0.04669611085289538
GH--KR,GH,KR,12769.069776916134,10,12388.6,12390.0,12388.25,12390.16555714247,32.79295317256099,1075.377777777778,12340.0,12440.0,12373.5,12408.75,35.25,23.5,0.002647026554458211,0,0,12370.2925,12408.3,380.4697769161339,-380.4697769161339,-0.029796201568570442,-0.03024912807723202
GH--MA,GH,MA,3225.75627215081,10,3155.7,3152.5,3155.375,3154.8333333333294,17.036235890986404,290.23333333333335,3132.0,3182.0,3146.5,3164.5,18.0,11.5,0.005398560031367496,0,0,3145.6,3165.4025,70.0562721508104,-70.0562721508104,-0.021717782200606116,-0.021957084317505204
GH--MX,GH,MX,10742.674108313797,10,10214.7,10260.0,10216.5,10224.049380509538,191.45237295763954,36654.01111111111,9951.0,10464.0,10027.75,10330.25,302.5,143.5,0.01874282876223869,0,0,10106.765,10325.640000000001,527.974108313796,-527.974108313796,-0.04914736340230175,-0.0503961847027006
GH--MY,GH,MY,11302.266760638768,10,11961.7,11893.5,11931.875,11925.523626756763,493.60219025265906,243643.1222222222,11370.0,12792.0,11546.75,12332.0,785.25,382.5,0.04126522068373718,0,0,11694.795,12264.5275,659.4332393612331,659.4332393612331,0.058345219886135835,0.05670657500194851
GH--NG,GH,NG,940.6043456313404,10,913.4,915.0,913.875,914.3880500001364,4.971027168615266,24.71111111111111,905.0,918.0,911.5,917.5,6.0,3.0,0.0054423332259856206,0,0,910.1,916.1,27.204345631340402,-27.204345631340402,-0.02892219853936636,-0.029348688812464413
GH--NL,GH,NL,5209.997387819868,10,5219.2,5218.0,5218.625,5218.25,2.573367875415838,6.622222222222223,5218.0,5225.0,5218.0,5218.0,0.0,0.0,0.0004930579160438071,2,0,5218.0,5220.9,9.202612180131837,9.202612180131837,0.0017663371965686695,0.00176477905755206
GH--NO,GH,NO,6102.669610187801,10,6132.5,6151.0,6143.375,6149.8288749999865,68.32479621468165,4668.2777777777765,5985.0,6193.0,6120.5,6179.0,58.5,32.5,0.011141426207041444,1,0,6090.795,6168.6025,29.830389812199428,29.830389812199428,0.0048880886100077505,0.00487618069374574
GH--NZ,GH,NZ,16013.257226333824,10,17318.2,16720.0,17301.5,17141.644724823414,1273.7159808999807,1622352.4,15830.0,18940.0,16380.75,18642.5,2261.75,762.0,0.07354782719335616,0,0,16650.1825,18072.225000000002,1304.9427736661764,1304.9427736661764,0.08149140148202928,0.07834101583108527
GH--PE,GH,PE,8721.901447825489,10,8982.98,8987.25,9010.475,9025.249999971724,301.1733048521326,90705.35955555561,8395.0,9351.0,8913.125,9186.875,273.75,181.0,0.03352710401805777,1,0,8806.369999999999,9149.5525,261.07855217451106,261.07855217451106,0.029933673721984348,0.02949440572345781
GH--PH,GH,PH,13172.528062047224,10,13629.3,13579.0,13610.0,13610.000000001228,162.58744655654624,26434.67777777778,13425.0,13988.0,13542.5,13711.75,169.25,116.0,0.011929258770189683,1,0,13538.99,13726.1225,456.77193795277526,456.77193795277526,0.03467610285597566,0.034088433639602414
GH--PK,GH,PK,8135.24807147375,10,7467.6,7425.0,7458.9375,7435.9579104855275,167.86979081021894,28180.26666666667,7231.5,7773.0,7384.25,7580.75,196.5,76.75,0.02247975130031321,0,0,7378.105,7578.828750000001,667.64807147375,-667.64807147375,-0.08206855717342636,-0.08563257216721684
GH--PL,GH,PL,5532.277420091532,10,5353.95,5316.0,5352.9375,5348.936800002529,84.68977702965886,7172.358333333333,5234.0,5482.0,5296.375,5437.0,140.625,54.0,0.015818186017736224,0,0,5303.6449999999995,5406.705,178.32742009153208,-178.32742009153208,-0.03223399814403769,-0.03276495454771463
GH--PT,GH,PT,3782.929500075035,10,3802.3,3805.5,3804.125,3804.698375007919,8.069834088890689,65.1222222222222,3782.0,3808.0,3801.5,3807.5,6.0,2.5,0.0021223559658340185,1,0,3796.8,3806.2,19.370499924965316,19.370499924965316,0.00512050249008899,0.005107437298464714
GH--RU,GH,RU,6496.545506137951,10,6714.339999999999,6772.7,6736.8625,6754.425880891754,198.95806481657272,39584.31155555555,6318.0,6930.5,6642.5,6843.5,201.0,109.55000000000018,0.029631812630366162,1,0,6592.39375,6826.0295,217.7944938620485,217.7944938620485,0.03352466224646249,0.03297496269625241
GH--SA,GH,SA,5439.21139413924,10,5413.3,5428.5,5410.0,5410.00000001913,157.19913061676476,24711.56666666667,5195.0,5658.0,5284.25,5516.5,232.25,144.0,0.0290394270808499,0,0,5321.889999999999,5504.0175,25.911394139239746,-25.911394139239746,-0.0047638145057497345,-0.004775197635874025
GH--SE,GH,SE,6169.917069641088,10,6152.8,6142.5,6146.125,6141.33333333322,41.84574848974106,1751.0666666666664,6105.0,6254.0,6133.5,6148.75,15.25,8.5,0.0068010903149364615,3,0,6131.995,6180.907499999999,17.117069641088165,-17.117069641088165,-0.0027742787217209528,-0.0027781341653015956
GH--SG,GH,SG,11563.025739001863,10,11417.2,11430.0,11421.25,11424.200357143724,55.24852939219287,3052.3999999999996,11317.0,11485.0,11388.75,11452.75,64.0,37.5,0.004839061187698636,0,0,11384.2925,11447.6025,145.82573900186253,-145.82573900186253,-0.012611382374597259,-0.012691580846460633
GH--SN,GH,SN,2143.667997107388,10,2105.5,2102.0,2103.75,2102.9021666666818,9.755340417774597,95.16666666666666,2095.0,2130.0,2100.25,2108.75,8.5,2.5,0.004633265456079125,1,0,2100.9,2111.6,38.167997107388146,-38.167997107388146,-0.017804994597526803,-0.017965410502451915
GH--TH,GH,TH,11025.064322158887,10,11236.1,11230.0,11229.0,11222.000000001462,116.8631203112808,13656.988888888889,11054.0,11475.0,11176.25,11261.75,85.5,52.5,0.01040068353888634,1,0,11170.59,11304.54,211.03567784111328,211.03567784111328,0.019141446405619614,0.01896055364147938
GH--TR,GH,TR,5045.437421948046,10,4978.0,4956.5,4973.875,4977.055444447882,128.61916221500158,16542.88888888889,4832.0,5157.0,4860.0,5087.75,227.75,115.0,0.025837517520088706,0,0,4902.3,5054.6,67.437421948046,-67.437421948046,-0.01336602088347939,-0.013456150154723867
GH--TZ,GH,TZ,4202.317885708757,10,4606.7300000000005,4744.5,4641.0,4739.693499997247,240.07201720409742,57634.573444444446,4164.0,4775.3,4495.75,4745.0,249.25,12.5,0.05211332489729101,0,0,4463.3275,4725.07025,404.4121142912436,404.4121142912436,0.09623548843522009,0.09188202715731951
GH--UA,GH,UA,5740.228417956023,10,5778.55,5788.0,5783.5625,5783.531955555544,91.40582585371679,8355.025000000001,5624.0,5893.0,5705.875,5853.25,147.375,74.0,0.015818124936829617,0,0,5722.6425,5830.8075,38.32158204397729,38.32158204397729,0.006675968141634129,0.006653782551776733
GH--US,GH,US,8483.047455588956,10,8288.789999999999,8252.2,8285.425,8278.519739999732,73.03862676693753,5334.641000000003,8195.0,8409.5,8239.0,8348.5,109.5,39.70000000000073,0.00881173570170526,0,0,8247.576499999997,8334.65475,194.25745558895687,-194.25745558895687,-0.022899489435364722,-0.023165755501390342
GH--VN,GH,VN,11449.241972047112,10,11330.8,11357.5,11337.75,11339.542024619657,107.20053897045274,11491.955555555556,11155.0,11451.0,11249.25,11424.75,175.5,81.5,0.009460985894239837,0,0,11266.9375,11391.702500000001,118.44197204711236,-118.44197204711236,-0.010344961905450503,-0.010398842944185355
GH--ZA,GH,ZA,4626.9652891296655,10,4683.4,4685.0,4683.875,4684.40696001267,4.325634186002223,18.71111111111112,4675.0,4688.0,4681.0,4685.75,4.75,2.0,0.000923609810394633,0,0,4680.8,4685.8,56.43471087033413,56.43471087033413,0.012196916843728802,0.012123133798070918
GR--IN,GR,IN,5018.539102191491,10,4887.8,4825.0,4884.75,4835.543400000007,88.64511016156253,7857.955555555556,4805.0,4995.0,4822.5,4988.25,165.75,15.0,0.018135993731650746,0,0,4836.2925000000005,4940.3025,130.73910219149093,-130.73910219149093,-0.026051227165770192,-0.02639657134879527
GR--IT,GR,IT,1053.9826873522736,10,1051.0,1051.0,1051.0,1051.0,0.0,0.0,1051.0,1051.0,1051.0,1051.0,0.0,0.0,0.0,0,0,1051.0,1051.0,2.982687352273615,-2.982687352273615,-0.00282992063158691,-0.0028339324274743796
GR--JP,GR,JP,9529.986913901954,10,9500.16,9500.5,9500.0,9500.159999999998,2.1135541419872332,4.4671111111113895,9498.0,9503.6,9498.0,9501.0,3.0,2.5,0.00022247563640899029,0,0,9499.05,9501.421250000001,29.826913901953958,-29.826913901953958,-0.0031297958928404907,-0.0031347039474875003
GR--KE,GR,KE,4550.99704740833,10,4285.6,4353.5,4303.875,4337.48950004065,257.15200865549457,66127.15555555555,3820.0,4605.0,4144.75,4446.0,301.25,127.5,0.0600037354525608,0,0,4125.09,4427.5025,265.39704740832985,-265.39704740832985,-0.0583162424944807,-0.06008577467102349
GR--KR,GR,KR,8536.453653913031,10,8495.2,8505.5,8498.0,8500.069599999939,23.327618347739183,544.1777777777777,8450.0,8518.0,8481.25,8511.75,30.5,12.0,0.002745976356970899,0,0,8479.695000000002,8507.3025,41.253653913030575,-41.253653913030575,-0.00483264545038797,-0.004844360439577838
GR--MA,GR,MA,2777.965823972774,10,2716.95,2849.75,2728.8125,2844.79716666374,180.51014899137633,32583.91388888888,2478.0,2861.0,2537.25,2857.5,320.25,11.25,0.06643852444519639,0,0,2609.135,2820.40125,61.01582397277434,-61.01582397277434,-0.02196420972721525,-0.02220901424596841
GR--MX,GR,MX,11298.129151635198,10,10868.05,10799.75,10826.4375,10799.809914287995,235.13311241838218,55287.580555555556,10602.0,11467.0,10779.5,10815.0,35.5,19.0,0.02163526229805551,3,0,10756.88125,11007.63125,430.0791516351983,-430.0791516351983,-0.038066404257111205,-0.038809857993218226
GR--MY,GR,MY,8741.0759144703,10,8657.48,8639.5,8660.1625,8650.765799998262,99.46458666279172,9893.204000000003,8480.5,8813.0,8599.825,8733.0,133.17499999999927,49.0,0.011488861269421554,0,0,8597.742,8715.701500000001,83.59591447030107,-83.59591447030107,-0.00956357264120236,-0.009609597277061104
GR--NG,GR,NG,3590.1434415502863,10,3525.91,3492.5,3520.25,3508.924946668725,85.98987601908598,7394.258777777779,3445.6,3651.5,3450.0,3594.25,144.25,46.700000000000045,0.02438799516127354,0,0,3476.8219999999997,3580.67625,64.23344155028644,-64.23344155028644,-0.017891608676936132,-0.018053598589495772
GR--NL,GR,NL,2163.5846088708995,10,2164.54,2162.2,2162.425,2162.488888888889,6.852120515253343,46.95155555555574,2162.0,2184.0,2162.0,2163.0,1.0,0.1999999999998181,0.0031656243429335302,1,0,2162.1794999999997,2168.94,0.9553911291004624,0.9553911291004624,0.0004415778912381191,0.00044148042441283567
GR--NO,GR,NO,2606.9423466880603,10,2613.0,2613.0,2613.0,2613.0,1.247219128924647,1.5555555555555554,2611.0,2615.0,2612.0,2614.0,2.0,1.0,0.00047731309947364985,0,0,2612.2975,2613.7,6.057653311939703,6.057653311939703,0.002323662170602097,0.0023209666425175173
GR--NZ,GR,NZ,17522.839563811503,10,17683.0,17771.5,17700.375,17726.728039988848,225.75847467789308,50966.88888888889,17290.0,17937.0,17571.25,17804.0,232.75,123.0,0.012766978152909182,0,0,17540.0825,17807.86,160.16043618849653,160.16043618849653,0.009140096021837857,0.009098578137402235
GR--PE,GR,PE,11767.93414146203,10,11201.9,11190.5,11199.0,11194.959571428377,28.765140940613055,827.4333333333333,11175.0,11252.0,11181.0,11220.0,39.0,15.0,0.0025678805328214907,0,0,11185.797499999999,11219.605,566.0341414620307,-566.0341414620307,-0.04809970336830143,-0.04929498010427406
GR--PH,GR,PH,9644.711437844597,10,9540.8,9543.0,9542.375,9542.963150000074,58.85726614257391,3464.1777777777775,9457.0,9612.0,9497.75,9589.25,91.5,49.0,0.006169007435704964,0,0,9506.8825,9573.8175,103.91143784459746,-103.91143784459746,-0.010773929164626165,-0.010832388207676907
GR--PK,GR,PK,4438.915175919046,10,4305.5,4342.25,4313.125,4312.24495036412,176.27566794969493,31073.111111111106,4025.0,4525.0,4150.0,4440.375,290.375,148.25,0.04094197374281615,0,0,4202.19625,4401.65,133.4151759190463,-133.4151759190463,-0.030055806572474912,-0.030516741688712278
GR--PL,GR,PL,1599.730736035073,10,1598.31,1598.0,1598.25,1598.31,0.4998888765404496,0.24988888888887287,1598.0,1599.1,1598.0,1598.75,0.75,0.0,0.00031276090154003266,0,0,1598.0,1598.6200000000001,1.420736035073105,-1.420736035073105,-0.0008881094818459226,-0.0008885040847227981
GR--PT,GR,PT,2859.446251097273,10,2856.85,2855.0,2856.5625,2855.2442000000055,3.8876585355312376,15.113888888888887,2853.0,2863.0,2854.25,2859.625,5.375,1.0,0.0013608199714830102,0,0,2854.75,2859.2,2.596251097273125,-2.596251097273125,-0.0009079559009989608,-0.000908368342629533
GR--RU,GR,RU,2231.411035554138,10,2228.73,2228.0,2228.5375,2228.383333333333,1.4817782110243924,2.195666666666649,2227.0,2232.0,2228.0,2229.575,1.574999999999818,0.15000000000009095,0.00066485317244547,1,0,2227.9,2229.63,2.6810355541379067,-2.6810355541379067,-0.001201497846617986,-0.001202220223836739
GR--SA,GR,SA,2633.348280356521,10,2407.8,2407.0,2407.375,2407.3749999995935,18.146318879841413,329.2888888888889,2382.0,2437.0,2392.75,2422.5,29.75,15.5,0.007536472663776647,0,0,2397.3975,2418.9,225.548280356521,-225.548280356521,-0.08565075954403747,-0.08954267935472299
GR--SE,GR,SE,2410.026741429502,10,2437.25,2443.75,2439.6875,2443.599187500064,14.397627119309163,207.29166666666669,2410.0,2445.0,2442.25,2445.0,2.75,1.25,0.005907324697634286,2,0,2426.9,2444.3,27.22325857049782,27.22325857049782,0.01129583257418563,0.01123251105740164
GR--SG,GR,SG,9057.615916728751,10,9050.4,9051.0,9050.5,9050.839133333335,2.8751811537130436,8.26666666666667,9045.0,9055.0,9049.25,9052.0,2.75,1.0,0.000317685533646363,1,0,9048.7,9052.0,7.215916728751836,-7.215916728751836,-0.0007966684384822023,-0.0007969859474267913
GR--SN,GR,SN,4796.3210435787405,10,4653.7,4640.5,4655.4375,4645.988414282429,125.00026666638223,15625.06666666667,4450.5,4843.0,4571.25,4727.625,156.375,76.5,0.026860404982354306,0,0,4580.9475,4720.00125,142.62104357874068,-142.62104357874068,-0.02973550817030484,-0.030186572663582597
GR--TH,GR,TH,7932.285448089226,10,7921.789999999999,7922.0,7922.0375,7922.186252500001,1.8947002108220437,3.5898888888890967,7918.0,7923.6,7921.625,7923.225,1.6000000000003638,1.150000000000091,0.0002391757684591543,2,0,7920.6494999999995,7922.81,10.495448089226556,-10.495448089226556,-0.0013231304089989298,-0.0013240065189289018
GR--TR,GR,TR,819.9324692614381,10,815.9,816.0,815.875,815.8571428594859,1.1005049346146119,1.211111111111111,814.0,818.0,815.25,816.0,0.75,0.5,0.0013488233050798037,2,0,815.3,816.5,4.032469261438109,-4.032469261438109,-0.00491805046465643,-0.004930183872999558
GR--TZ,GR,TZ,5045.850144996306,10,4743.89,4746.7,4742.925,4742.925000337402,128.74884638102372,16576.265444444445,4562.5,4933.0,4632.875,4836.25,203.375,108.25,0.027139930812270882,0,0,4671.66175,4819.94275,301.96014499630564,-301.96014499630564,-0.059843264528127736,-0.061708677753939574
GR--UA,GR,UA,1484.282875845914,10,1483.15,1483.0,1483.0625,1483.109177775323,1.0013879257199867,1.0027777777777775,1482.0,1485.0,1482.25,1483.875,1.625,1.0,0.000675176432403996,0,0,1482.6,1483.75,1.1328758459139863,-1.1328758459139863,-0.0007632479390212894,-0.0007635393610237461
GR--US,GR,US,8271.005589450659,10,7925.536999999999,7925.0,7925.45,7924.914285714286,3.9001311943746004,15.211023333333847,7918.5,7933.27,7924.25,7925.25,1.0,0.650000000000091,0.0004920967745623547,3,0,7923.42975,7927.961,345.46858945065924,-345.46858945065924,-0.04176863208644071,-0.04266601877843363
GR--VN,GR,VN,7933.017363609639,10,7719.6,7755.5,7726.6875,7727.635457156116,222.51514305522866,49512.988888888874,7421.5,7961.0,7493.875,7919.0,425.125,181.0,0.028824698566665197,0,0,7588.74375,7846.165,213.41736360963841,-213.41736360963841,-0.02690241982686527,-0.027270913876908748
GR--ZA,GR,ZA,7065.652015003433,10,7291.0,7311.5,7316.25,7315.9153000015685,149.00484705016964,22202.44444444445,6940.0,7440.0,7255.5,7404.5,149.0,85.5,0.020436818961756913,1,0,7199.135,7368.8075,225.347984996567,225.347984996567,0.03189344515100034,0.03139541090596367
IN--IT,IN,IT,5929.147771473219,10,5920.94,5921.05,5920.8875,5920.9,0.8208396784864908,0.6737777777778056,5920.0,5922.3,5920.125,5921.5,1.375,0.5,0.0001386333383696661,0,0,5920.45,5921.41025,8.207771473219509,-8.207771473219509,-0.001384308806184488,-0.0013852678467943108
IN--JP,IN,JP,5855.550160203252,10,5834.2,5835.0,5834.5,5834.678266666669,2.0976176963403033,4.4,5830.0,5836.0,5833.0,5836.0,3.0,1.0,0.0003595381879846943,0,0,5832.797500000001,5835.3,21.350160203252017,-21.350160203252017,-0.0036461407756962893,-0.0036528041489700025
IN--KE,IN,KE,5427.9212039634995,10,5404.1,5402.0,5403.25,5402.11630000928,5.8774522069043185,34.544444444444444,5400.0,5415.0,5400.25,5403.5,3.25,2.0,0.0010875913115790453,2,0,5401.097500000001,5408.0025,23.8212039634991,-23.8212039634991,-0.004388642183328808,-0.004398300541847317
IN--KR,IN,KR,4698.888249176968,10,4682.0,4684.0,4682.75,4683.50347999367,3.8873012632302,15.11111111111111,4673.0,4685.0,4680.75,4684.0,3.25,1.0,0.0008302651138894063,1,0,4679.6,4684.0,16.888249176968202,-16.888249176968202,-0.003594094662695214,-0.003600568938345596
IN--MA,IN,MA,7789.23277228102,10,7976.9,7955.0,7956.375,7955.166666668157,124.8104785487002,15577.655555555553,7835.0,8283.0,7913.25,8000.0,86.75,47.0,0.015646489055735964,1,0,7915.1975,8051.5,187.66722771898003,187.66722771898003,0.02409315951974344,0.023807498572741573
IN--MX,IN,MX,14673.684770062055,10,14318.7,14317.5,14319.625,14319.624999999885,44.756253442644436,2003.1222222222218,14247.0,14383.0,14284.5,14355.75,71.25,35.5,0.0031257204524603793,0,0,14292.0975,14346.212500000001,354.98477006205394,-354.98477006205394,-0.024191931040137282,-0.024489362563198454
IN--MY,IN,MY,3828.30825419318,10,3867.3,3871.0,3869.25,3870.017399999999,10.306955580254208,106.23333333333335,3844.0,3875.0,3865.0,3875.0,10.0,4.0,0.00266515542633212,1,0,3861.295,3872.4,38.99174580682029,38.99174580682029,0.010185111338438404,0.01013359261261526
IN--NG,IN,NG,7553.544289460008,10,7640.960000000001,7514.0,7613.5625,7521.6922166719605,276.0079797558195,76180.40488888888,7373.1,8128.0,7455.5,7838.0,382.5,60.25,0.03612216001076036,0,0,7485.9619999999995,7818.611000000001,87.41571053999269,87.41571053999269,0.011572807041320984,0.011506354314884617
IN--NL,IN,NL,6368.270749342955,10,6371.4,6367.5,6370.75,6367.902166666599,8.500980335624044,72.2666666666667,6364.0,6384.0,6365.0,6379.75,14.75,2.5,0.0013342405649659486,0,0,6366.9,6376.402499999999,3.1292506570443948,3.1292506570443948,0.0004913815351470812,0.0004912608467749156
IN--NO,IN,NO,5995.942926158602,10,5973.3,5968.0,5969.5,5968.74129999994,15.578118557058737,242.67777777777778,5962.0,6015.0,5965.0,5972.75,7.75,3.5,0.0026079585082046334,1,0,5966.3,5983.8025,22.642926158601767,-22.642926158601767,-0.0037763745314881316,-0.0037835230364188714
IN--NZ,IN,NZ,12641.150365211413,10,11898.65,11893.5,11895.75,11891.333333333736,38.51193898578004,1483.1694444444447,11855.0,11965.5,11876.25,11902.0,25.75,15.0,0.003236664578400074,2,0,11877.79625,11922.95125,742.5003652114137,-742.5003652114137,-0.05873677187281808,-0.06053244617960863
IN--PE,IN,PE,16782.759226615508,10,16660.5,16415.0,16422.75,16433.47478894923,956.982555280456,915815.6111111111,16010.0,19213.0,16110.0,16759.25,649.25,343.5,0.05744020619311881,1,0,16224.6075,17286.637499999997,122.25922661550794,-122.25922661550794,-0.00728481085646626,-0.0073114746638542555
IN--PH,IN,PH,4759.988205994383,10,4760.9,4763.0,4761.875,4762.505800000018,4.357624225296267,18.988888888888894,4750.0,4764.0,4760.0,4763.75,3.75,1.0,0.0009152942143914528,1,0,4758.097500000001,4763.0,0.9117940056166844,0.9117940056166844,0.00019155383714363774,0.00019153549304982024
IN--PK,IN,PK,683.9640532615389,10,681.1,678.25,680.375,679.9636899885627,6.149977416399366,37.82222222222222,675.0,693.0,677.0,684.875,7.875,3.25,0.009029477927469338,0,0,677.84875,684.6,2.8640532615388565,-2.8640532615388565,-0.004187432435785745,-0.004196224283082654
IN--PL,IN,PL,5273.3563545073075,10,5268.87,5270.0,5269.125,5269.383699990722,3.089786040776608,9.546777777777987,5263.7,5272.0,5267.25,5271.0,3.75,2.0,0.0005864229029709612,0,0,5266.910000000001,5270.6,4.486354507307624,-4.486354507307624,-0.0008507588347358684,-0.000851120935421422
IN--PT,IN,PT,7792.049494202723,10,8262.0,8289.0,8267.9375,8279.869528211095,108.70577006049147,11816.944444444445,8106.5,8370.0,8157.875,8353.5,195.625,73.5,0.013157319058398871,0,0,8193.6975,8325.32,469.9505057972774,469.9505057972774,0.06031154013419963,0.05856277072911144
IN--RU,IN,RU,4347.028704133428,10,4338.9,4340.0,4339.125,4339.333333333351,1.5238839267549946,2.322222222222222,4336.0,4340.0,4338.0,4340.0,2.0,0.0,0.0003512143462064106,0,0,4337.9,4339.7,8.128704133428073,-8.128704133428073,-0.001869944894934508,-0.0018716954244925126
IN--SA,IN,SA,3053.56116017884,10,3111.7,3120.0,3119.625,3119.625000000028,27.170449634360732,738.2333333333332,3035.0,3125.0,3115.75,3122.75,7.0,3.5,0.008731706023832867,1,0,3093.9975,3121.7025,58.13883982115976,58.13883982115976,0.019039684084059646,0.018860697627583193
IN--SE,IN,SE,5576.990338548147,10,5714.39,5585.0,5706.1125,5587.4382400256,169.3498315453678,28679.365444444455,5580.0,5915.0,5583.049999999999,5907.625,324.5750000000007,4.0,0.0296356796692854,0,0,5616.1995,5813.5925,137.39966145185372,137.39966145185372,0.02463688353593649,0.024338289860546307
IN--SG,IN,SG,4141.530296031338,10,4150.0,4150.0,4150.0,4150.0,0.0,0.0,4150.0,4150.0,4150.0,4150.0,0.0,0.0,0.0,0,0,4150.0,4150.0,8.469703968661634,8.469703968661634,0.002045066283054312,0.0020429779816616782
IN--SN,IN,SN,9687.105127662475,10,9347.15,9374.5,9346.4375,9347.14999999536,135.08804741928708,18248.780555555553,9170.0,9530.0,9217.5,9451.625,234.125,126.0,0.014452324764156678,0,0,9270.266249999999,9428.741250000001,339.9551276624752,-339.9551276624752,-0.03509357265997869,-0.03572414883172942
IN--TH,IN,TH,2916.5977506210074,10,2919.3,2920.0,2919.75,2919.75,1.6363916944844772,2.6777777777777785,2915.0,2920.0,2920.0,2920.0,0.0,0.0,0.000560542491174075,2,0,2918.3,2920.0,2.7022493789927466,2.7022493789927466,0.0009265073932177924,0.0009260784501685158
IN--TR,IN,TR,4224.800548051528,10,4253.75,4266.0,4255.125,4257.380499999386,35.934546980122995,1291.2916666666667,4195.0,4301.5,4221.25,4280.0,58.75,22.5,0.008447733642109432,0,0,4233.88,4274.2125,28.949451948472415,28.949451948472415,0.006852264768291574,0.006828894699921914
IN--TZ,IN,TZ,5878.312198256734,10,5864.47,5880.5,5871.1625,5870.999999998025,96.04700296093452,9225.026777777764,5690.0,5985.4,5803.25,5922.5,119.25,73.5,0.01637778059414312,0,0,5809.5735,5917.51025,13.842198256733354,-13.842198256733354,-0.002354791271691623,-0.002357568152831695
IN--UA,IN,UA,4584.987256027431,10,4560.7,4562.0,4559.5,4559.589844444494,13.581441586059839,184.45555555555558,4544.0,4587.0,4550.5,4565.0,14.5,11.0,0.002977929174481952,1,0,4552.889999999999,4568.9,24.287256027430885,-24.287256027430885,-0.005297126179686285,-0.00531120569522518
IN--US,IN,US,12068.739151501237,10,12017.5,12035.0,12023.25,12027.006566666514,36.375357959292536,1323.166666666667,11936.0,12053.0,11998.5,12037.75,39.25,15.5,0.003026865650866864,1,0,11994.795,12036.5,51.23915150123685,-51.23915150123685,-0.004245609326543708,-0.00425464751664138
IN--VN,IN,VN,3006.513807803295,10,3004.0,3003.75,3003.9375,3004.0,0.5773502691896257,0.3333333333333333,3003.5,3005.0,3003.5,3004.5,1.0,0.25,0.0001921938312881577,0,0,3003.65,3004.4,2.5138078032950943,-2.5138078032950943,-0.0008361204917039128,-0.0008364702354077272
IN--ZA,IN,ZA,7970.766596356072,10,8036.6,8031.5,8030.5,8030.166666666796,28.44175334492115,808.9333333333334,8012.0,8110.0,8019.75,8038.75,19.0,11.0,0.0035390281144913457,1,0,8022.8949999999995,8055.1050000000005,65.83340364392825,65.83340364392825,0.008259356593633634,0.008225434761639552
IT--JP,IT,JP,9880.684200947846,10,9488.0,9477.0,9477.25,9476.833333333292,36.43258614665356,1327.333333333333,9471.0,9591.0,9475.25,9478.0,2.75,1.5,0.003839859416805814,4,0,9474.8,9512.0025,392.68420094784597,-392.68420094784597,-0.0397426122484692,-0.040553918214741094
IT--KE,IT,KE,5373.367125832121,10,5398.5,5400.0,5399.25,5399.000000000168,9.058452161134127,82.05555555555554,5381.0,5410.0,5393.5,5404.0,10.5,6.0,0.0016779572401841487,0,0,5393.1975,5403.4,25.13287416787898,25.13287416787898,0.004677304486986248,0.004666399887887398
IT--KR,IT,KR,8990.221254368656,10,8966.0,8966.0,8966.0,8966.0,0.0,0.0,8966.0,8966.0,8966.0,8966.0,0.0,0.0,0.0,0,0,8966.0,8966.0,24.221254368656446,-24.221254368656446,-0.002694177783098109,-0.0026978136119093243
IT--MA,IT,MA,1903.2092760976723,10,1700.75,1706.5,1703.0625,1704.3854711742965,87.87973157800508,7722.847222222223,1540.0,1843.0,1651.375,1753.5,102.125,54.5,0.05167116365015733,0,0,1649.7475,1751.6325,202.45927609767227,-202.45927609767227,-0.10637783171842953,-0.11247222369961533
IT--MX,IT,MX,10254.982173131564,10,10245.0,10245.0,10245.0,10245.0,0.0,0.0,10245.0,10245.0,10245.0,10245.0,0.0,0.0,0.0,0,0,10245.0,10245.0,9.982173131564196,-9.982173131564196,-0.0009733974143531776,-0.000973871473273125
IT--MY,IT,MY,9712.850057099384,10,9596.65,9596.5,9596.4375,9596.975471444219,7.738970646453357,59.89166666666669,9585.0,9610.0,9593.25,9601.5,8.25,4.5,0.000806424184111472,0,0,9592.098750000001,9601.00125,116.20005709938414,-116.20005709938414,-0.011963538654079231,-0.012035677718936197
IT--NG,IT,NG,3667.9438428379826,10,3550.41,3727.5,3580.5625,3726.784800001033,290.2308523687078,84233.94766666667,3123.6,3736.0,3282.0,3732.375,450.375,6.0,0.08174572862534407,0,0,3369.2627499999994,3729.65125,117.53384283798277,-117.53384283798277,-0.03204352298563105,-0.03256815447838592
IT--NL,IT,NL,1294.6009270853822,10,1297.4,1297.0,1297.375,1297.4,0.5163977794943223,0.2666666666666667,1297.0,1298.0,1297.0,1298.0,1.0,0.0,0.0003980251113722231,0,0,1297.1,1297.7,2.799072914617909,2.799072914617909,0.00216211255225936,0.002159778550559092
IT--NO,IT,NO,2008.243997050136,10,2002.4299999999998,2002.0,2002.4125,2002.3285714285714,0.956904732283558,0.9156666666666677,2001.0,2004.0,2002.0,2002.825,0.8250000000000455,0.14999999999997726,0.0004778717519631438,0,0,2001.9,2003.03,5.813997050136095,-5.813997050136095,-0.002895065071114936,-0.002899263877835163
IT--NZ,IT,NZ,18548.183630194897,10,18509.8,18514.0,18510.5,18513.571428571428,6.762642481555071,45.73333333333333,18500.0,18514.0,18503.5,18514.0,10.5,0.0,0.0003653547029981454,0,0,18505.6,18512.6,38.383630194897705,-38.383630194897705,-0.0020694010238507857,-0.002071545192757113
IT--PE,IT,PE,10857.151296366306,10,10787.8,10787.0,10787.625,10787.611950013918,3.6147844564602556,13.066666666666665,10784.0,10793.0,10784.75,10790.75,6.0,3.0,0.0003350807816663505,0,0,10785.797499999999,10790.0,69.351296366307,-69.351296366307,-0.006387614437086976,-0.0064081025395184565
IT--PH,IT,PH,10405.066890561595,10,10339.25,10402.0,10349.75,10398.285566666667,91.80451756010946,8428.069444444447,10182.0,10412.5,10256.25,10411.5,155.25,10.25,0.008879224079126577,0,0,10285.09625,10393.2,65.81689056159485,-65.81689056159485,-0.006325465396219331,-0.006345555918537625
IT--PK,IT,PK,5309.570036872611,10,5253.3,5277.5,5270.625,5279.333333333563,94.06622962336459,8848.455555555554,5010.0,5358.0,5274.25,5286.5,12.25,8.5,0.017906121794560484,3,0,5191.0775,5297.9,56.270036872610945,-56.270036872610945,-0.010597851894191145,-0.010654409071208286
IT--PL,IT,PL,1318.2845538649813,10,1297.666,1316.48,1316.37,1316.3700000000001,59.54614946036018,3545.7439155555535,1128.2,1317.5,1316.0,1316.5,0.5,0.4800000000000182,0.04588711537511207,2,0,1259.85485,1316.69605,20.618553864981322,-20.618553864981322,-0.01564044257708346,-0.015764044788546958
IT--PT,IT,PT,1866.7033208698376,10,1861.7,1862.0,1861.625,1861.6666666666667,0.674948557710553,0.45555555555555566,1861.0,1863.0,1861.0,1862.0,1.0,0.5,0.0003625442110493382,0,0,1861.3,1862.1,5.00332086983758,-5.00332086983758,-0.002680297835172949,-0.0026838962647625225
IT--RU,IT,RU,2380.4991270140295,10,2375.0,2375.0,2375.0,2375.0,0.0,0.0,2375.0,2375.0,2375.0,2375.0,0.0,0.0,0.0,0,0,2375.0,2375.0,5.499127014029455,-5.499127014029455,-0.0023100731067804527,-0.0023127454419794684
IT--SA,IT,SA,3687.31508886442,10,3673.1,3674.5,3673.625,3674.1983750000118,4.605552204797065,21.211111111111105,3665.0,3677.0,3672.25,3676.75,4.5,2.5,0.001253859738312887,2,0,3670.1,3675.5,14.215088864420068,-14.215088864420068,-0.0038551326702047257,-0.0038625828479369826
IT--SE,IT,SE,1980.1731729298174,10,1957.038,1974.5,1959.46,1973.7757899993117,32.64958390070063,1065.9953288888896,1910.0,1984.7,1925.545,1977.0,51.45499999999993,4.25,0.016683162974199084,0,0,1936.5812500000002,1972.8288,23.135172929817372,-23.135172929817372,-0.011683408929122657,-0.011752196256461749
IT--SG,IT,SG,10029.704091564545,10,10269.029999999999,10278.0,10270.537499999999,10276.086539999958,14.641042009061643,214.36011111110778,10243.0,10283.0,10256.4,10280.0,23.600000000000364,3.5,0.0014257473207363932,0,0,10259.99675,10277.20175,239.32590843545404,239.32590843545404,0.023861711796336886,0.02358147042374914
IT--SN,IT,SN,4165.994598971797,10,4145.15,4133.5,4143.875,4138.865725000136,19.793447288321346,391.7805555555556,4124.5,4176.0,4132.0,4164.75,32.75,8.25,0.00477508589274727,0,0,4134.148749999999,4157.3025,20.844598971797495,-20.844598971797495,-0.005003510800744225,-0.0050160702727282845
IT--TH,IT,TH,8841.845377807338,10,8817.25,8815.0,8816.9375,8815.160866666663,4.590146451306803,21.06944444444444,8813.0,8824.0,8814.25,8821.375,7.125,1.0,0.0005205870822883329,0,0,8814.5975,8820.1,24.59537780733808,-24.59537780733808,-0.002781701868375967,-0.0027855779908317383
IT--TR,IT,TR,1726.7217900116748,10,1643.6,1600.0,1615.25,1599.99502857168,103.88369565154208,10791.822222222223,1597.0,1917.0,1598.25,1601.5,3.25,2.0,0.06320497423432836,2,0,1598.9,1707.8374999999999,83.12179001167488,-83.12179001167488,-0.048138496017423205,-0.0493357337837677
IT--TZ,IT,TZ,5825.804280617088,10,5485.95,5447.5,5480.5625,5474.008000328818,97.57403172292649,9520.691666666666,5375.0,5640.0,5422.25,5542.125,119.875,70.0,0.017786168616725724,0,0,5433.18875,5545.78625,339.8542806170881,-339.8542806170881,-0.05833602782500095,-0.060106785480879873
IT--UA,IT,UA,1678.2650237565786,10,1669.6,1668.0,1669.125,1668.0639714285799,3.5962943891363137,12.933333333333332,1667.0,1676.0,1667.0,1671.75,4.75,1.0,0.002153985618792713,0,0,1667.8,1671.9,8.665023756578648,-8.665023756578648,-0.00516308427687012,-0.005176459053088651
IT--US,IT,US,7232.448171181223,10,7216.1,7216.0,7216.125,7216.111111111111,0.5676462121975466,0.32222222222222213,7215.0,7217.0,7216.0,7216.0,0.0,0.0,7.866385058377055e-05,3,0,7215.8,7216.4,16.348171181222824,-16.348171181222824,-0.0022603924417135225,-0.0022629509849771434
IT--VN,IT,VN,8746.234564268761,10,8726.619999999999,8725.0,8726.275,8725.283333333315,2.9682767166600956,8.810666666666437,8724.0,8732.0,8725.0,8728.8,3.7999999999992724,0.3500000000003638,0.0003401404801240453,0,0,8724.92925,8728.470749999999,19.61456426876248,-19.61456426876248,-0.0022426295710035508,-0.002245148030719236
IT--ZA,IT,ZA,7658.184796684193,10,7731.4,7730.0,7730.25,7730.29652,5.015531433014408,25.15555555555556,7727.0,7745.0,7730.0,7731.5,1.5,1.0,0.0006487222796666074,2,0,7729.2,7734.7,73.21520331580632,73.21520331580632,0.009560386078370257,0.009514974790924268
JP--KE,JP,KE,11264.009284773352,10,11280.9,11283.0,11280.5,11280.9,9.538809615926345,90.98888888888891,11270.0,11295.0,11271.25,11284.5,13.25,10.0,0.0008455716845221876,0,0,11275.4975,11286.6,16.890715226647444,16.890715226647444,0.0014995295901859965,0.0014984064183695305
JP--KR,JP,KR,1158.5480184415178,10,1155.0,1157.0,1155.125,1156.3333333333514,2.581988897471611,6.666666666666666,1152.0,1157.0,1152.0,1157.0,5.0,0.0,0.002235488222919144,0,0,1153.5,1156.5,3.5480184415177973,-3.5480184415177973,-0.0030624699063320675,-0.0030671688633576786
JP--MA,JP,MA,11544.941282910848,10,11570.3,11569.0,11569.0,11568.736950000004,6.481597882552659,42.01111111111111,11565.0,11586.0,11566.0,11570.75,4.75,3.0,0.0005601927246962188,1,0,11567.0,11574.4025,25.35871708915147,25.35871708915147,0.002196521962973356,0.002194113135323449
JP--MX,JP,MX,11318.783890147193,10,11311.3,11311.0,11311.0,11311.111111111111,0.9486832980505138,0.8999999999999999,11311.0,11314.0,11311.0,11311.0,0.0,0.0,8.387040376000229e-05,1,0,11311.0,11311.9,7.483890147193961,-7.483890147193961,-0.0006611920697336185,-0.000661410753610134
JP--MY,JP,MY,5316.516912091379,10,5336.6,5337.0,5336.375,5336.470499999991,3.470510689285432,12.044444444444443,5332.0,5343.0,5334.25,5338.0,3.75,2.5,0.0006503224317515706,0,0,5334.5,5338.6,20.083087908621565,20.083087908621565,0.0037774897062673694,0.0037703729088159137
JP--NG,JP,NG,12973.378381681048,10,13111.9,13137.5,13138.625,13158.08714338561,312.42615127418514,97610.10000000002,12450.0,13560.0,13048.5,13304.25,255.75,150.0,0.023827679533415077,1,0,12926.4975,13286.9375,138.52161831895137,138.52161831895137,0.010677374408083994,0.01062077378684551
JP--NL,JP,NL,9314.952522971289,10,9293.0,9293.5,9293.25,9293.285714285714,1.3333333333333333,1.7777777777777777,9290.0,9294.0,9292.25,9294.0,1.75,0.5,0.00014347716919545177,0,0,9292.2,9293.7,21.952522971289,-21.952522971289,-0.0023566972474795365,-0.00235947862921344
JP--NO,JP,NO,8428.362013784,10,8385.2,8385.5,8385.5,8385.448311111115,2.573367875415838,6.622222222222223,8380.0,8388.0,8383.5,8387.0,3.5,2.0,0.00030689403656631177,0,0,8383.5,8386.6,43.16201378400001,-43.16201378400001,-0.005121044126179148,-0.0051342016119160245
JP--NZ,JP,NZ,9244.785239978763,10,9042.4,9043.5,9042.75,9043.069024999997,2.7968235951204043,7.822222222222224,9037.0,9045.0,9042.0,9044.0,2.0,1.5,0.00030930102573657487,2,0,9040.7,9043.9,202.3852399787629,-202.3852399787629,-0.021891827092267623,-0.022135008818614358
JP--PE,JP,PE,15493.501413507556,10,15483.9,15485.0,15485.0,15484.888888890544,3.4785054261852175,12.100000000000001,15474.0,15485.0,15485.0,15485.0,0.0,0.0,0.00022465305421665198,1,0,15481.7,15485.0,9.601413507556572,-9.601413507556572,-0.0006197058528800895,-0.0006198979499186564
JP--PH,JP,PH,2993.700049787857,10,2996.0,2997.0,2996.0,2996.4,1.5634719199411433,2.4444444444444446,2994.0,2998.0,2994.25,2997.0,2.75,0.5,0.0005218531107947741,0,0,2995.1,2996.9,2.299950212142903,2.299950212142903,0.0007682634111276061,0.0007679684478565645
JP--PK,JP,PK,5982.697041375959,10,5833.9,5834.5,5834.375,5834.428571428572,2.2335820757001272,4.988888888888889,5828.0,5836.0,5834.0,5835.0,1.0,0.5,0.00038286259203965226,1,0,5832.5,5834.9,148.79704137595945,-148.79704137595945,-0.024871231210086088,-0.025185746151079755
JP--PL,JP,PL,8602.084790962797,10,8583.6,8580.5,8583.25,8582.10092857143,6.6365988611972355,44.044444444444444,8575.0,8595.0,8580.0,8585.0,5.0,2.5,0.0007731719629522852,2,0,8580.0,8587.5,18.48479096279698,-18.48479096279698,-0.0021488733733730204,-0.002151185514686823
JP--PT,JP,PT,11169.099580139571,10,11145.65,11146.0,11146.0625,11145.8062625,6.515153276955365,42.44722222222223,11136.0,11152.0,11142.0,11151.875,9.875,5.75,0.0005845467314113906,0,0,11141.698750000001,11149.3025,23.44958013957148,-23.44958013957148,-0.0020995049754295816,-0.002101712025683543
JP--RU,JP,RU,7500.447385335149,10,7482.2,7483.0,7482.75,7482.638049999995,4.366539438350085,19.066666666666674,7474.0,7486.0,7480.0,7486.0,6.0,3.0,0.0005835903127890306,0,0,7479.595,7484.8,18.247385335149374,-18.247385335149374,-0.0024328395891192577,-0.002435803751883359
JP--SA,JP,SA,8708.898067343061,10,8686.51,8686.5,8686.8875,8686.886642857145,3.6485765869872377,13.31211111111144,8679.0,8691.0,8685.0,8689.0,4.0,2.5,0.00042002790384023476,0,0,8684.26,8688.460000000001,22.388067343061266,-22.388067343061266,-0.0025707118363243733,-0.0025740217898384543
JP--SE,JP,SE,8189.5682624323,10,8170.0,8170.0,8170.0,8170.0,0.0,0.0,8170.0,8170.0,8170.0,8170.0,0.0,0.0,0.0,0,0,8170.0,8170.0,19.56826243229989,-19.56826243229989,-0.002389413190688531,-0.002392272393839643
JP--SG,JP,SG,5313.463059765426,10,5308.0,5312.0,5309.375,5311.857142859486,10.923979738782625,119.33333333333331,5285.0,5320.0,5312.0,5312.0,0.0,0.0,0.0020580218045935616,3,0,5300.8949999999995,5313.6,5.463059765425896,-5.463059765425896,-0.001028154276030118,-0.0010286831892050577
JP--SN,JP,SN,13935.316154449201,10,14060.7,14027.0,14042.125,14033.404899996172,128.54921236631517,16524.899999999998,13920.0,14350.0,13981.25,14116.0,134.75,59.5,0.009142447557114167,1,0,13996.5875,14147.404999999999,125.38384555079938,125.38384555079938,0.008997560167357052,0.008957323298535571
JP--TH,JP,TH,4607.791688159286,10,4603.0,4603.0,4603.0,4603.0,0.0,0.0,4603.0,4603.0,4603.0,4603.0,0.0,0.0,0.0,0,0,4603.0,4603.0,4.791688159286423,-4.791688159286423,-0.001039909892541301,-0.0010404509739834484
JP--TR,JP,TR,8787.214872935936,10,8735.3,8756.5,8755.25,8755.754057142924,75.29357357850816,5669.122222222222,8527.0,8784.0,8742.0,8772.0,30.0,16.0,0.008619460531236267,1,0,8685.4,8766.5025,51.91487293593673,-51.91487293593673,-0.005908000849715334,-0.005925522131316807
JP--TZ,JP,TZ,11676.47018662645,10,11449.05,11442.25,11450.4375,11448.250000000387,58.69812130251227,3445.469444444445,11342.0,11545.0,11428.75,11479.0,50.25,31.5,0.005126898852089236,1,0,11416.14,11482.901249999999,227.42018662645023,-227.42018662645023,-0.01947679247166015,-0.019668964550535833
JP--UA,JP,UA,8224.583581872374,10,8192.41,8193.0,8192.8875,8193.01925714286,3.4378449321890283,11.818777777777784,8185.0,8196.0,8191.25,8194.8,3.5499999999992724,2.0,0.00041963780281858797,1,0,8190.3,8194.20075,32.17358187237369,-32.17358187237369,-0.003911879738603032,-0.003919551153117262
JP--US,JP,US,10926.417792606868,10,10911.2,10915.0,10911.75,10913.758700000039,6.356099432828282,40.400000000000006,10900.0,10918.0,10906.0,10915.0,9.0,1.5,0.0005825298255763144,0,0,10907.3975,10914.505,15.217792606867079,-15.217792606867079,-0.001392752217214674,-0.0013937229980601092
JP--VN,JP,VN,3673.3588744790786,10,3724.0,3724.0,3724.0,3724.0,0.0,0.0,3724.0,3724.0,3724.0,3724.0,0.0,0.0,0.0,0,0,3724.0,3724.0,50.64112552092138,50.64112552092138,0.013786054467140194,0.013691891257358743
JP--ZA,JP,ZA,13501.046885089567,10,13536.4,13537.5,13537.375,13537.054028571418,12.121606054204753,146.9333333333333,13511.0,13554.0,13530.25,13542.25,12.0,7.0,0.0008954822592568743,1,0,13528.8,13542.605,35.35311491043285,35.35311491043285,0.00261854619210874,0.0026151237732346057
KE--KR,KE,KR,10114.909688283768,10,10104.15,10105.75,10105.6875,10105.3839875,12.247562115693793,150.00277777777782,10080.0,10116.0,10097.0,10115.0,18.0,9.25,0.0012121318582655437,0,0,10096.85,10110.75,10.7596882837679,-10.7596882837679,-0.00106374536356276,-0.0010643115422109336
KE--MA,KE,MA,6004.034142085109,10,6530.8,6547.5,6537.25,6544.546400000017,37.35059124922478,1395.0666666666666,6450.0,6560.0,6533.5,6552.0,18.5,8.0,0.005719144859622829,2,0,6505.9975,6549.5025,526.7658579148911,526.7658579148911,0.08773532019455728,0.0840978469583446
KE--MX,KE,MX,14829.575444959697,10,14334.05,14331.0,14334.0625,14333.166666666664,11.950011622495511,142.8027777777778,14316.0,14352.0,14328.5,14341.25,12.75,7.25,0.000833680057101483,0,0,14327.14875,14341.6025,495.5254449596978,-495.5254449596978,-0.033414675072718815,-0.03398570184315784
KE--MY,KE,MY,7236.589136086184,10,8336.9,8319.5,8330.75,8322.333333333774,51.541676771758645,2656.5444444444447,8280.0,8443.0,8314.5,8336.25,21.75,13.0,0.006182355164600589,3,0,8309.297499999999,8370.1075,1100.3108639138154,1100.3108639138154,0.1520482707007606,0.14154146304581572
KE--NG,KE,NG,3444.024949628264,10,3497.1,3493.0,3496.125,3493.9062000000013,8.595218308907446,73.87777777777778,3490.0,3512.0,3490.5,3502.75,12.25,3.0,0.002457813133426967,0,0,3492.2975,3502.5,53.07505037173587,53.07505037173587,0.015410762450331437,0.015293222697293463
KE--NL,KE,NL,6651.25998464762,10,6679.1,6679.5,6679.125,6679.333333333372,2.685351208149711,7.211111111111113,6675.0,6683.0,6678.0,6680.75,2.75,1.5,0.0004020528526522602,0,0,6677.4975,6680.5025,27.84001535238076,27.84001535238076,0.004185675408364857,0.004176939836747366
KE--NO,KE,NO,7154.024015085028,10,7108.8,7130.5,7114.75,7121.81166666706,56.61723334031,3205.5111111111105,6997.0,7173.0,7087.5,7145.5,58.0,25.0,0.007964386864211963,1,0,7073.1925,7139.202499999999,45.22401508502753,-45.22401508502753,-0.00632147935059595,-0.006341544506863258
KE--NZ,KE,NZ,13676.249196022416,10,14465.0,14445.0,14456.25,14456.250000005757,239.94397494230003,57573.1111111111,14125.0,14875.0,14289.75,14646.25,356.5,219.0,0.016587900099709646,0,0,14325.395,14602.7675,788.7508039775839,788.7508039775839,0.05767303539679456,0.05607124540564336
KE--PE,KE,PE,12580.253595968305,10,12856.9,12851.0,12858.0,12862.020542858068,72.58473974909909,5268.544444444445,12720.0,12985.0,12848.0,12889.5,41.5,37.0,0.00564558639711743,3,0,12813.7,12898.92,276.64640403169506,276.64640403169506,0.021990526814209387,0.021752222476526712
KE--PH,KE,PH,9425.033674849916,10,9305.65,9231.5,9256.9375,9256.203778568113,218.50362951473164,47743.83611111111,9125.0,9876.0,9190.625,9350.125,159.5,83.25,0.023480748740252605,1,0,9206.79125,9447.805,119.38367484991613,-119.38367484991613,-0.012666657644787376,-0.012747563684880168
KE--PK,KE,PK,5427.814219869003,10,5237.4,5240.5,5235.625,5236.022699884862,31.98332899079352,1022.9333333333333,5193.0,5296.0,5217.0,5254.25,37.25,23.5,0.0061067187900090735,0,0,5219.1925,5256.4,190.41421986900332,-190.41421986900332,-0.03508119698938385,-0.03571132314119496
KE--PL,KE,PL,6115.97738809343,10,6332.65,6277.5,6282.6875,6273.583333337576,221.3147645323285,48980.225000000006,6145.0,6920.0,6224.125,6317.5,93.375,50.0,0.03494820723272698,1,0,6233.8975,6486.5075,216.67261190656973,216.67261190656973,0.035427307551592235,0.034814199052879594
KE--PT,KE,PT,6454.518927958417,10,6110.15,6109.25,6110.3125,6109.583333333318,14.77996015631376,218.44722222222225,6085.0,6134.0,6104.25,6115.0,10.75,5.75,0.002418919364715066,2,0,6101.79625,6119.101250000001,344.36892795841777,-344.36892795841777,-0.053353151768871274,-0.054829171681252
KE--RU,KE,RU,6323.293987631122,10,6392.0,6395.0,6392.75,6391.999999999495,47.672493816315786,2272.666666666667,6328.0,6450.0,6350.0,6433.75,83.75,45.0,0.007458149846106975,0,0,6364.797500000001,6418.405,68.70601236887796,68.70601236887796,0.01086554136234572,0.01080693550850606
KE--SA,KE,SA,3062.992722793242,10,2931.1,2895.5,2929.625,2929.16666667209,165.96816963904052,27545.433333333334,2694.0,3180.0,2856.5,3052.0,195.5,137.5,0.05662316865307923,0,0,2837.5975,3031.415,131.89272279324223,-131.89272279324223,-0.043060083627284945,-0.044014672809734944
KE--SE,KE,SE,6920.326031054763,10,6993.2,6992.0,6988.75,6989.648814444074,64.24224985682449,4127.066666666666,6910.0,7112.0,6939.5,7033.75,94.25,45.5,0.00918638818521199,0,0,6954.8,7031.902499999999,72.87396894523681,72.87396894523681,0.010530424234092004,0.010475365507350893
KE--SG,KE,SG,7467.562130900984,10,7384.4,7390.0,7388.5,7388.500000000095,30.247864938427195,914.9333333333333,7316.0,7420.0,7370.25,7401.0,30.75,18.0,0.004096184515793727,1,0,7363.495,7399.610000000001,83.16213090098427,-83.16213090098427,-0.011136449813635565,-0.011198924333457563
KE--SN,KE,SN,6234.6746306605155,10,5642.5,5717.0,5672.5,5709.015925004655,208.5208489442829,43480.944444444445,5235.0,5810.0,5628.75,5785.5,156.75,75.5,0.03695540078764429,2,0,5505.5425000000005,5754.535,592.1746306605155,-592.1746306605155,-0.09498083953705523,-0.09979916372407058
KE--TH,KE,TH,7217.238507509993,10,7245.0,7245.5,7244.625,7244.754577777833,13.55646627177517,183.77777777777777,7228.0,7265.0,7232.75,7255.25,22.5,12.0,0.0018711478635990572,0,0,7237.5,7252.5075,27.761492490007186,27.761492490007186,0.0038465532850438014,0.0038391742155592626
KE--TR,KE,TR,4581.087860826578,10,4783.65,4771.0,4785.3125,4783.694071537418,49.96890699891951,2496.891666666667,4684.0,4870.0,4765.0,4811.625,46.625,22.5,0.010445769861699646,1,0,4754.592500000001,4811.96375,202.5621391734212,202.5621391734212,0.044217038687590755,0.04326735931722085
KE--TZ,KE,TZ,554.7964784891632,10,644.6,660.0,652.25,654.5777142934311,43.15141300634829,1862.0444444444445,546.0,682.0,623.0,677.25,54.25,20.0,0.06694293050938302,0,0,617.8824999999999,667.51,89.80352151083684,89.80352151083684,0.16186750455841434,0.1500286283127104
KE--UA,KE,UA,5762.3271818541925,10,5802.7,5802.5,5796.75,5796.7499999999945,70.41630177420251,4958.455555555555,5695.0,5958.0,5759.0,5830.0,71.0,31.0,0.012135092590380772,1,0,5765.6875,5847.0,40.37281814580729,40.37281814580729,0.0070063390834423575,0.00698190873492578
KE--US,KE,US,12147.187581604869,10,12112.9,12148.0,12115.75,12140.363866666657,57.70509317016807,3329.8777777777777,12038.0,12165.0,12049.75,12159.25,109.5,17.0,0.004763937056375275,0,0,12077.895,12146.605,34.28758160486905,-34.28758160486905,-0.0028226765557479785,-0.0028266678196846046
KE--VN,KE,VN,7897.709339783662,10,8483.2,8444.5,8477.5,8468.949157128032,228.68697674623567,52297.73333333334,8162.0,8850.0,8309.0,8619.25,310.25,178.5,0.02695763117057663,0,0,8358.35,8614.845,585.4906602163392,585.4906602163392,0.07413423753986587,0.07151497667465928
KE--ZA,KE,ZA,2855.2050138214963,10,2914.0,2915.0,2914.125,2914.5058000038944,2.0548046676563256,4.222222222222223,2911.0,2916.0,2912.25,2915.75,3.5,1.0,0.0007051491652904343,0,0,2912.8,2915.2025,58.79498617850368,58.79498617850368,0.020592211730467165,0.020383058549116095
KR--MA,KR,MA,10756.784508836095,10,10516.5,10500.0,10512.0,10510.099800000025,116.0596111200332,13469.833333333334,10344.0,10725.0,10437.25,10602.5,165.25,69.0,0.011035954083586097,0,0,10449.0825,10579.4125,240.28450883609548,-240.28450883609548,-0.02233794947167671,-0.022591220271064836
KR--MX,KR,MX,12067.859883839203,10,12093.0,12093.0,12093.0,12093.0,0.0,0.0,12093.0,12093.0,12093.0,12093.0,0.0,0.0,0.0,0,0,12093.0,12093.0,25.140116160797334,25.140116160797334,0.002083229040010978,0.002081062127322866
KR--MY,KR,MY,4601.299368792894,10,4612.0,4612.0,4611.875,4611.875,1.4142135623730951,2.0000000000000004,4610.0,4615.0,4611.0,4612.75,1.75,1.0,0.0003066378062387457,0,0,4611.3,4612.9,10.700631207106198,10.700631207106198,0.0023255672690371816,0.0023228673226036185
KR--NG,KR,NG,11887.41498494817,10,11832.6,11848.5,11838.0,11839.999999991247,229.7487516590436,52784.48888888889,11442.0,12180.0,11685.0,11966.25,281.25,169.5,0.019416590745824552,0,0,11698.4625,11964.5125,54.814984948168785,-54.814984948168785,-0.004611177873202497,-0.004621842149770976
KR--NL,KR,NL,8579.921511952483,10,8552.91,8552.0,8551.6375,8551.677777776122,4.278226527689032,18.303222222222153,8551.0,8565.0,8551.0,8552.0,1.0,0.5500000000001819,0.000500207125725517,1,0,8551.310000000001,8555.710000000001,27.011511952483488,-27.011511952483488,-0.0031482236655492007,-0.0031531897473031966
KR--NO,KR,NO,7736.93982941218,10,8092.6,8149.0,8113.75,8144.926557147909,317.16739358823685,100595.15555555554,7453.0,8563.0,8006.0,8274.25,268.25,128.5,0.03919227363124791,1,0,7880.889999999999,8260.115,355.6601705878202,355.6601705878202,0.04596910127642052,0.04494382531772073
KR--NZ,KR,NZ,9994.193199560701,10,9645.7,9647.5,9645.875,9646.517399999968,10.033831659828552,100.67777777777779,9630.0,9660.0,9640.5,9653.0,12.5,7.0,0.001040238827646366,0,0,9639.8975,9651.4025,348.4931995607003,-348.4931995607003,-0.03486956801835875,-0.035492024101526576
KR--PE,KR,PE,16309.70237354757,10,16293.8,16295.0,16294.75,16295.767399999992,7.598245411496876,57.733333333333334,16280.0,16300.0,16295.0,16299.5,4.5,4.0,0.00046632740131196385,2,0,16289.0,16298.0025,15.902373547571187,-15.902373547571187,-0.0009750253673152845,-0.000975501013752124
KR--PH,KR,PH,2612.8130222238005,10,2625.0,2626.0,2625.125,2625.258699999993,2.788866755113585,7.777777777777777,2621.0,2628.0,2623.0,2627.0,4.0,2.0,0.0010624254305194609,0,0,2623.4,2626.6,12.186977776199456,12.186977776199456,0.004664313011509317,0.004653468810997339
KR--PK,KR,PK,4828.37891716201,10,4673.18,4754.4,4703.6,4750.365710001828,184.6129031243483,34081.924000000006,4315.0,4788.0,4727.75,4771.0,43.25,26.600000000000364,0.03950477043990351,2,0,4542.096500000001,4766.8805,155.19891716200982,-155.19891716200982,-0.032143069097243,-0.032671001283034046
KR--PL,KR,PL,7760.66724715256,10,7726.5,7726.0,7726.0,7725.875,2.1213203435596424,4.499999999999999,7725.0,7732.0,7725.25,7726.0,0.75,0.5,0.00027455126429297124,2,0,7725.5,7727.9,34.16724715255987,-34.16724715255987,-0.004402617206026461,-0.004412337264781312
KR--PT,KR,PT,10442.178115737892,10,10173.25,10363.75,10203.1875,10346.913933340049,339.85579049551785,115501.95833333333,9675.0,10432.0,9848.0,10399.75,551.75,57.0,0.03340680613329249,0,0,9958.1375,10380.054999999998,268.92811573789186,-268.92811573789186,-0.025754024951229075,-0.026091466104907618
KR--RU,KR,RU,6623.6510029551755,10,6601.0,6601.0,6601.0,6601.0,0.0,0.0,6601.0,6601.0,6601.0,6601.0,0.0,0.0,0.0,0,0,6601.0,6601.0,22.6510029551755,-22.6510029551755,-0.0034197156439959835,-0.003425576236393117
KR--SA,KR,SA,7561.8622427533055,10,7496.360000000001,7501.5,7498.2,7500.969139999953,12.80479077012457,163.96266666666736,7471.0,7507.0,7496.0,7504.450000000001,8.450000000000728,3.300000000000182,0.0017081344506033019,2,0,7487.599,7503.321,65.50224275330493,-65.50224275330493,-0.00866218408250919,-0.00869991886751398
KR--SE,KR,SE,7449.1900939572515,10,7413.55,7412.7,7413.5625,7413.5625,7.165852666950656,51.349444444443826,7402.0,7425.0,7409.625,7419.5,9.875,6.199999999999818,0.0009665885664695936,0,0,7409.42975,7417.8135,35.64009395725134,-35.64009395725134,-0.004784425354665391,-0.004795907355475553
KR--SG,KR,SG,4664.185115043959,10,4666.4,4664.0,4664.625,4663.529500000012,10.057611821677927,101.1555555555556,4656.0,4691.0,4661.25,4665.0,3.75,2.5,0.0021553256946849667,2,0,4661.4975,4673.402499999999,2.2148849560408053,2.2148849560408053,0.00047487072262566716,0.0004747580072061287
KR--SN,KR,SN,13134.589981893088,10,12584.6,12559.0,12575.75,12571.827500002128,165.97938292316775,27549.15555555555,12350.0,12890.0,12470.0,12669.25,199.25,112.5,0.013189086893756476,0,0,12484.8925,12686.5075,549.989981893088,-549.989981893088,-0.041873403178270964,-0.042775362746379754
KR--TH,KR,TH,3719.513508661133,10,3720.0,3720.0,3720.0,3720.0,0.0,0.0,3720.0,3720.0,3720.0,3720.0,0.0,0.0,0.0,0,0,3720.0,3720.0,0.4864913388669265,0.4864913388669265,0.00013079434655475757,0.00013078579371994048
KR--TR,KR,TR,7765.002447792769,10,7391.772,7394.0,7392.84,7392.83999999998,13.001703136298916,169.04428444444508,7365.0,7410.0,7385.0,7401.29,16.289999999999964,9.0,0.0017589426643975106,0,0,7383.3993,7398.8454,373.23044779276916,-373.23044779276916,-0.04806572184647041,-0.04925928212685033
KR--TZ,KR,TZ,10537.870724122911,10,10091.3,10090.0,10090.875,10090.8750000002,36.86024657782118,1358.677777777778,10041.0,10145.0,10060.25,10115.0,54.75,31.5,0.0036526757283819908,0,0,10068.8,10112.01,446.570724122912,-446.570724122912,-0.04237769999404514,-0.043301837618172766
KR--UA,KR,UA,7313.668925959538,10,7325.8,7328.0,7325.75,7325.7999999999765,95.63216567196997,9145.511111111113,7229.0,7423.0,7236.0,7415.0,179.0,87.0,0.01305416004695323,0,0,7270.5,7380.702499999999,12.131074040462408,12.131074040462408,0.0016586851501308336,0.0016573110511723418
KR--US,KR,US,11188.89291648359,10,11149.9,11145.0,11149.625,11148.677499999916,17.136381051889444,293.65555555555557,11130.0,11172.0,11135.0,11167.5,32.5,12.5,0.0015369089455411658,0,0,11140.0,11160.4,38.99291648359031,-38.99291648359031,-0.003484966455094547,-0.003491053095965063
KR--VN,KR,VN,2740.7404572606933,10,2734.7,2743.0,2737.75,2743.0,18.30027322200409,334.9,2700.0,2745.0,2743.0,2743.0,0.0,0.0,0.00669187597250305,4,0,2721.7,2743.5,6.040457260693529,-6.040457260693529,-0.0022039508501037804,-0.0022063831241774775
KR--ZA,KR,ZA,12439.33130876874,10,12424.2,12440.0,12427.5,12437.731319981023,23.536260441190645,553.9555555555556,12378.0,12444.0,12411.0,12440.0,29.0,3.0,0.0018943884065928305,0,0,12409.39,12436.4,15.131308768739473,-15.131308768739473,-0.0012164085346029092,-0.0012171489599651715
MA--MX,MA,MX,9030.70859335305,10,9060.9,9064.5,9060.75,9060.74999999999,9.267026371915524,85.8777777777778,9048.0,9075.0,9052.5,9065.0,12.5,8.5,0.0010227489953443393,0,0,9055.4975,9066.5025,30.191406646948963,30.191406646948963,0.003343193541774895,0.0033376174946596073
MA--MY,MA,MY,11510.602148512982,10,11409.6,11431.5,11417.5,11415.663166661168,145.4809647724097,21164.711111111108,11166.0,11590.0,11303.75,11536.75,233.0,127.5,0.012750750663687568,0,0,11324.297499999999,11490.105,101.00214851298188,-101.00214851298188,-0.008774705893733806,-0.008813430322232963
MA--NG,MA,NG,3128.743164350726,10,3128.59,3129.0,3128.5625,3128.953428571481,16.032359637793654,257.0365555555551,3101.4,3156.0,3119.5,3137.875,18.375,10.0,0.005124468095146265,0,0,3118.6594999999998,3137.3512499999997,0.15316435072600143,-0.15316435072600143,-4.895395456909802e-05,-4.895515285299445e-05
MA--NL,MA,NL,2242.2927982728406,10,2293.04,2292.5,2293.05,2293.050000000011,5.89674109619504,34.77155555555548,2283.0,2303.0,2289.8,2297.5,7.699999999999818,4.5,0.002571582308287269,0,0,2289.639,2296.4010000000003,50.747201727159336,50.747201727159336,0.02263183548832165,0.022379535086392614
MA--NO,MA,NO,3151.447797422512,10,3396.1,3405.25,3403.375,3404.833333333655,43.29151828655996,1874.1555555555558,3290.0,3444.0,3394.875,3416.0,21.125,11.75,0.012747421538399918,1,0,3369.65,3419.2575,244.65220257748797,244.65220257748797,0.07763168496003098,0.07476574894829649
MA--NZ,MA,NZ,19184.614067775434,10,19418.6,19439.0,19422.25,19424.02682809588,242.19422875957315,58658.04444444445,18933.0,19875.0,19305.0,19529.5,224.5,97.0,0.01247228063606919,2,0,19269.48,19549.412500000002,233.98593222456475,233.98593222456475,0.012196541009266013,0.012122762492323582
MA--PE,MA,PE,8994.063367057093,10,9470.5,9484.25,9477.75,9477.750000003783,126.86957432295928,16095.888888888889,9223.0,9660.0,9407.125,9548.75,141.625,92.25,0.01339629104302405,0,0,9397.195000000002,9547.69125,476.4366329429067,476.4366329429067,0.05297234559053361,0.05161697030985389
MA--PH,MA,PH,12306.704272957739,10,12219.6,12191.0,12220.625,12206.220833333557,114.33401360341841,13072.266666666666,12046.0,12385.0,12154.75,12306.5,151.75,62.5,0.009356608530837213,0,0,12154.0875,12288.314999999999,87.10427295773843,-87.10427295773843,-0.007077790367412816,-0.007102956744186636
MA--PK,MA,PK,7189.637834826475,10,7511.3,7475.0,7520.625,7517.231666671467,124.4347664887555,15484.01111111111,7272.0,7676.0,7446.25,7627.75,181.5,75.0,0.01656634224285483,0,0,7435.69,7578.1,321.66216517352495,321.66216517352495,0.04473968961487869,0.04376775353899893
MA--PL,MA,PL,3003.7613829081456,10,3164.29,3134.25,3160.3,3156.470245712788,77.13153916092517,5949.274333333334,3065.5,3295.0,3116.0,3219.85,103.84999999999991,52.200000000000045,0.02437562270238353,0,0,3119.93775,3206.04,160.52861709185436,160.52861709185436,0.05344253308711083,0.052063404209600816
MA--PT,MA,PT,561.1139331622182,10,543.1,543.0,543.0625,543.1,0.21081851067789195,0.044444444444444446,543.0,543.5,543.0,543.0,0.0,0.0,0.0003881762303036125,2,0,543.0,543.25,18.013933162218223,-18.013933162218223,-0.032103877835823386,-0.0326305092777518
MA--RU,MA,RU,4154.088683247983,10,4412.030000000001,4433.5,4413.7875,4423.059029997556,110.32864088712411,12172.408999999994,4245.0,4565.0,4333.6,4465.75,132.14999999999964,67.25,0.025006321554278663,0,0,4342.340000000001,4471.83025,257.9413167520179,257.9413167520179,0.06209335823575623,0.06024182689934346
MA--SA,MA,SA,5250.266926333236,10,5289.2,5227.0,5305.125,5289.2000000311045,366.82233059373885,134558.62222222224,4753.0,5698.0,5001.0,5673.0,672.0,390.5,0.06935308375439364,0,0,5076.42,5504.79,38.93307366676345,38.93307366676345,0.007415446531202203,0.007388087278372833
MA--SE,MA,SE,3357.2928975060963,10,3585.06,3581.0,3584.875,3579.333333333226,40.68022178460247,1654.8804444444456,3513.6,3658.0,3572.75,3584.25,11.5,7.5,0.011347152288832676,3,0,3563.1189999999997,3610.105,227.76710249390362,227.76710249390362,0.06784248781603067,0.0656402463429457
MA--SG,MA,SG,11826.42016648286,10,11547.0,11530.5,11552.375,11548.135366666555,82.16379305319886,6750.888888888889,11395.0,11656.0,11500.25,11621.75,121.5,48.5,0.007115596523183412,0,0,11499.675000000001,11596.605,279.4201664828597,-279.4201664828597,-0.023626774843900918,-0.023910362842497968
MA--SN,MA,SN,2391.787943560576,10,2297.0,2297.5,2297.25,2297.323375000011,3.0912061651652345,9.555555555555555,2292.0,2300.0,2295.5,2299.75,4.25,2.5,0.0013457580170506028,0,0,2294.9,2298.7,94.78794356057597,-94.78794356057597,-0.039630580050281666,-0.040437256093952816
MA--TH,MA,TH,10705.56891983213,10,10697.4,10682.5,10700.875,10700.874999992393,250.00853318770274,62504.26666666666,10332.0,11035.0,10539.0,10918.25,379.25,206.5,0.023370962400929455,0,0,10559.485,10835.1025,8.168919832130996,-8.168919832130996,-0.0007630533130283271,-0.0007633445863883725
MA--TR,MA,TR,3564.835480066176,10,3472.95,3463.5,3467.6875,3462.509724916002,47.74495319461058,2279.5805555555553,3425.0,3563.0,3435.0,3481.75,46.75,26.5,0.013747665009461865,1,0,3447.39375,3503.9025,91.88548006617611,-91.88548006617611,-0.025775517714626873,-0.026113527269158554
MA--TZ,MA,TZ,6314.658277637436,10,6171.38,6231.5,6188.25,6196.032953336289,130.73875392467906,17092.621777777786,5892.0,6315.8,6085.5,6245.25,159.75,68.90000000000009,0.0211846870432025,0,0,6087.62375,6239.0195,143.27827763743608,-143.27827763743608,-0.02268979117125593,-0.02295116574005445
MA--UA,MA,UA,3528.2254241343594,10,3790.16,3773.25,3787.2625,3787.520922216811,103.77807732528743,10769.889333333336,3648.0,3955.5,3704.7,3880.0,175.30000000000018,95.5,0.027380922527093166,0,0,3731.1285,3854.21975,261.93457586564045,261.93457586564045,0.07423975068993938,0.0716132027290951
MA--US,MA,US,6156.291767126741,10,6171.0,6172.5,6171.0,6171.806959999995,4.570436400267363,20.888888888888893,6164.0,6178.0,6167.25,6173.0,5.75,2.0,0.0007406314050020035,0,0,6168.1,6173.7,14.708232873258567,14.708232873258567,0.002389138369269197,0.002386288915785363
MA--VN,MA,VN,10647.136952745917,10,10429.8,10459.0,10427.125,10428.804243437438,196.61174374329164,38656.17777777778,10170.0,10711.0,10258.75,10552.5,293.75,165.5,0.018850960108850758,0,0,10320.7925,10540.9275,217.3369527459181,-217.3369527459181,-0.020412713174490206,-0.020623931912481103
MA--ZA,MA,ZA,7578.285436291664,10,7625.2,7640.5,7630.75,7632.409999756217,70.5247001647886,4973.733333333333,7495.0,7711.0,7582.5,7682.5,100.0,50.0,0.00924889841116149,0,0,7587.995,7663.202499999999,46.91456370833566,46.91456370833566,0.006190656726080338,0.006171573329404932
MX--MY,MX,MY,16634.32204066329,10,16598.1,16592.0,16597.5,16592.64346666667,9.65459015759401,93.21111111111112,16590.0,16611.0,16590.0,16608.75,18.75,2.0,0.0005816683932253698,0,0,16592.4975,16603.8,36.22204066329141,-36.22204066329141,-0.002177548359034118,-0.002179922664865497
MX--NG,MX,NG,11398.49344176858,10,10311.1,10262.0,10233.5,10238.363166672869,556.5944963196577,309797.4333333334,9725.0,11518.0,9829.0,10582.0,753.0,372.5,0.05398012785441492,0,0,10023.96,10631.439999999999,1087.3934417685796,-1087.3934417685796,-0.09539799687772252,-0.10026020756733565
MX--NL,MX,NL,9230.824470291544,10,9224.0,9224.0,9224.0,9224.0,0.0,0.0,9224.0,9224.0,9224.0,9224.0,0.0,0.0,0.0,0,0,9224.0,9224.0,6.824470291543548,-6.824470291543548,-0.0007393131906589061,-0.0007395866174294895
MX--NO,MX,NO,9207.206656401106,10,9226.42,9209.0,9222.15,9212.010514285517,87.52014117396702,7659.775111111117,9093.0,9394.0,9186.5,9246.525000000001,60.025000000001455,36.0,0.009485818028440828,3,0,9175.45925,9275.90275,19.213343598894426,19.213343598894426,0.0020867722769681483,0.002084597991999861
MX--NZ,MX,NZ,11096.668791733968,10,11262.4,11185.0,11203.875,11193.731666661168,270.7956178867499,73330.26666666665,11018.0,11975.0,11136.25,11278.25,142.0,75.0,0.024044219516865844,1,0,11140.6,11440.62,165.7312082660319,165.7312082660319,0.014935221675669632,0.01482478944791102
MX--PE,MX,PE,4242.004305490678,10,4244.4,4245.0,4244.5,4244.571428571428,1.1737877907772671,1.3777777777777775,4242.0,4246.0,4244.0,4245.0,1.0,0.5,0.00027654975751042956,1,0,4243.7,4245.0,2.3956945093214017,2.3956945093214017,0.000564755322435791,0.0005645959081658218
MX--PH,MX,PH,14235.182311520231,10,14224.0,14224.0,14224.0,14224.0,0.0,0.0,14224.0,14224.0,14224.0,14224.0,0.0,0.0,0.0,0,0,14224.0,14224.0,11.182311520231451,-11.182311520231451,-0.0007855404500988965,-0.0007858491486723672
MX--PK,MX,PK,14066.453084225219,10,14438.1,14422.5,14432.0,14418.16666666679,116.77751876490993,13636.98888888889,14285.0,14640.0,14377.5,14441.0,63.5,38.5,0.00808815001730906,2,0,14372.8,14512.8,371.6469157747815,371.6469157747815,0.026420798018482985,0.026077797187342933
MX--PL,MX,PL,10192.871677759145,10,10188.210000000001,10183.0,10183.3875,10181.840200037113,22.298901318226452,497.2410000000014,10170.0,10245.0,10175.0,10185.0,10.0,8.0,0.002188696671763386,2,0,10177.295,10202.53475,4.661677759144368,-4.661677759144368,-0.0004573468504774913,-0.0004574514654464125
MX--PT,MX,PT,8683.463178335352,10,8360.3,8514.0,8451.5,8512.92033333258,342.3903068461814,117231.12222222224,7444.0,8547.0,8311.75,8524.0,212.25,15.0,0.04095430867865763,1,0,8139.797500000001,8521.31,323.1631783353532,-323.1631783353532,-0.03721593236459196,-0.037926121158406496
MX--RU,MX,RU,10735.215575427284,10,10734.1,10735.0,10734.0,10734.666666666684,3.212821536005731,10.322222222222223,10729.0,10740.0,10733.5,10735.0,1.5,0.0,0.00029930981973390694,3,0,10732.2,10736.2,1.1155754272840568,-1.1155754272840568,-0.00010391737543096842,-0.0001039227752154666
MX--SA,MX,SA,13896.334176917055,10,13935.1,13888.0,13894.875,13890.481942915709,135.23350176638925,18288.100000000006,13876.0,14316.0,13878.25,13917.25,39.0,12.0,0.009704523237464334,1,0,13884.9,14026.93,38.765823082945644,38.765823082945644,0.0027896438434345397,0.0027857600083822775
MX--SE,MX,SE,9597.983316257523,10,9567.0,9566.5,9566.75,9566.5,2.0,4.0,9565.0,9571.0,9566.0,9567.0,1.0,0.5,0.00020905194940942825,2,0,9565.9,9568.2,30.983316257523256,-30.983316257523256,-0.003228106909192292,-0.0032333284865355963
MX--SG,MX,SG,16619.715449178875,10,16590.5,16590.5,16589.75,16590.428571428572,5.1908038341324785,26.94444444444444,16584.0,16603.0,16590.0,16591.0,1.0,0.5,0.00031287808288674114,3,0,16587.9,16593.7,29.215449178875133,-29.215449178875133,-0.0017578790243558936,-0.0017594259067752517
MX--SN,MX,SN,8626.492575918614,10,9081.6,9062.5,9076.125,9067.202699999985,53.231569580466065,2833.6,9031.0,9176.0,9042.75,9120.25,77.5,25.5,0.0058614748040506145,0,0,9052.895,9114.7,455.10742408138685,455.10742408138685,0.05275694844412749,0.05141238831750803
MX--TH,MX,TH,15755.522525889133,10,16045.6,15972.5,15998.875,15992.673900000615,612.4085782112026,375044.2666666666,15456.0,17009.0,15465.75,16337.75,872.0,506.0,0.038166760869721456,0,0,15686.455,16402.7675,290.0774741108671,290.0774741108671,0.01841116177735255,0.01824372831230271
MX--TR,MX,TR,11768.795374105772,10,11611.1,11576.0,11600.375,11593.952499997875,202.4721928781552,40994.98888888888,11352.0,11956.0,11450.25,11779.5,329.25,137.5,0.017437813202724566,0,0,11495.765,11724.6075,157.6953741057714,-157.6953741057714,-0.013399449059394795,-0.013490031759175297
MX--TZ,MX,TZ,14938.231690550672,10,15104.2,15151.5,15135.75,15135.750000003804,266.3755911406966,70955.95555555556,14532.0,15424.0,14968.0,15257.0,289.0,178.5,0.017635862286032797,1,0,14937.359999999999,15245.4475,165.96830944932844,165.96830944932844,0.01111030494689096,0.011049038880994514
MX--UA,MX,UA,10833.717889250147,10,10812.0,10814.0,10812.75,10812.333333333318,9.66091783079296,93.33333333333334,10793.0,10825.0,10808.0,10815.0,7.0,6.0,0.0008935366103212134,1,0,10806.3,10817.605,21.717889250146982,-21.717889250146982,-0.0020046570782221262,-0.0020066690926050677
MX--US,MX,US,3030.093510534221,10,2981.87,2985.3500000000004,2986.4624999999996,2986.55365249996,17.500098412421703,306.2534444444446,2934.0,2993.0,2985.0,2990.75,5.75,5.149999999999636,0.005868833454316152,1,0,2970.36575,2989.6105,48.22351053422108,-48.22351053422108,-0.015914858853883697,-0.01604286011800727
MX--VN,MX,VN,14772.36666926787,10,14428.3,14438.5,14424.375,14435.621142857142,85.7516439751708,7353.344444444446,14285.0,14603.0,14420.25,14455.25,35.0,20.0,0.00594329505036427,3,0,14378.5975,14478.6,344.0666692678715,-344.0666692678715,-0.023291235383674894,-0.023566762865349755
MX--ZA,MX,ZA,14607.47105898857,10,14370.74,14378.0,14373.875,14375.231549999997,22.487734928672133,505.69822222222064,14324.0,14392.4,14365.0,14385.0,20.0,13.0,0.001564827902298151,1,0,14354.886999999999,14383.141,236.73105898857102,-236.73105898857102,-0.01620616313615085,-0.01633891926356463
MY--NG,MY,NG,10420.365898604718,10,10253.880000000001,10245.75,10267.725,10267.071488318012,303.70596086785434,92237.31066666667,9757.0,10640.0,10074.849999999999,10525.0,450.15000000000146,259.25,0.029618638102635715,0,0,10064.5655,10419.26175,166.48589860471657,-166.48589860471657,-0.015976972423493205,-0.016105980195061202
MY--NL,MY,NL,10191.674131483782,10,10216.6,10214.0,10215.5,10214.428571426228,4.718756898449704,22.26666666666667,10214.0,10228.0,10214.0,10218.5,4.5,0.0,0.00046187155202804294,1,0,10214.585000000001,10219.8,24.925868516218543,24.925868516218543,0.0024457089379671566,0.0024427230592651795
MY--NO,MY,NO,9756.41766681565,10,9647.273,9660.5,9654.125,9656.489933331843,51.404806962859844,2642.4541788888837,9537.0,9702.73,9622.5,9683.25,60.75,27.0,0.005328428765606597,0,0,9616.496825,9676.696525,109.14466681565136,-109.14466681565136,-0.011186961294910876,-0.011250005972963266
MY--NZ,MY,NZ,8841.078241919804,10,8572.9,8573.0,8574.25,8573.131466667648,77.09943075160946,5944.322222222223,8470.0,8665.0,8513.25,8643.5,130.25,68.0,0.008993389722452083,0,0,8530.1,8618.8025,268.17824191980435,-268.17824191980435,-0.030333205360432432,-0.030802777178875456
MY--PE,MY,PE,19013.09740368873,10,19799.6,19815.5,19805.125,19811.24162857141,35.29305880764658,1245.6,19725.0,19830.0,19800.75,19819.0,18.25,11.0,0.0017825137279362504,2,0,19775.697500000002,19817.7025,786.5025963112676,786.5025963112676,0.041366358127354785,0.04053365675717807
MY--PH,MY,PH,2466.062114353582,10,2481.1,2482.5,2481.625,2481.94837500001,4.20185144377518,17.655555555555562,2473.0,2485.0,2480.0,2484.5,4.5,2.5,0.0016935437683991696,1,0,2478.6,2483.4025,15.03788564641809,15.03788564641809,0.006097934662266163,0.006079417498202108
MY--PK,MY,PK,4494.739093847033,10,4463.4,4461.5,4465.5,4463.66666666682,48.9698319830122,2398.0444444444443,4360.0,4550.0,4457.0,4473.25,16.25,10.0,0.010971419093742931,4,0,4433.7925000000005,4492.0225,31.339093847032927,-31.339093847032927,-0.006972394435515477,-0.0069968151577378445
MY--PL,MY,PL,9097.205754114833,10,9415.857,9417.25,9415.69625,9416.220721400565,10.61184039960398,112.61115666666714,9398.0,9435.0,9409.9275,9422.0,12.072500000000218,5.75,0.0011270180079841886,0,0,9409.547499999999,9422.2,318.65124588516665,318.65124588516665,0.03502737593255323,0.03442787654391258
MY--PT,MY,PT,11578.724073923351,10,11478.35,11535.0,11483.5625,11478.34999999405,343.14558377846953,117748.89166666665,11048.0,11867.0,11146.25,11796.375,650.125,319.0,0.02989502705340659,0,0,11265.795,11678.476250000002,100.3740739233508,-100.3740739233508,-0.008668837195058912,-0.008706630136637767
MY--RU,MY,RU,8120.2776123462945,10,8215.25,8212.25,8215.1875,8215.187499999989,12.131799353581295,147.18055555555551,8196.0,8235.0,8207.0,8224.5,17.5,9.0,0.0014767413473212982,0,0,8208.1975,8222.7525,94.97238765370548,94.97238765370548,0.011695706992739613,0.011627840860755674
MY--SA,MY,SA,6341.828455301534,10,6379.6,6375.0,6376.875,6375.279875000017,16.527418296744216,273.15555555555545,6365.0,6416.0,6367.25,6381.75,14.5,7.5,0.002590666859480879,1,0,6371.6,6390.702499999999,37.77154469846664,37.77154469846664,0.005955939200293415,0.005938272706749835
MY--SE,MY,SE,9341.491142366964,10,9423.22,9399.35,9413.9625,9411.307752502782,137.886610420785,19012.71733333333,9268.0,9652.5,9307.0,9517.75,210.75,108.85000000000036,0.014632642602081348,0,0,9345.11325,9507.120749999998,81.72885763303566,81.72885763303566,0.008749016231719838,0.008710965366571847
MY--SG,MY,SG,316.8988719686071,10,315.1,315.0,315.0625,315.1,0.21081851067789195,0.044444444444444446,315.0,315.5,315.0,315.0,0.0,0.0,0.0006690527155756646,2,0,315.0,315.25,1.7988719686071022,-1.7988719686071022,-0.005676485868921942,-0.005692658345761697
MY--SN,MY,SN,13043.639094479997,10,13984.7,14089.0,14042.375,14058.057971428805,360.5502122528228,129996.45555555557,13133.0,14375.0,13914.0,14190.0,276.0,167.0,0.02578176237265174,1,0,13745.595000000001,14169.7425,941.0609055200039,941.0609055200039,0.07214711314101416,0.06966328564076717
MY--TH,MY,TH,1177.7394610704162,10,1185.0,1185.0,1185.0,1185.0,0.0,0.0,1185.0,1185.0,1185.0,1185.0,0.0,0.0,0.0,0,0,1185.0,1185.0,7.260538929583845,7.260538929583845,0.006164809085181653,0.006145884387923862
MY--TR,MY,TR,7987.759450740217,10,8065.0,8038.5,8066.25,8051.2616999991305,149.09057649630307,22227.999999999996,7822.0,8298.0,7976.5,8122.5,146.0,81.5,0.01848612231820249,0,0,7977.67,8160.01,77.24054925978271,77.24054925978271,0.00966986421362813,0.009623410305249004
MY--TZ,MY,TZ,7402.73482591565,10,7963.81,7934.0,7965.7375,7965.737499995257,146.58470778207243,21487.076555555566,7758.0,8154.2,7875.5,8105.375,229.875,126.80000000000018,0.01840635421765115,0,0,7883.34425,8056.7074999999995,561.0751740843507,561.0751740843507,0.07579295858607915,0.0730580255540075
MY--UA,MY,UA,8411.290456319653,10,8493.9,8517.5,8497.375,8501.491466667572,88.8274857362417,7890.322222222222,8345.0,8615.0,8422.0,8562.5,140.5,56.0,0.010457797447137557,0,0,8441.0,8543.5075,82.60954368034618,82.60954368034618,0.009821268699415697,0.009773353509855025
MY--US,MY,US,15344.127499182949,10,15570.7,15654.5,15646.125,15654.5,253.47366727137555,64248.9,14856.0,15682.0,15645.5,15667.0,21.5,13.0,0.016278887093796397,2,0,15406.595000000001,15664.904999999999,226.57250081705206,226.57250081705206,0.014766072611760864,0.01465811559814159
MY--VN,MY,VN,2027.1201148112582,10,2043.1,2043.0,2042.875,2042.8750000000073,2.8460498941515415,8.100000000000001,2039.0,2049.0,2041.0,2044.75,3.75,2.0,0.001393005674784172,0,0,2041.6,2044.9025000000001,15.979885188741719,15.979885188741719,0.007883048010812906,0.007852139119098604
MY--ZA,MY,ZA,8519.437119588007,10,8542.2,8533.0,8540.75,8540.749999998201,95.52695954546026,9125.400000000001,8371.0,8725.0,8493.25,8598.875,105.625,61.75,0.011182945792121497,0,0,8491.793749999999,8598.456250000001,22.762880411994047,22.762880411994047,0.0026718760984405085,0.002668312982888882
NG--NL,NG,NL,4803.701354562851,10,4985.13,4987.5,4992.1625,4991.312699992956,105.8232913871044,11198.569000000005,4818.0,5096.0,4920.75,5082.25,161.5,92.0,0.021227789724060236,0,0,4922.76325,5043.30875,181.4286454371495,181.4286454371495,0.03776851058087061,0.03707274501753383
NG--NO,NG,NO,5646.7717130159035,10,5546.3,5542.5,5541.75,5535.4829249981985,130.3610797405081,16994.01111111111,5384.0,5745.0,5431.0,5615.75,184.75,104.5,0.023504152270974903,0,0,5476.8825,5623.912499999999,100.47171301590333,-100.47171301590333,-0.017792770475263654,-0.01795296486169055
NG--NZ,NG,NZ,16223.187399540882,10,16249.1,16506.25,16260.625,16302.687533315548,712.5168536018406,507680.2666666667,15112.0,17294.0,15645.0,16714.25,1069.25,449.0,0.04384961958519799,0,0,15845.8725,16662.035,25.91260045911804,25.91260045911804,0.0015972570507230513,0.001595982792378255
NG--PE,NG,PE,9643.897366310626,10,9240.43,9229.5,9235.7,9235.806833323953,201.64071485910011,40658.97788888892,8973.5,9545.2,9075.75,9392.0,316.25,177.5,0.021821572682126276,0,0,9120.453749999999,9366.94875,403.46736631062595,-403.46736631062595,-0.04183654709143557,-0.04273689666255796
NG--PH,NG,PH,12235.34688266842,10,11915.5,11910.0,11905.75,11905.749999998796,93.44309022667814,8731.611111111111,11794.0,12115.0,11859.75,11958.0,98.25,59.5,0.007842145963381992,1,0,11864.6875,11971.3,319.8468826684202,-319.8468826684202,-0.02614121902187251,-0.026488974580305642
NG--PK,NG,PK,7205.476952378416,10,7225.85,7185.25,7225.9375,7225.937499997487,178.95468855426938,32024.780555555553,6968.0,7483.0,7121.0,7359.25,238.25,169.0,0.0247659013893548,0,0,7123.7,7335.35375,20.373047621584192,20.373047621584192,0.0028274391488906734,0.002823449461450066
NG--PL,NG,PL,4940.545235260267,10,4983.96,4989.0,4980.95,4984.266617013175,73.60996611268824,5418.427111111111,4853.5,5138.5,4956.25,5005.950000000001,49.70000000000073,26.800000000000182,0.014769373372316038,2,0,4943.10975,5029.3575,43.41476473973307,43.41476473973307,0.008787444031457389,0.008749059151243526
NG--PT,NG,PT,3682.00110841764,10,3805.95,3807.25,3806.8125,3806.8124999999764,7.451509914104657,55.524999999999984,3789.0,3816.0,3802.625,3810.0,7.375,4.5,0.0019578580680525643,1,0,3801.8987500000003,3809.9,123.94889158235992,123.94889158235992,0.03366345851960583,0.03310924778811965
NG--RU,NG,RU,5807.769283957347,10,5596.55,5561.0,5586.125,5581.999999996576,121.15335782020699,14678.136111111111,5443.5,5833.0,5549.25,5638.75,89.5,73.5,0.021647864813180796,1,0,5530.295,5674.4325,211.21928395734722,-211.21928395734722,-0.03636840129665495,-0.037046216434386124
NG--SA,NG,SA,4500.0833361671885,10,4244.65,4230.5,4233.6875,4230.416666666608,91.55631236202849,8382.55833333333,4142.0,4435.0,4183.25,4274.625,91.375,47.5,0.02156981432203562,1,0,4195.8325,4301.90875,255.43333616718883,-255.43333616718883,-0.056761912410436946,-0.05843654933004072
NG--SE,NG,SE,5648.083214797142,10,5845.0,5868.0,5855.0,5862.082357142724,84.63122617831107,7162.444444444444,5672.0,5938.0,5821.5,5905.25,83.75,47.5,0.014479251698598984,1,0,5792.179999999999,5888.2074999999995,196.91678520285768,196.91678520285768,0.034864356227430365,0.034270361343550174
NG--SG,NG,SG,10690.478531487915,10,10546.2,10488.0,10538.0,10513.766466670615,135.8641478340282,18459.066666666666,10411.0,10747.0,10434.0,10667.25,233.25,69.0,0.012882758513400863,0,0,10468.185000000001,10636.235,144.27853148791473,-144.27853148791473,-0.013495984399852104,-0.013587882975143595
NG--SN,NG,SN,2792.475346325268,10,3092.2,3098.0,3090.5,3090.9345285748273,58.37769741567027,3407.9555555555553,3012.0,3186.0,3044.0,3127.75,83.75,45.5,0.01887901733900468,0,0,3059.1,3127.4,299.7246536747316,299.7246536747316,0.10733296323247811,0.10195438829579569
NG--TH,NG,TH,10098.775445297742,10,9825.4,9795.0,9805.5,9779.601442857193,186.00609309016374,34598.26666666666,9625.0,10185.0,9693.75,9830.75,137.0,88.5,0.01893114713804667,2,0,9730.262499999999,9939.647500000001,273.3754452977428,-273.3754452977428,-0.027070157840278906,-0.02744330406206653
NG--TR,NG,TR,4240.937563878063,10,4147.3,4150.0,4148.375,4154.8158714289675,53.58959268780128,2871.8444444444444,4057.5,4228.5,4138.0,4180.75,42.75,26.5,0.012921561663685115,2,0,4112.398749999999,4176.06125,93.63756387806279,-93.63756387806279,-0.0220794488170765,-0.022326848256423667
NG--TZ,NG,TZ,3557.1927842916293,10,3519.66,3471.75,3511.825,3490.588493679183,157.379126104237,24768.189333333332,3335.0,3767.0,3419.45,3639.875,220.42500000000018,90.95000000000005,0.04471429800157885,0,0,3429.5220000000004,3616.24875,37.53278429162947,-37.53278429162947,-0.010551237047756368,-0.010607296025770766
NG--UA,NG,UA,5050.317778330715,10,5066.0,5033.5,5057.5,5044.319433330238,135.1443672522092,18263.999999999996,4850.0,5350.0,4999.75,5127.75,128.0,45.5,0.026676740476156573,1,0,4990.587500000001,5151.1050000000005,15.682221669285354,15.682221669285354,0.0031051950308102812,0.0031003838698763202
NG--US,NG,US,8912.837189115719,10,8705.4,8714.0,8713.5,8711.833333333412,64.01770588412761,4098.266666666666,8561.0,8785.0,8679.0,8734.75,55.75,32.0,0.0073537925751978785,1,0,8664.89,8739.814999999999,207.43718911571887,-207.43718911571887,-0.023273979397832982,-0.02354909553806242
NG--VN,NG,VN,10509.155498205999,10,10591.55,10554.0,10586.8125,10576.575666666446,192.5204823158074,37064.13611111112,10356.0,10865.0,10442.875,10769.0,326.125,145.0,0.018176799648380777,0,0,10478.641249999999,10707.51875,82.39450179400046,82.39450179400046,0.007840259077721887,0.00780968395380173
NG--ZA,NG,ZA,4454.133473532923,10,4511.2,4512.0,4511.375,4511.406960012654,4.1311822359545785,17.06666666666667,4503.0,4518.0,4508.75,4512.75,4.0,2.0,0.0009157612688319247,0,0,4508.7,4513.5,57.06652646707698,57.06652646707698,0.012812037808515208,0.012730658009055394
NL--NO,NL,NO,916.4123574186069,10,916.9,917.5,917.375,917.375,1.8529256146249728,3.4333333333333336,912.0,918.0,917.0,918.0,1.0,0.5,0.0020208589973006574,1,0,915.7,917.8,0.48764258139306094,0.48764258139306094,0.0005321213506621357,0.0005319798243001541
NL--NZ,NL,NZ,18559.7377139544,10,18558.1,18554.5,18552.125,18553.169766666695,52.9831210019862,2807.2111111111108,18500.0,18664.0,18512.5,18587.5,75.0,41.5,0.002854986286418664,0,0,18527.8,18588.025,1.6377139544019883,-1.6377139544019883,-8.824014539659416e-05,-8.82440387872124e-05
NL--PE,NL,PE,10520.554598873148,10,10513.95,10515.0,10514.625,10514.75,2.454587541726715,6.024999999999999,10507.5,10515.0,10515.0,10515.0,0.0,0.0,0.00023346007368560008,2,0,10512.45,10515.0,6.604598873147552,-6.604598873147552,-0.0006277804854370479,-0.0006279776221160739
NL--PH,NL,PH,10403.669642766034,10,10411.2,10411.5,10411.5,10411.444444444445,1.2292725943057181,1.5111111111111106,10408.0,10412.0,10411.0,10412.0,1.0,0.5,0.00011807213330890945,1,0,10410.3975,10411.8,7.530357233967152,7.530357233967152,0.0007238174117921193,0.0007235555823061297
NL--PK,NL,PK,5697.10532452438,10,5709.6,5808.5,5725.75,5801.662399998755,178.9048164061922,32006.933333333338,5442.0,5848.0,5546.25,5825.75,279.5,28.0,0.03133403678124425,0,0,5599.09,5808.137500000001,12.49467547562017,12.49467547562017,0.002193162099677924,0.0021907606302471374
NL--PL,NL,PL,1094.9218044055763,10,1095.0,1095.0,1095.0,1095.0,0.0,0.0,1095.0,1095.0,1095.0,1095.0,0.0,0.0,0.0,0,0,1095.0,1095.0,0.07819559442373247,0.07819559442373247,7.141660172361276e-05,7.141405167962594e-05
NL--PT,NL,PT,1863.734590183404,10,1863.9,1864.0,1864.0,1863.9,0.31622776601683794,0.1,1863.0,1864.0,1864.0,1864.0,0.0,0.0,0.00016965919095275386,1,0,1863.7,1864.0,0.16540981659613863,0.16540981659613863,8.875180911884089e-05,8.874787091002831e-05
NL--RU,NL,RU,2153.7587182460625,10,2159.5209999999997,2158.105,2159.02625,2158.701666666667,2.3072275329687093,5.323298888888877,2158.0,2165.0,2158.0,2160.75,2.75,0.10500000000001819,0.0010683978220025227,1,0,2158.3414749999997,2160.821,5.762281753937259,5.762281753937259,0.0026754537103533295,0.0026718810549724993
NL--SA,NL,SA,4668.278240051819,10,4829.1,4892.5,4861.5,4892.425366666584,137.29404777904813,18849.65555555555,4504.0,4895.0,4885.25,4894.0,8.75,1.5,0.028430566312366304,2,0,4736.8949999999995,4892.8,160.82175994818135,160.82175994818135,0.03444990886969843,0.0338697964121967
NL--SE,NL,SE,1131.6300553848139,10,1125.0,1125.0,1125.0,1125.0,0.0,0.0,1125.0,1125.0,1125.0,1125.0,0.0,0.0,0.0,0,0,1125.0,1125.0,6.630055384813886,-6.630055384813886,-0.005858854095704729,-0.005876084514664223
NL--SG,NL,SG,10501.875707111722,10,10511.9,10512.0,10512.0,10511.9,0.31622776601683794,0.1,10511.0,10512.0,10512.0,10512.0,0.0,0.0,3.008283621579714e-05,1,0,10511.7,10512.0,10.024292888278069,10.024292888278069,0.000954524045784484,0.0009540687773941713
NL--SN,NL,SN,4622.391187616452,10,4648.5,4648.0,4648.25,4648.249999997861,1.0801234497346435,1.166666666666667,4648.0,4651.0,4648.0,4648.0,0.0,0.0,0.00023235956754536806,2,0,4648.0,4649.2,26.108812383547956,26.108812383547956,0.005648334665723312,0.005632442637720762
NL--TH,NL,TH,9184.527369269523,10,9180.3,9180.0,9180.125,9180.125,1.4944341180973262,2.233333333333333,9178.0,9184.0,9180.0,9180.0,0.0,0.0,0.00016278706775348586,3,0,9179.5,9181.3,4.227369269523479,-4.227369269523479,-0.0004602707466110688,-0.00046037670370500976
NL--TR,NL,TR,2538.4405504203605,10,2603.84,2603.5,2603.675,2603.840000000024,20.41307859627691,416.69377777777856,2578.0,2631.0,2585.025,2623.325,38.29999999999973,21.5,0.007839605581094426,0,0,2591.9272499999997,2615.9807499999997,65.39944957963962,65.39944957963962,0.025763632545504997,0.025437342571613862
NL--TZ,NL,TZ,7113.778557184179,10,7315.8,7325.0,7316.375,7316.374999871897,33.13541240961934,1097.9555555555555,7265.0,7362.0,7285.25,7341.5,56.25,27.5,0.004529294459883996,0,0,7295.595,7335.1050000000005,202.0214428158215,202.0214428158215,0.02839861280357129,0.02800284752067844
NL--UA,NL,UA,1785.0113835275376,10,1779.95,1780.0,1779.8125,1779.8830888888979,3.46770817687994,12.024999999999997,1776.0,1785.0,1777.0,1782.75,5.75,3.0,0.0019482053860389,0,0,1777.94875,1781.95125,5.0613835275376005,-5.0613835275376005,-0.0028354908961618496,-0.002839518515793902
NL--US,NL,US,6206.190650303078,10,6193.8,6189.5,6192.875,6192.182140000181,11.232888220657133,126.17777777777776,6182.0,6213.0,6184.25,6203.5,19.25,6.5,0.0018135697343564746,0,0,6187.7,6200.5025,12.390650303077564,-12.390650303077564,-0.0019964984966216706,-0.0019984941564087284
NL--VN,NL,VN,8893.9631609998,10,8309.6,8309.0,8307.5,8308.298533333293,20.18360170479436,407.37777777777774,8288.0,8348.0,8291.25,8323.0,31.75,18.0,0.002428949853758828,0,0,8298.3,8322.3025,584.3631609997992,-584.3631609997992,-0.06570334848723491,-0.06796127714259277
NL--ZA,NL,ZA,8939.953838554835,10,9030.6,9017.0,9016.375,9016.499999999953,47.67995152868528,2273.3777777777777,9009.0,9166.0,9014.5,9017.75,3.25,2.0,0.005279821000673851,2,0,9014.1,9061.1,90.64616144516549,90.64616144516549,0.010139444015274541,0.01008838470475642
NO--NZ,NO,NZ,17661.515954076174,10,17421.2,17441.0,17419.5,17430.261514285736,65.95419285804016,4349.955555555555,17316.0,17540.0,17408.5,17441.0,32.5,19.0,0.003785858199093068,3,0,17383.47,17458.602499999997,240.3159540761735,-240.3159540761735,-0.013606756900203121,-0.013700177216497411
NO--PE,NO,PE,11033.614836586856,10,10950.25,10965.0,10952.5625,10962.253283333363,50.43546481505957,2543.7361111111118,10850.0,11032.0,10944.25,10970.25,26.0,7.75,0.004605873364997107,3,0,10917.448750000001,10978.4575,83.36483658685574,-83.36483658685574,-0.007555532599381897,-0.007584220227367453
NO--PH,NO,PH,9696.528062913647,10,9474.1,9466.0,9479.0,9468.246786140986,158.24204385827568,25040.544444444444,9191.0,9718.0,9378.25,9546.0,167.75,87.5,0.01670259379342372,0,0,9384.385,9571.1075,222.4280629136465,-222.4280629136465,-0.022938938707800793,-0.0232061301285549
NO--PK,NO,PK,5312.256150502484,10,5322.91,5346.55,5324.6375,5324.637500002293,71.13213760319594,5059.781000000003,5217.0,5415.0,5253.75,5380.625,126.875,58.69999999999982,0.013363392881562143,0,0,5279.596500000001,5361.51475,10.653849497515694,10.653849497515694,0.0020055225493047714,0.0020035141737368965
NO--PL,NO,PL,1063.2419616955133,10,1019.7599999999999,1015.7,1019.4,1019.7599999976394,58.74188738313858,3450.6093333333356,961.4,1081.0,964.575,1077.0,112.42499999999995,53.75000000000006,0.057603639467265426,0,0,985.7264999999999,1053.9634999999998,43.481961695513405,-43.481961695513405,-0.040895641125914844,-0.04175538950401284
NO--PT,NO,PT,2741.1243604470806,10,2762.82,2756.0,2758.9,2756.8434666667144,15.384393246259533,236.67955555555594,2754.0,2803.0,2754.3999999999996,2761.0,6.600000000000364,2.0,0.005568366106463516,2,0,2755.7195,2772.322,21.6956395529196,21.6956395529196,0.007914868754579606,0.007883710481986331
NO--RU,NO,RU,1648.9149949297591,10,1643.55,1644.0,1643.5625,1643.5625,0.724568837309472,0.525,1642.5,1644.5,1643.0,1644.0,1.0,0.25,0.0004408559747555426,0,0,1643.1,1643.95125,5.3649949297591775,-5.3649949297591775,-0.0032536516110630172,-0.0032589562448782626
NO--SA,NO,SA,4801.67564551418,10,4788.9,4795.0,4786.0,4788.500000000252,62.05812687401313,3851.211111111111,4694.0,4907.0,4750.75,4813.0,62.25,33.5,0.012958743526491082,1,0,4753.6975,4825.705,12.775645514180724,-12.775645514180724,-0.0026606639967687077,-0.002664209854173798
NO--SE,NO,SE,419.02432565533144,10,416.1,416.0,416.0,416.1,0.31622776601683794,0.1,416.0,417.0,416.0,416.0,0.0,0.0,0.0007599802115280893,1,0,416.0,416.3,2.9243256553314154,-2.9243256553314154,-0.006978892336997208,-0.007003358704669517
NO--SG,NO,SG,10056.000762360305,10,9675.77,9672.85,9675.0875,9673.27223666658,8.170142117626956,66.75122222222187,9667.0,9690.0,9670.0,9682.5,12.5,3.350000000000364,0.0008443919313529523,0,0,9671.29925,9680.7415,380.23076236030465,-380.23076236030465,-0.03781132990597132,-0.03854472478711911
NO--SN,NO,SN,5518.823019077122,10,5300.7,5305.0,5303.125,5300.700000001921,127.69238209245079,16305.344444444447,5117.0,5465.0,5189.0,5424.0,235.0,124.0,0.024089720620380475,0,0,5229.78,5372.52,218.12301907712208,-218.12301907712208,-0.03952346692820699,-0.040325729063878164
NO--TH,NO,TH,8681.465564165668,10,8640.42,8639.0,8639.5,8638.307757142826,11.953037735701956,142.87511111111496,8624.0,8664.2,8632.75,8642.5,9.75,5.5,0.0013833861936921998,1,0,8634.0975,8647.862000000001,41.04556416566811,-41.04556416566811,-0.004727953346390172,-0.004739165472043505
NO--TR,NO,TR,2704.0156611690363,10,2914.1,2924.5,2922.75,2924.5,31.95987067141126,1021.4333333333336,2825.0,2934.0,2923.25,2925.75,2.5,1.5,0.010967321187128534,3,0,2893.1974999999998,2926.8,210.0843388309636,210.0843388309636,0.07769346230048724,0.07482307425770678
NO--TZ,NO,TZ,7652.737178326697,10,7679.6,7675.0,7686.125,7694.666666658375,158.75571730737062,25203.377777777776,7425.0,7882.0,7616.75,7794.25,177.5,105.5,0.020672394044920387,0,0,7590.8875,7775.715,26.862821673303188,26.862821673303188,0.0035102239953282775,0.0035040775385066928
NO--UA,NO,UA,1632.1575353448625,10,1633.54,1634.0,1633.4875,1633.4874999999815,3.820180333148923,14.593777777777815,1627.0,1640.5,1631.0,1635.85,4.849999999999909,2.5,0.0023385900150280515,0,0,1631.24875,1635.9605000000001,1.3824646551374826,1.3824646551374826,0.0008470166789662116,0.0008466581627708751
NO--US,NO,US,6247.236504991629,10,6078.99,6068.65,6075.3125,6068.705739898517,52.84639060522495,2792.7410000000077,6022.4,6165.0,6038.275,6094.975,56.70000000000073,29.299999999999727,0.008693284674793831,0,0,6050.897500000001,6110.5645,168.24650499162908,-168.24650499162908,-0.026931348742311546,-0.027300643007936904
NO--VN,NO,VN,8283.764374187,10,8371.1,8373.5,8372.0,8372.500000000226,19.913423724825535,396.5444444444445,8333.0,8402.0,8364.0,8382.5,18.5,10.5,0.0023788299894668004,1,0,8358.9,8381.2,87.33562581300066,87.33562581300066,0.010542987688682552,0.010487797964793051
NO--ZA,NO,ZA,9623.202914754816,10,9644.5,9637.5,9637.5,9634.950285714054,44.873278363755766,2013.6111111111113,9595.0,9750.0,9616.25,9648.75,32.5,20.0,0.004652732475893594,1,0,9621.5,9672.5,21.297085245183553,21.297085245183553,0.0022130973890750767,0.0022106520961646054
NZ--PE,NZ,PE,10603.194453734135,10,10746.6,10763.0,10750.75,10760.379733333333,43.279967139030454,1873.155555555556,10660.0,10800.0,10744.0,10766.5,22.5,8.0,0.004027317210934664,2,0,10717.8825,10769.202500000001,143.40554626586527,143.40554626586527,0.013524749252840688,0.013434106200161765
NZ--PH,NZ,PH,8297.851486247824,10,8053.9,8044.0,8049.0,8048.8322856795885,24.487865475691333,599.6555555555555,8031.0,8116.0,8040.5,8060.0,19.5,10.0,0.0030404978303295712,1,0,8041.995,8069.1,243.9514862478245,-243.9514862478245,-0.029399355562356063,-0.02984017805323225
NZ--PK,NZ,PK,13275.521678301031,10,13202.8,13187.5,13228.5,13228.5000000004,285.72745366481286,81640.17777777778,12585.0,13615.0,13121.25,13399.5,278.25,185.0,0.021641428610962285,1,0,13024.0925,13354.322499999998,72.72167830103172,-72.72167830103172,-0.005477877258857255,-0.005492935846395546
NZ--PL,NZ,PL,17691.173617194832,10,17637.2,17645.0,17627.5,17637.199999999928,244.79687724950887,59925.51111111111,17362.0,17990.0,17390.75,17826.25,435.5,241.0,0.013879577101212712,0,0,17500.3375,17785.525,53.973617194831604,-53.973617194831604,-0.0030508782719973005,-0.00305554168853882
NZ--PT,NZ,PT,19574.147927995775,10,19114.0,19067.0,19109.625,19114.000000000207,461.91942539316915,213369.55555555556,18635.0,19628.0,18640.0,19607.0,967.0,432.0,0.024166549408452923,0,0,18835.0775,19369.635,460.1479279957748,-460.1479279957748,-0.023507941683512657,-0.023788661502891315
NZ--RU,NZ,RU,16540.092712129524,10,16548.3,16559.0,16548.375,16550.368900000274,31.460910490462428,989.7888888888889,16512.0,16584.0,16514.0,16575.0,61.0,20.5,0.0019011566439128145,0,0,16528.3875,16566.4,8.207287870474829,8.207287870474829,0.0004962056751021771,0.0004960826057762265
NZ--SA,NZ,SA,14909.574515612963,10,14912.0,14964.5,14926.875,14952.879656537965,241.95086737232876,58540.22222222222,14470.0,15235.0,14819.25,15050.0,230.75,124.0,0.016225245934303162,1,0,14765.8925,15040.51,2.425484387036704,2.425484387036704,0.00016267965155523334,0.00016266642065565067
NZ--SE,NZ,SE,17431.595018365642,10,17427.2,17430.0,17428.0,17428.62088001266,5.43241300999023,29.511111111111116,17415.0,17433.0,17424.0,17430.75,6.75,2.0,0.0003117203572570597,0,0,17423.7,17430.1,4.39501836564159,-4.39501836564159,-0.00025212944432285577,-0.0002521612342947643
NZ--SG,NZ,SG,8524.39955416985,10,8416.0,8415.0,8415.125,8415.125,3.197221015541813,10.222222222222221,8414.0,8425.0,8415.0,8415.0,0.0,0.0,0.00037989793435620403,3,0,8414.8,8418.1,108.39955416984958,-108.39955416984958,-0.012716385885129489,-0.012797931165205584
NZ--SN,NZ,SN,16831.97657147853,10,18495.4,18702.0,18530.0,18641.98753334188,458.8180951580315,210514.04444444444,17770.0,18944.0,18071.0,18793.5,722.5,199.0,0.024807146380074585,0,0,18210.07,18749.8575,1663.4234285214698,1663.4234285214698,0.09882519866027556,0.09424160786670369
NZ--TH,NZ,TH,9738.52130758697,10,9674.5,9638.0,9665.0,9657.846914672358,122.24588154844136,14944.055555555557,9560.0,9865.0,9560.5,9773.75,213.25,78.0,0.012635886252358402,0,0,9608.3,9756.5125,64.02130758697058,-64.02130758697058,-0.006574027572039466,-0.006595731665800508
NZ--TR,NZ,TR,16822.326113303774,10,17059.9,17123.0,17046.75,17046.749998950192,285.94267102185205,81763.2111111111,16694.0,17531.0,16783.75,17255.0,471.25,230.0,0.016761098894005944,0,0,16888.195,17224.420000000002,237.57388669622742,237.57388669622742,0.014122534844235627,0.014023740909711636
NZ--TZ,NZ,TZ,13304.17710041557,10,13042.7,12886.5,13036.125,13028.247633281082,431.39799875907323,186104.23333333334,12480.0,13658.0,12692.5,13473.25,780.75,316.5,0.03307582009546131,0,0,12790.465,13299.965,261.47710041557,-261.47710041557,-0.01965375975094337,-0.01984946333893232
NZ--UA,NZ,UA,17096.747525416675,10,17149.0,17242.0,17176.125,17236.03180000028,189.59664788410393,35946.88888888889,16801.0,17280.0,17110.0,17270.0,160.0,33.0,0.011055842782908854,2,0,17031.1875,17251.8175,52.25247458332524,52.25247458332524,0.0030562815825433886,0.0030516206483243683
NZ--US,NZ,US,14074.670366616207,10,14267.6,14408.0,14348.0,14412.641028571203,342.92733276243166,117599.15555555554,13437.0,14455.0,14397.0,14441.0,44.0,28.0,0.02403539016810337,2,0,14056.289999999999,14429.0,192.92963338379377,192.92963338379377,0.01370757739672573,0.0136144783676506
NZ--VN,NZ,VN,9897.357844060565,10,9512.7,9540.0,9504.0,9512.29383333372,195.63176860849796,38271.78888888889,9235.0,9860.0,9347.5,9630.5,283.0,122.5,0.020565325155686393,0,0,9401.4975,9620.225,384.65784406056446,-384.65784406056446,-0.038864700066533295,-0.03964008914829678
NZ--ZA,NZ,ZA,11827.417766624114,10,11500.9,11507.5,11495.75,11498.358785714527,114.6816366197212,13151.87777777778,11325.0,11718.0,11431.5,11567.5,136.0,72.5,0.009971535846735578,0,0,11435.5,11565.515,326.5177666241143,-326.5177666241143,-0.027606851560238062,-0.02799508259567706
PE--PH,PE,PH,18061.562360216984,10,17774.9,17786.5,17771.25,17755.39761427445,240.56020267515387,57869.21111111111,17444.0,18135.0,17574.25,17849.5,275.25,170.5,0.013533702168515932,0,0,17636.362500000003,17913.14,286.66236021698205,-286.66236021698205,-0.015871404394582962,-0.015998703877761297
PE--PK,PE,PK,16162.263423580987,10,16249.7,16191.0,16309.0,16285.935086958247,490.7309853677471,240816.90000000002,15160.0,16865.0,16119.25,16508.75,389.5,256.0,0.03019938739593636,1,0,15938.1,16498.802499999998,87.43657641901336,87.43657641901336,0.0054099215021728994,0.005395340441465705
PE--PL,PE,PL,11605.331422578916,10,11739.1,11824.0,11758.875,11817.232766668307,191.51411320201848,36677.655555555546,11415.0,11905.0,11632.25,11874.0,241.75,54.5,0.016314207494783968,0,0,11626.875,11839.6225,133.76857742108405,133.76857742108405,0.011526476284927865,0.011460552552427285
PE--PT,PE,PT,8998.891148044428,10,9589.08,9610.15,9594.2875,9605.56816666714,50.34092216521705,2534.2084444444413,9493.5,9643.0,9548.75,9625.0,76.25,17.5,0.005249817726540716,0,0,9558.39875,9617.0805,590.1888519555723,590.1888519555723,0.06558461950990793,0.06352358705671717
PE--RU,PE,RU,12642.025820968918,10,12640.1,12641.5,12640.125,12640.69566666654,7.534365710971739,56.76666666666667,12630.0,12650.0,12633.5,12645.0,11.5,5.0,0.0005960685208955418,0,0,12635.5,12644.4,1.925820968917833,-1.925820968917833,-0.00015233483906697422,-0.00015234644319704605
PE--SA,PE,SA,13973.306966781403,10,14221.0,14223.5,14222.625,14216.207014646405,149.658871363437,22397.77777777778,13988.0,14441.0,14117.5,14310.0,192.5,103.5,0.010523793781269742,0,0,14127.585000000001,14307.24,247.6930332185966,247.6930332185966,0.017726157008318408,0.017570880966932326
PE--SE,PE,SE,11441.259792616573,10,11467.3,11338.5,11446.625,11390.481539543362,272.6369380696607,74330.9,11190.0,11910.0,11245.25,11680.25,435.0,121.5,0.02377516399411027,0,0,11328.49,11625.515,26.040207383426605,26.040207383426605,0.0022759912680447325,0.002273405123204042
PE--SG,PE,SG,18810.963551971927,10,19734.0,19736.0,19734.75,19735.75,4.216370213557839,17.77777777777778,19726.0,19736.0,19736.0,19736.0,0.0,0.0,0.00021366019122113304,2,0,19731.0,19736.0,923.0364480280732,923.0364480280732,0.049069067912329914,0.04790316891716913
PE--SN,PE,SN,7204.605952041671,10,7659.3,7885.0,7749.75,7847.991475061448,710.4660520469018,504762.01111111103,6350.0,8245.0,7553.0,8187.75,634.75,328.5,0.09275861397867975,2,0,7187.815,8044.915,454.69404795832907,454.69404795832907,0.06311157764700177,0.06120005871215834
PE--TH,PE,TH,19698.995438807557,10,19728.3,19726.5,19729.5,19728.50412222222,15.663474852166248,245.34444444444446,19702.0,19745.0,19717.5,19744.0,26.5,16.5,0.0007939596849280601,0,0,19719.2,19737.71,29.304561192442634,29.304561192442634,0.0014876170352682986,0.0014865116291912306
PE--TR,PE,TR,12558.030392220066,10,12332.5,12324.25,12319.25,12314.189521428769,119.32215962585398,14237.77777777778,12170.0,12601.0,12257.0,12347.375,90.375,60.25,0.009675423444220878,1,0,12266.1,12414.13875,225.53039222006555,-225.53039222006555,-0.01795905768469758,-0.018122278711350893
PE--TZ,PE,TZ,12329.431436465999,10,12122.25,12186.75,12159.4375,12179.99048747397,363.2621681069717,131959.40277777778,11440.0,12507.0,11973.75,12405.5,431.75,249.25,0.029966562981869845,0,0,11898.1375,12320.7625,207.18143646599856,-207.18143646599856,-0.01680381107057628,-0.016946596928402412
PE--UA,PE,UA,12276.18489244182,10,11914.75,11878.5,11906.9375,11911.853611090492,269.6908981696556,72733.18055555555,11562.0,12330.0,11670.5,12120.875,450.375,262.5,0.022635044643794927,0,0,11757.539999999999,12086.0425,361.4348924418191,-361.4348924418191,-0.0294419557548654,-0.029884069562735878
PE--US,PE,US,5639.750595100949,10,5629.2,5629.0,5629.375,5629.244779990506,2.6583202716502514,7.066666666666666,5624.0,5633.0,5628.25,5631.25,3.0,1.5,0.0004722376663913614,0,0,5627.7,5630.6025,10.550595100949067,-10.550595100949067,-0.0018707556164121858,-0.0018725076651446417
PE--VN,PE,VN,18964.769886212795,10,19041.5,19012.5,19027.375,19012.902166666576,63.19326616728153,3993.3888888888882,19006.0,19190.0,19010.5,19021.25,10.75,2.5,0.00331871261020831,2,0,19011.8,19082.2025,76.73011378720548,76.73011378720548,0.004045929069932324,0.004037766308807226
PE--ZA,PE,ZA,10927.706572983134,10,11060.36,11160.0,11088.575,11100.437607149242,321.2770289537261,103218.92933333335,10375.0,11520.0,10907.75,11252.075,344.3250000000007,148.75,0.029047610471424623,1,0,10870.14875,11233.646999999999,132.65342701686677,132.65342701686677,0.012139182739846753,0.012066093760194171
PH--PK,PH,PK,5243.043281285031,10,5263.7,5304.0,5274.875,5292.969800001978,119.79338694416964,14350.455555555553,5064.0,5374.0,5185.0,5362.5,177.5,63.0,0.022758399404253594,0,0,5191.4975,5331.0175,20.65671871496852,20.65671871496852,0.003939833719988997,0.003932092900152421
PH--PL,PH,PL,9401.353126559421,10,9407.767000000002,9407.0,9407.333750000002,9407.25320128569,8.733104386311913,76.26711222222038,9394.0,9425.0,9402.0275,9411.724999999999,9.6974999999984,5.464999999999236,0.0009282866365963264,0,0,9403.123325,9412.7,6.4138734405805735,6.4138734405805735,0.0006822287551842908,0.0006819961429374962
PH--PT,PH,PT,12158.658514091412,10,11439.3,11365.0,11365.0,11365.045888888484,237.4503690832629,56382.677777777775,11358.0,12115.0,11361.25,11368.75,7.5,5.0,0.020757421265572448,1,0,11362.6,11590.5,719.3585140914129,-719.3585140914129,-0.05916429952019002,-0.06098675561916786
PH--RU,PH,RU,8263.687185942246,10,8237.7,8240.5,8238.625,8239.189757142864,8.06983408889069,65.12222222222225,8222.0,8246.0,8233.5,8244.0,10.5,4.5,0.0009796222354408015,0,0,8233.1975,8242.1,25.98718594224556,-25.98718594224556,-0.0031447446348711753,-0.003149699735357823
PH--SA,PH,SA,7777.541785883041,10,7785.9,7786.0,7786.0,7785.9,0.31622776601683794,0.1,7785.0,7786.0,7786.0,7786.0,0.0,0.0,4.061544150539282e-05,1,0,7785.7,7786.0,8.358214116959061,8.358214116959061,0.0010746601364623968,0.0010740831026311202
PH--SE,PH,SE,9334.537508472053,10,9308.8,9291.0,9300.75,9294.83469999969,59.467171148831724,3536.3444444444444,9248.0,9434.0,9266.75,9332.5,65.75,28.5,0.006388274659336513,1,0,9277.54875,9348.1075,25.737508472053378,-25.737508472053378,-0.002757234458450024,-0.0027610426310065873
PH--SG,PH,SG,2390.7414869355152,10,2394.5,2394.5,2394.5,2394.5,0.5270462766947299,0.2777777777777778,2394.0,2395.0,2394.0,2395.0,1.0,0.5,0.0002201070272268657,0,0,2394.2,2394.8,3.7585130644847595,3.7585130644847595,0.0015721118678132249,0.00157087739360236
PH--SN,PH,SN,14418.882901521349,10,14670.9,14507.5,14635.5,14544.715466682735,423.87038113083577,179666.09999999998,14185.0,15440.0,14398.75,14994.0,595.25,164.0,0.02889191400192461,0,0,14437.9875,14916.210000000001,252.01709847865095,252.01709847865095,0.017478267921300646,0.017327279798216993
PH--TH,PH,TH,2210.5386059799803,10,2208.0,2208.0,2208.0,2208.0,0.0,0.0,2208.0,2208.0,2208.0,2208.0,0.0,0.0,0.0,0,0,2208.0,2208.0,2.538605979980275,-2.538605979980275,-0.001148410605954948,-0.001149070534709379
PH--TR,PH,TR,8825.320128288235,10,8397.0,8407.5,8402.25,8405.61523333361,23.86070689089771,569.3333333333335,8337.0,8415.0,8389.0,8411.5,22.5,5.5,0.002841575192437503,1,0,8381.99,8408.7,428.3201282882346,-428.3201282882346,-0.048533098183636304,-0.04975037812014646
PH--TZ,PH,TZ,9678.483597737211,10,9777.45,9833.5,9796.6875,9827.81434999768,180.74882049715046,32670.13611111112,9426.0,9975.0,9686.5,9903.625,217.125,75.75,0.01848629453458217,0,0,9660.043749999999,9875.66,98.96640226278942,98.96640226278942,0.010225403728113704,0.010173477962033384
PH--UA,PH,UA,8803.13834931306,10,8864.28,8881.7,8878.6,8877.280376665116,148.97127090669392,22192.43955555559,8577.0,9037.0,8765.25,8979.95,214.70000000000073,114.85000000000036,0.01680579481996213,0,0,8768.766,8954.794,61.14165068694092,61.14165068694092,0.006945437895078864,0.0069214294433378055
PH--US,PH,US,13794.409050888704,10,13746.6,13708.5,13742.625,13711.57386666678,56.32090592705736,3172.0444444444447,13700.0,13825.0,13702.0,13798.75,96.75,8.0,0.0040970789814977785,0,0,13714.9,13780.210000000001,47.809050888703496,-47.809050888703496,-0.003465828127347246,-0.003471848022958411
PH--VN,PH,VN,1753.51520467526,10,1753.2,1752.0,1752.75,1752.6434666666107,3.5839146815241634,12.844444444444445,1750.0,1760.0,1750.0,1756.0,6.0,2.0,0.0020442132566302553,0,0,1751.2,1755.3,0.31520467526001994,-0.31520467526001994,-0.00017975588373548995,-0.00017977204176076404
PH--ZA,PH,ZA,10977.236086385761,10,11469.5,11483.0,11476.75,11480.74786666707,43.4543182868835,1888.2777777777776,11365.0,11516.0,11453.75,11496.5,42.75,14.0,0.0037886846232951304,1,0,11443.395,11490.5,492.26391361423885,492.26391361423885,0.044844067280720754,0.043867656369487924
PK--PL,PK,PL,4602.495627474602,10,4820.92,4788.5,4822.3375,4810.8429400022915,99.36480262145139,9873.363999999992,4675.5,4955.0,4775.5,4918.025,142.52499999999964,59.5,0.020611170196031335,0,0,4764.79875,4877.622,218.4243725253982,218.4243725253982,0.04745781206646101,0.046366097126214284
PK--PT,PK,PT,7163.814796154422,10,7291.3,7306.5,7292.375,7303.974833334142,114.20843518176171,13043.566666666668,7110.0,7464.0,7200.0,7369.25,169.25,67.5,0.01566365876891113,0,0,7221.2825,7353.902499999999,127.48520384557833,127.48520384557833,0.01779571463991687,0.017639224749029913
PK--RU,PK,RU,3663.3667982996626,10,3632.1699999999996,3703.0,3644.2125,3669.901057126599,201.44544367589398,40580.266777777775,3348.0,3820.0,3436.0,3800.0249999999996,364.02499999999964,117.0,0.05546145793723697,0,0,3505.9582499999997,3745.64325,31.196798299662987,-31.196798299662987,-0.00851588170590585,-0.008552349008269948
PK--SA,PK,SA,2746.9203972212576,10,2732.6,2732.0,2732.5,2732.302785688207,8.669230390037836,75.15555555555557,2721.0,2745.0,2725.75,2738.75,13.0,7.5,0.0031725208190140656,0,0,2727.8975,2738.0,14.320397221257736,-14.320397221257736,-0.005213255264238464,-0.005226891693568441
PK--SE,PK,SE,4893.339704305134,10,5161.0,5181.5,5169.375,5171.666666667849,70.69339117311856,4997.555555555557,5011.0,5244.0,5143.5,5191.25,47.75,36.5,0.013697615030637194,1,0,5116.675,5198.905,267.66029569486636,267.66029569486636,0.054698899293539806,0.05325532267946383
PK--SG,PK,SG,4805.798234579985,10,4727.9,4730.5,4730.875,4730.83333333338,11.049886877249014,122.09999999999997,4697.0,4735.0,4730.0,4732.0,2.0,1.5,0.0023371659462444244,1,0,4720.8,4732.3,77.898234579985,-77.898234579985,-0.016209218693259003,-0.016342025160083536
PK--SN,PK,SN,9176.75777699108,10,8991.95,8939.5,8992.4375,8969.453049558746,254.48667832412062,64763.46944444444,8570.0,9410.0,8885.5,9129.125,243.625,121.25,0.028301611811022146,0,0,8848.39875,9152.6575,184.80777699107966,-184.80777699107966,-0.02013867876674798,-0.020344226276516206
PK--TH,PK,TH,3537.00596976539,10,3464.9,3464.0,3463.625,3463.67246666669,5.526702854726717,30.544444444444444,3460.0,3480.0,3462.25,3464.75,2.5,1.0,0.0015950540721887262,1,0,3462.5,3468.7025,72.10596976539,-72.10596976539,-0.0203861600409379,-0.020596825830118255
PK--TR,PK,TR,3630.164700361784,10,3457.05,3476.0,3468.4375,3470.9166666632386,85.57077967000963,7322.358333333333,3258.0,3565.0,3444.125,3490.25,46.125,27.75,0.024752543257982852,2,0,3399.74375,3503.71125,173.1147003617839,-173.1147003617839,-0.04768783640712808,-0.04886239500550047
PK--TZ,PK,TZ,5918.593677349072,10,5706.2,5709.5,5706.875,5716.500000000299,152.02909078345647,23112.844444444447,5465.0,5942.0,5647.0,5791.5,144.5,78.5,0.026642790435571218,0,0,5615.092500000001,5790.51,212.39367734907228,-212.39367734907228,-0.035885835204724346,-0.036545563172791506
PK--UA,PK,UA,3917.0789197104828,10,4175.65,4153.0,4171.1875,4168.272649998382,95.51499300575219,9123.113888888889,4046.0,4341.0,4102.25,4251.75,149.5,60.75,0.0228742813707452,0,0,4117.195,4236.3150000000005,258.5710802895169,258.5710802895169,0.06601120007779375,0.06392383232803979
PK--US,PK,US,11400.093863122374,10,11167.6,11166.0,11166.875,11166.875,9.489175119284312,90.04444444444444,11155.0,11186.0,11162.0,11174.0,12.0,6.5,0.0008497058561628561,0,0,11162.4,11173.5025,232.49386312237402,-232.49386312237402,-0.020394030603068755,-0.02060486021410455
PK--VN,PK,VN,3505.121440740511,10,3536.4,3541.5,3541.375,3541.375000001443,87.53564353387075,7662.488888888889,3380.0,3653.0,3479.25,3605.5,126.25,67.0,0.02475275521260908,0,0,3486.6949999999997,3586.935,31.278559259489157,31.278559259489157,0.008923673484157821,0.008884092805689608
PK--ZA,PK,ZA,8112.013533205837,10,8028.0,8040.0,8057.0,8052.441966679597,239.39414269266396,57309.555555555555,7533.0,8291.0,7934.25,8230.25,296.0,185.5,0.02981989819290782,0,0,7893.195,8160.1,84.01353320583712,-84.01353320583712,-0.010356680602409608,-0.010410684207949172
PL--PT,PL,PT,2764.3828082154164,10,2759.15,2759.75,2759.375,2759.4285714285716,1.2258783698955529,1.502777777777778,2756.5,2760.0,2758.375,2760.0,1.625,0.25,0.00044429565985740276,0,0,2758.3987500000003,2759.85,5.2328082154162985,-5.2328082154162985,-0.0018929390675795753,-0.0018947329408890853
PL--RU,PL,RU,1153.7042757281965,10,1151.123,1151.065,1151.11625,1151.123,0.1396861561580739,0.019512222222217806,1151.0,1151.3,1151.0,1151.275,0.27500000000009095,0.06500000000005457,0.0001213477240556169,0,0,1151.0459999999998,1151.2061,2.5812757281964878,-2.5812757281964878,-0.002237380741756578,-0.0022398874176719655
PL--SA,PL,SA,3759.573078472261,10,3783.75,3766.75,3775.25,3769.0980374991855,57.72311784141024,3331.9583333333335,3733.0,3902.5,3741.375,3794.875,53.5,27.75,0.015255531639619489,1,0,3752.8975,3816.15375,24.17692152773907,24.17692152773907,0.006430762489012076,0.0064101733579830875
PL--SE,PL,SE,811.0678916510533,10,810.0,810.0,810.0,810.0,0.0,0.0,810.0,810.0,810.0,810.0,0.0,0.0,0.0,0,0,810.0,810.0,1.0678916510532872,-1.0678916510532872,-0.0013166489045441433,-0.0013175164482970775
PL--SG,PL,SG,9407.779211369656,10,9412.7,9412.5,9412.75,9412.666666666666,1.4181364924121764,2.011111111111111,9410.0,9415.0,9412.0,9413.75,1.75,0.5,0.00015066203027953471,0,0,9411.9,9413.6,4.920788630344759,4.920788630344759,0.00052305528433297,0.0005229185385993475
PL--SN,PL,SN,5374.182544640709,10,5297.71,5290.55,5292.575,5293.8222785695425,83.08273587214133,6902.740999999999,5180.0,5456.5,5249.5,5350.125,100.625,59.25,0.015682764038073303,0,0,5251.75875,5350.362499999999,76.4725446407092,-76.4725446407092,-0.014229614272587343,-0.014331826014790673
PL--TH,PL,TH,8098.393477126799,10,8116.55,8115.5,8117.5625,8117.5060500000245,9.962290008939823,99.2472222222222,8094.0,8131.0,8113.5,8122.625,9.125,4.75,0.0012274045017821391,1,0,8110.2,8122.05125,18.15652287320154,18.15652287320154,0.0022419907015487754,0.0022394811905627364
PL--TR,PL,TR,1643.9711830727663,10,1604.2,1715.5,1611.5,1703.1827000013786,155.7667772308617,24263.288888888892,1412.0,1738.0,1427.25,1723.5,296.25,21.0,0.0970993499756026,0,0,1514.4975,1694.0,39.771183072766235,-39.771183072766235,-0.024192141250571945,-0.02448957798512818
PL--TZ,PL,TZ,6625.089583909204,10,6824.1,6835.0,6832.25,6832.855643063158,84.98686172972072,7222.766666666667,6633.0,6950.0,6797.0,6870.0,73.0,42.5,0.012453929709371304,1,0,6769.6675,6869.5075,199.01041609079675,199.01041609079675,0.030038901900156432,0.029596570363423155
PL--UA,PL,UA,692.6191579526396,10,689.2099999999999,689.2,689.2,689.21,0.2233582075700041,0.04988888888888504,689.0,689.5,689.0,689.4,0.39999999999997726,0.20000000000004547,0.000324078593708745,0,0,689.0799999999999,689.3399999999999,3.4091579526397027,-3.4091579526397027,-0.004922124826458838,-0.004934278380135927
PL--US,PL,US,7193.4756064615285,10,7206.474,7205.9,7206.155,7205.837743142859,3.3385465899599813,11.14589333333342,7202.5,7213.0,7203.9225,7207.2325,3.3100000000004,1.7699999999999818,0.000463270469019937,1,0,7204.727975,7208.4953749999995,12.998393538471646,12.998393538471646,0.0018069698501230558,0.0018053392441118791
PL--VN,PL,VN,7841.5860049775565,10,7838.2,7837.5,7837.875,7837.874999999981,7.65651501808899,58.62222222222224,7825.0,7854.0,7834.0,7842.25,8.25,3.5,0.0009768205733572746,0,0,7834.0,7842.6,3.386004977556695,-3.386004977556695,-0.00043180103813276815,-0.00043189429104648655
PL--ZA,PL,ZA,8664.282423992168,10,8631.7,8634.0,8622.25,8622.932371428202,91.76425108819762,8420.677777777779,8514.0,8825.0,8570.0,8668.75,98.75,59.0,0.010631075117091375,1,0,8582.797499999999,8686.0,32.582423992167605,-32.582423992167605,-0.0037605450050824723,-0.00376763363142943
PT--RU,PT,RU,3914.4159356158557,10,3907.05,3905.75,3907.0625,3906.411949995562,2.586825596492092,6.691666666666667,3904.0,3910.0,3905.0,3910.0,5.0,1.25,0.0006620917563102831,0,0,3905.55,3908.6,7.365935615855506,-7.365935615855506,-0.001881745766676331,-0.0018835184744475
PT--SA,PT,SA,5439.2308630361285,10,5018.219999999999,5020.0,5020.025,5019.716458888757,13.388784693001625,179.2595555555546,4990.0,5032.0,5011.1,5028.875,17.774999999999636,9.949999999999818,0.0026680346204434294,0,0,5010.15725,5025.58325,421.0108630361292,-421.0108630361292,-0.07740264637363173,-0.08056237624929824
PT--SE,PT,SE,2995.36350558735,10,2986.79,2987.0,2986.6125,2986.734223352245,4.281860966137654,18.334333333333287,2982.0,2993.0,2982.7,2990.0,7.300000000000182,3.849999999999909,0.0014335996056427315,0,0,2984.3695,2989.3402499999997,8.573505587350155,-8.573505587350155,-0.00286225881144566,-0.002866362907391474
PT--SG,PT,SG,11895.612616239241,10,12131.15,12149.75,12138.6875,12149.347833333342,37.350479693483635,1395.0583333333334,12048.0,12154.0,12133.0,12151.5,18.5,2.5,0.0030788902695526505,2,0,12107.49875,12149.85,235.53738376075853,235.53738376075853,0.019800357607410293,0.01960688030311491
PT--SN,PT,SN,2783.0075400457886,10,2793.55,2793.75,2793.5625,2793.55,0.49721446300587663,0.24722222222222226,2793.0,2794.0,2793.0,2794.0,1.0,0.25,0.00017798659877427524,0,0,2793.2987500000004,2793.85,10.542459954211608,10.542459954211608,0.003788153572173992,0.003780996587241911
PT--TH,PT,TH,10700.203395730496,10,10600.66,10695.0,10627.875,10679.045109607017,258.9826472093362,67072.01155555551,10123.6,10860.0,10607.75,10707.75,100.0,63.25,0.024430804045157208,3,0,10437.287750000001,10734.90375,99.54339573049583,-99.54339573049583,-0.009302944257135784,-0.009346486903334946
PT--TR,PT,TR,3591.021107942153,10,3628.45,3717.5,3658.8125,3688.834912567145,320.4188621511259,102668.24722222221,3110.0,3904.0,3515.0,3894.75,379.75,184.75,0.08830736599681019,0,0,3429.07625,3789.1662499999998,37.42889205784695,37.42889205784695,0.010422910624241836,0.01036896660333164
PT--TZ,PT,TZ,6791.6053069734035,10,6895.06,6900.5,6905.5125,6904.397914443867,87.26334600252015,7614.8915555555495,6712.5,6994.0,6842.575000000001,6968.5,125.92499999999927,66.44999999999982,0.012655922646433846,0,0,6847.1587500000005,6942.75125,103.45469302659694,103.45469302659694,0.015232730459229273,0.015117877303402305
PT--UA,PT,UA,3358.8699560469204,10,3414.6,3374.5,3401.25,3381.612933332101,83.21484910225526,6924.711111111113,3355.0,3581.0,3357.25,3422.5,65.25,19.0,0.024370306654441298,2,0,3369.5,3463.4025,55.73004395307953,55.73004395307953,0.016591902837068646,0.01645576105409788
PT--US,PT,US,5747.733844579292,10,5738.45,5742.0,5737.3125,5736.499999999743,26.506236163506046,702.5805555555556,5704.0,5782.0,5717.0,5744.25,27.25,18.0,0.004619058485044924,0,0,5723.85,5753.8025,9.283844579292236,-9.283844579292236,-0.001615218246065423,-0.0016165241174242874
PT--VN,PT,VN,10555.511894474732,10,10258.9,10072.0,10211.4375,10072.5,314.4079798252229,98852.37777777779,10072.0,10825.5,10072.0,10372.125,300.125,0.0,0.030647338391564683,1,0,10072.1,10445.7,296.61189447473225,-296.61189447473225,-0.02810019044457648,-0.028502556423525095
PT--ZA,PT,ZA,8125.504330805197,10,8084.45,8164.5,8095.4375,8147.729100000524,153.7224139660692,23630.58055555555,7840.0,8241.0,7952.5,8174.125,221.625,39.5,0.019014579095185103,0,0,7986.929999999999,8168.73125,41.054330805197424,-41.054330805197424,-0.005052527096632431,-0.005065334268932762
RU--SA,RU,SA,3534.752218874367,10,3445.6,3525.0,3475.75,3524.75,167.39587144782806,28021.377777777776,3125.0,3525.0,3525.0,3525.0,0.0,0.0,0.04858250274199793,2,0,3326.8,3525.0,89.15221887436701,-89.15221887436701,-0.02522163177331771,-0.02554514846347864
RU--SE,RU,SE,1229.9731142543035,10,1232.5,1230.0,1231.875,1230.2965200063188,6.835365551469959,46.722222222222214,1225.0,1245.0,1230.0,1231.5,1.5,1.0,0.005545935538718019,3,0,1228.8975,1236.4,2.526885745696518,2.526885745696518,0.0020544235613056423,0.0020523161191132763
RU--SG,RU,SG,8423.25704331817,10,8412.0,8411.5,8411.875,8411.66738571429,2.211083193570267,4.88888888888889,8410.0,8415.0,8410.0,8414.25,4.25,1.5,0.0002628486915799176,0,0,8410.8,8413.2,11.257043318169963,-11.257043318169963,-0.001336424053104223,-0.0013373178641581931
RU--SN,RU,SN,6512.783222072082,10,6516.8,6560.5,6534.625,6541.421375257829,139.1025201465132,19349.51111111111,6231.0,6660.0,6450.0,6617.5,167.5,82.5,0.02134521853463559,0,0,6425.4275,6592.110000000001,4.016777927918156,4.016777927918156,0.0006167528982547946,0.0006165627843509005
RU--TH,RU,TH,7067.659230722097,10,7065.0,7065.0,7065.0,7065.0,0.0,0.0,7065.0,7065.0,7065.0,7065.0,0.0,0.0,0.0,0,0,7065.0,7065.0,2.6592307220971634,-2.6592307220971634,-0.00037625338677024355,-0.00037632418783578765
RU--TR,RU,TR,1794.0390917111781,10,1795.7,1796.0,1795.625,1795.6666666666667,0.6749485577105528,0.4555555555555555,1795.0,1797.0,1795.0,1796.0,1.0,0.5,0.00037586933101885217,0,0,1795.3,1796.1,1.660908288821929,1.660908288821929,0.0009257926967676791,0.0009253644150219554
RU--TZ,RU,TZ,6867.0776383606935,10,6908.63,6910.5,6910.7875,6912.278435714114,27.074221031166243,733.0134444444445,6855.0,6945.0,6903.325,6928.25,24.925000000000182,15.75,0.003918898686304845,1,0,6891.77875,6922.7635,41.55236163930658,41.55236163930658,0.006050952650831824,0.006032719153224607
RU--UA,RU,UA,758.4899016199972,10,755.45,755.5,755.4375,755.45,0.43779751788545657,0.19166666666666665,755.0,756.0,755.0,755.875,0.875,0.5,0.0005795188535117566,0,0,755.2,755.7,3.039901619997181,-3.039901619997181,-0.004007834004783058,-0.004015886895121468
RU--US,RU,US,7841.159346134234,10,7823.6,7825.0,7824.25,7824.625,2.7968235951204043,7.822222222222224,7817.0,7825.0,7824.25,7825.0,0.75,0.0,0.0003574855047702342,2,0,7821.9,7825.0,17.559346134233238,-17.559346134233238,-0.0022393813668498096,-0.0022418925309727364
RU--VN,RU,VN,6741.157984103333,10,6665.6,6728.5,6669.75,6723.99396000034,87.57371498089799,7669.155555555557,6558.0,6740.0,6565.75,6734.0,168.25,9.0,0.013138159352631119,0,0,6613.8975,6716.402499999999,75.55798410333227,-75.55798410333227,-0.011208457698441336,-0.011271745812906745
RU--ZA,RU,ZA,9069.35134739535,10,9206.3,9191.5,9198.875,9195.942000000448,33.7969426625151,1142.2333333333333,9180.0,9292.0,9186.25,9216.25,30.0,10.0,0.0036710668414580345,1,0,9189.5975,9229.2,136.9486526046494,136.9486526046494,0.015100159576900725,0.014987287011369371
SA--SE,SA,SE,4455.253572286667,10,4611.86,4615.0,4607.575,4606.364166808122,87.70700212766491,7692.5182222222165,4491.0,4767.0,4539.825000000001,4649.25,109.42499999999927,70.44999999999982,0.019017706983226922,0,0,4562.51,4664.9625,156.60642771333278,156.60642771333278,0.035150957217672855,0.03454726846613257
SA--SG,SA,SG,6650.377147627449,10,6838.5,6663.0,6802.25,6670.117528556638,320.89743948287696,102975.16666666669,6614.0,7353.0,6619.0,7098.5,479.5,46.5,0.04692512093044922,0,0,6646.797500000001,7036.7125,188.12285237255128,188.12285237255128,0.028287546434816097,0.027894842350940294
SA--SN,SA,SN,6769.35265921719,10,6733.4,6744.0,6737.375,6731.166666669776,155.63361533493403,24221.822222222214,6460.0,6975.0,6658.0,6802.75,144.75,82.0,0.023113674419302885,0,0,6644.165,6823.505,35.95265921719056,-35.95265921719056,-0.005311092659389995,-0.005325246649687988
SA--TH,SA,TH,5743.87829967849,10,5659.2,5651.0,5656.25,5652.263733333194,26.548906652524213,704.8444444444444,5630.0,5712.0,5642.25,5678.25,36.0,12.0,0.004691282628732721,0,0,5644.2,5674.702499999999,84.67829967849048,-84.67829967849048,-0.014742356167823104,-0.014852104670509847
SA--TR,SA,TR,2136.6388154460656,10,2052.65,2052.5,2053.1875,2053.1624142856103,9.116681901266979,83.1138888888889,2036.0,2065.0,2046.625,2060.25,13.625,6.5,0.004441420554535346,0,0,2047.44875,2057.7037499999997,83.98881544606547,-83.98881544606547,-0.039308850348921114,-0.0401023060049659
SA--TZ,SA,TZ,3613.574172900528,10,3605.15,3584.0,3600.0625,3600.193199998667,148.428817582331,22031.11388888889,3426.0,3825.0,3471.25,3703.25,232.0,128.0,0.04117132923243998,0,0,3512.1924999999997,3691.515,8.424172900527992,-8.424172900527992,-0.0023312577789889708,-0.0023339793910807337
SA--UA,SA,UA,3186.9350881907417,10,3143.5,3141.0,3142.375,3142.1300999998875,10.091250335480401,101.83333333333331,3133.0,3163.0,3135.25,3151.25,16.0,6.5,0.0032101957485224752,0,0,3138.3,3149.4,43.43508819074168,-43.43508819074168,-0.01362910978378297,-0.013722838702686603
SA--US,SA,US,10867.268528060538,10,10714.9,10733.0,10791.375,10792.257724955412,463.67216627459726,214991.87777777776,9656.0,11162.0,10684.0,11052.25,368.25,303.5,0.04327358783325997,1,0,10430.4425,10959.5625,152.36852806053867,-152.36852806053867,-0.01402086712655582,-0.014120088017806658
SA--VN,SA,VN,6031.190406332703,10,6511.1,6571.5,6520.75,6540.429200006303,136.77674428709645,18707.877777777772,6292.0,6653.0,6382.5,6620.25,237.75,74.0,0.021006703058944948,0,0,6422.389999999999,6587.845,479.9095936672975,479.9095936672975,0.07957128880616937,0.07656400751960954
SA--ZA,SA,ZA,5917.429203536842,10,6178.8,6153.0,6159.375,6159.374999999646,78.70168712013457,6193.955555555555,6123.0,6390.0,6135.0,6185.75,50.75,24.0,0.012737374105025985,1,0,6144.5825,6231.41,261.3707964631585,261.3707964631585,0.04416965331954245,0.043221979437873814
SE--SG,SE,SG,9642.063064390362,10,9651.2,9650.5,9650.625,9650.741300000005,5.329165037789691,28.4,9645.0,9662.0,9647.0,9654.5,7.5,4.5,0.0005521764172112992,0,0,9648.3975,9654.8,9.136935609638385,9.136935609638385,0.0009476120980148438,0.0009471633971111609
SE--SN,SE,SN,5745.792432019775,10,5742.3,5815.0,5754.375,5790.6813333213295,167.46611597574,28044.899999999998,5448.0,5940.0,5660.5,5849.5,189.0,60.0,0.029163595767504307,0,0,5637.995,5829.6175,3.4924320197751513,-3.4924320197751513,-0.0006078242576798903,-0.0006080090577317878
SE--TH,SE,TH,8272.314412775979,10,8290.5,8291.0,8290.625,8290.862114275962,3.3082388735465345,10.944444444444443,8285.0,8295.0,8288.5,8293.0,4.5,2.0,0.0003990397290328128,0,0,8288.5,8292.3,18.18558722402122,18.18558722402122,0.002198367508364397,0.0021959546341225626
SE--TR,SE,TR,2396.709100197568,10,2506.8,2486.5,2503.875,2491.166666664698,65.55709979348791,4297.733333333333,2414.0,2623.0,2480.75,2509.25,28.5,16.5,0.02615170727361094,3,0,2471.0975,2552.51,110.09089980243198,110.09089980243198,0.04593419359627618,0.04491045123180285
SE--TZ,SE,TZ,7432.885078261827,10,7327.5,7347.5,7335.625,7335.888285714512,94.75846488133219,8979.166666666666,7150.0,7440.0,7265.0,7407.5,142.5,70.0,0.012931895582576894,0,0,7271.975,7379.0125,105.3850782618274,-105.3850782618274,-0.01417821978306055,-0.01427969100388312
SE--UA,SE,UA,1268.7278771135018,10,1383.5,1463.0,1388.375,1462.4000000023948,102.8496745525019,10578.055555555557,1264.0,1464.0,1264.0,1463.0,199.0,0.5,0.07434020567582356,0,0,1323.7,1443.3,114.77212288649821,114.77212288649821,0.09046236388185752,0.08660179334673632
SE--US,SE,US,6652.678579380046,10,6578.451000000001,6621.15,6613.23875,6618.7237885703435,123.0428913879673,15139.553121111117,6236.5,6642.1,6591.75,6634.125,42.375,16.600000000000364,0.01870393066513185,1,0,6498.9632,6628.712,74.22757938004543,-74.22757938004543,-0.011157547819928284,-0.011220260170299076
SE--VN,SE,VN,7892.32864786669,10,8304.82,8343.1,8318.775,8322.68089599963,84.99916078017088,7224.85733333334,8113.0,8385.0,8255.0,8362.5,107.5,38.399999999999636,0.010234919092788392,0,0,8249.839,8349.324499999999,412.4913521333101,412.4913521333101,0.05226484736476442,0.05094483868043789
SE--ZA,SE,ZA,9472.211944742652,10,9597.9,9605.0,9597.75,9597.899999999881,32.68519882488437,1068.3222222222223,9553.0,9644.0,9569.0,9617.5,48.5,32.5,0.0034054531538028495,0,0,9578.6975,9616.3125,125.68805525734751,125.68805525734751,0.013269134600298715,0.013181870730207235
SG--SN,SG,SN,13335.9357376055,10,14193.8,14207.5,14191.375,14191.977455555256,97.32968029674538,9473.066666666666,14073.0,14334.0,14100.0,14249.25,149.25,83.5,0.006857196825145161,0,0,14137.995,14247.8,857.8642623944997,857.8642623944997,0.06432726426353727,0.06234292282172315
SG--TH,SG,TH,1425.9530991897677,10,1433.1,1433.0,1433.25,1433.25,1.286683937707919,1.6555555555555557,1430.0,1435.0,1433.0,1433.75,0.75,0.0,0.0008978326269680545,2,0,1432.3,1433.7,7.146900810232182,7.146900810232182,0.005012016744655262,0.004999498399411153
SG--TR,SG,TR,8304.654710456407,10,8310.539999999999,8293.5,8299.55,8293.041797142854,42.9809311723751,1847.3604444444456,8288.0,8421.0,8290.1,8295.0,4.899999999999636,3.300000000000182,0.005171857806156412,2,0,8291.078999999998,8336.4805,5.88528954359208,5.88528954359208,0.0007086735991782898,0.0007084226086165366
SG--TZ,SG,TZ,7613.028423154926,10,7696.5199999999995,7766.65,7696.9,7696.5200000067325,258.2423487088566,66689.11066666667,7395.0,7995.0,7415.625,7926.5,510.875,225.85000000000036,0.03355313163726679,0,0,7545.180249999999,7852.931250000001,83.49157684507372,83.49157684507372,0.01096693355184846,0.010907232828729962
SG--UA,SG,UA,8722.82379061632,10,8671.7,8693.5,8698.25,8698.250000003847,164.45198556282486,27044.455555555556,8273.0,8858.0,8619.25,8770.75,151.5,93.5,0.018964215270687968,1,0,8573.4775,8756.4075,51.12379061631873,-51.12379061631873,-0.005860922087101627,-0.0058781646956891425
SG--US,SG,US,15552.300405735941,10,15518.8,15512.5,15520.25,15520.154299999685,22.37458876096323,500.62222222222215,15481.0,15545.0,15505.0,15542.5,37.5,16.5,0.0014417731242727036,0,0,15506.0,15532.4025,33.50040573594197,-33.50040573594197,-0.002154048266942328,-0.0021563715658420328
SG--VN,SG,VN,2194.5074422305775,10,2202.7,2203.5,2203.0,2203.5,2.5841396591085743,6.677777777777779,2198.0,2205.0,2203.0,2204.0,1.0,0.5,0.001173169137471546,2,0,2201.1,2204.1,8.192557769422365,8.192557769422365,0.0037332102920986905,0.003726259157216918
SG--ZA,SG,ZA,8639.510334138995,10,8648.4,8646.25,8648.25,8646.92788333335,9.474527252938096,89.7666666666667,8635.0,8663.0,8642.375,8657.0,14.625,5.25,0.0010955237099276277,0,0,8642.948750000001,8654.25,8.889665861004687,8.889665861004687,0.001028954826974071,0.0010284258158106113
SN--TH,SN,TH,12510.120375362725,10,14038.9,14242.0,14084.375,14218.933033357784,676.6761000984477,457890.5444444444,12690.0,15024.0,13879.25,14376.75,497.5,146.5,0.04820007978534271,1,0,13607.3,14398.07,1528.7796246372745,1528.7796246372745,0.12220343040407781,0.11529410118630706
SN--TR,SN,TR,5615.258437383409,10,5732.9,5746.5,5739.125,5735.915155564599,204.85357914590824,41964.98888888889,5430.0,5986.0,5571.25,5917.75,346.5,186.0,0.035732976180625556,0,0,5616.3949999999995,5853.03,117.64156261659082,117.64156261659082,0.020950338070532207,0.02073389752014169
SN--TZ,SN,TZ,6312.069329382219,10,6072.9,6120.5,6093.0,6092.050724613048,142.875586904598,20413.433333333338,5780.0,6205.0,5976.25,6190.0,213.75,83.5,0.023526747831282915,0,0,5989.6,6149.21,239.16932938221908,-239.16932938221908,-0.037890795696571875,-0.03862731677217811
SN--UA,SN,UA,5842.247717044825,10,6030.55,6015.0,6027.5625,6019.77445744523,114.5455877223853,13120.691666666668,5852.0,6233.0,5959.25,6076.625,117.375,62.0,0.018994219055042293,0,0,5967.03625,6100.45875,188.30228295517554,188.30228295517554,0.032231136383656156,0.031722611345985086
SN--US,SN,US,6370.066844573844,10,6253.1,6260.0,6259.875,6259.145911110956,31.9111614050981,1018.3222222222224,6172.0,6280.0,6245.25,6274.5,29.25,18.0,0.005103254610528873,1,0,6230.095,6269.7,116.96684457384345,-116.96684457384345,-0.018361949321376157,-0.018532622401708897
SN--VN,SN,VN,12678.789553826642,10,13077.4,13071.0,13075.75,13074.457742798091,26.052084582833505,678.7111111111112,13045.0,13123.0,13056.25,13094.75,38.5,17.0,0.001992145578083832,0,0,13061.2,13092.1075,398.61044617335756,398.61044617335756,0.03143915627600674,0.03095506611422245
SN--ZA,SN,ZA,6672.5621271644495,10,6609.2,6627.0,6619.5,6621.320750000494,74.88776787819074,5608.177777777777,6448.0,6688.0,6572.5,6663.0,90.5,45.0,0.011330836996639646,0,0,6565.19,6649.405,63.3621271644497,-63.3621271644497,-0.009495921650020795,-0.009541295386102848
TH--TR,TH,TR,7141.388185297727,10,7470.4,7469.0,7469.375,7469.581499999943,11.918239989379488,142.0444444444444,7457.0,7492.0,7460.0,7477.75,17.75,10.0,0.0015953951581413966,0,0,7463.9975,7477.402499999999,329.0118147022722,329.0118147022722,0.046071128772921556,0.04504136406971653
TH--TZ,TH,TZ,7486.47678677552,10,7434.910000000001,7449.15,7431.2,7431.199999998244,128.34781260309816,16473.161000000004,7224.0,7675.5,7347.5,7507.35,159.85000000000036,88.75,0.01726286029058834,0,0,7357.139499999999,7506.508000000001,51.566786775519176,-51.566786775519176,-0.0068879912733596236,-0.006911822983371706
TH--UA,TH,UA,7426.114052483925,10,7433.2,7439.0,7433.875,7435.124360000094,12.191071414039959,148.62222222222223,7415.0,7446.0,7423.5,7442.25,18.75,7.0,0.00164008386886401,0,0,7425.695,7440.0,7.085947516075066,7.085947516075066,0.0009541931979491915,0.0009537382450052561
TH--US,TH,US,14169.831963403985,10,13868.1,13845.0,13858.75,13846.965200000002,51.36460086696111,2638.322222222222,13837.0,13974.0,13840.0,13854.0,14.0,8.0,0.0037037951029312674,2,0,13842.4,13903.1,301.731963403985,-301.731963403985,-0.0212939690592845,-0.02152395637387026
TH--VN,TH,VN,985.0733602712637,10,991.9,992.0,992.0,991.9,0.31622776601683794,0.1,991.0,992.0,992.0,992.0,0.0,0.0,0.00031881012805407596,1,0,991.7,992.0,6.826639728736268,6.826639728736268,0.006930082574617984,0.006906179920410344
TH--ZA,TH,ZA,8961.095963147978,10,9615.060000000001,9623.5,9616.875,9620.579871428909,26.426257985403605,698.3471111111078,9574.6,9641.0,9594.0,9636.5,42.5,15.5,0.0027484236172632933,0,0,9599.8775,9629.6025,653.9640368520231,653.9640368520231,0.07297813119527062,0.07043808244857412
TR--TZ,TR,TZ,5114.021496230008,10,4912.71,4842.0,4891.7625,4854.075650001142,137.81233979582524,18992.240999999998,4796.0,5197.0,4831.4,4947.0,115.60000000000036,25.75,0.028052203324809573,1,0,4840.969499999999,5010.56625,201.31149623000783,-201.31149623000783,-0.03936461674602114,-0.04016035589514399
TR--UA,TR,UA,1181.9288146082997,10,1118.9,1133.5,1122.0,1127.306914283959,38.87715696052546,1511.4333333333334,1055.0,1158.0,1086.0,1148.0,62.0,22.0,0.034745872696867866,0,0,1094.2975,1139.9025000000001,63.028814608299626,-63.028814608299626,-0.05332708182530253,-0.054801632811133066
TR--US,TR,US,8744.489174947264,10,8417.0,8426.5,8419.375,8421.871224999933,23.475755815545345,551.1111111111111,8375.0,8440.0,8408.0,8432.5,24.5,13.5,0.0027890882518171968,0,0,8402.4975,8429.0025,327.4891749472645,-327.4891749472645,-0.03745092119108712,-0.03817022314989406
TR--VN,TR,VN,7117.1512309835825,10,7169.342,7176.15,7161.59,7166.036666665106,89.63284787274019,8034.047417777785,7045.2,7355.5,7121.5,7194.4400000000005,72.94000000000051,47.649999999999636,0.01250224188952629,1,0,7121.814,7222.810499999999,52.19076901641711,52.19076901641711,0.007333098219019354,0.007306341779716717
TR--ZA,TR,ZA,7281.727679731044,10,7409.1,7411.0,7409.25,7408.166666666479,25.8691150044046,669.2111111111111,7363.0,7454.0,7396.0,7414.25,18.25,11.5,0.003491532710370301,2,0,7394.3,7424.907499999999,127.37232026895617,127.37232026895617,0.017492046650343943,0.017340821744204937
TZ--UA,TZ,UA,6293.284789300669,10,6377.1,6375.0,6385.75,6385.750000321465,142.3371974494994,20259.87777777778,6120.0,6565.0,6276.25,6506.25,230.0,101.0,0.022320051034090637,0,0,6293.295,6452.115000000001,83.81521069933115,83.81521069933115,0.013318197651221338,0.013230290110069584
TZ--US,TZ,US,12407.335072981457,10,12504.369999999999,12493.0,12493.3375,12495.228414288555,178.71352650416688,31938.524555555556,12250.0,12847.0,12416.0,12619.425,203.42499999999927,123.5,0.014292085607205072,0,0,12402.859999999999,12608.8175,97.03492701854157,97.03492701854157,0.007820771055812574,0.007790347347478954
TZ--VN,TZ,VN,8220.893096074053,10,8268.74,8292.75,8266.675,8266.674999995987,149.68024585762814,22404.176000000007,8029.0,8525.0,8150.1,8363.75,213.64999999999964,114.30000000000018,0.018101941270088084,0,0,8183.018749999999,8356.140249999999,47.84690392594712,47.84690392594712,0.00582015887650902,0.005803287184135816
TZ--ZA,TZ,ZA,2303.9398317562473,10,2437.0,2437.5,2437.0,2437.1108714285747,2.3570226039551585,5.555555555555556,2433.0,2441.0,2436.0,2438.0,2.0,1.5,0.0009671820287054405,0,0,2435.7,2438.3,133.06016824375274,133.06016824375274,0.05775331734350182,0.056147146839547635
UA--US,UA,US,7852.866380313801,10,7841.6,7843.0,7842.5,7842.666666666667,3.8930136855083823,15.155555555555559,7831.0,7845.0,7841.5,7843.0,1.5,0.0,0.0004964565503861945,1,0,7838.8,7843.2,11.266380313800255,-11.266380313800255,-0.0014346838171146942,-0.0014357139613475863
UA--VN,UA,VN,7204.7219267397495,10,7225.85,7220.0,7223.875,7223.131866666642,16.759822990314266,280.8916666666666,7202.5,7265.0,7217.75,7233.25,15.5,6.0,0.002319425810155797,1,0,7217.3,7237.0,21.128073260250858,21.128073260250858,0.0029325313974763833,0.0029282399151684363
UA--ZA,UA,ZA,8436.439872482457,10,8414.2,8353.5,8410.0,8413.046688889308,221.87123392734907,49226.844444444454,8175.0,8687.0,8231.25,8633.75,402.5,177.0,0.026368666531262516,0,0,8274.195000000002,8541.0025,22.23987248245612,-22.23987248245612,-0.0026361679593067434,-0.0026396487687395573
US--VN,US,VN,13362.734799118152,10,13198.3,13142.0,13175.75,13142.049057174123,127.58879261126346,16278.899999999996,13123.0,13454.0,13133.0,13152.0,19.0,9.0,0.009667062622554682,2,0,13136.0,13288.5025,164.43479911815302,-164.43479911815302,-0.012305475008678955,-0.01238181427333387
US--ZA,US,ZA,13024.504641792455,10,13054.0,13054.0,13056.5,13057.833333333298,47.12866549257587,2221.1111111111118,12965.0,13123.0,13047.25,13073.5,26.25,16.0,0.0036102853908821717,3,0,13026.4,13081.202500000001,29.495358207544996,29.495358207544996,0.0022646049902659325,0.0022620446371153756
VN--ZA,VN,ZA,9846.22426369883,10,10268.6,10243.0,10253.75,10241.324849781768,123.89350265449758,15349.599999999999,10141.0,10515.0,10172.0,10294.25,122.25,69.0,0.012065276927185554,1,0,10206.59,10345.705,422.37573630117004,422.37573630117004,0.04289722892646165,0.04200263705689153
