aggregation,algorithm,place_id,aligned_x,aligned_y,inferred_lat,inferred_lon,displacement_km
mean,spherical,AE,53.803128865831155,-23.747380840877497,23.747380840877497,53.80312886583118,98.32545841808872
mean,spherical,AO,11.580601444436127,9.929479328681893,-9.929479328681893,11.580601444436105,218.20998077438267
mean,spherical,AR,-57.77398789013901,33.74705562210332,-33.74705562210332,-57.773987890139026,110.98621238312968
mean,spherical,AT,16.351232179563482,-47.78195155560136,47.78195155560136,16.35123217956349,46.713724695445244
mean,spherical,AU,146.3159188322868,37.188069581719844,-37.188069581719844,146.3159188322868,329.40962909837504
mean,spherical,BD,89.64968983836593,-23.1842491426603,23.1842491426603,89.6496898383659,97.86465321429746
mean,spherical,BE,4.805026408142908,-50.99523824782618,50.99523824782618,4.805026408142908,37.67010282289866
mean,spherical,BF,-0.09811800994006603,-13.474934155108782,13.474934155108782,-0.09811800994007448,197.49240009687048
mean,spherical,BH,50.36077720722142,-25.888258137407977,25.888258137407977,50.36077720722142,44.60132130879479
mean,spherical,BO,-62.93133112436759,19.19713917839464,-19.19713917839464,-62.93133112436759,245.21646807727464
mean,spherical,BR,-46.219372981734864,16.367107807474667,-16.367107807474667,-46.21937298173487,192.82466607285116
mean,spherical,BW,23.878179570999094,23.43442489251907,-23.43442489251907,23.878179570999087,246.59707863476717
mean,spherical,CA,-75.3628672763074,-45.28332996046709,45.28332996046709,-75.36286727630738,30.4717820325366
mean,spherical,CD,14.708632741863738,4.796120934367371,-4.796120934367371,14.708632741863724,84.85309293098301
mean,spherical,CH,7.949800981605847,-47.38288985124421,47.38288985124421,7.94980098160587,63.40724761028707
mean,spherical,CI,-4.674054594298042,-8.135470167509352,8.135470167509352,-4.674054594298054,160.76525268767827
mean,spherical,CL,-68.63498380510741,34.40785285621564,-34.40785285621564,-68.63498380510741,215.88023503810354
mean,spherical,CM,10.396677327984406,-3.986825060055517,3.986825060055517,10.39667732798441,124.72134850365563
mean,spherical,CN,115.2330821983935,-39.641892645974714,39.641892645974714,115.23308219839352,103.64622509656162
mean,spherical,CO,-69.6579540672882,-2.4836195951236992,2.4836195951236992,-69.65795406728819,544.7017554791069
mean,spherical,CR,-81.35603142886059,-8.428377303864751,8.428377303864751,-81.35603142886058,343.4154343208211
mean,spherical,CU,-75.9497637401293,-21.084421819999097,21.084421819999097,-75.94976374012928,699.0916270263933
mean,spherical,CZ,14.471705836519192,-50.25360654252885,50.25360654252885,14.471705836519183,18.72472388061696
mean,spherical,DE,13.651778799940871,-52.35148380005505,52.35148380005505,13.651778799940871,25.674844240421983
mean,spherical,DJ,41.349581485472555,-10.726955465951084,10.726955465951084,41.349581485472555,218.64992102490226
mean,spherical,DK,12.6754884167365,-55.78304144511264,55.78304144511264,12.675488416736506,13.449219287037472
mean,spherical,DZ,3.2391403320247036,-36.23859917186114,36.23859917186114,3.2391403320247134,60.9615127818513
mean,spherical,EC,-74.74436563992383,1.289852283403527,-1.289852283403527,-74.74436563992384,434.6073413561225
mean,spherical,EG,31.1723490679465,-29.460640283414175,29.460640283414175,31.1723490679465,66.15041113592932
mean,spherical,ES,-3.0425303417510747,-40.6285442173834,40.6285442173834,-3.0425303417510867,59.892239212052125
mean,spherical,ET,36.97531608645599,-8.228825920086463,8.228825920086463,36.97531608645598,209.54480310155617
mean,spherical,FI,24.54753176657755,-60.402857438822956,60.402857438822956,24.547531766577567,32.821023725263466
mean,spherical,FJ,177.3773063587476,18.31451182863955,-18.31451182863955,177.3773063587476,114.21655248488793
mean,spherical,FR,2.7994382689486486,-48.99067235655761,48.99067235655761,2.799438268948659,36.786649221779214
mean,spherical,GB,-0.14447984494870525,-51.94201903023454,51.94201903023454,-0.14447984494870172,48.96680128086007
mean,spherical,GH,-0.6771192117812745,-7.071729775122252,7.071729775122252,-0.6771192117812743,176.4209481147177
mean,spherical,GR,23.315875982659236,-37.7112181335882,37.7112181335882,23.315875982659247,47.535148027386704
mean,spherical,GT,-85.28702974447003,-13.360016093813664,13.360016093813664,-85.28702974447005,582.7313141585767
mean,spherical,HU,19.417682535180546,-47.39358300458874,47.39358300458874,19.417682535180532,28.013440245739524
mean,spherical,IE,-5.4103952139038824,-53.513557705101576,53.513557705101576,-5.410395213903882,59.121081516811444
mean,spherical,IN,77.37701108691994,-27.478700443205458,27.478700443205458,77.37701108691994,125.89019301521367
mean,spherical,IQ,44.32148056618243,-32.99141835579936,32.99141835579936,44.32148056618243,39.37635315054041
mean,spherical,IR,50.63362931798525,-34.29391801352633,34.29391801352633,50.63362931798526,169.4368251296647
mean,spherical,IS,-18.759883375214287,-64.0020173866241,64.0020173866241,-18.759883375214272,155.93302612752615
mean,spherical,IT,12.855932021749112,-42.115176011075704,42.115176011075704,12.855932021749123,39.265573154225905
mean,spherical,JO,36.70536283048639,-31.43237326692455,31.43237326692455,36.7053628304864,93.27905679851823
mean,spherical,JP,138.74372342773376,-36.143256632662286,36.143256632662286,138.74372342773376,103.81450200297074
mean,spherical,KE,34.56730307233266,1.2973024827054593,-1.2973024827054593,34.56730307233264,249.84367998711497
mean,spherical,KH,105.81438993947069,-14.761532561869785,14.761532561869785,105.81438993947067,369.9395853630344
mean,spherical,KR,126.2612144945906,-37.77230463941907,37.77230463941907,126.26121449459058,68.68361931556893
mean,spherical,KW,47.932000821569545,-28.708908219573367,28.708908219573367,47.932000821569545,73.82121692869804
mean,spherical,LA,104.61935553377157,-20.03831999034321,20.03831999034321,104.61935553377158,313.2583588268519
mean,spherical,LB,34.86661962262326,-33.633133628290366,33.633133628290366,34.86661962262324,65.04091603531525
mean,spherical,MA,-6.3471793240545935,-34.69651583287759,34.69651583287759,-6.347179324054593,87.1032667760567
mean,spherical,MG,43.88050034168313,19.763725225365064,-19.763725225365064,43.88050034168314,392.8032501858863
mean,spherical,MN,107.00456188050134,-45.970398444394704,45.970398444394704,107.00456188050131,216.73994806846102
mean,spherical,MR,-13.107989017574198,-20.541439458565694,20.541439458565694,-13.107989017574221,406.2457564919323
mean,spherical,MX,-97.30137811038506,-19.547720772534777,19.547720772534777,-97.30137811038507,192.3256374819789
mean,spherical,MY,101.70602930152779,-3.982719834591499,3.982719834591499,101.7060293015278,90.52913115896712
mean,spherical,MZ,30.860978086272553,24.523996884571364,-24.523996884571364,30.86097808627256,235.3788642408277
mean,spherical,NA,16.706140643197045,22.20242766763779,-22.20242766763779,16.70614064319703,56.35829815115843
mean,spherical,NG,6.746420189527669,-9.522619822137173,9.522619822137173,6.746420189527659,98.91509944180164
mean,spherical,NL,5.168189745878919,-52.610225786712824,52.610225786712824,5.168189745878924,33.461938248546794
mean,spherical,NO,11.235037524862008,-59.91244812356385,59.91244812356385,11.235037524862001,27.15401179908325
mean,spherical,NP,85.2343865239784,-27.34491254968317,27.34491254968317,85.23438652397839,42.304171850856456
mean,spherical,NZ,173.46990980519104,41.77825063745935,-41.77825063745935,173.469909805191,121.55852264290456
mean,spherical,OM,56.86507468999079,-22.890592846371465,22.890592846371465,56.865074689990784,193.98931342091407
mean,spherical,PA,-77.47389198028715,-7.868643945363644,7.868643945363644,-77.47389198028715,257.6700794615427
mean,spherical,PE,-76.00331065663369,11.56544235388147,-11.56544235388147,-76.00331065663369,126.03475509552285
mean,spherical,PG,146.41630799054172,8.8740050913325,-8.8740050913325,146.41630799054172,107.58405792021541
mean,spherical,PH,120.2700239266349,-15.530784200792304,15.530784200792304,120.27002392663488,128.0133071521599
mean,spherical,PK,70.85049751255025,-30.178834451806324,30.178834451806324,70.85049751255026,448.4636756467833
mean,spherical,PL,20.241925712928037,-52.197269162663694,52.197269162663694,20.241925712928037,51.86068337283269
mean,spherical,PT,-7.867678346715081,-39.47698491872365,39.47698491872365,-7.867678346715056,138.4941558572477
mean,spherical,QA,51.90481600500772,-25.75982968690349,25.75982968690349,51.904816005007724,64.51108378307492
mean,spherical,RO,24.84299125023273,-44.69344389993417,44.69344389993417,24.84299125023271,103.48357505979729
mean,spherical,RS,20.18340097677148,-45.269743259770166,45.269743259770166,20.183400976771477,54.65752725427685
mean,spherical,RU,38.18503296323249,-55.384758578053955,55.384758578053955,38.185032963232494,54.56656791164956
mean,spherical,RW,27.98160558568864,2.3435532259824594,-2.3435532259824594,27.981605585688648,234.86562225415582
mean,spherical,SA,45.86349628332911,-24.923090694022587,24.923090694022587,45.86349628332913,96.75357357897423
mean,spherical,SB,161.4152765788446,9.926572886615297,-9.926572886615297,161.4152765788446,169.57388487075306
mean,spherical,SE,16.98067810994519,-59.266386264689196,59.266386264689196,16.98067810994517,63.98741587430238
mean,spherical,SG,104.22285700900403,-2.7573601779589305,2.7573601779589305,104.22285700900402,167.69931771918863
mean,spherical,SN,-16.70471061524549,-15.47776342913024,15.47776342913024,-16.704710615245496,118.242148181585
mean,spherical,TH,101.03691883278753,-14.614381466774374,14.614381466774374,101.03691883278753,111.20240227347922
mean,spherical,TN,9.6151708281092,-36.95500721521501,36.95500721521501,9.615170828109205,52.986821956398465
mean,spherical,TO,-175.1672991986916,20.34535753812055,-20.34535753812055,-175.1672991986916,88.36863503570045
mean,spherical,TR,32.88591266513444,-39.816321494801635,39.816321494801635,32.88591266513444,12.708534103044041
mean,spherical,TZ,33.30554445506871,4.930672022419843,-4.930672022419843,33.30554445506872,304.280441447746
mean,spherical,UA,29.813017489454808,-50.022796399962246,50.022796399962246,29.813017489454822,67.78770285340208
mean,spherical,UG,28.746268578696146,-0.9668868282046603,0.9668868282046603,28.746268578696156,432.466316888785
mean,spherical,US,-76.61542078925139,-39.16508526726321,39.16508526726321,-76.61542078925139,45.04057624296159
mean,spherical,UY,-54.66097159108813,33.21161415444675,-33.21161415444675,-54.66097159108813,229.88391087857428
mean,spherical,UZ,68.52755296765656,-40.44018697111699,40.44018697111699,68.52755296765659,116.50950178081497
mean,spherical,VN,106.37262368825554,-21.710201680313535,21.710201680313535,106.37262368825552,92.6421721526041
mean,spherical,VU,169.43580040774623,17.790452531230954,-17.790452531230954,169.43580040774626,118.68282074702569
mean,spherical,WS,-173.80791669447683,13.781443028837042,-13.781443028837042,-173.80791669447683,223.53956366782748
mean,spherical,ZA,26.274619904944046,26.58684026473494,-26.58684026473494,26.274619904944046,218.1991787657705
mean,spherical,ZM,25.974557466901246,14.076787829018265,-14.076787829018265,25.974557466901246,289.24347308704887
mean,spherical,ZW,27.94538273746292,17.97560206529062,-17.97560206529062,27.945382737462914,328.2270793778068
mean,classical,AE,48.74602876974361,-39.31676498055576,,,
mean,classical,AO,6.022051698361789,-30.401304810876727,,,
mean,classical,AR,-42.48467946074756,24.097415173468434,,,
mean,classical,AT,17.73932795687022,-44.69727748527756,,,
mean,classical,AU,68.73902813028565,59.28561923428241,,,
mean,classical,BD,78.22634836615372,-24.52410673304277,,,
mean,classical,BE,12.122619520095071,-42.623509275888395,,,
mean,classical,BF,-3.669232170773892,-48.155822652193855,,,
mean,classical,BH,44.60264315643809,-39.139203042541254,,,
mean,classical,BO,-46.304135870368825,20.328260891203364,,,
mean,classical,BR,-41.81028813787445,1.377222098265264,,,
mean,classical,BW,17.172945122658312,-23.395505731798096,,,
mean,classical,CA,-10.12681393421845,-0.5583303372453265,,,
mean,classical,CD,8.471271446410984,-35.1452128854492,,,
mean,classical,CH,12.496653066988957,-44.819411668214485,,,
mean,classical,CI,-8.9160627422584,-44.625193842880094,,,
mean,classical,CL,-40.122178085592765,35.06787717304568,,,
mean,classical,CM,4.38958135328026,-43.151453125509164,,,
mean,classical,CN,78.43075657140787,-12.552018755827572,,,
mean,classical,CO,-44.72199484296969,12.089299000173519,,,
mean,classical,CR,-36.702013238790855,23.432739896842385,,,
mean,classical,CU,-29.816073978034186,8.981103773949698,,,
mean,classical,CZ,17.27580576267183,-43.407950585563,,,
mean,classical,DE,17.60527340679073,-41.69661224209567,,,
mean,classical,DJ,36.10717800437607,-40.678824015473424,,,
mean,classical,DK,18.24643079356451,-39.34318620158854,,,
mean,classical,DZ,4.4838485187996255,-49.68557164245216,,,
mean,classical,EC,-44.70665151631813,20.88680113749919,,,
mean,classical,EG,26.583549754743032,-47.110171297411256,,,
mean,classical,ES,2.38915698843147,-47.99786656316121,,,
mean,classical,ET,31.069286848207653,-40.38887597974754,,,
mean,classical,FI,25.18564348643127,-35.37621744794533,,,
mean,classical,FJ,57.897259167402,81.32528586793212,,,
mean,classical,FR,9.979446051054758,-44.36287099893184,,,
mean,classical,GB,9.689384868204169,-41.62770878620256,,,
mean,classical,GH,-5.879022888820021,-45.731106525541975,,,
mean,classical,GR,20.174272040380643,-45.80781406765248,,,
mean,classical,GT,-30.788345859932473,23.015086231425336,,,
mean,classical,HU,19.740281217497238,-44.02794072447479,,,
mean,classical,IE,8.284076181858628,-40.0780779078243,,,
mean,classical,IN,69.00290076399169,-30.90764113511529,,,
mean,classical,IQ,38.2527418706971,-40.187724214226975,,,
mean,classical,IR,44.2164060556797,-39.91395715374067,,,
mean,classical,IS,10.487673427978006,-31.717048660446025,,,
mean,classical,IT,14.073818950076914,-46.45564868903617,,,
mean,classical,JO,32.28886481006484,-44.94096881276565,,,
mean,classical,JP,75.37145070099179,7.005776172401159,,,
mean,classical,KE,28.197619875405717,-36.987550668885916,,,
mean,classical,KH,89.60383619102316,-12.114381443034672,,,
mean,classical,KR,79.40391336284598,-3.6113940893088436,,,
mean,classical,KW,41.95721788756409,-39.37205459277304,,,
mean,classical,LA,89.92499858782557,-15.939492460869797,,,
mean,classical,LB,29.345432805854692,-45.040937795814244,,,
mean,classical,MA,-2.701726790312808,-48.94358124558666,,,
mean,classical,MG,36.91399372335253,-24.74969968968096,,,
mean,classical,MN,73.91442838970401,-17.923342963280685,,,
mean,classical,MR,-13.163450594486175,-49.64747262884035,,,
mean,classical,MX,-21.168249424586218,30.41886521390169,,,
mean,classical,MY,92.5180261293563,-13.296005313582887,,,
mean,classical,MZ,23.49174295842576,-22.364534517953896,,,
mean,classical,NA,11.01828003513083,-21.471156539224392,,,
mean,classical,NG,1.2430190369899528,-45.51983404977717,,,
mean,classical,NL,12.898867354626104,-42.236160180229724,,,
mean,classical,NO,18.907089147009017,-35.604859976788376,,,
mean,classical,NP,75.19949254233374,-28.143752445183196,,,
mean,classical,NZ,51.7384225532201,86.90997897552448,,,
mean,classical,OM,51.42697614265158,-38.25342132233846,,,
mean,classical,PA,-39.206555818897684,20.0208728389103,,,
mean,classical,PE,-48.887702497770945,28.675482687159537,,,
mean,classical,PG,82.72439148175992,43.8098928775371,,,
mean,classical,PH,93.48297727479431,-2.0221300806454963,,,
mean,classical,PK,62.32402114326868,-35.85857505313584,,,
mean,classical,PL,21.096215210156227,-41.31161773515308,,,
mean,classical,PT,-0.5249869182399003,-47.53288815646353,,,
mean,classical,QA,46.624975026726084,-39.33088456756988,,,
mean,classical,RO,22.09045838232911,-43.985483629081614,,,
mean,classical,RS,19.470802861387135,-44.938184516320135,,,
mean,classical,RU,32.720635934563596,-37.26251402678686,,,
mean,classical,RW,21.15752914710502,-37.32907520736841,,,
mean,classical,SA,40.3510601628641,-41.35269677853495,,,
mean,classical,SB,71.86465802844144,62.58745586092907,,,
mean,classical,SE,21.024605025353964,-37.22877028256272,,,
mean,classical,SG,92.837294273403,-10.219366141557266,,,
mean,classical,SN,-18.43325911248243,-46.58382786280347,,,
mean,classical,TH,87.93838412675697,-15.64042256038908,,,
mean,classical,TN,9.011362387682631,-48.81931390355535,,,
mean,classical,TO,49.535968533587535,89.83752949763128,,,
mean,classical,TR,28.184526117053345,-43.12005287530063,,,
mean,classical,TZ,26.495570089119223,-34.41115958689202,,,
mean,classical,UA,26.4513551106921,-40.40779275025463,,,
mean,classical,UG,22.165156013899107,-39.171415704083245,,,
mean,classical,US,-15.469402525160032,1.7875291520614098,,,
mean,classical,UY,-41.30270911215048,20.63568270592038,,,
mean,classical,UZ,56.65657495355359,-33.40590023680271,,,
mean,classical,VN,89.65318604534208,-15.324591629066038,,,
mean,classical,VU,65.62862383556177,74.4112012645688,,,
mean,classical,WS,47.69054048623656,83.40114064367962,,,
mean,classical,ZA,19.28297635280436,-16.75509727634078,,,
mean,classical,ZM,18.588575952823064,-28.510015741638647,,,
mean,classical,ZW,20.697406011612483,-23.335726164155773,,,
mean,metric,AE,44.900973938952106,-36.373045114110184,,,
mean,metric,AO,7.023138053985079,-53.70976623268255,,,
mean,metric,AR,-42.09315136229219,-9.878914208640882,,,
mean,metric,AT,19.866344334636143,-24.391025008191207,,,
mean,metric,AU,72.92288549415885,40.269115833773704,,,
mean,metric,BD,65.76418555804803,-22.575719713226732,,,
mean,metric,BE,14.484265868605066,-20.99266681548432,,,
mean,metric,BF,1.537930832562786,-41.50888553064571,,,
mean,metric,BH,42.274528469917215,-35.68345932635969,,,
mean,metric,BO,-38.15502990380655,-2.340487003751118,,,
mean,metric,BR,-33.654427771247924,-18.54511262494762,,,
mean,metric,BW,16.872885453249292,-63.45635948055812,,,
mean,metric,CA,-5.598583613065379,12.130598570018027,,,
mean,metric,CD,10.885843396052215,-52.59840490428031,,,
mean,metric,CH,15.204419698169314,-23.928949060167575,,,
mean,metric,CI,-2.91406483393105,-42.44158270922085,,,
mean,metric,CL,-42.52848621277464,2.545404042131743,,,
mean,metric,CM,8.230057054790061,-48.08296222717139,,,
mean,metric,CN,65.97199205106419,-2.688660775321784,,,
mean,metric,CO,-30.800962840962146,6.400729104281655,,,
mean,metric,CR,-25.973341047261027,17.87147397563944,,,
mean,metric,CU,-20.248383725793428,13.59954915500434,,,
mean,metric,CZ,19.23770140608923,-22.49064625271269,,,
mean,metric,DE,19.129808709870694,-20.880021638661784,,,
mean,metric,DJ,37.143291333813856,-46.11144080139743,,,
mean,metric,DK,19.336234551280583,-18.188535442035224,,,
mean,metric,DZ,9.74041013387268,-30.284690803500894,,,
mean,metric,EC,-32.361228796127676,10.976763087740949,,,
mean,metric,EG,28.784880768821026,-36.205109671938125,,,
mean,metric,ES,7.220751852296214,-26.71886743152886,,,
mean,metric,ET,33.441325447048925,-47.489125974174655,,,
mean,metric,FI,25.11953694985788,-15.233552073688378,,,
mean,metric,FJ,55.722234459529325,58.444134242092034,,,
mean,metric,FR,12.906511034573018,-22.25649629415658,,,
mean,metric,GB,12.39375593861575,-19.692472275713,,,
mean,metric,GH,-0.2927308851570629,-44.19845496058234,,,
mean,metric,GR,23.31493382118379,-30.926108464743187,,,
mean,metric,GT,-22.887043416392704,21.212282278960238,,,
mean,metric,HU,21.548506243963587,-24.6804451624985,,,
mean,metric,IE,10.592520824148659,-17.6313856431661,,,
mean,metric,IN,58.034749596052635,-27.038277077644835,,,
mean,metric,IQ,37.23711942270167,-32.09306023378651,,,
mean,metric,IR,41.02296082967272,-30.861514117514858,,,
mean,metric,IS,11.334889987471296,-7.493220327481545,,,
mean,metric,IT,16.957708784974553,-27.962930599113204,,,
mean,metric,JO,32.57178678968466,-34.572746745315634,,,
mean,metric,JP,67.37499725234598,11.917471416854912,,,
mean,metric,KE,30.71888638266534,-52.88555650729833,,,
mean,metric,KH,74.8447977584565,-12.853954999676429,,,
mean,metric,KR,67.57907868822348,3.9884147881356995,,,
mean,metric,KW,40.2177456505714,-34.273121886864814,,,
mean,metric,LA,72.59780281304685,-13.36310282705118,,,
mean,metric,LB,31.403652294598935,-33.14907634506305,,,
mean,metric,MA,3.4505667161261577,-29.42052333529154,,,
mean,metric,MG,39.06487461546706,-61.22362671033861,,,
mean,metric,MN,60.59667842804778,-5.525508093109478,,,
mean,metric,MR,-5.511204782408978,-35.293541820398694,,,
mean,metric,MX,-16.456153403309106,29.694399701044908,,,
mean,metric,MY,77.68237450324379,-18.214770394746225,,,
mean,metric,MZ,24.74956764967706,-64.64703824891808,,,
mean,metric,NA,9.594432811855615,-60.58087792320803,,,
mean,metric,NG,6.025802664889959,-44.11515157324839,,,
mean,metric,NL,15.072508932287418,-19.961089707732697,,,
mean,metric,NO,19.598375682140468,-14.93064588897507,,,
mean,metric,NP,61.95977066142392,-23.36200864919959,,,
mean,metric,NZ,53.14103264138723,60.5702061900829,,,
mean,metric,OM,47.047081473480155,-35.86798128622567,,,
mean,metric,PA,-26.943144382767212,14.301849614405853,,,
mean,metric,PE,-37.37120164591691,10.564152578092813,,,
mean,metric,PG,77.25537909542673,29.92020482035963,,,
mean,metric,PH,77.91474408349816,-1.4159673595244762,,,
mean,metric,PK,53.92947037712708,-28.371019991410854,,,
mean,metric,PL,22.437403680899195,-21.287198162572505,,,
mean,metric,PT,4.233467126970687,-26.05667049768132,,,
mean,metric,QA,43.33204999116373,-35.67941864645097,,,
mean,metric,RO,24.61012144017233,-26.528531545452367,,,
mean,metric,RS,21.829061323870782,-26.231782831542567,,,
mean,metric,RU,31.167022729675057,-18.785007561523376,,,
mean,metric,RW,24.401633939394788,-53.34878683000583,,,
mean,metric,SA,39.49829513833515,-36.94830567081454,,,
mean,metric,SB,67.8801632895216,44.18676323433046,,,
mean,metric,SE,21.888878129750672,-15.885075557812259,,,
mean,metric,SG,78.99456719033672,-15.955058848162032,,,
mean,metric,SN,-9.289534255486739,-35.845174320260185,,,
mean,metric,TH,73.26874431459218,-16.25877927012974,,,
mean,metric,TN,14.020075643982052,-30.753890425441444,,,
mean,metric,TO,46.22393973714422,63.2768079702287,,,
mean,metric,TR,29.47252664503941,-29.27211577906927,,,
mean,metric,TZ,29.085949706687337,-54.40791880462041,,,
mean,metric,UA,27.325811442665938,-22.6945899891856,,,
mean,metric,UG,25.322286455378016,-51.679855046693305,,,
mean,metric,US,-9.635608030675048,13.203741946601458,,,
mean,metric,UY,-41.19884749249621,-12.290638164961766,,,
mean,metric,UZ,49.49671298580532,-23.820334672328332,,,
mean,metric,VN,72.19586271003713,-11.222605560421028,,,
mean,metric,VU,63.474534924424674,52.870879581320295,,,
mean,metric,WS,43.49163746315293,61.31070455612719,,,
mean,metric,ZA,18.826483412610454,-64.14542297223537,,,
mean,metric,ZM,20.798757475485544,-58.64763691620041,,,
mean,metric,ZW,22.198107239074528,-60.08909733926701,,,
mean,nonmetric,AE,44.88120145147225,-39.60352792098624,,,
mean,nonmetric,AO,4.194142421718592,-52.51677794628316,,,
mean,nonmetric,AR,-41.91782094665783,-6.931659737251886,,,
mean,nonmetric,AT,22.31715224718205,-24.901986199116465,,,
mean,nonmetric,AU,65.49333639356489,43.227450662062836,,,
mean,nonmetric,BD,64.84918891452685,-23.006011628106705,,,
mean,nonmetric,BE,16.614353143549835,-21.079184498317463,,,
mean,nonmetric,BF,1.9162567741076515,-38.92832967663374,,,
mean,nonmetric,BH,42.58276821378408,-38.76514420733743,,,
mean,nonmetric,BO,-36.921671456845104,1.5938181677009098,,,
mean,nonmetric,BR,-32.921693296784014,-15.055418565758032,,,
mean,nonmetric,BW,12.24804782061099,-63.947365656418015,,,
mean,nonmetric,CA,-7.471513426348231,12.640810250388732,,,
mean,nonmetric,CD,8.610138068414626,-51.95930182068288,,,
mean,nonmetric,CH,17.35218524709779,-23.897016829125388,,,
mean,nonmetric,CI,-3.2356751811452966,-39.13099913128703,,,
mean,nonmetric,CL,-41.1063407053838,7.119705466595882,,,
mean,nonmetric,CM,7.114339401143152,-46.53575425133084,,,
mean,nonmetric,CN,66.4510823030579,-3.1284276831562217,,,
mean,nonmetric,CO,-29.518879756769447,9.374553628571608,,,
mean,nonmetric,CR,-25.328052119074062,20.595967450074646,,,
mean,nonmetric,CU,-20.055399471679987,15.68935990798083,,,
mean,nonmetric,CZ,21.703381659976756,-23.02992446920148,,,
mean,nonmetric,DE,21.544820870197807,-21.665387064354647,,,
mean,nonmetric,DJ,36.38641105178755,-48.07505021958636,,,
mean,nonmetric,DK,21.858136230466215,-18.97487767270669,,,
mean,nonmetric,DZ,11.0698979736982,-29.357339542515327,,,
mean,nonmetric,EC,-30.787067149750616,14.4213645271048,,,
mean,nonmetric,EG,29.80758709367653,-37.65890847103525,,,
mean,nonmetric,ES,8.819575787842577,-25.17829779475354,,,
mean,nonmetric,ET,32.60928860410068,-49.13978511051273,,,
mean,nonmetric,FI,27.763961152382652,-16.995834867175176,,,
mean,nonmetric,FJ,53.1983639726584,54.24276258280551,,,
mean,nonmetric,FR,14.767331497894823,-21.81322773055364,,,
mean,nonmetric,GB,14.444214628586758,-19.06593009085289,,,
mean,nonmetric,GH,-0.7815906445254406,-41.07731931561179,,,
mean,nonmetric,GR,25.293721513781794,-32.14657708698162,,,
mean,nonmetric,GT,-22.65779457218181,23.898557532320083,,,
mean,nonmetric,HU,23.71979814313297,-25.797211813478995,,,
mean,nonmetric,IE,12.499685842604388,-16.732737431765212,,,
mean,nonmetric,IN,57.38592806192652,-28.78132717454651,,,
mean,nonmetric,IQ,38.203224144217856,-35.169832317733295,,,
mean,nonmetric,IR,41.856084013776,-33.96330316314574,,,
mean,nonmetric,IS,13.348354078800147,-6.91444888777899,,,
mean,nonmetric,IT,18.819877131906665,-28.45007592141046,,,
mean,nonmetric,JO,33.77227686027342,-36.77277108256027,,,
mean,nonmetric,JP,69.69042594318476,12.092292970719491,,,
mean,nonmetric,KE,29.315528123036977,-54.21639007990687,,,
mean,nonmetric,KH,74.12893715662115,-10.881539528922453,,,
mean,nonmetric,KR,68.94285263328815,4.183639828533963,,,
mean,nonmetric,KW,40.95647556099823,-37.454397909549755,,,
mean,nonmetric,LA,71.5893208610104,-12.099768596995208,,,
mean,nonmetric,LB,32.63644244796102,-35.1139971056118,,,
mean,nonmetric,MA,4.730193937742733,-27.098463309726178,,,
mean,nonmetric,MG,35.139006994531485,-64.03039108039735,,,
mean,nonmetric,MN,60.92463701840789,-6.748152634503892,,,
mean,nonmetric,MR,-4.658302576351055,-31.270808620092726,,,
mean,nonmetric,MX,-17.440927901606425,31.65135967039155,,,
mean,nonmetric,MY,76.67308457589951,-15.325101155412753,,,
mean,nonmetric,MZ,19.415417111483396,-65.96752736949895,,,
mean,nonmetric,NA,4.678899067170612,-59.9040838610935,,,
mean,nonmetric,NG,5.413875954093896,-42.00147837950837,,,
mean,nonmetric,NL,17.161783105141847,-20.016012900430816,,,
mean,nonmetric,NO,22.18315401623842,-16.0922215903176,,,
mean,nonmetric,NP,60.99669698564428,-24.541543740567803,,,
mean,nonmetric,NZ,48.83881705032188,56.8082449754623,,,
mean,nonmetric,OM,46.92571284802863,-38.449061215152796,,,
mean,nonmetric,PA,-25.97415426648114,16.868579245664165,,,
mean,nonmetric,PE,-35.46257925656356,14.802243150093723,,,
mean,nonmetric,PG,74.98313147352839,32.557094634578355,,,
mean,nonmetric,PH,77.45844383839014,1.5356485812452014,,,
mean,nonmetric,PK,53.493460405965905,-30.545558658249725,,,
mean,nonmetric,PL,24.70834102075047,-22.637253577090032,,,
mean,nonmetric,PT,5.969251005093291,-23.84951841096264,,,
mean,nonmetric,QA,43.506055519683585,-38.73248611107405,,,
mean,nonmetric,RO,26.81348593779829,-28.059870997591815,,,
mean,nonmetric,RS,23.950713504005325,-27.478888096302313,,,
mean,nonmetric,RU,33.77855400675023,-21.731434297785306,,,
mean,nonmetric,RW,22.63535372334699,-53.80203753703139,,,
mean,nonmetric,SA,40.005156412945375,-39.34952793934909,,,
mean,nonmetric,SB,68.44944299446915,42.741305686875116,,,
mean,nonmetric,SE,24.44807025384125,-17.14438029118648,,,
mean,nonmetric,SG,78.23110561298623,-12.221528856791892,,,
mean,nonmetric,SN,-8.579110492761377,-31.299919408711204,,,
mean,nonmetric,TH,72.36156037240787,-14.971540745604623,,,
mean,nonmetric,TN,15.497283901594011,-30.400186145540406,,,
mean,nonmetric,TO,43.851278497140015,57.57669994508315,,,
mean,nonmetric,TR,31.24405909125904,-31.171694992125403,,,
mean,nonmetric,TZ,26.981100630718096,-55.51061407850607,,,
mean,nonmetric,UA,29.779299076683042,-24.821938821558973,,,
mean,nonmetric,UG,23.79431080293208,-52.37860781176904,,,
mean,nonmetric,US,-11.021022477168938,13.889092192212225,,,
mean,nonmetric,UY,-40.86939417180767,-8.787156237512596,,,
mean,nonmetric,UZ,50.122580864191356,-27.41070245078444,,,
mean,nonmetric,VN,71.01793936794728,-9.417666333081117,,,
mean,nonmetric,VU,60.911378619396416,50.23032382808388,,,
mean,nonmetric,WS,41.91921966924986,56.899686020935434,,,
mean,nonmetric,ZA,13.481542612930046,-65.13027603731352,,,
mean,nonmetric,ZM,17.456091109778647,-59.42885891880276,,,
mean,nonmetric,ZW,18.135061439377242,-61.23881709301882,,,
median,spherical,AE,53.815668343938285,-23.78311221450988,23.78311221450988,53.815668343938285,94.3572764818884
median,spherical,AO,11.675976840427637,9.987814416444769,-9.987814416444769,11.675976840427643,213.41686303064424
median,spherical,AR,-57.76817041707034,33.72832744024187,-33.72832744024187,-57.768170417070344,113.04940871976761
median,spherical,AT,16.318828663725867,-47.7931791429383,47.7931791429383,16.318828663725878,45.58245701032515
median,spherical,AU,146.2280686884693,37.33089886978249,-37.33089886978249,146.2280686884693,345.5454849572117
median,spherical,BD,89.5243923241697,-23.128491749855403,23.128491749855403,89.52439232416971,111.8125489157564
median,spherical,BE,4.696075474160182,-50.94572760576403,50.94572760576403,4.69607547416018,28.37731622653235
median,spherical,BF,-0.022211347623937172,-13.484920530347667,13.484920530347667,-0.022211347623930622,204.6720356922323
median,spherical,BH,50.37083008238227,-25.844550748729407,25.844550748729407,50.370830082382255,48.43014251675035
median,spherical,BO,-62.942073984543654,19.12319457377361,-19.12319457377361,-62.94207398454365,243.69825841744822
median,spherical,BR,-46.121203182185866,16.401966055041292,-16.401966055041292,-46.121203182185866,203.99056064765838
median,spherical,BW,23.997228923104245,23.502260383577465,-23.502260383577465,23.99722892310426,232.3086728778968
median,spherical,CA,-75.35631845218067,-45.27113664473405,45.27113664473405,-75.35631845218067,31.60233167293927
median,spherical,CD,14.655771798751147,4.737003341860309,-4.737003341860309,14.655771798751138,85.89767935786516
median,spherical,CH,7.929019148742668,-47.378611882111365,47.378611882111365,7.929019148742687,62.12242413577896
median,spherical,CI,-4.677349644759175,-8.131067440703863,8.131067440703863,-4.677349644759195,160.16963403916122
median,spherical,CL,-68.5218786686484,34.44731836749297,-34.44731836749297,-68.52187866864838,227.0835424130165
median,spherical,CM,10.404340581136381,-3.994330341426668,3.994330341426668,10.4043405811364,123.9667517716537
median,spherical,CN,115.26782418315202,-39.602420290849196,39.602420290849196,115.26782418315199,102.33690619978371
median,spherical,CO,-69.6492360078956,-2.5481677292303453,2.5481677292303453,-69.64923600789558,542.5055910122599
median,spherical,CR,-81.4080630628742,-8.369531061365068,8.369531061365068,-81.4080630628742,341.7541388898809
median,spherical,CU,-75.90073346265547,-21.020050477115035,21.020050477115035,-75.90073346265545,706.3573887765941
median,spherical,CZ,14.492942568362054,-50.28457745621427,50.28457745621427,14.492942568362052,22.255943752764445
median,spherical,DE,13.631098102385835,-52.354313149457006,52.354313149457006,13.631098102385833,24.520684165839192
median,spherical,DJ,41.45922707217923,-10.750606237758124,10.750606237758124,41.459227072179246,206.77033035732435
median,spherical,DK,12.587483999546919,-55.74678895649227,55.74678895649227,12.58748399954691,7.546942481666181
median,spherical,DZ,3.3100105181070205,-36.23466329867747,36.23466329867747,3.3100105181070054,63.43219344676779
median,spherical,EC,-74.76632182000576,1.1688076355290942,-1.1688076355290942,-74.76632182000574,428.73459440504354
median,spherical,EG,31.108270794701696,-29.38206644654402,29.38206644654402,31.108270794701717,75.69566190368384
median,spherical,ES,-3.119215399546505,-40.60817701162028,40.60817701162028,-3.119215399546513,53.06937436117625
median,spherical,ET,36.89451940602504,-8.238835766562863,8.238835766562863,36.894519406025054,217.1472837585977
median,spherical,FI,24.514564154085747,-60.43750514673076,60.43750514673076,24.514564154085743,36.944548906715035
median,spherical,FJ,177.397906116554,18.10799606069057,-18.10799606069057,177.397906116554,110.34412223114774
median,spherical,FR,2.792535153047311,-48.95681510415114,48.95681510415114,2.792535153047314,35.09697830800714
median,spherical,GB,-0.1637563542545024,-51.96421073826361,51.96421073826361,-0.16375635425449522,51.49581597535503
median,spherical,GH,-0.7597487079450218,-7.055128033913326,7.055128033913326,-0.7597487079450305,177.5183107751076
median,spherical,GR,23.306861259180153,-37.67400368549536,37.67400368549536,23.306861259180174,50.87233727869002
median,spherical,GT,-85.28528441243998,-13.336625650557666,13.336625650557666,-85.28528441243999,583.5735957882009
median,spherical,HU,19.418617211826017,-47.414501865974245,47.414501865974245,19.418617211826007,27.155275292359054
median,spherical,IE,-5.371627705736159,-53.502478936845996,53.502478936845996,-5.371627705736137,61.16758711244963
median,spherical,IN,77.30431285678668,-27.365514852720562,27.365514852720562,77.30431285678671,137.65298155607582
median,spherical,IQ,44.3510132984199,-32.99324790993027,32.99324790993027,44.351013298419915,38.81042793757076
median,spherical,IR,50.5802459500041,-34.256624771241945,34.256624771241945,50.58024595000409,175.28214198679171
median,spherical,IS,-18.690314617254472,-63.94515145523561,63.94515145523561,-18.690314617254476,160.23176939583612
median,spherical,IT,12.880142550887513,-42.132443068969,42.132443068969,12.880142550887522,42.02128969606906
median,spherical,JO,36.76835474640035,-31.47389430946295,31.47389430946295,36.768354746400355,95.36464935190837
median,spherical,JP,138.7758503599308,-36.205831602568004,36.205831602568004,138.77585035993084,104.92910891617335
median,spherical,KE,34.52713872972549,1.2810749606061285,-1.2810749606061285,34.52713872972548,254.3031807328601
median,spherical,KH,105.92625714934127,-14.823981480803816,14.823981480803816,105.92625714934128,379.95083128775053
median,spherical,KR,126.32669573447515,-37.748537688302555,37.748537688302555,126.32669573447518,62.38264985671503
median,spherical,KW,47.862495701423086,-28.682954259978505,28.682954259978505,47.86249570142307,77.37711816121521
median,spherical,LA,104.6060193502799,-20.091925367099627,20.091925367099627,104.60601935027987,316.70882487653785
median,spherical,LB,34.826565051161936,-33.62560562360554,33.62560562360554,34.82656505116192,68.76701105584016
median,spherical,MA,-6.29658639916434,-34.621490099312474,34.621490099312474,-6.296586399164344,82.77771884235054
median,spherical,MG,43.765508037979544,19.673140086566086,-19.673140086566086,43.76550803797955,402.4003498648567
median,spherical,MN,107.07979646606861,-45.902018778229305,45.902018778229305,107.07979646606863,224.5864149125882
median,spherical,MR,-13.095276221672378,-20.64009977407564,20.64009977407564,-13.095276221672385,414.60000254484913
median,spherical,MX,-97.18314164093016,-19.59700623716757,19.59700623716757,-97.18314164093016,205.0477013214153
median,spherical,MY,101.75435239444084,-3.9646714839949313,3.9646714839949313,101.75435239444086,88.7382583249153
median,spherical,MZ,30.883047098433877,24.55778104067135,-24.55778104067135,30.88304709843386,231.19119247184412
median,spherical,NA,16.78833528243871,22.2570120332518,-22.2570120332518,16.78833528243873,46.17534755370976
median,spherical,NG,6.689642412907574,-9.576336921145087,9.576336921145087,6.689642412907557,107.29219607376464
median,spherical,NL,5.125163387358725,-52.618506164030386,52.618506164030386,5.12516338735874,32.89155039015637
median,spherical,NO,11.247869815136454,-59.88897185620021,59.88897185620021,11.247869815136447,28.064914566464275
median,spherical,NP,85.31232284599798,-27.425050129194926,27.425050129194926,85.31232284599795,32.6463648653104
median,spherical,NZ,173.5409440228284,41.65511497430542,-41.65511497430542,173.5409440228284,110.77270841296702
median,spherical,OM,56.87100440042943,-22.934525643350373,22.934525643350373,56.87100440042941,191.43370754461384
median,spherical,PA,-77.612658461148,-7.92745692318387,7.92745692318387,-77.612658461148,241.12332016004072
median,spherical,PE,-75.98317817141046,11.57787991850833,-11.57787991850833,-75.98317817141046,127.44911233494288
median,spherical,PG,146.40262863500527,8.853450970816253,-8.853450970816253,146.4026286350053,110.17429003836047
median,spherical,PH,120.12892606186637,-15.364654676120079,15.364654676120079,120.12892606186635,124.40507406987038
median,spherical,PK,70.90860993333939,-30.197405560249756,30.197405560249756,70.90860993333938,443.9979439767564
median,spherical,PL,20.134881841442365,-52.19698940198881,52.19698940198881,20.134881841442358,59.111102870919865
median,spherical,PT,-8.027759322423407,-39.866482363681136,39.866482363681136,-8.027759322423409,159.3487496987659
median,spherical,QA,51.93948243937666,-25.747439216327166,25.747439216327166,51.93948243937667,65.50133540537504
median,spherical,RO,24.77696167372804,-44.64020968594296,44.64020968594296,24.776961673728035,107.1523970711059
median,spherical,RS,20.17704302921257,-45.291253830007506,45.291253830007506,20.17704302921255,57.0466594864643
median,spherical,RU,38.280801831334145,-55.402027283492224,55.402027283492224,38.28080183133416,57.372306933285195
median,spherical,RW,28.02448411520092,2.3122008339419238,-2.3122008339419238,28.02448411520092,229.55339050707286
median,spherical,SA,45.94947572301351,-24.94849693213563,24.94849693213563,45.94947572301351,89.60573765723738
median,spherical,SB,161.25496564043118,10.037940095645764,-10.037940095645764,161.25496564043118,157.83145155469077
median,spherical,SE,17.160195219683118,-59.220452789397626,59.220452789397626,17.160195219683114,55.109571653045066
median,spherical,SG,104.32457338167586,-2.90614292711933,2.90614292711933,104.32457338167583,186.6320522799092
median,spherical,SN,-16.682373411746454,-15.486341167003525,15.486341167003525,-16.682373411746443,120.60441658569265
median,spherical,TH,101.07303000666269,-14.699984927675798,14.699984927675798,101.07303000666266,121.38505760358744
median,spherical,TN,9.610191959207157,-36.992607146620315,36.992607146620315,9.610191959207171,54.863714110387846
median,spherical,TO,-175.1175460730117,20.246928833040286,-20.246928833040286,-175.1175460730117,99.71713192872028
median,spherical,TR,32.944719615234675,-39.74805853082663,39.74805853082663,32.944719615234675,21.33015344241661
median,spherical,TZ,33.29192918144264,4.9976087634281114,-4.9976087634281114,33.29192918144265,302.28788769714606
median,spherical,UA,29.776223219636165,-49.97539987502776,49.97539987502776,29.77622321963616,73.32992577407582
median,spherical,UG,28.83956019083533,-0.9546404427232036,0.9546404427232036,28.839560190835325,422.01233879632497
median,spherical,US,-76.6503712941694,-39.17405466606067,39.17405466606067,-76.65037129416942,43.48127550679176
median,spherical,UY,-54.617769701417245,33.19477102690607,-33.19477102690607,-54.617769701417245,233.80341043395373
median,spherical,UZ,68.4177229934242,-40.4618879043608,40.4618879043608,68.41772299342423,119.9311969890444
median,spherical,VN,106.34601546769613,-21.71059470046329,21.71059470046329,106.34601546769615,91.09013462965882
median,spherical,VU,169.4369900810409,17.69645594699998,-17.69645594699998,169.4369900810409,118.74085714517145
median,spherical,WS,-173.98403392887565,13.84967148701288,-13.84967148701288,-173.98403392887565,242.42275366486172
median,spherical,ZA,26.217708259936842,26.64011428028853,-26.64011428028853,26.217708259936845,225.9114543133679
median,spherical,ZM,25.976802501334475,14.129096112420386,-14.129096112420386,25.97680250133446,286.06082059834836
median,spherical,ZW,27.919388230744886,17.878843523689333,-17.878843523689333,27.919388230744865,330.6608694380209
median,classical,AE,48.7154744494003,-39.39987100061491,,,
median,classical,AO,6.126753955560872,-30.149899070165567,,,
median,classical,AR,-42.60020548785286,24.117351124430286,,,
median,classical,AT,17.69828210361196,-44.81575079606948,,,
median,classical,AU,68.81339577899723,59.234555839285605,,,
median,classical,BD,78.08389218482726,-24.648643849450227,,,
median,classical,BE,12.025842946495747,-42.775149487171994,,,
median,classical,BF,-3.5946130317571168,-48.108766098878675,,,
median,classical,BH,44.638621409128305,-39.29307040530415,,,
median,classical,BO,-46.48071649506218,20.34423139775801,,,
median,classical,BR,-41.77061502322708,1.3425168630459083,,,
median,classical,BW,17.302527560625144,-23.228965098660634,,,
median,classical,CA,-10.12407952940234,-0.5853468349245752,,,
median,classical,CD,8.373741143493781,-35.35976971453954,,,
median,classical,CH,12.44740122136347,-44.89559590804919,,,
median,classical,CI,-8.938364151199703,-44.67222977063429,,,
median,classical,CL,-40.12197835867153,35.06811611263208,,,
median,classical,CM,4.385935459645797,-43.308328332546395,,,
median,classical,CN,78.45124399542763,-12.525688357192497,,,
median,classical,CO,-44.72277913618312,11.898960719110047,,,
median,classical,CR,-36.84504795539465,23.50039354022465,,,
median,classical,CU,-30.020057672930466,8.825602008483838,,,
median,classical,CZ,17.282700546605177,-43.41418024329104,,,
median,classical,DE,17.62058861231239,-41.58929906424723,,,
median,classical,DJ,36.2173055046137,-40.61877333406109,,,
median,classical,DK,18.17924557634197,-39.38904206356791,,,
median,classical,DZ,4.5765489253204095,-49.59385484525936,,,
median,classical,EC,-44.640787189009885,20.86059751662551,,,
median,classical,EG,26.461767614508204,-47.10649816781198,,,
median,classical,ES,2.34006531066796,-48.031992222959715,,,
median,classical,ET,30.984952674975986,-40.49757156652201,,,
median,classical,FI,25.196104048566415,-35.343247479048244,,,
median,classical,FJ,57.83007788239293,81.27101406309811,,,
median,classical,FR,9.913966042692413,-44.55787331055638,,,
median,classical,GB,9.68403279786533,-41.55195711755785,,,
median,classical,GH,-6.158160571381067,-46.01614961410047,,,
median,classical,GR,20.143809031601354,-45.86341566370932,,,
median,classical,GT,-30.740859315528905,23.07516204807228,,,
median,classical,HU,19.764920203146886,-44.04875476975357,,,
median,classical,IE,8.290439528466676,-40.180150417574154,,,
median,classical,IN,69.15773657683586,-31.088625601767205,,,
median,classical,IQ,38.30357606576494,-40.1578184975413,,,
median,classical,IR,44.170267470148985,-39.657038287543585,,,
median,classical,IS,10.448318253215012,-31.950589862348117,,,
median,classical,IT,14.113049096947845,-46.38828437738578,,,
median,classical,JO,32.36467681940249,-44.85736501983581,,,
median,classical,JP,75.30501085107728,6.993723769217141,,,
median,classical,KE,28.196415260621265,-37.31928794506609,,,
median,classical,KH,89.66101152091747,-12.032437902631733,,,
median,classical,KR,79.45862966204064,-3.582705358077071,,,
median,classical,KW,41.906032622711436,-39.53239607943668,,,
median,classical,LA,89.96261608388755,-15.972368033724376,,,
median,classical,LB,29.243707271967097,-45.062423205446365,,,
median,classical,MA,-2.684466824437937,-48.8136274836898,,,
median,classical,MG,36.816994895801095,-25.111094428786195,,,
median,classical,MN,73.95639805581187,-17.82158114035532,,,
median,classical,MR,-13.101920498029695,-49.55742231567622,,,
median,classical,MX,-21.228722199435754,30.317788545169414,,,
median,classical,MY,92.6023163617648,-13.359149944283104,,,
median,classical,MZ,23.495980688588013,-22.274071319199997,,,
median,classical,NA,11.144795730128706,-21.079599599689487,,,
median,classical,NG,1.0923042289385734,-45.73065403732192,,,
median,classical,NL,12.849721012264316,-42.3600642241137,,,
median,classical,NO,18.876270550066884,-35.631773281488975,,,
median,classical,NP,75.13329531765791,-27.951628806261233,,,
median,classical,NZ,51.65227787878143,86.9742926343438,,,
median,classical,OM,51.363254124449284,-38.26522611165602,,,
median,classical,PA,-39.074130696391634,20.17810003388314,,,
median,classical,PE,-49.03350773602995,28.74009471742363,,,
median,classical,PG,82.67119945410998,43.75834712485733,,,
median,classical,PH,93.62194039978918,-2.054721322569719,,,
median,classical,PK,62.30511595455786,-35.6932806389025,,,
median,classical,PL,20.9912853522818,-41.307179083289405,,,
median,classical,PT,-0.10882275809677822,-46.232312628759544,,,
median,classical,QA,46.653161885435026,-39.332182052347214,,,
median,classical,RO,22.014817794407804,-44.08244008045058,,,
median,classical,RS,19.431698293042146,-44.897040843093066,,,
median,classical,RU,32.7693340204881,-37.116421967379296,,,
median,classical,RW,21.211249972295647,-37.30753984626253,,,
median,classical,SA,40.47592498079409,-41.21701419239048,,,
median,classical,SB,71.96304199775342,62.56125037019815,,,
median,classical,SE,21.121322612479965,-37.25720046296399,,,
median,classical,SG,92.95642145265053,-10.240762996874844,,,
median,classical,SN,-18.459547553864635,-46.67116913107448,,,
median,classical,TH,87.86208433103194,-15.534149964127064,,,
median,classical,TN,9.061115381413037,-48.65243800786179,,,
median,classical,TO,49.51974253234057,89.67700959373622,,,
median,classical,TR,28.224735445432795,-43.006506778444276,,,
median,classical,TZ,26.52191055573686,-34.157460166215486,,,
median,classical,UA,26.406224431814337,-40.49576567956329,,,
median,classical,UG,22.307587424921596,-39.04574675174784,,,
median,classical,US,-15.45950867912281,1.8189818330269212,,,
median,classical,UY,-41.3431267857017,20.506832096696556,,,
median,classical,UZ,56.54354666859287,-33.54973261392034,,,
median,classical,VN,89.75566436425163,-15.486829265480317,,,
median,classical,VU,65.85460971395229,74.4480776025941,,,
median,classical,WS,47.81038577481036,83.45339251417826,,,
median,classical,ZA,19.219783800691125,-16.766831789733395,,,
median,classical,ZM,18.59839013974067,-28.578190499127327,,,
median,classical,ZW,20.667086005448507,-23.3943228379638,,,
median,metric,AE,44.91208132825007,-36.350438206384865,,,
median,metric,AO,7.095694223517196,-53.66399656060053,,,
median,metric,AR,-42.103820888727824,-10.014268413642776,,,
median,metric,AT,19.854056388394028,-24.37117599016501,,,
median,metric,AU,73.03536294498909,40.221939931948704,,,
median,metric,BD,65.73095552614626,-22.632961323932392,,,
median,metric,BE,14.412959457648995,-21.0242979928707,,,
median,metric,BF,1.5936243823056486,-41.46073133776058,,,
median,metric,BH,42.28918541837983,-35.725516231075794,,,
median,metric,BO,-38.17668090863971,-2.3832390855616623,,,
median,metric,BR,-33.63796553441051,-18.671172134280535,,,
median,metric,BW,16.960861098818054,-63.4525399826192,,,
median,metric,CA,-5.641895957438397,12.113724836827224,,,
median,metric,CD,10.865933103931745,-52.604602253024794,,,
median,metric,CH,15.197193896598971,-23.921219591253468,,,
median,metric,CI,-2.8865949390369323,-42.458721443216504,,,
median,metric,CL,-42.54007100044649,2.3589927566610704,,,
median,metric,CM,8.237338496347563,-48.09776455504285,,,
median,metric,CN,66.01025603368693,-2.690990248212046,,,
median,metric,CO,-30.834277182345634,6.362939937839734,,,
median,metric,CR,-26.024288419480317,17.919175351799304,,,
median,metric,CU,-20.373370490074148,13.549279698308695,,,
median,metric,CZ,19.257287079788412,-22.44983448702014,,,
median,metric,DE,19.108344505895264,-20.84446474354917,,,
median,metric,DJ,37.22721927691919,-46.04143402212189,,,
median,metric,DK,19.279478234362813,-18.18153578003154,,,
median,metric,DZ,9.77346199259199,-30.281767516205115,,,
median,metric,EC,-32.34510574047452,10.94439355862314,,,
median,metric,EG,28.73118363929393,-36.223898382592694,,,
median,metric,ES,7.17348565406969,-26.701476205259333,,,
median,metric,ET,33.37691934092957,-47.48970212665563,,,
median,metric,FI,25.098347477665698,-15.183742836066406,,,
median,metric,FJ,55.66256805677274,58.340549842774564,,,
median,metric,FR,12.895151107368717,-22.26114233642455,,,
median,metric,GB,12.394523199386999,-19.648063499267334,,,
median,metric,GH,-0.3514436948369095,-44.22523175600891,,,
median,metric,GR,23.30481128889539,-30.928827423790093,,,
median,metric,GT,-22.88708827852461,21.207559145776898,,,
median,metric,HU,21.550215878807315,-24.64220924560788,,,
median,metric,IE,10.608891048383995,-17.62158295765601,,,
median,metric,IN,58.01927209790375,-27.114741705831698,,,
median,metric,IQ,37.25146588483186,-32.06139577251635,,,
median,metric,IR,40.958278689770054,-30.820356655630896,,,
median,metric,IS,11.305624794665388,-7.523220700495287,,,
median,metric,IT,16.96998046555378,-27.92934775886586,,,
median,metric,JO,32.60171748534321,-34.49645665785275,,,
median,metric,JP,67.33207585414128,11.931485660918362,,,
median,metric,KE,30.702094764486112,-52.94920458982219,,,
median,metric,KH,74.86395570390036,-12.82692114176516,,,
median,metric,KR,67.59655648704202,4.0252489593785015,,,
median,metric,KW,40.18585346081918,-34.348898838119574,,,
median,metric,LA,72.57797944637834,-13.383505668594143,,,
median,metric,LB,31.38414155887196,-33.142261111905874,,,
median,metric,MA,3.4691542545809817,-29.399917869506787,,,
median,metric,MG,38.93377049638683,-61.26270056926492,,,
median,metric,MN,60.65702309774515,-5.51518812239814,,,
median,metric,MR,-5.463361304869249,-35.23796797757384,,,
median,metric,MX,-16.454800774309877,29.61605553787451,,,
median,metric,MY,77.73156600453929,-18.256320563118425,,,
median,metric,MZ,24.775062066372122,-64.62388275344892,,,
median,metric,NA,9.653729163834122,-60.51489709883921,,,
median,metric,NG,5.9999035917569365,-44.093099338183855,,,
median,metric,NL,15.055058210274684,-19.928208285414257,,,
median,metric,NO,19.592626351867892,-14.91604839332345,,,
median,metric,NP,61.93526387053062,-23.239233018704926,,,
median,metric,NZ,53.005809713652596,60.548280944421236,,,
median,metric,OM,47.04254469514029,-35.83794700062719,,,
median,metric,PA,-26.918609023108427,14.403852326150044,,,
median,metric,PE,-37.43301199774213,10.474434464535925,,,
median,metric,PG,77.25761833478381,29.910703232122756,,,
median,metric,PH,77.94431250712447,-1.5034448631984674,,,
median,metric,PK,53.91860902555374,-28.271946913014364,,,
median,metric,PL,22.38178974329326,-21.248092231923287,,,
median,metric,PT,4.365697230397284,-25.764621760024447,,,
median,metric,QA,43.354338896939524,-35.67747642476744,,,
median,metric,RO,24.57166291450986,-26.544501808023735,,,
median,metric,RS,21.82668979532023,-26.17634250834526,,,
median,metric,RU,31.19167272518947,-18.72302988131847,,,
median,metric,RW,24.42793072241331,-53.30449360667863,,,
median,metric,SA,39.53250673705179,-36.89844663596749,,,
median,metric,SB,67.91556470883401,44.11144851174132,,,
median,metric,SE,21.95108413887723,-15.896914457578507,,,
median,metric,SG,78.99363989751434,-15.916050356819277,,,
median,metric,SN,-9.272519387424442,-35.85531496177507,,,
median,metric,TH,73.24646360373917,-16.226113493495056,,,
median,metric,TN,14.016920171875773,-30.69359683076367,,,
median,metric,TO,46.2792845356593,63.278800538830495,,,
median,metric,TR,29.498621453133957,-29.285037376794612,,,
median,metric,TZ,29.021415748603673,-54.36604783501609,,,
median,metric,UA,27.309383555981842,-22.706691594518603,,,
median,metric,UG,25.374971486826016,-51.6591309888404,,,
median,metric,US,-9.642346732208242,13.225988129155613,,,
median,metric,UY,-41.223950369804655,-12.40581342794893,,,
median,metric,UZ,49.46173294812677,-23.8745408729425,,,
median,metric,VN,72.23403685262689,-11.334770439214264,,,
median,metric,VU,63.61948549922667,52.82754786906409,,,
median,metric,WS,43.62306785632112,61.26774011745603,,,
median,metric,ZA,18.774632530622046,-64.1616254457733,,,
median,metric,ZM,20.791922601084938,-58.690788315820726,,,
median,metric,ZW,22.199904111736117,-60.02295306194162,,,
median,nonmetric,AE,44.81827899116243,-39.51572046932968,,,
median,nonmetric,AO,4.4471499726104895,-52.43121914662683,,,
median,nonmetric,AR,-41.759123587614425,-6.784066088801387,,,
median,nonmetric,AT,22.265566594390716,-25.049778918287064,,,
median,nonmetric,AU,65.38260996217696,43.13402234609581,,,
median,nonmetric,BD,64.79300587408466,-22.88431267557155,,,
median,nonmetric,BE,16.456352146523653,-21.06148323751528,,,
median,nonmetric,BF,1.935330918785212,-39.00744351146167,,,
median,nonmetric,BH,42.55357600569735,-38.754782055155424,,,
median,nonmetric,BO,-36.86457721598963,1.4157938711381988,,,
median,nonmetric,BR,-32.85209705630284,-14.855633717059359,,,
median,nonmetric,BW,12.741106886884852,-64.04710808177893,,,
median,nonmetric,CA,-7.486096895624609,12.496680986736,,,
median,nonmetric,CD,8.549451843523286,-51.89693160985016,,,
median,nonmetric,CH,17.33982611295648,-23.846942028129263,,,
median,nonmetric,CI,-3.240973950003543,-39.1906955960023,,,
median,nonmetric,CL,-41.07755270229747,7.0581046570327715,,,
median,nonmetric,CM,7.060217705480355,-46.48702147832543,,,
median,nonmetric,CN,66.63094790536282,-2.9945952597501435,,,
median,nonmetric,CO,-29.44136443158833,9.359157310609348,,,
median,nonmetric,CR,-25.20367143157672,20.889808624540855,,,
median,nonmetric,CU,-20.28796550728504,15.65288454285401,,,
median,nonmetric,CZ,21.477674964282492,-23.03530867336736,,,
median,nonmetric,DE,21.44774404644689,-21.71731635240216,,,
median,nonmetric,DJ,36.47979237298529,-47.93779105393416,,,
median,nonmetric,DK,21.805595490120414,-19.05784647933585,,,
median,nonmetric,DZ,11.155849531427576,-29.52216299460844,,,
median,nonmetric,EC,-30.870918239017282,14.344327453327338,,,
median,nonmetric,EG,29.879187554068636,-37.72683839900776,,,
median,nonmetric,ES,8.88513948102947,-25.258287138102297,,,
median,nonmetric,ET,32.53141827569937,-48.99090126583501,,,
median,nonmetric,FI,27.69389986424038,-16.952062778122322,,,
median,nonmetric,FJ,52.90443321104365,54.265315261866306,,,
median,nonmetric,FR,14.782620191208283,-21.876055403265667,,,
median,nonmetric,GB,14.060959955965057,-19.05863262994527,,,
median,nonmetric,GH,-0.783423217639573,-41.09828418203584,,,
median,nonmetric,GR,25.214602866098893,-31.977926835231077,,,
median,nonmetric,GT,-22.785796943969633,23.874133576748733,,,
median,nonmetric,HU,23.63741607720833,-25.61327876051037,,,
median,nonmetric,IE,12.498251770494601,-16.862836858831322,,,
median,nonmetric,IN,57.304083266050554,-28.76307186945251,,,
median,nonmetric,IQ,38.0871456589057,-35.084480665269126,,,
median,nonmetric,IR,41.775074029411826,-33.897128213042265,,,
median,nonmetric,IS,13.231143812547796,-7.066393385313345,,,
median,nonmetric,IT,18.935459878876177,-28.50032046982641,,,
median,nonmetric,JO,33.81626658913837,-36.564482635096766,,,
median,nonmetric,JP,69.82549249574714,12.235258476772053,,,
median,nonmetric,KE,29.23059081436744,-54.025541539301614,,,
median,nonmetric,KH,74.16575639356321,-10.842560265872077,,,
median,nonmetric,KR,68.905182552827,4.194623313357987,,,
median,nonmetric,KW,40.75045215654602,-37.284714924794145,,,
median,nonmetric,LA,71.52048045016099,-12.19076580502659,,,
median,nonmetric,LB,32.70724221559481,-35.2312766321987,,,
median,nonmetric,MA,4.623266931348116,-27.214858802067187,,,
median,nonmetric,MG,35.05099596615985,-63.867326377220955,,,
median,nonmetric,MN,60.89990237444158,-6.730789044352553,,,
median,nonmetric,MR,-4.598594617975515,-31.203929715287728,,,
median,nonmetric,MX,-17.29225373585169,31.448691319855186,,,
median,nonmetric,MY,76.87945445157523,-15.476855833820347,,,
median,nonmetric,MZ,19.53301581165523,-66.10258678855936,,,
median,nonmetric,NA,4.718832530432341,-59.89904095032641,,,
median,nonmetric,NG,5.225185723162301,-41.97029651134008,,,
median,nonmetric,NL,17.171294007306436,-20.035602520310544,,,
median,nonmetric,NO,22.10268651067556,-16.100931195058322,,,
median,nonmetric,NP,60.947900746265006,-24.352596198411465,,,
median,nonmetric,NZ,48.93662925051056,56.84341481974123,,,
median,nonmetric,OM,46.84666312336878,-38.46035896089723,,,
median,nonmetric,PA,-25.859159411482192,16.979592023381343,,,
median,nonmetric,PE,-35.54821167368189,14.674182851283568,,,
median,nonmetric,PG,75.03938797774694,32.441408874050786,,,
median,nonmetric,PH,77.4665529780685,1.3323559049167741,,,
median,nonmetric,PK,53.4702196668737,-30.30379449648924,,,
median,nonmetric,PL,24.55225813445378,-22.65951558897868,,,
median,nonmetric,PT,6.010253852284215,-24.070124334493034,,,
median,nonmetric,QA,43.52329287620515,-38.839165645312676,,,
median,nonmetric,RO,26.840857989981302,-28.130727255502254,,,
median,nonmetric,RS,23.9670827505297,-27.53684679763881,,,
median,nonmetric,RU,33.71129238397255,-21.662705503466753,,,
median,nonmetric,RW,22.761825470722055,-53.80552989479384,,,
median,nonmetric,SA,40.01374884224209,-39.38335946835441,,,
median,nonmetric,SB,68.44690018193076,42.74543030024066,,,
median,nonmetric,SE,24.478181880210627,-17.31189374265564,,,
median,nonmetric,SG,78.32111746899743,-12.43049648067219,,,
median,nonmetric,SN,-8.49141773476764,-31.21570805948398,,,
median,nonmetric,TH,72.17641560750076,-14.79853531767692,,,
median,nonmetric,TN,15.612137215595677,-30.444109045185836,,,
median,nonmetric,TO,43.993603434002324,57.46655949416659,,,
median,nonmetric,TR,31.186558647141663,-31.18367029378684,,,
median,nonmetric,TZ,26.842190630240374,-55.58523711803718,,,
median,nonmetric,UA,29.824010062869412,-24.700076019721145,,,
median,nonmetric,UG,24.021202308426886,-52.385817525222045,,,
median,nonmetric,US,-10.732796069517274,14.118790790635735,,,
median,nonmetric,UY,-41.023457061438535,-8.659038477769759,,,
median,nonmetric,UZ,50.040298917476186,-27.42014778121968,,,
median,nonmetric,VN,71.0631122764031,-9.439863661371866,,,
median,nonmetric,VU,60.93132169955874,50.2473622493347,,,
median,nonmetric,WS,42.24656000424065,56.7476245397571,,,
median,nonmetric,ZA,13.505700668765739,-65.2307579806172,,,
median,nonmetric,ZM,17.530192686271306,-59.514161050636254,,,
median,nonmetric,ZW,18.11662655831413,-61.1329840683319,,,
trimmed_mean,spherical,AE,53.81215448990798,-23.755460765925868,23.755460765925868,53.81215448990798,97.06103562089996
trimmed_mean,spherical,AO,11.614998340033281,9.936043055330067,-9.936043055330067,11.614998340033273,215.4982884525255
trimmed_mean,spherical,AR,-57.783594638593456,33.75068416285379,-33.75068416285379,-57.78359463859347,110.183745946194
trimmed_mean,spherical,AT,16.347065475172457,-47.786414323473025,47.786414323473025,16.34706547517247,46.225360120971175
trimmed_mean,spherical,AU,146.30578130421316,37.19805162227588,-37.19805162227588,146.30578130421316,330.8070255096593
trimmed_mean,spherical,BD,89.62389008791774,-23.18308818424881,23.18308818424881,89.62389008791774,100.03212752107102
trimmed_mean,spherical,BE,4.7692638996124685,-50.99376787805344,50.99376787805344,4.769263899612471,35.39861299070385
trimmed_mean,spherical,BF,-0.06796044512270782,-13.479408019577525,13.479408019577525,-0.06796044512270771,200.36900121041003
trimmed_mean,spherical,BH,50.39091371575651,-25.862995800759705,25.862995800759705,50.39091371575651,45.71605881817459
trimmed_mean,spherical,BO,-62.95763620944744,19.168519076762774,-19.168519076762774,-62.95763620944743,242.27369502053634
trimmed_mean,spherical,BR,-46.18787235522029,16.401613397051392,-16.401613397051392,-46.187872355220286,197.28889693131856
trimmed_mean,spherical,BW,23.899447168383517,23.444917663693463,-23.444917663693463,23.89944716838353,244.1440488564262
trimmed_mean,spherical,CA,-75.37791135604915,-45.29272751280236,45.29272751280236,-75.37791135604914,28.933545229606054
trimmed_mean,spherical,CD,14.679705241474636,4.780797501362075,-4.780797501362075,14.679705241474627,86.40300142173915
trimmed_mean,spherical,CH,7.943073799270195,-47.38098969844603,47.38098969844603,7.943073799270205,62.94263094662769
trimmed_mean,spherical,CI,-4.697813609784504,-8.140186138609563,8.140186138609563,-4.697813609784523,160.18360462025203
trimmed_mean,spherical,CL,-68.62653081180149,34.441206462939796,-34.441206462939796,-68.62653081180147,218.37787248729714
trimmed_mean,spherical,CM,10.416523007541258,-3.9793664246947857,3.9793664246947857,10.416523007541263,122.44664053947587
trimmed_mean,spherical,CN,115.24183786285573,-39.598731375309846,39.598731375309846,115.2418378628557,104.56131836463473
trimmed_mean,spherical,CO,-69.6526636077502,-2.5012474490827867,2.5012474490827867,-69.65266360775021,544.3850834672211
trimmed_mean,spherical,CR,-81.36430702997579,-8.431724849733596,8.431724849733596,-81.36430702997579,342.4398020503454
trimmed_mean,spherical,CU,-75.93833485982657,-21.07242396122593,21.07242396122593,-75.93833485982657,700.6658657478245
trimmed_mean,spherical,CZ,14.47190723052222,-50.26664874471547,50.26664874471547,14.471907230522227,20.174770848174525
trimmed_mean,spherical,DE,13.639379060337376,-52.35246284841249,52.35246284841249,13.639379060337353,25.040012637789015
trimmed_mean,spherical,DJ,41.362388315927575,-10.739804772886455,10.739804772886455,41.362388315927596,216.76278443904152
trimmed_mean,spherical,DK,12.656173586818198,-55.78144804055536,55.78144804055536,12.656173586818205,12.691788515046113
trimmed_mean,spherical,DZ,3.279574133397574,-36.236055363736256,36.236055363736256,3.279574133397557,62.33515656450923
trimmed_mean,spherical,EC,-74.73388951309833,1.2067291402999871,-1.2067291402999871,-74.73388951309833,433.2830392212232
trimmed_mean,spherical,EG,31.170165200341955,-29.436406467899694,29.436406467899694,31.170165200341966,68.8520464800667
trimmed_mean,spherical,ES,-3.04906192305603,-40.60240277042651,40.60240277042651,-3.04906192305605,58.22797845142012
trimmed_mean,spherical,ET,36.939902453324066,-8.230004867546535,8.230004867546535,36.93990245332407,213.0145997376516
trimmed_mean,spherical,FI,24.53504604452212,-60.41814463924,60.41814463924,24.535046044522126,34.56468544097831
trimmed_mean,spherical,FJ,177.3684959089855,18.296007594675537,-18.296007594675537,177.3684959089855,114.79573099309945
trimmed_mean,spherical,FR,2.7991860527014296,-48.979658388399066,48.979658388399066,2.7991860527014287,36.338941255613896
trimmed_mean,spherical,GB,-0.1552429877374948,-51.9489537424004,51.9489537424004,-0.15524298773747905,49.769414376434405
trimmed_mean,spherical,GH,-0.6940598790806689,-7.065143074540622,7.065143074540622,-0.6940598790806644,176.2685905274189
trimmed_mean,spherical,GR,23.310911544583973,-37.699887889349725,37.699887889349725,23.310911544583956,48.684353603356506
trimmed_mean,spherical,GT,-85.28729464752163,-13.350559551917474,13.350559551917474,-85.28729464752163,582.969003870936
trimmed_mean,spherical,HU,19.426743191731163,-47.399901697312934,47.399901697312934,19.426743191731163,28.34003549163171
trimmed_mean,spherical,IE,-5.404188342128151,-53.508274395883156,53.508274395883156,-5.40418834212813,59.31850342234643
trimmed_mean,spherical,IN,77.35404332686,-27.45648327095882,27.45648327095882,77.35404332686,128.0519562975309
trimmed_mean,spherical,IQ,44.333138727287036,-32.994151945880255,32.994151945880255,44.33313872728704,38.90928601227451
trimmed_mean,spherical,IR,50.63961164785229,-34.283810000620036,34.283810000620036,50.639611647852284,170.22817958077948
trimmed_mean,spherical,IS,-18.72459324613368,-63.970034197495856,63.970034197495856,-18.724593246133672,158.13840755079457
trimmed_mean,spherical,IT,12.876408228573666,-42.11080822609166,42.11080822609166,12.876408228573672,40.32647852161188
trimmed_mean,spherical,JO,36.72962029254268,-31.448228845789977,31.448228845789977,36.72962029254269,94.02553833584905
trimmed_mean,spherical,JP,138.75690179273658,-36.147674910122205,36.147674910122205,138.7569017927366,103.02200470680097
trimmed_mean,spherical,KE,34.55586983614717,1.3034566999346526,-1.3034566999346526,34.555869836147146,251.1200920891156
trimmed_mean,spherical,KH,105.83393083794482,-14.788259133762885,14.788259133762885,105.83393083794483,373.3641844262251
trimmed_mean,spherical,KR,126.29242973576629,-37.7820200224061,37.7820200224061,126.29242973576626,66.47133609444757
trimmed_mean,spherical,KW,47.93560919698541,-28.689628431119374,28.689628431119374,47.93560919698541,75.94239237445825
trimmed_mean,spherical,LA,104.6032203429092,-20.065685502295427,20.065685502295427,104.60322034290918,314.35198590063743
trimmed_mean,spherical,LB,34.84369440288776,-33.623847046251505,33.623847046251505,34.84369440288774,67.40060172623012
trimmed_mean,spherical,MA,-6.3448265296438535,-34.68254107221423,34.68254107221423,-6.34482652964384,85.89076620853484
trimmed_mean,spherical,MG,43.8468049692145,19.736466537405533,-19.736466537405533,43.84680496921451,395.55597162210245
trimmed_mean,spherical,MN,107.02620288500248,-45.94001572106106,45.94001572106106,107.02620288500245,220.1738292639291
trimmed_mean,spherical,MR,-13.092230192065841,-20.567298132405668,20.567298132405668,-13.092230192065843,409.38549951185615
trimmed_mean,spherical,MX,-97.26554176943463,-19.56391350643996,19.56391350643996,-97.26554176943462,196.17931616360343
trimmed_mean,spherical,MY,101.70848217513395,-3.9570170560552183,3.9570170560552183,101.70848217513395,87.67442703822731
trimmed_mean,spherical,MZ,30.884402922978154,24.542561882929554,-24.542561882929554,30.884402922978136,232.23771486192646
trimmed_mean,spherical,NA,16.732153627120056,22.214284170833597,-22.214284170833597,16.732153627120045,53.569651080000796
trimmed_mean,spherical,NG,6.7535055128759325,-9.535307713115628,9.535307713115628,6.753505512875915,98.94344279334321
trimmed_mean,spherical,NL,5.177627386802243,-52.6079358619483,52.6079358619483,5.177627386802242,33.57837031460786
trimmed_mean,spherical,NO,11.239857901585879,-59.90498815143535,59.90498815143535,11.239857901585873,27.459024034351568
trimmed_mean,spherical,NP,85.24893407813056,-27.37250072095478,27.37250072095478,85.24893407813059,39.031016911937556
trimmed_mean,spherical,NZ,173.47662757270177,41.725559815172794,-41.725559815172794,173.47662757270177,118.63981399297835
trimmed_mean,spherical,OM,56.87366022009135,-22.906830476769795,22.906830476769795,56.87366022009134,192.43759132893712
trimmed_mean,spherical,PA,-77.55130547247414,-7.881999783703947,7.881999783703947,-77.55130547247414,249.48417238296997
trimmed_mean,spherical,PE,-75.99838525651097,11.584552949807492,-11.584552949807492,-75.99838525651097,125.6339950872602
trimmed_mean,spherical,PG,146.42622398881446,8.893212410202334,-8.893212410202334,146.42622398881446,105.4212223786942
trimmed_mean,spherical,PH,120.2104539452414,-15.51055016301952,15.51055016301952,120.21045394524137,130.1801767774495
trimmed_mean,spherical,PK,70.87605046531195,-30.17981713355879,30.17981713355879,70.87605046531193,447.1992279375513
trimmed_mean,spherical,PL,20.195125194318848,-52.18986829106692,52.18986829106692,20.19512519431886,55.12922901924514
trimmed_mean,spherical,PT,-7.899913868713185,-39.5524253339438,39.5524253339438,-7.899913868713177,141.5475073009124
trimmed_mean,spherical,QA,51.93360810202023,-25.775448874369122,25.775448874369122,51.93360810202022,67.61085335340162
trimmed_mean,spherical,RO,24.84127779598876,-44.68566705741564,44.68566705741564,24.841277795988745,103.38421730694321
trimmed_mean,spherical,RS,20.177978302370946,-45.27763999005414,45.27763999005414,20.177978302370946,55.632325642553724
trimmed_mean,spherical,RU,38.22282214587577,-55.366414112540745,55.366414112540745,38.22282214587579,57.673711886813834
trimmed_mean,spherical,RW,27.99938984080063,2.3430714656778964,-2.3430714656778964,27.999389840800628,232.9141168512687
trimmed_mean,spherical,SA,45.87224464056024,-24.938762898101107,24.938762898101107,45.87224464056023,96.49286997057081
trimmed_mean,spherical,SB,161.34579133929572,9.966638371399858,-9.966638371399858,161.34579133929574,163.9130849375329
trimmed_mean,spherical,SE,17.01065373696784,-59.24548620019563,59.24548620019563,17.010653736967832,62.724623953647615
trimmed_mean,spherical,SG,104.25241347151928,-2.8128658019236803,2.8128658019236803,104.25241347151928,174.49480550843978
trimmed_mean,spherical,SN,-16.722343565582037,-15.473507792117987,15.473507792117987,-16.72234356558203,116.5849581226296
trimmed_mean,spherical,TH,101.04438521690605,-14.68235066472633,14.68235066472633,101.04438521690606,118.16494876531783
trimmed_mean,spherical,TN,9.626212220973997,-36.97242077264493,36.97242077264493,9.626212220974015,52.713325732178646
trimmed_mean,spherical,TO,-175.16803631815944,20.353954580381973,-20.353954580381973,-175.16803631815944,87.40975343083674
trimmed_mean,spherical,TR,32.89650593201438,-39.79749278103754,39.79749278103754,32.896505932014364,14.92918179823683
trimmed_mean,spherical,TZ,33.31977998990368,4.933796292762954,-4.933796292762954,33.3197799899037,302.7203925162263
trimmed_mean,spherical,UA,29.797157882066557,-50.00954926469723,50.00954926469723,29.79715788206656,69.62098325566932
trimmed_mean,spherical,UG,28.764212849699987,-0.9725740212580964,0.9725740212580964,28.764212849699984,430.6052491231346
trimmed_mean,spherical,US,-76.62882308648192,-39.18740075893708,39.18740075893708,-76.6288230864819,45.84849541949027
trimmed_mean,spherical,UY,-54.628723278886355,33.22922801617772,-33.22922801617772,-54.62872327888634,230.14510261177185
trimmed_mean,spherical,UZ,68.51231791740565,-40.44096959573087,40.44096959573087,68.51231791740564,117.14952347866723
trimmed_mean,spherical,VN,106.3648353630158,-21.692571417506837,21.692571417506837,106.36483536301579,90.58451467430076
trimmed_mean,spherical,VU,169.44799799142197,17.74548267156089,-17.74548267156089,169.44799799142194,119.82715576273618
trimmed_mean,spherical,WS,-173.8769774963677,13.815565954634636,-13.815565954634636,-173.8769774963677,230.89792354602045
trimmed_mean,spherical,ZA,26.25289728270613,26.605001906553234,-26.605001906553234,26.252897282706133,221.03140255396315
trimmed_mean,spherical,ZM,25.9655201297532,14.083228082197763,-14.083228082197763,25.96552012975319,289.707551972605
trimmed_mean,spherical,ZW,27.95581811355703,17.954105179355007,-17.954105179355007,27.955818113557015,327.02322333423854
trimmed_mean,classical,AE,48.73458212540538,-39.308810265251665,,,
trimmed_mean,classical,AO,6.0523909715557735,-30.367115247154867,,,
trimmed_mean,classical,AR,-42.53520307184168,24.13138458415878,,,
trimmed_mean,classical,AT,17.73241064054416,-44.72724080734021,,,
trimmed_mean,classical,AU,68.79661722295708,59.27624866337922,,,
trimmed_mean,classical,BD,78.19395939768154,-24.545889203174156,,,
trimmed_mean,classical,BE,12.088470395960291,-42.64655217579996,,,
trimmed_mean,classical,BF,-3.666278312249098,-48.227463471969074,,,
trimmed_mean,classical,BH,44.6553674763386,-39.13820893119664,,,
trimmed_mean,classical,BO,-46.31481464875476,20.374240103452188,,,
trimmed_mean,classical,BR,-41.77272165344422,1.4193851686249346,,,
trimmed_mean,classical,BW,17.194824684395616,-23.33145028103968,,,
trimmed_mean,classical,CA,-10.121311231226041,-0.5764205135507225,,,
trimmed_mean,classical,CD,8.42193495687816,-35.25554834340102,,,
trimmed_mean,classical,CH,12.478149901055142,-44.847788950636655,,,
trimmed_mean,classical,CI,-8.967819137041491,-44.688420382359126,,,
trimmed_mean,classical,CL,-40.14104805359108,35.128578950241966,,,
trimmed_mean,classical,CM,4.421867715656322,-43.11573481040355,,,
trimmed_mean,classical,CN,78.4814512147829,-12.563508678876765,,,
trimmed_mean,classical,CO,-44.73545094778389,12.02653176223441,,,
trimmed_mean,classical,CR,-36.72818553273876,23.411114272023177,,,
trimmed_mean,classical,CU,-29.856119128112777,8.962171361642191,,,
trimmed_mean,classical,CZ,17.2706827864396,-43.403429277695025,,,
trimmed_mean,classical,DE,17.60112369872795,-41.661387131769224,,,
trimmed_mean,classical,DJ,36.12451667210602,-40.698736995341406,,,
trimmed_mean,classical,DK,18.224563365496948,-39.347103257370186,,,
trimmed_mean,classical,DZ,4.528420203280334,-49.653664815898765,,,
trimmed_mean,classical,EC,-44.66289943063022,20.779135666103443,,,
trimmed_mean,classical,EG,26.588615746102924,-47.12976962576592,,,
trimmed_mean,classical,ES,2.3640713499341928,-48.021797257659514,,,
trimmed_mean,classical,ET,31.025737425869597,-40.42644843557295,,,
trimmed_mean,classical,FI,25.191234910539798,-35.384523624009546,,,
trimmed_mean,classical,FJ,57.87898395932166,81.31375054954653,,,
trimmed_mean,classical,FR,9.95800846578601,-44.42187297618733,,,
trimmed_mean,classical,GB,9.681338712404663,-41.59271871287413,,,
trimmed_mean,classical,GH,-5.955001280714065,-45.780776193110924,,,
trimmed_mean,classical,GR,20.148608495313884,-45.822962916743975,,,
trimmed_mean,classical,GT,-30.79805410024682,23.021440964828862,,,
trimmed_mean,classical,HU,19.74852713614146,-44.05679525624565,,,
trimmed_mean,classical,IE,8.287082993890918,-40.10066525502431,,,
trimmed_mean,classical,IN,69.05123179333826,-30.95288173537807,,,
trimmed_mean,classical,IQ,38.26075246367683,-40.20414838091732,,,
trimmed_mean,classical,IR,44.21296720038601,-39.77159451185722,,,
trimmed_mean,classical,IS,10.465218883686884,-31.830611155129112,,,
trimmed_mean,classical,IT,14.087234891802538,-46.511259509094764,,,
trimmed_mean,classical,JO,32.320593954350144,-44.91322191327667,,,
trimmed_mean,classical,JP,75.36540469327149,7.005086486163393,,,
trimmed_mean,classical,KE,28.18599080970459,-37.047780740439514,,,
trimmed_mean,classical,KH,89.62076290740848,-12.103385244599433,,,
trimmed_mean,classical,KR,79.39243113654905,-3.6024590181971785,,,
trimmed_mean,classical,KW,41.970584756901665,-39.41037589074727,,,
trimmed_mean,classical,LA,89.90660246216456,-15.96000264423359,,,
trimmed_mean,classical,LB,29.29386009641583,-45.03902263522747,,,
trimmed_mean,classical,MA,-2.70515233140641,-48.86521497193483,,,
trimmed_mean,classical,MG,36.8861410153684,-24.82159596288807,,,
trimmed_mean,classical,MN,73.9849883155348,-17.933404429909633,,,
trimmed_mean,classical,MR,-13.125830296539124,-49.59988277867889,,,
trimmed_mean,classical,MX,-21.22033089619634,30.373204860659143,,,
trimmed_mean,classical,MY,92.53832486835842,-13.298832199501216,,,
trimmed_mean,classical,MZ,23.51653973748302,-22.310033950570897,,,
trimmed_mean,classical,NA,11.06536497165816,-21.362345132170937,,,
trimmed_mean,classical,NG,1.229659619131894,-45.55717426593926,,,
trimmed_mean,classical,NL,12.900887887291406,-42.268413120106715,,,
trimmed_mean,classical,NO,18.897546489514266,-35.66391610177561,,,
trimmed_mean,classical,NP,75.20121126877272,-28.127458644777654,,,
trimmed_mean,classical,NZ,51.76470900091543,86.9210260737961,,,
trimmed_mean,classical,OM,51.416379162104235,-38.216213580528304,,,
trimmed_mean,classical,PA,-39.17409634917246,20.117638239242034,,,
trimmed_mean,classical,PE,-48.92982876108573,28.712530548365393,,,
trimmed_mean,classical,PG,82.67915428904234,43.852915543617044,,,
trimmed_mean,classical,PH,93.48812988080502,-2.049419834857673,,,
trimmed_mean,classical,PK,62.34963714565929,-35.82520742947075,,,
trimmed_mean,classical,PL,21.055430665462413,-41.33295643917852,,,
trimmed_mean,classical,PT,-0.45115692282231734,-47.30008865704587,,,
trimmed_mean,classical,QA,46.65480250497629,-39.30186317313651,,,
trimmed_mean,classical,RO,22.079034594210786,-44.000818130723545,,,
trimmed_mean,classical,RS,19.457124478224642,-44.94003158702098,,,
trimmed_mean,classical,RU,32.74114820582812,-37.27465044787624,,,
trimmed_mean,classical,RW,21.173692239849608,-37.28149643032688,,,
trimmed_mean,classical,SA,40.371396243762874,-41.341627176234795,,,
trimmed_mean,classical,SB,71.87803366211938,62.555767811438656,,,
trimmed_mean,classical,SE,21.0306883636723,-37.22400682642972,,,
trimmed_mean,classical,SG,92.79983340506968,-10.190856961789644,,,
trimmed_mean,classical,SN,-18.492175055871332,-46.61207446596691,,,
trimmed_mean,classical,TH,87.85839328783321,-15.583277154424692,,,
trimmed_mean,classical,TN,9.031954833032884,-48.79319621451134,,,
trimmed_mean,classical,TO,49.533734636153795,89.84025067203373,,,
trimmed_mean,classical,TR,28.19363914662393,-43.0875801054095,,,
trimmed_mean,classical,TZ,26.526996655259975,-34.378303978785176,,,
trimmed_mean,classical,UA,26.42300351375261,-40.45096446911839,,,
trimmed_mean,classical,UG,22.192724534906578,-39.119145267555105,,,
trimmed_mean,classical,US,-15.44219552204132,1.8028410906009,,,
trimmed_mean,classical,UY,-41.31333835798878,20.616553677774682,,,
trimmed_mean,classical,UZ,56.65094169593341,-33.46166462134984,,,
trimmed_mean,classical,VN,89.67757288718849,-15.349923403599647,,,
trimmed_mean,classical,VU,65.68279833674917,74.43307202574798,,,
trimmed_mean,classical,WS,47.734869743497185,83.40446501884637,,,
trimmed_mean,classical,ZA,19.2582195941288,-16.7492350721493,,,
trimmed_mean,classical,ZM,18.570967210647563,-28.52280483233359,,,
trimmed_mean,classical,ZW,20.7178142567509,-23.332024103923953,,,
trimmed_mean,metric,AE,44.90687644388278,-36.36114781820763,,,
trimmed_mean,metric,AO,7.049565918026548,-53.70205474664999,,,
trimmed_mean,metric,AR,-42.10001395445825,-9.902803720591415,,,
trimmed_mean,metric,AT,19.86090295750826,-24.39231379892196,,,
trimmed_mean,metric,AU,72.96661708628011,40.26363994938727,,,
trimmed_mean,metric,BD,65.75119758499561,-22.571089868970127,,,
trimmed_mean,metric,BE,14.462696041648378,-20.993752910439515,,,
trimmed_mean,metric,BF,1.550009728804934,-41.51677245801949,,,
trimmed_mean,metric,BH,42.29240527353623,-35.69384912987056,,,
trimmed_mean,metric,BO,-38.14830045505117,-2.3122523745538857,,,
trimmed_mean,metric,BR,-33.64822590467534,-18.563893586079654,,,
trimmed_mean,metric,BW,16.894591689104573,-63.453677116025254,,,
trimmed_mean,metric,CA,-5.603642271553554,12.136149371330237,,,
trimmed_mean,metric,CD,10.873157862418813,-52.61692810874677,,,
trimmed_mean,metric,CH,15.200093082560114,-23.93196933074385,,,
trimmed_mean,metric,CI,-2.9245261639757096,-42.461523598460595,,,
trimmed_mean,metric,CL,-42.5295080082723,2.5314414234251927,,,
trimmed_mean,metric,CM,8.236914891496902,-48.080462980749786,,,
trimmed_mean,metric,CN,66.00196944880676,-2.693467266492199,,,
trimmed_mean,metric,CO,-30.814782449424516,6.385014700297987,,,
trimmed_mean,metric,CR,-25.9861729795355,17.87935267222155,,,
trimmed_mean,metric,CU,-20.275347682830127,13.58219573389584,,,
trimmed_mean,metric,CZ,19.238256736531735,-22.478058655537662,,,
trimmed_mean,metric,DE,19.118207737362475,-20.872018785376355,,,
trimmed_mean,metric,DJ,37.15634793877231,-46.09885633316013,,,
trimmed_mean,metric,DK,19.32239365832428,-18.18306125128052,,,
trimmed_mean,metric,DZ,9.759532697163515,-30.300025327293916,,,
trimmed_mean,metric,EC,-32.369471544875836,10.939033271550109,,,
trimmed_mean,metric,EG,28.77935884775054,-36.22073396212659,,,
trimmed_mean,metric,ES,7.207817386876215,-26.734756660526855,,,
trimmed_mean,metric,ET,33.41882681081249,-47.49530982339691,,,
trimmed_mean,metric,FI,25.111235975370942,-15.221363068810556,,,
trimmed_mean,metric,FJ,55.70242708620749,58.42433549954241,,,
trimmed_mean,metric,FR,12.901400802534734,-22.262930699120446,,,
trimmed_mean,metric,GB,12.39036434009979,-19.68121417063662,,,
trimmed_mean,metric,GH,-0.30767801398586414,-44.20453945909715,,,
trimmed_mean,metric,GR,23.310720871046062,-30.93197869820149,,,
trimmed_mean,metric,GT,-22.899349248636742,21.208091266903878,,,
trimmed_mean,metric,HU,21.552432629207818,-24.67564238261485,,,
trimmed_mean,metric,IE,10.59049929307583,-17.636006194177885,,,
trimmed_mean,metric,IN,58.02462070799146,-27.05434472404286,,,
trimmed_mean,metric,IQ,37.246499353221324,-32.09072980510241,,,
trimmed_mean,metric,IR,41.009937311529825,-30.828453412149614,,,
trimmed_mean,metric,IS,11.317673096145835,-7.518843098427649,,,
trimmed_mean,metric,IT,16.9681467448757,-27.972550396623134,,,
trimmed_mean,metric,JO,32.582745742293596,-34.54687600350459,,,
trimmed_mean,metric,JP,67.38191253938545,11.914172328647833,,,
trimmed_mean,metric,KE,30.714751377109128,-52.90299768755093,,,
trimmed_mean,metric,KH,74.83924994822837,-12.847917435763968,,,
trimmed_mean,metric,KR,67.58344699339875,4.000077793508183,,,
trimmed_mean,metric,KW,40.22441854078505,-34.29736039104224,,,
trimmed_mean,metric,LA,72.58270773932503,-13.371902716819623,,,
trimmed_mean,metric,LB,31.391694403161683,-33.14933088517467,,,
trimmed_mean,metric,MA,3.4495320419352744,-29.412502940301124,,,
trimmed_mean,metric,MG,39.02497470082878,-61.2319131968034,,,
trimmed_mean,metric,MN,60.62297017555677,-5.535383677258029,,,
trimmed_mean,metric,MR,-5.49070205773673,-35.27634506865475,,,
trimmed_mean,metric,MX,-16.466272071437405,29.670631531639096,,,
trimmed_mean,metric,MY,77.6978652792931,-18.24001155379246,,,
trimmed_mean,metric,MZ,24.76755194227087,-64.64793568676419,,,
trimmed_mean,metric,NA,9.60661699183721,-60.562591722511705,,,
trimmed_mean,metric,NG,6.028157419087801,-44.11520369255696,,,
trimmed_mean,metric,NL,15.07451649439602,-19.960866736673218,,,
trimmed_mean,metric,NO,19.594918735800114,-14.933119951555003,,,
trimmed_mean,metric,NP,61.95146994935864,-23.33841780095158,,,
trimmed_mean,metric,NZ,53.13971112429376,60.57062428128923,,,
trimmed_mean,metric,OM,47.04586550699457,-35.84009037492878,,,
trimmed_mean,metric,PA,-26.931097262636943,14.366087256474714,,,
trimmed_mean,metric,PE,-37.38406036910466,10.551052298066704,,,
trimmed_mean,metric,PG,77.23451522197577,29.941970201139142,,,
trimmed_mean,metric,PH,77.90670864036365,-1.4478878650680471,,,
trimmed_mean,metric,PK,53.93055282855211,-28.33664436884623,,,
trimmed_mean,metric,PL,22.411199151415403,-21.2885447000159,,,
trimmed_mean,metric,PT,4.254053421574724,-25.995173793565574,,,
trimmed_mean,metric,QA,43.34460854661691,-35.66310009394808,,,
trimmed_mean,metric,RO,24.607765707390374,-26.529297246539493,,,
trimmed_mean,metric,RS,21.82554839378985,-26.220640710902153,,,
trimmed_mean,metric,RU,31.182181364180483,-18.78808371274048,,,
trimmed_mean,metric,RW,24.415288357363835,-53.33826386656307,,,
trimmed_mean,metric,SA,39.499748801810455,-36.93791118315205,,,
trimmed_mean,metric,SB,67.88111863501221,44.15813762939572,,,
trimmed_mean,metric,SE,21.89290881558771,-15.895362068263967,,,
trimmed_mean,metric,SG,78.9798578459671,-15.919726275514975,,,
trimmed_mean,metric,SN,-9.300442640003805,-35.84578192678035,,,
trimmed_mean,metric,TH,73.24090895683081,-16.23429186839783,,,
trimmed_mean,metric,TN,14.025365220774288,-30.736534501819722,,,
trimmed_mean,metric,TO,46.233678888398444,63.27924289859682,,,
trimmed_mean,metric,TR,29.475188301561737,-29.27805978063997,,,
trimmed_mean,metric,TZ,29.088376772842956,-54.39766944271759,,,
trimmed_mean,metric,UA,27.318638411677814,-22.70063006830942,,,
trimmed_mean,metric,UG,25.33345552492574,-51.66816153195835,,,
trimmed_mean,metric,US,-9.620446387152487,13.211040355332951,,,
trimmed_mean,metric,UY,-41.20116870301884,-12.319264956632278,,,
trimmed_mean,metric,UZ,49.49433652648786,-23.83618432038038,,,
trimmed_mean,metric,VN,72.20196446023772,-11.236039724826401,,,
trimmed_mean,metric,VU,63.50691048852504,52.86615131893146,,,
trimmed_mean,metric,WS,43.54304806552143,61.29981789449971,,,
trimmed_mean,metric,ZA,18.806623874019856,-64.15356573123009,,,
trimmed_mean,metric,ZM,20.793251891038395,-58.6563704771888,,,
trimmed_mean,metric,ZW,22.206285374611312,-60.072841216241564,,,
trimmed_mean,nonmetric,AE,44.81214355292862,-39.482821226727786,,,
trimmed_mean,nonmetric,AO,4.152640006807339,-52.41839623443901,,,
trimmed_mean,nonmetric,AR,-41.843518612392685,-6.798017756686944,,,
trimmed_mean,nonmetric,AT,22.19360878518382,-24.9660381075211,,,
trimmed_mean,nonmetric,AU,65.56928247076094,43.09911011770819,,,
trimmed_mean,nonmetric,BD,64.80405058072978,-23.004416461308928,,,
trimmed_mean,nonmetric,BE,16.677268864324304,-21.001544229310724,,,
trimmed_mean,nonmetric,BF,1.9965012781341258,-38.978519246781175,,,
trimmed_mean,nonmetric,BH,42.59832658713147,-38.88636605150012,,,
trimmed_mean,nonmetric,BO,-36.85862909612953,1.6256534269538427,,,
trimmed_mean,nonmetric,BR,-32.84543558777867,-14.895966149164245,,,
trimmed_mean,nonmetric,BW,12.190262493332156,-63.83629216856596,,,
trimmed_mean,nonmetric,CA,-7.353724997197052,12.710773074897627,,,
trimmed_mean,nonmetric,CD,8.48515758466989,-51.83018379041981,,,
trimmed_mean,nonmetric,CH,17.42240184230499,-23.898847794035575,,,
trimmed_mean,nonmetric,CI,-3.28466118608484,-39.08303094251683,,,
trimmed_mean,nonmetric,CL,-41.08546731368877,6.957480339421011,,,
trimmed_mean,nonmetric,CM,7.052791729832947,-46.368348820277575,,,
trimmed_mean,nonmetric,CN,66.53012235320264,-3.1752527514140922,,,
trimmed_mean,nonmetric,CO,-29.380342381645814,9.496931836331687,,,
trimmed_mean,nonmetric,CR,-25.259741583220336,20.72601640716251,,,
trimmed_mean,nonmetric,CU,-19.94580117171488,15.917448375920202,,,
trimmed_mean,nonmetric,CZ,21.724051969482996,-22.97474833034807,,,
trimmed_mean,nonmetric,DE,21.577335073394185,-21.648937977471192,,,
trimmed_mean,nonmetric,DJ,36.25858523556426,-47.95182834592475,,,
trimmed_mean,nonmetric,DK,21.917458825030472,-19.002482607696475,,,
trimmed_mean,nonmetric,DZ,11.055711441740318,-29.380184499630644,,,
trimmed_mean,nonmetric,EC,-30.693184483656385,14.403258463343526,,,
trimmed_mean,nonmetric,EG,29.830649359185387,-37.72975839143979,,,
trimmed_mean,nonmetric,ES,8.89489949649959,-25.21584319970661,,,
trimmed_mean,nonmetric,ET,32.532007260948546,-49.17922981933181,,,
trimmed_mean,nonmetric,FI,27.857345338675962,-17.040457637291464,,,
trimmed_mean,nonmetric,FJ,53.083411701731876,54.27425927660791,,,
trimmed_mean,nonmetric,FR,14.754999831155693,-21.84558758149129,,,
trimmed_mean,nonmetric,GB,14.323006658012257,-19.04844034908657,,,
trimmed_mean,nonmetric,GH,-0.7382658317661281,-41.06191597449023,,,
trimmed_mean,nonmetric,GR,25.218140672800086,-32.155564721977974,,,
trimmed_mean,nonmetric,GT,-22.667661973868658,23.881983244947925,,,
trimmed_mean,nonmetric,HU,23.741409713329027,-25.689533051060444,,,
trimmed_mean,nonmetric,IE,12.603480095693827,-16.768851317734033,,,
trimmed_mean,nonmetric,IN,57.3879486801915,-28.888016283983617,,,
trimmed_mean,nonmetric,IQ,38.23989899043861,-35.212122919197824,,,
trimmed_mean,nonmetric,IR,41.837907409682174,-33.946999264675426,,,
trimmed_mean,nonmetric,IS,13.320908954769125,-7.012163544021746,,,
trimmed_mean,nonmetric,IT,18.838304779819477,-28.406777529400948,,,
trimmed_mean,nonmetric,JO,33.78839733840528,-36.81316417272554,,,
trimmed_mean,nonmetric,JP,69.72753360527963,12.128904816463269,,,
trimmed_mean,nonmetric,KE,29.338503654935394,-54.18444330758,,,
trimmed_mean,nonmetric,KH,74.11382557136868,-10.757638731205864,,,
trimmed_mean,nonmetric,KR,68.95423759167471,4.094543028586628,,,
trimmed_mean,nonmetric,KW,40.97282002278876,-37.511704587321205,,,
trimmed_mean,nonmetric,LA,71.50190042064098,-12.3281752443991,,,
trimmed_mean,nonmetric,LB,32.74885941803,-35.19166905207197,,,
trimmed_mean,nonmetric,MA,4.718328959144891,-27.130750512765154,,,
trimmed_mean,nonmetric,MG,35.13275909645771,-64.0461544319923,,,
trimmed_mean,nonmetric,MN,60.914800090835016,-6.791083552232681,,,
trimmed_mean,nonmetric,MR,-4.573219521857936,-31.161817530074977,,,
trimmed_mean,nonmetric,MX,-17.21460947367382,31.659983985779135,,,
trimmed_mean,nonmetric,MY,76.76892460843318,-15.304583054771646,,,
trimmed_mean,nonmetric,MZ,19.185879359906295,-66.00035214053209,,,
trimmed_mean,nonmetric,NA,4.621950841016421,-59.88328252453086,,,
trimmed_mean,nonmetric,NG,5.4333377372158544,-42.03138736661298,,,
trimmed_mean,nonmetric,NL,17.212711531753207,-20.011648578186673,,,
trimmed_mean,nonmetric,NO,22.269863889543885,-16.089051350788033,,,
trimmed_mean,nonmetric,NP,60.94746593641338,-24.56655806782383,,,
trimmed_mean,nonmetric,NZ,48.72850758677801,56.81066565156131,,,
trimmed_mean,nonmetric,OM,46.9296645755259,-38.44706762816163,,,
trimmed_mean,nonmetric,PA,-25.914031881046743,16.927237952711586,,,
trimmed_mean,nonmetric,PE,-35.4487966468792,14.815586379202195,,,
trimmed_mean,nonmetric,PG,74.85344246928823,32.5585239633865,,,
trimmed_mean,nonmetric,PH,77.42311960681654,1.406344462246711,,,
trimmed_mean,nonmetric,PK,53.444382061417045,-30.482971624217683,,,
trimmed_mean,nonmetric,PL,24.672635446669013,-22.656781461024504,,,
trimmed_mean,nonmetric,PT,6.0231053424853584,-23.90087710936035,,,
trimmed_mean,nonmetric,QA,43.49400125293256,-38.83463471132376,,,
trimmed_mean,nonmetric,RO,26.864746262584568,-28.042673785181734,,,
trimmed_mean,nonmetric,RS,24.00570601336185,-27.459271509647444,,,
trimmed_mean,nonmetric,RU,33.749431383792846,-21.755457119728554,,,
trimmed_mean,nonmetric,RW,22.558400806597756,-53.797746860273115,,,
trimmed_mean,nonmetric,SA,40.0058212642066,-39.441762897847426,,,
trimmed_mean,nonmetric,SB,68.34998603487682,42.783687186641494,,,
trimmed_mean,nonmetric,SE,24.472558404071478,-17.273725474614093,,,
trimmed_mean,nonmetric,SG,78.26935054370202,-12.171892829052126,,,
trimmed_mean,nonmetric,SN,-8.569880554315422,-31.323026182417774,,,
trimmed_mean,nonmetric,TH,72.32231381067623,-14.948568198121654,,,
trimmed_mean,nonmetric,TN,15.552782307703618,-30.366320911776615,,,
trimmed_mean,nonmetric,TO,43.74927016442773,57.51292414506142,,,
trimmed_mean,nonmetric,TR,31.208446141324345,-31.262604448519312,,,
trimmed_mean,nonmetric,TZ,26.88287563111656,-55.516271624522616,,,
trimmed_mean,nonmetric,UA,29.864140936479316,-24.845275438746413,,,
trimmed_mean,nonmetric,UG,23.776006813237807,-52.435293040195944,,,
trimmed_mean,nonmetric,US,-10.890182663064468,13.933907718248769,,,
trimmed_mean,nonmetric,UY,-40.86513112566551,-8.815900797894022,,,
trimmed_mean,nonmetric,UZ,50.12804983026942,-27.493541100968958,,,
trimmed_mean,nonmetric,VN,71.07031527856005,-9.390802285456441,,,
trimmed_mean,nonmetric,VU,60.63719295229778,50.31496926890247,,,
trimmed_mean,nonmetric,WS,41.86454494324505,56.80284267057165,,,
trimmed_mean,nonmetric,ZA,13.344687519876416,-65.15002491771814,,,
trimmed_mean,nonmetric,ZM,17.455516543831187,-59.426390820601405,,,
trimmed_mean,nonmetric,ZW,18.008820866161628,-61.255118733040305,,,
robust,spherical,AE,53.8355326158628,-23.776611110615036,23.776611110615036,53.83553261586282,93.76840027657565
robust,spherical,AO,11.639259374456941,9.951599254886231,-9.951599254886231,11.639259374456946,214.30509285687143
robust,spherical,AR,-57.79170383094299,33.747792759410686,-33.747792759410686,-57.791703830942986,110.07934444031505
robust,spherical,AT,16.326994351566157,-47.79425611564608,47.79425611564608,16.326994351566167,45.421471754306445
robust,spherical,AU,146.27737065891966,37.26714264080886,-37.26714264080886,146.27737065891966,337.64101351172945
robust,spherical,BD,89.60448255777925,-23.175513719848585,23.175513719848585,89.60448255777924,102.12288481708153
robust,spherical,BE,4.709692899952387,-50.96334998088085,50.96334998088085,4.709692899952403,30.112511416010207
robust,spherical,BF,-0.05899918332070797,-13.465587698579863,13.465587698579863,-0.058999183320716866,200.20277518211444
robust,spherical,BH,50.36828473139849,-25.853779884974852,25.853779884974852,50.36828473139848,47.62325641254683
robust,spherical,BO,-62.95331599897024,19.15484738958979,-19.15484738958979,-62.95331599897023,242.65276685514826
robust,spherical,BR,-46.17397095693025,16.38473156390972,-16.38473156390972,-46.17397095693025,198.04479417404215
robust,spherical,BW,23.955673541926046,23.456143164573575,-23.456143164573575,23.95567354192606,238.6842332681022
robust,spherical,CA,-75.36250369324638,-45.281421364922316,45.281421364922316,-75.36250369324638,30.602142385940898
robust,spherical,CD,14.692222113918149,4.781276318921958,-4.781276318921958,14.692222113918136,85.31104878572224
robust,spherical,CH,7.926785020279652,-47.38073894529306,47.38073894529306,7.926785020279675,62.223160069446365
robust,spherical,CI,-4.691695118565377,-8.14560761882092,8.14560761882092,-4.6916951185653994,161.00522521203794
robust,spherical,CL,-68.60318655329284,34.46274597077785,-34.46274597077785,-68.60318655329286,221.42785472950916
robust,spherical,CM,10.431792263878435,-3.9824416421256275,3.9824416421256275,10.43179226387843,120.79657835808274
robust,spherical,CN,115.27059558784003,-39.5775124720255,39.5775124720255,115.27059558784003,103.15446207695871
robust,spherical,CO,-69.64948944880935,-2.5196124931200643,2.5196124931200643,-69.64948944880933,543.8283027324215
robust,spherical,CR,-81.39903152418553,-8.436206034970823,8.436206034970823,-81.39903152418552,338.87244757188375
robust,spherical,CU,-75.90122480943774,-21.028490481025536,21.028490481025536,-75.90122480943774,705.9795259041317
robust,spherical,CZ,14.470327537419422,-50.279231139774,50.279231139774,14.47032753741943,21.57073420345699
robust,spherical,DE,13.64304740478562,-52.35779529627524,52.35779529627524,13.64304740478562,24.756361239741878
robust,spherical,DJ,41.40256026471124,-10.767877582775938,10.767877582775938,41.40256026471124,211.44894620590475
robust,spherical,DK,12.603010764039027,-55.78033296743527,55.78033296743527,12.603010764039032,11.399488342487915
robust,spherical,DZ,3.282582334208513,-36.23493259425006,36.23493259425006,3.282582334208521,62.542419077718755
robust,spherical,EC,-74.74465218712668,1.1842464386946177,-1.1842464386946177,-74.74465218712666,431.494800775895
robust,spherical,EG,31.118151117543988,-29.40507470215795,29.40507470215795,31.118151117544002,73.00948399534
robust,spherical,ES,-3.117013091970989,-40.59078864920828,40.59078864920828,-3.1170130919710113,52.43937349233833
robust,spherical,ET,36.938208413876595,-8.240934366821836,8.240934366821836,36.938208413876595,212.67350188146776
robust,spherical,FI,24.53882074623499,-60.42159983081369,60.42159983081369,24.53882074623497,34.732089474376366
robust,spherical,FJ,177.42470239844226,18.13817202419061,-18.13817202419061,177.42470239844226,107.4694807925948
robust,spherical,FR,2.7988761194625624,-48.95452437438425,48.95452437438425,2.7988761194625575,35.47348228746113
robust,spherical,GB,-0.16460854851439422,-51.96055678593774,51.96055678593774,-0.1646085485143728,51.09386778132366
robust,spherical,GH,-0.6969906787444984,-7.037820343523611,7.037820343523611,-0.6969906787445079,173.46978044485502
robust,spherical,GR,23.321376557989424,-37.67940631369677,37.67940631369677,23.321376557989442,49.530216352479385
robust,spherical,GT,-85.29565483569584,-13.352486980180833,13.352486980180833,-85.29565483569584,582.0397271160083
robust,spherical,HU,19.424681111452315,-47.40745370594912,47.40745370594912,19.42468111145231,27.868980857383423
robust,spherical,IE,-5.411168553784023,-53.51505147515314,53.51505147515314,-5.411168553784017,59.12792960703513
robust,spherical,IN,77.34527124411653,-27.44949828187197,27.44949828187197,77.34527124411653,128.72507788677603
robust,spherical,IQ,44.32955323221685,-33.007951290395965,33.007951290395965,44.32955323221687,37.44095801775139
robust,spherical,IR,50.57768611794745,-34.30540052828313,34.30540052828313,50.57768611794746,170.51735942311925
robust,spherical,IS,-18.709743877293164,-63.98598352432877,63.98598352432877,-18.709743877293146,158.59633321766213
robust,spherical,IT,12.884759021471012,-42.12896660313346,42.12896660313346,12.884759021471012,42.08460363205556
robust,spherical,JO,36.73832570038692,-31.46318279979779,31.46318279979779,36.73832570038693,93.70924604227807
robust,spherical,JP,138.76944072428705,-36.164215234102315,36.164215234102315,138.76944072428702,102.97157202300595
robust,spherical,KE,34.526425448050816,1.3021719589557983,-1.3021719589557983,34.5264254480508,254.3919032191596
robust,spherical,KH,105.86241462674872,-14.803638530928502,14.803638530928502,105.8624146267487,375.84176408720697
robust,spherical,KR,126.31956762329935,-37.76291740895628,37.76291740895628,126.31956762329933,63.49869026307175
robust,spherical,KW,47.90199908574789,-28.69847212974514,28.69847212974514,47.90199908574786,75.20385927254209
robust,spherical,LA,104.61003512797964,-20.073441561623575,20.073441561623575,104.61003512797963,315.4688077699352
robust,spherical,LB,34.83938119230936,-33.60684957933603,33.60684957933603,34.83938119230933,68.56681244429417
robust,spherical,MA,-6.328010044690501,-34.65090546782368,34.65090546782368,-6.328010044690486,83.77334292982532
robust,spherical,MG,43.81111672963206,19.713667563590914,-19.713667563590914,43.811116729632055,398.65414445042376
robust,spherical,MN,107.05220713315356,-45.89211966724902,45.89211966724902,107.05220713315357,225.57875725699225
robust,spherical,MR,-13.088278110750537,-20.604880635128353,20.604880635128353,-13.088278110750544,412.4910526190714
robust,spherical,MX,-97.2498496830789,-19.620705813366847,19.620705813366847,-97.24984968307889,198.31011823399427
robust,spherical,MY,101.74090841284982,-3.9328452766506556,3.9328452766506556,101.74090841284982,85.11207184646314
robust,spherical,MZ,30.91479790768045,24.55388763869709,-24.55388763869709,30.914797907680445,229.1302163425924
robust,spherical,NA,16.754662239426807,22.244533439857673,-22.244533439857673,16.754662239426786,49.52611390289432
robust,spherical,NG,6.75508348109156,-9.548991561615196,9.548991561615196,6.755083481091545,99.57201795769029
robust,spherical,NL,5.151381793525985,-52.63485733414232,52.63485733414232,5.151381793525978,35.307410481841956
robust,spherical,NO,11.242587657855807,-59.90311892860919,59.90311892860919,11.242587657855815,27.623941818718247
robust,spherical,NP,85.28396195531525,-27.389886367394805,27.389886367394805,85.28396195531525,36.680910061108385
robust,spherical,NZ,173.51399465788631,41.65420276696023,-41.65420276696023,173.5139946578863,112.83836028924085
robust,spherical,OM,56.88080544444685,-22.92618026568056,22.92618026568056,56.880805444446835,190.88863462383904
robust,spherical,PA,-77.6020998239553,-7.918433276579449,7.918433276579449,-77.60209982395531,242.626344533996
robust,spherical,PE,-75.98903877825839,11.568710057799274,-11.568710057799274,-75.98903877825839,127.29070871451343
robust,spherical,PG,146.44578749471788,8.889929980167228,-8.889929980167228,146.44578749471788,103.94015020511571
robust,spherical,PH,120.16403717664815,-15.439434911844568,15.439434911844568,120.16403717664812,127.55488252296752
robust,spherical,PK,70.91262191389677,-30.184010471435617,30.184010471435617,70.91262191389679,445.1322416551752
robust,spherical,PL,20.158470273955203,-52.18601865387032,52.18601865387032,20.158470273955206,57.66264135195957
robust,spherical,PT,-8.063108066414884,-39.85089720332661,39.85089720332661,-8.063108066414863,156.14227541475506
robust,spherical,QA,51.94065976675108,-25.754740901283686,25.754740901283686,51.940659766751075,66.2106651892797
robust,spherical,RO,24.783327278716484,-44.6701164445369,44.6701164445369,24.78332727871648,107.39292579744766
robust,spherical,RS,20.166392073611263,-45.28342649119487,45.28342649119487,20.166392073611245,56.59273529486628
robust,spherical,RU,38.24341340490395,-55.37814626138052,55.37814626138052,38.24341340490396,57.58391772420726
robust,spherical,RW,28.002195432506568,2.3236362631481517,-2.3236362631481517,28.002195432506564,232.2146635077371
robust,spherical,SA,45.895192639608155,-24.96372618652938,24.96372618652938,45.895192639608176,95.31438258187117
robust,spherical,SB,161.3113340478655,9.973813904651685,-9.973813904651685,161.3113340478655,160.6859911175075
robust,spherical,SE,17.091346683244268,-59.224607434312986,59.224607434312986,17.091346683244247,58.76995028081919
robust,spherical,SG,104.30455873323183,-2.875836877063581,2.875836877063581,104.30455873323184,182.77797892846692
robust,spherical,SN,-16.726234585832287,-15.471981407813292,15.471981407813292,-16.726234585832287,116.17341855309631
robust,spherical,TH,101.03044908510287,-14.659972992438975,14.659972992438975,101.03044908510284,115.26199341028297
robust,spherical,TN,9.632459036489394,-36.981248899830675,36.981248899830675,9.632459036489387,52.55506357267845
robust,spherical,TO,-175.12698376076247,20.240421752531006,-20.240421752531006,-175.12698376076247,100.33655186961094
robust,spherical,TR,32.92893704326582,-39.7742363641648,39.7742363641648,32.92893704326582,18.14028099522858
robust,spherical,TZ,33.331647932293464,4.943678666723668,-4.943678666723668,33.33164793229347,301.0474415318512
robust,spherical,UA,29.78374207876439,-49.98768157128912,49.98768157128912,29.783742078764387,71.99175930357458
robust,spherical,UG,28.763774692908385,-0.9700928230573022,0.9700928230573022,28.763774692908388,430.60688541770935
robust,spherical,US,-76.66045351230393,-39.18395540430299,39.18395540430299,-76.66045351230392,43.645099787274944
robust,spherical,UY,-54.62921037286094,33.22293202775449,-33.22293202775449,-54.62921037286092,230.6713203683346
robust,spherical,UZ,68.45752806118577,-40.43268028428354,40.43268028428354,68.45752806118578,120.54140801037639
robust,spherical,VN,106.35943705223156,-21.70172330302467,21.70172330302467,106.35943705223154,91.08047438958401
robust,spherical,VU,169.45518265492694,17.71188754077358,-17.71188754077358,169.45518265492692,120.61538645048911
robust,spherical,WS,-173.92595371086054,13.813037023804085,-13.813037023804085,-173.92595371086054,236.19042003099577
robust,spherical,ZA,26.237086854908114,26.647678467143077,-26.647678467143077,26.23708685490811,224.58205165292395
robust,spherical,ZM,25.9611373716223,14.089810715186186,-14.089810715186186,25.961137371622293,289.7366826219097
robust,spherical,ZW,27.974984015579082,17.923949045810478,-17.923949045810478,27.97498401557908,324.88361279315296
robust,classical,AE,48.75531343188278,-39.32464968987659,,,
robust,classical,AO,6.075805374849473,-30.377337745126958,,,
robust,classical,AR,-42.581129572903635,24.130283706489543,,,
robust,classical,AT,17.712403777131907,-44.765885845886636,,,
robust,classical,AU,68.86006895093216,59.254806260101915,,,
robust,classical,BD,78.16403861491249,-24.596119862387816,,,
robust,classical,BE,12.045965190943337,-42.76826082031058,,,
robust,classical,BF,-3.6429541545863877,-48.14462455870475,,,
robust,classical,BH,44.63413841084207,-39.196162565872484,,,
robust,classical,BO,-46.33822882021627,20.376954438152985,,,
robust,classical,BR,-41.78515214517266,1.4225520024654976,,,
robust,classical,BW,17.258225868333895,-23.320609930563016,,,
robust,classical,CA,-10.15348908136109,-0.5991091371348531,,,
robust,classical,CD,8.4382774632117,-35.28307133668858,,,
robust,classical,CH,12.44692729523826,-44.88561698872159,,,
robust,classical,CI,-8.955891719829626,-44.713489945312475,,,
robust,classical,CL,-40.142102020972104,35.13505119800032,,,
robust,classical,CM,4.4388341863243355,-43.205286265533594,,,
robust,classical,CN,78.51242930885415,-12.54368101032949,,,
robust,classical,CO,-44.735391545694185,11.951603131462598,,,
robust,classical,CR,-36.751066820621475,23.435450744443813,,,
robust,classical,CU,-29.95346225465327,8.871006922641342,,,
robust,classical,CZ,17.265783510298217,-43.416286373347376,,,
robust,classical,DE,17.621819403416573,-41.61900530236787,,,
robust,classical,DJ,36.154359970640115,-40.73101347709195,,,
robust,classical,DK,18.199642615532678,-39.30790769570447,,,
robust,classical,DZ,4.535420557285665,-49.64608854655826,,,
robust,classical,EC,-44.65365868202487,20.81941462634395,,,
robust,classical,EG,26.503041366968482,-47.10697987021901,,,
robust,classical,ES,2.332667613210507,-48.033116384596056,,,
robust,classical,ET,31.024759991603315,-40.41152838536466,,,
robust,classical,FI,25.195208070198788,-35.38629290969209,,,
robust,classical,FJ,57.78662837128577,81.25584657181226,,,
robust,classical,FR,9.922695748390543,-44.52907039717018,,,
robust,classical,GB,9.676594794147139,-41.55146713089786,,,
robust,classical,GH,-6.0325777471520965,-45.87008694847155,,,
robust,classical,GR,20.15334177068182,-45.86044714360995,,,
robust,classical,GT,-30.78922834140585,23.04661981489801,,,
robust,classical,HU,19.76050691315809,-44.069651823683955,,,
robust,classical,IE,8.27658001967559,-40.11927004038509,,,
robust,classical,IN,69.11859804715851,-31.00319318277129,,,
robust,classical,IQ,38.25118508437989,-40.19711593842817,,,
robust,classical,IR,44.13501083285786,-39.721020454659055,,,
robust,classical,IS,10.46500196685552,-31.84886829419164,,,
robust,classical,IT,14.112175607252885,-46.42843472943619,,,
robust,classical,JO,32.32750937216093,-44.93193244286404,,,
robust,classical,JP,75.34982774855652,7.013522896329203,,,
robust,classical,KE,28.180192903817552,-37.16983357065804,,,
robust,classical,KH,89.58978894657126,-12.031534141732173,,,
robust,classical,KR,79.38261819065467,-3.5647047450593146,,,
robust,classical,KW,41.92105698010046,-39.474881154763096,,,
robust,classical,LA,89.9014501902689,-15.943116631006006,,,
robust,classical,LB,29.283894941861845,-45.042368932272325,,,
robust,classical,MA,-2.71060387290305,-48.85651434710683,,,
robust,classical,MG,36.84521860802375,-24.88953008055388,,,
robust,classical,MN,74.02363329749365,-17.919253485606237,,,
robust,classical,MR,-13.105658111818233,-49.574380965608434,,,
robust,classical,MX,-21.213770690343846,30.35871622473445,,,
robust,classical,MY,92.57395973712089,-13.285821310731937,,,
robust,classical,MZ,23.547128188816888,-22.323237391406014,,,
robust,classical,NA,11.10396349478834,-21.316921853377423,,,
robust,classical,NG,1.2059983301771062,-45.638019510497365,,,
robust,classical,NL,12.892273739781464,-42.297212580087404,,,
robust,classical,NO,18.88444310335516,-35.65356041038457,,,
robust,classical,NP,75.19411240742512,-28.075992519313886,,,
robust,classical,NZ,51.74552356943157,86.9428740278714,,,
robust,classical,OM,51.41524986318676,-38.219609737511746,,,
robust,classical,PA,-39.11713808805959,20.15143176456487,,,
robust,classical,PE,-49.05135478761112,28.7137859981189,,,
robust,classical,PG,82.67078594432586,43.88190937847042,,,
robust,classical,PH,93.49197684203523,-2.0028793650190266,,,
robust,classical,PK,62.37598830395373,-35.76587033378836,,,
robust,classical,PL,21.024045993115585,-41.35068617890559,,,
robust,classical,PT,-0.16862982326486176,-46.214033544049,,,
robust,classical,QA,46.66261162000107,-39.30653181703778,,,
robust,classical,RO,22.01670679120943,-44.05771617299573,,,
robust,classical,RS,19.42997042288238,-44.969783355062546,,,
robust,classical,RU,32.75331039517944,-37.17756804663539,,,
robust,classical,RW,21.173545963005985,-37.3419274660764,,,
robust,classical,SA,40.404728968995926,-41.3306327578741,,,
robust,classical,SB,71.91896605223893,62.547108523236915,,,
robust,classical,SE,21.058620297994864,-37.27108742430944,,,
robust,classical,SG,92.93097814495344,-10.241760011302958,,,
robust,classical,SN,-18.536256492338143,-46.65373985895265,,,
robust,classical,TH,87.87405581401065,-15.58087025959757,,,
robust,classical,TN,9.055514214110843,-48.75652053226105,,,
robust,classical,TO,49.48330659712924,89.70349674799834,,,
robust,classical,TR,28.212973991244624,-43.04828932105881,,,
robust,classical,TZ,26.559854070730125,-34.33937974706046,,,
robust,classical,UA,26.412343273252237,-40.512149869969996,,,
robust,classical,UG,22.196039522790915,-39.16573697463781,,,
robust,classical,US,-15.451200444507865,1.8351582513040015,,,
robust,classical,UY,-41.28283364168473,20.57407213064142,,,
robust,classical,UZ,56.590837418037,-33.47353976674421,,,
robust,classical,VN,89.71836398640288,-15.39876964474663,,,
robust,classical,VU,65.72878061905213,74.46422292957351,,,
robust,classical,WS,47.76661946621701,83.42714229465976,,,
robust,classical,ZA,19.243245301587002,-16.79617820400967,,,
robust,classical,ZM,18.56830016176761,-28.64782865174554,,,
robust,classical,ZW,20.739670940852026,-23.358289738837925,,,
robust,metric,AE,44.915701503608105,-36.33766207795675,,,
robust,metric,AO,7.0738147060473295,-53.70744843106272,,,
robust,metric,AR,-42.11072739257081,-9.971113212823758,,,
robust,metric,AT,19.853146850670072,-24.379043239828732,,,
robust,metric,AU,73.04446755591766,40.237323827212236,,,
robust,metric,BD,65.75199892675808,-22.586687548083603,,,
robust,metric,BE,14.420855801880009,-21.028632502796185,,,
robust,metric,BF,1.564064763613171,-41.48758944476975,,,
robust,metric,BH,42.276979914430285,-35.7097871195964,,,
robust,metric,BO,-38.15339052696736,-2.3302959867737982,,,
robust,metric,BR,-33.62633310511531,-18.596870502140984,,,
robust,metric,BW,16.944922788663526,-63.44797349785158,,,
robust,metric,CA,-5.633514616857582,12.121388265847642,,,
robust,metric,CD,10.882165101568065,-52.61247167439807,,,
robust,metric,CH,15.19281122305568,-23.927395726820883,,,
robust,metric,CI,-2.906727729178435,-42.46462937047127,,,
robust,metric,CL,-42.55326965430703,2.424253087566548,,,
robust,metric,CM,8.247577066491706,-48.09094590822468,,,
robust,metric,CN,66.01546371534103,-2.679958881814022,,,
robust,metric,CO,-30.82829369507414,6.376047431467182,,,
robust,metric,CR,-25.99107784127852,17.90798916188333,,,
robust,metric,CU,-20.347321835876553,13.537414995620004,,,
robust,metric,CZ,19.24132121415289,-22.459885672715195,,,
robust,metric,DE,19.114800004850956,-20.855125329122163,,,
robust,metric,DJ,37.195574034070326,-46.07614899415,,,
robust,metric,DK,19.292022420403335,-18.164909243436046,,,
robust,metric,DZ,9.758396731438726,-30.293677898488674,,,
robust,metric,EC,-32.351450829967234,10.939865050366219,,,
robust,metric,EG,28.736946687292694,-36.220122667569406,,,
robust,metric,ES,7.165121556016455,-26.72372148421926,,,
robust,metric,ET,33.40845443554568,-47.47336118280891,,,
robust,metric,FI,25.10919591989689,-15.208926480878265,,,
robust,metric,FJ,55.61163041519911,58.3739464079582,,,
robust,metric,FR,12.894546102118447,-22.273212282385423,,,
robust,metric,GB,12.391311834285656,-19.662166884363646,,,
robust,metric,GH,-0.3097221152765748,-44.221457343950675,,,
robust,metric,GR,23.315134055395806,-30.939923987578844,,,
robust,metric,GT,-22.899304115733518,21.20539677332102,,,
robust,metric,HU,21.551250316623662,-24.66100039311522,,,
robust,metric,IE,10.59463174931467,-17.61445531044138,,,
robust,metric,IN,58.01249780625318,-27.05888012166852,,,
robust,metric,IQ,37.24452535014677,-32.06950003325391,,,
robust,metric,IR,40.962608596793615,-30.814723695288826,,,
robust,metric,IS,11.326029536547491,-7.50221604797499,,,
robust,metric,IT,16.972756822271865,-27.944138512183095,,,
robust,metric,JO,32.586684496931454,-34.5271780303077,,,
robust,metric,JP,67.3613403481917,11.925842449365074,,,
robust,metric,KE,30.686315131994107,-52.925208930601215,,,
robust,metric,KH,74.83079034627622,-12.82600430805966,,,
robust,metric,KR,67.57977264749016,4.0234177152154125,,,
robust,metric,KW,40.207376889615546,-34.323047277238864,,,
robust,metric,LA,72.5838461975898,-13.376037171499288,,,
robust,metric,LB,31.38682665809474,-33.15164701013444,,,
robust,metric,MA,3.451969240803585,-29.408794007303054,,,
robust,metric,MG,38.98942339336866,-61.22780418324871,,,
robust,metric,MN,60.66462070662379,-5.547291004610173,,,
robust,metric,MR,-5.469948887547787,-35.263127581203236,,,
robust,metric,MX,-16.43281975713482,29.656898187752788,,,
robust,metric,MY,77.72691982518258,-18.25622580675959,,,
robust,metric,MZ,24.800043888738827,-64.64652029819258,,,
robust,metric,NA,9.617907293056462,-60.56525238430634,,,
robust,metric,NG,6.036279379011756,-44.11202651683159,,,
robust,metric,NL,15.068464673327561,-19.926873235380498,,,
robust,metric,NO,19.593253806309804,-14.91981474735445,,,
robust,metric,NP,61.95445058104784,-23.30563849025385,,,
robust,metric,NZ,53.14362638980414,60.54556533219966,,,
robust,metric,OM,47.04208244311529,-35.823575054622225,,,
robust,metric,PA,-26.927964734284007,14.392649054366238,,,
robust,metric,PE,-37.4246953498826,10.495983594637039,,,
robust,metric,PG,77.23434799691651,29.949281350829104,,,
robust,metric,PH,77.9042438749174,-1.470576606101396,,,
robust,metric,PK,53.9343221989768,-28.29842588472869,,,
robust,metric,PL,22.390112231160863,-21.277432567066676,,,
robust,metric,PT,4.344377368723574,-25.77186584825345,,,
robust,metric,QA,43.35017492083784,-35.66896771198333,,,
robust,metric,RO,24.575282964671075,-26.535305935165596,,,
robust,metric,RS,21.821358603433147,-26.204489619766793,,,
robust,metric,RU,31.17743688514684,-18.758273895354186,,,
robust,metric,RW,24.416672453924818,-53.32705481208239,,,
robust,metric,SA,39.506282454278626,-36.91788060255807,,,
robust,metric,SB,67.89393082180558,44.13200607632458,,,
robust,metric,SE,21.9223471482377,-15.904415210469937,,,
robust,metric,SG,78.99709706830356,-15.922196441639665,,,
robust,metric,SN,-9.299068063824077,-35.85527734747989,,,
robust,metric,TH,73.2430282616126,-16.249667079796534,,,
robust,metric,TN,14.031310745395544,-30.72291338206707,,,
robust,metric,TO,46.23714119054067,63.24653851053718,,,
robust,metric,TR,29.49212804426283,-29.280898392698194,,,
robust,metric,TZ,29.08044161360263,-54.38435459300786,,,
robust,metric,UA,27.313971418932528,-22.711206708381756,,,
robust,metric,UG,25.322680409527763,-51.672009164663784,,,
robust,metric,US,-9.628701324975058,13.230128750094721,,,
robust,metric,UY,-41.20451318984688,-12.35443040107528,,,
robust,metric,UZ,49.47356331452747,-23.858244016434174,,,
robust,metric,VN,72.21218991111729,-11.284819096622112,,,
robust,metric,VU,63.53382274063013,52.844926711632695,,,
robust,metric,WS,43.580333465037555,61.271207276411886,,,
robust,metric,ZA,18.796092719365898,-64.18030522851936,,,
robust,metric,ZM,20.79442286889698,-58.68306784229947,,,
robust,metric,ZW,22.236667227675508,-60.05378189348021,,,
robust,nonmetric,AE,44.76336316015673,-39.47375479456405,,,
robust,nonmetric,AO,4.251888932716195,-52.40375297610698,,,
robust,nonmetric,AR,-41.80607758256605,-6.759373777308076,,,
robust,nonmetric,AT,22.225575082956002,-24.97928570437734,,,
robust,nonmetric,AU,65.48484940893059,43.13273161883894,,,
robust,nonmetric,BD,64.80656614418565,-22.993920768283424,,,
robust,nonmetric,BE,16.60093893675152,-21.168239661437475,,,
robust,nonmetric,BF,1.9858871248931074,-39.07899709232086,,,
robust,nonmetric,BH,42.53053991347484,-38.796167007304945,,,
robust,nonmetric,BO,-36.94087720701111,1.7072122793884894,,,
robust,nonmetric,BR,-32.82659243852858,-14.632291308995082,,,
robust,nonmetric,BW,12.516795774083478,-63.99788055236816,,,
robust,nonmetric,CA,-7.463190755182058,12.50894668354552,,,
robust,nonmetric,CD,8.518129535612651,-51.88765080161905,,,
robust,nonmetric,CH,17.442463076557065,-23.997141882470082,,,
robust,nonmetric,CI,-3.213644096011169,-39.14594861445414,,,
robust,nonmetric,CL,-41.11990039643361,6.750433817697441,,,
robust,nonmetric,CM,7.050464496559094,-46.47513352774901,,,
robust,nonmetric,CN,66.50984318314298,-3.079935514851819,,,
robust,nonmetric,CO,-29.436004391129178,9.55215573891709,,,
robust,nonmetric,CR,-25.294223852282972,20.84626875295337,,,
robust,nonmetric,CU,-20.05195847885415,15.850725897008857,,,
robust,nonmetric,CZ,21.649786233301192,-23.025962922871166,,,
robust,nonmetric,DE,21.462777398717645,-21.700567812214572,,,
robust,nonmetric,DJ,36.443901748005025,-47.98787450584288,,,
robust,nonmetric,DK,21.94207994400898,-19.002164726675332,,,
robust,nonmetric,DZ,11.065947892547944,-29.39514246077323,,,
robust,nonmetric,EC,-30.737350443637542,14.400077752558815,,,
robust,nonmetric,EG,29.940990096769042,-37.764832380227205,,,
robust,nonmetric,ES,8.836724532836088,-25.244726317525288,,,
robust,nonmetric,ET,32.48898266732055,-49.13879143844396,,,
robust,nonmetric,FI,27.85011635877705,-16.985559901616988,,,
robust,nonmetric,FJ,53.07016156151102,54.25539080857787,,,
robust,nonmetric,FR,14.762255645465565,-21.843348914139035,,,
robust,nonmetric,GB,14.192438253442218,-19.054389174369778,,,
robust,nonmetric,GH,-0.6378115539493621,-41.14986035831802,,,
robust,nonmetric,GR,25.241993639935366,-32.09574804156745,,,
robust,nonmetric,GT,-22.698996730764964,23.84985424911104,,,
robust,nonmetric,HU,23.589998035842456,-25.67361773385734,,,
robust,nonmetric,IE,12.571643027003358,-16.776366380598652,,,
robust,nonmetric,IN,57.360999995816016,-28.735082136547376,,,
robust,nonmetric,IQ,38.21661067379543,-35.07357592927806,,,
robust,nonmetric,IR,41.873955886031894,-33.90622609408405,,,
robust,nonmetric,IS,13.086557753335338,-7.108698616803702,,,
robust,nonmetric,IT,18.843917298470668,-28.46023495152896,,,
robust,nonmetric,JO,33.791021797403346,-36.79501678796562,,,
robust,nonmetric,JP,69.77062658918682,12.17197433713369,,,
robust,nonmetric,KE,29.2707017816165,-54.14907245907637,,,
robust,nonmetric,KH,74.1247212784622,-10.742635294306908,,,
robust,nonmetric,KR,68.88458623221696,4.25730348637294,,,
robust,nonmetric,KW,40.95400282184258,-37.41254075208541,,,
robust,nonmetric,LA,71.5266117862491,-12.19951325392586,,,
robust,nonmetric,LB,32.67439133119841,-35.188288030163065,,,
robust,nonmetric,MA,4.642920201486977,-27.26484523629378,,,
robust,nonmetric,MG,35.03015576578977,-63.90748890859656,,,
robust,nonmetric,MN,60.97902295878147,-6.847925030704916,,,
robust,nonmetric,MR,-4.473921614422107,-31.21624582025207,,,
robust,nonmetric,MX,-17.27552148748936,31.53400541232245,,,
robust,nonmetric,MY,76.8461217382125,-15.371242617765182,,,
robust,nonmetric,MZ,19.344274849454777,-66.08486665391737,,,
robust,nonmetric,NA,4.619924920022612,-59.87583540348842,,,
robust,nonmetric,NG,5.410363288095262,-42.029268445622435,,,
robust,nonmetric,NL,17.15643795643802,-20.019619458987606,,,
robust,nonmetric,NO,22.28550978334354,-16.09105493573261,,,
robust,nonmetric,NP,60.99264604904158,-24.465141787201595,,,
robust,nonmetric,NZ,48.8672588854203,56.8075392768622,,,
robust,nonmetric,OM,46.81168733388181,-38.49338283125612,,,
robust,nonmetric,PA,-25.926634126778932,17.04097796392098,,,
robust,nonmetric,PE,-35.53209111062557,14.717785014329579,,,
robust,nonmetric,PG,74.89866599465728,32.57376380693048,,,
robust,nonmetric,PH,77.51512290285567,1.3844170903952566,,,
robust,nonmetric,PK,53.4398650840689,-30.351587777047556,,,
robust,nonmetric,PL,24.57146448652849,-22.61797006998073,,,
robust,nonmetric,PT,5.989628014740113,-23.952274161023382,,,
robust,nonmetric,QA,43.54613300443805,-38.811111638438945,,,
robust,nonmetric,RO,26.796349023362907,-28.197031245722037,,,
robust,nonmetric,RS,24.001477269250685,-27.49253283198889,,,
robust,nonmetric,RU,33.63633274383109,-21.757479917613992,,,
robust,nonmetric,RW,22.688402700313116,-53.72157035650622,,,
robust,nonmetric,SA,39.98891361516822,-39.41281775227978,,,
robust,nonmetric,SB,68.24635086840362,42.85138370915293,,,
robust,nonmetric,SE,24.52996076609032,-17.321531908330066,,,
robust,nonmetric,SG,78.40109542268637,-12.386074190110948,,,
robust,nonmetric,SN,-8.526628818245744,-31.29853420202175,,,
robust,nonmetric,TH,72.19930243352097,-14.894762648002969,,,
robust,nonmetric,TN,15.508459516344956,-30.336683183084947,,,
robust,nonmetric,TO,43.95245768806609,57.53128391811104,,,
robust,nonmetric,TR,31.225451972424203,-31.246585594888828,,,
robust,nonmetric,TZ,26.85869911730402,-55.50443148346901,,,
robust,nonmetric,UA,29.84845213957401,-24.821933717603958,,,
robust,nonmetric,UG,23.81942616768774,-52.37065596043015,,,
robust,nonmetric,US,-10.663944083975235,13.974803413378474,,,
robust,nonmetric,UY,-40.88478617282905,-8.685422119184906,,,
robust,nonmetric,UZ,50.06541476521109,-27.415221317995623,,,
robust,nonmetric,VN,71.04391301028616,-9.466133454557585,,,
robust,nonmetric,VU,60.6825037394035,50.27294219460099,,,
robust,nonmetric,WS,41.91643175517184,56.79429494603346,,,
robust,nonmetric,ZA,13.33580270815612,-65.19533528415057,,,
robust,nonmetric,ZM,17.604937454991187,-59.44942255020807,,,
robust,nonmetric,ZW,18.148666215081303,-61.150855314665655,,,
