place_id,AE,AO,AR,AT,AU,BD,BE,BF,BH,BO,BR,BW,CA,CD,CH,CI,CL,CM,CN,CO,CR,CU,CZ,DE,DJ,DK,DZ,EC,EG,ES,ET,FI,FJ,FR,GB,GH,GR,GT,HU,IE,IN,IQ,IR,IS,IT,JO,JP,KE,KH,KR,KW,LA,LB,MA,MG,MN,MR,MX,MY,MZ,NA,NG,NL,NO,NP,NZ,OM,PA,PE,PG,PH,PK,PL,PT,QA,RO,RS,RU,RW,SA,SB,SE,SG,SN,TH,TN,TO,TR,TZ,UA,UG,US,UY,UZ,VN,VU,WS,ZA,ZM,ZW
AE,0.0,5661.471333331526,13594.468342935139,4236.7070750000275,12048.000000000002,3611.5738666655043,5148.87500000928,5529.624999989133,423.70931429537876,13825.57999999709,12117.931714285709,6269.999999997854,10964.252299998117,5052.833333333318,4814.124999998907,6242.054214289367,14716.648999731791,4832.773471427415,5928.984899857151,13618.499999999722,14220.193366666463,12504.15430017402,4456.5,4650.791055555544,1992.7180999998227,4824.184066666677,5046.833333333381,14188.407185714133,2289.6666666665196,5640.5,2405.50966666665,4799.182388944189,14156.782666666537,5249.571428573771,5474.522371428572,5888.7376426030705,3270.499999999982,14035.156640001263,4014.6666666666665,5944.666666666685,2297.8,1383.8000000000004,1274.3333333333514,6588.625000006868,4320.60325,1978.5123666688314,8022.20649999991,3559.1279428571193,5514.751699992669,6860.709314285719,852.625,5200.852044451026,1983.143466666675,5810.0901425401735,4980.481100123114,5251.07409965409,6635.833333334341,14315.571428573772,5586.503479993669,6345.301285712389,6562.299999991614,5113.644500001597,5171.228249999999,5162.7999999978065,3315.9956857171233,14243.157771428532,420.0,13862.979788891278,14803.749999802085,10363.49999999652,6968.89257999905,2030.3621799999603,4157.333333332575,6126.603249984134,300.375,3405.2537285714384,3811.0,3740.666666666649,3764.9227801919233,789.62077777783,12079.2421666857,4811.500000000572,5889.888888888889,7484.605571428781,4966.9826,4241.061499989578,14823.666666667135,2621.3522000172525,3879.5578888898876,3462.731999996298,3719.3333333320534,11322.749999999996,12645.000000005839,2431.666666646379,5290.486100000042,13941.625000000005,14688.749999999764,6293.01707145458,4976.875000004633,5476.875000000272
AO,5661.471333331526,0.0,7789.027249999412,6117.140885712712,11996.801040004135,9712.499999999107,6500.723133332347,2918.06050000002,5958.020219977283,7762.142366654795,6361.7981999579515,2094.9049000129326,10838.624999992073,553.5034800000295,6204.370885714259,2736.059966670181,8201.065333332195,1416.6550666667604,11536.808928786937,9457.73966668875,9779.739861072867,10113.000000000318,6615.704157479332,6539.927585709458,4605.833333331159,7192.787357141088,4826.776099999867,9660.74999999944,4970.836500552995,5774.857142857143,3499.5565500412476,7757.9671666750455,15809.234500000463,6501.680975000002,6829.777777777777,2402.465659984002,5567.875000352179,10410.62499999846,6134.907700000019,7374.666666691018,8601.666666657764,5833.795033332742,6181.800833335762,9223.681333318471,5795.920333335125,5372.833333335066,13561.83781998756,3166.275333333003,10412.629771427966,12389.001499999105,5937.489071593954,10163.05544444675,5485.991388873075,5586.155124501347,3939.847500017636,11334.03929999984,4168.833333345961,12058.19651425576,9423.833333342202,2784.8888888888887,1580.5,2222.735066667878,6828.084555555508,7514.193124998447,8799.62067143327,12525.98058573075,6080.901640008751,9638.700000001942,9889.221928232873,14820.000000000007,12301.23137498508,7433.467000018753,6691.299999992717,5780.0,5827.166666668498,6180.833333333874,6241.9191428563145,7380.401579989759,2027.1666666655806,5456.192625015368,16346.000000008018,7621.867271425165,10103.829939999474,4474.858500004211,10113.999999999829,5045.27962498786,16176.666666618778,5943.333333327731,2784.949442606059,6722.854142450817,2635.036299997759,10447.59083332978,6890.750000253554,8178.283928571434,10637.13835714233,15815.124999999764,16641.71249910367,2490.4285714262282,1891.0368499939127,2163.3333333330806
AR,13594.468342935139,7789.027249999412,0.0,11813.825157142865,11795.166666666686,17068.75255694152,11324.25157144594,8091.481572007078,13467.217428571586,1821.1999999874631,2340.6666666666665,7960.6555,8976.268642883148,7857.5,11207.804250000736,7324.499999999395,850.1111111111111,8193.125000002736,19269.333333333332,4684.888888888889,5672.482600017782,6895.842999999994,11818.462714285744,11912.300000000052,11186.66570048103,11824.114466666548,9802.636133331915,4353.965200000035,11800.0,10031.608666666665,10191.621714841443,12626.864928571249,11519.999999998345,11081.852171428569,11120.948785714194,7194.054166666123,10478.333333333334,6043.375000360847,11885.533075000185,11044.874999999804,15895.862333333345,12231.166666666548,13785.218928571412,11338.98490000076,11140.999999999965,12036.869428570117,18375.0,10147.610928572121,17260.833333333612,19428.706500000128,12614.999999999607,18609.640333333642,11837.438774999073,8968.343400283378,9596.23166667939,19252.151771433426,7553.046624079696,7375.25,15913.654442857192,8118.440066666836,7592.888666679362,7976.03250000042,11445.142857142857,11699.168928569763,17200.942666660067,10337.776099999966,13645.970357145361,5290.25,3138.87935,14047.029357555693,19996.0,15105.747214274817,12229.400000000674,9580.166666666666,13314.333333333334,11812.857142857143,11807.06845,13476.0,9495.250000012627,11964.47799999971,12585.199166665243,12144.059100007453,15870.47099999986,6954.095124999967,17250.14285714286,10190.358066668752,10339.22466666693,11802.105566666636,9330.398333326222,12816.603414293028,9607.735857145477,8374.26682500001,203.0,15935.007955561883,18739.666666666766,12209.666666664827,10314.280500002136,8115.889559999987,8173.238999913242,8175.369571428588
AT,4236.7070750000275,6117.140885712712,11813.825157142865,0.0,16084.723899999984,6943.877479674558,915.0,4226.250000003588,3935.153644443923,10574.475285714278,9612.333333333187,7814.937342644057,6795.276560077676,5607.57861111138,682.4440250000182,5022.484571707921,12482.53728576622,4871.699999999793,7455.888049999994,9639.94933333402,9791.981428571415,8690.760122222144,251.88888888888889,524.0,4859.166666667848,870.0,1637.62499998411,10181.287871428656,2384.333333333336,1809.4285714262285,4822.500000044054,1437.625,16306.425111111095,1033.7,1234.9,5048.269957141771,1280.0,9835.214625000212,214.0,1696.142857142857,5561.982928571441,2837.8971333328936,3166.853249999994,2997.691066665358,765.0,2457.6503142857036,9130.0,5685.625000001818,8745.624866662476,8272.5,3418.6249999999027,8346.840071428558,2242.373677777741,2372.8882666719464,8177.098620003687,6237.666666666258,4287.006074998308,9957.736699995556,9663.817371427143,8193.656785715491,7627.443533332672,4291.415844439553,937.0,1391.5,6247.557999999985,18181.87499993036,4475.333928790245,9630.733749884368,11261.84185682786,13507.56249999829,9720.333333333081,4895.170714282934,556.0,2300.2,3954.575400000325,855.1,490.4,1670.0,5873.7693888886615,3671.5000000094637,15256.189433325535,1244.0,9702.625,4772.166666667226,8454.666666666695,1360.3749999978606,16888.83333333492,1596.5791200126762,5941.840666665461,1003.9463777777831,5254.166666666881,7040.1627428569955,11234.202100270066,4181.666666667262,8338.086540037293,15973.624999999109,16178.578900000142,8359.166666664965,7212.0225444445,7472.76100000245
AU,12048.000000000002,11996.801040004135,11795.166666666686,16084.723899999984,0.0,9071.284214492127,16572.525279923793,15612.59999997948,12310.833333333241,12840.987714281873,14070.0,10604.176880614377,16248.517399999966,12393.737928531906,16561.393011111024,15322.307414286217,11340.111111111111,14029.375000000393,8964.2587,14313.091642857062,13949.166666666668,16252.828628571531,16088.9729857143,16092.1,11976.730133343126,16044.120266666387,17183.375000001022,14332.753666666846,14400.333333333334,17629.666666666686,11671.28233332881,15220.06612857142,3285.9684000023362,16959.57142857377,16959.33333333335,15674.029642852855,15305.999999999955,14282.500000604568,15743.33333333324,17221.625000000015,10213.0,13049.59010000439,12836.456499999962,16948.10439999979,16315.0,13209.641214288426,7974.223899999988,12158.163166668543,6944.333333333816,8342.482599999974,12288.375,7134.996166664443,14123.478333333458,17926.49616666392,9768.540166675886,9562.639714285227,17699.064277769936,13823.121285712268,6358.445500004933,10422.500000001854,10761.099999992475,14743.145571944342,16597.55105000002,15926.499999999554,9696.165199999934,2325.2,11383.054499986996,14321.16666666696,12775.833333334092,2626.400000000753,6276.1819713831055,10584.158142860277,15605.058999982626,18051.84996666671,11962.807428571075,15523.295033333228,15934.166666666666,14470.44477999051,11700.962857139379,12701.646250000034,3025.325280000002,15598.913766666667,6129.07748006096,17221.87499998027,7313.124285714324,16253.067299999697,3826.833333331359,14383.786699999682,11198.223428570845,14915.666666666648,11990.790374431368,15998.753555556068,11758.436357143217,11568.774624996915,7737.150033329246,2496.8509499964184,4413.500000000078,10279.666666666668,11769.73314285542,10844.601666667255
BD,3611.5738666655043,9712.499999999107,17068.75255694152,6943.877479674558,9071.284214492127,0.0,7652.635425144925,9408.20485714498,3937.3750000001423,16829.227700010786,15845.638399996567,8383.075000307499,11843.599399995563,8995.999999984178,7548.859488890172,10679.300166669424,17118.42425714326,8498.83299999922,3026.3333333333335,16389.785857142124,16363.83333333049,15398.999999982978,7130.065285713797,7124.298359879721,5255.508300002215,7335.166666666173,8388.566866666675,16449.402499996904,5276.275114286932,8267.212500000009,6046.988255550807,6580.833333331509,11419.999999998598,7908.758700000041,7994.131866666663,10015.000000005195,6069.690575002277,15859.412055555564,6736.333333336745,8184.530157141998,1423.7,4405.412342856933,4213.477350012265,8341.257857141274,7274.18986666673,5015.2173333352075,4829.00000001129,6827.27924285706,1864.3333333333649,3725.9048750348015,4262.833333334028,1351.6304285887122,5127.500000000646,9196.249999999198,6871.688585714893,3108.26927777457,10792.839784941816,15839.324374881022,2630.222222222222,7753.499999999206,9463.72535792966,8668.752929271795,7697.608666666757,7348.441328666996,664.3333333333334,11082.476785714287,3282.5,16294.564015058735,17441.713166653295,6816.8749999999245,3324.6250000005325,2021.8080857139694,6705.006942854235,8628.322857148518,3940.2687666661504,6264.698714284877,6766.624999990367,4980.166666667331,7326.249999988536,4643.452075012026,8705.472866688558,6911.982599999999,2895.499999997861,11881.333333348959,1540.0,7556.499999996395,11610.66700000944,5224.5915003209175,6702.973300001098,5939.432699993123,7258.874999995225,12692.833333334935,16282.680088890933,2901.502625002348,1861.000000000117,10001.027485706392,11061.86138888924,8347.337055557871,8281.623742853986,7972.791199998813
BE,5148.87500000928,6500.723133332347,11324.25157144594,915.0,16572.525279923793,7652.635425144925,0.0,4437.921533324786,4772.879924999789,10076.98956666584,9184.71733333317,8154.113399998844,5641.130444444397,6231.666666666665,488.2857142833713,5131.749999867601,11753.509599998048,5268.722622220649,7970.0,8838.166666670264,8964.36914000004,7704.508957143375,717.1,651.0,5559.576166668108,764.8888888888889,1643.8333333331807,9481.51922222053,3210.8333333333335,1315.5,5634.095125000042,1647.4309750000007,16341.293500000029,264.0,320.0,5038.758371428557,2089.500000000018,9033.166666666551,1129.7,774.0,6363.500000000001,3750.645699825938,4075.3333333333153,2131.5,1173.0,3305.999999999699,9438.666666666666,6519.483749999637,9553.40000000064,8672.041928571425,4361.1249999991915,9005.322244444316,3142.8836999999976,1878.624999999937,8769.83180000046,6977.614840039282,3813.1666666683122,9224.499999999916,10251.59694290035,8761.246333333189,8253.00000000469,4755.736985828706,173.0,1027.274822222032,7191.876185585504,18814.75,5481.519588889089,8793.939266666663,10524.333333333334,14252.333333335586,10446.333333333205,5819.300833337598,1160.0,1712.4285714285713,4895.024877777778,1763.2857142880573,1373.375,2253.0,6259.423833333308,4686.242942856611,15165.825342852628,1281.0,10539.005799999974,4489.9369666667335,9264.805975,1625.6,16634.535125000562,2592.4369666667676,6748.929250002542,1853.3092571439138,6224.215271428456,6240.902166666615,10877.717500000106,4932.397075007513,8361.525525000043,16269.015571428885,15689.541111110451,8862.74692857123,7589.942314283219,7875.066388888288
BF,5529.624999989133,2918.06050000002,8091.481572007078,4226.250000003588,15612.59999997948,9408.20485714498,4437.921533324786,0.0,5352.598888521799,8265.909485719309,5885.1666666547235,4986.419711101744,8014.232157616881,2803.925428465584,3991.1249999955176,676.87973333142,8976.182611115419,1803.9880856863724,10917.874999999922,7906.431600016897,8822.307571422565,8004.507766659617,4462.58240000031,4706.733166666666,4709.499999995104,4904.402214124596,2712.3507333333673,8400.120699989906,3654.83333331846,3181.715774999928,4172.296999997939,5629.166666664216,18341.5172142853,4070.452725000002,4467.1577999963165,759.8571428571429,3592.166666669861,9111.666666676441,4227.5573571318155,4615.999999997552,8048.074460401021,4882.622642857158,5405.70362501046,5768.428757482751,3554.000000000633,4400.075228362775,12539.933333347613,4482.439828561396,11035.389944444576,11846.666666664783,5409.333333339178,10628.8933600064,4298.030485716075,2421.6308444517445,6356.87499998291,9884.649999997231,1612.2456499999948,10088.333333325028,11018.333333332968,5840.833333335941,4663.500000000007,825.1666666668693,4567.528471428421,5359.340666664932,8610.625000482789,17481.713166653673,5775.993100004674,8320.000000000993,8805.00000000007,16465.00000001185,12586.945785709582,7390.659155555559,4852.999999998007,3110.2428333359508,5417.374999759081,4490.841385937922,4202.50000000594,5830.873277777793,3574.9114666643804,4848.375000137157,18274.16666666601,5413.166666666436,11453.333333339342,1688.5984428573142,10524.338399988055,2754.8522666609865,19068.315357139752,4482.368071592659,4538.333333336102,5021.333333328269,3582.985333330448,8150.590499996842,8035.357720041319,6842.499999998451,10683.297442858526,18299.166666663878,18145.704388880866,5285.700214016405,4550.624999998512,4867.500000004438
BH,423.70931429537876,5958.020219977283,13467.217428571586,3935.153644443923,12310.833333333241,3937.3750000001423,4772.879924999789,5352.598888521799,0.0,13418.249599994953,11527.216022224084,6190.210000001129,10147.867271429408,5023.333333327999,4498.889033335871,6104.933686118468,13949.374999995065,4823.624999988818,6154.2347333338585,13156.831999987802,13724.50000000102,12155.173999997307,4196.666666668073,4339.500000001621,1952.5167428580014,4770.983366666985,4725.978499999924,13816.557927955291,1928.0210111111066,4842.6249999996935,2204.8394142877873,4309.0491333394275,14351.133756880474,4822.184785722964,5099.632960000332,5970.903200005923,2620.8333333316814,13355.095533329892,3544.3749999997913,5569.000000005876,2626.5,986.9360285715345,1027.265100015893,6302.2499995841135,3999.983749883584,1532.6250000002624,8261.275844444444,3518.07011110764,5983.333333333322,7071.705350000061,419.72415555800364,5503.249999978872,1579.4999999999889,5438.3153571321345,5311.1090666539885,5530.750000504117,6226.886785704663,14317.666666666666,6278.787542856837,6107.089857148685,6562.715128322616,4935.858499996456,4806.357024999705,4871.125000001497,3592.124999999846,14673.254000003466,832.9729857020486,13579.927666669266,14255.910125002607,10746.034700019267,7396.6666666668225,2257.180855558057,3867.015571256415,5647.499999991249,140.8,3078.1292779076753,3388.1666666720002,3440.0,4143.054871427297,420.6666666666667,12570.484099829133,4662.550724999941,6330.177199999859,7147.418111103675,5360.889559999991,3854.3414333372725,14741.64533332321,2010.6795799996469,4160.57771428731,3109.5521999988146,3749.3940333333935,10469.388449968445,11897.340333336013,2813.2593571433613,6040.596777792945,13987.500000006088,14734.630142022672,6287.659333334659,5070.225211118612,5643.092957142867
BO,13825.57999999709,7762.142366654795,1821.1999999874631,10574.475285714278,12840.987714281873,16829.227700010786,10076.98956666584,8265.909485719309,13418.249599994953,0.0,1970.3999999999994,9095.550514278311,6733.98245672946,8870.83333333321,10064.333333333418,7758.742429095801,1636.5746333332404,8335.666666666353,17799.907300032744,2874.999999999804,3814.166666666636,4933.632400288675,10784.509428675987,10253.820455555553,11944.378028589128,10447.666666670324,9124.000000002901,2421.4999999993033,10682.560400005543,9146.47068523883,11095.370611108292,11629.000000004278,11977.712400003473,9989.439171428354,9804.656350002526,7855.16666666036,10498.239511111235,4611.11512222282,11097.000000003343,9642.601914285564,16099.597722222556,12795.393585717413,13612.088277777972,9713.717811104867,10120.089671428164,12291.602571429488,16997.624999999487,10455.833333334624,18260.000000008866,17887.574533342842,12872.624999602644,18587.02935714635,11573.697966666874,8471.55670000442,10097.833333335364,16410.611572064594,7733.55569248605,5388.134885714813,18307.68981430792,9215.99999999444,7909.9050714121495,7965.430914278068,10115.92974444449,10555.833333332534,17226.32492857222,10535.833333332304,13796.820425008227,3371.984243084821,1440.83791428216,15133.301666660776,18890.762043664967,15407.549866666197,11094.170900019446,8678.249999996293,13570.505537500598,10934.246785717443,10981.997444442619,12393.623333333135,9920.124999998743,12767.656414277291,13394.38039998325,10967.666666669253,17819.153929366574,7120.950572452694,17535.702666659807,9627.546361106386,11058.723856142753,11683.13375713989,10139.559142315276,11650.877433331465,10182.499999993543,6431.583500003827,1915.3183571438399,14723.656128341005,19185.296055558087,12951.462566679387,11263.74999999074,8928.759499983173,9060.033973339914,8931.666666666591
BR,12117.931714285709,6361.7981999579515,2340.6666666666665,9612.333333333187,14070.0,15845.638399996567,9184.71733333317,5885.1666666547235,11527.216022224084,1970.3999999999994,0.0,7405.198857141832,6962.521333327452,6821.610071266346,9097.271833334054,5630.499999996519,3017.214488888886,6896.87499999487,16976.69566666667,3660.0,4858.532971423355,5181.556143499564,9543.500000378282,9510.00554444447,9606.464214283893,9470.831628571495,7763.6844999999985,3420.321733333314,9509.648060000512,7271.208944444432,9164.83333333122,10443.06735717568,14066.740928564941,8725.666666666666,8775.490385726443,5590.327277777956,9502.25000000026,5415.95316667138,9644.526700001896,8727.520849993572,14287.303999977286,11093.333333316688,12020.853944441049,8880.010785479353,8724.857142857143,10404.365833335167,17370.833333333314,8097.469000001298,17171.93849999604,18134.4478,11387.499999998201,17710.870928569955,10068.557357144096,6973.7517142845045,9334.754714505076,16316.862000008174,5183.833333337031,6845.741299991124,16375.000000000266,7699.725628563615,6657.739900005765,6151.918500000071,9199.522433333465,9579.479599619768,14930.833333333589,11890.970357135178,12019.2138571535,4574.14106666535,3170.1,16736.24999919037,18407.499999999345,13728.717000008057,9971.297333336719,7289.571428573771,11658.96735714357,9859.999999999116,9501.948785714134,11179.57142857143,8108.510611126265,10680.395055881843,15259.800000009538,10048.9728003611,16675.242285853077,4997.500000006938,16740.142857140516,8164.974833333344,12789.144375004416,10287.84365,8469.375000367516,10161.649657233495,7663.080856713818,6735.866300000008,2279.75,13926.666666673336,17098.95312000126,14644.823371430091,13752.343499974751,7450.375133328358,7633.942333322009,7491.734222220837
BW,6269.999999997854,2094.9049000129326,7960.6555,7814.937342644057,10604.176880614377,8383.075000307499,8154.113399998844,4986.419711101744,6190.210000001129,9095.550514278311,7405.198857141832,0.0,12740.522,2221.0235430912107,8216.094333329309,4973.1666666792935,9056.25000086211,3099.969985691641,11377.135111114154,10218.598914900409,11722.077700416345,11848.366933335543,8325.62414285841,8563.681766666758,4568.874999350731,8972.398333333014,6882.576213785549,10444.942785741072,5402.495357081932,7922.83814977258,3930.469000002538,9212.5,15339.941799129863,8401.24999975713,8528.942499999243,4425.625000010227,6934.375000000648,12471.565428582247,8086.122055553831,9180.125000003274,8008.930833330452,6489.572928571456,6875.195499996307,10102.42407204653,7472.5,6460.8333333310065,12861.780785705418,2908.1608666666834,9714.73680061329,12269.012285715486,6500.443199996836,9734.833333321401,6586.699499996383,7372.500000001893,2484.666666669031,11756.050000001605,6209.999999999968,14333.975179999738,8821.796928569074,580.632550000129,908.3159333332369,4115.833333333095,8782.500000000038,9243.501055559853,8498.750771427687,11861.839785714048,6280.833333324891,11349.363433337554,10363.375000021202,13107.060785737676,11389.688666674761,7878.469033328698,8444.525499999963,7950.86079999987,6882.999999998203,7692.462899986498,7803.930214284116,8789.885749998582,2484.46428888844,6112.625000353373,14410.374999019275,9336.128800001703,9243.054600001786,6014.374999967509,9529.913799999538,7063.124999995993,15381.840356349612,7387.5069000020185,2364.856199993609,8248.607071149476,2920.3739333332865,12509.614014285742,8003.413250001496,8365.590500000504,10059.166666670115,14440.755928562025,15993.509400019779,258.0,1007.7999999999631,912.8750000092696
CA,10964.252299998117,10838.624999992073,8976.268642883148,6795.276560077676,16248.517399999966,11843.599399995563,5641.130444444397,8014.232157616881,10147.867271429408,6733.98245672946,6962.521333327452,12740.522,0.0,10340.273428568169,6007.729188888416,8135.352699998492,8595.468999999299,9330.3282998583,10524.333333333418,4534.571428571428,3764.666666669049,2617.3662999999956,6365.97275016266,6137.375000000003,10807.67540001286,5649.497555555327,6133.266033334419,5042.511114286285,8533.333333337541,5681.544414273546,11349.874999998758,6103.7826666670235,12201.6666666667,5655.599999999982,5381.097833333393,8165.7882111116405,7626.344933333347,3740.922428303068,6844.875000000339,4821.696866670118,11156.982928571424,9163.4321888879,9534.299575000901,4017.5010999964547,6720.869900022717,8892.683142861011,10314.625,11759.201671764056,13614.599999999964,10462.283520000039,9771.50000000023,12657.278833330838,8563.33059999892,5678.941000017369,14048.33333333278,9332.611571437448,6089.680799998136,3625.0000000000914,14803.170277777795,12738.762214291872,11493.676877788088,8545.833333331184,5643.120266666451,5545.000000001217,11576.322500000006,14408.999999999518,10878.557357144105,3872.5,6199.124999999997,14171.178028571601,13202.527342857053,10704.032499999474,6556.358833333101,5268.8230000519725,10435.833333335453,7325.4130001712765,7307.166666666726,7142.83333333331,11267.749999992377,9945.184970951237,12610.124999994316,5973.822499999629,14824.666666667234,6210.374999999849,13664.318666665647,6990.294811116959,11681.333333332728,7928.101114288823,12130.753214285767,7256.045233334431,11150.833333332495,732.1111111111111,9012.333333333185,9593.375000000486,12523.666666657851,13194.999999983875,11536.897321042989,12806.527999999998,11990.452499987832,12280.970357529282
CD,5052.833333333318,553.5034800000295,7857.5,5607.57861111138,12393.737928531906,8995.999999984178,6231.666666666665,2803.925428465584,5023.333333327999,8870.83333333321,6821.610071266346,2221.0235430912107,10340.273428568169,0.0,5772.500000000495,2704.4999999953243,9300.000000019732,973.6666666661029,11320.12147142953,9657.054499446345,10384.66666666309,10264.962857628445,6001.7592142833655,6164.410000001166,3416.9528333323688,6467.238925015385,4849.506800000058,9934.397056692718,4188.769533334112,5767.125279924208,3020.884766666721,6924.666666669878,16650.539499999282,6040.0579999999845,6374.253728571426,1949.5160857247383,4865.833333334352,11015.221928561554,5631.278833317953,6400.037533335657,8111.019700269993,5045.880166675696,5694.45821428018,7971.604442844799,5417.902166666667,4754.55914285721,12917.99999992148,2414.5714285714284,10460.875000484943,11892.479128568893,5127.9561000021395,10129.725875005684,4912.012474999869,4854.249999999744,3882.706499999286,10708.01485077014,4415.0545000240545,12617.166666678439,9673.773999995514,2781.0,1904.6666666627416,1726.3384285796067,6208.578199999874,7002.4999999904085,8585.771355558252,14069.143142864377,5154.749999999581,9800.06378570926,10069.850624998307,14950.000000000233,11654.842249997166,7176.975344458093,6168.333333333478,5775.949333333417,5124.246786140699,5813.534285230928,5497.499999999834,6903.967500000278,1670.0,4746.881011111172,15890.307499998884,6950.19492539194,10150.833333334076,4200.375,9757.350157148603,4749.008071709313,16410.83333332921,5145.751057492307,2048.850949998534,6134.225944445155,1949.6666666666667,10191.666666664009,7878.223057147525,7483.7477222253165,10401.710333337984,16056.062285707814,16716.251286763396,2777.810388888885,1684.8786600793337,2247.6888444430765
CH,4814.124999998907,6204.370885714259,11207.804250000736,682.4440250000182,16561.393011111024,7548.859488890172,488.2857142833713,3991.1249999955176,4498.889033335871,10064.333333333418,9097.271833334054,8216.094333329309,6007.729188888416,5772.500000000495,0.0,4591.49999999966,11854.109556866657,4892.167066666225,7961.0000000017935,9008.711471428627,9365.269600000001,8127.41026666554,616.3155428575296,752.8888888888889,5151.9999999969905,962.8190249930519,1047.126066665559,9731.594128571302,2706.9999997829946,1149.2857142857142,5122.985333329842,1732.4208799999742,16552.399999999983,435.0,745.8749999978608,4626.771414276575,1631.0689428571486,9406.49685714252,806.456044444228,1218.1790333333338,6353.8707428572,3380.2337499999285,3907.816528571097,2622.204671428566,684.3,2955.2836499338805,9591.829471428555,6067.586999998829,9335.52549999969,8743.77825715748,3986.568066666267,8887.16666666553,2755.9818333332532,1725.658074998988,8186.000000252141,6875.054499998958,3809.253666665899,9548.50000000046,9995.125,8240.833333333549,7959.414166665425,4064.8749999999727,596.3000000021245,1470.7500000002215,6810.008799994674,18821.19025000002,5118.89999999878,8822.207411114538,10322.87500000105,14126.365257143025,10824.156600000919,5529.999999997583,1135.8352666666635,1651.5245285713968,4608.973444444365,1450.4925428425145,956.0895600000008,2188.321733333338,5922.85138888889,4227.119500004556,15424.830314284756,1504.149985713694,10292.934339999993,4235.166666666913,9055.618328571421,1128.1357285701647,16854.431571429624,2158.154957142661,6127.410900000205,1652.1208142856472,5658.0051201974575,6476.234499999971,11098.645999999826,4887.497042859194,8776.675171428571,16254.651675000001,16417.899999999187,8530.152000004833,7296.6666666660885,7558.4617000007465
CI,6242.054214289367,2736.059966670181,7324.499999999395,5022.484571707921,15322.307414286217,10679.300166669424,5131.749999867601,676.87973333142,6104.933686118468,7758.742429095801,5630.499999996519,4973.1666666792935,8135.352699998492,2704.4999999953243,4591.49999999966,0.0,8508.788014285603,1807.6666666608157,11891.481125214063,7550.46600000041,8393.181800000002,7781.3333333340715,5194.398666666716,5204.278688888037,5128.666666664837,5659.250000001696,3102.105166657439,7859.625000002759,4540.624999996939,3799.2323428550726,4840.788857177887,6214.841177777579,18267.547414683246,4834.562142858051,5138.833333333683,465.49999999791305,4275.092485952644,8643.000000008898,5060.603668570746,5238.166666656379,8765.102714283215,5527.174800003349,5942.583166664984,6267.8749997361265,4256.333333339447,4900.269125000007,13627.386733336934,4828.034800036048,11600.418157133825,12817.706833334254,5715.276916659109,11571.976178565577,4909.4999999965885,2809.621288888872,6423.562500000044,11260.96709998119,1614.8043333332878,9564.499999998845,11350.085642860446,5772.875000004996,4137.382800753078,1255.166666671,5153.094622220065,6026.249999996365,9223.16666668383,16700.563358007443,6749.223610195083,7848.631271428807,8069.000222212208,17057.4999999998,13494.500000002325,7712.499999999836,5592.702371428912,3770.166666666816,6067.5624999791935,5130.000000000494,4897.601442549563,6524.666666667007,4312.000000038382,5462.624999703669,18278.07893571529,6263.376666662415,12025.320527459562,1820.8333333334258,11457.599999998569,3689.3194333353704,18950.852642855512,4944.666666665395,4788.181875002125,5566.553699999798,4030.604000010787,8024.333333328165,6960.628185692054,7623.609999999465,11425.73990000075,18648.12500000559,17632.499999985135,5017.5689777832295,4488.250000012664,4913.816714506283
CL,14716.648999731791,8201.065333332195,850.1111111111111,12482.53728576622,11340.111111111111,17118.42425714326,11753.509599998048,8976.182611115419,13949.374999995065,1636.5746333332404,3017.214488888886,9056.25000086211,8595.468999999299,9300.000000019732,11854.109556866657,8508.788014285603,0.0,9266.641500000222,19061.04060000008,4251.0,4855.600933333343,6282.2891500000105,12185.224233336296,12497.618328571429,13281.340124037273,12315.666666667095,10279.47472500002,3760.666666666649,13211.585133320497,10706.23382222222,11728.124999668496,13175.12499944436,10334.421666610184,11640.111111111111,11643.999999999995,8431.365715239286,12193.12991428574,5344.210000008714,12540.468342857142,11120.110214285414,16334.2587,13907.517214282956,14462.09783333332,11634.749999996086,11884.120650000003,13255.625000404752,17240.0,11339.749999999229,17154.499999997322,18430.0,13930.429750002782,18069.99999999238,12894.273799999368,9939.083166666645,10830.00000006161,19194.999999999243,8819.210333337096,6565.087000000146,16287.72816666818,9161.29316667739,8150.0,8749.39943334168,11925.54136666728,12234.497699998712,18045.199999905,9350.333333333334,14843.333333332072,4803.178266666666,2464.8888888888887,13131.88509998269,17258.217333333334,16341.013624999925,12423.194914284712,9893.228214284714,14399.166666667468,12568.333333338147,12199.754714286424,14112.0,10049.709999999974,14103.328300141002,11934.436714265883,12268.466111112437,16334.483749999989,8178.3333333352,17136.130333333556,11150.847014285435,9458.609833333334,13156.666071210278,10117.846276924938,13023.51529999943,10649.060250012859,8038.333333333333,1362.9021666667184,16265.84935722782,17869.357749995725,11715.624999999227,9553.333333331948,8158.745614183548,9417.363388887125,9426.552199946756
CM,4832.773471427415,1416.6550666667604,8193.125000002736,4871.699999999793,14029.375000000393,8498.83299999922,5268.722622220649,1803.9880856863724,4823.624999988818,8335.666666666353,6896.87499999487,3099.969985691641,9330.3282998583,973.6666666661029,4892.167066666225,1807.6666666608157,9266.641500000222,0.0,10755.833333333436,9093.855333331125,9494.095770967475,8988.574714288157,5195.917642853009,5311.378875001037,3683.208614293072,5752.333333333874,3695.3333333346354,9266.250000915843,3396.0482142773435,4473.140733339696,3145.5582400003905,6393.873524996331,17917.714500018978,5071.603633333338,5295.826942543296,1412.323375007938,4077.110499994671,10221.874999999995,4974.043428433664,5814.090142865763,8114.835285713564,4681.80855715501,5395.500000002726,7325.377071436713,4291.749999999605,4267.071571419835,12721.888875005887,3142.951777772662,10408.930214285074,11629.166666664893,4933.732857385881,10063.702016670826,4158.333333332868,3808.375000000295,5040.980625752602,9866.057666669374,3549.8011428659515,12158.162642859166,10055.833333340055,4237.534285703319,2931.203171425666,710.5074571281248,5396.160585714475,6213.125000000093,8331.699999997652,14959.36357141854,5360.271611109306,9131.851142008563,9885.92288889574,14780.5000000011,11705.833333328086,6689.719071423604,5380.499999996937,4453.449333334273,4865.723571428534,4878.125000322161,4821.896914207688,6272.625000000047,2155.921771428515,4427.591675002205,17015.665055578003,6229.068722217682,10423.701899994587,3182.463777777928,9944.041742349946,3656.894833333154,18525.13085719592,4549.861642837587,2959.437733334505,5501.7951428571105,2150.171125000843,9245.000000000322,8170.7598333340475,7080.9070999843025,10145.341210876406,17840.83333335624,17697.50000004996,3886.6666666615247,2821.8333333269925,3076.6666666653805
CN,5928.984899857151,11536.808928786937,19269.333333333332,7455.888049999994,8964.2587,3026.3333333333335,7970.0,10917.874999999922,6154.2347333338585,17799.907300032744,16976.69566666667,11377.135111114154,10524.333333333418,11320.12147142953,7961.0000000017935,11891.481125214063,19061.04060000008,10755.833333333436,0.0,15302.041928571422,14283.517871434331,12928.33871402006,7457.184785714294,7355.888888888889,8130.66935685151,7211.982928571435,9127.517399999993,15707.50000000019,7550.6512000000075,9215.0,8315.638049986082,6309.666666666576,9272.124999999689,8215.1,8140.1,11535.12475000163,7613.444024993043,13670.29700000109,7334.201857142833,8283.017071428576,3782.801625000013,6094.999999983986,5615.444444444444,7795.3749999998045,8130.0,7044.156999999994,2100.0,9580.4994249999,3284.793499999071,952.4285714309144,6234.150642856947,2294.0362999999347,6978.333333333227,10309.520214285732,10163.32285713812,1166.6666666666667,11318.196000003187,12437.856277777777,4349.571428573771,11418.694214606534,11891.922428574266,10467.578611109304,7824.0,6968.3090714301325,3117.3525000001096,10378.105166667814,5920.383642855912,14507.219666666839,16624.571428571428,5866.499999999994,2850.4285714285716,3795.4130000000564,7349.75,9602.624999999329,6189.333333333351,7060.666666666649,7415.222222222223,5796.0,10046.754944446093,6185.655285731649,7222.031613599765,6712.0,4480.111111111111,11901.10440000062,3291.6915444444453,8694.6291142887,9691.784071427397,6355.840999995296,9268.560642619865,6450.0,9442.082357139407,11171.333333333334,19152.167714285762,3939.1577714285386,2330.0,8428.635214275111,9703.333333338565,11715.333333333334,10784.100999987828,10697.880500000498
CO,13618.499999999722,9457.73966668875,4684.888888888889,9639.94933333402,14313.091642857062,16389.785857142124,8838.166666670264,7906.431600016897,13156.831999987802,2874.999999999804,3660.0,10218.598914900409,4534.571428571428,9657.054499446345,9008.711471428627,7550.46600000041,4251.0,9093.855333331125,15302.041928571422,0.0,1251.8532499999858,2240.5295,9530.749999997732,9391.500000000204,11625.260857142108,9237.624999999854,8471.333333333976,725.2222222205666,10949.293100449455,8029.571428571428,11766.435074995426,9691.217824999592,13636.782286982974,8630.0,8500.0,8077.553119997677,10251.293500000555,2100.04060000108,9796.293100004652,8071.223342857186,15758.607071426777,12197.594971662527,12170.499999999465,7614.145857140231,9350.29652000633,11571.870085715633,14305.599999999997,11705.191655555489,17614.084700000214,14865.666666666666,12445.286166666223,17816.66666666614,10871.35850000159,7519.585499997527,11846.367374980908,15181.83912981128,6564.43157142838,3179.3097500006006,19762.138625000003,10374.648166661837,9286.557642868547,8143.79785687575,8824.875,9115.23018588763,16048.895128574135,12693.125000002537,13758.250000008322,751.666666665011,1880.0,16257.2893333364,17931.53128635818,15148.511957144692,9638.333333333163,7503.149985714361,13453.124999999842,10130.500000000598,9534.796374998405,10905.142857140514,10892.14744444516,12528.166666666835,14417.42951425354,9507.203299999934,19745.5764,6103.250166665362,17254.069266672836,8773.12760000134,12505.006571365633,10775.224557078453,10976.8750000052,10267.166666667566,11099.392779985697,3585.384599729981,4774.333333333333,13966.875000465381,17714.16666667003,14101.138000015198,11272.838555528922,10480.497142842863,10142.982055561173,10226.250000004136
CR,14220.193366666463,9779.739861072867,5672.482600017782,9791.981428571415,13949.166666666668,16363.83333333049,8964.36914000004,8822.307571422565,13724.50000000102,3814.166666666636,4858.532971423355,11722.077700416345,3764.666666669049,10384.66666666309,9365.269600000001,8393.181800000002,4855.600933333343,9494.095770967475,14283.517871434331,1251.8532499999858,0.0,1435.5,9796.102428571636,9568.496014428758,13531.4999999998,9439.584185714279,8856.36807143026,1311.1840666667847,11934.49948572216,8501.788200004878,12854.42378620146,9609.679956956608,11205.62500006563,8934.333333333389,8722.624999999975,8863.499999997619,10516.875000002827,858.0,9850.877685714473,8457.088171428277,16280.81200000717,12574.856774580896,13092.454700001468,7997.854142853714,9602.730874849813,12415.833333335137,13223.657255555567,12386.233656684235,16688.410571428496,13479.51890012113,13353.399999999172,16596.95975715169,11919.368071426377,8034.750000000603,14372.97483333692,14140.604577766653,7905.25016666861,1935.793500000318,17875.402300044756,12627.544786670736,11012.305000013304,9282.767488884048,9113.140700000076,9331.24283333372,16301.66666666539,11696.666666666466,14671.66666666605,513.9104400000399,2580.523199999899,15035.0,16604.496821510053,15780.036111108388,9860.204200000124,8136.973300000436,14027.198877774212,10188.333333334811,10161.726775211517,10830.499999957216,11731.333333330687,13232.870866670268,13013.063499994287,9560.450500000037,18631.61785987684,7638.500000003375,17082.036111109446,9353.221933336008,9760.000000000036,11267.200000000277,12523.99821337566,10382.833333333792,11818.024300002284,3271.013919974746,5555.851388892736,14103.222870649564,16727.99999999528,13077.118371414706,9247.850874301017,11455.69913333164,11836.753213858614,11629.27737777628
CU,12504.15430017402,10113.000000000318,6895.842999999994,8690.760122222144,16252.828628571531,15398.999999982978,7704.508957143375,8004.507766659617,12155.173999997307,4933.632400288675,5181.556143499564,11848.366933335543,2617.3662999999956,10264.962857628445,8127.41026666554,7781.3333333340715,6282.2891500000105,8988.574714288157,12928.33871402006,2240.5295,1435.5,0.0,8276.999999999987,8287.465660000003,11936.666666667617,8109.168185487565,7872.500000003301,2623.8093666669947,10429.551866672578,7451.166666666667,11888.469800004497,8297.999999999789,13088.592111139336,7725.111111111111,7480.087000000829,8337.499999999163,9489.335428571381,1264.3706500046394,8601.625000000064,7206.14488888904,14152.44583333057,11077.476833340477,11649.231374998051,6435.333333333619,8689.833333333334,10828.916142857159,12440.333333333334,12045.619833335488,16042.964433334806,12501.012099999953,11851.1051666698,15839.330928571413,9860.833333321794,7212.729571428989,13942.160624999708,12392.62500000482,6716.300000003246,1778.6249999978606,16878.88302838391,12329.608857142906,10723.37500005173,8829.999999998654,7816.833333333334,8132.8333333325245,14668.250000000206,12898.501633313695,12814.500000150012,1594.7500000003058,3929.8,16155.203333334055,15798.256175089919,13010.249999999849,8435.882842857553,7149.857142857143,12851.619749995736,8902.83333332797,8826.042771428467,9570.111111111111,11593.624999999323,11842.833333334538,14075.125000006603,8283.875,16920.223714292366,6708.3750000075015,16507.79999999988,8357.429414285734,11438.317800001769,9759.07170014276,12238.445499999962,8721.166666667077,11501.666666666952,1827.8836999999912,6834.481833332787,11856.833333333323,15656.97082857143,13855.250000005568,10258.775000024974,11815.156642867547,11440.866166664995,11884.166666668089
CZ,4456.5,6615.704157479332,11818.462714285744,251.88888888888889,16088.9729857143,7130.065285713797,717.1,4462.58240000031,4196.666666668073,10784.509428675987,9543.500000378282,8325.62414285841,6365.97275016266,6001.7592142833655,616.3155428575296,5194.398666666716,12185.224233336296,5195.917642853009,7457.184785714294,9530.749999997732,9796.102428571636,8276.999999999987,0.0,280.0,5190.725542857032,634.9310571428647,1723.1260666663318,10055.50000000058,2627.0,1773.5999999976052,5120.138833333333,1244.9144222085856,16228.608800071332,884.75,1037.9,5259.655285696918,1537.3333333333333,9804.33333333408,443.9,1452.1250000000114,5714.857142859486,3127.1250001094318,3332.0299398796333,2637.400000000002,922.7,2629.422275000057,9081.327725000085,6066.625000069685,8865.343028347046,8257.100000000017,3691.9422999989883,8451.833333334062,2625.5714285714284,2488.657442827348,8225.642342859186,6145.650828571349,4337.434385714454,9573.52041997021,9542.192933334314,8582.397428912767,8092.817600000836,4776.766800000166,711.1666666666666,1084.5714285690856,6301.832566666299,18150.693222222202,4758.247988885956,9506.612042664596,11083.296566670504,13591.124999998872,9901.000000000036,5063.3334200003665,517.0,2243.946377777778,4241.554357142886,1079.0689428522664,742.125,1666.0536222197675,6117.120157142857,3970.6017752083903,15351.699999999984,1054.375,9854.343399946601,4908.287214287017,8585.333333333334,1508.2282778209255,16458.49835714208,1625.666666667054,6424.125000000313,1143.0,5673.95819999955,6567.125000000007,11500.700000004943,4300.831800000221,8295.573585698636,15783.500000000771,16024.797857142576,8394.866599999988,7276.864249998619,7552.375000002115
DE,4650.791055555544,6539.927585709458,11912.300000000052,524.0,16092.1,7124.298359879721,651.0,4706.733166666666,4339.500000001621,10253.820455555553,9510.00554444447,8563.681766666758,6137.375000000003,6164.410000001166,752.8888888888889,5204.278688888037,12497.618328571429,5311.378875001037,7355.888888888889,9391.500000000204,9568.496014428758,8287.465660000003,280.0,0.0,5285.666666666667,355.0,1933.0751000031323,9890.629566667923,2889.50347999367,1869.9,5350.499999999982,1102.2068285714327,16184.999999999996,878.0,932.0,5178.780366667238,1801.0,9555.599999999524,688.9,1315.3,5782.226088888888,3274.8623333333967,3510.1,2392.799999999992,1184.0,2941.500000000183,8918.0,6337.873166666457,8890.856599712035,8128.879349999998,3895.5571250000003,8472.777414286727,2624.333333333351,2625.5763999902415,8465.219214285786,6211.415442857069,4526.333333333112,9724.5,9596.423600009757,8791.563642942532,8132.1149777777755,4813.834100001387,577.0,839.0,6323.124999999346,18150.452114285446,4947.813714285709,9390.076071428688,11109.509428571984,13526.888050000005,9745.800300000019,5285.028999999949,517.1,2312.5000000000005,4380.142857142857,1294.8,997.7142857142857,1608.3,6316.940250000092,4150.297766663072,14263.450533333324,810.0,9910.25,5027.588166666671,8601.700000000004,1503.1249999998702,16173.80245714307,2030.2167714285727,6803.500000001792,1121.6034142857145,5946.66666666592,6715.25,11739.935842493447,4315.517400000015,8290.57142857143,15669.473499999765,15496.500000003709,8683.546571463363,7468.696722222338,7797.757166666755
DJ,1992.7180999998227,4605.833333331159,11186.66570048103,4859.166666667848,11976.730133343126,5255.508300002215,5559.576166668108,4709.499999995104,1952.5167428580014,11944.378028589128,9606.464214283893,4568.874999350731,10807.67540001286,3416.9528333323688,5151.9999999969905,5128.666666664837,13281.340124037273,3683.208614293072,8130.66935685151,11625.260857142108,13531.4999999998,11936.666666667617,5190.725542857032,5285.666666666667,0.0,5755.833333333684,4963.560642856446,13174.072666680855,2400.166666666649,5469.228500002168,557.741300000051,5921.333333320626,15319.814842847492,5580.333333333333,5885.731357142834,4797.5397250002725,3472.444925011661,13633.903199999131,4747.960525002516,6256.78149999495,4669.000000000074,2291.7598999893016,2771.811333317403,7695.8409999761725,4585.509242547458,2096.000000000912,9614.19287512739,1807.1173999989217,7407.166666667321,8976.275299523926,2090.6249999999995,7018.812071437013,2318.9529444450573,5393.699999997664,3365.4214428569294,7775.87774446217,6379.166666664565,14227.749999999945,6893.688957146623,4465.778071761795,5132.104140001825,3947.32464287072,5583.0714222225415,6125.833333332856,5305.1515666675805,15003.999999589285,2052.161519835835,13201.170055545717,14343.325455792201,11921.166666663254,8692.666666671454,4091.9424797376737,5218.420225001096,5663.212642855907,1978.8333333321773,4355.333333337184,4630.499999999433,5195.526999999698,1865.8749999980714,1533.5425666854676,13207.50000000986,5788.844166666796,6872.456428579363,6513.140999986924,6540.478000561199,4274.187785714251,16211.9859285722,3404.8749999988204,1912.6250001157894,4644.958777781285,1559.5000000036225,11553.391333333426,10951.333333332926,4482.250000225232,7238.328485711942,14802.500000002208,15962.79007143902,4860.135071428592,3223.1003750072646,3803.4191000145506
DK,4824.184066666677,7192.787357141088,11824.114466666548,870.0,16044.120266666387,7335.166666666173,764.8888888888889,4904.402214124596,4770.983366666985,10447.666666670324,9470.831628571495,8972.398333333014,5649.497555555327,6467.238925015385,962.8190249930519,5659.250000001696,12315.666666667095,5752.333333333874,7211.982928571435,9237.624999999854,9439.584185714279,8109.168185487565,634.9310571428647,355.0,5755.833333333684,0.0,2121.1666666656483,10013.575557145088,3205.755219990514,2070.3,5440.0,882.8,15631.138433333239,1027.0,957.6666666666666,5776.250000003182,2140.0,9348.751279950427,1011.2,1238.6,5815.05900000003,3354.166666665593,3783.450866669333,2125.600000000365,1533.9826000000007,3201.5000000000646,8607.833333333334,6578.237499998561,8871.504600004544,7966.976099999896,4101.184640001669,8342.333333332721,3115.1666666666665,2791.104400145629,8757.44780000059,6072.009756633024,4669.250000000069,9543.154957142855,9019.200000000003,9266.635585714232,8695.57080000458,5278.512033335737,621.3,483.1,6250.666666666753,17603.141933334588,5153.333333334847,9221.021200003283,11036.184749999897,13464.393633331765,9302.124999999947,5273.90057142849,671.6249999978608,2299.9884,4615.666666666667,1555.2587000000105,1232.9651999995726,1561.6915444518086,6670.920271428571,4416.8750000004175,14128.466044451816,522.0,9966.132914266209,5129.499999830611,8620.353249999987,2075.333333332588,16023.880500000687,2385.80000001018,7060.499999996724,1460.3333333333514,6211.66307153831,6216.027014273556,11799.023966666507,4350.833333333638,8288.180199999997,15626.22389999989,15255.266200003067,9436.50616699359,7797.021857147799,8322.166666659421
DZ,5046.833333333381,4826.776099999867,9802.636133331915,1637.62499998411,17183.375000001022,8388.566866666675,1643.8333333331807,2712.3507333333673,4725.978499999924,9124.000000002901,7763.6844999999985,6882.576213785549,6133.266033334419,4849.506800000058,1047.126066665559,3102.105166657439,10279.47472500002,3695.3333333346354,9127.517399999993,8471.333333333976,8856.36807143026,7872.500000003301,1723.1260666663318,1933.0751000031323,4963.560642856446,2121.1666666656483,0.0,9004.375000308748,2715.5,711.9883999999321,4823.518899999979,3118.1666666663987,17446.54957142935,1348.8749999999998,1660.0,2782.804142857133,1704.5630333337633,9111.141357142043,1748.6794857639686,2078.014155566919,6842.299999998842,3830.644779990513,4141.66666666625,3803.670857282393,995.0,2886.896111233301,10421.108714233545,5400.833333332616,10099.387957144054,10042.000000001777,4050.833333335488,9189.208466665854,2868.9695142857377,917.9211142857143,7594.1970714283425,7648.87500000504,2334.3148999892574,9377.328874999537,10496.250000001652,7488.543444444408,6498.374999999999,2792.300000000027,1732.5,2866.6411333383853,7544.769966662984,19514.719071928266,5103.072333330068,8357.480500136364,9890.0,14973.300813960235,11451.208466665215,6227.264166692225,2244.1804714312993,1113.2267142873793,4761.719914285569,2036.774566666225,1707.2972749999724,3479.8888888888887,4970.000000000527,4088.38433333337,15985.833333332708,2990.6552857140896,10415.034142839777,3169.833333333341,9717.724700004403,630.0,18951.99042855068,2650.7413000089755,5394.0835,2716.2621499748684,4611.666666675269,6436.729974995407,9647.50000000479,5246.230100003269,9871.826333333393,17487.490571428327,17322.32983333046,7432.0688333334,5814.868214288882,6407.817624986987
EC,14188.407185714133,9660.74999999944,4353.965200000035,10181.287871428656,14332.753666666846,16449.402499996904,9481.51922222053,8400.120699989906,13816.557927955291,2421.4999999993033,3420.321733333314,10444.942785741072,5042.511114286285,9934.397056692718,9731.594128571302,7859.625000002759,3760.666666666649,9266.250000915843,15707.50000000019,725.2222222205666,1311.1840666667847,2623.8093666669947,10055.50000000058,9890.629566667923,13174.072666680855,10013.575557145088,9004.375000308748,0.0,11667.51571428528,8740.666666666666,12226.645714293343,10728.045875680144,12641.40183333348,9364.333333333352,8738.166666665928,8296.546833341832,10724.659766658038,2104.2500000002437,10172.201574999996,8866.535199998989,16199.503985569123,12534.864171985835,13685.481722215753,8428.478099999316,10110.976271427418,12256.699999999915,14409.403939999633,11678.200000000024,17900.49207096698,15240.122214881238,13384.26297499879,18112.72535714149,11593.833333333574,8479.833333333334,13324.825277777289,16174.36502897432,7557.639900007834,3130.155219999992,19732.5,11597.499999994076,9805.72210000284,8792.67564285883,9551.1,9729.373079999634,16394.16471428296,11256.193996121256,14460.16574285313,1024.8333333333333,1328.9,15522.224344445916,17279.121657142066,15718.065000442692,10257.116685715213,8336.26808520784,14169.179249999936,10389.65200000156,10608.47450000369,11617.0,11100.362071441334,13485.867557599973,13494.59262220434,10113.186942856903,19736.1413,7408.5247333325515,17342.728166640998,9464.164242737372,11021.358500003887,11623.67367142857,11881.438499999542,10778.257874998139,11445.534385706114,4489.571428571428,4694.765499973995,14674.999999999993,17671.300000007486,12940.83333331754,10803.333333309602,10315.50229999681,10792.833333335007,10397.686799998843
EG,2289.6666666665196,4970.836500552995,11800.0,2384.333333333336,14400.333333333334,5276.275114286932,3210.8333333333335,3654.83333331846,1928.0210111111066,10682.560400005543,9509.648060000512,5402.495357081932,8533.333333337541,4188.769533334112,2706.9999997829946,4540.624999996939,13211.585133320497,3396.0482142773435,7550.6512000000075,10949.293100449455,11934.49948572216,10429.551866672578,2627.0,2889.50347999367,2400.166666666649,3205.755219990514,2715.5,11667.51571428528,0.0,3350.0,2470.714285714286,3399.990057162396,16526.724666666767,3210.0,3510.0,4263.202888888936,1110.111111111111,11851.338733331384,2199.375000000001,3982.6000000007148,4400.0,1289.9,1999.2494142857604,5278.729699999974,2130.0,493.22222222222223,9560.25,3515.3333333333153,7608.833333332457,8469.62500000041,1617.6723571428363,7302.164877778,567.1111111127668,3434.0057999999985,5360.343399998344,6808.896071424376,4778.499999980381,12452.24360000079,7900.045799997345,6256.829722222356,5464.236000000451,3424.4565000000007,3287.3565333333763,3666.4079666666667,4920.369571428583,16301.299999999903,2754.063971428559,11735.831442855439,12346.276999999745,13406.833333316752,9244.056600003538,3446.3151666661943,2619.172466666714,3798.017400000037,2059.0,1660.0,1894.7142857142858,2900.0,3297.1666666666606,1449.9999999999873,14611.74579332609,3429.5714285737718,8269.051871428559,5193.251571428274,7268.5081250001995,2099.5714285714284,17250.00000000321,1101.4705000086842,3545.8182142862943,2272.6666666666624,3314.285714285714,9422.293500000165,11127.746928572198,3611.6645714281653,7660.377255554221,16225.593566667401,16528.040266667947,6264.666666666667,4876.982928571342,5355.60324998414
ES,5640.5,5774.857142857143,10031.608666666665,1809.4285714262285,17629.666666666686,8267.212500000009,1315.5,3181.715774999928,4842.6249999996935,9146.47068523883,7271.208944444432,7922.83814977258,5681.544414273546,5767.125279924208,1149.2857142857142,3799.2323428550726,10706.23382222222,4473.140733339696,9215.0,8029.571428571428,8501.788200004878,7451.166666666667,1773.5999999976052,1869.9,5469.228500002168,2070.3,711.9883999999321,8740.666666666666,3350.0,0.0,5495.000000000357,2948.0,17298.50477777746,1053.0,1263.2,3892.5,2369.755220009574,8644.424599999862,1975.0,1448.4285714262285,7272.059619963119,4286.375000027829,4275.142857142857,2895.5,1362.8,3664.750000002139,10765.0,5802.8999999999605,10422.840257293901,9988.910439993664,4803.63959999996,9933.195571424982,3518.6782666666954,562.573585714561,8244.086857147959,7911.8360428789665,2205.4354333329325,9064.625,11068.201857125478,8162.6582857078265,7158.874999997998,3690.225214289958,1479.9104399999958,2590.8739333316726,8004.5,19855.0,5677.482599999938,8177.499999999762,9506.66666666667,15578.084624995225,11640.0,6446.84547777826,2290.0,503.0,5324.806959999874,2474.0,2026.875,3440.0,5784.16666666634,4792.529499991309,16397.166666661084,2590.4,11360.965200000035,3150.375,10190.110439993672,1273.6782666666913,17590.83333333374,3135.8468499993373,6173.077571429711,2864.75,5316.875000007508,6111.554357142857,9953.4826,5936.491874999979,10075.310133333445,17288.333333333587,17274.1365716371,8048.125000000043,7137.406000002054,7279.751222222208
ET,2405.50966666665,3499.5565500412476,10191.621714841443,4822.500000044054,11671.28233332881,6046.988255550807,5634.095125000042,4172.296999997939,2204.8394142877873,11095.370611108292,9164.83333333122,3930.469000002538,11349.874999998758,3020.884766666721,5122.985333329842,4840.788857177887,11728.124999668496,3145.5582400003905,8315.638049986082,11766.435074995426,12854.42378620146,11888.469800004497,5120.138833333333,5350.499999999982,557.741300000051,5440.0,4823.518899999979,12226.645714293343,2470.714285714286,5495.000000000357,0.0,6010.333333331104,15846.874999999081,5592.331319981076,5895.9942000000265,4219.565824999282,3438.0925799981987,13312.399999998323,4863.992666666667,6565.499999999996,5124.300000000087,2518.42536666671,3155.1869428574973,7550.938933333217,4476.512428571399,2516.2586999999444,10091.40599999724,1160.4285714285713,7731.650499661325,9242.992666666965,2506.229714275785,7374.999999517626,2538.3046601498595,5404.644500354265,3247.434799965203,7897.734642867875,5955.829499994726,13935.834624994766,7387.999999995899,3691.6166421615953,4295.943199998925,3465.7412999911476,5475.694399999754,6139.854142440236,5695.35960000583,14226.125414291148,2459.8861289709876,12735.833333333323,12950.117714008697,12104.082071427269,9025.341714280876,4327.688274984921,5356.699500001772,5627.0707497898275,2230.4999999999704,4396.356166383781,4798.2088000003005,5140.166666666667,1543.0174000000038,1893.1235252242698,14292.833333333334,5837.833333333358,7391.546400000309,6184.195666666652,7029.250000008561,4133.62333332852,16891.52050000103,3424.9999999999636,1517.958549985292,4799.605166669211,1064.8333333333333,11559.833333333334,10078.33333333212,4810.409999993029,7628.74999999041,15267.038749990861,16625.36550001879,4411.874999987121,2903.510271427396,3162.874999982689
FI,4799.182388944189,7757.9671666750455,12626.864928571249,1437.625,15220.06612857142,6580.833333331509,1647.4309750000007,5629.166666664216,4309.0491333394275,11629.000000004278,10443.06735717568,9212.5,6103.7826666670235,6924.666666669878,1732.4208799999742,6214.841177777579,13175.12499944436,6393.873524996331,6309.666666666576,9691.217824999592,9609.679956956608,8297.999999999789,1244.9144222085856,1102.2068285714327,5921.333333320626,882.8,3118.1666666663987,10728.045875680144,3399.990057162396,2948.0,6010.333333331104,0.0,15210.428571426228,1910.0,1820.0,6265.625000000426,2464.3,9622.956571427458,1462.3333333333335,2023.7500000000082,5226.423433333333,3402.732000000535,3191.3749999888973,2422.3999999999287,2202.0,3326.7610000003733,7821.7999999976055,7358.500000000411,8173.124999790914,7046.921499999994,3921.666666661764,7436.666666665532,3190.8947571422455,3783.08338888864,8881.906000002304,5279.166666663681,5472.1250000038235,9485.281133333287,8464.058156910742,9251.283099998693,9147.213833333315,6148.818124593798,1502.0,785.1,5604.875528746532,16696.219114282398,4812.095866667432,9551.166666666617,11588.336033333644,12679.230224992833,8285.048720049863,4799.208799996715,940.6666666666486,3363.1666666666665,4390.972985714275,1744.1318666666718,1630.7413000091863,894.7999999976053,7098.911356627558,4196.303566667212,12987.29589999996,396.0,9259.666666666606,5999.375000005586,7896.921114285718,2986.000000003256,15422.499999999536,2457.8341000015753,7363.772442860171,1144.2857142880573,6846.964357142604,6934.34124285703,12204.928713723788,3501.4326999969508,7288.820880000014,14374.526174334473,14362.16442857144,9638.080200003342,8108.66666668408,8329.749999466267
FJ,14156.782666666537,15809.234500000463,11519.999999998345,16306.425111111095,3285.9684000023362,11419.999999998598,16341.293500000029,18341.5172142853,14351.133756880474,11977.712400003473,14066.740928564941,15339.941799129863,12201.6666666667,16650.539499999282,16552.399999999983,18267.547414683246,10334.421666610184,17917.714500018978,9272.124999999689,13636.782286982974,11205.62500006563,13088.592111139336,16228.608800071332,16184.999999999996,15319.814842847492,15631.138433333239,17446.54957142935,12641.40183333348,16526.724666666767,17298.50477777746,15846.874999999081,15210.428571426228,0.0,16535.332614301344,16277.500000000055,19010.168888888787,16427.87499999999,11817.360000973984,16309.502444444495,16263.279714294014,11711.778833333334,14576.240299347483,14312.298900001806,16403.333333334915,16885.71861111093,16096.073071076307,7253.833333332751,16438.391333333282,8363.667571423404,7975.779166657722,14379.30399949331,8604.250000020367,16302.499999999978,17701.87500105581,13984.28149877574,9450.333333334329,18644.1666666662,9613.710714293546,8438.402277774589,14741.106928571453,14910.999999981228,19028.919166667318,16245.063785714736,15605.388625000052,11279.818775001511,2617.2354999999393,13638.188714290212,11464.790357203621,10984.961071424656,3415.3090714279133,7158.336928571025,12848.594499999494,15686.061500001473,17378.81483340269,14348.181624993898,16216.573214286516,16330.394428571404,14482.269200002218,16201.666666661833,14483.912857661335,2055.200000000026,15592.761000001836,8272.60772857137,18920.56514285744,8951.890999997893,17297.132875594933,750.1428571428571,15997.41919999691,15622.333333290422,15493.288714284643,16323.000000003125,12222.698299999944,11810.11471376046,12638.649285715679,8206.29999999917,1025.5000000000102,1145.9502444444995,14239.166666654817,15628.145666656554,14762.500000538912
FR,5249.571428573771,6501.680975000002,11081.852171428569,1033.7,16959.57142857377,7908.758700000041,264.0,4070.452725000002,4822.184785722964,9989.439171428354,8725.666666666666,8401.24999975713,5655.599999999982,6040.0579999999845,435.0,4834.562142858051,11640.111111111111,5071.603633333338,8215.1,8630.0,8934.333333333389,7725.111111111111,884.75,878.0,5580.333333333333,1027.0,1348.8749999999998,9364.333333333352,3210.0,1053.0,5592.331319981076,1910.0,16535.332614301344,0.0,343.6,4823.9,2097.6,9016.132633333247,1244.0,778.8,6580.76739998145,3859.5,4210.5,2231.9,1106.4285714309144,3369.174842857151,9714.166666666666,6481.120649999999,9921.545728572439,8965.0,4409.176333333342,9222.034799999976,3190.222222222222,1814.4,8560.666666666675,7046.666666666666,3796.7462714285743,9199.888888888889,10410.85241111111,8771.453428571402,8097.166666666648,4469.707420000045,430.4,1341.5714285714287,7244.703144444436,18983.251571445948,5250.373166667997,8639.258700008877,10260.0,14263.875000000038,10740.0,5907.206828571433,1367.0,1453.0,4973.332614285718,1870.4444444444443,1445.8,2485.375,6216.773285696909,4674.750000002139,15967.309919939433,1544.0,10739.888888888889,4200.0,9443.111111109456,1480.0,16959.75,2597.8,6696.875000008569,2024.2222222222222,5587.264499999922,6164.2167714285715,10969.57142857143,5145.333333333333,9190.0,16281.034142857145,16351.608666666718,8689.888888890544,7594.195666666691,7903.190250000084
GB,5474.522371428572,6829.777777777777,11120.948785714194,1234.9,16959.33333333335,7994.131866666663,320.0,4467.1577999963165,5099.632960000332,9804.656350002526,8775.490385726443,8528.942499999243,5381.097833333393,6374.253728571426,745.8749999978608,5138.833333333683,11643.999999999995,5295.826942543296,8140.1,8500.0,8722.624999999975,7480.087000000829,1037.9,932.0,5885.731357142834,957.6666666666666,1660.0,8738.166666665928,3510.0,1263.2,5895.9942000000265,1820.0,16277.500000000055,343.6,0.0,5099.75,2391.0,8743.5,1449.8888888905446,464.0,6710.0,4090.0,4402.522944444439,1896.0,1434.0,3652.862114285704,9559.625,6819.375,9964.333333332834,8858.1428571452,4667.182124998186,9237.655285714285,3462.731357142874,2079.4285714285716,8933.333333333489,7009.1249999992215,3887.4709999999786,8928.8,10592.839133333353,9130.59000000124,8413.004971428574,4899.253728571434,357.5,1153.0,7302.166666666855,18816.14285714286,5828.332074999991,8477.80000000002,10165.900000000001,14712.475100007778,10740.166666666648,6049.888888888889,1450.0,1585.5714285737715,5215.333333333333,2090.1,1690.111111111111,2500.0,6544.076542856475,4944.5223714285985,15216.056225000897,1432.3,10850.111111109456,4363.211142822529,9536.9,1825.2587000000153,16253.706499999962,2823.4048749999133,7465.586999999666,2133.6,6480.125,5900.0,11086.92284999991,5267.728022207498,9232.42536666668,16273.362333333334,15450.579774997663,9048.58850002605,7921.486540012452,8282.872057142853
GH,5888.7376426030705,2402.465659984002,7194.054166666123,5048.269957141771,15674.029642852855,10015.000000005195,5038.758371428557,759.8571428571429,5970.903200005923,7855.16666666036,5590.327277777956,4425.625000010227,8165.7882111116405,1949.5160857247383,4626.771414276575,465.49999999791305,8431.365715239286,1412.323375007938,11535.12475000163,8077.553119997677,8863.499999997619,8337.499999999163,5259.655285696918,5178.780366667238,4797.5397250002725,5776.250000003182,2782.804142857133,8296.546833341832,4263.202888888936,3892.5,4219.565824999282,6265.625000000426,19010.168888888787,4823.9,5099.75,0.0,4209.875000011064,9085.3333333212,5089.626149999363,5428.3414333324445,8318.519742486753,5470.419471429143,5532.299999992518,6843.875000818637,4218.776100026628,4817.775257142859,13549.655833333554,4214.47680000029,11249.214428571258,12374.266250000075,5556.531471434459,11019.547500026683,4780.968266665487,3159.3750000808664,5793.953625002249,11239.087500769048,2016.0946802094309,9742.963885718555,10958.66666666778,5490.972142855863,3314.6666666712867,913.6666666666936,5217.117399982123,6138.166666667414,8540.3750000071,15647.624999999993,6379.166666670588,8134.484943280794,8227.320199999396,15941.766715730922,13351.307000013076,7177.082357139437,5290.259357143249,3808.7296999999658,5679.476785712676,5107.000000009426,5092.99999998852,6295.518714291287,3488.5238715919995,5445.624999996815,17804.199999999997,6145.183599999452,11378.518057084622,2100.4285714285716,10945.833333321256,3740.965775000049,19318.749999999953,4908.649950000457,4443.236124996636,5486.637928925078,3395.344166665836,8260.462714285748,7124.874999988278,7360.124999993842,11159.452833332734,18798.17586667573,18392.243340584606,4684.666666666685,3950.0710750035223,4696.500985712971
GR,3270.499999999982,5567.875000352179,10478.333333333334,1280.0,15305.999999999955,6069.690575002277,2089.500000000018,3592.166666669861,2620.8333333316814,10498.239511111235,9502.25000000026,6934.375000000648,7626.344933333347,4865.833333334352,1631.0689428571486,4275.092485952644,12193.12991428574,4077.110499994671,7613.444024993043,10251.293500000555,10516.875000002827,9489.335428571381,1537.3333333333333,1801.0,3472.444925011661,2140.0,1704.5630333337633,10724.659766658038,1110.111111111111,2369.755220009574,3438.0925799981987,2464.3,16427.87499999999,2097.6,2391.0,4209.875000011064,0.0,10591.517650006359,1123.7412999999794,2855.327725000018,4900.299999998079,1930.3,2455.7000000000858,4109.555219990495,1051.0,1280.2965200063295,9500.111111111111,4456.746928574778,7968.328485826132,8495.741299999974,2400.6278399997814,7809.548175000411,1124.5552199999977,2852.3425571427865,6875.86616666195,6758.906640365457,3926.2061712719037,10777.658649999832,8360.124999999887,7091.874999990673,6885.600785715431,3440.92112499961,2162.5,2614.75,5730.630749327167,17596.97833333369,3560.9048857146954,10275.011455558652,11261.272650008075,13773.66666667587,9596.288528495876,4264.125000005125,1598.0,2859.6666666666665,2954.5555555555557,747.0,806.0,2229.3333333333335,4629.375000005693,2350.6000000002746,14890.506022218375,2626.300000000003,9050.852171428573,4677.375000014646,7921.931057142858,1204.0058000000224,17272.499999999123,815.1666666666486,4755.418366658266,1482.4405777728691,4041.7500003016953,7880.068419998762,11028.499999999985,3824.8816798812645,7891.1521428580345,16007.671266665822,16472.7500000001,7018.681875408288,5503.750000498627,6133.958728573823
GT,14035.156640001263,10410.62499999846,6043.375000360847,9835.214625000212,14282.500000604568,15859.412055555564,9033.166666666551,9111.666666676441,13355.095533329892,4611.11512222282,5415.95316667138,12471.565428582247,3740.922428303068,11015.221928561554,9406.49685714252,8643.000000008898,5344.210000008714,10221.874999999995,13670.29700000109,2100.04060000108,858.0,1264.3706500046394,9804.33333333408,9555.599999999524,13633.903199999131,9348.751279950427,9111.141357142043,2104.2500000002437,11851.338733331384,8644.424599999862,13312.399999998323,9622.956571427458,11817.360000973984,9016.132633333247,8743.5,9085.3333333212,10591.517650006359,0.0,10054.401399999615,8532.299999999364,15429.609544444715,12330.99999999998,12664.487200003783,7806.289657143719,9829.153100001568,12228.876666666438,12390.181314284931,13033.75000000643,16224.441099587702,13334.538824495092,12934.000000000899,15898.375000000873,11681.899999992824,8263.606366669006,14598.901833338501,13512.486257452776,8054.425800008712,1053.6666666666667,16896.625000396827,13314.39921428561,11253.079071766586,10181.374999997683,9220.763050000009,9169.370228689308,15382.624999995356,12058.874999992613,14572.085828122632,1363.194024999999,3091.8225285661056,14547.343799991488,16290.728828571006,15088.230688887434,9968.884,8328.572928362952,13575.306300000742,10273.906000000736,10208.742142596642,10820.0,12062.005157150925,13193.635444443524,12886.315071428568,9579.375000000002,16741.785100397396,7811.875,16428.833333330524,9548.250000000242,9936.680428581514,11086.063786049395,12975.664199118028,10480.83333332568,12221.426125012027,3013.5515428571925,6328.930214283713,13565.320042861558,16096.152333332067,13072.166666678855,9365.319114272716,12204.04437246732,12278.833333319837,12014.936214285352
HU,4014.6666666666665,6134.907700000019,11885.533075000185,214.0,15743.33333333324,6736.333333336745,1129.7,4227.5573571318155,3544.3749999997913,11097.000000003343,9644.526700001896,8086.122055553831,6844.875000000339,5631.278833317953,806.456044444228,5060.603668570746,12540.468342857142,4974.043428433664,7334.201857142833,9796.293100004652,9850.877685714473,8601.625000000064,443.9,688.9,4747.960525002516,1011.2,1748.6794857639686,10172.201574999996,2199.375000000001,1975.0,4863.992666666667,1462.3333333333335,16309.502444444495,1244.0,1449.8888888905446,5089.626149999363,1123.7412999999794,10054.401399999615,0.0,1896.2456500046405,5458.499999990651,2531.5970666662915,2863.374999998462,3069.842228571437,810.2,2144.499999996508,9047.3,5466.023357141324,8471.50000000278,8168.3851599999325,3202.1442333327996,8140.990714286247,2032.805271428619,2494.516085715106,7791.686428833293,5941.666666667641,4340.249999997204,10144.107420000299,8850.333477768838,7867.76100000937,7536.833333332688,4340.100000007429,1145.1,1480.0057999999824,5944.066533333247,17904.884366668,4161.166666668498,9808.874999998543,11272.382944445731,13259.529740031836,9756.430399999643,4766.963999998261,545.0,2468.115842857148,3723.0917777777754,644.0,316.25,1565.888888888889,5756.602100269028,3334.092800001185,14822.635685714284,1317.0,9505.49999998001,5000.319000002761,8265.746271435884,1306.0434285676827,16591.71944285478,1139.1620856903746,5874.3750000043765,898.5,5372.217428571466,7269.5,11797.407533333238,3862.714599998294,7944.3333333332,15731.124999999829,16164.58784273023,8462.199999998082,6870.071324997758,7287.708000001022
IE,5944.666666666685,7374.666666691018,11044.874999999804,1696.142857142857,17221.625000000015,8184.530157141998,774.0,4615.999999997552,5569.000000005876,9642.601914285564,8727.520849993572,9180.125000003274,4821.696866670118,6400.037533335657,1218.1790333333338,5238.166666656379,11120.110214285414,5814.090142865763,8283.017071428576,8071.223342857186,8457.088171428277,7206.14488888904,1452.1250000000114,1315.3,6256.78149999495,1238.6,2078.014155566919,8866.535199998989,3982.6000000007148,1448.4285714262285,6565.499999999996,2023.7500000000082,16263.279714294014,778.8,464.0,5428.3414333324445,2855.327725000018,8532.299999999364,1896.2456500046405,0.0,6776.526685712751,4274.833333312848,5071.069311693796,1498.0,1885.0,4059.728542857382,9589.75000000214,7232.787333331621,10013.54563333317,8856.823900000018,5072.322166659959,9275.141542858397,3964.9837500013496,1886.6767333315458,9379.44072222588,7413.096477781357,3771.0808333399814,8405.081199999913,10894.19643333332,9273.166666666675,8542.03889999821,5118.06079999818,752.4999999999955,1268.1249999907466,7459.166666665616,18819.17246666669,6014.22159999868,7969.229442844081,9776.381014285756,14303.155800001097,10838.169255554423,6166.749999998278,1825.111111111111,1643.375,5255.674400000005,2530.354657137981,2011.5431400671835,2796.930975000004,6884.848000000085,5296.374542857234,15295.87499999947,1625.0,10956.076071428572,4377.334099999843,9853.80160000072,2221.3750000002433,16340.501055553357,3364.8812666630092,7648.67694999951,2830.9260857094105,6553.42202462114,5425.917924999966,10950.00000000107,5658.05271428724,9054.160624998916,16061.492357476962,15521.874999999862,9401.833333330485,8233.79251428614,8370.253333330662
IN,2297.8,8601.666666657764,15895.862333333345,5561.982928571441,10213.0,1423.7,6363.500000000001,8048.074460401021,2626.5,16099.597722222556,14287.303999977286,8008.930833330452,11156.982928571424,8111.019700269993,6353.8707428572,8765.102714283215,16334.2587,8114.835285713564,3782.801625000013,15758.607071426777,16280.81200000717,14152.44583333057,5714.857142859486,5782.226088888888,4669.000000000074,5815.05900000003,6842.299999998842,16199.503985569123,4400.0,7272.059619963119,5124.300000000087,5226.423433333333,11711.778833333334,6580.76739998145,6710.0,8318.519742486753,4900.299999998079,15429.609544444715,5458.499999990651,6776.526685712751,0.0,3128.5,2546.8888888888887,7444.65199999472,5920.0,3957.671124996722,5830.25,5410.707075014264,3444.5714285714284,4684.75,2742.4021666668327,2679.49999999999,3984.03249999692,7681.876371354381,5882.985332884043,2910.6666666666665,8726.337074988922,14593.0,3874.75,7396.852555557216,8109.999999999968,7402.499999999776,6365.1428571452,5969.712555555548,813.2222222222222,12183.698833333558,1950.25,15918.228833321722,16736.367699356233,8042.4731285769685,4764.777777777777,675.6666666666486,5269.333333333351,7441.0988799958905,2549.6666666666665,5274.67144000103,5276.194071535916,4340.0,5940.833333330462,3034.4895600000045,9430.416000013927,5586.608666667543,4150.0,9621.45014285611,2917.5,6115.076071428525,12680.22700082267,4265.209642856713,5576.87499968516,4573.0170714285005,5592.728166664604,12030.496225000044,15928.525000000003,1580.0,3002.503479999999,11373.354666666664,12361.545475002238,8032.844166666318,7228.702666674428,7385.291966666744
IQ,1383.8000000000004,5833.795033332742,12231.166666666548,2837.8971333328936,13049.59010000439,4405.412342856933,3750.645699825938,4882.622642857158,986.9360285715345,12795.393585717413,11093.333333316688,6489.572928571456,9163.4321888879,5045.880166675696,3380.2337499999285,5527.174800003349,13907.517214282956,4681.80855715501,6094.999999983986,12197.594971662527,12574.856774580896,11077.476833340477,3127.1250001094318,3274.8623333333967,2291.7598999893016,3354.166666665593,3830.644779990513,12534.864171985835,1289.9,4286.375000027829,2518.42536666671,3402.732000000535,14576.240299347483,3859.5,4090.0,5470.419471429143,1930.3,12330.99999999998,2531.5970666662915,4274.833333312848,3128.5,0.0,690.0,5284.546399999868,2941.053622219766,802.0,8346.667385714258,3796.1267222249667,6256.666666665667,6229.888888888889,560.0,5699.758557140539,828.5714285690856,4701.141071214642,5783.759500005697,5189.5905000031835,5617.625929170436,12387.49999999999,6306.3750001046765,6744.625249470447,6830.833333333405,4343.430071642516,3821.489166667178,3893.2999999966664,4010.0741003629423,15080.987428573311,1627.6396600059668,12258.565333330489,13197.699166668961,11250.333333354147,7440.119499998464,2771.166520274272,2893.4493333311084,4836.3333333322535,1127.323374999967,2006.286540000393,2294.733533325401,2547.4285714285716,4223.02641110919,950.5714285714286,12725.164800006238,3448.12499999176,7410.970171428566,6537.516642852916,5951.338428580797,3063.833333336141,16021.500000002512,1261.672466666658,4217.0360000061455,2320.4999999920897,3877.5,9959.10875000026,12217.666666667454,2039.6076000001115,5969.564999999449,14277.499999999296,15562.490857145644,6907.10440000208,5250.666666680947,5881.0482142903875
IR,1274.3333333333514,6181.800833335762,13785.218928571412,3166.853249999994,12836.456499999962,4213.477350012265,4075.3333333333153,5405.70362501046,1027.265100015893,13612.088277777972,12020.853944441049,6875.195499996307,9534.299575000901,5694.45821428018,3907.816528571097,5942.583166664984,14462.09783333332,5395.500000002726,5615.444444444444,12170.499999999465,13092.454700001468,11649.231374998051,3332.0299398796333,3510.1,2771.811333317403,3783.450866669333,4141.66666666625,13685.481722215753,1999.2494142857604,4275.142857142857,3155.1869428574973,3191.3749999888973,14312.298900001806,4210.5,4402.522944444439,5532.299999992518,2455.7000000000858,12664.487200003783,2863.374999998462,5071.069311693796,2546.8888888888887,690.0,0.0,5631.5254999955505,3414.7,1290.25,7645.862333333194,4219.619642850645,5743.124999995557,6560.0,764.1000000000007,5209.787333333378,1462.0,4950.884999994841,5963.661299999327,4838.0905,6331.250000005218,12444.666666666666,6139.475266667556,6504.44899998634,6848.288714293986,5058.031299999027,4075.8333333333335,4108.125000150247,3257.374999976433,15377.936233342543,1503.798142839783,12955.040180005253,14457.126833333312,10463.528286624609,6325.999999999993,1924.4695500000018,3307.89999997793,5032.499999999671,1151.9,2463.155449999712,2704.269199995622,2464.2,4570.624999327295,1279.4521777777775,11911.31055715519,3600.952442849205,6150.0,7107.249999996532,5446.166666666853,3689.319300327543,15518.908641850843,1696.5394428498346,4544.434666664449,2360.3999999977186,4417.8107142939325,9685.326514105911,12844.822166670605,1623.9485666668145,5496.66666666369,13809.474499997954,14834.762500001985,7039.648166654515,5547.833333333022,6015.058288880038
IS,6588.625000006868,9223.681333318471,11338.98490000076,2997.691066665358,16948.10439999979,8341.257857141274,2131.5,5768.428757482751,6302.2499995841135,9713.717811104867,8880.010785479353,10102.42407204653,4017.5010999964547,7971.604442844799,2622.204671428566,6267.8749997361265,11634.749999996086,7325.377071436713,7795.3749999998045,7614.145857140231,7997.854142853714,6435.333333333619,2637.400000000002,2392.799999999992,7695.8409999761725,2125.600000000365,3803.670857282393,8428.478099999316,5278.729699999974,2895.5,7550.938933333217,2422.3999999999287,16403.333333334915,2231.9,1896.0,6843.875000818637,4109.555219990495,7806.289657143719,3069.842228571437,1498.0,7444.65199999472,5284.546399999868,5631.5254999955505,0.0,3309.507457157511,5285.111111111111,8824.166666666666,8396.297000000302,9783.63558571468,8574.2587000089,6187.308599661467,9260.317722223988,5271.69835987963,3465.589157142273,10175.440857150566,6473.499999984042,4763.87500000183,7508.374999766271,10579.374999998116,10358.869713870205,10054.293750019693,6405.000000000875,2014.3333333333333,1744.2636714475755,7989.2026666665915,16937.119499867924,7230.624999994744,7570.126800008927,10040.837728578268,13750.222871439884,10369.27014285771,6698.229155559836,2792.2447800094787,2935.9930400000044,6407.440485712897,3833.3333333333057,3127.4996714285458,3310.6,8475.499999986721,6325.435766669112,14222.096429003772,2113.4776285715147,10809.666071429681,5166.847857021948,9530.820455364492,3803.967500003255,15979.98264285498,4349.333333334702,8739.717000001247,3492.170499986427,7902.136466670803,4496.124999999999,11280.39892222248,5745.833333348348,8769.899999997308,15594.59460000014,13677.408574112558,10818.499250002158,9319.881444448747,9771.583999999684
IT,4320.60325,5795.920333335125,11140.999999999965,765.0,16315.0,7274.18986666673,1173.0,3554.000000000633,3999.983749883584,10120.089671428164,8724.857142857143,7472.5,6720.869900022717,5417.902166666667,684.3,4256.333333339447,11884.120650000003,4291.749999999605,8130.0,9350.29652000633,9602.730874849813,8689.833333333334,922.7,1184.0,4585.509242547458,1533.9826000000007,995.0,10110.976271427418,2130.0,1362.8,4476.512428571399,2202.0,16885.71861111093,1106.4285714309144,1434.0,4218.776100026628,1051.0,9829.153100001568,810.2,1885.0,5920.0,2941.053622219766,3414.7,3309.507457157511,0.0,2376.2362666674494,9855.333333333334,5404.771750000057,9128.41504999734,8966.0,3416.4130000001096,8681.538785579785,2197.3333333333335,1721.946160001107,7392.683142512118,7207.612933333815,3557.650871407331,10245.24999999786,9627.442000000272,7600.428611104607,7264.666666665615,3732.1028666659727,1297.0,2003.2456499999998,6443.256733336466,18400.666666666668,4814.757333328152,9417.0,10854.847799947163,14127.50000022517,10400.333333333334,5297.493433333619,1316.0,1861.4999999999818,4030.5,1137.888888888889,722.3619500000005,2375.0,5390.624999999884,3666.666666666598,15629.525371426138,1975.6,9526.27029999988,4167.666666666751,8815.333333333334,602.625,16911.154299999933,1587.1870562810652,5413.584185714445,1672.032611111114,4886.500000000161,7215.571428571428,11027.580057144576,4795.122785711079,8726.958071428562,16432.55066666627,16499.50700000336,7727.931166666688,6070.833333335422,6593.60988571379
JO,1978.5123666688314,5372.833333335066,12036.869428570117,2457.6503142857036,13209.641214288426,5015.2173333352075,3305.999999999699,4400.075228362775,1532.6250000002624,12291.602571429488,10404.365833335167,6460.8333333310065,8892.683142861011,4754.55914285721,2955.2836499338805,4900.269125000007,13255.625000404752,4267.071571419835,7044.156999999994,11571.870085715633,12415.833333335137,10828.916142857159,2629.422275000057,2941.500000000183,2096.000000000912,3201.5000000000646,2886.896111233301,12256.699999999915,493.22222222222223,3664.750000002139,2516.2586999999444,3326.7610000003733,16096.073071076307,3369.174842857151,3652.862114285704,4817.775257142859,1280.2965200063295,12228.876666666438,2144.499999996508,4059.728542857382,3957.671124996722,802.0,1290.25,5285.111111111111,2376.2362666674494,0.0,9013.626000000444,3603.3913333334763,7206.972142860748,8041.758125058012,1191.562179987562,6500.6287428585465,237.625,3926.7035000000674,5462.890442583586,5770.626771427996,5053.666666659013,12448.166666666666,7406.795944445117,6235.624999999018,6379.562488880003,3996.0760000020523,3411.793171413942,3823.6249999988986,4729.641499993421,16212.670550000666,2384.3051000008304,12144.002299999433,12829.375000325012,12113.407388931613,8404.930214284215,3343.1751500051773,2637.764500000003,4010.4999999999873,1688.6069600000176,1633.6434666666173,1880.784488886685,2636.723899999888,3671.4957333330294,1286.7931714285878,14019.826433339427,3386.6666666669516,7412.875000029149,5945.710222221627,6856.666666666535,2424.005799999978,16457.50000000163,1012.1428571428571,3710.7049666611447,2094.516633333713,3466.333333335535,9516.500000000315,11872.505366666692,2855.791774999249,6984.33333333212,15456.615666657191,16365.48916666651,6415.662599638151,4937.000000006242,5415.047055555732
JP,8022.20649999991,13561.83781998756,18375.0,9130.0,7974.223899999988,4829.00000001129,9438.666666666666,12539.933333347613,8261.275844444444,16997.624999999487,17370.833333333314,12861.780785705418,10314.625,12917.99999992148,9591.829471428555,13627.386733336934,17240.0,12721.888875005887,2100.0,14305.599999999997,13223.657255555567,12440.333333333334,9081.327725000085,8918.0,9614.19287512739,8607.833333333334,10421.108714233545,14409.403939999633,9560.25,10765.0,10091.40599999724,7821.7999999976055,7253.833333332751,9714.166666666666,9559.625,13549.655833333554,9500.111111111111,12390.181314284931,9047.3,9589.75000000214,5830.25,8346.667385714258,7645.862333333194,8824.166666666666,9855.333333333334,9013.626000000444,0.0,11267.48259998222,4337.241628571495,1156.8888888905446,8287.517399999975,4169.423380416061,8980.333333333334,11567.672357151534,11425.333333333361,3013.6666666666665,12990.970356757889,11310.75000000214,5337.3749999999945,13156.765785709722,13554.655285714354,13497.756650001042,9293.069025000003,8384.27197777778,5150.063033333307,9270.521714285309,7853.09314285818,13543.065250000001,15485.0,5072.117399981796,2995.249999997861,5829.75,8594.500000000182,11149.333333333334,8250.111111111111,8873.999999999945,9181.411499999986,7480.0,11565.29500012131,8687.862114285714,5324.678357144626,8170.0,5311.75,14059.688100035424,4603.0,10437.365944444444,7759.698766601611,8763.375000000045,11427.906857073216,8191.321733333334,11348.219888885487,10900.24999999786,18575.0,6023.362333333454,3724.5,6343.1249999993615,7601.773285714297,13531.034142839777,12540.080833333746,12518.789666668756
KE,3559.1279428571193,3166.275333333003,10147.610928572121,5685.625000001818,12158.163166668543,6827.27924285706,6519.483749999637,4482.439828561396,3518.07011110764,10455.833333334624,8097.469000001298,2908.1608666666834,11759.201671764056,2414.5714285714284,6067.586999998829,4828.034800036048,11339.749999999229,3142.951777772662,9580.4994249999,11705.191655555489,12386.233656684235,12045.619833335488,6066.625000069685,6337.873166666457,1807.1173999989217,6578.237499998561,5400.833333332616,11678.200000000024,3515.3333333333153,5802.8999999999605,1160.4285714285713,7358.500000000411,16438.391333333282,6481.120649999999,6819.375,4214.47680000029,4456.746928574778,13033.75000000643,5466.023357141324,7232.787333331621,5410.707075014264,3796.1267222249667,4219.619642850645,8396.297000000302,5404.771750000057,3603.3913333334763,11267.48259998222,0.0,8315.000000002354,10097.385277777732,3656.7339666666235,8191.4370142841035,3931.712785920143,5897.7533333341635,2211.522371428478,8818.062500011478,5972.7500000102045,14326.166666666377,7318.250000000296,2789.2232428562243,3168.33333333332,3486.8750000000828,6675.799999999988,7125.364777775932,6257.101666671503,13538.490014267994,3704.320500006971,12235.833333332419,12839.999999999249,12348.666666669958,9172.324356980833,5115.749999996639,6160.060500000611,6170.233200001674,3356.781133333592,5320.750166668651,5406.698714288182,6418.4363571428585,747.6119500001035,3081.139200189769,14212.183571416497,6979.965200000045,7406.666666666649,5792.614722222223,7250.200700000004,5251.757499985742,16112.768666685366,4515.735857139235,660.8333333333294,5725.202142855072,503.3333333333333,12141.608666666807,9817.01466666637,5709.736800012288,8153.557357139152,15152.984714307384,16372.273800406354,2914.8888888888887,1819.8333333333585,1947.4000000000012
KH,5514.751699992669,10412.629771427966,17260.833333333612,8745.624866662476,6944.333333333816,1864.3333333333649,9553.40000000064,11035.389944444576,5983.333333333322,18260.000000008866,17171.93849999604,9714.73680061329,13614.599999999964,10460.875000484943,9335.52549999969,11600.418157133825,17154.499999997322,10408.930214285074,3284.793499999071,17614.084700000214,16688.410571428496,16042.964433334806,8865.343028347046,8890.856599712035,7407.166666667321,8871.504600004544,10099.387957144054,17900.49207096698,7608.833333332457,10422.840257293901,7731.650499661325,8173.124999790914,8363.667571423404,9921.545728572439,9964.333333332834,11249.214428571258,7968.328485826132,16224.441099587702,8471.50000000278,10013.54563333317,3444.5714285714284,6256.666666665667,5743.124999995557,9783.63558571468,9128.41504999734,7206.972142860748,4337.241628571495,8315.000000002354,0.0,3595.0,5989.624999996992,755.6666666683224,7251.785124999785,10774.855642650944,8013.044557563584,3430.5304000606816,12289.264125010619,14341.889800001087,995.6263222221285,9111.7725142871,10178.500000000155,10424.99999999645,9574.249999543123,8667.833333335111,2349.4898252204257,9202.999999988706,5138.560955771196,16958.00000000429,19750.0,5048.277377780053,1780.0,3563.052714291,8440.881266670853,10694.282714285546,5914.999999999705,8271.250000000371,8601.439356911116,7415.0,8622.468444447972,6295.045549998559,6135.33333333061,8584.702185667971,1137.9,12822.243600442966,537.625,9817.166666668949,8972.499999997532,7486.595533334578,8180.333333330037,7934.2770857116775,8572.017914287357,14327.483914037082,18503.79999999403,4619.1227857227095,1054.0,7337.214374994896,8976.25325713819,9418.445500004425,9134.999999994703,8823.500000002501
KR,6860.709314285719,12389.001499999105,19428.706500000128,8272.5,8342.482599999974,3725.9048750348015,8672.041928571425,11846.666666664783,7071.705350000061,17887.574533342842,18134.4478,12269.012285715486,10462.283520000039,11892.479128568893,8743.77825715748,12817.706833334254,18430.0,11629.166666664893,952.4285714309144,14865.666666666666,13479.51890012113,12501.012099999953,8257.100000000017,8128.879349999998,8976.275299523926,7966.976099999896,10042.000000001777,15240.122214881238,8469.62500000041,9988.910439993664,9242.992666666965,7046.921499999994,7975.779166657722,8965.0,8858.1428571452,12374.266250000075,8495.741299999974,13334.538824495092,8168.3851599999325,8856.823900000018,4684.75,6229.888888888889,6560.0,8574.2587000089,8966.0,8041.758125058012,1156.8888888905446,10097.385277777732,3595.0,0.0,7306.653785879284,2961.887577787804,8067.58699999997,10628.125000002434,11005.625000794047,1992.1492666666727,12302.749999991065,12095.3,4610.0,12273.728388890886,12769.688111086152,11728.749999478718,8552.5,7705.849475026982,3828.483780161408,9660.119499955304,6130.4255714263545,13475.35382500006,16294.666666666666,5133.585500001966,2619.8888888888887,4311.749999941868,7725.0,10429.333333333352,7071.499999918954,8178.755599999832,8272.09783333327,6600.9,10294.735166673923,7476.260857142857,6099.724100395152,7417.699999999998,4650.428571428572,13021.666666669125,3720.0,9517.866933332674,8491.250000000642,7398.775333333187,10374.166666664754,7231.7791200000165,10422.018571425791,11150.0,19603.827533348063,4845.328299998407,2741.9104399936737,7193.163166667275,8203.077571428625,12437.931166666649,12040.927214291525,12098.668250000776
KW,852.625,5937.489071593954,12614.999999999607,3418.6249999999027,12288.375,4262.833333334028,4361.1249999991915,5409.333333339178,419.72415555800364,12872.624999602644,11387.499999998201,6500.443199996836,9771.50000000023,5127.9561000021395,3986.568066666267,5715.276916659109,13930.429750002782,4933.732857385881,6234.150642856947,12445.286166666223,13353.399999999172,11851.1051666698,3691.9422999989883,3895.5571250000003,2090.6249999999995,4101.184640001669,4050.833333335488,13384.26297499879,1617.6723571428363,4803.63959999996,2506.229714275785,3921.666666661764,14379.30399949331,4409.176333333342,4667.182124998186,5556.531471434459,2400.6278399997814,12934.000000000899,3202.1442333327996,5072.322166659959,2742.4021666668327,560.0,764.1000000000007,6187.308599661467,3416.4130000001096,1191.562179987562,8287.517399999975,3656.7339666666235,5989.624999996992,7306.653785879284,0.0,5744.377000003792,1281.2652666660372,5047.683142859715,5482.898333329678,5239.180000487182,6172.81133332752,13906.915733334452,6293.015571428591,6276.698125005115,6752.130666669717,4758.166666670739,4382.515900057127,4457.14386665988,3851.7227285707863,14875.52200000965,1214.0,13078.125000003629,13936.907679998725,10967.010733296844,7569.850050000004,2633.429199992754,3436.5000000000223,5249.295339997183,568.3965857142579,2731.500000005005,3094.625000002003,3423.296344444432,3997.2244571492975,557.2645000001867,12340.624999979447,4200.824500001866,7381.9222600016965,6812.3333333338305,5685.194071428951,3425.7747855463335,15412.097400001237,1787.0005749992656,4124.66666667174,2839.944471435528,3857.6250000002065,10491.31320000355,12316.675642873883,2359.0588499931387,5874.129277777584,14140.654777778367,14936.166666663932,6668.162557149902,5292.500000001033,5671.250000000067
LA,5200.852044451026,10163.05544444675,18609.640333333642,8346.840071428558,7134.996166664443,1351.6304285887122,9005.322244444316,10628.8933600064,5503.249999978872,18587.02935714635,17710.870928569955,9734.833333321401,12657.278833330838,10129.725875005684,8887.16666666553,11571.976178565577,18069.99999999238,10063.702016670826,2294.0362999999347,17816.66666666614,16596.95975715169,15839.330928571413,8451.833333334062,8472.777414286727,7018.812071437013,8342.333333332721,9189.208466665854,18112.72535714149,7302.164877778,9933.195571424982,7374.999999517626,7436.666666665532,8604.250000020367,9222.034799999976,9237.655285714285,11019.547500026683,7809.548175000411,15898.375000000873,8140.990714286247,9275.141542858397,2679.49999999999,5699.758557140539,5209.787333333378,9260.317722223988,8681.538785579785,6500.6287428585465,4169.423380416061,8191.4370142841035,755.6666666683224,2961.887577787804,5744.377000003792,0.0,6855.978333333623,10384.381857152877,8184.8852851874435,2922.928350000978,11804.166666663486,14306.039114285657,1892.8449333350188,9338.684928571387,10356.997899993745,10148.46476666172,9048.219771428227,8442.168371239228,1893.1666666666454,9655.969944787234,4760.643000013125,16767.500000003227,18883.56814285938,5127.818214714465,1811.1666666666486,3107.4999999999877,8058.666666667305,10088.020356670106,5326.957322222213,7850.87787143338,8191.166666664461,6774.9167749996395,8554.225374753114,5729.694611535675,6535.808166668652,8198.51433333513,1855.111111111111,12423.424166663199,503.66666666662144,9188.779757141256,9117.39142857836,6888.215799995966,8399.653579797634,7432.999999999695,8551.999999995112,13858.060299999988,19018.124999299227,3841.1861000002173,480.81038889503003,7989.833333340242,9319.58674969946,9547.500000003258,9261.999857714058,9044.568428985232
LB,1983.143466666675,5485.991388873075,11837.438774999073,2242.373677777741,14123.478333333458,5127.500000000646,3142.8836999999976,4298.030485716075,1579.4999999999889,11573.697966666874,10068.557357144096,6586.699499996383,8563.33059999892,4912.012474999869,2755.9818333332532,4909.4999999965885,12894.273799999368,4158.333333332868,6978.333333333227,10871.35850000159,11919.368071426377,9860.833333321794,2625.5714285714284,2624.333333333351,2318.9529444450573,3115.1666666666665,2868.9695142857377,11593.833333333574,567.1111111127668,3518.6782666666954,2538.3046601498595,3190.8947571422455,16302.499999999978,3190.222222222222,3462.731357142874,4780.968266665487,1124.5552199999977,11681.899999992824,2032.805271428619,3964.9837500013496,3984.03249999692,828.5714285690856,1462.0,5271.69835987963,2197.3333333333335,237.625,8980.333333333334,3931.712785920143,7251.785124999785,8067.58699999997,1281.2652666660372,6855.978333333623,0.0,3627.6740000000077,6105.515428576374,5918.136571429316,4992.94277143073,12444.695666666723,7342.319911113267,6713.125000007823,6968.666666671113,4101.297766667247,3278.618328571366,3603.666666667406,4669.73932856733,16355.208799998212,2382.800299999808,11469.071439996493,12562.871214281626,12420.076171458513,8238.150033333235,3312.3812666685762,2450.2499999999723,4007.145239999211,1808.2906857142923,1411.1151857143113,1722.5491800021816,2439.125000000002,4381.666666666437,1436.576566666661,14251.124999514224,3120.287871412939,7968.6666666650435,5829.316857137921,6909.250000000142,2310.444780009501,16987.49999998542,760.1776571422787,4344.494055553348,1726.14129999027,3917.3531571399403,9392.833333336259,11506.51111428531,3033.000000003328,7039.704677779869,15791.893628573287,16189.486800566288,6801.119211111608,5303.333333334434,5925.925000003647
MA,5810.0901425401735,5586.155124501347,8968.343400283378,2372.8882666719464,17926.49616666392,9196.249999999198,1878.624999999937,2421.6308444517445,5438.3153571321345,8471.55670000442,6973.7517142845045,7372.500000001893,5678.941000017369,4854.249999999744,1725.658074998988,2809.621288888872,9939.083166666645,3808.375000000295,10309.520214285732,7519.585499997527,8034.750000000603,7212.729571428989,2488.657442827348,2625.5763999902415,5393.699999997664,2791.104400145629,917.9211142857143,8479.833333333334,3434.0057999999985,562.573585714561,5404.644500354265,3783.08338888864,17701.87500105581,1814.4,2079.4285714285716,3159.3750000808664,2852.3425571427865,8263.606366669006,2494.516085715106,1886.6767333315458,7681.876371354381,4701.141071214642,4950.884999994841,3465.589157142273,1721.946160001107,3926.7035000000674,11567.672357151534,5897.7533333341635,10774.855642650944,10628.125000002434,5047.683142859715,10384.381857152877,3627.6740000000077,0.0,7975.582871618117,9089.985777794496,1882.5714285714287,9027.338280039135,11279.166666670148,7755.971014282183,6838.375000367207,3131.0381555334548,2295.2267142845926,3128.87500000246,8465.374999997553,19577.476466664986,6186.666666658771,7424.222585712733,9080.000000055728,16685.60649999197,11945.666666659448,7120.337213249879,2932.49999999997,543.0,5685.333333332681,3028.1249999987017,2513.5350555582017,4219.28537489626,5381.666666664105,5074.669357147642,17038.865957141123,3477.8333333337355,11498.95130000078,2307.243128571251,10225.000000000662,1632.543500031631,18180.86764289786,3427.68986666675,6036.248599990252,3660.1666666678975,4990.41533332483,6138.928722222288,9131.895786399418,6185.224333334242,10300.250000001439,17896.000000000986,17255.695999998912,7650.8717999996015,6264.6388666766115,6968.192471440676
MG,4980.481100123114,3939.847500017636,9596.23166667939,8177.098620003687,9768.540166675886,6871.688585714893,8769.83180000046,6356.87499998291,5311.1090666539885,10097.833333335364,9334.754714505076,2484.666666669031,14048.33333333278,3882.706499999286,8186.000000252141,6423.562500000044,10830.00000006161,5040.980625752602,10163.32285713812,11846.367374980908,14372.97483333692,13942.160624999708,8225.642342859186,8465.219214285786,3365.4214428569294,8757.44780000059,7594.1970714283425,13324.825277777289,5360.343399998344,8244.086857147959,3247.434799965203,8881.906000002304,13984.28149877574,8560.666666666675,8933.333333333489,5793.953625002249,6875.86616666195,14598.901833338501,7791.686428833293,9379.44072222588,5882.985332884043,5783.759500005697,5963.661299999327,10175.440857150566,7392.683142512118,5462.890442583586,11425.333333333361,2211.522371428478,8013.044557563584,11005.625000794047,5482.898333329678,8184.8852851874435,6105.515428576374,7975.582871618117,0.0,10197.75000000366,7565.719299998479,16531.499999993222,6576.460487891728,1418.349685728973,3229.4807777806127,5462.833333333634,8948.833333333328,9182.000000000095,7093.370600791424,11213.994000005961,5182.94578571852,14272.666666666313,13686.299999989806,11105.273222215821,9249.375000007767,6624.124999995126,8281.061499999845,8459.166666667084,5721.081749513278,7626.180000000743,7622.500000003022,8273.435980000617,2619.151088885513,5035.474499985499,13128.44227145849,8816.71503333282,7396.833333333405,7712.590285714156,7344.833333331858,7468.816366651,14477.334213253323,6743.666666666414,1834.631928571401,7905.000000002189,2868.3000666607404,14437.833333332972,9460.802928048812,7518.029642844543,8272.296499998722,13926.106855428314,14732.296214280179,2133.009942857178,1821.9545999925476,1719.833333333409
MN,5251.07409965409,11334.03929999984,19252.151771433426,6237.666666666258,9562.639714285227,3108.26927777457,6977.614840039282,9884.649999997231,5530.750000504117,16410.611572064594,16316.862000008174,11756.050000001605,9332.611571437448,10708.01485077014,6875.054499998958,11260.96709998119,19194.999999999243,9866.057666669374,1166.6666666666667,15181.83912981128,14140.604577766653,12392.62500000482,6145.650828571349,6211.415442857069,7775.87774446217,6072.009756633024,7648.87500000504,16174.36502897432,6808.896071424376,7911.8360428789665,7897.734642867875,5279.166666663681,9450.333333334329,7046.666666666666,7009.1249999992215,11239.087500769048,6758.906640365457,13512.486257452776,5941.666666667641,7413.096477781357,2910.6666666666665,5189.5905000031835,4838.0905,6473.499999984042,7207.612933333815,5770.626771427996,3013.6666666666665,8818.062500011478,3430.5304000606816,1992.1492666666727,5239.180000487182,2922.928350000978,5918.136571429316,9089.985777794496,10197.75000000366,0.0,10116.365066666709,11954.896728576485,4780.034800035483,11596.716071421433,11556.449771425141,9550.087500001344,6634.448566666857,5833.625000281207,2740.0876999964908,10501.291600001285,4999.597499771794,13839.166666666666,16254.666666666777,6390.9999999853835,3429.3204199971015,3130.66666666453,5725.235933328336,7415.552200000481,5263.9964999997055,5891.5000000012715,6301.1666666542305,4643.1,9526.347999996628,5664.992633329984,8137.628085700313,5857.9102666687695,4729.434666664785,10889.999999970845,3418.375,7405.374999994813,10731.500000000082,5304.232528572827,9290.054500003915,5588.767566666491,8864.566866662393,9897.625000001683,19154.166666658137,2965.333333329697,2685.71230000001,9323.505000947489,10178.628642860042,11746.666666664438,10454.474833334147,10562.189388893941
MR,6635.833333334341,4168.833333345961,7553.046624079696,4287.006074998308,17699.064277769936,10792.839784941816,3813.1666666683122,1612.2456499999948,6226.886785704663,7733.55569248605,5183.833333337031,6209.999999999968,6089.680799998136,4415.0545000240545,3809.253666665899,1614.8043333332878,8819.210333337096,3549.8011428659515,11318.196000003187,6564.43157142838,7905.25016666861,6716.300000003246,4337.434385714454,4526.333333333112,6379.166666664565,4669.250000000069,2334.3148999892574,7557.639900007834,4778.499999980381,2205.4354333329325,5955.829499994726,5472.1250000038235,18644.1666666662,3796.7462714285743,3887.4709999999786,2016.0946802094309,3926.2061712719037,8054.425800008712,4340.249999997204,3771.0808333399814,8726.337074988922,5617.625929170436,6331.250000005218,4763.87500000183,3557.650871407331,5053.666666659013,12990.970356757889,5972.7500000102045,12289.264125010619,12302.749999991065,6172.81133332752,11804.166666663486,4992.94277143073,1882.5714285714287,7565.719299998479,10116.365066666709,0.0,8977.661571425271,11893.666666662175,7353.236624992024,5762.166780577496,2550.2273714271682,4201.6651333323525,5004.863428366415,9426.624999998405,18880.833333327442,7275.138357126648,7229.500000002998,7640.748024999982,18233.33333333338,14009.00178479975,7857.798513317206,4838.833333331833,2261.6666666671586,6611.308499975669,4653.587185706546,4247.787844443774,5965.717571419718,5342.408766667341,5921.919143292848,18583.436071428725,5250.666666667718,12672.302971432848,405.44831111109335,11383.999999999534,3148.7687666717925,18977.829124997796,4841.580057079805,5891.999999999477,5130.782571427341,5042.967244446924,6161.249999863658,7425.875000010387,7581.217575024648,11434.05172220739,18807.78233332551,18409.99999999961,6605.846072195767,6041.250000002252,6265.56511111438
MX,14315.571428573772,12058.19651425576,7375.25,9957.736699995556,13823.121285712268,15839.324374881022,9224.499999999916,10088.333333325028,14317.666666666666,5388.134885714813,6845.741299991124,14333.975179999738,3625.0000000000914,12617.166666678439,9548.50000000046,9564.499999998845,6565.087000000146,12158.162642859166,12437.856277777777,3179.3097500006006,1935.793500000318,1778.6249999978606,9573.52041997021,9724.5,14227.749999999945,9543.154957142855,9377.328874999537,3130.155219999992,12452.24360000079,9064.625,13935.834624994766,9485.281133333287,9613.710714293546,9199.888888888889,8928.8,9742.963885718555,10777.658649999832,1053.6666666666667,10144.107420000299,8405.081199999913,14593.0,12387.49999999999,12444.666666666666,7508.374999766271,10245.24999999786,12448.166666666666,11310.75000000214,14326.166666666377,14341.889800001087,12095.3,13906.915733334452,14306.039114285657,12444.695666666723,9027.338280039135,16531.499999993222,11954.896728576485,8977.661571425271,0.0,16589.703480000004,15142.250000000264,13057.499999992275,10208.333333331166,9219.686540012426,9357.833333333341,15093.130571425701,11067.173339903857,14332.738485714046,2410.1111111111113,4244.333333333351,13597.55762499994,14223.5,14456.328375011635,10184.695666666692,7949.100000009948,13867.5,10739.043500000002,10243.543500000029,10729.857142857143,13657.73435714275,13879.378966666867,11605.047456804665,9567.902166666667,16590.013920000016,9054.05066666672,16281.499999999985,10035.584666663604,9299.36966666865,11485.553699925284,14521.500000002341,10814.75,13902.843071700418,3030.285714285714,7479.8062999984095,13634.872428563976,14615.777299997782,11331.625498923393,9340.801875359677,14350.668700000013,14222.226966666829,14362.49999999275
MY,5586.503479993669,9423.833333342202,15913.654442857192,9663.817371427143,6358.445500004933,2630.222222222222,10251.59694290035,11018.333333332968,6278.787542856837,18307.68981430792,16375.000000000266,8821.796928569074,14803.170277777795,9673.773999995514,9995.125,11350.085642860446,16287.72816666818,10055.833333340055,4349.571428573771,19762.138625000003,17875.402300044756,16878.88302838391,9542.192933334314,9596.423600009757,6893.688957146623,9019.200000000003,10496.250000001652,19732.5,7900.045799997345,11068.201857125478,7387.999999995899,8464.058156910742,8438.402277774589,10410.85241111111,10592.839133333353,10958.66666666778,8360.124999999887,16896.625000396827,8850.333477768838,10894.19643333332,3874.75,6306.3750001046765,6139.475266667556,10579.374999998116,9627.442000000272,7406.795944445117,5337.3749999999945,7318.250000000296,995.6263222221285,4610.0,6293.015571428591,1892.8449333350188,7342.319911113267,11279.166666670148,6576.460487891728,4780.034800035483,11893.666666662175,16589.703480000004,0.0,8365.624999997699,9472.833333343158,9974.624999999844,10212.155066666674,9457.799999986106,3249.8571428571427,8666.0125714275,5208.862333333386,19754.137666666793,19793.750000000113,5220.2753333326455,2479.731888888926,4461.666666666767,9418.896366666577,11266.13343333824,5905.393040000004,8483.297655557082,9055.77499999817,8363.609000002298,8247.97562499939,6357.833333333333,6471.784071439474,9313.665133334764,314.8888888888889,13170.405999997503,1185.0,10029.666666657875,9208.606375570747,7986.158614283208,7634.921586325493,8373.590499998756,8055.903555556532,15651.052199999718,15885.399999999961,5195.666666667756,2044.5,7397.999528572922,9041.874999999605,8518.617671428618,8445.632875000947,8356.833333331922
MZ,6345.301285712389,2784.8888888888887,8118.440066666836,8193.656785715491,10422.500000001854,7753.499999999206,8761.246333333189,5840.833333335941,6107.089857148685,9215.99999999444,7699.725628563615,580.632550000129,12738.762214291872,2781.0,8240.833333333549,5772.875000004996,9161.29316667739,4237.534285703319,11418.694214606534,10374.648166661837,12627.544786670736,12329.608857142906,8582.397428912767,8791.563642942532,4465.778071761795,9266.635585714232,7488.543444444408,11597.499999994076,6256.829722222356,8162.6582857078265,3691.6166421615953,9251.283099998693,14741.106928571453,8771.453428571402,9130.59000000124,5490.972142855863,7091.874999990673,13314.39921428561,7867.76100000937,9273.166666666675,7396.852555557216,6744.625249470447,6504.44899998634,10358.869713870205,7600.428611104607,6235.624999999018,13156.765785709722,2789.2232428562243,9111.7725142871,12273.728388890886,6276.698125005115,9338.684928571387,6713.125000007823,7755.971014282183,1418.349685728973,11596.716071421433,7353.236624992024,15142.250000000264,8365.624999997699,0.0,1675.4148399997925,4710.999999994035,9094.749999744883,9535.749999997795,8037.099655291376,11450.166666668607,5962.456428560486,12759.781359404917,11453.348877752964,12108.000000017795,10461.037966662405,7159.942333341011,8367.624999999061,8410.749999999838,6278.666666666821,7748.819944441887,7848.7499998379535,8779.768785706854,2381.6666666462806,5840.889524782794,14058.999999998554,9346.962857142113,8034.7869333333965,6718.333333333675,8513.999999994807,7413.749999996091,14601.666666624664,7080.482888888193,1756.3749999995696,8001.944000007808,2814.3555000060533,13642.895414286206,7994.999999999443,8044.647971427288,9281.43307204851,14252.833333333616,15878.378122203221,349.7500000021393,1004.6531500087578,845.1642802707881
NA,6562.299999991614,1580.5,7592.888666679362,7627.443533332672,10761.099999992475,9463.72535792966,8253.00000000469,4663.500000000007,6562.715128322616,7909.9050714121495,6657.739900005765,908.3159333332369,11493.676877788088,1904.6666666627416,7959.414166665425,4137.382800753078,8150.0,2931.203171425666,11891.922428574266,9286.557642868547,11012.305000013304,10723.37500005173,8092.817600000836,8132.1149777777755,5132.104140001825,8695.57080000458,6498.374999999999,9805.72210000284,5464.236000000451,7158.874999997998,4295.943199998925,9147.213833333315,14910.999999981228,8097.166666666648,8413.004971428574,3314.6666666712867,6885.600785715431,11253.079071766586,7536.833333332688,8542.03889999821,8109.999999999968,6830.833333333405,6848.288714293986,10054.293750019693,7264.666666665615,6379.562488880003,13554.655285714354,3168.33333333332,10178.500000000155,12769.688111086152,6752.130666669717,10356.997899993745,6968.666666671113,6838.375000367207,3229.4807777806127,11556.449771425141,5762.166780577496,13057.499999992275,9472.833333343158,1675.4148399997925,0.0,3473.9744857163982,8412.166666667194,9125.605166666684,9154.497960042556,11954.817642864053,6870.929185712661,10288.125000000005,9980.1034999982,13400.69692777651,12027.999999996837,8135.833333334977,8215.03019999833,7591.097066666345,6973.897699546346,7459.333333332772,7543.000000002254,8397.062124451862,2647.700000002397,6337.874999999946,14540.376225014405,9079.819000001824,9670.833333333141,5673.21815000641,10072.10721428522,6698.375000005015,14530.339375008238,7305.794219998906,2807.516377779173,7848.4283853616225,2928.1250000003574,12171.225866666682,7484.500000005553,8413.166666667128,10572.164429035261,14427.50000000535,16337.426666627829,1169.839133333352,1433.25,1478.8333333332478
NG,5113.644500001597,2222.735066667878,7976.03250000042,4291.415844439553,14743.145571944342,8668.752929271795,4755.736985828706,825.1666666668693,4935.858499996456,7965.430914278068,6151.918500000071,4115.833333333095,8545.833333331184,1726.3384285796067,4064.8749999999727,1255.166666671,8749.39943334168,710.5074571281248,10467.578611109304,8143.79785687575,9282.767488884048,8829.999999998654,4776.766800000166,4813.834100001387,3947.32464287072,5278.512033335737,2792.300000000027,8792.67564285883,3424.4565000000007,3690.225214289958,3465.7412999911476,6148.818124593798,19028.919166667318,4469.707420000045,4899.253728571434,913.6666666666936,3440.92112499961,10181.374999997683,4340.100000007429,5118.06079999818,7402.499999999776,4343.430071642516,5058.031299999027,6405.000000000875,3732.1028666659727,3996.0760000020523,13497.756650001042,3486.8750000000828,10424.99999999645,11728.749999478718,4758.166666670739,10148.46476666172,4101.297766667247,3131.0381555334548,5462.833333333634,9550.087500001344,2550.2273714271682,10208.333333331166,9974.624999999844,4710.999999994035,3473.9744857163982,0.0,4883.822499999375,5452.5723333365195,7723.9967199957355,15648.858927672498,5263.417128570692,8832.934999536083,8889.749999980888,15267.853857155798,11896.257857141563,6840.664220024394,4910.000000000001,3793.7490856656486,4899.501639997346,4320.83333332079,4410.333333332827,5495.475625001047,2956.9686714284207,4450.875714284703,17108.973199976623,5460.945499991855,10326.833333333338,2635.366874942246,9811.666666666975,2871.1666666676497,18992.17374976272,4135.36400027774,3520.124999996285,4926.095533331877,2934.916142839756,8582.749999999909,7763.362925000087,6456.874999988816,10149.83333333508,17917.833333342514,17862.49999999151,4515.8236666666435,3531.1584285710132,4373.610356723118
NL,5171.228249999999,6828.084555555508,11445.142857142857,937.0,16597.55105000002,7697.608666666757,173.0,4567.528471428421,4806.357024999705,10115.92974444449,9199.522433333465,8782.500000000038,5643.120266666451,6208.578199999874,596.3000000021245,5153.094622220065,11925.54136666728,5396.160585714475,7824.0,8824.875,9113.140700000076,7816.833333333334,711.1666666666666,577.0,5583.0714222225415,621.3,1732.5,9551.1,3287.3565333333763,1479.9104399999958,5475.694399999754,1502.0,16245.063785714736,430.4,357.5,5217.117399982123,2162.5,9220.763050000009,1145.1,752.4999999999955,6365.1428571452,3821.489166667178,4075.8333333333335,2014.3333333333333,1297.0,3411.793171413942,9293.069025000003,6675.799999999988,9574.249999543123,8552.5,4382.515900057127,9048.219771428227,3278.618328571366,2295.2267142845926,8948.833333333328,6634.448566666857,4201.6651333323525,9219.686540012426,10212.155066666674,9094.749999744883,8412.166666667194,4883.822499999375,0.0,913.9531000073147,7181.104400000411,18580.666666666668,5503.9189571428005,8810.936028571432,10515.111111111111,14111.17352828237,10410.0,5637.5,1095.0,1863.8,4905.334771428583,1783.0,1417.9673888888767,2159.333333333351,6410.940249999696,4677.50000000035,15129.234128571607,1125.0,10512.0,4650.0,9180.111111111111,1770.7192571428607,16506.95075726832,2590.6666666657006,6938.360471428385,1781.0,6188.37316666677,6187.1434666666855,11248.39687777809,4858.772233333353,8290.555555555555,16227.242833332326,15643.333333332272,9576.380500000289,7789.015571428659,8180.2344999999805
NO,5162.7999999978065,7514.193124998447,11699.168928569763,1391.5,15926.499999999554,7348.441328666996,1027.274822222032,5359.340666664932,4871.125000001497,10555.833333332534,9579.479599619768,9243.501055559853,5545.000000001217,7002.4999999904085,1470.7500000002215,6026.249999996365,12234.497699998712,6213.125000000093,6968.3090714301325,9115.23018588763,9331.24283333372,8132.8333333325245,1084.5714285690856,839.0,6125.833333332856,483.1,2866.6411333383853,9729.373079999634,3666.4079666666667,2590.8739333316726,6139.854142440236,785.1,15605.388625000052,1341.5714285714287,1153.0,6138.166666667414,2614.75,9169.370228689308,1480.0057999999824,1268.1249999907466,5969.712555555548,3893.2999999966664,4108.125000150247,1744.2636714475755,2003.2456499999998,3823.6249999988986,8384.27197777778,7125.364777775932,8667.833333335111,7705.849475026982,4457.14386665988,8442.168371239228,3603.666666667406,3128.87500000246,9182.000000000095,5833.625000281207,5004.863428366415,9357.833333333341,9457.799999986106,9535.749999997795,9125.605166666684,5452.5723333365195,913.9531000073147,0.0,6463.513742855298,17469.499999999673,5313.97819977923,8991.353999895893,10953.813714285769,12626.099999993208,9217.285057142122,5260.000000000751,961.5,2761.333333333341,4958.8967500000535,1932.886971428353,1621.723899999812,1642.8,6920.405214283054,4615.320499999965,13322.63774285854,416.0,9670.166666666664,5146.669400353213,8655.841759999972,2628.9999999983934,15708.553885707499,2917.534033333352,7510.771499990953,1630.867877777764,6767.346028319311,6063.535314284842,11423.443671422994,4360.019885713786,8259.52415714037,15044.137514976988,14181.624999990585,9628.018166667203,8319.019042857684,8425.193366670534
NP,3315.9956857171233,8799.62067143327,17200.942666660067,6247.557999999985,9696.165199999934,664.3333333333334,7191.876185585504,8610.625000482789,3592.124999999846,17226.32492857222,14930.833333333589,8498.750771427687,11576.322500000006,8585.771355558252,6810.008799994674,9223.16666668383,18045.199999905,8331.699999997652,3117.3525000001096,16048.895128574135,16301.66666666539,14668.250000000206,6301.832566666299,6323.124999999346,5305.1515666675805,6250.666666666753,7544.769966662984,16394.16471428296,4920.369571428583,8004.5,5695.35960000583,5604.875528746532,11279.818775001511,7244.703144444436,7302.166666666855,8540.3750000071,5730.630749327167,15382.624999995356,5944.066533333247,7459.166666665616,813.2222222222222,4010.0741003629423,3257.374999976433,7989.2026666665915,6443.256733336466,4729.641499993421,5150.063033333307,6257.101666671503,2349.4898252204257,3828.483780161408,3851.7227285707863,1893.1666666666454,4669.73932856733,8465.374999997553,7093.370600791424,2740.0876999964908,9426.624999998405,15093.130571425701,3249.8571428571427,8037.099655291376,9154.497960042556,7723.9967199957355,7181.104400000411,6463.513742855298,0.0,11544.37435661389,2784.2368427479732,16083.255633333993,17222.32922856172,6898.7387999936245,3581.180199999914,1276.6282714264548,5824.3749999950605,7985.6554999923665,3308.3369284610685,5546.333333301297,5888.807428571589,4906.856533333324,6702.767285702636,3898.3333333409682,8582.700000006253,6266.500000000589,3244.875,10127.745466649636,2208.0,6867.6488333203315,11950.2917142586,4672.384622222253,6300.624999999969,4831.429250211853,6610.006943172568,12043.794220000655,16299.543666669659,1952.3053202097778,2013.9270444443346,10133.999999999965,11328.21085714127,8479.734444449356,7609.522000004833,7809.375000004999
NZ,14243.157771428532,12525.98058573075,10337.776099999966,18181.87499993036,2325.2,11082.476785714287,18814.75,17481.713166653673,14673.254000003466,10535.833333332304,11890.970357135178,11861.839785714048,14408.999999999518,14069.143142864377,18821.19025000002,16700.563358007443,9350.333333333334,14959.36357141854,10378.105166667814,12693.125000002537,11696.666666666466,12898.501633313695,18150.693222222202,18150.452114285446,15003.999999589285,17603.141933334588,19514.719071928266,11256.193996121256,16301.299999999903,19855.0,14226.125414291148,16696.219114282398,2617.2354999999393,18983.251571445948,18816.14285714286,15647.624999999993,17596.97833333369,12058.874999992613,17904.884366668,18819.17246666669,12183.698833333558,15080.987428573311,15377.936233342543,16937.119499867924,18400.666666666668,16212.670550000666,9270.521714285309,13538.490014267994,9202.999999988706,9660.119499955304,14875.52200000965,9655.969944787234,16355.208799998212,19577.476466664986,11213.994000005961,10501.291600001285,18880.833333327442,11067.173339903857,8666.0125714275,11450.166666668607,11954.817642864053,15648.858927672498,18580.666666666668,17469.499999999673,11544.37435661389,0.0,14253.333333333354,11990.824500134691,10755.490333333337,4430.166666664185,8453.333333333167,13304.240214260957,17733.500000000447,19114.69999999919,14450.260800142949,17845.842250302565,17940.000000000175,16544.447799999994,14076.666666676007,14791.586714271398,3266.125000008133,17428.361950000002,8423.05104999972,17128.0583549546,9663.911524999992,18825.833333334016,2388.476799999837,16700.662066661756,13065.609151360413,17356.587,14142.726200002058,14185.54178558374,9786.502300002547,14226.66666666618,9575.160500000007,2574.7517249957255,3270.6,11645.029000000059,12724.811777777772,12248.6271666742
OM,420.0,6080.901640008751,13645.970357145361,4475.333928790245,11383.054499986996,3282.5,5481.519588889089,5775.993100004674,832.9729857020486,13796.820425008227,12019.2138571535,6280.833333324891,10878.557357144105,5154.749999999581,5118.89999999878,6749.223610195083,14843.333333332072,5360.271611109306,5920.383642855912,13758.250000008322,14671.66666666605,12814.500000150012,4758.247988885956,4947.813714285709,2052.161519835835,5153.333333334847,5103.072333330068,14460.16574285313,2754.063971428559,5677.482599999938,2459.8861289709876,4812.095866667432,13638.188714290212,5250.373166667997,5828.332074999991,6379.166666670588,3560.9048857146954,14572.085828122632,4161.166666668498,6014.22159999868,1950.25,1627.6396600059668,1503.798142839783,7230.624999994744,4814.757333328152,2384.3051000008304,7853.09314285818,3704.320500006971,5138.560955771196,6130.4255714263545,1214.0,4760.643000013125,2382.800299999808,6186.666666658771,5182.94578571852,4999.597499771794,7275.138357126648,14332.738485714046,5208.862333333386,5962.456428560486,6870.929185712661,5263.417128570692,5503.9189571428005,5313.97819977923,2784.2368427479732,14253.333333333354,0.0,14471.382142865019,14934.166666665902,10063.985999975088,6667.2500000097425,1811.4999999996387,4426.666666669549,6152.499999999433,701.206828571432,3809.1666666618617,4116.215655557133,3947.682599999945,3996.73396666749,1191.755220009542,11755.624142534958,5051.75136666759,5503.633400000294,7621.380357146162,4579.514585743899,4841.624999762144,15069.166666656598,2594.4491142872434,3868.4588888910007,3768.263077864781,3828.111049995918,11354.679485714378,12976.833333327213,2220.8659202000094,5213.884999997109,13200.685500012778,14657.718785717663,6249.548999998952,5248.820533333355,5457.213833333452
PA,13862.979788891278,9638.700000001942,5290.25,9630.733749884368,14321.16666666696,16294.564015058735,8793.939266666663,8320.000000000993,13579.927666669266,3371.984243084821,4574.14106666535,11349.363433337554,3872.5,9800.06378570926,8822.207411114538,7848.631271428807,4803.178266666666,9131.851142008563,14507.219666666839,751.666666665011,513.9104400000399,1594.7500000003058,9506.612042664596,9390.076071428688,13201.170055545717,9221.021200003283,8357.480500136364,1024.8333333333333,11735.831442855439,8177.499999999762,12735.833333333323,9551.166666666617,11464.790357203621,8639.258700008877,8477.80000000002,8134.484943280794,10275.011455558652,1363.194024999999,9808.874999998543,7969.229442844081,15918.228833321722,12258.565333330489,12955.040180005253,7570.126800008927,9417.0,12144.002299999433,13543.065250000001,12235.833333332419,16958.00000000429,13475.35382500006,13078.125000003629,16767.500000003227,11469.071439996493,7424.222585712733,14272.666666666313,13839.166666666666,7229.500000002998,2410.1111111111113,19754.137666666793,12759.781359404917,10288.125000000005,8832.934999536083,8810.936028571432,8991.353999895893,16083.255633333993,11990.824500134691,14471.382142865019,0.0,2360.3333333333335,15604.166666653497,16608.67246666664,15519.666666666666,9706.528300143184,7696.482600000007,13647.111400000658,10062.670857142853,9898.590499998703,10816.293500000416,11410.564213557094,12754.499999993886,13531.833333333876,9531.932699998848,18673.072333337477,6980.833333332861,17354.16666666667,9079.139460211292,9697.700500012166,10797.023899999924,12309.375000003385,10179.749999998683,11429.66666666475,3300.435719999325,5467.15992854535,13535.375000000146,16922.890915187294,12648.850125007117,9842.50000000862,11510.414724890345,11279.060250009168,11205.883666662412
PE,14803.749999802085,9889.221928232873,3138.87935,11261.84185682786,12775.833333334092,17441.713166653295,10524.333333333334,8805.00000000007,14255.910125002607,1440.83791428216,3170.1,10363.375000021202,6199.124999999997,10069.850624998307,10322.87500000105,8069.000222212208,2464.8888888888887,9885.92288889574,16624.571428571428,1880.0,2580.523199999899,3929.8,11083.296566670504,11109.509428571984,14343.325455792201,11036.184749999897,9890.0,1328.9,12346.276999999745,9506.66666666667,12950.117714008697,11588.336033333644,10984.961071424656,10260.0,10165.900000000001,8227.320199999396,11261.272650008075,3091.8225285661056,11272.382944445731,9776.381014285756,16736.367699356233,13197.699166668961,14457.126833333312,10040.837728578268,10854.847799947163,12829.375000325012,15485.0,12839.999999999249,19750.0,16294.666666666666,13936.907679998725,18883.56814285938,12562.871214281626,9080.000000055728,13686.299999989806,16254.666666666777,7640.748024999982,4244.333333333351,19793.750000000113,11453.348877752964,9980.1034999982,8889.749999980888,10515.111111111111,10953.813714285769,17222.32922856172,10755.490333333337,14934.166666665902,2360.3333333333335,0.0,14474.866625011873,18123.793500000655,16191.232999999436,11591.166333334524,9572.614066375794,14210.502300458906,11399.334114285717,11205.000000000247,12640.0,10958.333333338722,14106.333333335007,12982.0321666387,11365.282242858797,19727.266485714114,6489.706214303978,19727.77609999995,10147.999999999229,10407.499999997855,12139.668966663277,11389.787071437793,11573.124471428053,11139.807714286842,5628.6,3286.321733333333,14943.374999525024,19007.931166666607,12415.036666685493,10331.87499999537,9966.542157647487,10702.50000002267,10296.252277778753
PG,10363.49999999652,14820.000000000007,14047.029357555693,13507.56249999829,2626.400000000753,6816.8749999999245,14252.333333335586,16465.00000001185,10746.034700019267,15133.301666660776,16736.24999919037,13107.060785737676,14171.178028571601,14950.000000000233,14126.365257143025,17057.4999999998,13131.88509998269,14780.5000000011,5866.499999999994,16257.2893333364,15035.0,16155.203333334055,13591.124999998872,13526.888050000005,11921.166666663254,13464.393633331765,14973.300813960235,15522.224344445916,13406.833333316752,15578.084624995225,12104.082071427269,12679.230224992833,3415.3090714279133,14263.875000000038,14712.475100007778,15941.766715730922,13773.66666667587,14547.343799991488,13259.529740031836,14303.155800001097,8042.4731285769685,11250.333333354147,10463.528286624609,13750.222871439884,14127.50000022517,12113.407388931613,5072.117399981796,12348.666666669958,5048.277377780053,5133.585500001966,10967.010733296844,5127.818214714465,12420.076171458513,16685.60649999197,11105.273222215821,6390.9999999853835,18233.33333333338,13597.55762499994,5220.2753333326455,12108.000000017795,13400.69692777651,15267.853857155798,14111.17352828237,12626.099999993208,6898.7387999936245,4430.166666664185,10063.985999975088,15604.166666653497,14474.866625011873,0.0,3934.6467499999894,8489.712499091384,13504.16316666805,15719.949814288118,11109.091600000058,13753.562499992995,13744.718388899742,11951.499999998072,13850.116214291636,11124.69749999928,1425.0,13028.120800026883,4904.755220000009,18901.475700001152,5139.745311107074,15208.487850001016,4456.8749999955735,12722.458872119643,13706.250000000626,12882.500000000984,13905.094373892838,14836.874999998914,14004.638333333924,9262.111057137863,5196.5000000000255,2389.4519285720817,4307.602100274518,12094.29999999899,14206.83707142543,12663.19857141965
PH,6968.89257999905,12301.23137498508,19996.0,9720.333333333081,6276.1819713831055,3324.6250000005325,10446.333333333205,12586.945785709582,7396.6666666668225,18890.762043664967,18407.499999999345,11389.688666674761,13202.527342857053,11654.842249997166,10824.156600000919,13494.500000002325,17258.217333333334,11705.833333328086,2850.4285714285716,17931.53128635818,16604.496821510053,15798.256175089919,9901.000000000036,9745.800300000019,8692.666666671454,9302.124999999947,11451.208466665215,17279.121657142066,9244.056600003538,11640.0,9025.341714280876,8285.048720049863,7158.336928571025,10740.0,10740.166666666648,13351.307000013076,9596.288528495876,16290.728828571006,9756.430399999643,10838.169255554423,4764.777777777777,7440.119499998464,6325.999999999993,10369.27014285771,10400.333333333334,8404.930214284215,2995.249999997861,9172.324356980833,1780.0,2619.8888888888887,7569.850050000004,1811.1666666666486,8238.150033333235,11945.666666659448,9249.375000007767,3429.3204199971015,14009.00178479975,14223.5,2479.731888888926,10461.037966662405,12027.999999996837,11896.257857141563,10410.0,9217.285057142122,3581.180199999914,8453.333333333167,6667.2500000097425,16608.67246666664,18123.793500000655,3934.6467499999894,0.0,4755.367366665115,9415.444780009497,11359.857142859486,7290.0,9266.421125000694,9808.084375000013,8230.142857142857,9854.166666670028,7785.0,4704.725542859741,9280.736266666583,2394.777777777778,14416.372571431717,2208.1,10840.625000000182,7437.869749990119,8391.84135000006,9404.945833326547,8453.299999994439,10027.92092857999,13721.809750000068,18592.671699999923,5676.719071429477,1750.111111111111,5986.833333333334,7681.862000014364,10957.47678571194,10549.989028552665,9858.57506666093
PK,2030.3621799999603,7433.467000018753,15105.747214274817,4895.170714282934,10584.158142860277,2021.8080857139694,5819.300833337598,7390.659155555559,2257.180855558057,15407.549866666197,13728.717000008057,7878.469033328698,10704.032499999474,7176.975344458093,5529.999999997583,7712.499999999836,16341.013624999925,6689.719071423604,3795.4130000000564,15148.511957144692,15780.036111108388,13010.249999999849,5063.3334200003665,5285.028999999949,4091.9424797376737,5273.90057142849,6227.264166692225,15718.065000442692,3446.3151666661943,6446.84547777826,4327.688274984921,4799.208799996715,12848.594499999494,5907.206828571433,6049.888888888889,7177.082357139437,4264.125000005125,15088.230688887434,4766.963999998261,6166.749999998278,675.6666666666486,2771.166520274272,1924.4695500000018,6698.229155559836,5297.493433333619,3343.1751500051773,5829.75,5115.749999996639,3563.052714291,4311.749999941868,2633.429199992754,3107.4999999999877,3312.3812666685762,7120.337213249879,6624.124999995126,3130.66666666453,7857.798513317206,14456.328375011635,4461.666666666767,7159.942333341011,8135.833333334977,6840.664220024394,5637.5,5260.000000000751,1276.6282714264548,13304.240214260957,1811.4999999996387,15519.666666666666,16191.232999999436,8489.712499091384,4755.367366665115,0.0,4673.399999994679,6949.166666666781,2289.4079666666603,4295.046242976866,4871.802000001291,3809.2267142857145,5604.875000000027,2738.500000000097,10827.324722218395,5174.722071428613,4730.0,8720.216025384427,3052.9524749917764,5523.497700004363,14391.249999998361,3255.8750000120067,5301.525499998006,3898.9302139340793,5197.39527143416,11172.590499999089,13702.058157139483,844.3006285711789,3213.0715714126036,12377.582399861312,13999.166666655425,7857.372571422756,6795.166666665549,7047.380166667673
PL,4157.333333332575,6691.299999992717,12229.400000000674,556.0,15605.058999982626,6705.006942854235,1160.0,4852.999999998007,3867.015571256415,11094.170900019446,9971.297333336719,8444.525499999963,6556.358833333101,6168.333333333478,1135.8352666666635,5592.702371428912,12423.194914284712,5380.499999996937,7349.75,9638.333333333163,9860.204200000124,8435.882842857553,517.0,517.1,5218.420225001096,671.6249999978608,2244.1804714312993,10257.116685715213,2619.172466666714,2290.0,5356.699500001772,940.6666666666486,15686.061500001473,1367.0,1450.0,5290.259357143249,1598.0,9968.884,545.0,1825.111111111111,5269.333333333351,2893.4493333311084,3307.89999997793,2792.2447800094787,1316.0,2637.764500000003,8594.500000000182,6160.060500000611,8440.881266670853,7725.0,3436.5000000000223,8058.666666667305,2450.2499999999723,2932.49999999997,8281.061499999845,5725.235933328336,4838.833333331833,10184.695666666692,9418.896366666577,8367.624999999061,8215.03019999833,4910.000000000001,1095.0,961.5,5824.3749999950605,17733.500000000447,4426.666666669549,9706.528300143184,11591.166333334524,13504.16316666805,9415.444780009497,4673.399999994679,0.0,2760.0,3950.6702000382224,946.0,825.3546571428677,1151.0,6199.440250000027,3733.499999999085,14346.588028568747,810.0,9415.83333333337,5290.112166659766,8115.2857142880575,1874.2668250000074,16124.311666666448,1715.127599999482,6601.901413890361,689.7,5699.340666666507,7218.74486428577,11931.269600071024,3789.666666666719,7831.349685714285,15285.540625000513,15541.779857142892,8641.499999999878,7415.888285713233,7857.326000000552
PT,6126.603249984134,5780.0,9580.166666666666,2300.2,18051.84996666671,8628.322857148518,1712.4285714285713,3110.2428333359508,5647.499999991249,8678.249999996293,7289.571428573771,7950.86079999987,5268.8230000519725,5775.949333333417,1651.5245285713968,3770.166666666816,9893.228214284714,4453.449333334273,9602.624999999329,7503.149985714361,8136.973300000436,7149.857142857143,2243.946377777778,2312.5000000000005,5663.212642855907,2299.9884,1113.2267142873793,8336.26808520784,3798.017400000037,503.0,5627.0707497898275,3363.1666666666665,17378.81483340269,1453.0,1585.5714285737715,3808.7296999999658,2859.6666666666665,8328.572928362952,2468.115842857148,1643.375,7441.0988799958905,4836.3333333322535,5032.499999999671,2935.9930400000044,1861.4999999999818,4010.4999999999873,11149.333333333334,6170.233200001674,10694.282714285546,10429.333333333352,5249.295339997183,10088.020356670106,4007.145239999211,543.0,8459.166666667084,7415.552200000481,2261.6666666671586,7949.100000009948,11266.13343333824,8410.749999999838,7591.097066666345,3793.7490856656486,1863.8,2761.333333333341,7985.6554999923665,19114.69999999919,6152.499999999433,7696.482600000007,9572.614066375794,15719.949814288118,11359.857142859486,6949.166666666781,2760.0,0.0,5274.9012285331355,2974.4285714285716,2530.5593286182057,3909.5714285714284,6108.173342852635,5028.166666666642,17040.211614291075,2989.333333333351,11651.166666670739,2794.3706500000017,10186.092839998737,1713.5394428571626,17349.336833324945,3879.3913333362093,6866.883499999725,3360.5714285714284,5803.987242762652,5742.862114285723,9500.038928571415,6179.166666664241,10093.98213987825,17486.590842858757,17189.079124992837,7836.6000000001,7275.999999977281,7545.634166667149
QA,300.375,5827.166666668498,13314.333333333334,3954.575400000325,11962.807428571075,3940.2687666661504,4895.024877777778,5417.374999759081,140.8,13570.505537500598,11658.96735714357,6882.999999998203,10435.833333335453,5124.246786140699,4608.973444444365,6067.5624999791935,14399.166666667468,4865.723571428534,6189.333333333351,13453.124999999842,14027.198877774212,12851.619749995736,4241.554357142886,4380.142857142857,1978.8333333321773,4615.666666666667,4761.719914285569,14169.179249999936,2059.0,5324.806959999874,2230.4999999999704,4390.972985714275,14348.181624993898,4973.332614285718,5215.333333333333,5679.476785712676,2954.5555555555557,13575.306300000742,3723.0917777777754,5255.674400000005,2549.6666666666665,1127.323374999967,1151.9,6407.440485712897,4030.5,1688.6069600000176,8250.111111111111,3356.781133333592,5914.999999999705,7071.499999918954,568.3965857142579,5326.957322222213,1808.2906857142923,5685.333333332681,5721.081749513278,5263.9964999997055,6611.308499975669,13867.5,5905.393040000004,6278.666666666821,6973.897699546346,4899.501639997346,4905.334771428583,4958.8967500000535,3308.3369284610685,14450.260800142949,701.206828571432,13647.111400000658,14210.502300458906,11109.091600000058,7290.0,2289.4079666666603,3950.6702000382224,5274.9012285331355,0.0,3125.9048749999,3578.5350555560694,3570.299999999997,3636.8749996038587,490.4285714262284,12141.445166669193,4617.333333333032,6202.9,7511.04366666974,5292.375,4064.176359998935,14839.166666672258,2244.464433333048,3686.2839444270844,3211.824322215591,3515.389642851972,11101.298100004095,13197.749999706499,2421.589157142343,5629.369571428582,13946.921277770267,14361.919142856816,6917.95436666686,5258.285900012171,5478.275333333222
RO,3405.2537285714384,6180.833333333874,11812.857142857143,855.1,15523.295033333228,6264.698714284877,1763.2857142880573,4490.841385937922,3078.1292779076753,10934.246785717443,9859.999999999116,7692.462899986498,7325.4130001712765,5813.534285230928,1450.4925428425145,5130.000000000494,12568.333333338147,4878.125000322161,7060.666666666649,10130.500000000598,10188.333333334811,8902.83333332797,1079.0689428522664,1294.8,4355.333333337184,1555.2587000000105,2036.774566666225,10389.65200000156,1660.0,2474.0,4396.356166383781,1744.1318666666718,16216.573214286516,1870.4444444444443,2090.1,5107.000000009426,747.0,10273.906000000736,644.0,2530.354657137981,5274.67144000103,2006.286540000393,2463.155449999712,3833.3333333333057,1137.888888888889,1633.6434666666173,8873.999999999945,5320.750166668651,8271.250000000371,8178.755599999832,2731.500000005005,7850.87787143338,1411.1151857143113,3028.1249999987017,7626.180000000743,5891.5000000012715,4653.587185706546,10739.043500000002,8483.297655557082,7748.819944441887,7459.333333332772,4320.83333332079,1783.0,1932.886971428353,5546.333333301297,17845.842250302565,3809.1666666618617,10062.670857142853,11399.334114285717,13753.562499992995,9266.421125000694,4295.046242976866,946.0,2974.4285714285716,3125.9048749999,0.0,447.7,1501.8,5394.999999998577,2747.8333333349774,14635.950000001765,1748.3333333333328,8869.104214283148,5258.445500001702,7606.505250394267,1594.9314222233745,16613.156777762386,747.4826000000498,5378.666666675088,746.1000000000001,4936.666666670098,7864.999999999517,11789.984428571677,3171.8333333327937,7460.891366675831,15442.830599994431,15822.166666668592,7771.666666666592,6272.785124711798,6847.796642856516
RS,3811.0,6241.9191428563145,11807.06845,490.4,15934.166666666666,6766.624999990367,1373.375,4202.50000000594,3388.1666666720002,10981.997444442619,9501.948785714134,7803.930214284116,7307.166666666726,5497.499999999834,956.0895600000008,4897.601442549563,12199.754714286424,4821.896914207688,7415.222222222223,9534.796374998405,10161.726775211517,8826.042771428467,742.125,997.7142857142857,4630.499999999433,1232.9651999995726,1707.2972749999724,10608.47450000369,1894.7142857142858,2026.875,4798.2088000003005,1630.7413000091863,16330.394428571404,1445.8,1690.111111111111,5092.99999998852,806.0,10208.742142596642,316.25,2011.5431400671835,5276.194071535916,2294.733533325401,2704.269199995622,3127.4996714285458,722.3619500000005,1880.784488886685,9181.411499999986,5406.698714288182,8601.439356911116,8272.09783333327,3094.625000002003,8191.166666664461,1722.5491800021816,2513.5350555582017,7622.500000003022,6301.1666666542305,4247.787844443774,10243.543500000029,9055.77499999817,7848.7499998379535,7543.000000002254,4410.333333332827,1417.9673888888767,1621.723899999812,5888.807428571589,17940.000000000175,4116.215655557133,9898.590499998703,11205.000000000247,13744.718388899742,9808.084375000013,4871.802000001291,825.3546571428677,2530.5593286182057,3578.5350555560694,447.7,0.0,1625.6666666666667,5482.01535019211,3074.787266666253,14884.908809596693,1625.5999999976052,9404.345125000049,4941.926928569394,7958.5238712668925,1245.22466666606,16993.809500000047,963.5000000092783,5473.385142857838,975.5,4872.624999985893,7701.124999999145,11578.719299999533,3940.2416285710488,7938.666666664882,15652.5,16148.887833333483,7916.6666666666615,6466.137299649764,7206.571574188816
RU,3740.666666666649,7380.401579989759,13476.0,1670.0,14470.44477999051,4980.166666667331,2253.0,5830.873277777793,3440.0,12393.623333333135,11179.57142857143,8789.885749998582,7142.83333333331,6903.967500000278,2188.321733333338,6524.666666667007,14112.0,6272.625000000047,5796.0,10905.142857140514,10830.499999957216,9570.111111111111,1666.0536222197675,1608.3,5195.526999999698,1561.6915444518086,3479.8888888888887,11617.0,2900.0,3440.0,5140.166666666667,894.7999999976053,14482.269200002218,2485.375,2500.0,6295.518714291287,2229.3333333333335,10820.0,1565.888888888889,2796.930975000004,4340.0,2547.4285714285716,2464.2,3310.6,2375.0,2636.723899999888,7480.0,6418.4363571428585,7415.0,6600.9,3423.296344444432,6774.9167749996395,2439.125000000002,4219.28537489626,8273.435980000617,4643.1,5965.717571419718,10729.857142857143,8363.609000002298,8779.768785706854,8397.062124451862,5495.475625001047,2159.333333333351,1642.8,4906.856533333324,16544.447799999994,3947.682599999945,10816.293500000416,12640.0,11951.499999998072,8230.142857142857,3809.2267142857145,1151.0,3909.5714285714284,3570.299999999997,1501.8,1625.6666666666667,0.0,6319.166666665026,3516.8101333331642,12072.771166643142,1225.375,8250.0,6595.515428561514,7065.0,3125.3105714283915,16043.32942857048,1795.7777777777778,6868.043859890866,755.2,6181.090499999048,7824.75,12998.081020047182,2798.625,6733.793171428572,13593.015857142469,14300.833333335484,9190.775333333351,7812.043666668677,8196.973444444488
RW,3764.9227801919233,2027.1666666655806,9495.250000012627,5873.7693888886615,11700.962857139379,7326.249999988536,6259.423833333308,3574.9114666643804,4143.054871427297,9920.124999998743,8108.510611126265,2484.46428888844,11267.749999992377,1670.0,5922.85138888889,4312.000000038382,10049.709999999974,2155.921771428515,10046.754944446093,10892.14744444516,11731.333333330687,11593.624999999323,6117.120157142857,6316.940250000092,1865.8749999980714,6670.920271428571,4970.000000000527,11100.362071441334,3297.1666666666606,5784.16666666634,1543.0174000000038,7098.911356627558,16201.666666661833,6216.773285696909,6544.076542856475,3488.5238715919995,4629.375000005693,12062.005157150925,5756.602100269028,6884.848000000085,5940.833333330462,4223.02641110919,4570.624999327295,8475.499999986721,5390.624999999884,3671.4957333330294,11565.29500012131,747.6119500001035,8622.468444447972,10294.735166673923,3997.2244571492975,8554.225374753114,4381.666666666437,5381.666666664105,2619.151088885513,9526.347999996628,5342.408766667341,13657.73435714275,8247.97562499939,2381.6666666462806,2647.700000002397,2956.9686714284207,6410.940249999696,6920.405214283054,6702.767285702636,14076.666666676007,3996.73396666749,11410.564213557094,10958.333333338722,13850.116214291636,9854.166666670028,5604.875000000027,6199.440250000027,6108.173342852635,3636.8749996038587,5394.999999998577,5482.01535019211,6319.166666665026,0.0,3828.3333333332575,15285.53092079883,6967.782571323147,8286.899071428554,5194.303442857173,8364.250311109867,4847.846899988423,16449.999999992036,4859.369666666548,782.5621428589068,6023.876666662058,377.75,11577.187785427392,9530.586199984245,6369.386457144311,8995.210000000685,16064.232333308204,16710.32262499942,2666.622642746191,1494.261514283485,1637.946814284169
SA,789.62077777783,5456.192625015368,11964.47799999971,3671.5000000094637,12701.646250000034,4643.452075012026,4686.242942856611,4848.375000137157,420.6666666666667,12767.656414277291,10680.395055881843,6112.625000353373,9945.184970951237,4746.881011111172,4227.119500004556,5462.624999703669,14103.328300141002,4427.591675002205,6185.655285731649,12528.166666666835,13232.870866670268,11842.833333334538,3970.6017752083903,4150.297766663072,1533.5425666854676,4416.8750000004175,4088.38433333337,13485.867557599973,1449.9999999999873,4792.529499991309,1893.1235252242698,4196.303566667212,14483.912857661335,4674.750000002139,4944.5223714285985,5445.624999996815,2350.6000000002746,13193.635444443524,3334.092800001185,5296.374542857234,3034.4895600000045,950.5714285714286,1279.4521777777775,6325.435766669112,3666.666666666598,1286.7931714285878,8687.862114285714,3081.139200189769,6295.045549998559,7476.260857142857,557.2645000001867,5729.694611535675,1436.576566666661,5074.669357147642,5035.474499985499,5664.992633329984,5921.919143292848,13879.378966666867,6357.833333333333,5840.889524782794,6337.874999999946,4450.875714284703,4677.50000000035,4615.320499999965,3898.3333333409682,14791.586714271398,1191.755220009542,12754.499999993886,14106.333333335007,11124.69749999928,7785.0,2738.500000000097,3733.499999999085,5028.166666666642,490.4285714262284,2747.8333333349774,3074.787266666253,3516.8101333331642,3828.3333333332575,0.0,13197.74139999941,4582.943400053443,6636.166666666468,6749.850857141807,5662.74999999974,3414.12333332584,16060.057213617229,2071.1835555555976,3746.1848998576233,3127.6249999825754,3169.666666667528,10706.695714286296,11748.874999995327,2669.6250000066366,6169.166666669367,14375.195333326748,15801.666666666344,6002.166777778348,4754.410657137219,5397.459374997112
SB,12079.2421666857,16346.000000008018,12585.199166665243,15256.189433325535,3025.325280000002,8705.472866688558,15165.825342852628,18274.16666666601,12570.484099829133,13394.38039998325,15259.800000009538,14410.374999019275,12610.124999994316,15890.307499998884,15424.830314284756,18278.07893571529,11934.436714265883,17015.665055578003,7222.031613599765,14417.42951425354,13013.063499994287,14075.125000006603,15351.699999999984,14263.450533333324,13207.50000000986,14128.466044451816,15985.833333332708,13494.59262220434,14611.74579332609,16397.166666661084,14292.833333333334,12987.29589999996,2055.200000000026,15967.309919939433,15216.056225000897,17804.199999999997,14890.506022218375,12886.315071428568,14822.635685714284,15295.87499999947,9430.416000013927,12725.164800006238,11911.31055715519,14222.096429003772,15629.525371426138,14019.826433339427,5324.678357144626,14212.183571416497,6135.33333333061,6099.724100395152,12340.624999979447,6535.808166668652,14251.124999514224,17038.865957141123,13128.44227145849,8137.628085700313,18583.436071428725,11605.047456804665,6471.784071439474,14058.999999998554,14540.376225014405,17108.973199976623,15129.234128571607,13322.63774285854,8582.700000006253,3266.125000008133,11755.624142534958,13531.833333333876,12982.0321666387,1425.0,4704.725542859741,10827.324722218395,14346.588028568747,17040.211614291075,12141.445166669193,14635.950000001765,14884.908809596693,12072.771166643142,15285.53092079883,13197.74139999941,0.0,13674.290374992153,5958.666666671193,18805.33333333476,6658.969799986163,15927.125000023676,2901.8688999977444,13705.721785689066,14529.83828484109,13472.750498935926,14834.992626136045,13931.000000464075,13285.298285707453,10356.33016667925,6048.0278571427325,1212.4999999999745,3094.6666666895385,13308.300000003735,14954.628557996766,14181.737928558601
SE,4811.500000000572,7621.867271425165,12144.059100007453,1244.0,15598.913766666667,6911.982599999999,1281.0,5413.166666666436,4662.550724999941,10967.666666669253,10048.9728003611,9336.128800001703,5973.822499999629,6950.19492539194,1504.149985713694,6263.376666662415,12268.466111112437,6229.068722217682,6712.0,9507.203299999934,9560.450500000037,8283.875,1054.375,810.0,5788.844166666796,522.0,2990.6552857140896,10113.186942856903,3429.5714285737718,2590.4,5837.833333333358,396.0,15592.761000001836,1544.0,1432.3,6145.183599999452,2626.300000000003,9579.375000000002,1317.0,1625.0,5586.608666667543,3448.12499999176,3600.952442849205,2113.4776285715147,1975.6,3386.6666666669516,8170.0,6979.965200000045,8584.702185667971,7417.699999999998,4200.824500001866,8198.51433333513,3120.287871412939,3477.8333333337355,8816.71503333282,5857.9102666687695,5250.666666667718,9567.902166666667,9313.665133334764,9346.962857142113,9079.819000001824,5460.945499991855,1125.0,416.0,6266.500000000589,17428.361950000002,5051.75136666759,9531.932699998848,11365.282242858797,13028.120800026883,9280.736266666583,5174.722071428613,810.0,2989.333333333351,4617.333333333032,1748.3333333333328,1625.5999999976052,1225.375,6967.782571323147,4582.943400053443,13674.290374992153,0.0,9286.453375019504,5608.53761109382,8289.09203333333,2616.8713999996257,15739.04042857168,2621.2025142863386,7372.1740000018635,1223.384000000579,6372.56964285876,6631.503142892047,11916.250000000033,3915.0,8283.873933333269,15198.749999994603,14498.486799430906,9572.70650000008,8173.06528571432,8370.763999930334
SG,5889.888888888889,10103.829939999474,15870.47099999986,9702.625,6129.07748006096,2895.499999997861,10539.005799999974,11453.333333339342,6330.177199999859,17819.153929366574,16675.242285853077,9243.054600001786,14824.666666667234,10150.833333334076,10292.934339999993,12025.320527459562,16334.483749999989,10423.701899994587,4480.111111111111,19745.5764,18631.61785987684,16920.223714292366,9854.343399946601,9910.25,6872.456428579363,9966.132914266209,10415.034142839777,19736.1413,8269.051871428559,11360.965200000035,7391.546400000309,9259.666666666606,8272.60772857137,10739.888888888889,10850.111111109456,11378.518057084622,9050.852171428573,16741.785100397396,9505.49999998001,10956.076071428572,4150.0,7410.970171428566,6150.0,10809.666071429681,9526.27029999988,7412.875000029149,5311.75,7406.666666666649,1137.9,4650.428571428572,7381.9222600016965,1855.111111111111,7968.6666666650435,11498.95130000078,7396.833333333405,4729.434666664785,12672.302971432848,16590.013920000016,314.8888888888889,8034.7869333333965,9670.833333333141,10326.833333333338,10512.0,9670.166666666664,3244.875,8423.05104999972,5503.633400000294,18673.072333337477,19727.266485714114,4904.755220000009,2394.777777777778,4730.0,9415.83333333337,11651.166666670739,6202.9,8869.104214283148,9404.345125000049,8250.0,8286.899071428554,6636.166666666468,5958.666666671193,9286.453375019504,0.0,13366.088928568674,1433.5555555555557,10134.247814707802,9163.009000031401,8273.976200000718,7653.429750572702,8478.695714529395,8279.767039692646,15642.972985714274,15875.57771428568,5401.883971431735,2203.74129999116,6994.21503332853,8316.374999998954,8656.982600000003,8844.738299602486,8318.152622222078
SN,7484.605571428781,4474.858500004211,6954.095124999967,4772.166666667226,17221.87499998027,11881.333333348959,4489.9369666667335,1688.5984428573142,7147.418111103675,7120.950572452694,4997.500000006938,6014.374999967509,6210.374999999849,4200.375,4235.166666666913,1820.8333333334258,8178.3333333352,3182.463777777928,11901.10440000062,6103.250166665362,7638.500000003375,6708.3750000075015,4908.287214287017,5027.588166666671,6513.140999986924,5129.499999830611,3169.833333333341,7408.5247333325515,5193.251571428274,3150.375,6184.195666666652,5999.375000005586,18920.56514285744,4200.0,4363.211142822529,2100.4285714285716,4677.375000014646,7811.875,5000.319000002761,4377.334099999843,9621.45014285611,6537.516642852916,7107.249999996532,5166.847857021948,4167.666666666751,5945.710222221627,14059.688100035424,5792.614722222223,12822.243600442966,13021.666666669125,6812.3333333338305,12423.424166663199,5829.316857137921,2307.243128571251,7712.590285714156,10889.999999970845,405.44831111109335,9054.05066666672,13170.405999997503,6718.333333333675,5673.21815000641,2635.366874942246,4650.0,5146.669400353213,10127.745466649636,17128.0583549546,7621.380357146162,6980.833333332861,6489.706214303978,18901.475700001152,14416.372571431717,8720.216025384427,5290.112166659766,2794.3706500000017,7511.04366666974,5258.445500001702,4941.926928569394,6595.515428561514,5194.303442857173,6749.850857141807,18805.33333333476,5608.53761109382,13366.088928568674,0.0,12881.215642862679,3724.7499999999945,19093.53578571264,5324.937099996671,6016.25,5856.377357142855,5635.0114986216495,6174.666666666628,6238.500000012312,8298.999999988779,12281.75000113845,18954.166666666915,18604.953500017444,6706.72920000002,6013.043333328482,6592.499999999559
TH,4966.9826,10113.999999999829,17250.14285714286,8454.666666666695,7313.124285714324,1540.0,9264.805975,10524.338399988055,5360.889559999991,17535.702666659807,16740.142857140516,9529.913799999538,13664.318666665647,9757.350157148603,9055.618328571421,11457.599999998569,17136.130333333556,9944.041742349946,3291.6915444444453,17254.069266672836,17082.036111109446,16507.79999999988,8585.333333333334,8601.700000000004,6540.478000561199,8620.353249999987,9717.724700004403,17342.728166640998,7268.5081250001995,10190.110439993672,7029.250000008561,7896.921114285718,8951.890999997893,9443.111111109456,9536.9,10945.833333321256,7921.931057142858,16428.833333330524,8265.746271435884,9853.80160000072,2917.5,5951.338428580797,5446.166666666853,9530.820455364492,8815.333333333334,6856.666666666535,4603.0,7250.200700000004,537.625,3720.0,5685.194071428951,503.66666666662144,6909.250000000142,10225.000000000662,7344.833333331858,3418.375,11383.999999999534,16281.499999999985,1185.0,8513.999999994807,10072.10721428522,9811.666666666975,9180.111111111111,8655.841759999972,2208.0,9663.911524999992,4579.514585743899,17354.16666666667,19727.77609999995,5139.745311107074,2208.1,3052.9524749917764,8115.2857142880575,10186.092839998737,5292.375,7606.505250394267,7958.5238712668925,7065.0,8364.250311109867,5662.74999999974,6658.969799986163,8289.09203333333,1433.5555555555557,12881.215642862679,0.0,9182.602099731108,9611.377625000767,7480.874999999983,7631.893122225763,7435.052200000264,8374.99999950115,13980.002714285101,16836.801429098836,4316.353250000019,990.8333333333334,7672.499999999745,9600.000000003853,9363.749999998905,8993.666666666693,8905.125000011809
TN,4241.061499989578,5045.27962498786,10190.358066668752,1360.3749999978606,16253.067299999697,7556.499999996395,1625.6,2754.8522666609865,3854.3414333372725,9627.546361106386,8164.974833333344,7063.124999995993,6990.294811116959,4749.008071709313,1128.1357285701647,3689.3194333353704,11150.847014285435,3656.894833333154,8694.6291142887,8773.12760000134,9353.221933336008,8357.429414285734,1508.2282778209255,1503.1249999998702,4274.187785714251,2075.333333332588,630.0,9464.164242737372,2099.5714285714284,1273.6782666666913,4133.62333332852,2986.000000003256,17297.132875594933,1480.0,1825.2587000000153,3740.965775000049,1204.0058000000224,9548.250000000242,1306.0434285676827,2221.3750000002433,6115.076071428525,3063.833333336141,3689.319300327543,3803.967500003255,602.625,2424.005799999978,10437.365944444444,5251.757499985742,9817.166666668949,9517.866933332674,3425.7747855463335,9188.779757141256,2310.444780009501,1632.543500031631,7468.816366651,7405.374999994813,3148.7687666717925,10035.584666663604,10029.666666657875,7413.749999996091,6698.375000005015,2871.1666666676497,1770.7192571428607,2628.9999999983934,6867.6488333203315,18825.833333334016,4841.624999762144,9079.139460211292,10147.999999999229,15208.487850001016,10840.625000000182,5523.497700004363,1874.2668250000074,1713.5394428571626,4064.176359998935,1594.9314222233745,1245.22466666606,3125.3105714283915,4847.846899988423,3414.12333332584,15927.125000023676,2616.8713999996257,10134.247814707802,3724.7499999999945,9182.602099731108,0.0,17792.93750000601,2037.166666666673,4893.292025002401,2113.7484285715022,4227.833333334135,7140.681457400934,10051.826471429444,4845.355000000011,9220.0,17390.02964285983,17164.243414289707,7376.80199999817,5729.166124227808,6591.660833337993
TO,14823.666666667135,16176.666666618778,10339.22466666693,16888.83333333492,3826.833333331359,11610.66700000944,16634.535125000562,19068.315357139752,14741.64533332321,11058.723856142753,12789.144375004416,15381.840356349612,11681.333333332728,16410.83333332921,16854.431571429624,18950.852642855512,9458.609833333334,18525.13085719592,9691.784071427397,12505.006571365633,9760.000000000036,11438.317800001769,16458.49835714208,16173.80245714307,16211.9859285722,16023.880500000687,18951.99042855068,11021.358500003887,17250.00000000321,17590.83333333374,16891.52050000103,15422.499999999536,750.1428571428571,16959.75,16253.706499999962,19318.749999999953,17272.499999999123,9936.680428581514,16591.71944285478,16340.501055553357,12680.22700082267,16021.500000002512,15518.908641850843,15979.98264285498,16911.154299999933,16457.50000000163,7759.698766601611,16112.768666685366,8972.499999997532,8491.250000000642,15412.097400001237,9117.39142857836,16987.49999998542,18180.86764289786,14477.334213253323,10731.500000000082,18977.829124997796,9299.36966666865,9208.606375570747,14601.666666624664,14530.339375008238,18992.17374976272,16506.95075726832,15708.553885707499,11950.2917142586,2388.476799999837,15069.166666656598,9697.700500012166,10407.499999997855,4456.8749999955735,7437.869749990119,14391.249999998361,16124.311666666448,17349.336833324945,14839.166666672258,16613.156777762386,16993.809500000047,16043.32942857048,16449.999999992036,16060.057213617229,2901.8688999977444,15739.04042857168,9163.009000031401,19093.53578571264,9611.377625000767,17792.93750000601,0.0,16288.045300002566,16148.750000005488,15915.75016667051,16760.625000012176,11800.032833330044,11043.125000007885,13337.000000017355,8654.982055548893,1884.1876000001378,889.3333333333334,14106.836249978729,15053.124999999902,14150.706128551625
TR,2621.3522000172525,5943.333333327731,11802.105566666636,1596.5791200126762,14383.786699999682,5224.5915003209175,2592.4369666667676,4482.368071592659,2010.6795799996469,11683.13375713989,10287.84365,7387.5069000020185,7928.101114288823,5145.751057492307,2158.154957142661,4944.666666665395,13156.666071210278,4549.861642837587,6355.840999995296,10775.224557078453,11267.200000000277,9759.07170014276,1625.666666667054,2030.2167714285727,3404.8749999988204,2385.80000001018,2650.7413000089755,11623.67367142857,1101.4705000086842,3135.8468499993373,3424.9999999999636,2457.8341000015753,15997.41919999691,2597.8,2823.4048749999133,4908.649950000457,815.1666666666486,11086.063786049395,1139.1620856903746,3364.8812666630092,4265.209642856713,1261.672466666658,1696.5394428498346,4349.333333334702,1587.1870562810652,1012.1428571428571,8763.375000000045,4515.735857139235,7486.595533334578,7398.775333333187,1787.0005749992656,6888.215799995966,760.1776571422787,3427.68986666675,6743.666666666414,5304.232528572827,4841.580057079805,11485.553699925284,7986.158614283208,7080.482888888193,7305.794219998906,4135.36400027774,2590.6666666657006,2917.534033333352,4672.384622222253,16700.662066661756,2594.4491142872434,10797.023899999924,12139.668966663277,12722.458872119643,8391.84135000006,3255.8750000120067,1715.127599999482,3879.3913333362093,2244.464433333048,747.4826000000498,963.5000000092783,1795.7777777777778,4859.369666666548,2071.1835555555976,13705.721785689066,2621.2025142863386,8273.976200000718,5324.937099996671,7480.874999999983,2037.166666666673,16288.045300002566,0.0,4800.49999999606,1176.4614250174554,4222.428099685568,8419.70218566786,11738.250599997575,2778.166666675041,7167.723571550468,15236.516000651534,15842.059199999449,7417.920333333679,5777.686428573136,6083.1250002545
TZ,3879.5578888898876,2784.949442606059,9330.398333326222,5941.840666665461,11198.223428570845,6702.973300001098,6748.929250002542,4538.333333336102,4160.57771428731,10139.559142315276,8469.375000367516,2364.856199993609,12130.753214285767,2048.850949998534,6127.410900000205,4788.181875002125,10117.846276924938,2959.437733334505,9268.560642619865,10976.8750000052,12523.99821337566,12238.445499999962,6424.125000000313,6803.500000001792,1912.6250001157894,7060.499999996724,5394.0835,11881.438499999542,3545.8182142862943,6173.077571429711,1517.958549985292,7363.772442860171,15622.333333290422,6696.875000008569,7465.586999999666,4443.236124996636,4755.418366658266,12975.664199118028,5874.3750000043765,7648.67694999951,5576.87499968516,4217.0360000061455,4544.434666664449,8739.717000001247,5413.584185714445,3710.7049666611447,11427.906857073216,660.8333333333294,8180.333333330037,10374.166666664754,4124.66666667174,8399.653579797634,4344.494055553348,6036.248599990252,1834.631928571401,9290.054500003915,5891.999999999477,14521.500000002341,7634.921586325493,1756.3749999995696,2807.516377779173,3520.124999996285,6938.360471428385,7510.771499990953,6300.624999999969,13065.609151360413,3868.4588888910007,12309.375000003385,11389.787071437793,13706.250000000626,9404.945833326547,5301.525499998006,6601.901413890361,6866.883499999725,3686.2839444270844,5378.666666675088,5473.385142857838,6868.043859890866,782.5621428589068,3746.1848998576233,14529.83828484109,7372.1740000018635,7653.429750572702,6016.25,7631.893122225763,4893.292025002401,16148.750000005488,4800.49999999606,0.0,6128.218085714242,712.4999999994279,12480.711286127806,9300.291714279632,6108.99999999998,8247.666666665264,14717.76305714282,16069.375000011265,2501.4741569583116,1027.2900285418955,1509.1772000000253
UA,3462.731999996298,6722.854142450817,12816.603414293028,1003.9463777777831,14915.666666666648,5939.432699993123,1853.3092571439138,5021.333333328269,3109.5521999988146,11650.877433331465,10161.649657233495,8248.607071149476,7256.045233334431,6134.225944445155,1652.1208142856472,5566.553699999798,13023.51529999943,5501.7951428571105,6450.0,10267.166666667566,10382.833333333792,8721.166666667077,1143.0,1121.6034142857145,4644.958777781285,1460.3333333333514,2716.2621499748684,10778.257874998139,2272.6666666666624,2864.75,4799.605166669211,1144.2857142880573,15493.288714284643,2024.2222222222222,2133.6,5486.637928925078,1482.4405777728691,10480.83333332568,898.5,2830.9260857094105,4573.0170714285005,2320.4999999920897,2360.3999999977186,3492.170499986427,1672.032611111114,2094.516633333713,8191.321733333334,5725.202142855072,7934.2770857116775,7231.7791200000165,2839.944471435528,7432.999999999695,1726.14129999027,3660.1666666678975,7905.000000002189,5588.767566666491,5130.782571427341,10814.75,8373.590499998756,8001.944000007808,7848.4283853616225,4926.095533331877,1781.0,1630.867877777764,4831.429250211853,17356.587,3768.263077864781,10179.749999998683,11573.124471428053,12882.500000000984,8453.299999994439,3898.9302139340793,689.7,3360.5714285714284,3211.824322215591,746.1000000000001,975.5,755.2,6023.876666662058,3127.6249999825754,13472.750498935926,1223.384000000579,8478.695714529395,5856.377357142855,7435.052200000264,2113.7484285715022,15915.75016667051,1176.4614250174554,6128.218085714242,0.0,5505.833333326412,7841.684066666667,12294.999999999884,3151.8333333492346,7247.253666666763,15167.471342856421,14974.83333332788,8322.500000001435,7305.833333335435,7455.833333330853
UG,3719.3333333320534,2635.036299997759,9607.735857145477,5254.166666666881,11990.790374431368,7258.874999995225,6224.215271428456,3582.985333330448,3749.3940333333935,10182.499999993543,7663.080856713818,2920.3739333332865,11150.833333332495,1949.6666666666667,5658.0051201974575,4030.604000010787,10649.060250012859,2150.171125000843,9442.082357139407,11099.392779985697,11818.024300002284,11501.666666666952,5673.95819999955,5946.66666666592,1559.5000000036225,6211.66307153831,4611.666666675269,11445.534385706114,3314.285714285714,5316.875000007508,1064.8333333333333,6846.964357142604,16323.000000003125,5587.264499999922,6480.125,3395.344166665836,4041.7500003016953,12221.426125012027,5372.217428571466,6553.42202462114,5592.728166664604,3877.5,4417.8107142939325,7902.136466670803,4886.500000000161,3466.333333335535,11348.219888885487,503.3333333333333,8572.017914287357,10422.018571425791,3857.6250000002065,8551.999999995112,3917.3531571399403,4990.41533332483,2868.3000666607404,8864.566866662393,5042.967244446924,13902.843071700418,8055.903555556532,2814.3555000060533,2928.1250000003574,2934.916142839756,6188.37316666677,6767.346028319311,6610.006943172568,14142.726200002058,3828.111049995918,11429.66666666475,11139.807714286842,13905.094373892838,10027.92092857999,5197.39527143416,5699.340666666507,5803.987242762652,3515.389642851972,4936.666666670098,4872.624999985893,6181.090499999048,377.75,3169.666666667528,14834.992626136045,6372.56964285876,8279.767039692646,5635.0114986216495,8374.99999950115,4227.833333334135,16760.625000012176,4222.428099685568,712.4999999994279,5505.833333326412,0.0,11498.144450000129,9575.000000000997,6080.49385714406,8426.081250002691,15672.149333324318,17166.666666675257,2920.296520000004,1445.1949000010206,1953.7064999964095
US,11322.749999999996,10447.59083332978,8374.26682500001,7040.1627428569955,15998.753555556068,12692.833333334935,6240.902166666615,8150.590499996842,10469.388449968445,6431.583500003827,6735.866300000008,12509.614014285742,732.1111111111111,10191.666666664009,6476.234499999971,8024.333333328165,8038.333333333333,9245.000000000322,11171.333333333334,3585.384599729981,3271.013919974746,1827.8836999999912,6567.125000000007,6715.25,11553.391333333426,6216.027014273556,6436.729974995407,4489.571428571428,9422.293500000165,6111.554357142857,11559.833333333334,6934.34124285703,12222.698299999944,6164.2167714285715,5900.0,8260.462714285748,7880.068419998762,3013.5515428571925,7269.5,5425.917924999966,12030.496225000044,9959.10875000026,9685.326514105911,4496.124999999999,7215.571428571428,9516.500000000315,10900.24999999786,12141.608666666807,14327.483914037082,11150.0,10491.31320000355,13858.060299999988,9392.833333336259,6138.928722222288,14437.833333332972,9897.625000001683,6161.249999863658,3030.285714285714,15651.052199999718,13642.895414286206,12171.225866666682,8582.749999999909,6187.1434666666855,6063.535314284842,12043.794220000655,14185.54178558374,11354.679485714378,3300.435719999325,5628.6,14836.874999998914,13721.809750000068,11172.590499999089,7218.74486428577,5742.862114285723,11101.298100004095,7864.999999999517,7701.124999999145,7824.75,11577.187785427392,10706.695714286296,13931.000000464075,6631.503142892047,15642.972985714274,6174.666666666628,13980.002714285101,7140.681457400934,11800.032833330044,8419.70218566786,12480.711286127806,7841.684066666667,11498.144450000129,0.0,8393.731357142846,9982.303277775489,13281.399999999632,12714.929000007482,11404.769966654998,13020.24999999996,11894.887833331664,12499.255699999992
UY,12645.000000005839,6890.750000253554,203.0,11234.202100270066,11758.436357143217,16282.680088890933,10877.717500000106,8035.357720041319,11897.340333336013,1915.3183571438399,2279.75,8003.413250001496,9012.333333333185,7878.223057147525,11098.645999999826,6960.628185692054,1362.9021666667184,8170.7598333340475,19152.167714285762,4774.333333333333,5555.851388892736,6834.481833332787,11500.700000004943,11739.935842493447,10951.333333332926,11799.023966666507,9647.50000000479,4694.765499973995,11127.746928572198,9953.4826,10078.33333333212,12204.928713723788,11810.11471376046,10969.57142857143,11086.92284999991,7124.874999988278,11028.499999999985,6328.930214283713,11797.407533333238,10950.00000000107,15928.525000000003,12217.666666667454,12844.822166670605,11280.39892222248,11027.580057144576,11872.505366666692,18575.0,9817.01466666637,18503.79999999403,19603.827533348063,12316.675642873883,19018.124999299227,11506.51111428531,9131.895786399418,9460.802928048812,19154.166666658137,7425.875000010387,7479.8062999984095,15885.399999999961,7994.999999999443,7484.500000005553,7763.362925000087,11248.39687777809,11423.443671422994,16299.543666669659,9786.502300002547,12976.833333327213,5467.15992854535,3286.321733333333,14004.638333333924,18592.671699999923,13702.058157139483,11931.269600071024,9500.038928571415,13197.749999706499,11789.984428571677,11578.719299999533,12998.081020047182,9530.586199984245,11748.874999995327,13285.298285707453,11916.250000000033,15875.57771428568,6238.500000012312,16836.801429098836,10051.826471429444,11043.125000007885,11738.250599997575,9300.291714279632,12294.999999999884,9575.000000000997,8393.731357142846,0.0,14738.35371553951,19169.270429254557,12442.38692861742,11473.166124995994,7855.765155554628,8187.4237857135095,8405.333333328983
UZ,2431.666666646379,8178.283928571434,15935.007955561883,4181.666666667262,11568.774624996915,2901.502625002348,4932.397075007513,6842.499999998451,2813.2593571433613,14723.656128341005,13926.666666673336,8365.590500000504,9593.375000000486,7483.7477222253165,4887.497042859194,7623.609999999465,16265.84935722782,7080.9070999843025,3939.1577714285386,13966.875000465381,14103.222870649564,11856.833333333323,4300.831800000221,4315.517400000015,4482.250000225232,4350.833333333638,5246.230100003269,14674.999999999993,3611.6645714281653,5936.491874999979,4810.409999993029,3501.4326999969508,12638.649285715679,5145.333333333333,5267.728022207498,7360.124999993842,3824.8816798812645,13565.320042861558,3862.714599998294,5658.05271428724,1580.0,2039.6076000001115,1623.9485666668145,5745.833333348348,4795.122785711079,2855.791774999249,6023.362333333454,5709.736800012288,4619.1227857227095,4845.328299998407,2359.0588499931387,3841.1861000002173,3033.000000003328,6185.224333334242,7518.029642844543,2965.333333329697,7581.217575024648,13634.872428563976,5195.666666667756,8044.647971427288,8413.166666667128,6456.874999988816,4858.772233333353,4360.019885713786,1952.3053202097778,14226.66666666618,2220.8659202000094,13535.375000000146,14943.374999525024,9262.111057137863,5676.719071429477,844.3006285711789,3789.666666666719,6179.166666664241,2421.589157142343,3171.8333333327937,3940.2416285710488,2798.625,6369.386457144311,2669.6250000066366,10356.33016667925,3915.0,5401.883971431735,8298.999999988779,4316.353250000019,4845.355000000011,13337.000000017355,2778.166666675041,6108.99999999998,3151.8333333492346,6080.49385714406,9982.303277775489,14738.35371553951,0.0,3889.686800000077,12355.374999999724,13031.134833313596,8460.565333331877,7221.874999991023,7392.521600284116
VN,5290.486100000042,10637.13835714233,18739.666666666766,8338.086540037293,7737.150033329246,1861.000000000117,8361.525525000043,10683.297442858526,6040.596777792945,19185.296055558087,17098.95312000126,10059.166666670115,12523.666666657851,10401.710333337984,8776.675171428571,11425.73990000075,17869.357749995725,10145.341210876406,2330.0,17714.16666667003,16727.99999999528,15656.97082857143,8295.573585698636,8290.57142857143,7238.328485711942,8288.180199999997,9871.826333333393,17671.300000007486,7660.377255554221,10075.310133333445,7628.74999999041,7288.820880000014,8206.29999999917,9190.0,9232.42536666668,11159.452833332734,7891.1521428580345,16096.152333332067,7944.3333333332,9054.160624998916,3002.503479999999,5969.564999999449,5496.66666666369,8769.899999997308,8726.958071428562,6984.33333333212,3724.5,8153.557357139152,1054.0,2741.9104399936737,5874.129277777584,480.81038889503003,7039.704677779869,10300.250000001439,8272.296499998722,2685.71230000001,11434.05172220739,14615.777299997782,2044.5,9281.43307204851,10572.164429035261,10149.83333333508,8290.555555555555,8259.52415714037,2013.9270444443346,9575.160500000007,5213.884999997109,16922.890915187294,19007.931166666607,5196.5000000000255,1750.111111111111,3213.0715714126036,7831.349685714285,10093.98213987825,5629.369571428582,7460.891366675831,7938.666666664882,6733.793171428572,8995.210000000685,6169.166666669367,6048.0278571427325,8283.873933333269,2203.74129999116,12281.75000113845,990.8333333333334,9220.0,8654.982055548893,7167.723571550468,8247.666666665264,7247.253666666763,8426.081250002691,13281.399999999632,19169.270429254557,3889.686800000077,0.0,7657.500000012539,9097.499999275056,10143.749999999962,9355.096142855098,9289.166666668405
VU,13941.625000000005,15815.124999999764,12209.666666664827,15973.624999999109,2496.8509499964184,10001.027485706392,16269.015571428885,18299.166666663878,13987.500000006088,12951.462566679387,14644.823371430091,14440.755928562025,13194.999999983875,16056.062285707814,16254.651675000001,18648.12500000559,11715.624999999227,17840.83333335624,8428.635214275111,14101.138000015198,13077.118371414706,13855.250000005568,15783.500000000771,15669.473499999765,14802.500000002208,15626.22389999989,17487.490571428327,12940.83333331754,16225.593566667401,17288.333333333587,15267.038749990861,14374.526174334473,1025.5000000000102,16281.034142857145,16273.362333333334,18798.17586667573,16007.671266665822,13072.166666678855,15731.124999999829,16061.492357476962,11373.354666666664,14277.499999999296,13809.474499997954,15594.59460000014,16432.55066666627,15456.615666657191,6343.1249999993615,15152.984714307384,7337.214374994896,7193.163166667275,14140.654777778367,7989.833333340242,15791.893628573287,17896.000000000986,13926.106855428314,9323.505000947489,18807.78233332551,11331.625498923393,7397.999528572922,14252.833333333616,14427.50000000535,17917.833333342514,16227.242833332326,15044.137514976988,10133.999999999965,2574.7517249957255,13200.685500012778,12648.850125007117,12415.036666685493,2389.4519285720817,5986.833333333334,12377.582399861312,15285.540625000513,17486.590842858757,13946.921277770267,15442.830599994431,15652.5,13593.015857142469,16064.232333308204,14375.195333326748,1212.4999999999745,15198.749999994603,6994.21503332853,18954.166666666915,7672.499999999745,17390.02964285983,1884.1876000001378,15236.516000651534,14717.76305714282,15167.471342856421,15672.149333324318,12714.929000007482,12442.38692861742,12355.374999999724,7657.500000012539,0.0,1883.4999999998583,12590.374999999343,14519.624999967089,14107.500000001944
WS,14688.749999999764,16641.71249910367,10314.280500002136,16178.578900000142,4413.500000000078,11061.86138888924,15689.541111110451,18145.704388880866,14734.630142022672,11263.74999999074,13752.343499974751,15993.509400019779,11536.897321042989,16716.251286763396,16417.899999999187,17632.499999985135,9553.333333331948,17697.50000004996,9703.333333338565,11272.838555528922,9247.850874301017,10258.775000024974,16024.797857142576,15496.500000003709,15962.79007143902,15255.266200003067,17322.32983333046,10803.333333309602,16528.040266667947,17274.1365716371,16625.36550001879,14362.16442857144,1145.9502444444995,16351.608666666718,15450.579774997663,18392.243340584606,16472.7500000001,9365.319114272716,16164.58784273023,15521.874999999862,12361.545475002238,15562.490857145644,14834.762500001985,13677.408574112558,16499.50700000336,16365.48916666651,7601.773285714297,16372.273800406354,8976.25325713819,8203.077571428625,14936.166666663932,9319.58674969946,16189.486800566288,17255.695999998912,14732.296214280179,10178.628642860042,18409.99999999961,9340.801875359677,9041.874999999605,15878.378122203221,16337.426666627829,17862.49999999151,15643.333333332272,14181.624999990585,11328.21085714127,3270.6,14657.718785717663,9842.50000000862,10331.87499999537,4307.602100274518,7681.862000014364,13999.166666655425,15541.779857142892,17189.079124992837,14361.919142856816,15822.166666668592,16148.887833333483,14300.833333335484,16710.32262499942,15801.666666666344,3094.6666666895385,14498.486799430906,8316.374999998954,18604.953500017444,9600.000000003853,17164.243414289707,889.3333333333334,15842.059199999449,16069.375000011265,14974.83333332788,17166.666666675257,11404.769966654998,11473.166124995994,13031.134833313596,9097.499999275056,1883.4999999998583,0.0,14812.043666658696,15536.666666666642,15221.666666702266
ZA,6293.01707145458,2490.4285714262282,8115.889559999987,8359.166666664965,10279.666666666668,8347.337055557871,8862.74692857123,5285.700214016405,6287.659333334659,8928.759499983173,7450.375133328358,258.0,12806.527999999998,2777.810388888885,8530.152000004833,5017.5689777832295,8158.745614183548,3886.6666666615247,11715.333333333334,10480.497142842863,11455.69913333164,11815.156642867547,8394.866599999988,8683.546571463363,4860.135071428592,9436.50616699359,7432.0688333334,10315.50229999681,6264.666666666667,8048.125000000043,4411.874999987121,9638.080200003342,14239.166666654817,8689.888888890544,9048.58850002605,4684.666666666685,7018.681875408288,12204.04437246732,8462.199999998082,9401.833333330485,8032.844166666318,6907.10440000208,7039.648166654515,10818.499250002158,7727.931166666688,6415.662599638151,13531.034142839777,2914.8888888888887,9418.445500004425,12437.931166666649,6668.162557149902,9547.500000003258,6801.119211111608,7650.8717999996015,2133.009942857178,11746.666666664438,6605.846072195767,14350.668700000013,8518.617671428618,349.7500000021393,1169.839133333352,4515.8236666666435,9576.380500000289,9628.018166667203,8479.734444449356,11645.029000000059,6249.548999998952,11510.414724890345,9966.542157647487,12094.29999999899,10957.47678571194,7857.372571422756,8641.499999999878,7836.6000000001,6917.95436666686,7771.666666666592,7916.6666666666615,9190.775333333351,2666.622642746191,6002.166777778348,13308.300000003735,9572.70650000008,8656.982600000003,6706.72920000002,9363.749999998905,7376.80199999817,14106.836249978729,7417.920333333679,2501.4741569583116,8322.500000001435,2920.296520000004,13020.24999999996,7855.765155554628,8460.565333331877,10143.749999999962,12590.374999999343,14812.043666658696,0.0,951.0,929.6666666666666
ZM,4976.875000004633,1891.0368499939127,8173.238999913242,7212.0225444445,11769.73314285542,8281.623742853986,7589.942314283219,4550.624999998512,5070.225211118612,9060.033973339914,7633.942333322009,1007.7999999999631,11990.452499987832,1684.8786600793337,7296.6666666660885,4488.250000012664,9417.363388887125,2821.8333333269925,10784.100999987828,10142.982055561173,11836.753213858614,11440.866166664995,7276.864249998619,7468.696722222338,3223.1003750072646,7797.021857147799,5814.868214288882,10792.833333335007,4876.982928571342,7137.406000002054,2903.510271427396,8108.66666668408,15628.145666656554,7594.195666666691,7921.486540012452,3950.0710750035223,5503.750000498627,12278.833333319837,6870.071324997758,8233.79251428614,7228.702666674428,5250.666666680947,5547.833333333022,9319.881444448747,6070.833333335422,4937.000000006242,12540.080833333746,1819.8333333333585,9134.999999994703,12040.927214291525,5292.500000001033,9261.999857714058,5303.333333334434,6264.6388666766115,1821.9545999925476,10454.474833334147,6041.250000002252,14222.226966666829,8445.632875000947,1004.6531500087578,1433.25,3531.1584285710132,7789.015571428659,8319.019042857684,7609.522000004833,12724.811777777772,5248.820533333355,11279.060250009168,10702.50000002267,14206.83707142543,10549.989028552665,6795.166666665549,7415.888285713233,7275.999999977281,5258.285900012171,6272.785124711798,6466.137299649764,7812.043666668677,1494.261514283485,4754.410657137219,14954.628557996766,8173.06528571432,8844.738299602486,6013.043333328482,8993.666666666693,5729.166124227808,15053.124999999902,5777.686428573136,1027.2900285418955,7305.833333335435,1445.1949000010206,11894.887833331664,8187.4237857135095,7221.874999991023,9355.096142855098,14519.624999967089,15536.666666666642,951.0,0.0,396.0
ZW,5476.875000000272,2163.3333333330806,8175.369571428588,7472.76100000245,10844.601666667255,7972.791199998813,7875.066388888288,4867.500000004438,5643.092957142867,8931.666666666591,7491.734222220837,912.8750000092696,12280.970357529282,2247.6888444430765,7558.4617000007465,4913.816714506283,9426.552199946756,3076.6666666653805,10697.880500000498,10226.250000004136,11629.27737777628,11884.166666668089,7552.375000002115,7797.757166666755,3803.4191000145506,8322.166666659421,6407.817624986987,10397.686799998843,5355.60324998414,7279.751222222208,3162.874999982689,8329.749999466267,14762.500000538912,7903.190250000084,8282.872057142853,4696.500985712971,6133.958728573823,12014.936214285352,7287.708000001022,8370.253333330662,7385.291966666744,5881.0482142903875,6015.058288880038,9771.583999999684,6593.60988571379,5415.047055555732,12518.789666668756,1947.4000000000012,8823.500000002501,12098.668250000776,5671.250000000067,9044.568428985232,5925.925000003647,6968.192471440676,1719.833333333409,10562.189388893941,6265.56511111438,14362.49999999275,8356.833333331922,845.1642802707881,1478.8333333332478,4373.610356723118,8180.2344999999805,8425.193366670534,7809.375000004999,12248.6271666742,5457.213833333452,11205.883666662412,10296.252277778753,12663.19857141965,9858.57506666093,7047.380166667673,7857.326000000552,7545.634166667149,5478.275333333222,6847.796642856516,7206.571574188816,8196.973444444488,1637.946814284169,5397.459374997112,14181.737928558601,8370.763999930334,8318.152622222078,6592.499999999559,8905.125000011809,6591.660833337993,14150.706128551625,6083.1250002545,1509.1772000000253,7455.833333330853,1953.7064999964095,12499.255699999992,8405.333333328983,7392.521600284116,9289.166666668405,14107.500000001944,15221.666666702266,929.6666666666666,396.0,0.0
