id,place_a_id,place_b_id,true_distance_km,n,mean,median,trimmed_mean,robust,std,variance,min,max,q1,q3,iqr,mad,cv,outliers,missing_samples,mean_ci_low,mean_ci_high,absolute_error_km,signed_error_km,relative_error,log_ratio_error
AO--AR,AO,AR,7779.757280725595,10,10393.9,10369.0,10358.625,10354.833333355491,510.70027086997584,260814.7666666667,9570.0,11500.0,10163.25,10500.0,336.75,184.5,0.04913461461722509,2,0,10101.970000000001,10735.7625,2614.142719274405,2614.142719274405,0.3360185446596082,0.2896939557513572
AO--AU,AO,AU,13288.474497523322,10,11318.7,11350.0,11354.625,11354.624999872889,736.6193122034686,542608.011111111,10100.0,12250.0,10825.0,11940.25,1115.25,593.5,0.06507985123763935,0,0,10865.0,11742.65,1969.7744975233218,-1969.7744975233218,-0.14823180026348728,-0.16044085520645657
AO--BD,AO,BD,9121.283483960526,10,7670.7,7664.0,7519.625,7643.955466627164,849.3006338550953,721311.5666666667,6750.0,9800.0,7137.0,7790.25,653.25,136.0,0.11072009514843434,1,0,7230.4825,8268.05,1450.5834839605259,-1450.5834839605259,-0.1590328254254271,-0.17320265119237002
AO--BR,AO,BR,6675.278533941141,10,8064.8,7962.5,8008.125,8007.751142853945,525.0104337587545,275635.9555555556,7400.0,9183.0,7732.5,8330.0,597.5,330.0,0.06509900230120455,0,0,7781.975,8374.494999999999,1389.521466058859,1389.521466058859,0.2081593238385026,0.18909798141061035
AO--CA,AO,CA,10620.756402433968,10,8506.7,8375.0,8461.875,8441.801133377345,860.6798411075333,740769.7888888888,7372.0,10000.0,7878.25,9162.5,1284.25,609.0,0.10117670084845277,0,0,8012.735000000001,8990.01,2114.0564024339674,-2114.0564024339674,-0.1990495142087514,-0.22195614931600885
AO--CD,AO,CD,549.1026827702303,10,1135.0,1101.0,1133.0,1129.7699999752906,193.6130160913775,37486.0,886.0,1400.0,974.5,1307.25,332.75,150.0,0.1705841551465881,0,0,1028.5974999999999,1247.1074999999998,585.8973172297697,585.8973172297697,1.067008659061562,0.7261024698836779
AO--CL,AO,CL,8913.64308220524,10,9690.5,10150.0,9701.875,9804.926166382764,1407.8242669689519,1981969.1666666667,7340.0,11950.0,8786.25,10297.5,1511.25,777.5,0.14527880573437407,0,0,8789.975,10518.05,776.8569177947593,776.8569177947593,0.08715369357178304,0.08356299057444813
AO--CN,AO,CN,11758.580047473492,10,10865.0,11685.0,10856.25,10947.736998503353,2334.715067078731,5450894.444444443,7900.0,13900.0,8337.5,12600.0,4262.5,1765.0,0.21488403746697937,0,0,9432.95,12166.724999999999,893.5800474734915,-893.5800474734915,-0.07599387373864845,-0.07903657720945435
AO--CO,AO,CO,9801.95415219586,10,8374.4,8175.0,8314.25,8243.618785482337,954.3288741309257,910743.6000000002,7300.0,9930.0,7621.25,8857.5,1236.25,627.5,0.11395788046080026,0,0,7876.9375,8945.935,1427.5541521958603,-1427.5541521958603,-0.14563974999577567,-0.1574023357299358
AO--DE,AO,DE,6798.792115651933,10,6310.1,6165.0,6162.625,6136.912857098796,590.8266243154585,349076.0999999999,5900.0,7900.0,5983.0,6233.5,250.5,150.0,0.09363189558255154,1,0,6046.985,6687.585,488.6921156519329,-488.6921156519329,-0.07187925551170826,-0.07459344206470406
AO--DZ,AO,DZ,5158.666122203358,10,4273.1,4060.0,4176.375,4115.628025295797,697.8056797323068,486932.76666666666,3650.0,5670.0,3727.0,4520.0,793.0,358.5,0.16330197742442412,0,0,3912.8925,4709.7525,885.5661222033577,-885.5661222033577,-0.17166571769237057,-0.18833848347716053
AO--EG,AO,EG,4715.419795274749,10,4514.7,4351.5,4453.375,4397.707033136081,657.4212331357862,432202.6777777778,3670.0,5850.0,4096.5,4787.5,691.0,323.5,0.14561792215114763,1,0,4146.8575,4922.4725,200.71979527474923,-200.71979527474923,-0.04256668631621887,-0.04349920663600828
AO--ES,AO,ES,5722.316302190526,10,5683.0,5635.0,5559.875,5598.464666608525,744.8662818102171,554825.7777777778,4886.0,7465.0,5143.0,5917.5,774.5,310.0,0.1310692032043317,1,0,5287.95,6132.610000000001,39.316302190525676,-39.316302190525676,-0.006870697129320733,-0.006894409042841623
AO--ET,AO,ET,3446.282530254973,10,3857.2,3773.0,3825.75,3789.772157145353,320.40453596456257,102659.06666666667,3500.0,4466.0,3648.75,3954.0,305.25,163.5,0.0830666120410045,1,0,3686.0975,4056.925,410.91746974502666,410.91746974502666,0.11923499194786706,0.11264540902323042
AO--FI,AO,FI,7720.979613051022,10,6963.5,6902.5,6981.875,6979.37912497031,718.4553260680552,516178.05555555556,5880.0,7900.0,6550.0,7575.0,1025.0,647.5,0.10317445624586132,0,0,6518.4875,7389.275,757.4796130510222,-757.4796130510222,-0.0981066718231751,-0.1032590273577112
AO--FJ,AO,FJ,16614.26463120842,10,12438.4,11725.0,12100.625,12114.359799836466,1929.0248659188749,3721136.933333333,10583.0,16996.0,11257.5,13219.0,1961.5,1107.0,0.15508625433487225,1,0,11516.887499999999,13698.804999999998,4175.864631208422,-4175.864631208422,-0.2513421282194116,-0.28947317981989545
AO--FR,AO,FR,6480.8047195500585,10,6121.2,5980.5,6004.25,5997.118842870566,469.82521572743764,220735.7333333333,5760.0,7418.0,5912.5,6079.5,167.0,81.5,0.076753776339188,1,0,5927.297500000001,6447.424999999999,359.6047195500587,-359.6047195500587,-0.05548766474405124,-0.0570865320348558
AO--GB,AO,GB,6807.150235507682,10,6176.2,6085.0,6084.0,6064.124750028086,385.66243155266125,148735.51111111112,5900.0,7190.0,5955.0,6135.5,180.5,115.0,0.06244331976824929,1,0,6000.93,6429.03,630.950235507682,-630.950235507682,-0.09268933601854394,-0.09727036934156225
AO--GH,AO,GH,2181.7570144061915,10,2670.2,2697.5,2700.5,2752.5000002582183,650.8124495155608,423556.8444444444,1550.0,3548.0,2473.25,3054.75,581.5,337.0,0.2437317240339903,1,0,2252.3075,3025.575,488.4429855938083,488.4429855938083,0.2238759781078315,0.202022853881101
AO--GR,AO,GR,5296.817859625665,10,6163.5,5820.0,6080.375,5882.346858475889,743.6062652894863,552950.2777777779,5500.0,7492.0,5625.75,6767.25,1141.5,260.0,0.12064675351496491,0,0,5752.099999999999,6649.297500000001,866.6821403743352,866.6821403743352,0.16362317212764893,0.15153856161014112
AO--IN,AO,IN,8015.072192343541,10,7270.6,7414.5,7310.125,7297.702422138489,552.5862828554469,305351.60000000003,6275.0,7950.0,6877.75,7685.25,807.5,507.0,0.07600284472470592,0,0,6931.6375,7573.45,744.4721923435409,-744.4721923435409,-0.09288402830041925,-0.09748497408643753
AO--IT,AO,IT,5617.9698794223505,10,5782.0,5900.0,5831.25,5831.250000009256,389.7235487424957,151884.44444444444,4900.0,6270.0,5625.0,5960.0,335.0,235.0,0.06740289670399442,1,0,5519.875,5986.025,164.03012057764954,164.03012057764954,0.02919740121399786,0.028779276367850905
AO--JP,AO,JP,13857.461409152482,10,12278.7,13000.0,12360.875,12568.560000089956,1481.314435072971,2194292.4555555554,9800.0,14100.0,11571.75,13200.0,1628.25,700.0,0.120640982764704,0,0,11347.215,13090.0,1578.761409152481,-1578.761409152481,-0.11392861668802855,-0.1209577635502864
AO--KE,AO,KE,2743.2396541926637,10,3619.7,3725.0,3621.375,3642.5521001346124,318.3446943871445,101343.34444444443,3186.0,4040.0,3293.75,3831.5,537.75,224.5,0.08794781180405684,0,0,3441.4275,3814.95,876.4603458073361,876.4603458073361,0.31949827805521375,0.2772515719624469
AO--KR,AO,KR,12699.236686021166,10,11863.4,11950.0,12004.25,12003.862857184204,808.4525960129016,653595.5999999999,9900.0,12700.0,11638.0,12412.5,774.5,400.0,0.06814678726274943,1,0,11393.359999999999,12290.0,835.8366860211663,-835.8366860211663,-0.06581786816692875,-0.0680838578011028
AO--MA,AO,MA,5195.819618732341,10,4044.3,4022.0,3980.5,3983.9999999796864,447.69062978802674,200426.90000000002,3519.0,5080.0,3810.0,4100.0,290.0,192.0,0.1106966915876732,1,0,3817.48,4345.6825,1151.5196187323409,-1151.5196187323409,-0.221624248574912,-0.2505459004132881
AO--MX,AO,MX,12679.078203838877,10,10688.7,10415.5,10686.375,10572.730666577478,769.653608955209,592366.6777777779,9596.0,11800.0,10300.0,11325.0,1025.0,420.0,0.07200628785120819,0,0,10249.785,11156.272500000001,1990.3782038388763,-1990.3782038388763,-0.1569813019400925,-0.17076614084677566
AO--MY,AO,MY,9903.39358541899,10,9889.4,10345.0,9959.875,10166.5857141941,1014.4195055958522,1029046.9333333332,8315.0,10900.0,9079.25,10650.0,1570.75,500.0,0.10257644605293063,0,0,9287.2025,10462.925,13.993585418989824,-13.993585418989824,-0.0014130091163490589,-0.0014140083551303754
AO--NG,AO,NG,2080.1823760601865,10,2544.4,2607.5,2574.5,2574.4999997217783,517.4903541774153,267796.2666666667,1616.0,3232.0,2215.5,2898.75,683.25,418.0,0.20338404110101213,0,0,2236.3825,2848.6225,464.2176239398136,464.2176239398136,0.22316198295027873,0.20143929515485542
AO--NL,AO,NL,6826.04260195697,10,7709.0,7700.0,7742.5,7802.9697145178925,907.0275017268709,822698.8888888889,6150.0,9000.0,7462.5,8380.0,917.5,620.0,0.11765825680722156,0,0,7153.9,8219.025,882.9573980430296,882.9573980430296,0.129351287346184,0.12164338588155958
AO--NO,AO,NO,7625.360370993152,10,7223.6,7298.0,7125.125,7125.125000017269,927.6241096957802,860486.488888889,6100.0,9135.0,6397.5,7637.0,1239.5,622.0,0.1284157635660585,0,0,6736.1825,7777.742499999999,401.7603709931518,-401.7603709931518,-0.05268739462090828,-0.054126139550215654
AO--NZ,AO,NZ,14143.139009143959,10,11858.9,11783.5,11794.25,11795.416249969085,1176.056069147121,1383107.8777777778,10470.0,13765.0,10871.75,12612.5,1740.75,1025.0,0.09917075522579,0,0,11204.625,12564.1225,2284.2390091439593,-2284.2390091439593,-0.1615086302741655,-0.17615099028724493
AO--PE,AO,PE,9845.778856925126,10,9742.5,10109.0,9911.125,10030.209000189823,1354.431840703367,1834485.611111111,7000.0,11136.0,9357.0,10750.0,1393.0,745.0,0.13902302701599867,1,0,8926.0,10467.814999999999,103.27885692512609,-103.27885692512609,-0.010489658403457221,-0.010545062658565184
AO--PH,AO,PH,12162.128893919244,10,11404.8,11174.0,11274.75,11285.489444229152,1224.19468313754,1498652.6222222222,10000.0,13850.0,10450.0,12150.0,1700.0,925.0,0.10734030260395098,0,0,10719.48,12115.125,757.3288939192444,-757.3288939192444,-0.06226943494225667,-0.06429261531329396
AO--PK,AO,PK,7881.321787923071,10,6868.6,6684.0,6807.5,6736.335924932951,498.3916799733586,248394.26666666666,6450.0,7776.0,6483.0,6989.0,506.0,224.5,0.07256088285434566,1,0,6595.344999999999,7198.2275,1012.7217879230702,-1012.7217879230702,-0.12849643945193465,-0.1375353284904585
AO--PL,AO,PL,6809.113037552695,10,6815.7,6217.0,6723.375,6329.9064800405395,986.3281006958192,972843.122222222,5940.0,8430.0,6022.5,7679.75,1657.25,258.0,0.14471413071229944,0,0,6246.4,7383.5599999999995,6.586962447305268,6.586962447305268,0.0009673745186748624,0.0009669069134871417
AO--PT,AO,PT,5753.282352388308,10,6448.0,6250.0,6362.5,6277.662499996915,582.9389142764255,339817.7777777778,5980.0,7600.0,6037.5,6487.5,450.0,250.0,0.09040615916197667,2,0,6140.95,6828.175,694.717647611692,694.717647611692,0.1207515301805586,0.11399946937084571
AO--RU,AO,RU,7506.107188793741,10,7098.1,7490.5,7147.625,7172.205100017713,814.3765781940878,663209.2111111111,5700.0,8100.0,6402.5,7622.25,1219.75,509.5,0.11473162933659539,0,0,6643.55,7532.5475,408.0071887937411,-408.0071887937411,-0.05435669629163786,-0.05588983842500852
AO--SA,AO,SA,5193.3979905841725,10,5246.4,5233.0,5247.75,5246.3999998903655,759.760664069065,577236.2666666666,4250.0,6232.0,4569.0,5922.5,1353.5,720.0,0.14481561910435062,0,0,4791.1449999999995,5697.03,53.00200941582716,53.00200941582716,0.010205651388921436,0.010153925362955209
AO--SE,AO,SE,7571.629355004058,10,7226.5,7150.0,7135.625,7150.5066667201345,745.1921825199785,555311.3888888889,6380.0,8800.0,6625.0,7611.25,986.25,600.0,0.10311937764062526,0,0,6824.975,7662.5875,345.1293550040582,-345.1293550040582,-0.045581913591156396,-0.046653457823879085
AO--SG,AO,SG,10108.617908587756,10,10873.7,10750.0,10921.75,10924.295671372765,1138.4300154159675,1296022.9000000001,8723.0,12640.0,10479.75,11714.0,1234.25,765.5,0.10469573516061391,0,0,10206.08,11477.947499999998,765.0820914122451,765.0820914122451,0.07568612230978393,0.0729587112940347
AO--SN,AO,SN,4274.775841417532,10,4049.8,3975.0,4068.75,4011.774999999752,393.62751710496843,154942.6222222222,3270.0,4678.0,3900.0,4287.5,387.5,125.0,0.09719677937304766,1,0,3814.7050000000004,4273.205,224.97584141753214,-224.97584141753214,-0.05262868738935543,-0.05406416907480891
AO--TH,AO,TH,9957.692589929997,10,9647.7,9883.5,9622.125,9642.798333419138,630.7522933414951,397848.4555555555,8800.0,10700.0,9032.5,10000.0,967.5,425.0,0.0653785143963323,0,0,9276.9925,10022.782500000001,309.99258992999603,-309.99258992999603,-0.03113096604764491,-0.031625832105672276
AO--TR,AO,TR,5765.533175593958,10,5491.1,5377.5,5372.25,5392.882389126312,704.8606560480196,496828.54444444453,4850.0,7083.0,4927.75,5810.5,882.75,477.5,0.12836419953160924,0,0,5131.595,5956.6675000000005,274.43317559395746,-274.43317559395746,-0.047598924025909484,-0.048769034619867466
AO--TZ,AO,TZ,2502.0333905971356,10,3253.1,3213.5,3190.75,3184.500000058345,427.9424805586221,183134.76666666666,2775.0,4230.0,2959.25,3336.75,377.5,213.0,0.13154913176927302,1,0,3031.1949999999997,3527.7225,751.0666094028643,751.0666094028643,0.30018248846136086,0.26250463035524724
AO--UA,AO,UA,6776.4600893004845,10,6457.2,6255.0,6438.0,6371.864066727581,602.627727355602,363160.1777777778,5750.0,7318.0,6037.5,7011.0,973.5,397.0,0.09332647701102677,0,0,6129.195,6828.04,319.26008930048465,-319.26008930048465,-0.04711310700472834,-0.04825906758116032
AO--US,AO,US,10643.935912153609,10,9433.0,9365.0,9416.25,9380.490571428107,244.269887169454,59667.77777777779,9100.0,9900.0,9312.5,9475.0,162.5,90.0,0.025895249355396374,2,0,9301.975,9585.125,1210.935912153609,-1210.935912153609,-0.11376768163090131,-0.12077615239931164
AO--VN,AO,VN,10634.256207680037,10,10206.8,10023.5,10088.375,10068.235715125098,914.7718355475922,836807.5111111111,8900.0,12461.0,9870.0,10350.0,480.0,250.0,0.08962376411290436,2,0,9725.8675,10849.33,427.45620768003755,-427.45620768003755,-0.040196154703450684,-0.04102634321412184
AO--ZA,AO,ZA,2450.091998989052,10,4233.9,4136.5,4219.75,4186.32893601913,847.552220613377,718344.7666666665,3037.0,5544.0,3778.5,4909.75,1131.25,609.5,0.200182389903724,0,0,3751.915,4750.0175,1783.8080010109475,1783.8080010109475,0.7280575593679648,0.5469979796465282
AR--AU,AR,AU,11758.30968994146,10,11877.3,11825.0,11831.25,11831.250000000005,249.50531056472525,62252.899999999994,11623.0,12500.0,11712.5,11942.5,230.0,125.0,0.021006904815465237,1,0,11757.567500000001,12040.685,118.99031005853976,118.99031005853976,0.010119678184724881,0.010068817085599983
AR--BD,AR,BD,16776.827494420908,10,19216.0,19415.0,19370.0,19369.999999954638,744.1057272547587,553693.3333333333,17300.0,19900.0,19050.0,19650.0,600.0,325.0,0.03872323726346579,1,0,18727.775,19571.05,2439.172505579092,2439.172505579092,0.14538937748452338,0.13574464686837084
AR--BR,AR,BR,2333.5144810867555,10,1412.2,1192.0,1383.25,1217.8510799070345,316.5669316625194,100214.62222222221,1140.0,1916.0,1174.0,1694.5,520.5,43.0,0.22416579214170754,0,0,1231.385,1596.805,921.3144810867554,-921.3144810867554,-0.3948184116936289,-0.5022267200251394
AR--CA,AR,CA,9031.715831568095,10,9104.5,9150.0,9095.75,9095.750000026517,534.1342423856468,285299.3888888888,8349.0,9930.0,8664.5,9495.0,830.5,425.0,0.058667059408605275,0,0,8798.9575,9437.0,72.78416843190462,72.78416843190462,0.008058731008509571,0.008026432841238603
AR--CD,AR,CD,8250.16360355336,10,10369.9,10350.0,10349.875,10356.219300004519,311.88332932542437,97271.21111111112,10000.0,10900.0,10125.0,10611.75,486.75,274.5,0.03007582805286689,0,0,10190.0,10559.8025,2119.7363964466404,2119.7363964466404,0.25693264986086656,0.22867434810969337
AR--CL,AR,CL,1139.660312749686,10,1149.3,1150.0,1149.125,1149.1249999995136,11.470251377658062,131.5666666666667,1130.0,1170.0,1141.25,1156.0,14.75,9.0,0.009980206541075492,0,0,1142.0,1156.0,9.639687250313955,9.639687250313955,0.008458386365193369,0.008422814660637318
AR--CN,AR,CN,19261.112952664003,10,15603.7,15685.0,15632.125,15603.699999969018,3826.445000838826,14641681.344444444,11680.0,19300.0,12025.0,19200.0,7175.0,3593.5,0.2452267731908987,0,0,13395.975,17794.965,3657.4129526640027,-3657.4129526640027,-0.1898858576683725,-0.21058012478464477
AR--CO,AR,CO,4640.374060415398,10,3296.4,3320.5,3299.25,3296.4000000052033,347.46069322059054,120728.93333333333,2820.0,3750.0,2965.0,3603.25,638.25,337.0,0.10540610763881524,0,0,3089.88,3497.4275000000002,1343.974060415398,-1343.974060415398,-0.28962623334186294,-0.34196401555057526
AR--DE,AR,DE,11887.678205229642,10,11059.0,11200.0,11197.5,11189.75142856935,600.8965523837416,361076.6666666666,9410.0,11600.0,11100.0,11275.0,175.0,100.0,0.054335523318902394,2,0,10670.95,11318.0,828.6782052296421,-828.6782052296421,-0.0697090038040472,-0.07225784264212765
AR--DZ,AR,DZ,10143.842601055805,10,10476.6,10535.0,10416.375,10441.236571525505,752.3749360820339,566068.0444444445,9500.0,11935.0,9899.25,10905.0,1005.75,440.0,0.07181480022927608,0,0,10059.685000000001,10932.4275,332.7573989441953,332.7573989441953,0.03280388034703543,0.03227731765694361
AR--EG,AR,EG,11806.270501311932,10,12618.5,12550.0,12590.625,12609.434222306993,643.6011963941646,414222.50000000006,11900.0,13560.0,12025.0,13136.25,1111.25,580.0,0.05100457236550815,0,0,12256.0,13031.0625,812.2294986880679,812.2294986880679,0.06879645003880028,0.06653320234899497
AR--ES,AR,ES,10020.91071488952,10,9900.5,10015.5,9938.125,10010.073433332243,313.3206557718998,98169.83333333333,9300.0,10200.0,9865.75,10095.0,229.25,84.5,0.031646952757123356,2,0,9687.2775,10062.225,120.41071488952002,-120.41071488952002,-0.012015945288346734,-0.012088720320320092
AR--ET,AR,ET,11225.784843590129,10,12046.8,12296.5,12086.625,12179.731133309377,514.637045779731,264851.28888888896,11200.0,12575.0,11586.25,12441.25,855.0,241.0,0.04271981321012477,0,0,11731.89,12324.304999999998,821.0151564098705,821.0151564098705,0.07313654838829968,0.07058571406847207
AR--FI,AR,FI,12925.656160584465,10,11079.1,11250.0,11086.375,11159.14666682234,868.3686429161293,754064.1,9900.0,12200.0,10217.5,11758.5,1541.0,600.0,0.0783789877260905,0,0,10559.3675,11566.964999999998,1846.556160584465,-1846.556160584465,-0.14285976182898621,-0.1541537352990768
AR--FJ,AR,FJ,11642.45746949547,10,12312.8,12308.0,12323.125,12316.315258210223,298.5557085555577,89135.51111111112,11800.0,12743.0,12098.0,12487.5,389.5,218.0,0.02424758857088215,0,0,12129.5725,12472.545,670.3425305045293,670.3425305045293,0.05757740857210784,0.05598082885471024
AR--FR,AR,FR,11025.630755006467,10,11075.0,11100.0,11075.0,11085.104399999822,55.82711408148075,3116.6666666666665,11000.0,11150.0,11017.5,11100.0,82.5,30.0,0.005040822941894425,0,0,11040.0,11105.0,49.36924499353336,49.36924499353336,0.00447767987977613,0.0044676848963407945
AR--GB,AR,GB,11102.268069921352,10,11035.0,11000.0,11031.25,11020.688333333219,81.81958472422384,6694.444444444443,10900.0,11200.0,11000.0,11087.5,87.5,25.0,0.007414552308493325,0,0,10985.0,11080.125,67.26806992135243,-67.26806992135243,-0.006058948450686163,-0.006077378360475313
AR--GH,AR,GH,7539.559525025004,10,9990.8,10050.0,9968.75,9972.174286756363,408.87618337747836,167179.7333333333,9500.0,10658.0,9587.5,10300.0,712.5,300.0,0.04092526958576674,0,0,9750.0,10247.525,2451.240474974995,2451.240474974995,0.32511719906699266,0.28150090765255903
AR--GR,AR,GR,11672.738469495696,10,12157.0,12500.0,12246.25,12450.695999329679,728.1948762369711,530267.7777777778,10800.0,12800.0,11665.0,12587.5,922.5,200.0,0.059899224828244724,0,0,11726.0,12565.0,484.26153050430366,484.26153050430366,0.04148653992118659,0.04064905789191749
AR--IN,AR,IN,15794.7526620095,10,11994.1,12035.5,12003.125,12023.263559701165,129.46337963558136,16760.766666666663,11738.0,12178.0,11906.25,12063.75,157.5,47.0,0.010793921981272572,0,0,11918.4825,12065.9025,3800.652662009499,-3800.652662009499,-0.24062755165207875,-0.27526291265913755
AR--IT,AR,IT,11131.20670997276,10,11056.0,11100.0,11082.5,11095.962857141103,202.87927444665215,41160.0,10600.0,11300.0,11025.0,11177.5,152.5,100.0,0.018350151451397626,1,0,10932.9,11162.025,75.2067099727592,-75.2067099727592,-0.006756384274615924,-0.006779311969416098
AR--JP,AR,JP,18370.21725262342,10,11765.0,11755.0,11756.25,11756.25000020827,102.44239573752873,10494.444444444443,11600.0,12000.0,11712.5,11797.5,85.0,45.0,0.008707385953041116,1,0,11709.975,11830.0,6605.217252623421,-6605.217252623421,-0.35956119417586857,-0.44560170346789163
AR--KE,AR,KE,10410.808770079677,10,11350.3,11737.0,11375.375,11447.148099932487,880.2287644571596,774802.6777777778,10200.0,12300.0,10414.75,12071.0,1656.25,563.0,0.07755114529634985,0,0,10763.15,11872.0225,939.4912299203224,939.4912299203224,0.09024190633684383,0.08639960403681884
AR--KR,AR,KR,19431.621304450513,10,12260.0,12175.0,12237.5,12190.512142860216,194.07902170679515,37666.666666666664,12100.0,12600.0,12112.5,12425.0,312.5,75.0,0.01583026278195719,0,0,12155.0,12375.125,7171.621304450513,-7171.621304450513,-0.3690696309940933,-0.46055977275831533
AR--MA,AR,MA,9305.417619305188,10,9725.9,9769.5,9736.125,9775.649285713105,348.8382146497141,121688.09999999999,9120.0,10250.0,9625.0,9937.5,312.5,175.0,0.035866934129459904,1,0,9504.9475,9915.975,420.4823806948116,420.4823806948116,0.045186836088094665,0.0441956599505782
AR--MX,AR,MX,7372.308131811268,10,7876.7,8008.5,7939.625,7941.934275036433,690.8658094497561,477295.56666666665,6700.0,8550.0,7387.5,8500.0,1112.5,516.5,0.0877100574415372,0,0,7459.9175,8260.125,504.3918681887317,504.3918681887317,0.0684170898951303,0.06617819790927408
AR--MY,AR,MY,15967.59980860726,10,18118.4,19585.0,18663.625,19585.0,3227.0444062640354,10413815.600000001,12000.0,19875.0,19500.0,19705.0,205.0,120.0,0.17810868543933434,2,0,16513.875000000004,19678.9575,2150.800191392742,2150.800191392742,0.1346977765708634,0.12636633932655875
AR--NG,AR,NG,8446.362395848217,10,10354.9,10365.5,10379.0,10378.999999000678,401.3630802929216,161092.32222222222,9577.0,10940.0,10105.75,10645.0,539.25,309.5,0.038760691102079366,0,0,10108.67,10565.712500000001,1908.537604151783,1908.537604151783,0.22595971078507343,0.2037239746453902
AR--NL,AR,NL,11420.79314209203,10,10537.0,10575.0,10513.75,10519.77966671592,600.9261370769475,361112.2222222223,9760.0,11500.0,10015.0,10875.0,860.0,545.0,0.057030097473374536,0,0,10197.8,10890.025,883.7931420920304,-883.7931420920304,-0.07738456787512916,-0.08054278122086278
AR--NO,AR,NO,12224.016263540156,10,11608.0,11550.0,11610.0,11599.420000000006,184.01690743576313,33862.22222222222,11300.0,11900.0,11500.0,11737.5,237.5,100.0,0.01585259367985554,0,0,11510.0,11716.05,616.0162635401557,-616.0162635401557,-0.050393933569731146,-0.05170804730115689
AR--NZ,AR,NZ,10003.231625456845,10,12049.0,11900.0,11992.5,11926.484999986493,418.34196538238905,175010.0,11650.0,12900.0,11760.0,12225.0,465.0,175.0,0.03472005688292713,0,0,11820.0,12314.025,2045.768374543155,2045.768374543155,0.20451074724061738,0.18607346560717763
AR--PE,AR,PE,3130.6695211171427,10,2562.2,2572.5,2564.0,2564.000000009699,87.94796441330773,7734.844444444443,2430.0,2680.0,2495.0,2624.75,129.75,78.0,0.03432517540133781,0,0,2506.0,2613.2124999999996,568.4695211171429,-568.4695211171429,-0.1815808143538227,-0.20038062174782698
AR--PH,AR,PH,17788.20333536327,10,19755.3,19751.5,19775.375,19759.284633331266,136.72198067611512,18692.899999999998,19450.0,19900.0,19700.0,19875.0,175.0,51.5,0.006920774712412119,0,0,19670.2925,19827.4075,1967.0966646367306,1967.0966646367306,0.11058433657131111,0.10488630615244961
AR--PK,AR,PK,15601.725953155386,10,12401.9,12356.0,12371.125,12373.361711116284,198.99103832417512,39597.433333333334,12200.0,12850.0,12262.5,12492.5,230.0,129.0,0.016045205841377138,1,0,12293.18,12528.9125,3199.8259531553867,-3199.8259531553867,-0.20509435704504442,-0.22953185947877
AR--PL,AR,PL,12308.20746555706,10,12084.5,12330.0,12245.0,12251.666666622665,837.3186370790991,701102.5,9935.0,12950.0,11912.5,12475.0,562.5,300.0,0.06928864554421772,1,0,11546.35,12506.0,223.70746555705955,-223.70746555705955,-0.018175470813526357,-0.01834267377694488
AR--PT,AR,PT,9574.20669056964,10,9658.3,9666.5,9654.125,9658.299999979887,419.4043527565148,175900.01111111112,9200.0,10150.0,9262.5,10037.5,775.0,400.0,0.04342424161151702,0,0,9418.2575,9890.125,84.09330943036002,84.09330943036002,0.00878331878015438,0.00874496982622054
AR--RU,AR,RU,13459.503231297233,10,12551.1,13024.0,12781.0,12833.505714246514,1387.6775522032808,1925648.988888889,9463.0,13800.0,11837.5,13600.0,1762.5,700.0,0.1105622257972035,0,0,11732.345000000001,13296.945,908.4032312972322,-908.4032312972322,-0.06749158685031795,-0.06987710536043462
AR--SA,AR,SA,12854.981363911493,10,12558.3,12550.0,12592.875,12592.874999998867,245.25725722641158,60151.12222222221,12000.0,12840.0,12500.0,12735.75,235.75,146.5,0.019529495013370566,1,0,12400.0,12691.322499999998,296.68136391149346,-296.68136391149346,-0.023079097161850706,-0.02334958944073199
AR--SE,AR,SE,12541.33572639846,10,11656.0,11500.0,11607.5,11599.999999997264,387.90605964732123,150471.11111111112,11200.0,12500.0,11500.0,11850.0,350.0,220.0,0.03327951781462948,1,0,11462.0,11890.0,885.3357263984599,-885.3357263984599,-0.07059341570251583,-0.0732089778959663
AR--SG,AR,SG,15887.309757265864,10,19549.0,19600.0,19587.5,19583.33333333055,234.77885575816046,55121.11111111112,18990.0,19800.0,19500.0,19675.0,175.0,100.0,0.012009762942255893,1,0,19398.0,19680.0,3661.6902427341356,3661.6902427341356,0.2304789356208975,0.20740347214974514
AR--SN,AR,SN,6965.255742849274,10,9372.0,9500.0,9502.5,9587.459999908777,757.6585275996334,574046.4444444445,7650.0,10050.0,9460.0,9900.0,440.0,300.0,0.08084277930000357,2,0,8891.93,9754.710000000001,2406.7442571507263,2406.7442571507263,0.34553566243731354,0.2967921958037057
AR--TH,AR,TH,16880.505738924476,10,12357.0,12150.0,12271.25,12150.0,679.1669734150636,461267.7777777777,11700.0,13700.0,12000.0,12350.0,350.0,200.0,0.054962124578381774,2,0,12000.0,12784.225,4523.505738924476,-4523.505738924476,-0.26797216913316757,-0.3119367454336988
AR--TR,AR,TR,12466.927062320188,10,12310.2,12300.0,12375.25,12361.501499986707,401.06159127994295,160850.4,11400.0,12700.0,12200.0,12636.5,436.5,302.5,0.032579616194695696,1,0,12057.3775,12517.205,156.72706232018754,-156.72706232018754,-0.012571426907106607,-0.012651115868047506
AR--TZ,AR,TZ,10004.640819282862,10,11575.9,11495.0,11612.375,11594.628333308054,987.7582306527353,975666.3222222222,10000.0,12860.0,10955.0,12482.75,1527.75,725.0,0.0853288496490757,0,0,10980.73,12144.272500000001,1571.2591807171375,1571.2591807171375,0.1570530325975027,0.14587628345970802
AR--UA,AR,UA,12807.053139985803,10,11262.6,11838.0,11278.25,11354.965271800276,1478.899305414522,2187143.155555555,9500.0,12900.0,9650.0,12450.0,2800.0,1012.0,0.1313106481109621,0,0,10404.94,12160.0,1544.4531399858024,-1544.4531399858024,-0.1205939510911965,-0.1285085438092276
AR--US,AR,US,8360.953336333787,10,10328.9,10350.0,10322.0,10327.405555557849,268.260424877684,71963.65555555554,10000.0,10713.0,10100.0,10565.0,465.0,250.0,0.02597182903094076,0,0,10167.2675,10490.265000000001,1967.9466636662128,1967.9466636662128,0.23537347770070705,0.2113733354566123
AR--VN,AR,VN,17861.954046251605,10,13170.7,12865.0,12763.375,12777.319485619057,1586.551960139416,2517147.122222223,12000.0,17600.0,12558.75,12942.5,383.75,186.0,0.12046071660119932,1,0,12551.405,14273.475,4691.254046251604,-4691.254046251604,-0.26263946453473724,-0.3046783131045448
AR--ZA,AR,ZA,8148.626185145644,10,12010.1,11862.5,12125.125,12074.926666582376,777.182296647461,604012.3222222221,10200.0,12900.0,11808.75,12531.25,722.5,300.0,0.06471072652579588,1,0,11499.44,12437.8675,3861.4738148543565,3861.4738148543565,0.47388034830871784,0.3878986156478115
AU--BD,AU,BD,8995.963141163435,10,7627.0,7582.5,7601.875,7626.9999999789125,1571.001520615998,2468045.777777778,5620.0,9835.0,6247.0,8998.0,2751.0,1609.5,0.20597895904234928,0,0,6644.56,8539.757500000002,1368.9631411634346,-1368.9631411634346,-0.15217527236181946,-0.1650813536592902
AU--BR,AU,BR,14075.358195321549,10,18411.6,18700.0,18434.75,18427.07333554258,1004.2234368461588,1008464.7111111112,16938.0,19700.0,17533.5,19150.0,1616.5,900.0,0.05454297490963083,0,0,17783.095,19010.095,4336.24180467845,4336.24180467845,0.3080732827189972,0.2685552780091546
AU--CA,AU,CA,16104.729525959248,10,16473.0,16600.0,16466.25,16511.04400000911,561.3089860119627,315067.77777777775,15600.0,17400.0,16100.0,16700.0,600.0,300.0,0.03407448467261353,0,0,16135.825,16800.0,368.27047404075165,368.27047404075165,0.02286722502524092,0.02260968873691457
AU--CD,AU,CD,13504.360503430844,10,12460.0,12450.0,12425.0,12400.000000038206,618.2232606429493,382200.0,11500.0,13700.0,12125.0,12650.0,525.0,300.0,0.04961663408049352,1,0,12122.925,12856.025,1044.360503430844,-1044.360503430844,-0.07733505804777052,-0.08048912018586124
AU--CL,AU,CL,11345.088282272682,10,12155.0,12075.0,12143.75,12140.620000005138,384.74378198715283,148027.77777777778,11700.0,12700.0,11900.0,12525.0,625.0,300.0,0.03165312891708374,0,0,11954.875,12385.125,809.9117177273183,809.9117177273183,0.07138875410893449,0.0689557079647351
AU--CN,AU,CN,8980.130816239809,10,10642.0,10760.0,10690.0,10734.34800000155,291.8827770793535,85195.55555555558,10000.0,10900.0,10550.0,10800.0,250.0,100.0,0.027427436297627655,1,0,10459.85,10784.0,1661.869183760191,1661.869183760191,0.18506068761880848,0.16979398645617352
AU--CO,AU,CO,14436.399681031653,10,16819.2,16983.0,17002.0,16993.779001941184,979.3186747257845,959065.0666666669,14346.0,17830.0,16585.0,17342.5,757.5,405.0,0.058226233990069945,1,0,16132.109999999999,17319.04,2382.8003189683477,2382.8003189683477,0.16505502560303653,0.15276831817953956
AU--DE,AU,DE,16060.205223180863,10,16476.0,16450.0,16483.75,16481.521429421773,333.87289664048967,111471.1111111111,15890.0,17000.0,16250.0,16675.0,425.0,250.0,0.020264196202991604,0,0,16278.975,16660.025,415.79477681913704,415.79477681913704,0.025889754896717646,0.0255602896075444
AU--DZ,AU,DZ,16979.37379367375,10,15966.7,16085.0,16083.375,16153.137718043376,1264.8188319983924,1599766.6777777777,13500.0,17500.0,15630.25,16967.5,1337.25,860.0,0.07921604539437657,1,0,15140.765,16613.0825,1012.6737936737482,-1012.6737936737482,-0.0596414099824491,-0.06149399772052758
AU--EG,AU,EG,14263.93286552806,10,13198.5,13385.0,13205.625,13240.165574087916,1002.668799864752,1005344.7222222221,11740.0,14600.0,12550.0,13768.75,1218.75,785.0,0.07596839033714074,0,0,12617.9125,13800.5125,1065.4328655280606,-1065.4328655280606,-0.07469418676968917,-0.07763098721115771
AU--ES,AU,ES,17574.421466877073,10,16724.6,16750.0,16724.5,16724.50000093555,295.30857684048993,87207.15555555555,16200.0,17250.0,16525.0,16872.0,347.0,200.0,0.017657138397360175,0,0,16554.875,16889.715,849.8214668770743,-849.8214668770743,-0.04835558703760194,-0.04956382976097201
AU--ET,AU,ET,12442.084906893078,10,12528.3,12575.0,12524.125,12540.589500011803,460.4635466329314,212026.6777777778,11700.0,13390.0,12267.0,12700.0,433.0,212.5,0.03675387296224798,1,0,12246.0725,12801.655,86.2150931069209,86.2150931069209,0.006929312390333923,0.006905415036540269
AU--FI,AU,FI,15202.304817605685,10,12223.0,13215.0,12285.0,12522.29933369449,2558.0941256246915,6543845.555555555,9100.0,14850.0,9525.0,14375.0,4850.0,1635.0,0.20928529212343056,0,0,10707.8,13709.3,2979.3048176056855,-2979.3048176056855,-0.19597717933897582,-0.21812762629923968
AU--FJ,AU,FJ,3459.5502950524574,10,3062.7,3207.0,3074.0,3152.931066622398,492.04698285157014,242110.23333333337,2255.0,3780.0,2787.5,3362.5,575.0,218.0,0.16065791061859475,0,0,2766.6974999999998,3348.0375,396.85029505245757,-396.85029505245757,-0.11471152641428504,-0.12184172823333811
AU--FR,AU,FR,16917.63537856836,10,16833.0,16900.0,16853.75,16855.031428572667,158.468363474298,25112.222222222226,16500.0,17000.0,16725.0,16922.5,197.5,100.0,0.009414148605376225,0,0,16730.0,16920.0,84.63537856836047,-84.63537856836047,-0.00500279008705782,-0.005015345935071618
AU--GB,AU,GB,16976.59127449891,10,17050.0,17000.0,17037.5,17000.66666666665,70.71067811865476,5000.0,17000.0,17200.0,17000.0,17100.0,100.0,0.0,0.004147253848601452,0,0,17010.0,17090.0,73.40872550108907,73.40872550108907,0.004324114559520479,0.004314792439773096
AU--GH,AU,GH,15466.274445812925,10,14006.7,14100.0,14023.125,14040.381750048926,738.7527100909117,545755.5666666667,12950.0,14932.0,13492.5,14575.0,1082.5,605.0,0.05274280951908099,0,0,13608.1825,14433.5275,1459.5744458129248,-1459.5744458129248,-0.09437143062000074,-0.0991260245705827
AU--GR,AU,GR,15201.661293550262,10,15455.0,15450.0,15506.25,15482.392222116887,1037.7459547821263,1076916.666666667,13800.0,16700.0,14612.5,16450.0,1837.5,950.0,0.06714629277140902,0,0,14809.875,16035.125,253.3387064497383,253.3387064497383,0.016665198727801183,0.01652785807587433
AU--IN,AU,IN,10338.502325503718,10,9995.5,10030.0,10015.625,10014.662220288215,466.9668677278459,218058.05555555553,9230.0,10600.0,9700.0,10425.0,725.0,400.0,0.046717709742168566,0,0,9717.45,10260.05,343.00232550371766,-343.00232550371766,-0.033177177380671115,-0.033740024081280656
AU--IT,AU,IT,16216.420011411574,10,16657.0,16600.0,16650.0,16615.796666662176,241.6172363240853,58378.88888888888,16370.0,17000.0,16500.0,16875.0,375.0,150.0,0.01450544733890168,0,0,16526.975,16805.0,440.5799885884262,440.5799885884262,0.027168757856443525,0.026806238631637093
AU--JP,AU,JP,7916.886601720884,10,8484.5,7800.0,8280.625,7818.619500014584,1163.1672517551185,1352958.0555555553,7700.0,10900.0,7800.0,9161.25,1361.25,22.5,0.13709319957040703,0,0,7813.5,9274.6375,567.6133982791162,567.6133982791162,0.07169654269845607,0.06924294673408923
AU--KE,AU,KE,11938.438068840167,10,12325.5,12465.0,12406.875,12425.833333330376,640.4531815658173,410180.27777777775,10800.0,13200.0,12208.75,12590.0,381.25,232.5,0.05196163900578616,2,0,11903.9625,12673.0625,387.06193115983297,387.06193115983297,0.032421488382980444,0.03190700265479941
AU--KR,AU,KR,8383.398878278069,10,8516.0,8425.0,8410.0,8346.666666562003,931.0233318475131,866804.4444444445,7380.0,10500.0,7957.5,8600.0,642.5,410.0,0.10932636588157739,2,0,7992.85,9055.025,132.60112172193112,132.60112172193112,0.015817107553537654,0.015693320701685217
AU--MA,AU,MA,17823.98557196807,10,16963.7,16743.5,16954.625,16944.93333336939,648.476171069103,420521.3444444445,16100.0,17900.0,16525.0,17600.0,1075.0,500.0,0.03822728361554985,0,0,16570.0,17340.0,860.2855719680701,-860.2855719680701,-0.04826561200324625,-0.04946928732477668
AU--MX,AU,MX,13179.187255642872,10,13107.5,13122.5,13105.625,13107.500000050886,718.8233054405265,516706.94444444444,12230.0,14000.0,12375.0,13775.0,1400.0,727.5,0.054840610752662715,0,0,12686.0,13532.2,71.6872556428716,-71.6872556428716,-0.005439429173614451,-0.0054542767344621735
AU--MY,AU,MY,6520.550088731684,10,6069.1,5975.0,5977.25,5977.25000000307,694.6129937678327,482487.21111111116,5073.0,7800.0,5806.0,6180.0,374.0,196.0,0.11445074125781955,2,0,5690.7325,6515.2,451.45008873168354,-451.45008873168354,-0.06923496983971415,-0.07174841791995769
AU--NG,AU,NG,15163.69563184826,10,15312.9,15350.0,15359.875,15321.114800050706,973.9238448439157,948527.6555555556,13500.0,16750.0,14785.0,15875.75,1090.75,586.0,0.06360152843967608,0,0,14711.95,15861.012499999999,149.2043681517389,149.2043681517389,0.009839578146000599,0.00979148471897756
AU--NL,AU,NL,16620.528265072542,10,11745.0,9925.0,11406.25,9974.419999835809,2964.9292665349635,8790805.555555556,9800.0,16400.0,9862.5,14300.0,4437.5,100.0,0.2524418277168977,0,0,10460.0,13625.0,4875.528265072542,-4875.528265072542,-0.2933437606383603,-0.34721095571337507
AU--NO,AU,NO,15966.082912956443,10,14151.5,15200.0,14581.25,15151.957500702967,2489.76131162987,6198911.38888889,9165.0,15700.0,14700.0,15587.5,887.5,450.0,0.17593621253081793,2,0,12425.925,15395.125,1814.5829129564427,-1814.5829129564427,-0.11365235435949743,-0.12064602876719542
AU--NZ,AU,NZ,2331.7654440152487,10,2778.2,2549.0,2562.75,2541.833333292366,727.8334363788952,529741.5111111113,2450.0,4830.0,2488.75,2587.0,98.25,56.5,0.26198021610355454,2,0,2510.8525,3239.4725,446.4345559847511,446.4345559847511,0.19145774594549297,0.17517755402015064
AU--PE,AU,PE,12870.966935523227,9,15279.666666666666,12800.0,15279.666666666666,13364.559999988338,3494.389574732617,12210758.5,12000.0,19700.0,12300.0,18700.0,6400.0,800.0,0.22869540618682457,0,1,13129.666666666666,17387.61944444444,2408.699731143439,2408.699731143439,0.18714209609967591,0.17154881874056624
AU--PH,AU,PH,6269.920053818219,10,5252.4,5275.0,5254.125,5254.166666665169,135.72046435392286,18420.044444444447,5041.0,5450.0,5147.5,5333.75,186.25,107.0,0.025839704583413843,0,0,5171.0650000000005,5330.402499999999,1017.5200538182189,-1017.5200538182189,-0.1622859693719022,-0.17707848897362108
AU--PK,AU,PK,10988.77817833369,10,10416.7,10400.0,10362.5,10362.50000008674,537.080596062329,288455.56666666665,9767.0,11500.0,9992.5,10700.0,707.5,400.0,0.05155957223135244,0,0,10103.4975,10736.8075,572.0781783336897,-572.0781783336897,-0.05206021716423783,-0.0534642989600503
AU--PL,AU,PL,15552.021357649579,10,15714.0,15900.0,15756.25,15824.411428623884,632.5117478048223,400071.1111111112,14690.0,16400.0,15162.5,16250.0,1087.5,400.0,0.0402514794326602,0,0,15337.975,16079.025,161.97864235042107,161.97864235042107,0.010415279057647935,0.010361413730832492
AU--PT,AU,PT,18058.241733092265,10,15933.4,16550.0,16491.75,16516.441430286737,2173.128834959707,4722488.933333334,9900.0,17500.0,16121.0,16787.5,666.5,350.0,0.13638826835199688,1,0,14516.755,16808.565000000002,2124.8417330922657,-2124.8417330922657,-0.11766603662185061,-0.12518465135674073
AU--RU,AU,RU,14468.762247285287,10,14612.0,14755.0,14627.5,14727.96979950501,507.2759494485116,257328.8888888889,13700.0,15400.0,14412.5,14795.0,382.5,135.0,0.03471639402193482,2,0,14287.65,14870.025,143.23775271471277,143.23775271471277,0.00989979310369744,0.009851111182244954
AU--SA,AU,SA,12623.318465753277,10,11249.6,11593.0,11299.5,11468.34407830021,669.7175524054899,448521.6000000001,10200.0,11900.0,10575.0,11815.0,1240.0,282.0,0.05953256581616145,0,0,10849.26,11631.605,1373.7184657532762,-1373.7184657532762,-0.10882387776876085,-0.11521320299655351
AU--SE,AU,SE,15597.07886628645,10,14111.3,15066.5,14457.875,15010.500000101203,2287.84255722868,5234223.566666666,9750.0,15700.0,14600.0,15297.5,697.5,415.0,0.16212840469897744,2,0,12567.775,15283.065,1485.7788662864514,-1485.7788662864514,-0.09526007267283917,-0.10010774970093753
AU--SG,AU,SG,6204.591664762586,10,5330.8,5295.0,5309.75,5301.66666668198,189.7494254126859,36004.84444444445,5100.0,5730.0,5227.5,5387.5,160.0,90.0,0.03559492485418434,1,0,5225.29,5448.8150000000005,873.7916647625862,-873.7916647625862,-0.14082984215142885,-0.15178828831609226
AU--SN,AU,SN,17367.8662451382,10,15415.7,15650.0,15482.5,15530.197000039027,845.3759255831429,714660.4555555556,13800.0,16497.0,14892.5,15997.5,1105.0,465.0,0.054838633703506355,0,0,14909.0,15917.315,1952.1662451381999,-1952.1662451381999,-0.11240104095600524,-0.11923526070041703
AU--TH,AU,TH,7462.848367041455,10,8119.1,7709.0,8130.125,8130.125004314313,1625.696941143842,2642890.5444444446,5850.0,10300.0,7271.25,9745.0,2473.75,1461.0,0.20023117601012944,0,0,7191.355,9121.112500000001,656.2516329585451,656.2516329585451,0.08793581226395829,0.08428215061249288
AU--TR,AU,TR,14491.126052008547,10,14679.6,14873.5,14762.0,14849.333333317552,1103.9448657730452,1218694.2666666668,12300.0,16400.0,14643.5,14993.75,350.25,200.0,0.07520265305410537,3,0,13982.3925,15297.165,188.47394799145331,188.47394799145331,0.013006163034882291,0.012922309191654553
AU--TZ,AU,TZ,11694.349880853746,10,12349.2,12633.5,12512.75,12578.188999952781,723.1050023644176,522880.8444444444,10500.0,12890.0,12168.75,12775.0,606.25,205.0,0.058554805361028854,1,0,11823.98,12688.7,654.8501191462547,654.8501191462547,0.055997137576530874,0.054485474652110844
AU--UA,AU,UA,14887.737081531282,10,15014.6,14800.0,15043.25,14878.00666666683,684.5220879481457,468570.48888888885,13800.0,16000.0,14718.75,15600.0,881.25,200.0,0.04559043117686423,0,0,14609.9375,15425.9625,126.86291846871791,126.86291846871791,0.008521302987416096,0.00848520162722415
AU--US,AU,US,15945.723803950415,10,16533.0,16500.0,16525.0,16529.651999997022,169.31561587100518,28667.77777777778,16300.0,16830.0,16500.0,16650.0,150.0,100.0,0.010241070336357901,0,0,16440.0,16633.0,587.2761960495845,587.2761960495845,0.036829698248259636,0.0361676903494065
AU--VN,AU,VN,7727.631084944442,10,5953.5,5761.5,5806.625,5745.000000076582,752.8898768522968,566843.1666666666,5250.0,7832.0,5561.75,5925.0,363.25,200.0,0.12646172450697854,2,0,5568.389999999999,6465.02,1774.1310849444417,-1774.1310849444417,-0.22958278746004565,-0.2608230764062262
AU--ZA,AU,ZA,10839.833274898414,10,10927.0,10850.0,10871.25,10853.33333328009,645.5497226739737,416734.44444444444,10000.0,12300.0,10542.5,11137.5,595.0,325.0,0.059078404198222176,1,0,10587.0,11330.0,87.16672510158605,87.16672510158605,0.008041334482831604,0.008009175239816724
BD--BR,BD,BR,15592.505750516311,10,15800.0,16000.0,15868.75,15907.672857097725,804.5012257431447,647222.2222222222,14350.0,16700.0,15200.0,16425.0,1225.0,550.0,0.05091779909766739,0,0,15329.875,16260.0,207.4942494836887,207.4942494836887,0.013307306266461885,0.013219541814700307
BD--CA,BD,CA,12219.959997048985,10,9342.1,9037.5,9235.625,9083.985000035127,667.7571830804634,445899.6555555555,8800.0,10736.0,8915.0,9500.0,585.0,175.0,0.07147827395130253,1,0,8984.5,9781.97,2877.859997048985,-2877.859997048985,-0.2355048623517559,-0.26853961380558866
BD--CD,BD,CD,8699.546891941973,10,7777.6,7725.0,7727.0,7745.186571426288,427.55901477002107,182806.7111111111,7200.0,8760.0,7608.25,7922.5,314.25,190.0,0.05497312985625656,1,0,7562.2175,8061.375,921.9468919419724,-921.9468919419724,-0.10597642651894126,-0.11202313560922134
BD--CL,BD,CL,17886.203807894904,10,18068.5,17995.0,18004.375,18013.209666694154,648.391385575787,420411.3888888889,17350.0,19300.0,17500.0,18533.75,1033.75,495.0,0.03588518059472491,0,0,17713.9,18461.5,182.29619210509554,182.29619210509554,0.010192000161858308,0.010140411956767141
BD--CN,BD,CN,3026.7986717227063,10,3383.0,3389.5,3374.625,3374.62499928002,290.21524578989454,84224.8888888889,3000.0,3833.0,3150.0,3617.5,467.5,250.0,0.08578635701740897,0,0,3216.68,3552.4100000000003,356.20132827729367,356.20132827729367,0.11768253092121295,0.11125737279924292
BD--CO,BD,CO,16454.083310734804,10,16490.0,16450.0,16487.5,16588.199996709598,1497.73903675581,2243222.2222222215,14100.0,18900.0,16025.0,17525.0,1500.0,1000.0,0.09082710956675621,0,0,15559.75,17340.0,35.9166892651956,35.9166892651956,0.002182843528072038,0.002180464586413876
BD--DE,BD,DE,7083.361209694893,10,6286.2,6009.0,6247.25,6130.526133499276,862.4819225158675,743875.0666666669,5200.0,7684.0,5657.5,6960.0,1302.5,484.0,0.13720243112148317,0,0,5789.655,6811.46,797.1612096948929,-797.1612096948929,-0.11253996317508559,-0.11939178757607283
BD--DZ,BD,DZ,8249.865357774017,10,5131.9,5114.0,5155.0,5155.000002857124,767.8241190388446,589553.8777777778,3801.0,6278.0,4599.75,5726.25,1126.5,616.0,0.14961790351309354,0,0,4668.04,5588.0425,3117.9653577740173,-3117.9653577740173,-0.3779413629867177,-0.47472091896072316
BD--EG,BD,EG,5856.065710330734,10,3603.4,3776.0,3640.5,3666.061733545251,519.2522829351194,269622.9333333333,2610.0,4300.0,3220.25,3958.5,738.25,298.0,0.144100650201232,0,0,3299.75,3901.7324999999996,2252.665710330734,-2252.665710330734,-0.3846722051558929,-0.48560015342301566
BD--ES,BD,ES,8668.474277763522,10,5469.1,5420.0,5403.875,5400.698449996501,370.5471779829272,137305.21111111116,5100.0,6360.0,5203.5,5520.0,316.5,213.0,0.06775286207656236,1,0,5278.9875,5726.62,3199.3742777635216,-3199.3742777635216,-0.36908159097508036,-0.46057872904086794
BD--ET,BD,ET,5724.1496250866285,10,4580.7,4337.5,4469.625,4355.353714173497,723.8118309800323,523903.56666666677,3950.0,6100.0,4167.75,4612.75,445.0,260.0,0.1580133671665973,2,0,4213.865,5055.845,1143.4496250866287,-1143.4496250866287,-0.1997588637577453,-0.22284217642936452
BD--FI,BD,FI,6394.878508271938,10,6477.8,6290.0,6447.25,6466.77711130771,758.5509284887278,575399.511111111,5600.0,7600.0,5860.0,7113.5,1253.5,690.0,0.11710008467206888,0,0,6045.505,6926.01,82.92149172806239,82.92149172806239,0.012966859592531951,0.01288350962037059
BD--FJ,BD,FJ,10616.636231096905,10,15970.2,16200.0,15987.75,16038.258714201069,1173.5990986893455,1377334.8444444442,14000.0,17800.0,15282.75,16686.25,1403.5,765.0,0.0734868128570303,0,0,15295.6375,16663.415,5353.5637689030955,5353.5637689030955,0.5042617692054019,0.40830225905673934
BD--FR,BD,FR,7923.795839306774,10,7088.8,7210.5,7138.5,7200.289283699822,762.2667657862452,581050.6222222224,5580.0,8200.0,6859.25,7537.5,678.25,375.0,0.10753114289953802,1,0,6685.8125,7508.7525,834.9958393067736,-834.9958393067736,-0.10537826267111705,-0.1113542899006749
BD--GB,BD,GB,8015.217428089591,10,7756.0,8050.0,7843.75,7925.5792802312435,1720.827966093325,2961248.8888888895,5210.0,9600.0,6175.0,9275.0,3100.0,1275.0,0.22187054745917031,0,0,6732.925,8666.1,259.2174280895906,-259.2174280895906,-0.03234066080118484,-0.03287517596002387
BD--GH,BD,GH,9833.431322059829,10,7802.6,7738.5,7803.25,7780.80948575369,561.2013304807227,314946.93333333335,6900.0,8700.0,7424.25,8150.0,725.75,364.0,0.07192491355198559,0,0,7496.595,8133.44,2030.8313220598284,-2030.8313220598284,-0.2065231611984682,-0.23133092809758501
BD--GR,BD,GR,6434.574552380038,10,5551.0,5396.5,5495.625,5460.670850008244,1141.6118235002455,1303277.5555555555,4175.0,7370.0,4645.0,6316.75,1671.75,909.0,0.2056587684201487,0,0,4951.8,6246.715,883.5745523800379,-883.5745523800379,-0.13731670138987184,-0.1477076325281408
BD--IN,BD,IN,1425.4260591415405,10,1431.4,1443.0,1434.125,1437.3456999999796,31.464971705762654,990.0444444444444,1371.0,1470.0,1406.75,1450.0,43.25,16.5,0.021981955921309665,0,0,1412.4975,1447.8025,5.973940858459628,5.973940858459628,0.004190986140703377,0.00418222841875516
BD--IT,BD,IT,7320.0470436892765,10,5356.7,5395.0,5362.625,5362.624999999688,311.24875724874613,96875.7888888889,4839.0,5827.0,5119.5,5570.0,450.5,240.0,0.058104571330995974,0,0,5177.2875,5529.755,1963.3470436892767,-1963.3470436892767,-0.26821508550029166,-0.31226864084876865
BD--JP,BD,JP,4901.783530903048,10,5132.3,5139.0,5171.625,5156.333333298394,283.23843508802105,80224.01111111112,4450.0,5500.0,5100.0,5245.0,145.0,91.0,0.055187427681160695,2,0,4947.0,5269.83,230.51646909695228,230.51646909695228,0.04702706017996772,0.0459547769985072
BD--KE,BD,KE,6417.460535353122,10,6359.2,6330.5,6392.75,6361.8333332888415,520.9772441180986,271417.2888888889,5290.0,7160.0,6300.0,6477.5,177.5,124.5,0.08192496605203463,4,0,6050.83,6663.305,58.26053535312258,-58.26053535312258,-0.009078440768302562,-0.00911990093154684
BD--KR,BD,KR,3797.612686267932,10,3767.2,3765.0,3734.375,3734.3749999802885,245.80697033783778,60421.066666666666,3463.0,4334.0,3587.25,3862.75,275.5,135.0,0.0652492488686127,1,0,3633.3825,3927.8124999999995,30.41268626793226,-30.41268626793226,-0.008008369673374996,-0.00804060890359835
BD--MA,BD,MA,9196.660288262383,10,7534.5,7646.0,7547.5,7584.614300007861,646.6924823025753,418211.1666666666,6280.0,8685.0,7261.0,7794.25,533.25,261.5,0.08583084243182365,2,0,7120.985,7916.16,1662.160288262383,-1662.160288262383,-0.180735205625001,-0.19934793312867055
BD--MX,BD,MX,15118.666153073525,10,13267.0,13900.0,13515.0,13817.789749845588,1854.7539519360032,3440112.2222222215,9850.0,14700.0,13175.0,14577.5,1402.5,785.0,0.13980206165191852,2,0,12092.0,14264.075,1851.6661530735255,-1851.6661530735255,-0.12247549713220528,-0.1306504005359074
BD--MY,BD,MY,2578.596726870454,10,2890.6,2900.0,2903.875,2901.6666666736496,205.9936352846315,42433.37777777778,2428.0,3247.0,2876.25,2931.25,55.0,30.0,0.07126327934845067,4,0,2763.38,3005.64,312.00327312954596,312.00327312954596,0.12099731217304872,0.11421874638246395
BD--NG,BD,NG,8893.098615055616,10,7478.1,7424.0,7389.125,7389.857055648105,681.9976295168971,465120.7666666668,6723.0,8945.0,6902.5,7837.5,935.0,431.0,0.09119931928122077,0,0,7101.6875,7910.8875,1414.998615055616,-1414.998615055616,-0.15911198967928758,-0.17329679039606605
BD--NL,BD,NL,7656.49679159308,10,7787.2,7647.5,7655.25,7654.499999969167,547.4918162757219,299747.28888888884,7330.0,9300.0,7604.25,7711.25,107.0,60.0,0.07030663348517079,2,0,7546.4875,8141.015,130.70320840691966,130.70320840691966,0.01707088920228286,0.01692681886756252
BD--NO,BD,NO,7181.762061567684,10,6641.5,6950.0,6726.875,6813.986666346172,832.946743662389,693800.2777777776,5000.0,7600.0,6237.5,7227.5,990.0,400.0,0.12541545489157405,0,0,6140.9625,7087.25,540.2620615676842,-540.2620615676842,-0.07522695084244438,-0.07820692383560424
BD--NZ,BD,NZ,11267.899459200993,10,14537.5,14800.0,14609.375,14662.683333447556,1319.1564013077111,1740173.611111111,12000.0,16500.0,13656.25,15375.0,1718.75,750.0,0.09074162691712544,0,0,13767.125,15270.0,3269.600540799007,3269.600540799007,0.2901694812451632,0.25477359055408194
BD--PE,BD,PE,18167.538095071344,10,18808.2,18989.0,19000.25,19051.989099899783,1022.4305246703943,1045364.1777777779,16380.0,19700.0,18762.5,19487.5,725.0,486.0,0.05436089177435344,1,0,18150.165,19323.184999999998,640.6619049286564,640.6619049286564,0.03526410136453552,0.0346565645674204
BD--PH,BD,PH,3362.196759695326,10,2538.7,2465.0,2520.875,2468.2463333322344,134.11524894656836,17986.900000000005,2435.0,2785.0,2452.5,2628.75,176.25,15.0,0.052828317227938855,0,0,2463.5,2629.9375,823.4967596953261,-823.4967596953261,-0.2449281878940212,-0.2809424188841353
BD--PK,BD,PK,2010.504192418624,10,1798.1,1724.0,1761.25,1704.1666666956035,345.91856780976,119659.65555555554,1455.0,2436.0,1619.75,1755.5,135.75,83.0,0.192380049947033,2,0,1614.1975,2015.745,212.404192418624,-212.404192418624,-0.10564722680985962,-0.1116549807592507
BD--PL,BD,PL,6568.012073729416,10,6111.3,6061.5,6076.625,6092.622271436578,515.1431408410244,265372.4555555555,5240.0,7260.0,5970.0,6270.0,300.0,178.5,0.08429354488259853,2,0,5827.865,6421.3325,456.71207372941626,-456.71207372941626,-0.06953581519074283,-0.07207169390469842
BD--PT,BD,PT,9173.202508931836,10,8025.7,7900.0,7976.5,7980.018666805183,803.0472588833112,644884.8999999998,7000.0,9445.0,7407.5,8590.0,1182.5,680.0,0.10005946632484533,0,0,7567.975,8502.1825,1147.502508931836,-1147.502508931836,-0.12509290052351146,-0.13363757028804155
BD--RU,BD,RU,5553.2737926347245,10,4996.3,4725.0,4964.5,4925.820240720628,891.436923673733,794659.7888888888,4047.0,6200.0,4225.25,5863.75,1638.5,651.5,0.178419415101922,0,0,4507.662499999999,5514.555,556.9737926347243,-556.9737926347243,-0.10029647617472696,-0.10568998789976389
BD--SA,BD,SA,4415.912406616781,10,3580.1,3591.5,3550.125,3560.3329006463905,303.001448474719,91809.87777777779,3200.0,4200.0,3334.5,3686.5,352.0,167.5,0.08463491200656936,0,0,3409.1924999999997,3770.0125,835.8124066167807,-835.8124066167807,-0.18927286813126176,-0.20982374033652743
BD--SE,BD,SE,6768.471024295255,10,6045.3,6125.0,6021.25,6063.116666633236,705.271271686765,497407.56666666665,4800.0,7483.0,5675.0,6292.5,617.5,250.0,0.11666439575980761,1,0,5631.9575,6434.9175,723.1710242952549,-723.1710242952549,-0.10684407478431257,-0.11299410504365245
BD--SG,BD,SG,2874.5622395689315,10,2934.2,2933.5,2933.75,2933.7499999989295,24.270695636233146,589.0666666666667,2900.0,2972.0,2912.5,2950.0,37.5,20.0,0.008271656886453939,0,0,2920.6,2948.4,59.63776043106827,59.63776043106827,0.020746727835683088,0.020534445565271113
BD--SN,BD,SN,11109.021139047307,10,8402.0,8282.5,8352.5,8348.96678563645,726.2921053007683,527500.2222222224,7500.0,9700.0,7821.0,8920.25,1099.25,487.5,0.08644276425860133,0,0,7973.3875,8828.09,2707.021139047307,-2707.021139047307,-0.24367773768404738,-0.27928772072638847
BD--TH,BD,TH,1533.2161452123528,10,1587.0,1508.0,1546.25,1541.1259713491966,213.79793159793562,45709.555555555555,1400.0,2100.0,1441.0,1667.0,226.0,93.0,0.1347182933824421,1,0,1475.75,1723.29,53.783854787647215,53.783854787647215,0.035079108027653905,0.034477856673449075
BD--TR,BD,TR,5633.079801631459,10,3500.6,3649.0,3508.875,3593.73386668461,391.58288465605284,153337.1555555556,2938.0,3997.0,3115.0,3737.5,622.5,184.0,0.11186164790494568,0,0,3259.455,3724.6124999999997,2132.4798016314594,-2132.4798016314594,-0.37856374784781993,-0.47572194424598485
BD--TZ,BD,TZ,6793.0341997186615,10,5562.3,5527.0,5486.125,5486.125000001326,747.4601512975644,558696.6777777778,4644.0,7090.0,5017.25,6000.0,982.75,502.0,0.13437969028955007,0,0,5183.6849999999995,6026.76,1230.7341997186613,-1230.7341997186613,-0.18117591690759235,-0.19988601295973077
BD--UA,BD,UA,5893.685382507589,10,5226.8,5010.0,5117.875,5143.514321766986,1179.835092055006,1392010.8444444446,3975.0,7350.0,4249.0,6095.0,1846.0,926.5,0.22572799649020547,0,0,4566.965,5985.0199999999995,666.8853825075885,-666.8853825075885,-0.11315252498664062,-0.12008226747519422
BD--US,BD,US,12949.493713794654,10,12669.5,12765.0,12741.25,12738.333333316335,535.9127727531785,287202.49999999994,11465.0,13300.0,12550.0,12875.0,325.0,200.0,0.04229944139493891,1,0,12367.4625,12938.125,279.99371379465447,-279.99371379465447,-0.021621981521670358,-0.021859161666207733
BD--VN,BD,VN,1616.977559772685,10,1557.3,1592.0,1559.75,1558.3204222318525,152.593177363137,23284.677777777782,1345.0,1750.0,1413.5,1673.5,260.0,137.0,0.09798573002192063,0,0,1466.7575,1646.81,59.67755977268507,-59.67755977268507,-0.03690685712489081,-0.0376051502879192
BD--ZA,BD,ZA,8645.990655579606,10,9589.7,9530.0,9606.125,9604.75658571429,264.33818826983315,69874.67777777776,9125.0,9923.0,9424.5,9821.75,397.25,198.5,0.02756480268098409,0,0,9439.2225,9737.81,943.7093444203947,943.7093444203947,0.10914993804803398,0.10359390035475041
BR--CA,BR,CA,7334.346869539842,10,7093.9,6940.0,7082.5,7093.899999999056,665.33441048677,442669.8777777778,6280.0,7999.0,6600.0,7735.0,1135.0,625.0,0.09378965174118187,0,0,6716.925,7493.969999999999,240.44686953984274,-240.44686953984274,-0.03278367846746365,-0.03333310479029619
BR--CD,BR,CD,7021.609682135122,10,8117.5,8194.0,8190.625,8185.447328559618,440.93971621224296,194427.83333333334,7000.0,8650.0,8021.75,8300.0,278.25,150.5,0.054319644744347764,1,0,7852.4975,8322.6,1095.890317864878,1095.890317864878,0.15607394422010096,0.1450297337927973
BR--CL,BR,CL,3009.3551850238605,10,2591.7,2574.0,2538.625,2547.183757159991,377.76125617467267,142703.56666666668,2129.0,3479.0,2379.25,2674.0,294.75,174.5,0.14575809552597627,1,0,2393.9725,2830.7374999999997,417.65518502386067,-417.65518502386067,-0.13878560666495376,-0.1494118005161176
BR--CN,BR,CN,16930.472630910997,10,17653.3,17690.0,17716.625,17716.62499999388,434.424280577819,188724.45555555559,16600.0,18200.0,17525.0,17900.0,375.0,210.0,0.024608672632188827,1,0,17361.8675,17877.3,722.8273690890019,722.8273690890019,0.04269386831938122,0.04180762221626084
BR--CO,BR,CO,3659.609825431805,10,2386.9,2425.0,2416.125,2404.410744557791,410.6318843495284,168618.54444444444,1680.0,2860.0,2066.0,2766.75,700.75,370.5,0.17203564638213933,0,0,2114.955,2599.6425,1272.7098254318048,-1272.7098254318048,-0.3477719992408303,-0.42736108376842147
BR--DE,BR,DE,9575.611395967344,10,9270.1,9327.5,9275.125,9309.601666676612,247.21805489621235,61116.76666666666,8800.0,9700.0,9137.5,9393.75,256.25,75.0,0.026668326651946832,0,0,9112.0725,9417.5625,305.51139596734356,-305.51139596734356,-0.03190515814958887,-0.03242521938681103
BR--DZ,BR,DZ,7899.280557882734,10,8452.7,8450.0,8425.0,8419.820456986887,650.271575745259,422853.12222222215,7600.0,9527.0,7864.25,8825.0,960.75,532.0,0.07693063467829912,0,0,8074.867499999999,8804.155,553.419442117267,553.419442117267,0.07005947415869497,0.06771423025500223
BR--EG,BR,EG,9874.469524339542,10,9411.0,9505.0,9401.25,9402.825555487501,639.7820809550008,409321.1111111111,8600.0,10300.0,8812.5,9937.5,1125.0,550.0,0.06798236966900444,0,0,9069.9,9781.225,463.46952433954175,-463.46952433954175,-0.04693614408319733,-0.04807337241339111
BR--ES,BR,ES,7719.290067297386,10,8630.2,8575.0,8594.0,8564.666666682795,388.6300154245538,151033.28888888893,8050.0,9500.0,8462.5,8657.0,194.5,110.0,0.04503140314529834,3,0,8421.39,8876.855,910.9099327026152,910.9099327026152,0.11800436630327787,0.11154528018438482
BR--ET,BR,ET,9928.94838833383,10,8124.9,7992.0,8029.5,7999.716749955405,578.097156386556,334196.32222222217,7563.0,9450.0,7732.5,8269.0,536.5,295.0,0.07115129495582173,1,0,7826.344999999999,8523.0875,1804.048388333831,-1804.048388333831,-0.18169581689572736,-0.20052114951725905
BR--FI,BR,FI,10597.841046061912,10,9413.2,9400.0,9335.25,9369.872999928113,595.1374817823375,354188.62222222215,8700.0,10750.0,9057.5,9620.0,562.5,265.0,0.0632237158227104,1,0,9101.32,9793.119999999999,1184.6410460619118,-1184.6410460619118,-0.11178135630767141,-0.11853734592298466
BR--FJ,BR,FJ,13707.79297949407,10,16703.3,16562.5,16709.875,16704.3812777791,934.601406423556,873479.7888888889,15400.0,17954.0,16001.75,17628.75,1627.0,872.5,0.05595309947277221,0,0,16188.495,17280.025,2995.507020505929,2995.507020505929,0.2185258432912581,0.19764180296060058
BR--FR,BR,FR,8706.397888002059,10,9100.6,9200.0,9163.25,9190.928000012897,384.9087049043073,148154.7111111111,8200.0,9500.0,9012.5,9315.0,302.5,160.0,0.042294871206767386,1,0,8845.6,9310.0,394.20211199794176,394.20211199794176,0.04527729114484603,0.0442822005954325
BR--GB,BR,GB,8772.672472521588,10,9066.0,9025.0,9051.25,9061.792500040994,472.8213193162931,223560.00000000003,8500.0,9750.0,8650.0,9415.0,765.0,450.0,0.052153245016136454,0,0,8777.0,9351.0,293.32752747841187,293.32752747841187,0.03343650733538656,0.03288966364716856
BR--GH,BR,GH,5761.1782251059785,10,7723.6,7849.0,7750.75,7766.000000197542,691.4869967444556,478154.2666666668,6600.0,8630.0,7340.0,8123.5,783.5,459.0,0.08952910517691952,0,0,7303.3,8138.8525,1962.4217748940218,1962.4217748940218,0.34062854822685557,0.29313856982676506
BR--GR,BR,GR,9543.526478721476,10,9665.8,9740.0,9707.25,9704.304656253227,440.730151755773,194243.0666666667,8700.0,10300.0,9458.5,9875.0,416.5,251.0,0.04559686231411503,1,0,9404.895,9892.8,122.27352127852282,122.27352127852282,0.012812194899982456,0.01273081311330882
BR--IN,BR,IN,14244.967094288088,10,13093.4,13163.5,13122.125,13122.124999672871,980.4682781428701,961318.0444444445,11567.0,14390.0,12350.0,13925.0,1575.0,850.0,0.07488263385697146,0,0,12506.38,13647.449999999999,1151.567094288088,-1151.567094288088,-0.08084027759880474,-0.08429537150902985
BR--IT,BR,IT,8891.366226296563,10,9225.3,9350.0,9294.125,9346.398371424182,466.8661597407881,217964.01111111106,8200.0,9700.0,9179.0,9533.25,354.25,189.0,0.050607152042837424,1,0,8929.395,9467.2,333.9337737034366,333.9337737034366,0.03755708236556655,0.03686899075675265
BR--JP,BR,JP,17673.237812688087,10,17670.0,17700.0,17675.0,17674.999999999076,274.06406388125953,75111.11111111111,17200.0,18100.0,17525.0,17787.5,262.5,150.0,0.015510133779358207,0,0,17494.875,17830.125,3.2378126880867057,-3.2378126880867057,-0.0001832042731729776,-0.00018322105712579025
BR--KE,BR,KE,9414.754147935433,10,8867.3,8821.5,8846.625,8840.699999973236,600.8545858469695,361026.2333333332,8100.0,9800.0,8350.0,9275.0,925.0,500.0,0.06776071474371788,0,0,8524.3,9210.0075,547.4541479354339,-547.4541479354339,-0.05814853360302408,-0.05990769582251393
BR--KR,BR,KR,17539.5016131441,10,17776.0,17762.5,17801.25,17732.150357148843,742.3753168789431,551121.1111111111,16250.0,19100.0,17525.0,17871.25,346.25,212.5,0.04176278785322587,3,0,17313.1875,18221.1,236.4983868558993,236.4983868558993,0.013483757524710248,0.013393660658863766
BR--MA,BR,MA,7024.002442289389,10,7706.7,7715.0,7658.375,7663.640000002434,477.92027461584934,228407.78888888884,7000.0,8800.0,7443.75,7865.25,421.5,200.0,0.06201360823904516,1,0,7436.625,7998.662499999999,682.6975577106105,682.6975577106105,0.0971949487944787,0.09275687634712551
BR--MX,BR,MX,6827.142656438756,10,3237.5,3237.5,3221.75,3229.1666666808474,163.87003658048317,26853.388888888894,3013.0,3588.0,3200.0,3250.0,50.0,37.5,0.050616227515207154,4,0,3145.6875,3338.9375,3589.6426564387557,-3589.6426564387557,-0.5257899002671818,-0.7461048071111327
BR--MY,BR,MY,16422.814195799372,10,16107.9,16300.0,16137.5,16159.131432285596,1017.1319645617933,1034557.4333333332,14500.0,17479.0,15350.0,16875.0,1525.0,800.0,0.0631449142695071,0,0,15539.75,16693.7,314.91419579937246,-314.91419579937246,-0.01917541001468075,-0.019361642759129417
BR--NG,BR,NG,6701.782316617511,10,8211.7,8150.0,8214.625,8214.625000033124,327.94919999563615,107550.67777777776,7700.0,8700.0,7998.5,8493.75,495.25,258.0,0.03993682185121669,0,0,8011.955,8401.425,1509.9176833824895,1509.9176833824895,0.22530091430134175,0.20318645815868833
BR--NL,BR,NL,9095.395184382438,10,8473.6,8641.5,8504.5,8521.989399934408,503.0666401625578,253076.04444444441,7600.0,9100.0,8065.25,8795.0,729.75,343.0,0.05936870281374596,0,0,8173.9,8750.210000000001,621.7951843824376,-621.7951843824376,-0.06836373481056793,-0.07081281387492729
BR--NO,BR,NO,9890.673869295977,10,8523.0,8700.0,8560.0,8625.621429388946,547.4800858884681,299734.44444444444,7500.0,9250.0,8337.5,8862.5,525.0,250.0,0.06423560787146171,1,0,8196.0,8830.125,1367.673869295977,-1367.673869295977,-0.13827913925477847,-0.14882388820361045
BR--NZ,BR,NZ,12315.070951453863,10,15013.6,15000.0,14996.625,14995.499999859361,1618.7666223942776,2620405.377777778,12500.0,17663.0,14304.75,15625.0,1320.25,763.5,0.10782001800995615,1,0,14063.375,15946.3575,2698.5290485461373,2698.5290485461373,0.2191241170419372,0.1981326640542171
BR--PE,BR,PE,3172.9910685849954,10,2531.0,2470.0,2502.125,2502.124999984477,320.5588869459089,102758.00000000001,2096.0,3197.0,2329.5,2727.75,398.25,190.0,0.12665305687313666,0,0,2357.9575,2733.705,641.9910685849954,-641.9910685849954,-0.20232993245433029,-0.22606021621690076
BR--PH,BR,PH,18834.978421995093,10,16364.5,16282.5,16399.375,16344.208785488108,1036.2228685631935,1073757.8333333335,14600.0,17850.0,15696.25,16941.25,1245.0,677.5,0.06332138889444795,0,0,15759.335,16948.29,2470.4784219950925,-2470.4784219950925,-0.1311643882272846,-0.1406013410330381
BR--PK,BR,PK,13831.892357763147,10,12770.4,12808.5,12832.125,12862.833333341736,707.4013790706879,500416.71111111104,11400.0,13647.0,12607.25,13215.75,608.5,390.0,0.05539383097402493,1,0,12323.065,13171.875,1061.492357763147,-1061.492357763147,-0.07674238132480728,-0.07984697326597333
BR--PL,BR,PL,10013.245328845951,10,9527.0,9575.0,9533.75,9533.77357063542,434.0519682147647,188401.11111111112,8700.0,10300.0,9275.0,9765.0,490.0,225.0,0.04556019399756111,0,0,9281.8,9770.0,486.245328845951,-486.245328845951,-0.048560213285215884,-0.04977887673412986
BR--PT,BR,PT,7260.226545104273,10,7564.0,7575.0,7558.625,7561.3983333100205,244.10880998257952,59589.11111111111,7250.0,7921.0,7347.25,7770.0,422.75,225.0,0.032272449759727595,0,0,7407.995,7700.2,303.7734548957269,303.7734548957269,0.04184076805434782,0.04098911788654122
BR--RU,BR,RU,11166.929191609152,10,9636.7,9490.0,9589.625,9627.993777135976,1504.0588086906707,2262192.8999999994,7800.0,11850.0,8442.5,11036.25,2593.75,1440.0,0.15607612654650146,0,0,8811.785,10556.1325,1530.2291916091508,-1530.2291916091508,-0.13703222840877038,-0.14737793321801876
BR--SA,BR,SA,11195.014360359984,10,10108.5,9863.5,10210.875,10108.500001322456,1748.3601364326134,3056763.1666666665,7398.0,12000.0,9020.0,11879.0,2859.0,1977.5,0.17295940410868213,0,0,9028.9025,11112.710000000001,1086.5143603599845,-1086.5143603599845,-0.09705341372380756,-0.10209187872530497
BR--SE,BR,SE,10211.465310360685,10,9652.9,9685.0,9703.625,9723.3333333484,335.51567275861595,112570.76666666666,8900.0,10000.0,9617.5,9875.0,257.5,165.0,0.034758018083541314,1,0,9448.0,9822.9,558.5653103606855,-558.5653103606855,-0.05469981960316292,-0.056252750715275496
BR--SG,BR,SG,16541.57994188363,10,16599.8,16370.0,16612.875,16608.40848816231,812.5737983578955,660276.1777777778,15400.0,17695.0,16000.0,17288.75,1288.75,669.0,0.048950818585639315,0,0,16106.775,17120.825,58.22005811637064,58.22005811637064,0.0035196189433487077,0.0035134395796876535
BR--SN,BR,SN,4752.903773023973,10,7723.5,7694.0,7666.875,7667.842411081283,489.3340712982628,239447.83333333334,7150.0,8750.0,7312.5,7985.25,672.75,354.5,0.06335651858590831,0,0,7448.58,8029.1075,2970.5962269760266,2970.5962269760266,0.6250065999308089,0.4855118772693354
BR--TH,BR,TH,16631.97836274269,10,14950.3,14600.0,14828.75,14743.068871698817,1750.6636868469182,3064823.3444444444,13000.0,17873.0,13519.25,16331.25,2812.0,1269.5,0.11709890014561034,0,0,13949.4825,15978.7625,1681.6783627426921,-1681.6783627426921,-0.1011111442105902,-0.1065958830884788
BR--TR,BR,TR,10359.803932064284,10,9112.2,9097.5,9093.375,9093.375000032924,886.6714034961192,786186.1777777778,7925.0,10450.0,8411.75,9867.5,1455.75,765.0,0.09730596381731295,0,0,8600.5625,9629.605,1247.603932064283,-1247.603932064283,-0.12042736911292942,-0.12831913619368507
BR--TZ,BR,TZ,9156.612898830454,10,8944.2,8914.5,8974.625,8972.753055730882,828.4343734485617,686303.511111111,7705.0,9940.0,8319.75,9750.0,1430.25,662.5,0.0926225233613472,0,0,8475.755,9412.96,212.41289883045283,-212.41289883045283,-0.02319775895053767,-0.02347106191159263
BR--UA,BR,UA,10549.919782043095,10,9656.0,9689.0,9636.125,9636.125000123295,1143.9342444194751,1308585.5555555555,7779.0,11692.0,8925.0,10267.75,1342.75,739.0,0.1184687494220666,0,0,9011.485,10305.5675,893.9197820430945,-893.9197820430945,-0.08473237716599759,-0.08853877250012666
BR--US,BR,US,6769.014727737269,10,7361.7,7415.0,7432.375,7432.375000001291,395.83050525305515,156681.78888888893,6380.0,7778.0,7252.75,7622.0,369.25,168.5,0.053768899201686454,1,0,7109.1375,7556.3325,592.6852722627309,592.6852722627309,0.08755857330817958,0.08393534304354536
BR--VN,BR,VN,17204.186662884276,10,17152.6,16997.5,17103.25,17088.254840788766,882.6413893661584,779055.8222222223,16000.0,18700.0,16494.0,17837.25,1343.25,601.5,0.05145816898698497,0,0,16675.585,17689.305,51.58666288427776,-51.58666288427776,-0.0029984947207977613,-0.0030029992128103146
BR--ZA,BR,ZA,7905.896338955261,10,8924.5,8600.0,8848.125,8785.008428571502,1070.673749457685,1146342.2777777778,7710.0,10750.0,8071.75,9648.5,1576.75,715.0,0.11997016633510954,0,0,8316.985,9551.46,1018.603661044739,1018.603661044739,0.1288410089600725,0.12119145059187557
CA--CD,CA,CD,10429.733240251062,10,9745.0,9700.0,9731.25,9724.99999999446,532.0035505311762,283027.77777777775,9000.0,10600.0,9450.0,10037.5,587.5,325.0,0.0545924628559442,0,0,9439.875,10065.0,684.7332402510619,-684.7332402510619,-0.06565203773462755,-0.06790635952771629
CA--CL,CA,CL,8748.678780930806,10,8237.8,8212.5,8173.5,8151.278857142758,759.8907523819167,577433.9555555555,7260.0,9730.0,7671.25,8489.5,818.25,520.0,0.092244379856505,1,0,7823.195000000001,8706.8925,510.8787809308069,-510.8787809308069,-0.058394963825206585,-0.06016937452149342
CA--CN,CA,CN,10474.241950070254,10,7536.3,7550.0,7486.0,7538.499771547053,662.7109391649491,439185.78888888884,6600.0,8875.0,7276.0,7862.5,586.5,316.0,0.08793584904594418,1,0,7151.68,7936.3175,2937.9419500702543,-2937.9419500702543,-0.280492083730274,-0.3291877502555803
CA--CO,CA,CO,4525.731196671247,10,6493.5,6300.0,6495.75,6394.05666665116,818.6502780661458,670188.2777777779,5269.0,7700.0,6027.5,7257.0,1229.5,450.0,0.12607226889445536,0,0,6019.775000000001,6965.05,1967.7688033287532,1967.7688033287532,0.4347957750509091,0.36102252204585983
CA--DE,CA,DE,6146.549872089064,10,6137.4,6200.0,6134.25,6135.419999971422,329.5263267176084,108587.6,5700.0,6600.0,5812.5,6400.0,587.5,300.0,0.053691518675271034,0,0,5957.4,6327.464999999999,9.149872089064047,-9.149872089064047,-0.0014886191895412421,-0.0014897282839030585
CA--DZ,CA,DZ,6419.275105731327,10,7098.5,7181.0,7098.125,7168.499999953634,610.0588769400322,372171.8333333333,6000.0,8200.0,7027.5,7297.25,269.75,162.5,0.08594194223287063,3,0,6722.2875,7413.907499999999,679.2248942686729,679.2248942686729,0.10581021736585801,0.10057829467450351
CA--EG,CA,EG,8876.40462189037,10,7731.0,7625.0,7707.5,7693.396250021497,307.4428582860742,94521.11111111112,7400.0,8250.0,7512.5,7895.0,382.5,225.0,0.03976754084673059,0,0,7570.0,7913.075,1145.4046218903695,-1145.4046218903695,-0.12903925301756217,-0.13815836975545392
CA--ES,CA,ES,5707.581780771725,10,5779.8,5725.0,5774.75,5753.731666665609,141.46990257059392,20013.733333333334,5600.0,6000.0,5700.0,5875.0,175.0,75.0,0.024476608631889323,0,0,5705.0,5869.6,72.2182192282753,72.2182192282753,0.012653032755758542,0.012573652040012429
CA--ET,CA,ET,11136.890454729448,10,9497.1,9415.0,9521.375,9497.09999999927,426.3849199960055,181804.10000000003,8800.0,10000.0,9318.75,9895.0,576.25,472.0,0.04489632835244501,0,0,9247.53,9747.09,1639.7904547294474,-1639.7904547294474,-0.14723952447903318,-0.15927657336016343
CA--FI,CA,FI,6289.502387773958,10,5836.0,5880.0,5832.5,5872.644999994302,187.27282534076082,35071.11111111111,5500.0,6200.0,5737.5,5900.0,162.5,25.0,0.03208924354708033,1,0,5725.0,5945.0,453.5023877739577,-453.5023877739577,-0.0721046530891716,-0.0748363252806588
CA--FJ,CA,FJ,12653.111746459324,10,15086.0,15385.0,15133.75,15168.524571540775,1068.6980656647393,1142115.5555555553,13600.0,16190.0,14125.0,16000.0,1875.0,760.0,0.0708403861636444,0,0,14475.85,15677.3,2432.8882535406756,2432.8882535406756,0.19227588456424263,0.17586398864556632
CA--FR,CA,FR,5663.62568366498,10,5600.0,5600.0,5606.25,5606.25,141.4213562373095,20000.0,5350.0,5800.0,5525.0,5712.5,187.5,125.0,0.02525381361380527,0,0,5515.0,5675.0,63.62568366497999,-63.62568366497999,-0.011234090531174946,-0.011297669542922367
CA--GB,CA,GB,5378.074759985251,10,5505.0,5495.0,5499.375,5492.500000000947,40.0,1600.0,5470.0,5585.0,5481.25,5500.0,18.75,12.5,0.007266121707538601,2,0,5483.9875,5531.0,126.92524001474885,126.92524001474885,0.023600497516158912,0.023326311348864117
CA--GH,CA,GH,8439.561227154014,10,7813.0,7775.0,7797.5,7797.500000979781,365.18032075492056,133356.66666666666,7300.0,8450.0,7550.0,8057.5,507.5,300.0,0.046740089690889615,0,0,7610.975,8019.125,626.561227154014,-626.561227154014,-0.0742409718100123,-0.077141306937845
CA--GR,CA,GR,7764.7115554242955,10,6562.0,6420.0,6491.25,6449.617285616374,433.7638886665315,188151.11111111112,6190.0,7500.0,6262.5,6680.0,417.5,195.0,0.0661023908361066,1,0,6335.925,6832.0,1202.7115554242955,-1202.7115554242955,-0.1548945568472665,-0.16829387461380393
CA--IN,CA,IN,11362.94782650969,10,9559.9,9640.0,9665.0,9659.999999998594,471.6025751508243,222408.98888888888,8319.0,9960.0,9555.0,9805.0,250.0,150.0,0.049331329318384534,1,0,9267.650000000001,9766.0,1803.04782650969,-1803.04782650969,-0.15867782322322999,-0.17278060464350323
CA--IT,CA,IT,6746.931142314486,10,6525.0,6425.0,6481.25,6410.341428076548,406.3728446745536,165138.88888888888,6100.0,7300.0,6250.0,6500.0,250.0,150.0,0.062279363168513964,2,0,6309.875,6770.125,221.93114231448635,-221.93114231448635,-0.032893642699657735,-0.03344680271000308
CA--JP,CA,JP,10343.49118277986,10,9754.0,9800.0,9758.75,9774.534285726302,161.46551059316386,26071.11111111111,9500.0,9970.0,9677.5,9875.0,197.5,100.0,0.01655377389718719,0,0,9657.0,9844.0,589.4911827798605,-589.4911827798605,-0.05699151015483653,-0.05867999337206596
CA--KE,CA,KE,11852.842570511928,10,9788.0,9800.0,9752.5,9791.997000420966,427.20798993776634,182506.66666666666,9100.0,10760.0,9712.5,9865.0,152.5,85.0,0.04364609623393608,3,0,9546.975,10060.125,2064.842570511928,-2064.842570511928,-0.17420652963441383,-0.19141057260235478
CA--KR,CA,KR,10536.510102087088,10,9980.5,10035.0,9983.75,9980.500000068845,407.46131377374,166024.72222222222,9465.0,10470.0,9600.0,10375.0,775.0,400.0,0.040825741573442216,0,0,9733.9875,10207.65,556.010102087088,-556.010102087088,-0.05276985422117639,-0.054213189156533344
CA--MA,CA,MA,5854.797692873017,10,6190.6,6035.0,6110.75,6083.512800885544,621.7423903836701,386563.60000000003,5300.0,7720.0,6000.0,6272.0,272.0,140.0,0.10043330054981263,2,0,5871.575000000001,6589.6,335.8023071269836,335.8023071269836,0.05735506583528107,0.055770568961936794
CA--MX,CA,MX,3598.308798337808,10,3452.6,3487.5,3492.25,3490.0000000007008,175.63548110282906,30847.822222222225,2988.0,3600.0,3450.0,3541.25,91.25,50.0,0.05087049791543447,1,0,3339.3875000000003,3535.535,145.70879833780828,-145.70879833780828,-0.0404936892589976,-0.04133638644188719
CA--MY,CA,MY,14615.980355359012,10,11509.9,11400.0,11541.125,11454.396666688632,1035.5256797073328,1072313.4333333336,9800.0,12970.0,10850.0,12437.25,1587.25,650.0,0.08996826034173475,0,0,10874.8725,12129.975,3106.080355359012,-3106.080355359012,-0.21251262521163383,-0.23890794042563618
CA--NG,CA,NG,8769.14706891505,10,8546.2,8300.0,8440.75,8359.809570505084,641.4867799798285,411505.2888888889,8000.0,9936.0,8095.0,8789.5,694.5,265.0,0.07506105403335148,1,0,8207.9,8967.245,222.94706891504939,-222.94706891504939,-0.02542403122709096,-0.025752806405043082
CA--NL,CA,NL,5650.389098226851,10,5871.0,5800.0,5826.25,5827.048222209954,203.05718953590937,41232.222222222226,5700.0,6400.0,5760.0,5900.0,140.0,90.0,0.03458647411614876,1,0,5776.0,6004.05,220.61090177314873,220.61090177314873,0.039043488499292664,0.03830056735211287
CA--NO,CA,NO,5615.364370869781,10,5886.0,5900.0,5847.5,5868.333333335051,578.8340771662367,335048.88888888893,4900.0,7180.0,5725.0,5957.5,232.5,150.0,0.09834082180873882,2,0,5550.95,6202.0,270.63562913021906,270.63562913021906,0.04819555976352421,0.047070171318498576
CA--NZ,CA,NZ,14472.518850835871,10,17400.5,17375.0,17413.125,17410.853569583895,474.6487005026864,225291.38888888888,16700.0,18000.0,17000.0,17842.5,842.5,375.0,0.02727787710138711,0,0,17130.4875,17695.5,2927.9811491641285,2927.9811491641285,0.20231316879542505,0.1842473419416745
CA--PE,CA,PE,6365.101501579229,10,4924.6,4739.5,4863.625,4757.049566615363,459.360473315287,211012.04444444447,4487.0,5850.0,4641.25,5203.75,562.5,149.5,0.09327873803258883,0,0,4674.8724999999995,5226.0275,1440.5015015792287,-1440.5015015792287,-0.2263124164197271,-0.256587125661649
CA--PH,CA,PH,13148.893379643874,10,11598.5,11639.0,11645.875,11645.875000016385,315.63102579506415,99622.94444444445,10870.0,11948.0,11485.0,11817.25,332.25,175.0,0.027213090123297336,1,0,11406.869999999999,11760.125,1550.3933796438741,-1550.3933796438741,-0.11791055983799187,-0.12546182203722028
CA--PK,CA,PK,10699.32409267107,10,7908.3,7930.0,7910.375,7910.374999983551,262.11958678774425,68706.67777777779,7500.0,8300.0,7725.0,8107.25,382.25,221.5,0.03314487143731829,0,0,7747.9075,8062.6,2791.0240926710694,-2791.0240926710694,-0.26085985137910656,-0.3022677297074953
CA--PL,CA,PL,6594.700288950723,10,6116.7,6165.5,6104.5,6105.670625078316,302.3901269699275,91439.78888888888,5731.0,6600.0,5843.75,6260.0,416.25,262.5,0.04943680856833382,0,0,5932.205,6306.6175,478.0002889507232,-478.0002889507232,-0.07248248866617976,-0.07524360453449398
CA--PT,CA,PT,5399.63090845621,10,5812.0,5740.0,5802.5,5785.796666646286,238.8770022882534,57062.222222222226,5500.0,6200.0,5622.5,6012.5,390.0,150.0,0.04110065421339529,0,0,5673.0,5956.075,412.3690915437901,412.3690915437901,0.07636986648439072,0.07359414475968215
CA--RU,CA,RU,7180.055639081386,10,5546.0,5700.0,5482.5,5482.499999763764,817.9133341755851,668982.2222222224,4500.0,7100.0,4837.5,5960.0,1122.5,625.0,0.14747806241896594,0,0,5102.8,6013.025,1634.0556390813863,-1634.0556390813863,-0.22758258726953914,-0.2582301850122024
CA--SA,CA,SA,10317.222965793204,10,8364.6,8390.0,8351.25,8364.342000011227,450.09436047714854,202584.93333333335,7700.0,9136.0,8055.0,8592.5,537.5,310.0,0.053809430274866524,0,0,8105.99,8635.8,1952.6229657932035,-1952.6229657932035,-0.18925857978131647,-0.20980611637468458
CA--SE,CA,SE,6012.504954934798,10,5852.0,5900.0,5852.5,5882.139199855316,185.69987734095153,34484.444444444445,5500.0,6200.0,5742.5,5900.0,157.5,40.0,0.03173271998307443,2,0,5741.95,5962.075,160.50495493479775,-160.50495493479775,-0.02669518880031232,-0.02705797637924176
CA--SG,CA,SG,14829.085234720038,10,10366.5,10491.0,10372.75,10366.499999952739,459.0074436578707,210687.8333333333,9783.0,10900.0,9875.0,10750.0,875.0,400.0,0.04427795723319063,0,0,10108.2575,10618.2,4462.585234720038,-4462.585234720038,-0.30093462705788326,-0.3580110175990373
CA--SN,CA,SN,6388.706012444591,10,7335.1,7197.5,7318.875,7281.082833392346,307.6399229980111,94642.32222222221,7000.0,7800.0,7107.5,7557.0,449.5,172.5,0.04194079467192146,0,0,7164.985000000001,7525.665,946.3939875554097,946.3939875554097,0.14813547308514813,0.1381392988488806
CA--TH,CA,TH,13440.553542475436,10,9846.8,9625.0,9789.75,9724.832000785182,530.2873015849259,281204.62222222215,9250.0,10900.0,9500.0,9986.0,486.0,240.0,0.05385376991356846,1,0,9573.705,10161.83,3593.753542475437,-3593.753542475437,-0.26738136425098097,-0.31112999113811013
CA--TR,CA,TR,8182.193922543159,10,6786.8,6665.0,6746.875,6685.999666661848,335.13042237314113,112312.39999999998,6420.0,7473.0,6576.25,6937.5,361.25,115.0,0.049379740433361984,0,0,6598.475,6982.18,1395.3939225431586,-1395.3939225431586,-0.1705403142180047,-0.18698077115716466
CA--TZ,CA,TZ,12166.73278626256,10,10238.7,10435.5,10280.125,10313.689333259576,532.3407534444246,283386.6777777777,9246.0,10900.0,9825.0,10575.0,750.0,320.0,0.05199300237768707,0,0,9887.775,10533.215,1928.03278626256,-1928.03278626256,-0.1584675869958695,-0.1725307479657714
CA--UA,CA,UA,7237.438903984254,10,6747.0,6580.0,6723.75,6644.777400046595,357.02629844001376,127467.77777777777,6400.0,7280.0,6450.0,7075.0,625.0,165.0,0.05291630331110327,0,0,6544.0,6964.025,490.43890398425356,-490.43890398425356,-0.0677641511715234,-0.07016943962707269
CA--US,CA,US,731.9154882007512,10,862.7,840.0,853.375,846.6229999995246,102.1198098096327,10428.455555555554,750.0,1050.0,781.75,945.0,163.25,65.0,0.11837233083300416,0,0,801.375,927.025,130.7845117992489,130.7845117992489,0.17868799596078103,0.1644019520641266
CA--VN,CA,VN,12643.813172484095,10,10580.0,9900.0,10503.75,10110.628999169745,1055.9776933670944,1115088.8888888892,9500.0,12270.0,9885.0,11525.0,1640.0,275.0,0.09980885570577451,0,0,10012.95,11277.0,2063.813172484095,-2063.813172484095,-0.1632271170358193,-0.17820259183209183
CA--ZA,CA,ZA,13053.851270111287,10,10913.9,10700.0,10881.875,10756.84666674336,726.4945438351359,527794.3222222222,10100.0,11984.0,10313.75,11600.0,1286.25,400.0,0.06656598867821181,0,0,10496.3625,11348.44,2139.951270111287,-2139.951270111287,-0.16393256103744805,-0.17904600053548042
CD--CL,CD,CL,9377.485624065612,10,10449.1,10408.5,10464.625,10452.833333427929,795.2844983610163,632477.4333333333,8920.0,11854.0,10225.0,10750.0,525.0,300.0,0.07611033470452157,2,0,9969.315,10914.640000000001,1071.6143759343886,1071.6143759343886,0.11427523527034636,0.10820418035145168
CD--CN,CD,CN,11264.131510520167,10,10923.3,10750.0,10912.5,10918.187777692485,658.4206777500908,433517.78888888896,10000.0,11933.0,10550.0,11400.0,850.0,650.0,0.0602767183680839,0,0,10559.8325,11299.984999999999,340.8315105201673,-340.8315105201673,-0.030258125999491993,-0.030725352175891868
CD--CO,CD,CO,9990.17825849726,10,9409.3,9474.0,9399.125,9501.84748460857,715.2671684218577,511607.12222222215,8200.0,10700.0,9325.0,9700.0,375.0,226.0,0.07601704360811726,3,0,8979.2925,9859.557499999999,580.8782584972614,-580.8782584972614,-0.05814493430116612,-0.05990387431231934
CD--DE,CD,DE,6302.7657179686175,10,6121.9,6137.5,6158.625,6154.419471432598,227.12084399670977,51583.87777777777,5550.0,6400.0,6100.0,6233.75,133.75,75.5,0.037099731128687134,1,0,5991.3875,6236.9275,180.8657179686179,-180.8657179686179,-0.02869624638799218,-0.029116034057477338
CD--DZ,CD,DZ,4724.24554729379,10,4351.4,4157.0,4283.0,4192.912857052724,545.5615251992921,297637.3777777778,3750.0,5500.0,4038.25,4369.0,330.75,150.0,0.1253760916485021,2,0,4082.8775,4670.7125,372.84554729379033,-372.84554729379033,-0.07892171216785483,-0.08221024326431067
CD--EG,CD,EG,4166.513540836489,10,3939.4,3890.0,3936.625,3938.0969249998793,205.4957150134496,42228.488888888896,3711.0,4190.0,3753.5,4142.5,389.0,164.5,0.05216421663538853,0,0,3814.0924999999997,4054.8075000000003,227.11354083648848,-227.11354083648848,-0.05450925302666654,-0.05605117731614065
CD--ES,CD,ES,5319.383374111961,10,5996.8,5494.5,5987.25,5987.249999837708,1288.031124537671,1659024.1777777774,4370.0,7700.0,5150.25,7254.5,2104.25,1063.5,0.21478640683992647,0,0,5267.0225,6797.3025,677.4166258880396,677.4166258880396,0.12734871285736765,0.11986860410791972
CD--ET,CD,ET,2986.3101212320603,10,3471.7,3434.5,3441.125,3441.125000127183,585.4986573663323,342808.6777777778,2638.0,4550.0,3012.5,3868.75,856.25,452.0,0.16864897812781413,0,0,3163.88,3827.0075,485.38987876793954,485.38987876793954,0.16253833629565656,0.15060583539425915
CD--FI,CD,FI,7201.843348896968,10,6608.5,6367.5,6566.875,6507.196298961055,541.0896927086632,292778.0555555555,6050.0,7500.0,6200.0,7000.0,800.0,292.5,0.08187783804322663,0,0,6308.5,6923.5,593.3433488969677,-593.3433488969677,-0.08238770550151496,-0.08598031471871805
CD--FJ,CD,FJ,16916.81804347587,10,15472.5,15700.0,15590.625,15620.833333302642,1112.073263973397,1236706.9444444445,13000.0,17000.0,15147.5,15948.75,801.25,485.0,0.07187418089988024,1,0,14761.4625,16038.525,1444.3180434758688,-1444.3180434758688,-0.08537764251906012,-0.08924402296518091
CD--FR,CD,FR,6026.854910819904,10,6176.8,6183.5,6172.75,6172.749999993514,104.84252741877008,10991.955555555554,6000.0,6386.0,6107.5,6226.25,118.75,60.0,0.016973599180606473,0,0,6114.6975,6241.1025,149.94508918009615,149.94508918009615,0.024879492106389095,0.024575037001939297
CD--GB,CD,GB,6358.423890884738,10,6310.6,6200.0,6202.0,6202.00000005324,578.376309642395,334519.15555555554,5740.0,7750.0,5922.5,6437.5,515.0,285.0,0.09165155605527128,1,0,6025.84,6701.775000000001,47.82389088473792,-47.82389088473792,-0.007521343607383103,-0.007549771546113891
CD--GH,CD,GH,2043.3208669383591,10,3026.2,3216.5,3070.25,3222.320985713034,720.0916299718776,518531.9555555555,1700.0,4000.0,3095.5,3353.75,258.25,143.5,0.23795242547481252,3,0,2582.3375,3418.5625,982.8791330616407,982.8791330616407,0.48102045496865725,0.3927313467828938
CD--GR,CD,GR,4764.590999785643,10,6024.1,6093.5,6005.625,6020.368636840807,736.9044035694183,543028.1000000001,5079.0,7117.0,5322.0,6413.5,1091.5,714.5,0.12232605759688886,0,0,5616.8175,6488.08,1259.509000214357,1259.509000214357,0.2643477688370359,0.23455639145596935
CD--IN,CD,IN,7547.89499645099,10,7676.8,7681.5,7628.75,7570.333333363503,837.7388614598228,701806.4000000003,6540.0,9198.0,7170.75,7866.0,695.25,501.0,0.10912605010679226,1,0,7202.575,8164.637500000001,128.90500354900996,128.90500354900996,0.01707827196981687,0.01693407769368495
CD--IT,CD,IT,5126.896411493344,10,5124.6,5200.0,5183.25,5185.2088002040855,341.3428384093232,116514.93333333332,4230.0,5550.0,5105.75,5218.75,113.0,60.0,0.06660867939143018,2,0,4896.0775,5296.1225,2.2964114933438395,-2.2964114933438395,-0.00044791454888688673,-0.00044801489257319856
CD--JP,CD,JP,13367.324967431796,10,11754.6,11875.0,11818.25,11840.999999990729,304.0293114524029,92433.82222222221,11000.0,12000.0,11724.0,11900.0,176.0,102.0,0.025864709258707475,1,0,11574.18,11905.0,1612.7249674317954,-1612.7249674317954,-0.12064679891908403,-0.12856864052559594
CD--KE,CD,KE,2414.0111493842605,10,2509.6,2392.5,2459.75,2399.120700026266,336.53832537237787,113258.04444444447,2170.0,3248.0,2291.75,2666.0,374.25,108.5,0.1341003846718114,1,0,2332.19,2715.885,95.58885061573937,95.58885061573937,0.039597518279947105,0.038833636594918126
CD--KR,CD,KR,12211.448901968513,10,11075.0,11767.5,11163.75,11634.14710092454,1182.5866188618536,1398511.111111111,9350.0,12090.0,9856.25,11962.5,2106.25,277.5,0.10677983014553982,0,0,10337.825,11712.075,1136.4489019685134,-1136.4489019685134,-0.09306421466377468,-0.0976836303411437
CD--MA,CD,MA,4841.287191069289,10,4326.8,4305.0,4322.25,4318.707466756076,510.1644179412489,260267.7333333333,3640.0,5050.0,3950.25,4793.25,843.0,424.0,0.11790801930786006,0,0,4030.145,4618.952499999999,514.4871910692891,-514.4871910692891,-0.10627074386711914,-0.11235239516452616
CD--MX,CD,MX,12740.378395838092,10,10443.0,10350.0,10416.25,10420.977499999417,426.90878546957913,182251.11111111112,10000.0,11100.0,10073.75,10756.25,682.5,350.0,0.04087989902035614,0,0,10209.9875,10697.5,2297.378395838092,-2297.378395838092,-0.1803226187213229,-0.1988444536056921
CD--MY,CD,MY,9644.319780377728,10,10494.8,10300.0,10631.625,10628.734967001845,1298.2171364349392,1685367.7333333336,7895.0,12000.0,9921.25,11620.25,1699.0,940.5,0.12370098872155157,0,0,9736.0,11224.102499999999,850.4802196222718,850.4802196222718,0.08818457278372846,0.08451077814850892
CD--NG,CD,NG,1716.2920067157297,10,1737.5,1699.5,1739.25,1727.6601577218808,397.68811062607006,158155.83333333334,1161.0,2300.0,1451.75,2018.5,566.75,323.5,0.22888524352579573,0,0,1518.07,1972.2275,21.207993284270287,21.207993284270287,0.012356867713235804,0.01228114478405688
CD--NL,CD,NL,6357.542309053761,10,6784.7,7085.0,6849.625,6861.0751452178365,762.6244233638935,581596.011111111,5400.0,7650.0,6180.0,7363.0,1183.0,490.0,0.11240355850131818,0,0,6352.2675,7193.88,427.1576909462392,427.1576909462392,0.06718912280582466,0.06502820385387788
CD--NO,CD,NO,7134.842377574261,10,7262.9,7370.0,7216.125,7316.683429185987,776.8752867166719,603535.2111111112,6000.0,8900.0,7132.5,7446.0,313.5,160.0,0.1069648882287615,3,0,6832.435,7688.9275,128.05762242573837,128.05762242573837,0.01794820623203116,0.01778903886939745
CD--NZ,CD,NZ,14541.358911281312,10,14126.5,13625.0,14090.0,14126.500000429109,1979.4051435272725,3918044.722222222,11800.0,16745.0,12475.0,16050.0,3575.0,1825.0,0.1401199974181342,0,0,13001.8125,15271.1625,414.8589112813115,-414.8589112813115,-0.028529583363729533,-0.028944461851892433
CD--PE,CD,PE,10175.188038895794,10,10199.0,9775.0,10103.25,9893.763079175707,818.9881290687647,670741.5555555556,9464.0,11700.0,9609.5,10484.5,875.0,243.0,0.08030082646031618,0,0,9747.475,10722.88,23.811961104205693,23.811961104205693,0.0023401986295665308,0.002337464629325293
CD--PH,CD,PH,11824.345636785823,10,11787.6,11785.5,11934.5,11829.988833329104,735.181640442989,540492.0444444444,9900.0,12500.0,11752.5,12200.0,447.5,102.5,0.06236906922893455,1,0,11303.0025,12164.5,36.74563678582308,-36.74563678582308,-0.0031076253954812113,-0.0031124640904485173
CD--PK,CD,PK,7384.78330799907,10,6593.8,6475.0,6559.25,6559.249999969316,632.7456571693453,400367.0666666667,5677.0,7787.0,6199.5,7012.5,813.0,450.0,0.09596069901564278,0,0,6231.5325,6961.162499999999,790.9833079990694,-790.9833079990694,-0.10710988731954937,-0.11329175978665393
CD--PL,CD,PL,6292.977025299909,10,6712.1,6545.0,6677.625,6684.02600029402,643.1931539851255,413697.43333333335,6000.0,7700.0,6196.25,7217.0,1020.75,540.0,0.0958259194566716,0,0,6338.9625,7095.325,419.1229747000916,419.1229747000916,0.06660170107328768,0.0644776140389788
CD--PT,CD,PT,5390.912322607045,10,5958.3,6010.0,5937.125,5891.4999995998305,881.5312498399842,777097.3444444446,4568.0,7518.0,5435.0,6078.25,643.25,420.0,0.14795012836547072,2,0,5460.875,6485.3625,567.3876773929551,567.3876773929551,0.10524891584928735,0.10007057281379307
CD--RU,CD,RU,6966.165532290185,10,7122.9,7100.0,7113.75,7143.333333307731,622.1058234380671,387015.6555555555,6161.0,8158.0,7015.0,7350.0,335.0,200.0,0.08733884000029021,3,0,6749.9975,7468.1849999999995,156.73446770981445,156.73446770981445,0.022499388936898644,0.02225001131791623
CD--SA,CD,SA,4676.260309873395,10,5149.2,4925.0,5050.875,5041.518198190793,879.0494613817561,772727.9555555556,4200.0,6885.0,4415.0,5615.5,1200.5,628.0,0.17071573475137033,0,0,4674.17,5685.8525,472.93969012660455,472.93969012660455,0.10113630524974108,0.09634265139454179
CD--SE,CD,SE,7064.796550280582,10,7497.6,7505.5,7497.0,7496.881428562263,555.006346310062,308032.0444444445,6600.0,8400.0,7075.0,7825.0,750.0,450.0,0.07402453402556311,0,0,7181.0725,7821.787499999999,432.8034497194185,432.8034497194185,0.061261983503577255,0.05945875045582958
CD--SG,CD,SG,9867.490584125751,10,10406.9,10425.0,10393.625,10406.192221983738,1095.6340072203755,1200413.8777777776,8950.0,11970.0,9512.5,11387.25,1874.75,1050.0,0.10527957482250963,0,0,9759.8725,11053.9525,539.4094158742482,539.4094158742482,0.054665308395836616,0.05322347336905689
CD--SN,CD,SN,4185.9629702863585,10,4079.6,3995.0,4068.25,4021.086666693739,219.10028145425406,48004.93333333334,3830.0,4420.0,3910.0,4287.5,377.5,100.0,0.05370631470101335,0,0,3955.5499999999997,4221.429999999999,106.36297028635863,-106.36297028635863,-0.02540943888929873,-0.02573783350501759
CD--TH,CD,TH,9613.840894279354,10,9540.0,9540.0,9512.5,9551.666666715604,730.4450698033357,533550.0,8400.0,10900.0,9230.0,9830.0,600.0,337.5,0.07656656916177523,1,0,9091.9375,9956.575,73.84089427935396,-73.84089427935396,-0.0076806861161278885,-0.0077103344965737414
CD--TR,CD,TR,5219.37025970274,10,5645.7,5700.0,5631.5,5631.500000150396,516.5292397875995,266802.45555555547,5000.0,6405.0,5194.5,6043.5,849.0,411.5,0.0914907345037107,0,0,5360.8475,5950.605,426.3297402972594,426.3297402972594,0.08168221817655454,0.07851743874350069
CD--TZ,CD,TZ,2274.6043678822007,10,2437.2,2388.0,2431.5,2426.9940866381926,407.8675711006644,166355.95555555553,1777.0,3143.0,2179.5,2711.5,532.0,261.0,0.1673508826114658,0,0,2196.9375,2668.63,162.59563211779914,162.59563211779914,0.07148303872694392,0.069043706339986
CD--UA,CD,UA,6240.732681787017,10,5742.7,5832.5,5757.125,5764.1512142907595,788.8723386370363,622319.5666666668,4310.0,7060.0,5257.5,6195.5,938.0,477.5,0.13736958898027693,0,0,5254.077499999999,6174.9625,498.0326817870173,-498.0326817870173,-0.07980355948276364,-0.08316810943034933
CD--US,CD,US,10513.299742462244,10,9336.5,9268.5,9322.25,9292.664999997569,255.9506245786914,65510.72222222222,9000.0,9787.0,9193.25,9462.5,269.25,125.0,0.02741398003306286,0,0,9201.8775,9486.1,1176.7997424622445,-1176.7997424622445,-0.11193438513973489,-0.11870964811133683
CD--VN,CD,VN,10243.1517893653,10,10029.2,9635.0,10061.125,9738.460266660213,1171.8395605011617,1373207.9555555559,7919.0,11884.0,9570.0,10920.0,1350.0,208.0,0.11684277514668784,0,0,9340.305,10711.949999999999,213.9517893652992,-213.9517893652992,-0.020887300487671127,-0.021108526108405534
CD--ZA,CD,ZA,2738.097820784533,10,2950.6,3058.5,2948.5,3040.1310598966693,422.4521537668168,178465.82222222225,2252.0,3666.0,2767.5,3127.0,359.5,109.5,0.14317499958205682,0,0,2713.3125,3192.7599999999998,212.5021792154671,212.5021792154671,0.0776094183350177,0.07474508617884587
CL--CN,CL,CN,19057.093797293513,10,17850.1,17800.0,17812.625,17812.625000006636,275.9840776405608,76167.2111111111,17500.0,18500.0,17711.0,17960.25,249.25,143.5,0.015461206247615466,1,0,17707.594999999998,18005.4,1206.993797293515,-1206.993797293515,-0.06333566965309957,-0.06543029961713141
CL--CO,CL,CO,4226.284712338569,10,3123.5,3172.0,3082.5,3091.8111110424675,547.4500991972794,299701.61111111107,2425.0,4150.0,2642.5,3394.0,751.5,500.0,0.17526816046015029,0,0,2811.485,3424.4025,1102.784712338569,-1102.784712338569,-0.26093478963189753,-0.3023691205628314
CL--DE,CL,DE,12506.572379251478,10,10463.0,9725.0,10416.25,9894.629000177798,1110.165653304847,1232467.7777777778,9400.0,11900.0,9625.0,11650.0,2025.0,275.0,0.10610395233726913,0,0,9840.0,11115.025,2043.5723792514782,-2043.5723792514782,-0.16339987626360233,-0.17840907207015597
CL--DZ,CL,DZ,10901.817648733382,10,9294.3,9495.0,9242.875,9378.426800986832,1023.4974949760366,1047547.122222222,7800.0,11200.0,8719.75,9695.0,975.25,410.0,0.11012098759196891,1,0,8738.199999999999,9877.817500000001,1607.5176487333829,-1607.5176487333829,-0.1474540944023358,-0.15952822306582418
CL--EG,CL,EG,12800.08972667518,10,10232.0,9900.0,10202.5,9941.5933334463,935.7682524120073,875662.2222222222,9000.0,11700.0,9650.0,10935.0,1285.0,300.0,0.09145506767122824,0,0,9706.0,10822.0,2568.08972667518,-2568.08972667518,-0.2006306034967335,-0.22393211652095907
CL--ES,CL,ES,10681.935581817292,10,9213.2,9215.0,9222.125,9212.83333336239,467.86888001756313,218901.28888888887,8225.0,10130.0,9119.25,9292.5,173.25,100.0,0.05078245126748177,2,0,8934.455,9483.75,1468.735581817291,-1468.735581817291,-0.13749713903137192,-0.14791681301704768
CL--ET,CL,ET,12358.215563097187,10,11176.3,11650.0,11295.375,11320.768143402156,1260.726955195119,1589432.4555555556,8700.0,12700.0,10397.5,11994.75,1597.25,855.0,0.1128036072040943,0,0,10348.8875,11881.867499999998,1181.9155630971873,-1181.9155630971873,-0.09563804394434583,-0.1005256048593208
CL--FI,CL,FI,13464.23646254886,10,9985.7,9880.0,10019.625,10037.169779972024,1239.7698755996794,1537029.3444444444,7800.0,11900.0,9747.75,10750.0,1002.25,626.5,0.12415452853577409,1,0,9319.825,10694.2175,3478.53646254886,-3478.53646254886,-0.2583537857660554,-0.2988829497439222
CL--FJ,CL,FJ,10733.957780178063,10,11302.8,10900.0,11099.625,11100.456400054682,1083.801929423556,1174626.6222222226,10338.0,13893.0,10618.5,11748.25,1129.75,556.0,0.0958879153327986,1,0,10751.17,11973.97,568.8422198219359,568.8422198219359,0.052994639206835,0.05163814216721275
CL--FR,CL,FR,11627.359613785839,10,10740.3,11100.0,10871.25,11088.820000033902,823.2717993199789,677776.4555555555,9173.0,11260.0,11000.0,11192.5,192.5,100.0,0.07665258878429643,2,0,10178.852499999999,11153.0,887.0596137858392,-887.0596137858392,-0.07629071803491033,-0.07935788675473832
CL--GB,CL,GB,11650.639354956376,10,9873.0,9415.0,9941.25,9935.742332988233,1117.219266253894,1248178.8888888892,8100.0,11100.0,9125.0,11100.0,1975.0,815.0,0.11315904651614443,0,0,9230.0,10570.0,1777.6393549563763,-1777.6393549563763,-0.15257869553743753,-0.16555730013029718
CL--GH,CL,GH,8563.209240922586,10,10581.0,10650.0,10570.25,10570.250000026326,651.5322111931399,424494.22222222225,9698.0,11550.0,10100.0,11025.0,925.0,550.0,0.061575674434660235,0,0,10218.032500000001,10968.085000000001,2017.790759077414,2017.790759077414,0.23563487733484606,0.21158490870733107
CL--GR,CL,GR,12547.17636965568,10,10368.4,9842.5,10320.5,10074.651438033557,1008.1533393068513,1016373.1555555552,9357.0,11763.0,9550.0,11349.75,1799.75,474.0,0.09723326060981939,0,0,9782.815,10972.5825,2178.7763696556813,-2178.7763696556813,-0.17364674771966015,-0.1907329306853244
CL--IN,CL,IN,16925.380558989717,10,15888.1,15852.0,16001.375,16104.48073966289,1464.0859454128897,2143547.655555555,13170.0,17700.0,15676.75,16925.0,1248.25,998.0,0.09214984456372315,2,0,15000.05,16749.877500000002,1037.2805589897162,-1037.2805589897162,-0.06128550878808907,-0.06324390222568516
CL--IT,CL,IT,11893.206088021416,10,10218.5,9650.0,10152.5,9822.047898543467,1052.3097611128262,1107355.8333333333,9225.0,11740.0,9362.5,11325.0,1962.5,402.5,0.10298084465555866,0,0,9663.8,10853.15,1674.7060880214158,-1674.7060880214158,-0.14081199599392666,-0.15176751714288877
CL--JP,CL,JP,17234.770240707647,10,17471.4,17457.0,17451.75,17451.75000023137,131.4941485812624,17290.711111111115,17300.0,17800.0,17400.0,17500.0,100.0,50.0,0.007526251392633813,1,0,17406.4,17566.4,236.62975929235472,236.62975929235472,0.013729789024599082,0.013636389404945437
CL--KE,CL,KE,11550.217666588273,10,11157.6,11750.0,11276.625,11621.921549835042,977.926400320824,956340.0444444445,9400.0,11963.0,10778.25,11800.0,1021.75,206.5,0.08764666239342009,0,0,10583.7725,11649.057499999999,392.6176665882722,-392.6176665882722,-0.0339922309623663,-0.03458340231993713
CL--KR,CL,KR,18360.580038729033,10,15435.5,17250.0,15635.625,16127.047392782908,3447.213407634894,11883280.277777778,9400.0,19870.0,12325.0,17696.25,5371.25,1585.0,0.2233302068371542,0,0,13336.7875,17389.6125,2925.080038729033,-2925.080038729033,-0.1593130517967838,-0.17353592587728278
CL--MA,CL,MA,10010.797136549785,10,9048.4,9100.0,9026.75,9042.029999992083,532.9113330460226,283994.48888888885,8300.0,9970.0,8573.0,9380.0,807.0,350.0,0.05889564266014131,0,0,8763.925,9361.05,962.3971365497855,-962.3971365497855,-0.09613591439547191,-0.10107627767592302
CL--MX,CL,MX,6588.132055113714,10,4163.7,4185.5,4188.375,4190.563457143078,182.70197347349895,33380.01111111112,3730.0,4400.0,4115.0,4264.5,149.5,83.0,0.04387971599142564,1,0,4041.6,4253.8175,2424.4320551137143,-2424.4320551137143,-0.3679999178571213,-0.4588657548623787
CL--MY,CL,MY,16560.585837942457,9,18086.666666666668,17767.0,18086.666666666668,18086.66666688527,1530.4678206352462,2342331.75,15900.0,19900.0,17000.0,19350.0,2350.0,1513.0,0.08461856730382857,0,1,17160.66388888889,18949.158333333336,1526.0808287242107,1526.0808287242107,0.09215137940517545,0.08814949354395615
CL--NG,CL,NG,9486.770070583298,10,10591.3,10098.5,10489.125,10268.85869995213,1108.521843617787,1228820.6777777774,9500.0,12500.0,9733.25,11600.25,1867.0,498.5,0.10466343542509296,0,0,9947.022500000001,11318.855000000001,1104.5299294167016,1104.5299294167016,0.11642844942997435,0.1101347055423459
CL--NL,CL,NL,11991.522122394139,10,10127.1,9775.0,10048.25,9809.818333414867,771.9093858737565,595844.0999999999,9385.0,11500.0,9625.0,10460.0,835.0,175.0,0.07622215499735921,0,0,9707.8625,10608.965,1864.4221223941386,-1864.4221223941386,-0.15547835407085933,-0.16898491141191996
CL--NO,CL,NO,12709.777899866678,10,9811.0,9775.0,9785.625,9722.500000000933,980.3310098578382,961048.888888889,8425.0,11400.0,9383.75,9975.0,591.25,352.5,0.09992161959615108,3,0,9256.4375,10412.5125,2898.777899866678,-2898.777899866678,-0.22807463062726577,-0.2588674054273566
CL--NZ,CL,NZ,9368.814614614528,10,10676.9,10700.0,10597.125,10675.522000020655,539.0601801077295,290585.8777777777,10064.0,11928.0,10300.0,10800.0,500.0,150.0,0.05048845452404064,1,0,10389.4675,11024.8,1308.0853853854715,1308.0853853854715,0.1396212262909945,0.1306959495571266
CL--PE,CL,PE,2457.690639615083,10,2519.0,2478.0,2509.625,2479.5224333335814,76.51143705355429,5854.0,2460.0,2653.0,2471.25,2570.0,98.75,10.5,0.030373734439680146,0,0,2475.2975,2570.1025,61.309360384917,61.309360384917,0.02494592256514396,0.024639852725564116
CL--PH,CL,PH,17614.831522245775,10,17559.5,17650.0,17555.625,17565.7578333259,277.0123342620926,76735.83333333333,17200.0,17950.0,17286.25,17775.0,488.75,202.5,0.015775639070707743,0,0,17393.9,17719.5125,55.33152224577498,-55.33152224577498,-0.003141189410520151,-0.003146133301823807
CL--PK,CL,PK,16686.183395308064,10,16255.5,17110.0,16652.5,16961.04783337753,1845.23230997557,3404882.277777778,11560.0,17775.0,16021.25,17164.0,1142.75,252.5,0.11351433729971824,1,0,15055.439999999999,17118.71,430.68339530806406,-430.68339530806406,-0.025810779200063604,-0.026149722339419833
CL--PL,CL,PL,12969.852106776598,10,9979.5,9600.0,9836.875,9634.079257057001,910.7272124821765,829424.0555555554,9300.0,11800.0,9453.0,9827.5,374.5,198.0,0.09125980384610216,2,0,9524.085000000001,10584.1225,2990.352106776598,-2990.352106776598,-0.2305617737317277,-0.2620946066796666
CL--PT,CL,PT,10205.486707859607,10,9042.5,9190.0,9065.625,9146.015000000216,436.6491726775627,190662.49999999997,8300.0,9600.0,8862.5,9291.25,428.75,175.0,0.04828854549931576,0,0,8783.825,9285.1625,1162.9867078596071,-1162.9867078596071,-0.1139570057902236,-0.12098980335827798
CL--RU,CL,RU,14117.451542029348,10,10468.2,9768.5,10460.25,10338.804499784705,1743.4283466778897,3039542.4,8100.0,12900.0,9312.5,12211.25,2898.75,1197.5,0.1665451889224403,0,0,9527.275,11556.707499999999,3649.2515420293475,-3649.2515420293475,-0.25849223078011546,-0.29906963975184686
CL--SA,CL,SA,13945.02643694258,10,10029.0,9900.0,10086.25,10155.388251094331,1402.3666504242826,1966632.222222222,7900.0,11700.0,9625.0,11322.5,1697.5,1095.0,0.13983115469381618,0,0,9179.85,10863.5,3916.0264369425804,-3916.0264369425804,-0.2808188607350652,-0.3296420207724144
CL--SE,CL,SE,13069.967683612713,10,10472.5,10150.0,10359.375,10317.063333535261,1190.0309286363574,1416173.6111111112,8950.0,12900.0,9681.25,11250.0,1568.75,650.0,0.11363389149070016,0,0,9842.0,11185.25,2597.467683612713,-2597.467683612713,-0.1987355857711454,-0.22156428123187188
CL--SG,CL,SG,16399.740324894206,10,17720.2,17723.5,17615.875,17638.87733332269,615.8601572868091,379283.7333333333,17000.0,19275.0,17395.0,17790.0,395.0,180.0,0.03475469561781521,1,0,17416.6325,18131.25,1320.4596751057943,1320.4596751057943,0.08051710874356863,0.07743973093807452
CL--SN,CL,SN,7761.929265291671,10,8255.7,8222.5,8232.125,8233.144444385962,587.5016879408377,345158.2333333334,7500.0,9200.0,7737.5,8700.0,962.5,500.0,0.07116315853783903,0,0,7890.955,8608.555,493.77073470832966,493.77073470832966,0.06361443370996439,0.06167295091326788
CL--TH,CL,TH,17650.722889818095,10,18008.8,17900.0,17945.0,17901.66666666674,482.14170346716764,232460.6222222222,17472.0,19056.0,17750.0,18062.5,312.5,190.0,0.026772561384832284,2,0,17771.370000000003,18314.01,358.0771101819046,358.0771101819046,0.020286824081775318,0.020083787847019283
CL--TR,CL,TR,13360.362129212648,10,10776.4,10750.0,10776.75,10776.400000001,1009.2508993197765,1018587.3777777777,9600.0,11950.0,9885.0,11696.0,1811.0,917.0,0.09365380825876699,0,0,10211.39,11355.28,2583.9621292126485,-2583.9621292126485,-0.19340509667494518,-0.21493371527712107
CL--TZ,CL,TZ,11140.599699425393,9,11503.666666666666,11600.0,11503.666666666666,11503.666666637637,548.5485393290187,300905.49999999994,10670.0,12200.0,11000.0,11750.0,750.0,570.0,0.0476846691775682,0,1,11165.819444444443,11847.702777777778,363.06696724127323,363.06696724127323,0.03258953530661365,0.03206975909733292
CL--UA,CL,UA,13538.164347903667,10,10231.7,9930.0,10195.875,10222.001222468192,1249.7518020257728,1561879.5666666664,8600.0,12150.0,9326.25,11350.0,2023.75,1235.0,0.12214507872843933,0,0,9525.125,10972.029999999999,3306.464347903666,-3306.464347903666,-0.24423284153849553,-0.28002194169474887
CL--US,CL,US,8036.760399006705,10,8313.3,8377.5,8381.875,8377.5,369.06911427415747,136212.01111111112,7350.0,8728.0,8297.5,8475.0,177.5,105.0,0.044395019339390794,1,0,8068.49,8487.404999999999,276.5396009932947,276.5396009932947,0.034409337502144935,0.03383057540899925
CL--VN,CL,VN,18587.669739443674,10,18325.1,18150.0,18345.125,18290.309999978403,897.4198138119206,805362.3222222222,16890.0,19600.0,17693.25,19075.0,1381.75,550.0,0.04897216461639613,0,0,17756.2225,18837.05,262.56973944367564,-262.56973944367564,-0.014126017038407651,-0.014226738874411646
CL--ZA,CL,ZA,9240.225022987668,10,10822.4,10938.0,10965.5,10965.50000216223,1128.2799298046564,1273015.6000000003,8300.0,12200.0,10380.75,11689.5,1308.75,688.0,0.10425413307627296,1,0,10095.0125,11405.349999999999,1582.1749770123315,1582.1749770123315,0.17122688820631798,0.15805182178781585
CN--CO,CN,CO,14959.442903499128,10,12810.0,12750.0,12637.5,12649.1464285457,877.749647931826,770444.4444444444,12000.0,15000.0,12187.5,12937.5,750.0,375.0,0.06852065947945558,1,0,12374.625,13370.25,2149.442903499128,-2149.442903499128,-0.14368468915352167,-0.15511661687338305
CN--DE,CN,DE,7374.095211881501,10,6520.0,6450.0,6462.5,6450.0,264.78502810980666,70111.11111111111,6300.0,7200.0,6400.0,6500.0,100.0,50.0,0.04061120063033845,2,0,6400.0,6695.0,854.0952118815012,-854.0952118815012,-0.11582372987337368,-0.12309883562641886
CN--DZ,CN,DZ,9128.627104002482,10,6943.3,6750.0,6920.0,6908.682926842877,648.6935674449411,420803.34444444434,6173.0,7900.0,6425.0,7573.75,1148.75,497.5,0.09342727052625424,0,0,6599.757500000001,7324.4675,2185.327104002482,-2185.327104002482,-0.239392745382744,-0.27363814551445836
CN--EG,CN,EG,7555.922022804329,10,6055.3,6075.0,6047.5,6047.499999993291,398.90796766505764,159127.56666666668,5500.0,6673.0,5720.0,6377.5,657.5,345.0,0.06587749040758635,0,0,5821.925,6283.9,1500.6220228043285,-1500.6220228043285,-0.1986021055107955,-0.22139770807427978
CN--ES,CN,ES,9241.695750140318,10,6233.0,6000.0,6197.5,6117.115333333333,497.10383444731366,247112.22222222222,5600.0,7150.0,5925.0,6525.0,600.0,210.0,0.07975354314893529,0,0,5947.95,6543.05,3008.6957501403176,-3008.6957501403176,-0.32555667612133155,-0.39386763373109945
CN--ET,CN,ET,8323.256614917631,10,6784.9,6725.0,6751.5,6714.396299213446,420.55821370068514,176869.21111111116,6237.0,7600.0,6480.0,6885.25,405.25,228.5,0.061984438046350745,1,0,6550.0625,7044.7074999999995,1538.3566149176313,-1538.3566149176313,-0.1848262868839657,-0.20435404352577777
CN--FI,CN,FI,6335.706896287733,10,5765.0,5750.0,5743.75,5741.666666688186,341.60568561492715,116694.44444444445,5200.0,6500.0,5612.5,5875.0,262.5,150.0,0.05925510591759361,2,0,5580.0,5975.125,570.7068962877329,-570.7068962877329,-0.0900778564459991,-0.09439623966547528
CN--FJ,CN,FJ,9087.647388686939,10,11566.0,11380.0,11451.25,11492.81533288738,1353.0640126107198,1830782.2222222222,10150.0,13900.0,10350.0,12712.5,2362.5,1130.0,0.11698634036060175,0,0,10774.9,12355.65,2478.352611313061,2478.352611313061,0.27271663449423894,0.24115369817028523
CN--FR,CN,FR,8235.539912036413,10,6772.0,6600.0,6725.0,6615.5066665647955,589.4969606933242,347506.6666666667,6070.0,7850.0,6400.0,6887.5,487.5,200.0,0.08704916726127056,2,0,6451.975,7140.125,1463.5399120364127,-1463.5399120364127,-0.17771025672493174,-0.195662460298367
CN--GB,CN,GB,8159.495498560135,10,7010.0,6575.0,6962.5,6623.549999949998,666.1664790259097,443777.77777777775,6450.0,7950.0,6462.5,7675.0,1212.5,125.0,0.09503088145876029,0,0,6620.0,7415.0,1149.4954985601353,-1149.4954985601353,-0.14087825635334697,-0.15184463986135513
CN--GH,CN,GH,11825.126110302292,10,8751.7,8689.5,8777.125,8743.596185703329,534.0871859745581,285249.1222222222,7800.0,9500.0,8477.5,9090.25,612.75,320.5,0.061026678928043476,0,0,8450.48,9072.11,3073.426110302291,-3073.426110302291,-0.2599064129747132,-0.3009786318273552
CN--GR,CN,GR,7631.506142204527,10,6505.0,6450.0,6468.75,6482.515714285658,349.9603152104853,122472.22222222223,6000.0,7300.0,6400.0,6600.0,200.0,150.0,0.053798664905531944,2,0,6310.0,6710.0,1126.5061422045274,-1126.5061422045274,-0.14761255789006172,-0.15971411125716636
CN--IN,CN,IN,3786.344323933427,10,3648.0,3650.0,3653.75,3652.4999999993265,89.51101732313303,8012.222222222222,3450.0,3800.0,3623.75,3680.0,56.25,30.0,0.024537011327613222,2,0,3592.9625,3700.5125,138.34432393342695,-138.34432393342695,-0.036537702886384235,-0.0372219230676045
CN--IT,CN,IT,8143.606625822012,10,6633.5,6637.5,6635.625,6634.371071298301,68.23366715436987,4655.833333333333,6500.0,6750.0,6600.0,6665.0,65.0,37.5,0.010286224037743253,1,0,6592.5,6672.0,1510.1066258220117,-1510.1066258220117,-0.18543462315992973,-0.20510058793643432
CN--JP,CN,JP,2104.0237532057217,10,2098.5,2100.0,2100.0,2099.8888888888887,4.743416490252569,22.5,2085.0,2100.0,2100.0,2100.0,0.0,0.0,0.0022603843174899066,1,0,2095.5,2100.0,5.523753205721732,-5.523753205721732,-0.002625328348744001,-0.002628780566674122
CN--KE,CN,KE,9214.097058911791,10,6996.4,6542.0,6884.875,6588.76416661382,887.1663003318174,787064.0444444445,6185.0,8700.0,6482.5,7278.75,796.25,112.5,0.12680325600763498,1,0,6492.365,7542.575,2217.697058911792,-2217.697058911792,-0.24068522881109172,-0.2753388692594155
CN--KR,CN,KR,958.3389564502992,10,1137.0,1130.0,1133.75,1136.7994444499022,75.28464503321894,5667.7777777777765,1050.0,1250.0,1062.5,1200.0,137.5,75.0,0.06621340812068507,0,0,1095.0,1182.0,178.66104354970082,178.66104354970082,0.18642782112444203,0.1709469616040971
CN--MA,CN,MA,9959.705404692048,10,8266.5,7995.0,8195.625,8178.660999950395,633.5966557852261,401444.72222222225,7500.0,9600.0,7931.25,8550.0,618.75,395.0,0.07664630203656034,1,0,7918.9,8642.5375,1693.2054046920475,-1693.2054046920475,-0.17000557103771094,-0.1863362903076473
CN--MX,CN,MX,12474.484204037479,10,11440.0,11504.5,11444.0,11447.034999986272,291.6340934192099,85050.44444444444,11070.0,11778.0,11137.5,11698.25,560.75,225.0,0.025492490683497366,0,0,11265.5,11618.1,1034.4842040374788,-1034.4842040374788,-0.08292801426632604,-0.0865693084614046
CN--MY,CN,MY,4332.637278888493,10,3796.8,3750.0,3752.25,3750.319857140246,160.91460813459764,25893.51111111112,3700.0,4250.0,3740.0,3765.0,25.0,15.0,0.04238163931062938,2,0,3735.8,3902.6499999999996,535.8372788884926,-535.8372788884926,-0.12367462226746982,-0.132017821243205
CN--NG,CN,NG,10936.133047329091,10,8643.4,8661.5,8551.125,8642.844500006993,651.7339607198289,424757.15555555554,7825.0,10200.0,8450.0,8728.0,278.0,102.5,0.07540249909987146,3,0,8292.859999999999,9122.112500000001,2292.7330473290913,-2292.7330473290913,-0.20964750862180126,-0.23527624141697637
CN--NL,CN,NL,7840.400371133997,10,6275.0,6225.0,6262.5,6266.666666662535,226.38462845343543,51250.00000000001,5950.0,6700.0,6200.0,6412.5,212.5,150.0,0.03607723162604549,0,0,6149.875,6415.0,1565.4003711339974,-1565.4003711339974,-0.19965821859012864,-0.22271641578723927
CN--NO,CN,NO,7040.101298011618,10,5422.3,5500.0,5443.75,5443.749999962852,283.8732307053821,80584.0111111111,4873.0,5800.0,5212.5,5600.0,387.5,225.0,0.05235291863330729,0,0,5256.9,5580.0,1617.8012980116182,-1617.8012980116182,-0.22979801419456058,-0.2611024793062371
CN--NZ,CN,NZ,10759.510305075924,10,10310.0,10350.0,10325.0,10324.378571409163,384.27420765212264,147666.66666666666,9600.0,10900.0,10050.0,10500.0,450.0,250.0,0.03727198910301868,0,0,10090.0,10520.0,449.5103050759244,-449.5103050759244,-0.0417779520006466,-0.042675744988451184
CN--PE,CN,PE,16647.408363779676,10,19752.4,19725.0,19765.75,19763.13625000291,200.51666597401157,40206.93333333333,19400.0,19998.0,19685.0,19900.0,215.0,175.0,0.010151508979871385,0,0,19636.0,19866.205,3104.9916362203257,3104.9916362203257,0.1865150159334086,0.1710204524675465
CN--PH,CN,PH,2841.990869314639,10,2460.6,2461.5,2470.75,2466.246333334408,64.59652553435913,4172.711111111111,2300.0,2540.0,2450.0,2491.25,41.25,15.0,0.026252347205705573,1,0,2419.985,2493.6025,381.3908693146391,-381.3908693146391,-0.13419848509457508,-0.14409959425827215
CN--PK,CN,PK,3879.3914083676773,10,3706.8,3690.0,3736.625,3722.1666667799896,364.40386630465076,132790.17777777778,2920.0,4255.0,3601.25,3858.5,257.25,159.0,0.0983068593678242,2,0,3485.06,3906.0075,172.5914083676771,-172.5914083676771,-0.04448930004727159,-0.045509317088498646
CN--PL,CN,PL,6956.214835268704,10,6525.0,6450.0,6475.0,6458.333333316406,263.78652985574024,69583.33333333334,6250.0,7200.0,6412.5,6500.0,87.5,50.0,0.04042705438402149,3,0,6400.0,6705.0,431.2148352687036,-431.2148352687036,-0.06198986740351971,-0.06399452769259387
CN--PT,CN,PT,9687.15424475197,10,8300.0,8375.0,8331.25,8331.250000000566,431.4059701848262,186111.11111111112,7500.0,8850.0,7975.0,8575.0,600.0,325.0,0.05197662291383448,0,0,8044.875,8555.0,1387.1542447519696,-1387.1542447519696,-0.14319522634869394,-0.1545451883756663
CN--RU,CN,RU,5806.057705333434,10,5826.0,5800.0,5795.0,5799.857142857143,115.39304812490029,13315.555555555555,5750.0,6150.0,5800.0,5800.0,0.0,0.0,0.019806565074648178,3,0,5781.0,5901.0,19.94229466656634,19.94229466656634,0.003434739315154823,0.0034288540704107283
CN--SA,CN,SA,6606.426919492859,10,5603.5,5650.0,5591.875,5595.833333265407,726.9496773046491,528455.8333333334,4200.0,7100.0,5331.25,5775.0,443.75,255.0,0.1297313602756579,2,0,5198.4375,6045.0,1002.9269194928593,-1002.9269194928593,-0.15181079450582172,-0.16465154839119836
CN--SE,CN,SE,6720.436278900068,10,5750.0,5700.0,5743.75,5737.31357143625,235.70226039551585,55555.55555555556,5300.0,6250.0,5700.0,5800.0,100.0,75.0,0.04099169746008971,2,0,5610.0,5895.0,970.4362789000679,-970.4362789000679,-0.14440078569704093,-0.15595322007379497
CN--SG,CN,SG,4463.068886903711,10,3732.2,3725.0,3731.5,3732.19999999883,52.414586604197204,2747.288888888889,3670.0,3800.0,3690.25,3776.25,86.0,47.5,0.014043884733989927,0,0,3701.7,3761.005,730.8688869037114,-730.8688869037114,-0.1637592664205453,-0.17883874852252205
CN--SN,CN,SN,12308.087610438688,10,9525.0,9700.0,9631.25,9682.515714277193,694.9220579796462,482916.66666666674,7800.0,10400.0,9525.0,9800.0,275.0,150.0,0.07295769637581587,3,0,9085.0,9865.0,2783.087610438688,-2783.087610438688,-0.22611860579204088,-0.25633665459188587
CN--TH,CN,TH,3289.9112641123884,10,3747.3,3772.0,3759.125,3770.500000000253,67.11855183181473,4504.900000000001,3600.0,3800.0,3755.0,3779.75,24.75,15.0,0.01791117653558955,2,0,3702.78,3780.6,457.3887358876118,457.3887358876118,0.1390276816511689,0.13017498763870114
CN--TR,CN,TR,6847.206348764228,10,4423.1,4363.0,4365.75,4365.7499999998545,580.7050216953719,337218.32222222234,3680.0,5625.0,3972.5,4735.0,762.5,405.0,0.1312891460051484,0,0,4105.16,4780.185,2424.1063487642277,-2424.1063487642277,-0.35402852277144037,-0.43699992907126955
CN--TZ,CN,TZ,9656.25374403827,10,8964.8,9135.0,9042.625,9037.22616748285,507.8045993402493,257865.51111111112,7820.0,9487.0,8748.25,9267.5,519.25,332.5,0.05664427531459144,1,0,8660.015000000001,9220.445,691.4537440382701,-691.4537440382701,-0.07160683245975911,-0.07429996400117926
CN--UA,CN,UA,6466.108332658287,10,6508.0,6450.0,6497.5,6504.9999999817355,408.0795129492399,166528.88888888888,5900.0,7200.0,6385.0,6687.5,302.5,225.0,0.06270428902108788,2,0,6274.95,6753.299999999999,41.8916673417134,41.8916673417134,0.006478652256741774,0.0064577559937319595
CN--US,CN,US,11169.116898963428,10,10936.5,11022.5,10945.625,10960.787929184868,273.27285916379543,74678.05555555558,10600.0,11200.0,10662.5,11192.5,530.0,177.5,0.024987231670442592,0,0,10781.4625,11098.0625,232.61689896342796,-232.61689896342796,-0.020826794192208377,-0.021046730948344677
CN--VN,CN,VN,2322.1755294999916,10,1691.0,1692.5,1692.5,1692.5,56.803755744375444,3226.666666666666,1600.0,1770.0,1646.25,1737.5,91.25,50.0,0.03359181297715875,0,0,1659.9875,1724.0,631.1755294999916,-631.1755294999916,-0.27180354003467416,-0.3171844046020767
CN--ZA,CN,ZA,11648.376355581766,10,12540.6,12615.0,12644.5,12625.999999995327,458.99799079686125,210679.1555555555,11300.0,12950.0,12562.5,12689.0,126.5,73.0,0.03660095934778729,3,0,12250.56,12742.6,892.2236444182345,892.2236444182345,0.07659639568485366,0.07380457927069074
CO--DE,CO,DE,9434.723265292183,10,9513.0,9525.0,9516.25,9515.416000002077,177.5794032100695,31534.44444444444,9200.0,9800.0,9387.5,9600.0,212.5,120.0,0.018667024409762378,0,0,9409.975,9616.075,78.27673470781701,78.27673470781701,0.008296664619276766,0.00826243648661528
CO--DZ,CO,DZ,8561.364835153712,10,9050.7,9185.0,9107.125,9184.261430066606,744.9656293339236,554973.7888888889,7750.0,9900.0,8825.0,9634.25,809.25,450.0,0.08231027758448778,0,0,8606.5575,9468.725,489.33516484628854,489.33516484628854,0.05715620981797617,0.05558248198393781
CO--EG,CO,EG,11223.931381246066,10,9117.3,9211.5,9159.125,9156.796677778031,399.21758199981343,159374.67777777778,8300.0,9600.0,8900.0,9337.5,437.5,311.5,0.04378682087896784,0,0,8869.5275,9337.2975,2106.6313812460667,-2106.6313812460667,-0.18769104244222412,-0.20787452158509967
CO--ES,CO,ES,8024.515430689445,10,7787.0,7800.0,7783.75,7783.749999998659,57.55190893638735,3312.222222222222,7700.0,7900.0,7750.0,7800.0,50.0,45.0,0.007390767809989386,1,0,7755.0,7822.0,237.51543068944466,-237.51543068944466,-0.029598725647791292,-0.030045608129530877
CO--ET,CO,ET,12426.953409430811,10,9150.9,9239.5,9226.125,9226.124999956633,641.4257469800295,411426.98888888885,7800.0,9900.0,8841.25,9656.25,815.0,437.5,0.07009428001399093,0,0,8776.96,9515.035,3276.0534094308114,-3276.0534094308114,-0.2636248243229604,-0.3060155405702383
CO--FI,CO,FI,10062.532890466686,10,8955.0,9000.0,9018.75,8997.654999955132,466.9344469813485,218027.77777777778,7900.0,9500.0,8762.5,9200.0,437.5,225.0,0.05214231680417069,1,0,8675.0,9210.0,1107.5328904666858,-1107.5328904666858,-0.11006502065856304,-0.11660687584447203
CO--FJ,CO,FJ,12022.37001080766,10,16815.4,16874.0,16913.0,16912.99999978255,1366.964130229222,1868590.9333333336,14000.0,18850.0,16058.75,17770.25,1711.5,913.5,0.08129239448536592,0,0,15954.7375,17540.3375,4793.029989192342,4793.029989192342,0.39867596695856045,0.33552605124223267
CO--FR,CO,FR,8632.37794115417,10,9270.0,9375.0,9306.25,9340.348000019287,244.04006956964167,59555.55555555555,8750.0,9500.0,9150.0,9400.0,250.0,100.0,0.0263257895975881,1,0,9125.0,9395.0,637.6220588458309,637.6220588458309,0.07386401095879026,0.07126336885077941
CO--GB,CO,GB,8501.996904262256,10,8421.9,8455.0,8407.5,8454.427666662637,184.70544117594372,34116.100000000006,8179.0,8780.0,8262.5,8500.0,237.5,45.0,0.021931564275988046,0,0,8306.775,8533.025,80.09690426225643,-80.09690426225643,-0.009420951943901782,-0.009465609812735951
CO--GH,CO,GH,8186.029470285618,10,9232.4,8922.0,9215.5,9005.565319948235,493.22503315761793,243270.93333333332,8750.0,9850.0,8847.5,9775.0,927.5,147.0,0.05342327381370152,0,0,8951.765,9528.02,1046.3705297143815,1046.3705297143815,0.12782393876208129,0.12029005823597207
CO--GR,CO,GR,10382.81703126424,10,9497.0,9500.0,9516.25,9521.666666666666,266.96025505265345,71267.77777777778,8990.0,9850.0,9372.5,9675.0,302.5,185.0,0.028109956307534323,0,0,9341.975,9649.025,885.8170312642396,-885.8170312642396,-0.08531567382887612,-0.08917627195244855
CO--IN,CO,IN,15225.968636419148,10,10200.2,9845.0,9819.0,9836.210333328941,1298.4426398146702,1685953.2888888894,9570.0,13880.0,9708.5,9900.0,191.5,65.0,0.12729580202492796,1,0,9737.59,11052.449999999999,5025.768636419147,-5025.768636419147,-0.3300787461493885,-0.4005951050707525
CO--IT,CO,IT,9387.891649710753,10,9426.0,9450.0,9435.0,9436.332428571352,140.0952057233461,19626.666666666668,9180.0,9600.0,9325.0,9537.5,212.5,105.0,0.014862635871350107,0,0,9337.0,9507.0,38.10835028924703,38.10835028924703,0.00405930870435868,0.00405109193953105
CO--JP,CO,JP,14327.518669903713,10,14418.5,13877.5,13935.625,13935.625000052052,1907.5144531271287,3638611.388888889,13000.0,19700.0,13637.5,14350.0,712.5,410.0,0.13229631744821782,1,0,13629.65,15650.0,90.98133009628691,90.98133009628691,0.006350110733926431,0.006330033730066432
CO--KE,CO,KE,12348.95435955968,10,9380.6,9578.0,9453.25,9581.000000000005,645.8605284596839,417135.82222222217,8200.0,9980.0,9473.75,9691.25,217.5,117.5,0.06885066290639019,2,0,8970.2975,9718.145,2968.3543595596802,-2968.3543595596802,-0.24037293143461913,-0.27492766539011704
CO--KR,CO,KR,14855.470153152684,10,10400.5,9885.0,10206.875,9878.248285716203,1217.9181919251482,1483324.7222222222,9650.0,12700.0,9752.5,9991.25,238.75,130.0,0.1171018885558529,2,0,9796.9875,11233.15,4454.970153152684,-4454.970153152684,-0.2998875233987282,-0.3565142759875593
CO--MA,CO,MA,7635.020568883151,10,8687.2,8700.0,8678.625,8678.625000014094,400.88452202598194,160708.4,7993.0,9450.0,8425.0,8916.5,491.5,245.0,0.04614657450340523,0,0,8450.717499999999,8928.965,1052.1794311168496,1052.1794311168496,0.13780963936168703,0.1291050452282887
CO--MX,CO,MX,3175.5874499646543,10,3627.5,3659.0,3641.875,3664.5187142858103,141.7472319933542,20092.277777777777,3370.0,3770.0,3610.0,3722.5,112.5,65.0,0.039075735904439475,2,0,3538.0775,3702.82,451.9125500353457,451.9125500353457,0.14230833102718543,0.13305106693539348
CO--MY,CO,MY,19032.67962698383,10,13412.5,13620.0,13548.75,13459.560996712433,1675.5815739948655,2807573.611111111,9900.0,15835.0,12612.5,13950.0,1337.5,895.0,0.12492686478992474,1,0,12393.4875,14363.6,5620.1796269838305,-5620.1796269838305,-0.29529103295658626,-0.3499703741048676
CO--NG,CO,NG,9018.876991242843,10,8752.8,8815.0,8768.5,8791.869057129701,187.83728182776827,35282.84444444444,8400.0,8980.0,8704.5,8882.5,178.0,91.0,0.02146025064296777,1,0,8637.0,8852.8,266.0769912428441,-266.0769912428441,-0.029502230876549237,-0.02994617506355463
CO--NL,CO,NL,8857.739182265888,10,9491.0,9500.0,9526.25,9522.49288888695,209.09593757677624,43721.1111111111,9000.0,9700.0,9425.0,9645.0,220.0,140.0,0.022030970137685832,1,0,9365.975,9594.0,633.2608177341117,633.2608177341117,0.07149237572968568,0.06905242039492002
CO--NO,CO,NO,9277.765385828061,10,9426.5,9427.5,9458.125,9444.166666657215,331.8973234802193,110155.83333333334,8700.0,9900.0,9352.5,9575.0,222.5,125.0,0.03520896658146919,1,0,9229.975,9610.0,148.73461417193903,148.73461417193903,0.01603129719136179,0.015904153004053324
CO--NZ,CO,NZ,12107.72103768077,9,19086.666666666668,19500.0,19086.666666666668,19555.777142804673,1239.7983707038818,1537100.0,16400.0,20000.0,19300.0,19800.0,500.0,300.0,0.06495625414096481,2,1,18221.944444444445,19742.222222222223,6978.945628985897,6978.945628985897,0.5764045609629203,0.45514665961219686
CO--PE,CO,PE,1869.717421500606,10,2210.3,2140.0,2187.875,2158.6844999917953,204.36571249709291,41765.34444444444,2000.0,2600.0,2065.0,2354.5,289.5,97.5,0.09246062185997055,0,0,2094.7925,2334.045,340.58257849939423,340.58257849939423,0.18215724717698142,0.16734094497225904
CO--PH,CO,PH,17318.972788215247,10,14867.4,14600.0,14671.75,14578.999999832884,1163.3301050576029,1353336.9333333333,13600.0,17700.0,14315.0,14797.5,482.5,258.0,0.078247044207972,2,0,14277.935,15645.265,2451.572788215248,-2451.572788215248,-0.14155416826357212,-0.15263169704012852
CO--PK,CO,PK,14553.253604343023,10,10847.5,11016.0,10805.625,10805.62500003578,1377.199674863614,1896678.9444444443,8800.0,13230.0,9671.25,11708.5,2037.25,1110.0,0.12696009908860237,0,0,10098.779999999999,11671.41,3705.7536043430227,-3705.7536043430227,-0.25463402927556633,-0.29387994534769607
CO--PL,CO,PL,9952.660970335612,10,9449.0,9450.0,9461.25,9449.0000000085,226.59067353563637,51343.33333333334,9100.0,9700.0,9250.0,9672.5,422.5,250.0,0.023980386658443896,0,0,9309.0,9579.025,503.66097033561164,-503.66097033561164,-0.05060565931430776,-0.05193103382044414
CO--PT,CO,PT,7528.581774689585,10,8242.5,8090.0,8172.5,8178.3376333244305,478.4089951774179,228875.1666666667,7781.0,9264.0,7844.75,8515.75,671.0,299.5,0.05804173432543742,0,0,7991.9975,8533.05,713.9182253104154,713.9182253104154,0.09482771744746725,0.09059701522549658
CO--RU,CO,RU,10916.0980038675,10,8996.8,8800.0,8964.75,8915.841285673581,458.96521291560504,210649.06666666665,8500.0,9750.0,8670.0,9266.0,596.0,265.0,0.051014273176641145,0,0,8757.755,9273.824999999999,1919.2980038675014,-1919.2980038675014,-0.17582271643104586,-0.1933696222517763
CO--SA,CO,SA,12862.1824864371,10,9279.4,9042.5,9273.625,9272.050642819411,797.6696893660516,636276.9333333332,7925.0,10680.0,8817.25,9862.5,1045.25,482.5,0.08596134333750582,0,0,8824.3625,9741.01,3582.7824864370996,-3582.7824864370996,-0.2785516758306818,-0.32649452610619245
CO--SE,CO,SE,9693.22189855851,10,9195.2,9250.0,9202.5,9221.666666695826,345.70276249981,119510.40000000002,8682.0,9650.0,8957.5,9400.0,442.5,250.0,0.03759600253391008,0,0,8990.955,9395.025,498.02189855850884,-498.02189855850884,-0.05137836560128375,-0.05274525913762702
CO--SG,CO,SG,19316.524021455647,10,15015.1,14250.0,14723.0,14387.918571626169,2075.916528508151,4309429.433333332,12867.0,19500.0,13825.0,15100.0,1275.0,550.0,0.13825525827388102,2,0,13933.15,16404.629999999997,4301.424021455647,-4301.424021455647,-0.22268105880115285,-0.25190453510403343
CO--SN,CO,SN,6296.585430647009,10,8382.9,8325.0,8329.125,8334.481014223467,729.1304486243262,531631.2111111111,7350.0,9846.0,7975.0,8795.75,820.75,466.5,0.08697830686568207,0,0,7959.7075,8817.615,2086.3145693529905,2086.3145693529905,0.3313406277628492,0.28618642535120187
CO--TH,CO,TH,17891.231905646808,10,12587.5,13100.0,12560.625,12785.613295038862,2262.070401203287,5116962.5,9500.0,15890.0,10492.5,13875.0,3382.5,1397.5,0.17970767834782816,0,0,11207.725,13946.5125,5303.731905646808,-5303.731905646808,-0.2964430808128338,-0.3516064971190011
CO--TR,CO,TR,11114.439440495353,10,9187.3,9139.0,9182.0,9174.706215134229,400.8970635406994,160718.45555555556,8550.0,9867.0,8905.25,9468.5,563.25,247.5,0.04363600443445837,0,0,8938.5475,9420.095,1927.1394404953535,-1927.1394404953535,-0.1733906105488181,-0.19042301784588622
CO--TZ,CO,TZ,12263.99655872549,10,9112.5,9350.0,9192.625,9226.432142926036,749.5527925962846,561829.3888888888,7495.0,10089.0,8793.25,9562.5,769.25,375.0,0.08225545049067595,1,0,8646.415,9509.025,3151.49655872549,-3151.49655872549,-0.2569714157725598,-0.2970207636350143
CO--UA,CO,UA,10641.180470910898,10,9439.2,9492.5,9472.25,9490.166666683568,325.26905102630894,105799.95555555557,8774.0,9840.0,9394.5,9612.5,218.0,132.0,0.0344593875568172,2,0,9250.675000000001,9603.322499999998,1201.9804709108976,-1201.9804709108976,-0.11295555734597992,-0.11986019346999871
CO--US,CO,US,3810.5972373090326,10,3662.2,3654.0,3664.0,3655.1614285713104,108.77683576938612,11832.400000000001,3460.0,3850.0,3610.0,3693.5,83.5,50.0,0.02970259291392773,2,0,3597.1949999999997,3720.815,148.3972373090328,-148.3972373090328,-0.03894330155286313,-0.03972187232754193
CO--VN,CO,VN,17168.46785762716,10,13475.0,13425.0,13423.25,13599.764028564337,2553.212399224858,6518893.555555556,9400.0,17964.0,12600.0,15052.0,2452.0,1543.0,0.1894777290704904,0,0,11936.24,14939.54,3693.4678576271617,-3693.4678576271617,-0.2151308950953549,-0.24223832044768026
CO--ZA,CO,ZA,11470.29193218006,10,9915.0,9885.0,9900.0,9891.91914286286,267.0518052113984,71316.66666666667,9450.0,10500.0,9800.0,9987.5,187.5,90.0,0.026934120545778963,2,0,9760.0,10097.075,1555.29193218006,-1555.29193218006,-0.13559305564112692,-0.14571162064859786
DE--DZ,DE,DZ,1929.5842635808192,10,1779.9,1786.0,1775.25,1781.0595333462172,84.23571425206505,7095.655555555555,1647.0,1950.0,1720.75,1814.25,93.5,39.0,0.04732609374238162,0,0,1731.1725000000001,1833.42,149.6842635808191,-149.6842635808191,-0.07757332312766847,-0.08074738929162434
DE--EG,DE,EG,2891.4189080361066,10,1733.5,1722.5,1731.25,1730.010785823633,32.40798941276329,1050.2777777777776,1700.0,1785.0,1706.25,1765.0,58.75,22.5,0.01869511936127101,0,0,1715.0,1752.5,1157.9189080361066,-1157.9189080361066,-0.4004673639014769,-0.5116048671330515
DE--ES,DE,ES,1871.7316834419983,10,1735.0,1700.0,1733.75,1700.3333333333333,87.59122228980608,7672.222222222222,1600.0,1880.0,1700.0,1775.0,75.0,0.0,0.05048485434570956,0,0,1680.0,1788.0,136.73168344199826,-136.73168344199826,-0.0730508996837395,-0.07585662288897839
DE--ET,DE,ET,5338.017839459692,10,4320.7,4252.0,4242.875,4248.55914231867,410.29286288373737,168340.2333333333,3864.0,5400.0,4162.5,4351.5,189.0,110.0,0.09495981273491272,2,0,4124.0,4608.2525,1017.3178394596926,-1017.3178394596926,-0.19057970019123507,-0.21143696678473942
DE--FI,DE,FI,1107.9778488106122,10,1525.3,1525.0,1528.25,1527.9009999993298,45.58764452495142,2078.2333333333336,1450.0,1577.0,1495.0,1568.75,73.75,35.0,0.02988765785416077,0,0,1499.1875,1551.6074999999998,417.3221511893878,417.3221511893878,0.37665207083099467,0.3196545159466859
DE--FJ,DE,FJ,15973.080004981164,10,16274.1,16250.0,16270.625,16270.632213664383,207.28212122075985,42965.87777777778,16000.0,16576.0,16125.0,16448.75,323.75,182.5,0.012736932992961813,0,0,16140.0,16401.715,301.0199950188362,301.0199950188362,0.018845457164489498,0.018670081467499558
DE--FR,DE,FR,880.1220118488678,10,875.4,875.0,875.625,875.6380499860818,3.3065591380365986,10.933333333333334,870.0,879.0,875.0,878.0,3.0,3.0,0.0037771980100943553,2,0,873.3974999999999,877.2,4.722011848867851,-4.722011848867851,-0.005365178674429861,-0.005379622932717053
DE--GB,DE,GB,933.6780131656095,10,932.0,930.0,931.25,930.1428571452002,7.888106377466155,62.22222222222222,920.0,950.0,930.0,930.0,0.0,0.0,0.008463633452216904,3,0,928.0,937.0,1.6780131656095136,-1.6780131656095136,-0.001797207540445615,-0.0017988244554957406
DE--GH,DE,GH,5355.487752609555,10,5066.0,4965.0,5011.25,5004.357000537732,374.32012443302534,140115.55555555556,4570.0,6000.0,4912.5,5132.5,220.0,115.0,0.07388869412416607,2,0,4881.95,5309.15,289.4877526095552,-289.4877526095552,-0.05405441408553258,-0.05557023175958906
DE--GR,DE,GR,1803.6456298841938,10,1753.7,1750.0,1752.75,1751.8223428092324,19.3852750532173,375.78888888888895,1730.0,1785.0,1737.75,1767.5,29.75,14.0,0.01105392886652067,0,0,1742.0974999999999,1766.005,49.94562988419375,-49.94562988419375,-0.027691487206054216,-0.02808212488864854
DE--IN,DE,IN,5791.273241523696,10,5619.5,5657.5,5636.875,5634.39994444266,242.19425169800286,58658.05555555556,5200.0,5900.0,5447.5,5797.5,350.0,192.5,0.043098897001157196,0,0,5470.4625,5759.0625,171.77324152369602,-171.77324152369602,-0.02966070402136683,-0.03010947897815849
DE--IT,DE,IT,1183.3475090566692,10,1310.0,1200.0,1302.5,1214.8259999966233,150.99668870541498,22799.999999999996,1180.0,1500.0,1200.0,1477.5,277.5,20.0,0.11526464786672899,0,0,1223.0,1398.025,126.6524909433308,126.6524909433308,0.10702899188446727,0.10167984298108979
DE--JP,DE,JP,8941.116372895822,10,8835.0,8850.0,8868.75,8850.0,416.36655858883665,173361.11111111115,7900.0,9500.0,8800.0,8900.0,100.0,50.0,0.04712694494497302,4,0,8590.0,9075.125,106.11637289582177,-106.11637289582177,-0.011868358320165015,-0.011939349543370496
DE--KE,DE,KE,6352.944306361189,10,6585.6,6308.0,6507.0,6362.762215070459,650.7544681197186,423481.37777777785,6000.0,7800.0,6217.5,6548.75,331.25,167.5,0.09881475767124007,2,0,6244.0625,6970.6,232.6556936388115,232.6556936388115,0.036621711511913284,0.035967071481691516
DE--KR,DE,KR,8148.703873526628,10,7908.9,7950.0,7912.5,7908.900000000751,293.62275494624424,86214.3222222222,7589.0,8200.0,7600.0,8200.0,600.0,250.0,0.03712561227809737,0,0,7727.8,8070.0,239.8038735266282,-239.8038735266282,-0.029428468287539443,-0.02987017304856881
DE--MA,DE,MA,2611.9809662547964,10,2781.1,2685.0,2768.875,2710.046500155903,406.4273749529073,165183.2111111111,2220.0,3440.0,2513.75,3047.0,533.25,207.5,0.14613907265215467,0,0,2558.085,3027.075,169.11903374520352,169.11903374520352,0.06474742194913304,0.06273760854484113
DE--MX,DE,MX,9740.126910212532,10,9248.0,9265.0,9260.0,9259.999999697591,152.154891840884,23151.11111111111,8900.0,9500.0,9200.0,9300.0,100.0,65.0,0.016452734844386245,2,0,9152.925,9328.0,492.1269102125316,-492.1269102125316,-0.050525718478733175,-0.051846835435482866
DE--MY,DE,MY,9615.08570758263,10,8886.0,9032.5,8932.5,8973.116666771008,563.7069766780926,317765.5555555556,7700.0,9700.0,8600.0,9211.25,611.25,250.0,0.0634376521132222,0,0,8542.9875,9203.075,729.0857075826298,-729.0857075826298,-0.07582727078632899,-0.07885628843244867
DE--NG,DE,NG,4846.239230895395,10,4397.0,4375.0,4387.25,4387.2500000053815,137.9605418629222,19033.111111111113,4212.0,4660.0,4295.0,4484.5,189.5,105.0,0.031376061374328454,0,0,4317.995,4478.429999999999,449.23923089539494,-449.23923089539494,-0.0926985254940444,-0.0972804976497618
DE--NL,DE,NL,577.0085813772484,10,746.7,760.0,753.375,756.5614749996744,47.79597844542525,2284.455555555555,650.0,790.0,735.0,782.75,47.75,28.5,0.06400961356023202,1,0,714.0,771.1075,169.6914186227516,169.6914186227516,0.29408820613675984,0.2578063592399062
DE--NO,DE,NO,839.4791498459016,10,892.0,865.0,885.0,886.3876111063847,82.06366092518932,6734.444444444445,790.0,1050.0,850.0,948.75,98.75,72.5,0.09199961987128848,0,0,848.0,939.5,52.52085015409841,52.52085015409841,0.06256361478869292,0.06068449276643303
DE--NZ,DE,NZ,18133.546853189033,10,17319.0,17810.0,17398.75,17739.46159909117,759.7287527649443,577187.7777777778,16000.0,18000.0,16642.5,17900.0,1257.5,140.0,0.043866779419420535,0,0,16859.0,17756.025,814.5468531890328,-814.5468531890328,-0.044919334302532414,-0.04595947536959856
DE--PE,DE,PE,11091.52456248637,10,9800.5,9800.0,9785.0,9790.24857093824,219.4747517749289,48169.16666666666,9450.0,10275.0,9682.5,9887.5,205.0,100.0,0.02239424027089729,1,0,9679.95,9945.0125,1291.0245624863692,-1291.0245624863692,-0.11639739471459659,-0.12374785895092977
DE--PH,DE,PH,9877.59768324053,10,10098.7,10025.0,10110.875,10089.291001107682,295.85133278576103,87528.01111111112,9600.0,10500.0,9990.25,10337.5,347.25,175.0,0.0292959819368593,0,0,9934.9025,10268.7,221.10231675947034,221.10231675947034,0.02238421971109615,0.022137369967144695
DE--PK,DE,PK,5120.406237354785,10,5023.3,5029.0,5055.625,5057.708723724515,335.2060891783176,112363.12222222221,4378.0,5410.0,4887.5,5296.25,408.75,263.5,0.0667302548480715,0,0,4814.4875,5196.8725,97.10623735478475,-97.10623735478475,-0.0189645572740631,-0.019146690889053273
DE--PL,DE,PL,517.9674462482383,10,695.0,702.5,690.0,686.505250351822,105.7250101810247,11177.777777777777,570.0,860.0,597.5,731.25,133.75,85.0,0.1521223168072298,0,0,635.475,755.5,177.03255375176172,177.03255375176172,0.3417831661700957,0.29399945036076497
DE--PT,DE,PT,2315.454518326916,10,1896.3,1900.0,1897.875,1899.75,7.832269431297958,61.34444444444444,1880.0,1900.0,1900.0,1900.0,0.0,0.0,0.004130290265937857,2,0,1891.2,1900.0,419.1545183269161,-419.1545183269161,-0.18102472538730136,-0.19970138531287127
DE--RU,DE,RU,1613.9333205348753,10,1603.0,1600.0,1602.5,1600.4285714285713,4.83045891539648,23.333333333333336,1600.0,1610.0,1600.0,1607.5,7.5,0.0,0.0030133867220190143,0,0,1601.0,1606.0,10.933320534875293,-10.933320534875293,-0.006774332245183382,-0.006797382191510424
DE--SA,DE,SA,4176.916396262325,10,4146.5,4210.0,4151.0,4174.369999985035,252.14204550433692,63575.61111111111,3757.0,4500.0,3942.5,4331.25,388.75,150.0,0.06080840359443794,0,0,3997.89,4285.1025,30.41639626232518,-30.41639626232518,-0.0072820218019070265,-0.0073086651464098285
DE--SE,DE,SE,814.5045168029693,10,1004.8,989.0,976.0,982.4504288582222,191.95879187413578,36848.177777777775,790.0,1450.0,890.0,1055.0,165.0,95.0,0.19104179127601095,1,0,905.79,1122.855,190.29548319703065,190.29548319703065,0.2336334290004479,0.20996382219553544
DE--SG,DE,SG,9925.538516503066,10,9404.0,9450.0,9413.75,9413.749999998556,365.33698295014034,133471.11111111112,8750.0,9980.0,9142.5,9650.0,507.5,275.0,0.03884910495003619,0,0,9185.0,9611.025,521.5385165030657,-521.5385165030657,-0.05254511033692633,-0.05397595301321653
DE--SN,DE,SN,5002.201564734814,10,4891.0,4860.0,4867.5,4853.8880005565225,320.7439269365309,102876.66666666667,4400.0,5570.0,4700.0,4965.0,265.0,160.0,0.06557839438489693,1,0,4707.0,5077.1,111.20156473481438,-111.20156473481438,-0.022230524559181692,-0.022481346914543423
DE--TH,DE,TH,8612.78119439707,10,8050.0,8145.0,8050.0,8119.087333321752,356.05867181937555,126777.77777777778,7470.0,8630.0,7790.0,8237.5,447.5,130.0,0.0442308909092392,0,0,7840.975,8243.05,562.7811943970701,-562.7811943970701,-0.06534256260488538,-0.06757519394346832
DE--TR,DE,TR,2040.6210846007348,10,1746.3,1745.0,1745.625,1745.3198571944554,17.926082796987313,321.3444444444445,1723.0,1775.0,1732.5,1757.5,25.0,15.0,0.010265179406165786,0,0,1736.8,1756.5,294.3210846007348,-294.3210846007348,-0.14423112983678757,-0.15575495079163515
DE--TZ,DE,TZ,6841.237574953327,10,7773.1,7657.0,7693.875,7641.299028571707,564.100946442902,318209.8777777778,7200.0,8980.0,7362.5,7862.75,500.25,282.0,0.07257091076184559,1,0,7487.135,8134.947499999999,931.8624250466737,931.8624250466737,0.13621255143343436,0.1277004079320423
DE--UA,DE,UA,1208.4684314926021,10,1508.1,1487.5,1503.875,1492.763733334937,46.77950643414509,2188.322222222222,1450.0,1600.0,1485.0,1530.0,45.0,12.0,0.031018835908855576,1,0,1482.1875,1537.5,299.6315685073978,299.6315685073978,0.24794323186193387,0.2214967816225407
DE--US,DE,US,6726.290515021435,10,6504.0,6485.0,6502.5,6491.791199998162,98.6801792548928,9737.777777777777,6370.0,6650.0,6450.0,6575.0,125.0,60.0,0.015172229282732597,0,0,6449.0,6565.025,222.29051502143466,-222.29051502143466,-0.03304800982428668,-0.03360643297675087
DE--VN,DE,VN,8340.425219517292,10,7727.9,7715.0,7733.875,7728.366285714147,514.5333268549709,264744.54444444436,6648.0,8760.0,7610.25,7867.5,257.25,140.0,0.06658126099651535,2,0,7419.355,8038.3125,612.5252195172925,-612.5252195172925,-0.0734405265194312,-0.07627704375666569
DE--ZA,DE,ZA,8785.190433813566,10,9644.8,9700.0,9659.75,9674.999999994601,233.12219018264983,54345.955555555556,9200.0,9970.0,9562.5,9775.0,212.5,125.0,0.024170764576004672,1,0,9500.0,9772.6,859.6095661864329,859.6095661864329,0.09784757344335501,0.0933515114500857
DZ--EG,DZ,EG,2715.5414954485536,10,2011.7,1953.5,1998.375,1984.898333339885,351.3909029366962,123475.56666666665,1350.0,2780.0,1907.5,2087.5,180.0,75.0,0.1746736108449054,2,0,1818.7,2235.8174999999997,703.8414954485536,-703.8414954485536,-0.25919010872352477,-0.3000112435842375
DZ--ES,DZ,ES,711.8772255887199,10,1291.5,1300.0,1295.625,1299.6666666666847,37.12217067408041,1378.0555555555554,1200.0,1350.0,1288.75,1300.0,11.25,0.0,0.02874345387075525,2,0,1267.975,1308.5125,579.6227744112801,579.6227744112801,0.8142173307088652,0.5956541519636098
DZ--ET,DZ,ET,4726.061150528088,10,3821.3,3787.0,3825.75,3810.683142839782,150.61581000088344,22685.12222222222,3547.0,4060.0,3761.25,3884.0,122.75,70.0,0.039414809096612,1,0,3732.8925,3916.2524999999996,904.7611505280875,-904.7611505280875,-0.19144084718984009,-0.21250143899237475
DZ--FI,DZ,FI,3033.2458162220696,10,3069.0,2977.5,3035.0,2984.22083333331,223.7905767055937,50082.22222222222,2860.0,3550.0,2935.0,3191.25,256.25,62.5,0.07291970567142186,0,0,2951.4875,3215.075,35.75418377793039,35.75418377793039,0.011787433641781957,0.011718502994047676
DZ--FJ,DZ,FJ,17891.524863416074,10,16600.0,16494.0,16552.0,16551.999999965217,544.0018382321883,295938.0,15900.0,17684.0,16250.0,16921.5,671.5,389.5,0.03277119507422821,0,0,16277.869999999999,16969.8425,1291.5248634160744,-1291.5248634160744,-0.07218640519886242,-0.07492443404373704
DZ--FR,DZ,FR,1345.8479224292655,10,1413.0,1350.0,1353.75,1350.4285714262285,188.80030602611734,35645.55555555556,1350.0,1950.0,1350.0,1357.5,7.5,0.0,0.1336166355457306,2,0,1350.0,1534.025,67.15207757073449,67.15207757073449,0.049895739668360514,0.048690863685359825
DZ--GB,DZ,GB,1656.5822446092477,10,1766.0,1760.0,1772.5,1788.3333333328603,266.00751869073173,70759.99999999999,1350.0,2130.0,1702.5,1900.0,197.5,140.0,0.1506271340264619,2,0,1605.875,1920.025,109.41775539075229,109.41775539075229,0.06605030070001842,0.06396051102817558
DZ--GH,DZ,GH,3472.5242188720927,10,3563.4,3521.0,3571.125,3523.567300025089,327.3313645561974,107145.82222222221,2935.0,4130.0,3448.5,3585.0,136.5,73.5,0.09185928174108923,3,0,3378.1875,3772.3175,90.87578112790743,90.87578112790743,0.026169948832617418,0.025833375168487813
DZ--GR,DZ,GR,1833.1443937842616,10,1510.5,1415.0,1504.375,1464.5081996527092,190.765271705541,36391.38888888888,1300.0,1770.0,1362.5,1696.25,333.75,95.0,0.12629279821618075,0,0,1407.4125,1620.5375,322.64439378426164,-322.64439378426164,-0.17600598996907654,-0.1935920184790347
DZ--IN,DZ,IN,6841.71964982002,10,5345.3,5375.0,5328.5,5328.500000178632,500.565025190978,250565.34444444446,4625.0,6200.0,4917.5,5621.0,703.5,405.0,0.0936458244048001,0,0,5051.9375,5630.424999999999,1496.41964982002,-1496.41964982002,-0.2187198140834936,-0.24682144070482487
DZ--IT,DZ,IT,992.0972539136368,10,1332.0,1325.0,1340.0,1337.296999982109,64.25643072011461,4128.888888888889,1200.0,1400.0,1300.0,1392.5,92.5,35.0,0.04824056360368965,0,0,1290.0,1367.0,339.9027460863632,339.9027460863632,0.34261030835990214,0.2946157104015019
DZ--JP,DZ,JP,10825.062201744677,10,9803.0,9725.0,9791.25,9787.40643010579,430.0917214837887,184978.88888888888,9200.0,10500.0,9450.0,10145.0,695.0,325.0,0.0438734796984381,0,0,9554.875,10058.125,1022.0622017446767,-1022.0622017446767,-0.09441628904265796,-0.09917555871205622
DZ--KE,DZ,KE,5468.388996259568,10,4528.3,4331.0,4466.375,4382.089066665875,634.3947334095529,402456.6777777778,3757.0,5795.0,4100.0,4896.0,796.0,272.0,0.14009556200109377,0,0,4185.705,4896.57,940.0889962595675,-940.0889962595675,-0.17191333624996277,-0.18863746370923984
DZ--KR,DZ,KR,9964.003557283175,10,8935.2,8850.0,8978.125,8937.500000122745,594.3548883733803,353257.73333333334,7749.0,9778.0,8732.5,9283.75,551.25,292.5,0.06651836426418885,1,0,8567.89,9267.404999999999,1028.803557283174,-1028.803557283174,-0.10325202629330371,-0.10898042216895677
DZ--MA,DZ,MA,947.5149821768754,10,1465.7,1450.0,1451.25,1451.250000504531,166.16394180313478,27610.45555555556,1247.0,1800.0,1338.75,1552.5,213.75,115.0,0.1133683167108786,0,0,1380.605,1566.0,518.1850178231247,518.1850178231247,0.5468884688584202,0.436245473877808
DZ--MX,DZ,MX,9769.285470457762,10,8670.1,8670.0,8660.125,8669.951333334773,394.92628004054967,155966.76666666666,8200.0,9220.0,8300.0,8942.75,642.75,370.0,0.045550371972705006,0,0,8448.975,8896.220000000001,1099.1854704577618,-1099.1854704577618,-0.11251441815081456,-0.11936300356826537
DZ--MY,DZ,MY,10572.290569185669,10,9343.1,9470.0,9390.125,9385.393000399428,968.087742809389,937193.8777777778,7880.0,10430.0,8451.5,10200.0,1748.5,780.0,0.10361526076028181,0,0,8754.965,9913.61,1229.1905691856682,-1229.1905691856682,-0.11626530326061088,-0.123598378199202
DZ--NG,DZ,NG,3099.0147228469714,10,3358.5,3352.0,3352.5,3352.4999999986635,194.4143627524583,37796.94444444444,3050.0,3715.0,3215.25,3480.25,265.0,148.5,0.057887260012642036,0,0,3244.79,3464.12,259.4852771530286,259.4852771530286,0.08373154062160999,0.08041021609245308
DZ--NL,DZ,NL,1738.248506848775,10,1847.0,1890.0,1858.75,1886.7826666676829,71.1883261341196,5067.7777777777765,1700.0,1900.0,1805.0,1900.0,95.0,10.0,0.038542677928597516,0,0,1802.975,1885.0,108.75149315122508,108.75149315122508,0.06256383521846241,0.06068470021730317
DZ--NO,DZ,NO,2632.9504054733866,10,2740.5,2832.5,2819.375,2822.13207167558,306.3263510267005,93835.83333333333,1900.0,2950.0,2742.5,2895.0,152.5,67.5,0.11177754096942182,1,0,2541.4375,2870.0,107.54959452661342,107.54959452661342,0.040847558048582665,0.04003534091606547
DZ--NZ,DZ,NZ,19142.8906277313,10,17574.6,17543.0,17512.0,17493.27754284524,1026.2739725174106,1053238.2666666668,16000.0,19650.0,16947.5,17970.0,1022.5,578.0,0.05839529619549866,1,0,16997.12,18196.125,1568.2906277313014,-1568.2906277313014,-0.08192548650199157,-0.08547672226789439
DZ--PE,DZ,PE,9941.552381823174,10,9461.9,9459.5,9421.125,9425.398233326565,337.81074583263336,114116.10000000002,9000.0,10250.0,9237.5,9575.0,337.5,140.5,0.0357022105319897,1,0,9284.9225,9680.0175,479.65238182317444,-479.65238182317444,-0.04824723176031904,-0.049449975145161945
DZ--PH,DZ,PH,11385.615764278304,10,11060.9,10925.0,11051.125,11060.90000005608,641.447399766081,411454.7666666666,10300.0,11900.0,10506.75,11725.0,1218.25,575.0,0.05799233333328039,0,0,10685.842499999999,11425.045,324.71576427830405,-324.71576427830405,-0.028519824575239976,-0.028934416523380642
DZ--PK,DZ,PK,6243.845068536664,10,4089.5,4118.5,4102.5,4086.9999999976953,298.0530340578856,88835.61111111112,3550.0,4525.0,3925.0,4201.25,276.25,168.5,0.07288251230172041,0,0,3894.645,4260.3125,2154.3450685366643,-2154.3450685366643,-0.3450349976479423,-0.4231734762979759
DZ--PL,DZ,PL,2223.061077794254,10,1803.1,1785.0,1796.25,1793.9636666617062,57.97020307403144,3360.5444444444443,1740.0,1921.0,1757.5,1840.0,82.5,35.0,0.032150298416078665,0,0,1772.0,1840.2,419.9610777942539,-419.9610777942539,-0.18891117387154474,-0.20937770419545976
DZ--PT,DZ,PT,1095.7494836242417,10,1504.0,1540.0,1511.25,1526.1523333333337,99.12954487269003,9826.666666666666,1340.0,1610.0,1425.0,1580.0,155.0,55.0,0.06591060164407582,0,0,1440.0,1560.0,408.25051637575825,408.25051637575825,0.3725765081133791,0.3166896364642364
DZ--RU,DZ,RU,3341.3300109822576,10,2919.5,2845.0,2918.5,2882.1179213309933,335.2462610612616,112390.05555555555,2447.0,3400.0,2757.5,3230.0,472.5,196.0,0.11483002605283836,0,0,2732.9825,3111.8050000000003,421.8300109822576,-421.8300109822576,-0.12624613839273283,-0.13495656586475063
DZ--SA,DZ,SA,4356.927852945174,10,3544.5,3592.5,3556.75,3578.723466652811,183.50976359129598,33675.833333333336,3221.0,3770.0,3402.25,3684.0,281.75,96.0,0.05177310300219946,0,0,3440.475,3643.8375,812.427852945174,-812.427852945174,-0.18646805280376472,-0.20637008180190405
DZ--SE,DZ,SE,2735.695299839689,10,3006.0,2910.0,2978.125,2923.447142865646,235.67633172071677,55543.33333333333,2785.0,3450.0,2900.0,2965.0,65.0,50.0,0.07840197329365162,3,0,2885.4625,3150.5875,270.30470016031086,270.30470016031086,0.09880658133826184,0.09422466478990303
DZ--SG,DZ,SG,10888.595168568347,10,7828.4,7875.0,7867.0,7923.666666466737,955.7466191412869,913451.6000000002,6000.0,9348.0,7656.0,8313.5,657.5,401.5,0.12208709559313359,2,0,7290.7975,8379.352499999999,3060.195168568347,-3060.195168568347,-0.2810459128283219,-0.3299577798067103
DZ--SN,DZ,SN,3179.4676163160534,10,3814.3,3700.0,3799.25,3757.5445333340244,270.09876794321826,72953.34444444448,3479.0,4270.0,3627.5,4038.5,411.0,136.0,0.0708121458572263,0,0,3663.5775,3976.435,634.8323836839468,634.8323836839468,0.19966625243364064,0.182043395138622
DZ--TH,DZ,TH,9758.062670903257,10,7170.6,7250.0,7186.0,7185.999999787883,645.9501528755915,417251.6,6150.0,8068.0,6672.5,7613.5,941.0,539.0,0.09008313849267724,0,0,6808.775000000001,7538.235,2587.4626709032564,-2587.4626709032564,-0.26516151393642845,-0.3081045507694613
DZ--TR,DZ,TR,2617.4508653785942,10,1931.5,1880.0,1882.5,1883.7728888711254,189.9714890889332,36089.166666666664,1805.0,2450.0,1835.0,1937.5,102.5,60.0,0.09835438213250489,1,0,1850.4875,2056.6124999999997,685.9508653785942,-685.9508653785942,-0.2620682872988245,-0.3039039888780583
DZ--TZ,DZ,TZ,5847.445411357088,10,4342.9,4318.5,4317.25,4317.25000003176,315.6814322488205,99654.76666666665,3865.0,5026.0,4159.25,4484.25,325.0,190.0,0.07268908615183875,1,0,4175.095,4536.6275000000005,1504.5454113570886,-1504.5454113570886,-0.2572996078654987,-0.29746255632196933
DZ--UA,DZ,UA,2663.2115945563396,10,1958.5,1900.0,1928.125,1891.0220747183598,228.70760080650285,52307.166666666664,1760.0,2400.0,1793.0,1956.5,163.5,95.5,0.11677692152489295,2,0,1838.67,2094.065,704.7115945563396,-704.7115945563396,-0.26460969004369944,-0.30735388676378345
DZ--US,DZ,US,6808.566447806581,10,6832.1,6750.0,6792.0,6775.166666647915,306.2589499825996,93794.54444444443,6500.0,7485.0,6700.0,6926.25,226.25,138.5,0.044826473556095425,1,0,6667.797500000001,7009.1575,23.533552193419382,23.533552193419382,0.003456462145713633,0.00345050230978098
DZ--VN,DZ,VN,9710.302297086428,10,8605.7,8630.0,8560.5,8562.333333624229,716.0307333565446,512700.0111111111,7673.0,9900.0,8060.5,8900.0,839.5,473.0,0.08320424060291952,0,0,8190.38,9048.5675,1104.602297086427,-1104.602297086427,-0.11375570639215449,-0.12076263996290924
DZ--ZA,DZ,ZA,7401.6582042116315,10,6307.3,6115.0,6225.375,6132.499666619289,843.4997266679396,711491.7888888889,5000.0,8270.0,6019.25,6288.0,268.75,115.0,0.13373388401819156,3,0,5849.36,6827.83,1094.3582042116313,-1094.3582042116313,-0.14785311264291134,-0.1599963640112331
EG--ES,EG,ES,3355.0785607140415,10,2108.4,1950.0,2060.25,1957.9712857131976,475.69859738657584,226289.15555555557,1682.0,2920.0,1745.5,2368.75,623.25,205.0,0.22562065897674816,0,0,1837.5325,2408.9174999999996,1246.6785607140414,-1246.6785607140414,-0.3715795437137896,-0.46454582016072626
EG--ET,EG,ET,2452.617953664222,10,2837.9,2847.5,2826.125,2834.787111073118,374.0188497923601,139890.1,2400.0,3370.0,2503.75,3143.5,639.75,340.0,0.1317942315769971,0,0,2620.275,3055.935,385.282046335778,385.282046335778,0.1570901190542803,0.14590833545852605
EG--FI,EG,FI,3381.1971957220794,10,2881.4,2900.0,2884.25,2892.587000004304,73.04214917125287,5335.155555555557,2750.0,2990.0,2862.5,2900.0,37.5,25.0,0.025349534660669422,3,0,2837.4,2924.465,499.7971957220793,-499.7971957220793,-0.14781663617680363,-0.15995355955348434
EG--FJ,EG,FJ,16456.426551141787,10,15352.1,15394.0,15427.625,15452.751723949836,1159.1543325488055,1343638.7666666668,13300.0,16800.0,14845.0,16307.25,1462.25,891.5,0.075504610610197,0,0,14627.165,15948.17,1104.3265511417867,-1104.3265511417867,-0.06710609667960787,-0.06946380022749465
EG--FR,EG,FR,3214.633946258294,10,3241.5,3207.5,3230.625,3220.45492841299,75.86720855108176,5755.833333333333,3170.0,3400.0,3200.0,3250.0,50.0,32.5,0.023404969474342667,2,0,3201.4875,3292.0,26.866053741705855,26.866053741705855,0.008357422397339165,0.008322692510166386
EG--GB,EG,GB,3513.224272125026,10,3379.5,3350.0,3311.875,3326.257857142827,312.0047186252869,97346.94444444445,3100.0,4200.0,3233.75,3400.0,166.25,75.0,0.09232274556155848,1,0,3225.9875,3590.0125,133.7242721250259,-133.7242721250259,-0.038063118596223515,-0.03880644231536805
EG--GH,EG,GH,4270.0929109249555,10,4088.6,4030.0,3993.625,4028.8333333445808,468.3202133393585,219323.82222222222,3600.0,5337.0,4000.0,4059.75,59.75,31.5,0.11454292749091584,3,0,3867.6,4391.2625,181.4929109249556,-181.4929109249556,-0.04250326976741168,-0.04343297283385785
EG--GR,EG,GR,1119.9840833129142,10,1210.5,1200.0,1206.875,1210.333333314302,101.65874286061185,10334.500000000002,1050.0,1400.0,1186.5,1260.0,73.5,49.0,0.08398078716283507,2,0,1153.1825000000001,1270.6599999999999,90.51591668708579,90.51591668708579,0.08081893130064814,0.07771902351771007
EG--IN,EG,IN,4435.964091411309,10,3816.0,3613.0,3753.25,3753.2499998097246,694.8590584507848,482829.1111111112,2964.0,5170.0,3306.25,4230.0,923.75,515.0,0.18209094823133773,0,0,3423.4825,4220.675,619.9640914113088,-619.9640914113088,-0.13975859106065627,-0.15054222105671783
EG--IT,EG,IT,2134.7872271725983,10,1371.7,1370.0,1372.125,1371.9343400000007,6.799509786251751,46.233333333333334,1360.0,1380.0,1370.0,1378.25,8.25,4.5,0.004956994813918314,0,0,1367.8,1375.3,763.0872271725982,-763.0872271725982,-0.3574535286044703,-0.44231613580810003
EG--JP,EG,JP,9586.616311745503,10,9561.0,9600.0,9563.75,9577.522000532224,303.8438926671246,92321.11111111112,9000.0,10100.0,9362.5,9690.0,327.5,150.0,0.031779509744495824,0,0,9374.925,9725.0,25.61631174550348,-25.61631174550348,-0.002672091060337778,-0.0026756674680672977
EG--KE,EG,KE,3517.610461321371,10,3653.9,3363.5,3472.125,3393.401500252998,891.350093335323,794504.988888889,2825.0,5937.0,3183.25,3888.75,705.5,232.5,0.24394485162027504,1,0,3227.275,4237.8425,136.28953867862901,136.28953867862901,0.03874492078563827,0.03801317743851511
EG--KR,EG,KR,8503.339014259222,10,8824.8,8755.0,8826.875,8826.874999785352,589.0119410221381,346935.0666666667,8000.0,9633.0,8400.0,9372.75,972.75,538.5,0.06674507535832405,0,0,8481.9375,9181.625,321.4609857407777,321.4609857407777,0.03780408909979019,0.037107028105418494
EG--MA,EG,MA,3603.4430310091693,10,3131.4,3170.0,3150.625,3144.960388853157,315.395060906864,99474.04444444444,2635.0,3474.0,2905.0,3415.0,510.0,252.5,0.10072014463398607,0,0,2933.4875,3302.9275000000002,472.0430310091692,-472.0430310091692,-0.13099777822128364,-0.1404095970126298
EG--MX,EG,MX,12386.314913876035,10,10102.2,10150.0,10115.25,10107.336111109555,435.3332822868781,189515.0666666667,9500.0,10600.0,9704.0,10500.0,796.0,375.0,0.04309291860058978,0,0,9834.345,10352.27,2284.114913876034,-2284.114913876034,-0.1844063330988949,-0.20383900526894227
EG--MY,EG,MY,7957.843206792961,10,8684.8,8600.0,8714.0,8713.999999973004,652.7469817794811,426078.6222222222,7536.0,9600.0,8348.5,9237.5,889.0,575.0,0.07515970221300215,0,0,8304.842499999999,9031.375,726.9567932070386,726.9567932070386,0.09135098220916127,0.08741636199719441
EG--NG,EG,NG,3387.4680508755546,10,4170.9,4274.0,4217.375,4217.375000440651,294.79124440488016,86901.87777777779,3450.0,4520.0,4062.5,4322.5,260.0,135.0,0.07067808971801774,1,0,3978.775,4325.2375,783.431949124445,783.431949124445,0.23127360534720096,0.20804908517597853
EG--NL,EG,NL,3281.685911866004,10,1927.2,1823.5,1840.25,1840.2500000301352,354.1869562815661,125448.40000000001,1650.0,2900.0,1761.25,1927.5,166.25,85.0,0.183783186115383,1,0,1773.175,2159.0475,1354.485911866004,-1354.485911866004,-0.4127408741246136,-0.5322891155461732
EG--NO,EG,NO,3657.274374511535,10,3475.1,3450.0,3464.625,3426.166666657347,356.6362759638079,127189.43333333336,2970.0,4064.0,3291.75,3502.5,210.75,140.0,0.10262619089056658,3,0,3277.6749999999997,3694.73,182.174374511535,-182.174374511535,-0.04981151421975722,-0.051094907982968646
EG--NZ,EG,NZ,16524.182617665698,10,15866.2,15700.0,15882.75,15917.647142793494,1240.810648997931,1539611.0666666664,13900.0,17700.0,15408.0,16775.0,1367.0,950.0,0.07820465196442317,0,0,15101.68,16586.4,657.982617665697,-657.982617665697,-0.03981937460327145,-0.04063386076359462
EG--PE,EG,PE,12429.606272791647,10,10310.7,10350.0,10341.25,10367.554999961407,420.3813216064143,176720.45555555553,9577.0,10800.0,10147.5,10675.0,527.5,300.0,0.04077136582447499,0,0,10062.0825,10529.1,2118.906272791646,-2118.906272791646,-0.17047251749477557,-0.1868990384897121
EG--PH,EG,PH,9188.405775476658,10,10283.0,10300.0,10303.75,10291.75166666535,492.6132131579276,242667.7777777778,9500.0,10900.0,9900.0,10712.5,812.5,475.0,0.04790559303295999,0,0,10004.975,10563.05,1094.5942245233418,1094.5942245233418,0.11912776288621826,0.11254959876057367
EG--PK,EG,PK,3959.781346765724,10,3314.8,3370.0,3309.75,3338.222214748123,266.5836537457697,71066.84444444443,2895.0,3775.0,3215.0,3429.25,214.25,132.5,0.08042224379925476,1,0,3166.2850000000003,3461.3375,644.9813467657236,-644.9813467657236,-0.1628830711303119,-0.17779151828600787
EG--PL,EG,PL,2605.2551344227354,10,1757.7,1742.5,1738.375,1740.0011666647363,85.88500063068832,7376.233333333334,1690.0,1980.0,1700.0,1770.25,70.25,42.5,0.04886214975859835,1,0,1715.7,1815.2125,847.5551344227354,-847.5551344227354,-0.32532519492012596,-0.3935244744502205
EG--PT,EG,PT,3804.4459470065553,10,2849.5,2875.0,2853.25,2859.257857129422,107.92924637104728,11648.722222222223,2673.0,2996.0,2789.5,2930.0,140.5,75.0,0.03787655601721259,0,0,2787.8,2908.8050000000003,954.9459470065553,-954.9459470065553,-0.25100788927174367,-0.2890268285934798
EG--RU,EG,RU,2899.390144089835,10,2492.8,2459.0,2468.5,2466.3640000123396,125.67842562137173,15795.066666666666,2380.0,2800.0,2402.5,2523.75,121.25,60.0,0.05041656997006247,1,0,2423.49,2572.5899999999997,406.59014408983467,-406.59014408983467,-0.14023298827811592,-0.15109384304157614
EG--SA,EG,SA,1646.868560351307,10,1684.9,1675.0,1677.25,1680.4760242434215,308.9507152353664,95450.54444444444,1300.0,2131.0,1394.75,1887.5,492.75,278.5,0.18336442236059491,0,0,1506.735,1873.6174999999998,38.031439648693095,38.031439648693095,0.023093184583340576,0.02283057234537278
EG--SE,EG,SE,3404.607659449505,10,3160.0,2995.0,3176.875,3019.187999980427,755.399085105203,570627.7777777776,1785.0,4400.0,2870.0,3325.0,455.0,140.0,0.23905034338772246,3,0,2729.825,3654.1,244.6076594495048,-244.6076594495048,-0.07184606389831588,-0.07455768053248803
EG--SG,EG,SG,8269.808521932006,10,9106.0,9025.0,9071.25,9037.620285301611,1223.893604671401,1497915.5555555553,7040.0,11450.0,8337.5,9587.5,1250.0,670.0,0.13440518390856587,0,0,8387.975,9869.075,836.1914780679945,836.1914780679945,0.10111376531274778,0.0963221814785269
EG--SN,EG,SN,5253.120694234128,10,4274.6,4232.5,4218.25,4218.249999999038,288.04829841924465,82971.82222222221,4000.0,5000.0,4077.5,4332.5,255.0,141.0,0.06738602405353591,1,0,4133.1725,4448.95,978.5206942341274,-978.5206942341274,-0.1862741694300229,-0.20613178719694533
EG--TH,EG,TH,7278.235334714449,10,7498.6,7650.0,7560.75,7605.203333369553,396.60453294882484,157295.15555555548,6600.0,7900.0,7350.0,7744.0,394.0,150.0,0.05289047728226933,1,0,7230.8,7710.005,220.36466528555138,220.36466528555138,0.030277210773124456,0.029827902703703304
EG--TR,EG,TR,1105.6067845732575,10,1253.0,1271.0,1255.625,1253.1148333400874,106.93403989791506,11434.888888888889,1100.0,1385.0,1167.75,1347.75,180.0,102.5,0.08534241013401042,0,0,1195.1825000000001,1312.215,147.39321542674247,147.39321542674247,0.13331431887299186,0.12514636534825566
EG--TZ,EG,TZ,4038.353951938408,10,3830.5,3456.5,3782.75,3670.1196001496332,792.0833640189368,627396.0555555555,2993.0,5050.0,3235.5,4405.0,1169.5,410.0,0.20678328260512643,0,0,3368.34,4320.6475,207.85395193840804,-207.85395193840804,-0.05146996880712704,-0.05284182833404491
EG--UA,EG,UA,2264.232150700553,10,1831.0,1790.0,1826.25,1812.860799985529,79.33053216343208,6293.333333333332,1750.0,1950.0,1776.25,1907.5,131.25,40.0,0.043326341978936145,0,0,1784.9875,1878.0125,433.2321507005531,-433.2321507005531,-0.19133733728076918,-0.2123734294537718
EG--US,EG,US,9366.819693047106,10,9291.0,9300.0,9288.75,9285.000000010059,174.89361845927306,30587.777777777777,9000.0,9600.0,9212.5,9345.0,132.5,80.0,0.018823982182679267,2,0,9186.0,9391.0,75.81969304710583,-75.81969304710583,-0.008094496908420902,-0.00812743521495208
EG--VN,EG,VN,7437.521764642192,10,7956.6,7810.0,7921.25,7872.222857108768,370.17719480750776,137031.15555555554,7596.0,8600.0,7700.0,8225.0,525.0,200.0,0.04652454500760472,0,0,7749.59,8155.05,519.0782353578088,519.0782353578088,0.06979182741023963,0.06746407572355889
EG--ZA,EG,ZA,6178.42759423283,10,7415.8,7405.0,7432.25,7439.666666655617,653.3935006308731,426923.0666666667,6400.0,8300.0,7120.0,7837.0,717.0,400.0,0.0881082958859291,0,0,7026.725,7784.025,1237.3724057671698,1237.3724057671698,0.20027302851654008,0.18254905467813196
ES--ET,ES,ET,5435.390315315712,10,3121.7,2972.5,3111.25,3103.63942731603,360.57825472118776,130016.67777777776,2655.0,3672.0,2868.75,3437.5,568.75,260.0,0.1155070169206483,0,0,2902.4125,3326.665,2313.690315315712,-2313.690315315712,-0.4256714202835169,-0.554553607912548
ES--FI,ES,FI,2953.7168515011904,10,2730.1,2760.0,2748.125,2758.684928571422,186.64312351532152,34835.65555555557,2366.0,2950.0,2637.5,2871.25,233.75,117.5,0.06836494030083935,0,0,2619.955,2834.5125,223.61685150119047,-223.61685150119047,-0.07570693561488127,-0.07872608838002201
ES--FJ,ES,FJ,17527.210746850342,10,17408.0,17426.5,17422.5,17415.922088883373,396.76441372683615,157422.0,16800.0,17900.0,17087.5,17757.75,670.25,362.0,0.0227920733988302,0,0,17155.3,17633.732500000002,119.21074685034182,-119.21074685034182,-0.006801467077228139,-0.006824702470871884
ES--FR,ES,FR,1054.2206353287124,10,1050.0,1050.0,1050.0,1050.0,0.0,0.0,1050.0,1050.0,1050.0,1050.0,0.0,0.0,0.0,0,0,1050.0,1050.0,4.220635328712433,-4.220635328712433,-0.004003559774179921,-0.004011595474387547
ES--GB,ES,GB,1263.9687927349041,10,1251.5,1250.0,1250.0,1250.111111111111,4.743416490252569,22.5,1250.0,1265.0,1250.0,1250.0,0.0,0.0,0.0037901849702377697,1,0,1250.0,1254.5,12.468792734904127,-12.468792734904127,-0.009864794769121521,-0.009913774238181988
ES--GH,ES,GH,3875.784925520151,10,4202.6,4100.0,4196.75,4131.628799995595,267.09973168587544,71342.26666666665,3775.0,4677.0,4083.5,4399.25,315.75,64.0,0.06355583012560687,0,0,4049.54,4355.83,326.8150744798495,326.8150744798495,0.08432229361539952,0.08095517766036343
ES--GR,ES,GR,2374.062233299252,10,1769.0,1750.0,1751.25,1751.6666666674623,64.88451279003334,4210.0,1730.0,1950.0,1742.5,1760.0,17.5,10.0,0.036678639225570006,1,0,1742.0,1812.025,605.0622332992521,-605.0622332992521,-0.25486367830315576,-0.2941880951983528
ES--IN,ES,IN,7287.614249142348,10,5106.6,5140.0,5129.5,5129.500000053488,397.91685340309755,158337.82222222222,4430.0,5600.0,4856.5,5450.0,593.5,310.0,0.07792207210337554,0,0,4866.175,5341.075,2181.0142491423476,-2181.0142491423476,-0.29927685173498625,-0.35564240823721704
ES--IT,ES,IT,1365.1557413989822,10,1474.0,1535.0,1473.75,1525.2106668193333,315.2230251037439,99365.55555555556,1050.0,1900.0,1162.5,1700.0,537.5,180.0,0.2138555122820515,0,0,1274.9875,1642.0,108.84425860101783,108.84425860101783,0.07973028666273387,0.07671127537571475
ES--JP,ES,JP,10789.251153816349,10,9572.5,9500.0,9546.875,9533.940000010742,185.7604490854941,34506.94444444444,9400.0,9950.0,9425.0,9656.25,231.25,100.0,0.01940563584074109,0,0,9477.5,9685.0625,1216.751153816349,-1216.751153816349,-0.11277438410412409,-0.11965597062172093
ES--KE,ES,KE,6176.5987043900495,10,5109.5,5143.0,5124.375,5109.500000002119,688.5239042086097,474065.16666666674,4160.0,5940.0,4488.0,5745.0,1257.0,772.0,0.13475367535152358,0,0,4683.507500000001,5497.655000000001,1067.0987043900495,-1067.0987043900495,-0.17276477806978194,-0.18966619643158739
ES--KR,ES,KR,10019.900842150517,10,9986.0,9880.0,9982.5,9910.730999948797,539.8188996732556,291404.4444444444,9200.0,10800.0,9662.5,10437.5,775.0,305.0,0.054057570566118124,0,0,9639.925,10325.0,33.90084215051684,-33.90084215051684,-0.003383351061510194,-0.003389087536373173
ES--MA,ES,MA,760.8123052479816,10,1027.0,1050.0,1027.375,1028.4999999707218,159.6524001977073,25488.888888888887,721.0,1330.0,954.75,1065.0,110.25,66.5,0.1554551121691405,2,0,931.2924999999999,1118.1074999999998,266.1876947520184,266.1876947520184,0.3498730145607415,0.30001052473776996
ES--MX,ES,MX,9078.13985240458,10,8712.5,9200.0,8806.875,9150.283000232736,721.8004110093963,520995.8333333334,7370.0,9300.0,8265.0,9226.25,961.25,75.0,0.08284653211011722,0,0,8282.4375,9102.075,365.63985240457987,-365.63985240457987,-0.04027695743283033,-0.04111053346947925
ES--MY,ES,MY,11077.974673965115,10,9992.7,10000.0,10028.375,10043.494142867448,412.13591339643176,169856.0111111111,9200.0,10500.0,9834.0,10292.5,458.5,285.0,0.04124369924008844,0,0,9734.975,10221.94,1085.2746739651138,-1085.2746739651138,-0.097966885275128,-0.10310404703811227
ES--NG,ES,NG,3642.923695107211,10,3834.4,3851.5,3867.125,3871.500000117083,352.9608728708861,124581.3777777778,3163.0,4244.0,3680.5,4095.0,414.5,228.5,0.09205113521564941,0,0,3633.055,4034.055,191.4763048927889,191.4763048927889,0.05256116265898173,0.05122639667598114
ES--NL,ES,NL,1481.542258526469,10,1257.0,1250.0,1255.625,1250.741300000279,13.98411797560202,195.55555555555554,1245.0,1280.0,1250.0,1265.0,15.0,2.5,0.011124994411775672,0,0,1249.0,1266.0,224.5422585264689,-224.5422585264689,-0.1515598068392575,-0.1643556821653814
ES--NO,ES,NO,2391.208799044871,10,1819.1,1767.5,1795.125,1772.027466668145,116.63089927916472,13602.766666666666,1730.0,2100.0,1748.5,1872.0,123.5,24.0,0.06411461672209594,1,0,1762.4,1890.3125,572.1087990448709,-572.1087990448709,-0.23925505764004817,-0.27345713845594116
ES--NZ,ES,NZ,19851.726976157825,10,19828.8,19835.0,19826.0,19830.233000001168,93.83768491981839,8805.511111111111,19700.0,19980.0,19762.5,19897.0,134.5,65.0,0.004732393534647502,0,0,19773.8,19878.025,22.926976157825266,-22.926976157825266,-0.0011549109145698433,-0.0011555783381061414
ES--PE,ES,PE,9503.708312480001,10,9226.0,9285.0,9257.5,9260.580000009864,223.66641828103445,50026.666666666664,8700.0,9500.0,9125.0,9347.5,222.5,100.0,0.02424305422512838,1,0,9074.0,9342.0,277.70831248000104,-277.70831248000104,-0.02922104754786322,-0.029656485986745244
ES--PH,ES,PH,11671.011912853837,10,10588.0,10675.0,10591.25,10589.927777802699,287.89658637164223,82884.44444444445,10200.0,10950.0,10300.0,10800.0,500.0,250.0,0.027190837398152836,0,0,10409.0,10753.0,1083.0119128538372,-1083.0119128538372,-0.09279503105134054,-0.09738686878747281
ES--PK,ES,PK,6659.012517572479,10,4902.2,4906.0,4878.375,4892.140142849473,441.5811992777269,194993.95555555556,4295.0,5700.0,4665.0,5200.0,535.0,315.0,0.090078168838017,0,0,4655.95,5172.0375,1756.812517572479,-1756.812517572479,-0.26382478076688154,-0.30628711897711824
ES--PL,ES,PL,2294.1560974438808,10,1717.3,1700.0,1715.375,1700.6666666666667,22.93977622674932,526.2333333333332,1700.0,1750.0,1700.0,1741.25,41.25,0.0,0.013358048230797951,0,0,1704.5,1731.6,576.8560974438808,-576.8560974438808,-0.2514458794179727,-0.2896117723495525
ES--PT,ES,PT,504.8178933567692,10,622.2,562.0,585.25,573.0792000811873,179.712610081269,32296.622222222224,490.0,1050.0,496.25,645.0,148.75,68.0,0.28883415313608,1,0,535.0975,741.5249999999999,117.38210664323083,117.38210664323083,0.23252366484615383,0.20906382743691176
ES--RU,ES,RU,3447.7208209357696,10,2807.0,2800.0,2802.5,2800.25,16.36391694484477,267.7777777777778,2800.0,2850.0,2800.0,2800.0,0.0,0.0,0.0058296818471124945,2,0,2800.0,2817.0,640.7208209357696,-640.7208209357696,-0.18583895106735096,-0.20559708373748353
ES--SA,ES,SA,4976.67214260894,10,3647.9,3730.0,3702.375,3700.7449990976265,333.2127948723858,111030.76666666666,2880.0,3980.0,3522.25,3872.5,350.25,200.0,0.09134373060456312,1,0,3437.8250000000003,3820.9775,1328.7721426089397,-1328.7721426089397,-0.2670001367444616,-0.3106097636500209
ES--SE,ES,SE,2599.80340123646,10,1762.4,1770.0,1766.75,1766.121033332617,26.68416092824439,712.0444444444444,1700.0,1790.0,1750.0,1778.75,28.75,19.5,0.01514080851579913,1,0,1745.9975,1776.0,837.40340123646,-837.40340123646,-0.3221025870026145,-0.38875931075343484
ES--SG,ES,SG,11394.820059047039,10,9729.6,9835.0,9745.0,9766.102000006855,298.87462997792977,89326.04444444444,9236.0,10100.0,9450.0,9957.5,507.5,190.0,0.030718079877685593,0,0,9552.075,9901.025,1665.2200590470384,-1665.2200590470384,-0.1461383374566691,-0.1579860859691636
ES--SN,ES,SN,3146.0652951641023,10,3594.0,3570.0,3641.25,3615.437571259685,526.3332277812856,277026.6666666667,2460.0,4350.0,3377.5,3835.0,457.5,255.0,0.1464477539736465,1,0,3242.825,3894.0,447.9347048358977,447.9347048358977,0.14237934143465797,0.13311322896160926
ES--TH,ES,TH,10195.38770323311,10,8523.7,8175.0,8453.375,8308.443300028051,774.1742626107438,599345.7888888889,7650.0,9960.0,8100.0,8912.5,812.5,311.5,0.09082608052966948,0,0,8080.3425,8994.075,1671.6877032331086,-1671.6877032331086,-0.16396509401040155,-0.17908491319301695
ES--TR,ES,TR,3091.375943481574,10,1925.1,1772.5,1838.875,1775.7533999523341,346.7341120288634,120224.54444444441,1750.0,2790.0,1762.5,1789.0,26.5,13.0,0.18011226015732348,2,0,1767.0,2175.5375,1166.275943481574,-1166.275943481574,-0.37726758725051374,-0.47363836650803126
ES--TZ,ES,TZ,6547.695065885699,10,6053.6,6036.5,6011.875,5914.517857330983,992.143045242077,984347.8222222221,4741.0,7700.0,5272.75,6265.5,992.75,625.0,0.1638930628455922,0,0,5481.69,6651.6625,494.0950658856982,-494.0950658856982,-0.07546091577477311,-0.07845995298017493
ES--UA,ES,UA,2867.9152687436067,10,1879.0,1850.0,1846.25,1846.2499999999757,147.00340132119393,21610.000000000004,1750.0,2270.0,1792.5,1897.5,105.0,50.0,0.07823491289047042,1,0,1813.0,1979.0,988.9152687436067,-988.9152687436067,-0.34482025306725206,-0.4228456581958454
ES--US,ES,US,6103.59738093071,10,6107.0,6150.0,6108.75,6133.5653333347755,121.75111224680181,14823.333333333334,5900.0,6300.0,6025.0,6175.0,150.0,40.0,0.019936320983592895,0,0,6033.0,6176.025,3.4026190692902674,3.4026190692902674,0.0005574776409598986,0.0005573223080268055
ES--VN,ES,VN,10056.382163469798,10,9317.6,9343.0,9323.25,9341.602857121916,412.9296953881294,170510.93333333335,8700.0,9890.0,9050.0,9600.0,550.0,300.0,0.04431717345541013,0,0,9084.0,9560.61,738.7821634697975,-738.7821634697975,-0.07346401036283731,-0.07630238928675281
ES--ZA,ES,ZA,8029.9477888894835,10,8950.5,8752.5,8913.125,8903.479928714445,1035.9280594927645,1073146.9444444447,7800.0,10400.0,8012.5,9950.0,1937.5,802.5,0.11573968599438741,0,0,8322.6875,9584.025,920.5522111105165,920.5522111105165,0.11463987504180596,0.10853137071686811
ET--FI,ET,FI,5790.019542298963,10,5316.5,5420.0,5364.375,5403.3333333441,381.79437455840605,145766.94444444444,4500.0,5750.0,5260.0,5500.0,240.0,135.0,0.07181310534344137,2,0,5081.4,5535.0625,473.51954229896273,-473.51954229896273,-0.08178202834026169,-0.0853204746513722
ET--FJ,ET,FJ,15572.54742661621,10,12266.1,12095.0,12282.625,12231.333333342904,811.9202820748134,659214.5444444445,10900.0,13500.0,11891.25,12775.75,884.5,481.5,0.06619221122237821,0,0,11771.37,12713.7125,3306.4474266162088,-3306.4474266162088,-0.21232540418948484,-0.2386702238904161
ET--FR,ET,FR,5564.644582105378,10,5965.5,5997.5,5979.375,5995.310248999556,279.99454359762876,78396.94444444444,5520.0,6300.0,5816.25,6192.5,376.25,215.0,0.046935637180056784,0,0,5790.4875,6114.025,400.8554178946224,400.8554178946224,0.07203612233990318,0.06955975829350179
ET--GB,ET,GB,5886.122685458142,10,6067.0,6135.0,6117.5,6137.981428325691,219.54751447263325,48201.11111111111,5500.0,6230.0,6100.0,6192.5,92.5,50.0,0.03618716243161913,2,0,5929.975,6168.0,180.87731454185814,180.87731454185814,0.03072945030329073,0.030266755761255495
ET--GH,ET,GH,4312.516347158949,10,3322.5,3416.5,3299.375,3299.3750013536724,375.06155050426946,140671.1666666667,2850.0,3980.0,2957.5,3521.25,563.75,298.5,0.11288534251445281,0,0,3103.5425,3538.2875,990.0163471589494,-990.0163471589494,-0.22956813782541696,-0.2608040613905838
ET--GR,ET,GR,3541.0060008455616,10,3292.5,3276.0,3282.75,3274.4397500058085,265.84216286277007,70672.05555555556,2968.0,3695.0,3068.75,3441.25,372.5,215.0,0.08074173511397724,0,0,3134.0625,3445.725,248.50600084556163,-248.50600084556163,-0.07017949158691641,-0.07276371316842323
ET--IN,ET,IN,4568.968215495237,10,4408.4,4312.5,4356.0,4331.367314274655,271.1183423443636,73505.15555555555,4188.0,5048.0,4225.25,4495.5,270.25,104.0,0.061500395232819985,1,0,4272.2,4584.3550000000005,160.56821549523738,-160.56821549523738,-0.03514321131643792,-0.03577559416560045
ET--IT,ET,IT,4456.489579759943,10,4747.8,4716.5,4716.0,4725.803888847856,542.2243897953033,294007.288888889,4100.0,5650.0,4278.75,5175.0,896.25,475.0,0.11420539824662018,0,0,4446.295,5044.305,291.3104202400573,291.3104202400573,0.06536768795850056,0.06331998648677815
ET--JP,ET,JP,10415.439814966736,10,9335.9,9333.5,9338.625,9366.166666656649,664.4416954606828,441482.7666666668,8250.0,10400.0,9025.0,9757.5,732.5,400.0,0.07117060973882355,0,0,8951.7,9718.0275,1079.5398149667362,-1079.5398149667362,-0.1036480296699006,-0.10942211911323703
ET--KE,ET,KE,1159.806608820494,10,1348.5,1138.5,1263.125,1143.3396249946159,451.63413166952836,203973.38888888888,1110.0,2270.0,1121.0,1167.5,46.5,22.5,0.334915930047852,2,0,1130.2925,1671.2025,188.69339117950608,188.69339117950608,0.16269384028722206,0.1507395889121774
ET--KR,ET,KR,9256.901270317068,10,8863.4,8917.0,8923.0,8918.39714285716,590.4386693147919,348617.8222222222,7550.0,9700.0,8637.5,9175.0,537.5,300.0,0.06661536987101924,1,0,8506.715,9173.4,393.5012703170687,-393.5012703170687,-0.04250896264594064,-0.043438918436879755
ET--MA,ET,MA,5405.302959239058,10,4154.9,4027.5,4130.5,4077.442100072352,485.71263795238707,235916.76666666663,3450.0,5055.0,3852.5,4399.25,546.75,225.5,0.11690116199003275,0,0,3866.5225,4457.3,1250.402959239058,-1250.402959239058,-0.23132893173023664,-0.26309214055433733
ET--MX,ET,MX,14431.004638352826,10,10900.2,10750.0,10989.5,10989.499999938993,689.0292365994993,474761.2888888888,9386.0,11700.0,10637.0,11500.0,863.0,450.0,0.06321253156818217,0,0,10495.995,11291.6,3530.8046383528254,-3530.8046383528254,-0.24466797196981818,-0.2805978541791698
ET--MY,ET,MY,6996.0854221014015,10,8023.1,7900.0,8003.875,8003.874998535619,393.2102773608826,154614.32222222225,7500.0,8700.0,7723.5,8320.25,596.75,315.0,0.04900976896223188,0,0,7793.7925000000005,8235.5225,1027.0145778985989,1027.0145778985989,0.1467984617017607,0.13697411364299059
ET--NG,ET,NG,3425.380993916935,10,3319.8,3369.0,3290.5,3293.6422214750455,363.27179907061327,131966.40000000002,2874.0,4000.0,2979.75,3487.5,507.75,300.0,0.10942580850370903,0,0,3110.54,3512.6275,105.58099391693486,-105.58099391693486,-0.030823138828770878,-0.0313081644774317
ET--NL,ET,NL,5692.490720486377,10,6078.2,6142.5,6046.5,6010.833333231301,747.1875861447974,558289.288888889,5100.0,7310.0,5442.25,6271.75,829.5,522.0,0.12292908856977351,0,0,5636.79,6479.0275,385.7092795136232,385.7092795136232,0.06775755964353465,0.06556071068958987
ET--NO,ET,NO,6109.632738802692,10,5907.6,6000.0,5920.75,5931.788748485871,415.372443316437,172534.26666666666,5310.0,6400.0,5545.25,6219.25,674.0,325.0,0.07031153824166107,0,0,5648.2375,6152.33,202.0327388026917,-202.0327388026917,-0.033067902350262086,-0.03362700559131592
ET--NZ,ET,NZ,14423.0253472428,10,11884.5,11800.0,11918.125,11940.833333330447,733.418366282165,537902.5,10600.0,12900.0,11761.25,12325.0,563.75,450.0,0.06171217689277336,2,0,11513.8875,12304.5125,2538.5253472427994,-2538.5253472427994,-0.1760050534562834,-0.1935908819267666
ET--PE,ET,PE,13010.580677525299,10,11280.0,11300.0,11287.5,11266.241431567096,872.7988186161675,761777.7777777778,10000.0,12500.0,10575.0,11800.0,1225.0,650.0,0.07737578179221344,0,0,10769.75,11780.0,1730.5806775252986,-1730.5806775252986,-0.13301333125851436,-0.14273167862721015
ET--PH,ET,PH,8943.42800028437,10,9713.0,9860.0,9785.0,9784.999999998017,778.3037110708561,605756.6666666667,7950.0,10900.0,9427.5,10150.0,722.5,375.0,0.08013010512414868,1,0,9195.85,10142.025,769.5719997156302,769.5719997156302,0.08604888412934733,0.08254623350913735
ET--PK,ET,PK,4460.31441309416,10,4123.7,4179.0,4153.625,4172.3737749537695,287.80164851662835,82829.78888888888,3560.0,4448.0,4012.0,4336.75,324.75,186.5,0.06979209169353454,0,0,3939.46,4278.1,336.6144130941602,-336.6144130941602,-0.07546876339164794,-0.0784684411558668
ET--PL,ET,PL,5054.603703831145,10,4247.8,4092.0,4181.375,4111.8055332906415,398.26255996097177,158613.06666666662,3837.0,5190.0,4036.75,4415.5,378.75,91.0,0.09375737086514707,1,0,4045.8675,4511.98,806.803703831145,-806.803703831145,-0.15961759835288902,-0.1738982506790098
ET--PT,ET,PT,5784.177787414981,10,5289.6,5217.5,5255.25,5224.3333333765195,309.8989799560137,96037.37777777779,4934.0,5920.0,5125.0,5335.75,210.75,133.0,0.058586467777528295,2,0,5125.2625,5508.9349999999995,494.5777874149808,-494.5777874149808,-0.08550528797559896,-0.08938359353600349
ET--RU,ET,RU,5182.912971370709,10,4595.7,4265.5,4524.625,4306.178699972873,591.8718048136212,350312.23333333334,4100.0,5660.0,4232.75,5076.5,843.75,98.5,0.12878817259908637,0,0,4305.839999999999,4958.5175,587.212971370709,-587.212971370709,-0.11329786446624641,-0.12024616419290299
ET--SA,ET,SA,1928.2054708788808,10,2464.0,2347.5,2424.0,2359.7194428925413,312.27124961054824,97513.33333333333,2198.0,3050.0,2276.75,2446.5,169.75,98.5,0.12673346169259264,2,0,2304.4825,2659.66,535.7945291211192,535.7945291211192,0.27787211332664813,0.24519628312870065
ET--SE,ET,SE,5846.588012893221,10,5934.3,5972.5,5895.375,5895.374998493639,626.565071551941,392583.7888888889,5060.0,7120.0,5418.75,6303.25,884.5,450.0,0.1055836529248506,0,0,5582.9875,6308.662499999999,87.7119871067789,87.7119871067789,0.015002252067932879,0.014890831277429972
ET--SG,ET,SG,7265.102216993072,10,6322.9,6343.0,6333.625,6327.165833327184,404.7620563024926,163832.3222222222,5710.0,6850.0,5977.5,6667.5,690.0,387.5,0.06401525507322472,0,0,6093.87,6552.205,942.2022169930724,-942.2022169930724,-0.1296887764069254,-0.1389044030351072
ET--SN,ET,SN,6138.121973536205,10,4581.6,4477.5,4527.0,4492.998871394085,444.6612193569392,197723.60000000003,4000.0,5600.0,4341.0,4668.25,327.25,158.5,0.09705369725793155,1,0,4344.6725,4862.337500000001,1556.5219735362043,-1556.5219735362043,-0.25358277014483693,-0.29247054577228865
ET--TH,ET,TH,6750.299737881846,10,6833.1,6846.0,6866.375,6894.8333335141515,701.5832016866487,492218.98888888885,5570.0,7830.0,6483.0,7291.25,808.25,441.5,0.10267421839086925,0,0,6395.3425,7236.7725,82.80026211815402,82.80026211815402,0.01226616081260647,0.012191541041126006
ET--TR,ET,TR,3471.2514729888712,10,3637.6,3612.5,3619.25,3578.846728536464,318.96645591660575,101739.6,3172.0,4250.0,3464.5,3635.75,171.25,133.5,0.08768596214993561,3,0,3466.25,3842.1275,166.34852701112868,166.34852701112868,0.04792177354638518,0.046808939550271586
ET--TZ,ET,TZ,1714.3873971546066,10,2179.7,2156.0,2135.5,2135.5000000931486,350.3176495062097,122722.45555555559,1665.0,3048.0,2040.25,2196.25,156.0,112.5,0.1607182866936779,2,0,1995.395,2404.4125,465.31260284539326,465.31260284539326,0.27141625260292934,0.24013143867185438
ET--UA,ET,UA,4651.905379290357,10,4019.4,4123.5,4066.75,4081.994757193848,315.8066215617118,99733.82222222224,3360.0,4300.0,3838.75,4274.25,435.5,176.5,0.0785705880384415,0,0,3836.8075,4183.6975,632.5053792903568,-632.5053792903568,-0.13596694853385966,-0.14614425689801092
ET--US,ET,US,11530.640207862776,10,10035.0,9900.0,9968.75,9908.333333333365,432.08152522926093,186694.44444444444,9600.0,11000.0,9812.5,10000.0,187.5,100.0,0.043057451442876024,2,0,9815.0,10330.125,1495.6402078627762,-1495.6402078627762,-0.12971007514768304,-0.13892887589125558
ET--VN,ET,VN,7294.24449951952,10,6777.3,6650.0,6740.0,6676.833333403517,579.7380730410358,336096.2333333334,6053.0,7800.0,6590.5,6789.75,199.25,139.5,0.08554115548094902,4,0,6457.295,7163.065,516.9444995195199,-516.9444995195199,-0.0708701908132599,-0.07350681991160879
ET--ZA,ET,ZA,4007.191456170527,10,6564.3,6370.0,6569.875,6504.2297997968,722.6645218295355,522244.01111111115,5334.0,7750.0,6262.5,7043.25,780.75,365.0,0.11009011194332,0,0,6135.2875,6998.9175,2557.108543829473,2557.108543829473,0.6381298652181631,0.49355526508313435
FI--FJ,FI,FJ,14881.524051042496,10,14290.0,14550.0,14362.5,14480.695999954782,636.7451958550174,405444.4444444445,13000.0,15000.0,14100.0,14600.0,500.0,200.0,0.04455879607102991,1,0,13880.0,14610.25,591.5240510424956,-591.5240510424956,-0.03974888922758268,-0.0405604550034284
FI--FR,FI,FR,1913.0642944778042,10,1599.5,1575.0,1588.125,1575.8333333326466,99.28774121489296,9858.055555555555,1490.0,1800.0,1562.5,1588.75,26.25,15.0,0.06207423645820129,4,0,1544.0,1657.5125,313.5642944778042,-313.5642944778042,-0.1639068249733842,-0.17901521872678264
FI--GB,FI,GB,1825.9330131984918,10,1630.0,1615.0,1637.5,1637.3135716997215,114.0175425099138,13000.0,1400.0,1800.0,1582.5,1700.0,117.5,75.0,0.0699494125827692,1,0,1561.975,1694.0,195.93301319849184,-195.93301319849184,-0.10730569620145891,-0.11351108168584537
FI--GH,FI,GH,6421.808628793435,10,6476.3,6325.0,6426.625,6430.550003552497,905.4177734308314,819781.3444444444,5350.0,8000.0,5682.25,7177.5,1495.25,750.0,0.13980479184578098,0,0,5948.5425000000005,7020.025,54.49137120656542,54.49137120656542,0.008485362046175388,0.008449563726896326
FI--GR,FI,GR,2469.446523502244,10,1901.5,1787.5,1888.75,1807.5824000032576,175.48425063868902,30794.722222222226,1745.0,2160.0,1763.75,2087.5,323.75,40.0,0.09228727354125113,0,0,1797.4875,2002.5125,567.946523502244,-567.946523502244,-0.22998939968813942,-0.26135099759038694
FI--IN,FI,IN,5227.813402791738,10,5149.0,5094.5,5124.375,5126.633999941089,508.4706918244595,258542.44444444447,4445.0,6050.0,4801.25,5477.75,676.5,370.0,0.09875134818886376,0,0,4844.02,5435.2474999999995,78.81340279173764,-78.81340279173764,-0.015075787278415485,-0.0151905821695961
FI--IT,FI,IT,2204.4886323251985,10,1808.0,1762.5,1794.375,1764.3710714865183,88.0719402912566,7756.666666666667,1750.0,1975.0,1750.0,1837.5,87.5,12.5,0.04871235635578351,1,0,1760.9875,1862.0,396.4886323251985,-396.4886323251985,-0.17985514940351477,-0.19827430725521017
FI--JP,FI,JP,7840.181225242526,10,7497.0,7500.0,7496.25,7484.627142878516,203.527229955437,41423.333333333336,7200.0,7800.0,7350.0,7575.0,225.0,150.0,0.02714782312330759,0,0,7376.925,7620.0,343.1812252425261,-343.1812252425261,-0.04377210365209514,-0.04475900903884117
FI--KE,FI,KE,6893.053879094669,10,7593.5,7625.0,7626.875,7658.333333179531,864.9407494158198,748122.5,6120.0,8800.0,7312.5,8012.5,700.0,400.0,0.11390541244693748,1,0,7025.425,8051.55,700.4461209053306,700.4461209053306,0.1016162260140823,0.09677839782099987
FI--KR,FI,KR,7076.449214426985,10,7124.9,7189.5,7206.125,7204.833333335106,347.1696511313549,120526.76666666666,6200.0,7400.0,7140.0,7312.5,172.5,110.0,0.04872624894824558,1,0,6898.95,7280.902499999999,48.4507855730144,48.4507855730144,0.006846765108443967,0.006823432453810706
FI--MA,FI,MA,3705.568629466575,10,3382.2,3408.0,3384.5,3399.3669333489293,147.36259136338955,21715.733333333334,3166.0,3580.0,3261.0,3497.5,236.5,92.0,0.04357004061362118,0,0,3290.7525,3465.9025,323.3686294665754,-323.3686294665754,-0.08726558911772875,-0.09131033787762144
FI--MX,FI,MX,9855.858846180436,10,8813.4,8717.0,8754.25,8732.931427578493,391.9410953475308,153617.82222222222,8400.0,9700.0,8525.0,8900.0,375.0,200.0,0.04447104356406504,1,0,8610.0,9100.0,1042.458846180436,-1042.458846180436,-0.10577047241138535,-0.1117927944921353
FI--MY,FI,MY,8971.024211314423,10,7980.0,7846.0,7865.0,7834.999999994726,602.9785328775073,363583.1111111111,7410.0,9470.0,7706.0,7937.5,231.5,136.0,0.0755612196588355,2,0,7663.585,8366.635,991.0242113144232,-991.0242113144232,-0.11046946123102921,-0.11706143995410388
FI--NG,FI,NG,5852.2306591964625,10,5696.0,5530.0,5688.75,5688.7499983192865,755.2365339562317,570382.2222222224,4450.0,7000.0,5250.0,6275.0,1025.0,525.0,0.1325906836299564,0,0,5240.85,6140.0,156.2306591964625,-156.2306591964625,-0.026695916188975655,-0.027058723718540657
FI--NL,FI,NL,1506.1678883392688,10,1030.0,945.0,1003.75,955.3522143777155,207.24381776062705,42950.0,870.0,1400.0,881.25,1106.25,225.0,72.5,0.2012075900588612,0,0,917.975,1167.025,476.16788833926876,-476.16788833926876,-0.31614529298211314,-0.38000980056371275
FI--NO,FI,NO,789.3307636306301,10,859.1,849.0,861.375,856.8333333442594,103.34134377553512,10679.433333333332,650.0,1050.0,834.75,887.5,52.75,36.0,0.12029023836053442,2,0,795.9925,917.91,69.76923636936988,69.76923636936988,0.08839036761782493,0.08469987784904284
FI--NZ,FI,NZ,17068.725016057746,10,15507.0,15250.0,15536.25,15453.1765970006,1564.7509564002687,2448445.5555555555,13000.0,17780.0,14787.5,16825.0,2037.5,955.0,0.10090610410783961,0,0,14603.9,16463.025,1561.725016057746,-1561.725016057746,-0.09149629012058731,-0.09595630763260575
FI--PE,FI,PE,11822.926389926623,10,9620.0,9525.0,9581.25,9580.1624999344,348.16981808051975,121222.22222222222,9250.0,10300.0,9325.0,9800.0,475.0,250.0,0.03619228878175881,0,0,9420.0,9830.0,2202.9263899266225,-2202.9263899266225,-0.18632666036080214,-0.20619629617760404
FI--PH,FI,PH,8939.979930604915,10,9124.2,9300.0,9130.25,9143.795600138961,618.0725955204076,382013.7333333334,8300.0,9900.0,8503.5,9575.0,1071.5,482.0,0.0677399219131987,0,0,8751.4,9475.725,184.22006939508537,184.22006939508537,0.020606318003514836,0.020396880108207376
FI--PK,FI,PK,4543.885658949807,10,4378.2,4317.5,4373.125,4336.166666640913,577.9107582009912,333980.84444444446,3550.0,5247.0,4003.0,4655.0,652.0,357.5,0.1319973409622656,0,0,4028.7650000000003,4707.3150000000005,165.68565894980748,-165.68565894980748,-0.03646343050544566,-0.03714483700153316
FI--PL,FI,PL,915.2000736428832,10,1097.7,1058.5,1087.125,1066.1666666496037,148.74889355330794,22126.233333333337,880.0,1400.0,1040.0,1100.0,60.0,41.5,0.1355096051319194,3,0,1019.39,1186.0749999999998,182.4999263571168,182.4999263571168,0.19940986852272632,0.18182965960130354
FI--PT,FI,PT,3365.791975654019,10,2896.6,2900.0,2903.625,2906.9593750031236,83.1894758301126,6920.488888888888,2750.0,2987.0,2871.25,2968.75,97.5,62.5,0.02871969751781834,0,0,2846.9875,2942.6025,469.1919756540192,-469.1919756540192,-0.13940017061299484,-0.15012565682654752
FI--RU,FI,RU,895.568901558974,10,1397.3,1400.0,1385.375,1387.5446110836717,100.4191770087323,10084.011111111111,1290.0,1600.0,1303.75,1449.5,145.75,77.5,0.07186658341711323,0,0,1343.975,1458.405,501.731098441026,501.731098441026,0.5602372944925071,0.4448379215477819
FI--SA,FI,SA,4292.210711697853,10,4079.3,4090.0,4080.5,4105.666666659521,242.31111773457232,58714.67777777777,3679.0,4470.0,4056.0,4182.5,126.5,75.0,0.059400171042721134,3,0,3936.54,4212.447499999999,212.910711697853,-212.910711697853,-0.049603974734416696,-0.0508765125525531
FI--SE,FI,SE,394.8329300638056,10,546.0,550.0,535.0,539.9458333326523,117.13714658941933,13721.111111111113,400.0,780.0,451.25,600.0,148.75,62.5,0.21453689851542002,0,0,477.9875,617.5125,151.16706993619442,151.16706993619442,0.38286337948500293,0.3241562621811658
FI--SG,FI,SG,9269.41231436185,10,7744.6,7832.5,7818.25,7794.340956097125,591.7674468159863,350188.7111111112,6400.0,8500.0,7505.0,7986.75,481.75,279.5,0.07641033065826335,1,0,7367.09,8083.902499999999,1524.8123143618504,-1524.8123143618504,-0.16449935148524306,-0.17972415474740053
FI--SN,FI,SN,6097.2656329221945,10,5964.7,5848.5,5868.375,5733.741522818979,1108.2041578858814,1228116.4555555554,4800.0,7900.0,5050.0,6092.5,1042.5,648.5,0.18579377971832303,2,0,5327.65,6591.0599999999995,132.5656329221947,-132.5656329221947,-0.021741816890247716,-0.021981652877021335
FI--TH,FI,TH,7892.355050494185,10,7552.7,7600.0,7580.875,7618.389271995841,275.52295730120204,75912.90000000001,7000.0,7880.0,7525.0,7715.25,190.25,113.5,0.03648006107765462,2,0,7374.0,7696.4,339.65505049418516,-339.65505049418516,-0.04303595673548891,-0.04398946058142444
FI--TR,FI,TR,2318.7683066331742,10,1890.0,1780.0,1866.25,1784.0216666677188,211.09502862718276,44561.11111111111,1700.0,2270.0,1761.25,2061.25,300.0,25.0,0.11169049133713374,0,0,1765.4625,2024.525,428.76830663317423,-428.76830663317423,-0.1849120955321927,-0.204459313314848
FI--TZ,FI,TZ,7418.969801469933,10,7359.6,7169.0,7338.5,7194.202666649301,686.699546138387,471556.2666666666,6178.0,8710.0,7112.5,7497.5,385.0,80.0,0.09330663978183419,3,0,6996.985,7764.7300000000005,59.36980146993301,-59.36980146993301,-0.008002432016662201,-0.008034623329969282
FI--UA,FI,UA,1140.0561693095046,10,1551.2,1560.0,1552.125,1552.1249999970776,62.11065394385518,3857.7333333333336,1450.0,1645.0,1500.0,1600.0,100.0,50.0,0.04004039062909694,0,0,1513.9,1583.7075,411.1438306904954,411.1438306904954,0.36063471411194764,0.3079512924295659
FI--US,FI,US,6946.711977616074,10,7081.0,7190.0,7112.5,7136.395285742247,366.46812806694237,134298.88888888888,6440.0,7470.0,6775.0,7375.0,600.0,235.0,0.051753725189513114,0,0,6858.975,7284.0,134.28802238392564,134.28802238392564,0.01933116311956404,0.01914668978439901
FI--VN,FI,VN,7500.56964538643,10,7130.4,7357.5,7163.0,7261.520701439216,464.8594052685894,216094.26666666663,6400.0,7600.0,6715.75,7522.5,806.75,217.5,0.0651940150999368,0,0,6845.855,7402.1225,370.1696453864306,-370.1696453864306,-0.04935220428412666,-0.05061163654182334
FI--ZA,FI,ZA,9522.764258248177,10,9505.5,9550.0,9581.875,9594.31714267519,768.080037785415,589946.9444444446,7700.0,10700.0,9433.75,9875.0,441.25,300.0,0.08080374917525801,2,0,9013.4,9903.125,17.264258248176702,-17.264258248176702,-0.0018129460921205943,-0.0018145914678394256
FJ--FR,FJ,FR,16576.81749979109,10,16809.5,16790.0,16761.875,16770.692714283796,375.1625573593991,140746.9444444444,16300.0,17700.0,16606.25,16897.5,291.25,135.0,0.02231848403339773,1,0,16598.975,17036.0,232.68250020890991,232.68250020890991,0.014036620733252465,0.013939019638406923
FJ--GB,FJ,GB,16299.555426240808,10,17255.1,17242.5,17243.875,17241.833333363888,350.9227360355363,123146.76666666666,16800.0,17800.0,17016.5,17475.0,458.5,250.0,0.020337334239473332,0,0,17050.0,17467.115,955.5445737591908,955.5445737591908,0.058623965425514034,0.05696991897778264
FJ--GH,FJ,GH,18604.884835041765,10,16790.1,16745.0,16727.5,16741.808554031348,751.5303571897663,564797.8777777777,15900.0,18181.0,16200.0,17357.5,1157.5,645.0,0.0447603264536701,0,0,16318.725,17245.325,1814.7848350417662,-1814.7848350417662,-0.0975434597490048,-0.10263474478112562
FJ--GR,FJ,GR,16718.893493199037,10,16855.6,16768.0,16832.0,16811.089742862925,549.9606450566359,302456.7111111111,16200.0,17700.0,16423.5,17301.5,878.0,419.0,0.03262777029928546,0,0,16537.6,17182.01,136.7065068009615,136.7065068009615,0.0081767676106419,0.008143518967683618
FJ--IN,FJ,IN,12028.323263938093,10,10639.4,10350.0,10595.5,10595.499999925194,1152.6881817926496,1328690.0444444446,9060.0,12570.0,9889.5,11589.75,1700.25,938.5,0.10834146491274411,0,0,10035.2325,11318.6675,1388.9232639380934,-1388.9232639380934,-0.11547106221381663,-0.12270004937006254
FJ--IT,FJ,IT,17055.863339691525,10,16781.5,16700.0,16720.0,16726.666666661957,362.8900200703605,131689.16666666663,16400.0,17655.0,16595.0,16875.0,280.0,170.0,0.021624409026032267,1,0,16580.0,17014.55,274.36333969152474,-274.36333969152474,-0.01608615959375334,-0.01621694632629098
FJ--JP,FJ,JP,7219.789289468397,10,7315.6,7183.0,7319.875,7315.600000011393,839.4358158244673,704652.4888888891,6247.0,8350.0,6530.75,8108.0,1577.25,845.0,0.11474599702341125,0,0,6827.62,7796.1225,95.81071053160304,95.81071053160304,0.013270568806123385,0.013183286153573831
FJ--KE,FJ,KE,15310.34174379079,10,15891.6,16235.5,16014.5,16230.252142824293,1259.010210884372,1585106.711111111,13500.0,17300.0,15825.0,16593.75,768.75,475.0,0.07922488678826374,2,0,15109.59,16534.762499999997,581.2582562092102,581.2582562092102,0.03796507393082479,0.037262136712121544
FJ--KR,FJ,KR,8184.830871623246,10,8193.1,7907.5,8070.5,8051.958814380562,849.0883280842394,720950.988888889,7200.0,10167.0,7670.0,8532.25,862.25,404.5,0.1036345617756697,1,0,7745.8725,8743.1325,8.269128376754452,8.269128376754452,0.0010102992360445059,0.0010097892272501476
FJ--MA,FJ,MA,18168.663542293107,10,16874.3,16700.0,16909.75,16745.173333328155,676.5192039649232,457678.2333333334,15665.0,17800.0,16525.0,17419.5,894.5,200.0,0.0400916899643199,0,0,16482.89,17280.0,1294.3635422931075,-1294.3635422931075,-0.07124153844778298,-0.0739065723028767
FJ--MX,FJ,MX,9915.918583166904,10,14097.5,14420.0,14232.5,14319.563000671813,1951.9438317283164,3810084.722222222,10800.0,16315.0,13047.5,15775.0,2727.5,1480.0,0.13846028244215758,0,0,12934.95,15136.0375,4181.581416833096,4181.581416833096,0.421703887719659,0.35185607321275675
FJ--MY,FJ,MY,8728.573834583456,10,9105.8,8950.0,9158.75,9110.43410207264,1885.9158576729299,3556678.622222223,6388.0,11400.0,7612.5,10897.5,3285.0,1805.0,0.2071114957140427,0,0,7956.125,10130.075,377.22616541654315,377.22616541654315,0.0432173883804404,0.04230958036080789
FJ--NG,FJ,NG,18616.55968810009,10,16459.7,16450.0,16455.875,16455.877722215588,343.27573950591574,117838.23333333332,16000.0,16950.0,16212.0,16707.25,495.25,307.5,0.020855528321045688,0,0,16249.567500000001,16662.8425,2156.8596881000885,-2156.8596881000885,-0.11585705007992304,-0.12313652136344604
FJ--NL,FJ,NL,16165.585758358455,10,16750.7,16774.0,16750.875,16766.166666665893,145.56102194994065,21188.011111111104,16500.0,17000.0,16712.25,16800.0,87.75,50.0,0.008689847107878516,3,0,16667.539999999997,16831.629999999997,585.114241641546,585.114241641546,0.03619505351601696,0.03555540171027682
FJ--NO,FJ,NO,15261.03378993224,10,16897.7,16850.0,16925.0,16885.21714288498,421.27796313386983,177475.12222222218,16077.0,17500.0,16725.0,17075.0,350.0,200.0,0.024931083113907206,1,0,16653.0425,17140.0,1636.6662100677604,1636.6662100677604,0.10724477991441675,0.10187474935028476
FJ--NZ,FJ,NZ,2591.8075392647534,10,2183.1,2164.0,2178.875,2169.1422000000025,104.47057001854637,10914.099999999999,2000.0,2400.0,2145.0,2195.75,50.75,29.0,0.0478542302315727,3,0,2125.5,2245.8125,408.70753926475345,-408.70753926475345,-0.1576920867282823,-0.17160963886734165
FJ--PE,FJ,PE,11096.316981305765,10,12029.4,11950.0,11756.25,11764.081108543467,1665.6474350167198,2774381.3777777776,10270.0,15974.0,10850.0,12387.5,1537.5,1050.0,0.13846471436785873,1,0,11156.925,13049.974999999999,933.0830186942349,933.0830186942349,0.08408943438315818,0.08074040365768692
FJ--PH,FJ,PH,7270.00795998326,10,3527.0,3135.0,3443.25,3196.4224000430454,664.1962561371953,441156.66666666674,2998.0,4726.0,3036.0,3885.5,849.5,136.0,0.1883176229478864,0,0,3155.18,3903.7899999999995,3743.0079599832598,-3743.0079599832598,-0.5148561020271398,-0.7233097351992025
FJ--PK,FJ,PK,12498.588968944085,10,13079.0,13195.0,13223.75,13168.36975520173,1323.2889161311507,1751093.5555555555,10500.0,14500.0,12227.0,14260.0,2033.0,1197.0,0.1011766125950876,0,0,12292.644999999999,13820.449999999999,580.4110310559154,580.4110310559154,0.04643812453534506,0.04539213505494034
FJ--PL,FJ,PL,15740.327157401141,10,16772.5,16750.0,16756.25,16756.250000400258,273.97536385594964,75062.5,16300.0,17375.0,16662.5,16875.0,212.5,125.0,0.016334795877534634,2,0,16620.0,16937.5,1032.1728425988586,1032.1728425988586,0.06557505649515857,0.0635146125862848
FJ--PT,FJ,PT,17608.392189885468,10,17106.7,16750.0,17012.375,16971.933333359375,836.679156613281,700032.0111111111,16200.0,18768.0,16545.5,17691.75,1146.25,500.0,0.048909442301161586,0,0,16636.71,17626.844999999998,501.6921898854671,-501.6921898854671,-0.028491652416377165,-0.028905417732568328
FJ--RU,FJ,RU,14698.654341884276,10,16180.3,16000.0,16165.625,16168.671111122872,458.7335343699603,210436.45555555556,15600.0,16878.0,15925.0,16587.5,662.5,400.0,0.028351361493294952,0,0,15940.0,16466.31,1481.6456581157236,1481.6456581157236,0.10080144914311835,0.0960385046414957
FJ--SA,FJ,SA,14993.206576183224,10,16408.5,16481.5,16444.375,16484.666666660076,631.3312653961204,398579.1666666667,15300.0,17230.0,16214.5,16764.75,550.25,307.0,0.0384758671052272,1,0,16034.557499999999,16770.6275,1415.2934238167763,1415.2934238167763,0.09439564622987162,0.0902022896526068
FJ--SE,FJ,SE,15161.365121374429,10,16743.4,16725.0,16754.25,16752.80119999049,308.09818059977067,94924.48888888891,16300.0,17100.0,16500.0,16996.0,496.0,242.0,0.01840117184083105,0,0,16564.875,16931.84,1582.0348786255727,1582.0348786255727,0.10434646655895297,0.0992537270259187
FJ--SG,FJ,SG,8434.22672283059,10,6113.2,6168.5,6141.875,6128.045966679022,360.2051267449331,129747.73333333334,5497.0,6500.0,5808.75,6450.0,641.25,325.5,0.058922516316320936,0,0,5893.915,6310.1475,2321.02672283059,-2321.02672283059,-0.2751914074763734,-0.3218476692965591
FJ--SN,FJ,SN,18292.51736528745,10,16603.6,16715.0,16592.0,16593.317142857188,416.17816697499484,173204.2666666667,16000.0,17300.0,16226.0,16800.0,574.0,300.0,0.025065538014345978,0,0,16355.395,16848.02,1688.9173652874524,-1688.9173652874524,-0.09232831827140445,-0.09687254976744458
FJ--TH,FJ,TH,9249.359232089999,10,8234.9,7860.5,8135.25,8104.523567862657,1412.4899566997913,1995127.8777777783,6537.0,10730.0,7121.25,9239.5,2118.25,1025.0,0.17152484628833276,0,0,7402.5775,9044.644999999999,1014.4592320899992,-1014.4592320899992,-0.1096788660311089,-0.11617305665337566
FJ--TR,FJ,TR,15929.245910545002,10,16282.9,16339.5,16341.125,16342.444242832824,542.2173508433269,293999.6555555555,15200.0,16900.0,16000.0,16707.5,707.5,365.5,0.033299802298320746,0,0,15957.9975,16582.022500000003,353.65408945499803,353.65408945499803,0.022201558783199057,0.02195869228063776
FJ--TZ,FJ,TZ,15125.289672800167,10,16237.4,16407.0,16271.75,16378.261333303522,508.01141719453506,258075.59999999995,15300.0,16900.0,16021.5,16525.5,504.0,160.0,0.031286500128994484,0,0,15890.985,16510.815,1112.1103271998327,1112.1103271998327,0.0735265473427423,0.07094906774004622
FJ--UA,FJ,UA,15437.65678215794,10,16618.1,16690.0,16664.375,16674.763875004573,269.5685647680588,72667.21111111113,16000.0,16866.0,16525.0,16800.0,275.0,132.5,0.016221382996134265,1,0,16450.4125,16763.602499999997,1180.4432178420593,1180.4432178420593,0.076465180856097,0.07368269253010813
FJ--US,FJ,US,12497.831524726587,10,16438.0,16500.0,16447.5,16463.91333333633,187.95980657813226,35328.88888888889,16100.0,16700.0,16325.0,16560.0,235.0,100.0,0.011434469313671508,0,0,16325.85,16546.0,3940.1684752734127,3940.1684752734127,0.31526817012038505,0.27404057648897834
FJ--VN,FJ,VN,9022.601376117009,10,9063.7,9155.0,9067.125,9063.700000190895,1283.9172740744111,1648443.5666666664,7500.0,10600.0,7852.75,10112.5,2259.75,1170.0,0.1416548731836238,0,0,8313.567500000001,9793.0425,41.09862388299189,41.09862388299189,0.004555074769431873,0.0045447318130871035
FJ--ZA,FJ,ZA,14189.452435443198,10,16248.0,16300.0,16331.625,16352.761750039648,619.3597052153493,383606.44444444444,14957.0,16870.0,16125.0,16752.5,627.5,405.0,0.0381191349837118,1,0,15856.7,16575.707499999997,2058.547564556802,2058.547564556802,0.1450758987298797,0.13547092190964183
FR--GB,FR,GB,341.1497977927973,10,343.9,344.0,343.875,343.8888888888889,0.5676462121975466,0.32222222222222213,343.0,345.0,344.0,344.0,0.0,0.0,0.0016506141674834157,3,0,343.6,344.2,2.750202207202676,2.750202207202676,0.008061567748233153,0.008029246899234366
FR--GH,FR,GH,4807.153141334028,10,4972.6,4965.0,4960.75,4964.333333332427,88.62430065544476,7854.2666666666655,4850.0,5190.0,4942.5,4984.5,42.0,23.0,0.017822527582239622,2,0,4929.6,5028.04,165.4468586659723,165.4468586659723,0.03441680633042186,0.033837795762724034
FR--GR,FR,GR,2101.148656258638,10,1723.0,1725.0,1723.75,1725.0,13.98411797560202,195.55555555555554,1700.0,1740.0,1720.0,1730.0,10.0,5.0,0.00811614508160303,2,0,1714.5,1730.5,378.14865625863786,-378.14865625863786,-0.17997234756915276,-0.19841721681578528
FR--IN,FR,IN,6600.894573294016,10,6692.0,6695.0,6692.5,6694.195666666784,29.363620727393652,862.2222222222221,6630.0,6750.0,6682.5,6700.0,17.5,5.0,0.00438786920612577,2,0,6674.975,6710.0,91.10542670598443,91.10542670598443,0.013801981791162056,0.013707601868920262
FR--IT,FR,IT,1108.1927290162205,10,1100.5,1100.0,1100.0,1100.111111111111,1.5811388300841898,2.5000000000000004,1100.0,1105.0,1100.0,1100.0,0.0,0.0,0.0014367458701355655,1,0,1100.0,1101.5,7.692729016220483,-7.692729016220483,-0.006941688764777923,-0.006965894369789849
FR--JP,FR,JP,9737.965704971102,10,9677.0,9700.0,9681.25,9699.666666666666,44.23422506008969,1956.666666666667,9600.0,9720.0,9662.5,9700.0,37.5,0.0,0.004571068002489376,2,0,9649.925,9701.025,60.96570497110224,-60.96570497110224,-0.006260620217627184,-0.006280300082150653
FR--KE,FR,KE,6470.452307387349,10,5879.0,5930.0,5915.0,5935.720625038712,364.3624569024641,132760.0,5200.0,6270.0,5740.0,6175.0,435.0,237.5,0.061976944531802025,0,0,5667.5,6076.025,591.4523073873488,-591.4523073873488,-0.09140818590256583,-0.0958593350552943
FR--KR,FR,KR,8989.261845586849,10,8957.0,8900.0,8921.25,8920.000000039267,310.8071928239614,96601.11111111111,8600.0,9600.0,8790.0,9125.0,335.0,215.0,0.0346999210476679,0,0,8792.0,9150.0,32.26184558684872,-32.26184558684872,-0.003588931565352857,-0.0035953872308327676
FR--MA,FR,MA,1814.6775669616386,10,1981.1,1965.0,1968.875,1972.063274963078,170.5549439004595,29088.98888888889,1800.0,2260.0,1824.75,2087.0,262.25,143.5,0.08609103220456288,0,0,1893.385,2075.05,166.4224330383613,166.4224330383613,0.09170909260591494,0.087744443119741
FR--MX,FR,MX,9207.427444723564,10,9207.3,9200.0,9201.625,9200.24999999786,18.96224318657122,359.5666666666667,9200.0,9260.0,9200.0,9200.0,0.0,0.0,0.002059479237840759,2,0,9200.0,9219.3,0.1274447235646221,-0.1274447235646221,-1.3841512662438189e-05,-1.3841608457102814e-05
FR--MY,FR,MY,10429.064210826338,10,9692.3,9610.0,9615.375,9608.666666652924,388.7790146371358,151149.12222222224,9300.0,10700.0,9552.5,9669.0,116.5,63.5,0.040112152392841306,3,0,9507.795,9960.93,736.764210826339,-736.764210826339,-0.0706452847477446,-0.07326478823078951
FR--NG,FR,NG,4437.067941067861,10,4276.6,4194.0,4229.5,4205.433600004327,202.2189132818414,40892.48888888889,4150.0,4780.0,4153.75,4257.5,103.75,44.0,0.047284972473890796,2,0,4181.29,4403.52,160.46794106786092,-160.46794106786092,-0.036165310786122735,-0.03683548329466073
FR--NL,FR,NL,428.39172758992953,10,400.7,402.5,392.125,394.2195222263656,59.67700096724403,3561.3444444444444,345.0,525.0,346.0,430.0,84.0,44.5,0.14893187164273528,0,0,370.9975,435.1125,27.691727589929542,-27.691727589929542,-0.06464113521920517,-0.0668250107308841
FR--NO,FR,NO,1343.5166138500856,10,1400.0,1375.0,1393.75,1395.6883333333697,84.98365855987974,7222.222222222222,1300.0,1550.0,1350.0,1450.0,100.0,75.0,0.06070261325705696,0,0,1350.0,1450.0,56.483386149914395,56.483386149914395,0.042041449705672945,0.041181721528181996
FR--NZ,FR,NZ,18980.580816307895,10,18622.0,18600.0,18565.0,18565.000000000327,520.8149596759124,271248.22222222225,17900.0,19800.0,18276.75,18841.0,564.25,300.0,0.027967724179782643,1,0,18333.2,18945.7775,358.58081630789457,-358.58081630789457,-0.018891983326443103,-0.01907271673868686
FR--PE,FR,PE,10245.869499110875,10,9540.0,9450.0,9531.25,9509.304000068918,286.5503640044994,82111.1111111111,9200.0,9950.0,9362.5,9825.0,462.5,200.0,0.030036725786635157,0,0,9375.0,9715.0,705.869499110875,-705.869499110875,-0.06889307922301076,-0.0713811632111965
FR--PH,FR,PH,10757.705538010932,10,10295.0,10275.0,10306.25,10308.333333408515,454.9786319768826,207005.55555555556,9600.0,10900.0,10007.5,10667.5,660.0,360.0,0.04419413618036742,0,0,10015.95,10567.025,462.7055380109323,-462.7055380109323,-0.04301154520134645,-0.04396395155320302
FR--PK,FR,PK,5940.239053946842,10,5877.0,6125.0,5838.75,5838.749999903559,668.4484522633987,446823.33333333326,5060.0,7000.0,5175.0,6240.0,1065.0,500.0,0.11373974004822167,0,0,5479.95,6267.025,63.23905394684243,-63.23905394684243,-0.010645876937364135,-0.010702949706436796
FR--PL,FR,PL,1370.8305434249735,10,1285.0,1300.0,1300.0,1300.0,66.87467549246294,4472.2222222222235,1100.0,1350.0,1300.0,1300.0,0.0,0.0,0.05204254902137194,2,0,1240.0,1315.0,85.83054342497348,-85.83054342497348,-0.06261207399897058,-0.06465807388261781
FR--PT,FR,PT,1453.915618536448,10,1621.7,1650.0,1635.875,1656.005499997779,98.88270267791475,9777.788888888888,1430.0,1700.0,1641.75,1687.5,45.75,30.0,0.06097471953993633,2,0,1555.9925,1673.0025,167.7843814635521,167.7843814635521,0.11540173262080268,0.10921463833485213
FR--RU,FR,RU,2494.0210488381886,10,2318.2,2497.0,2385.25,2496.03480000007,375.923692020365,141318.62222222224,1600.0,2500.0,2488.5,2500.0,11.5,3.0,0.16216188940573076,2,0,2050.795,2497.6,175.82104883818874,-175.82104883818874,-0.07049701882832664,-0.0731052645404956
FR--SA,FR,SA,4695.389253154605,10,4419.5,4282.5,4361.875,4281.844571420132,500.25798899723287,250258.05555555556,3800.0,5500.0,4182.5,4375.0,192.5,120.0,0.11319334517416742,3,0,4163.925,4756.6,275.8892531546053,-275.8892531546053,-0.05875748277296682,-0.06055444972483085
FR--SE,FR,SE,1549.2891494547255,10,1462.0,1460.0,1458.75,1457.8322857154055,37.05851229249946,1373.3333333333335,1400.0,1550.0,1450.0,1460.0,10.0,10.0,0.025347819625512625,3,0,1443.975,1486.025,87.28914945472548,-87.28914945472548,-0.05634141921502969,-0.057990851153329956
FR--SG,FR,SG,10742.404770656647,10,10680.0,10700.0,10675.0,10679.999999997335,78.88106377466156,6222.2222222222235,10600.0,10800.0,10600.0,10700.0,100.0,100.0,0.007385867394631232,0,0,10630.0,10720.0,62.40477065664709,-62.40477065664709,-0.0058091993356188245,-0.005826138367410584
FR--SN,FR,SN,4197.9762876720815,10,4479.5,4410.0,4452.5,4415.046428606914,265.7949293053659,70646.94444444445,4200.0,4975.0,4300.0,4537.5,237.5,125.0,0.059335847595795486,2,0,4335.0,4640.05,281.5237123279185,281.5237123279185,0.06706176810827887,0.0649088601551224
FR--TH,FR,TH,9456.38937182292,10,9202.0,9200.0,9206.25,9204.447799946583,46.139883927995406,2128.8888888888887,9100.0,9270.0,9200.0,9222.5,22.5,15.0,0.0050141147498364924,2,0,9174.0,9227.0,254.3893718229192,-254.3893718229192,-0.02690132161656963,-0.027269785305942935
FR--TR,FR,TR,2605.2100576102166,10,1740.5,1747.5,1739.625,1740.1642222213836,32.31528706011719,1044.2777777777776,1700.0,1788.0,1711.5,1765.0,53.5,30.0,0.01856666880788118,0,0,1722.7949999999998,1760.8075,864.7100576102166,-864.7100576102166,-0.3319156760831114,-0.40334088000374163
FR--TZ,FR,TZ,6910.826312650359,10,6579.3,6229.0,6497.625,6289.329228009107,654.7033340036963,428636.4555555556,6064.0,7748.0,6156.25,6925.0,768.75,157.0,0.09950957305544607,0,0,6237.4525,6996.0375,331.5263126503587,-331.5263126503587,-0.04797202210732679,-0.04916085607988251
FR--UA,FR,UA,2030.3165458301612,10,1673.8,1672.5,1672.875,1673.337585714296,12.336035739968402,152.17777777777775,1655.0,1700.0,1670.0,1679.5,9.5,6.5,0.007370077512228702,2,0,1666.5,1681.5025,356.51654583016125,-356.51654583016125,-0.17559653274873344,-0.19309522418711483
FR--US,FR,US,6177.576314828088,10,6117.5,6150.0,6129.375,6139.385142859582,85.74024077927989,7351.38888888889,5940.0,6200.0,6100.0,6178.75,78.75,40.0,0.014015568578550042,1,0,6061.9875,6163.0,60.07631482808756,-60.07631482808756,-0.00972490047332736,-0.009772496144757913
FR--VN,FR,VN,9212.23431863868,10,9302.1,9324.0,9299.375,9311.333333330203,227.87542893236892,51927.211111111115,8900.0,9726.0,9252.5,9357.5,105.0,69.0,0.024497202667394344,3,0,9177.3925,9430.414999999999,89.86568136131973,89.86568136131973,0.009755036427970435,0.00970776324589629
FR--ZA,FR,ZA,8652.154951764032,10,9640.0,9625.0,9650.0,9656.630713528615,282.8034260361387,79977.77777777778,9200.0,10000.0,9500.0,9875.0,375.0,225.0,0.02933645498300194,0,0,9461.925,9798.0,987.8450482359676,987.8450482359676,0.11417329598732652,0.10811269133417246
GB--GH,GB,GH,5094.01108636096,10,5340.3,5461.5,5375.375,5445.779933339244,221.9579790060372,49265.34444444445,4900.0,5500.0,5275.0,5490.0,215.0,38.5,0.04156282961744419,1,0,5202.9575,5458.91,246.2889136390404,246.2889136390404,0.048348719597110915,0.047216278257776606
GB--GR,GB,GR,2394.3235623248843,10,2362.5,2430.0,2428.125,2427.5483333338093,219.8642257798612,48340.277777777774,1740.0,2460.0,2403.75,2447.5,43.75,25.0,0.09306422255232219,1,0,2217.5,2441.5,31.82356232488428,-31.82356232488428,-0.013291253874636581,-0.013380373141514563
GB--IN,GB,IN,6724.002102971842,10,6331.5,6420.0,6326.875,6331.500000007198,270.9043496636159,73389.16666666667,6000.0,6700.0,6061.25,6450.0,388.75,280.0,0.04278675663959818,0,0,6179.975,6489.0,392.50210297184185,-392.50210297184185,-0.05837328676598207,-0.060146353393868236
GB--IT,GB,IT,1434.2026285343118,10,1435.4,1435.0,1435.5,1435.6380499860397,3.717824931626316,13.822222222222221,1430.0,1440.0,1434.25,1438.75,4.5,3.0,0.0025900967894846843,0,0,1433.0,1437.5,1.1973714656883203,1.1973714656883203,0.0008348691055684218,0.0008345207962050233
GB--JP,GB,JP,9584.855356731166,10,9513.0,9500.0,9510.0,9500.42857142857,21.628170930011112,467.77777777777777,9500.0,9550.0,9500.0,9522.5,22.5,0.0,0.002273538413750774,0,0,9500.0,9526.025,71.85535673116647,-71.85535673116647,-0.007496759633488317,-0.007525001573212662
GB--KE,GB,KE,6804.487905463708,10,5705.4,5500.0,5604.625,5561.424940044565,468.1935022568719,219205.1555555555,5337.0,6880.0,5402.5,5884.25,481.75,136.5,0.08206146847843655,1,0,5477.4975,5990.45,1099.087905463708,-1099.087905463708,-0.1615239707577683,-0.1761692857933026
GB--KR,GB,KR,8880.920559408663,10,9145.0,9100.0,9131.25,9133.333333305212,187.7498335551859,35250.00000000001,8900.0,9500.0,9062.5,9237.5,175.0,125.0,0.02053032624988364,0,0,9039.875,9255.0,264.0794405913366,264.0794405913366,0.029735593154424114,0.02930206361168625
GB--MA,GB,MA,2015.6973939359636,10,2783.0,2813.0,2756.375,2756.375000074882,556.2924890139478,309461.33333333326,2079.0,3700.0,2275.0,3175.0,900.0,412.0,0.19988950377791873,0,0,2455.85,3110.005,767.3026060640364,767.3026060640364,0.380663589868397,0.32256424581540005
GB--MX,GB,MX,8941.67963886513,10,9345.0,9262.5,9331.25,9290.941666661982,154.91933384829667,24000.0,9200.0,9600.0,9212.5,9493.75,281.25,62.5,0.01657777783288354,0,0,9255.0,9437.5,403.32036113487084,403.32036113487084,0.04510565994579291,0.044117990301477235
GB--MY,GB,MY,10548.649921719485,10,9490.4,9549.5,9504.25,9531.561833335914,173.4308699933973,30078.266666666674,9200.0,9670.0,9421.25,9600.0,178.75,82.5,0.018274347761253192,0,0,9386.95,9579.61,1058.2499217194854,-1058.2499217194854,-0.10032088746642046,-0.1057171208632612
GB--NG,GB,NG,4755.038491838242,10,4977.1,4973.5,4982.625,4982.625000000126,142.79001676899156,20388.988888888893,4700.0,5210.0,4900.0,5077.5,177.5,81.5,0.028689400809505848,0,0,4890.8,5057.424999999999,222.06150816175796,222.06150816175796,0.04670025459161143,0.04564260111131841
GB--NL,GB,NL,358.8427946807068,10,349.2,350.0,349.0,349.6666666666667,2.8982753492378874,8.399999999999999,345.0,355.0,347.0,350.0,3.0,0.0,0.00829975758659189,1,0,347.7,351.0,9.6427946807068,-9.6427946807068,-0.026871919469044436,-0.02723957079225095
GB--NO,GB,NO,1156.4942725896335,10,1113.0,1000.0,1092.5,1036.3766666717852,192.24116798091575,36956.666666666664,930.0,1460.0,1000.0,1227.5,227.5,50.0,0.17272342136650112,0,0,1003.0,1233.125,43.49427258963351,-43.49427258963351,-0.03760872286227644,-0.038334178018475086
GB--NZ,GB,NZ,18806.422712162086,10,18190.0,18100.0,18175.0,18132.17333332502,218.32697191750418,47666.66666666666,18000.0,18500.0,18000.0,18375.0,375.0,100.0,0.012002582293430685,0,0,18060.0,18320.0,616.4227121620861,-616.4227121620861,-0.032777244327463005,-0.0333264525880361
GB--PE,GB,PE,10161.714666151413,10,9859.0,9850.0,9861.25,9864.999999997632,182.66240870949764,33365.55555555556,9600.0,10100.0,9760.0,9987.5,227.5,125.0,0.018527478315194,0,0,9745.0,9964.0,302.71466615141253,-302.71466615141253,-0.029789723102514636,-0.03024245067147803
GB--PH,GB,PH,10748.092828515446,10,9898.3,9844.0,9866.0,9874.294444452611,296.13062057890005,87693.34444444446,9570.0,10485.0,9635.0,10100.0,465.0,250.0,0.029917321214642925,0,0,9734.99,10080.887499999999,849.7928285154467,-849.7928285154467,-0.0790645226156669,-0.08236530230979117
GB--PK,GB,PK,6053.923906825333,10,5728.9,5615.0,5606.75,5606.750000101652,678.3459376388357,460153.2111111112,5000.0,7435.0,5331.75,5865.0,533.25,308.0,0.11840771136498032,1,0,5381.835,6167.035,325.02390682533314,-325.02390682533314,-0.05368813877209354,-0.05518310122556301
GB--PL,GB,PL,1451.4527915116341,10,1431.0,1400.0,1411.25,1402.9651999955192,85.69325138733699,7343.333333333332,1360.0,1660.0,1400.0,1437.5,37.5,10.0,0.059883474065225005,1,0,1394.0,1490.025,20.452791511634132,-20.452791511634132,-0.01409125507301778,-0.014191479446583409
GB--PT,GB,PT,1584.9632431063264,10,1666.0,1670.0,1667.5,1669.5714285714287,6.99205898780101,48.888888888888886,1650.0,1670.0,1662.5,1670.0,7.5,0.0,0.004196914158343943,1,0,1661.0,1669.025,81.03675689367356,81.03675689367356,0.05112847710894028,0.049864327153504695
GB--RU,GB,RU,2508.045616571664,10,2500.0,2500.0,2500.0,2500.0,0.0,0.0,2500.0,2500.0,2500.0,2500.0,0.0,0.0,0.0,0,0,2500.0,2500.0,8.04561657166414,-8.04561657166414,-0.003207922742115822,-0.0032130791568151587
GB--SA,GB,SA,4954.835444629185,10,4963.0,4965.0,4976.25,4976.249999997007,169.64341687459873,28778.888888888887,4600.0,5220.0,4900.0,5072.5,172.5,100.0,0.03418162741781155,1,0,4861.0,5060.0,8.164555370814924,8.164555370814924,0.0016477954640582318,0.0016464393386529217
GB--SE,GB,SE,1439.0693652990349,10,1456.0,1460.0,1460.0,1460.0,21.70509412813294,471.1111111111111,1400.0,1480.0,1452.5,1467.5,15.0,10.0,0.014907344868223173,1,0,1439.0,1466.0,16.93063470096513,16.93063470096513,0.011764988616408347,0.011696319209602396
GB--SG,GB,SG,10859.201604289969,10,10885.0,10900.0,10887.5,10899.857142857143,47.43416490252569,2249.9999999999995,10800.0,10950.0,10900.0,10900.0,0.0,0.0,0.004357755158706999,3,0,10855.0,10910.0,25.7983957100314,25.7983957100314,0.0023757175389247445,0.0023728999836070694
GB--SN,GB,SN,4365.305947198292,10,4853.8,4800.0,4818.75,4808.043333337881,211.94852624582646,44922.17777777779,4600.0,5388.0,4750.0,4887.5,137.5,50.0,0.04366651412209536,1,0,4740.0,4997.6,488.49405280170777,488.49405280170777,0.11190373795340262,0.1060736254926206
GB--TH,GB,TH,9543.363933383182,10,9443.5,9550.0,9485.625,9546.552200052469,219.8743327953998,48344.72222222222,8930.0,9620.0,9405.0,9558.75,153.75,15.0,0.023283140021750387,1,0,9299.0,9558.0375,99.86393338318157,-99.86393338318157,-0.010464227716796209,-0.01051936271505807
GB--TR,GB,TR,2839.1944811374397,10,2053.0,1782.5,2036.875,1797.23899995606,364.41886766619416,132801.11111111112,1750.0,2485.0,1771.25,2470.0,698.75,25.0,0.17750553709994846,0,0,1843.0,2267.0,786.1944811374397,-786.1944811374397,-0.27690758289388967,-0.32421824050244724
GB--TZ,GB,TZ,7248.407455210976,10,6468.9,6200.0,6401.125,6255.275000023834,529.1957104890402,280048.1,6050.0,7430.0,6152.75,6558.5,405.75,125.0,0.08180613558549989,2,0,6182.2,6807.08,779.5074552109763,-779.5074552109763,-0.10754189248157926,-0.11377570478469266
GB--UA,GB,UA,2139.351912362843,10,1672.4,1670.0,1671.75,1671.2608571428582,36.451489833902684,1328.7111111111108,1600.0,1750.0,1662.5,1678.5,16.0,10.0,0.021795915949475414,2,0,1651.79,1696.8,466.9519123628429,-466.9519123628429,-0.21826792949043622,-0.2462432179765132
GB--US,GB,US,5912.468929291367,10,5565.0,5570.0,5568.75,5574.44779999976,36.89323936863109,1361.111111111111,5500.0,5600.0,5570.0,5592.5,22.5,15.0,0.006629512914399119,2,0,5541.0,5585.0,347.4689292913672,-347.4689292913672,-0.058768838102463014,-0.06056651398859434
GB--VN,GB,VN,9249.152997948202,10,9091.3,9200.0,9105.5,9145.406178076688,504.6056876413503,254626.9,8290.0,9779.0,8650.0,9339.25,689.25,303.5,0.05550423895827333,0,0,8778.625,9367.807499999999,157.85299794820276,-157.85299794820276,-0.017066751732101336,-0.017214067277117082
GB--ZA,GB,ZA,8991.386014264714,10,9667.0,9625.0,9646.25,9636.666666665807,194.65353837010002,37890.0,9400.0,10100.0,9577.5,9700.0,122.5,75.0,0.020135878594196754,1,0,9563.95,9787.0,675.6139857352864,675.6139857352864,0.07514013797910954,0.07245101399418045
GH--GR,GH,GR,4333.583803793776,10,6375.3,6216.0,6252.875,6302.74522168855,1434.403015582131,2057512.0111111114,4930.0,8800.0,5070.0,7403.5,2333.5,1195.0,0.2249938066572759,0,0,5514.425,7261.28,2041.7161962062246,2041.7161962062246,0.4711380438561803,0.3860362807622801
GH--IN,GH,IN,8492.768279138134,10,8074.0,8025.0,8009.0,8008.99999999998,508.9555754462051,259035.77777777778,7398.0,9270.0,7750.25,8237.5,487.25,257.0,0.0630363605952694,1,0,7797.139999999999,8379.8125,418.76827913813395,-418.76827913813395,-0.04930880784382257,-0.05056598824808035
GH--IT,GH,IT,4218.672595049595,10,5026.7,4986.0,4987.125,4991.166666668397,273.9687938433865,75058.90000000001,4670.0,5700.0,4918.75,5075.0,156.25,100.0,0.054502714274451726,2,0,4886.5,5197.005,808.0274049504051,808.0274049504051,0.19153593618489986,0.17524317755916488
GH--JP,GH,JP,13827.443948540278,10,10648.0,10600.0,10650.0,10633.33333332541,653.2278826463753,426706.6666666666,9630.0,11650.0,10250.0,11000.0,750.0,400.0,0.06134747207422758,0,0,10282.825,11030.125,3179.443948540278,-3179.443948540278,-0.22993721474285364,-0.2612832281635599
GH--KE,GH,KE,4185.899181902206,10,4216.2,4308.5,4201.5,4216.497142782411,357.90898905230705,128098.84444444445,3650.0,4900.0,4001.25,4357.5,356.25,200.0,0.0848889969764971,1,0,4015.1375,4409.464999999999,30.300818097794036,30.300818097794036,0.007238783539938097,0.007212709301268906
GH--KR,GH,KR,12769.069776916134,10,9705.4,9785.0,9735.5,9748.018858010926,304.05671985484696,92450.48888888888,9070.0,10100.0,9597.75,9894.0,296.25,180.0,0.03132861292217188,1,0,9511.455,9870.26,3063.6697769161347,-3063.6697769161347,-0.23992897136913002,-0.27434339134392594
GH--MA,GH,MA,3225.75627215081,10,4393.8,4399.5,4393.625,4408.731171406969,224.76545800258344,50519.511111111104,3970.0,4819.0,4353.75,4495.25,141.5,93.0,0.051155140880919346,2,0,4251.592500000001,4524.3825,1168.04372784919,1168.04372784919,0.36209918831542204,0.30902703056423597
GH--MX,GH,MX,10742.674108313797,10,9398.1,9550.0,9410.125,9419.459999920626,392.84219336635533,154324.9888888889,8800.0,9900.0,9050.0,9660.75,610.75,300.0,0.04180017166941779,0,0,9160.0,9624.3475,1344.5741083137964,-1344.5741083137964,-0.12516195639530991,-0.1337165027795616
GH--MY,GH,MY,11302.266760638768,10,10003.9,9825.0,9954.875,9870.586858913544,717.2996352060043,514518.7666666668,9000.0,11400.0,9662.5,10312.5,650.0,305.5,0.07170199974070156,1,0,9598.9,10445.0,1298.366760638768,-1298.366760638768,-0.11487666926783707,-0.12202828692395265
GH--NG,GH,NG,940.6043456313404,10,1086.9,1061.0,1071.125,1064.3049428592876,96.78894564980031,9368.099999999999,970.0,1330.0,1042.0,1087.25,45.25,21.0,0.0890504606217686,2,0,1038.685,1150.7425,146.2956543686597,146.2956543686597,0.1555336790098126,0.14456229700577833
GH--NL,GH,NL,5209.997387819868,10,6848.0,6450.0,6822.5,6765.545423897027,1289.3219578953547,1662351.1111111108,5200.0,8700.0,5892.5,7862.5,1970.0,930.0,0.18827715506649456,0,0,6122.775,7605.0,1638.002612180132,1638.002612180132,0.314396052483542,0.27337728445243553
GH--NO,GH,NO,6102.669610187801,10,7101.4,7400.0,7164.25,7313.451857140896,818.7291235676045,670317.3777777777,5800.0,7900.0,6407.5,7737.5,1330.0,415.0,0.11529122758436428,0,0,6575.335,7520.075,998.7303898121991,998.7303898121991,0.16365467141542742,0.15156563125106765
GH--NZ,GH,NZ,16013.257226333824,10,16350.0,16550.0,16550.0,16620.467146504925,1709.61334160031,2922777.777777778,12800.0,18300.0,15775.0,17700.0,1925.0,1050.0,0.10456350713151742,1,0,15269.5,17230.25,336.7427736661757,336.7427736661757,0.021028999216499297,0.020810941537747204
GH--PE,GH,PE,8721.901447825489,10,9983.3,9941.5,9954.125,9922.166666662048,377.12363136421635,142222.23333333334,9500.0,10700.0,9737.5,10075.0,337.5,200.0,0.037775448134806766,1,0,9763.2575,10213.3,1261.3985521745108,1261.3985521745108,0.14462426108804496,0.1350764268961744
GH--PH,GH,PH,13172.528062047224,10,11377.3,11400.0,11391.625,11388.833333204755,640.5497725478568,410304.01111111115,10340.0,12300.0,11025.0,11758.25,733.25,400.0,0.05630068404171964,0,0,11001.9825,11746.685,1795.2280620472247,-1795.2280620472247,-0.13628576485782162,-0.14651331124994274
GH--PK,GH,PK,8135.24807147375,10,7515.9,7806.0,7641.5,7692.000666823363,670.529881677336,449610.3222222222,5870.0,8157.0,7311.0,7906.5,595.5,230.0,0.08921484874430688,1,0,7125.8724999999995,7852.915,619.3480714737507,-619.3480714737507,-0.07613143029350203,-0.07918545803498633
GH--PL,GH,PL,5532.277420091532,10,5836.5,5600.0,5733.75,5733.7499999233105,700.0676554606863,490094.7222222222,4995.0,7500.0,5481.25,6112.5,631.25,350.0,0.11994648427322648,1,0,5476.0,6265.0,304.2225799084681,304.2225799084681,0.054990478026937906,0.05353174132041564
GH--PT,GH,PT,3782.929500075035,10,4863.9,4900.0,4877.25,4895.677142860761,171.97961765537474,29576.98888888888,4555.0,5066.0,4807.5,4997.0,189.5,100.0,0.03535837859647089,0,0,4752.6475,4957.6,1080.9704999249648,1080.9704999249648,0.28574957579926447,0.2513418757480933
GH--RU,GH,RU,6496.545506137951,10,6194.6,6086.0,6130.75,6095.99999994914,633.2944198571643,401061.8222222222,5450.0,7450.0,5821.25,6343.25,522.0,281.5,0.1022333031765028,1,0,5866.055,6548.0975,301.94550613795036,-301.94550613795036,-0.046477855939386796,-0.047592630235862965
GH--SA,GH,SA,5439.21139413924,10,5024.0,4904.0,4997.25,4941.68088570838,281.4817933721469,79232.00000000001,4770.0,5492.0,4802.5,5275.0,472.5,129.0,0.05602742702471077,0,0,4877.775000000001,5189.215,415.2113941392399,-415.2113941392399,-0.07633669001845211,-0.07940765688097245
GH--SE,GH,SE,6169.917069641088,10,6444.9,6089.0,6449.875,6430.789843716469,869.4356343181606,755918.3222222223,5350.0,7500.0,5761.25,7386.5,1625.25,614.0,0.13490288977612697,0,0,5938.4775,6973.8175,274.9829303589113,274.9829303589113,0.04456833491522235,0.04360372344096781
GH--SG,GH,SG,11563.025739001863,10,9629.1,9785.0,9650.0,9724.999999852782,702.8175755090679,493952.5444444443,8396.0,10695.0,9410.0,9975.0,565.0,345.0,0.07298891646250094,1,0,9203.44,10021.5625,1933.925739001863,-1933.925739001863,-0.16725083751035585,-0.18302280762528228
GH--SN,GH,SN,2143.667997107388,10,1765.4,1699.0,1741.625,1732.7993562302945,433.8730485086879,188245.82222222222,1125.0,2596.0,1516.25,2002.75,486.5,267.5,0.2457647266957561,0,0,1521.2925,2014.4275,378.26799710738806,-378.26799710738806,-0.17645829373662966,-0.19414108551830186
GH--TH,GH,TH,11025.064322158887,10,9945.8,9900.0,9830.75,9864.671266662821,573.5477893486005,328957.06666666665,9345.0,11467.0,9725.0,9937.0,212.0,87.0,0.057667335895413195,2,0,9675.297499999999,10304.99,1079.2643221588878,-1079.2643221588878,-0.09789188440286127,-0.10302090402131356
GH--TR,GH,TR,5045.437421948046,10,5624.8,5690.0,5688.875,5689.555250014152,588.803268408803,346689.2888888889,4437.0,6300.0,5331.75,6120.0,788.25,415.0,0.10467985855653587,0,0,5271.2625,5959.7074999999995,579.3625780519542,579.3625780519542,0.1148290087855776,0.10870103780269048
GH--TZ,GH,TZ,4202.317885708757,10,5638.2,5665.0,5667.0,5706.000000141417,813.2171774979779,661322.1777777777,4250.0,6796.0,5397.5,6107.0,709.5,398.0,0.1442334747788262,1,0,5150.825,6081.83,1435.882114291243,1435.882114291243,0.34168812387430064,0.2939286150243204
GH--UA,GH,UA,5740.228417956023,10,5967.2,5850.0,5814.375,5814.374999914215,810.8352072605958,657453.7333333333,5170.0,7987.0,5405.75,6178.0,772.25,390.0,0.13588202293547993,1,0,5585.4825,6516.7975,226.97158204397692,226.97158204397692,0.03954051398616587,0.03877880205011088
GH--US,GH,US,8483.047455588956,10,8482.0,8535.0,8502.5,8505.472286384851,256.939249196727,66017.77777777778,8000.0,8800.0,8325.0,8675.0,350.0,190.0,0.030292295354483263,0,0,8329.925,8626.075,1.047455588955927,-1.047455588955927,-0.0001234763325844444,-0.00012348395641440698
GH--VN,GH,VN,11449.241972047112,10,9734.8,9668.5,9643.5,9655.263299956,504.22433279025495,254242.17777777778,9200.0,11000.0,9465.0,9834.0,369.0,206.5,0.05179606492072308,1,0,9479.17,10072.7075,1714.4419720471124,-1714.4419720471124,-0.14974283679503475,-0.16221643030825056
GH--ZA,GH,ZA,4626.9652891296655,10,7409.1,7543.5,7397.625,7414.82075866056,677.2558108523938,458675.4333333334,6400.0,8510.0,6861.75,7872.5,1010.75,459.5,0.09140864758909904,0,0,6996.95,7777.009999999999,2782.134710870335,2782.134710870335,0.601287136820872,0.4708077663538548
GR--IN,GR,IN,5018.539102191491,10,4583.3,4382.5,4551.0,4460.367871405697,434.45266971469084,188749.12222222224,4175.0,5250.0,4227.5,4970.0,742.5,204.5,0.09479036277675273,0,0,4349.4725,4840.67,435.23910219149093,-435.23910219149093,-0.08672625505725981,-0.09071961315995568
GR--IT,GR,IT,1053.9826873522736,10,1112.0,1100.0,1110.625,1110.4292500139552,52.556847529339336,2762.222222222222,1050.0,1185.0,1066.25,1157.5,91.25,45.0,0.04726335209472962,0,0,1083.0,1140.0125,58.017312647726385,58.017312647726385,0.055045792823668276,0.053584171506102216
GR--JP,GR,JP,9529.986913901954,10,9485.0,9600.0,9548.75,9570.745714295148,292.01407880823524,85272.22222222222,8760.0,9700.0,9387.5,9685.0,297.5,100.0,0.030786935035132867,1,0,9297.975,9633.025,44.98691390195381,-44.98691390195381,-0.004720564079298865,-0.004731741130441653
GR--KE,GR,KE,4550.99704740833,10,5990.2,5685.0,5926.5,5822.9301668546295,886.7671371648565,786355.9555555555,4690.0,7800.0,5500.25,6557.5,1057.25,342.5,0.1480363155094749,0,0,5517.662499999999,6563.6125,1439.2029525916696,1439.2029525916696,0.31623904335672043,0.27477846029595726
GR--KR,GR,KR,8536.453653913031,10,8443.6,8525.0,8517.0,8536.83750000003,456.7136715468213,208587.37777777776,7400.0,8900.0,8334.0,8787.5,453.5,250.0,0.05408992272808059,1,0,8139.965,8667.36,92.85365391303094,-92.85365391303094,-0.010877310142774299,-0.010936900597298252
GR--MA,GR,MA,2777.965823972774,10,2503.4,2599.0,2501.125,2580.2010332669497,363.83518857367886,132376.04444444444,1900.0,3125.0,2228.75,2666.75,438.0,106.5,0.145336417901126,0,0,2289.9325,2719.6025,274.56582397277407,-274.56582397277407,-0.09883700569797398,-0.10406913395908043
GR--MX,GR,MX,11298.129151635198,10,9911.9,9850.0,9889.875,9892.6214286138,440.1268630242371,193711.65555555554,9200.0,10800.0,9720.0,10147.25,427.25,250.0,0.04440388452508975,1,0,9658.0,10169.0525,1386.229151635198,-1386.229151635198,-0.12269545984385978,-0.1309010947145579
GR--MY,GR,MY,8741.0759144703,10,8712.1,8655.5,8720.125,8712.100000100778,769.0944819865906,591506.3222222221,7680.0,9680.0,8100.0,9425.0,1325.0,725.0,0.08827888591574828,0,0,8255.975,9162.175000000001,28.975914470300268,-28.975914470300268,-0.0033149139481024833,-0.0033204204477600375
GR--NG,GR,NG,3590.1434415502863,10,4276.5,4177.5,4247.125,4209.033700001703,262.60585167382186,68961.83333333333,4000.0,4788.0,4077.25,4476.75,399.5,123.5,0.06140672317872603,0,0,4130.485,4437.0125,686.3565584497137,686.3565584497137,0.19117803219398194,0.17494276047313664
GR--NL,GR,NL,2163.5846088708995,10,1759.7,1770.0,1762.5,1769.253666664585,33.61233239287165,1129.7888888888888,1700.0,1797.0,1732.5,1780.0,47.5,15.0,0.019101172013906716,0,0,1740.39,1778.1,403.88460887089946,-403.88460887089946,-0.18667382232935784,-0.20662304734763307
GR--NO,GR,NO,2606.9423466880603,10,2191.4,2387.0,2210.5,2353.68746666601,328.2844972140949,107770.7111111111,1750.0,2480.0,1840.0,2465.0,625.0,88.0,0.1498058306170005,0,0,1990.155,2377.9,415.5423466880602,-415.5423466880602,-0.15939836460747894,-0.1736374109068021
GR--NZ,GR,NZ,17522.839563811503,10,16580.0,16600.0,16512.5,16515.922499842363,814.8619514985345,664000.0,15600.0,18100.0,15925.0,16900.0,975.0,650.0,0.049147282961310886,0,0,16160.0,17100.25,942.8395638115035,-942.8395638115035,-0.053806322906629435,-0.05530799822828922
GR--PE,GR,PE,11767.93414146203,10,10379.0,10550.0,10405.0,10451.186571427368,373.2871995305134,139343.33333333334,9750.0,10800.0,10200.0,10645.0,445.0,190.0,0.035965622847144565,0,0,10164.925,10578.05,1388.9341414620303,-1388.9341414620303,-0.11802701517239042,-0.12559385289159156
GR--PH,GR,PH,9644.711437844597,10,10295.1,10300.0,10271.625,10276.615011126054,276.84189230196597,76641.43333333332,10000.0,10778.0,10018.25,10500.0,481.75,213.5,0.026890646259090826,0,0,10137.787499999999,10460.755000000001,650.3885621554036,650.3885621554036,0.0674347352273665,0.06525832629132891
GR--PK,GR,PK,4438.915175919046,10,4195.5,4190.0,4195.625,4195.333333325774,148.61527512338697,22086.5,3962.0,4428.0,4126.25,4282.75,156.5,86.0,0.035422542038705034,0,0,4107.775000000001,4274.3075,243.4151759190463,-243.4151759190463,-0.05483663604106805,-0.056397494514808084
GR--PL,GR,PL,1599.730736035073,10,1608.3,1710.0,1619.875,1692.2973333135837,166.46791482645136,27711.566666666666,1374.0,1750.0,1435.0,1736.75,301.75,40.0,0.10350551192342931,0,0,1505.995,1700.6299999999999,8.569263964926904,8.569263964926904,0.00535669145556695,0.005342395414155745
GR--PT,GR,PT,2859.446251097273,10,2338.2,2315.0,2301.875,2301.8749999980696,311.112984121346,96791.2888888889,1900.0,3067.0,2156.25,2437.5,281.25,145.0,0.13305661796311097,1,0,2172.4375,2546.6324999999997,521.2462510972732,-521.2462510972732,-0.18228922851662352,-0.20124658499724177
GR--RU,GR,RU,2231.411035554138,10,1800.5,1745.0,1775.0,1744.6548750012516,124.84323503231296,15585.833333333334,1735.0,2070.0,1736.25,1750.0,13.75,7.5,0.06933809221455871,2,0,1740.5,1886.0125,430.9110355541379,-430.9110355541379,-0.19311145669185398,-0.21456973263206092
GR--SA,GR,SA,2633.348280356521,10,3098.0,3178.5,3151.25,3151.2499999643446,388.6449393583929,151044.88888888888,2122.0,3648.0,3032.5,3246.75,214.25,118.5,0.12545027093556904,2,0,2864.45,3298.2275,464.6517196434788,464.6517196434788,0.1764490185781924,0.1625005951211648
GR--SE,GR,SE,2410.026741429502,10,1777.8,1765.0,1762.25,1763.0870000010252,63.180165664022546,3991.7333333333336,1730.0,1950.0,1745.0,1778.25,33.25,15.0,0.03553839895602573,1,0,1751.495,1819.805,632.2267414295022,-632.2267414295022,-0.2623318366394965,-0.3042611986444047
GR--SG,GR,SG,9057.615916728751,10,9412.9,9475.0,9424.875,9517.333333265844,679.6622445499431,461940.7666666667,8285.0,10445.0,9325.0,9755.5,430.5,252.0,0.07220540370660936,3,0,9001.34,9763.65,355.28408327124816,355.28408327124816,0.039224900518807004,0.03847514732545378
GR--SN,GR,SN,4796.3210435787405,10,4518.1,4366.0,4477.625,4397.892200038041,447.5348403569641,200287.43333333332,4060.0,5300.0,4210.0,4687.25,477.25,191.0,0.09905377046921583,0,0,4268.1975,4808.14,278.22104357874014,-278.22104357874014,-0.05800717696977755,-0.05975762329868041
GR--TH,GR,TH,7932.285448089226,10,8261.0,8250.0,8276.25,8277.590285745446,236.14731748541112,55765.555555555555,7800.0,8600.0,8200.0,8440.0,240.0,180.0,0.028585802867136075,1,0,8105.975,8391.025,328.7145519107744,328.7145519107744,0.04144008105380991,0.04060444867053002
GR--TR,GR,TR,819.9324692614381,10,1124.9,1100.0,1112.0,1105.7787248765646,78.33893596985403,6136.98888888889,1053.0,1300.0,1069.0,1145.75,76.75,36.5,0.06964080004431863,1,0,1084.8,1172.8225,304.967530738562,304.967530738562,0.3719422539922884,0.31622743949102616
GR--TZ,GR,TZ,5045.850144996306,10,4944.2,5125.0,4972.25,5047.065871593273,639.628329578983,409124.4000000001,4000.0,5664.0,4393.75,5425.5,1031.75,425.5,0.12936942874054103,0,0,4574.6,5280.05,101.65014499630615,-101.65014499630615,-0.02014529605028145,-0.020350979585106278
GR--UA,GR,UA,1484.282875845914,10,1546.5,1540.0,1539.0,1538.6654142474113,125.49391308833358,15748.722222222223,1380.0,1773.0,1447.75,1611.0,163.25,91.5,0.08114705017027714,0,0,1472.6925,1613.52,62.21712415408592,62.21712415408592,0.0419172956628146,0.04106256941609621
GR--US,GR,US,8271.005589450659,10,7832.7,7800.0,7828.375,7820.876666666667,92.6978964162618,8592.900000000001,7700.0,8000.0,7782.75,7887.5,104.75,50.0,0.011834730861166877,0,0,7780.4,7890.0675,438.3055894506588,-438.3055894506588,-0.052993023001906836,-0.05444881834897137
GR--VN,GR,VN,7933.017363609639,10,7867.9,7687.5,7812.375,7760.352957128135,426.2939648229194,181726.54444444444,7480.0,8700.0,7522.75,8137.5,614.75,206.5,0.05418141623850321,0,0,7641.99,8126.005,65.11736360963914,-65.11736360963914,-0.008208397968261826,-0.008242272363901768
GR--ZA,GR,ZA,7065.652015003433,10,9417.4,9400.0,9425.0,9424.999999946745,863.1317911471508,744996.4888888887,7960.0,10814.0,9162.5,9750.0,587.5,325.0,0.09165287565008928,2,0,8932.975,9921.525,2351.7479849965666,2351.7479849965666,0.3328423166047223,0.2873137420800189
IN--IT,IN,IT,5929.147771473219,10,5462.9,5720.0,5556.125,5637.67884271419,600.6882071609382,360826.3222222222,4210.0,5970.0,5287.5,5885.0,597.5,239.5,0.10995775268830442,1,0,5099.875,5778.045,466.2477714732195,-466.2477714732195,-0.07863655780624448,-0.08190070363628327
IN--JP,IN,JP,5855.550160203252,10,6079.7,5960.0,6052.125,5988.333333373939,349.8250515138484,122377.56666666668,5680.0,6700.0,5912.5,6112.5,200.0,116.5,0.057539854189162035,2,0,5891.679999999999,6284.5675,224.14983979674798,224.14983979674798,0.03827989406019665,0.03756539585219233
IN--KE,IN,KE,5427.9212039634995,10,6280.2,6185.0,6258.5,6276.511555553176,624.8217167943011,390402.17777777783,5620.0,7114.0,5724.5,6812.5,1088.0,540.0,0.09949073545337746,0,0,5916.3099999999995,6624.42,852.2787960365004,852.2787960365004,0.1570175328658348,0.14584560182691717
IN--KR,IN,KR,4698.888249176968,10,4182.3,4074.0,4094.125,4094.1249999789948,341.1614313228009,116391.12222222221,3940.0,5130.0,4032.5,4157.5,125.0,65.0,0.08157268281156323,1,0,4041.79,4405.14,516.588249176968,-516.588249176968,-0.10993839857065144,-0.11646460356204963
IN--MA,IN,MA,7789.23277228102,10,5687.3,5668.0,5625.125,5635.166666666411,607.364260098044,368891.3444444445,4862.0,7010.0,5488.75,5752.5,263.75,165.5,0.10679307581770682,4,0,5352.045,6068.005,2101.9327722810194,-2101.9327722810194,-0.26985106668798187,-0.314506747412949
IN--MX,IN,MX,14673.684770062055,10,13964.8,14100.0,14002.5,14057.370333327939,537.0488908014904,288421.51111111115,12928.0,14700.0,13625.0,14312.5,687.5,265.0,0.03845732776706365,0,0,13618.595000000001,14273.0,708.8847700620554,-708.8847700620554,-0.04830993585935249,-0.049515860075341527
IN--MY,IN,MY,3828.30825419318,10,4106.6,4139.0,4120.75,4137.384485714072,90.49395314359715,8189.155555555557,3900.0,4200.0,4126.25,4148.75,22.5,11.0,0.02203622294443022,3,0,4046.7675000000004,4150.3,278.2917458068205,278.2917458068205,0.07269313945709703,0.07017243901684492
IN--NG,IN,NG,7553.544289460008,10,7254.0,7547.5,7325.0,7385.366395307537,1079.7782694197504,1165921.111111111,5340.0,8600.0,6410.0,7900.0,1490.0,680.0,0.14885280802588233,0,0,6573.9875,7824.0,299.54428946000826,-299.54428946000826,-0.039656124063240546,-0.0404638545592367
IN--NL,IN,NL,6368.270749342955,10,6011.7,6000.0,6020.875,6020.875000001904,131.29699158777402,17238.9,5770.0,6180.0,5928.75,6127.75,199.0,100.0,0.021840243456555386,0,0,5932.5,6083.705,356.5707493429554,-356.5707493429554,-0.05599176972488874,-0.05762039436287195
IN--NO,IN,NO,5995.942926158602,10,5034.8,5067.5,5037.25,5051.666666738026,481.76107494621573,232093.73333333328,4200.0,5850.0,4798.75,5270.0,471.25,255.0,0.09568623876742188,0,0,4749.7925000000005,5307.55,961.1429261586018,-961.1429261586018,-0.16029887842417698,-0.17470925810716764
IN--NZ,IN,NZ,12641.150365211413,10,13097.0,12780.0,12971.25,12973.755714234378,897.3795183755867,805290.0,12200.0,15000.0,12462.5,13700.0,1237.5,550.0,0.06851794444342878,0,0,12625.925,13706.0,455.8496347885866,455.8496347885866,0.03606077149774991,0.03542580186373847
IN--PE,IN,PE,16782.759226615508,8,17948.625,17750.0,17948.625,17775.000000144297,999.5217338450283,999043.6964285716,16850.0,19839.0,17425.0,18225.0,800.0,550.0,0.055687927840992184,1,2,17331.25,18604.9625,1165.865773384492,1165.865773384492,0.06946806288774997,0.06716138737191925
IN--PH,IN,PH,4759.988205994383,10,4146.4,4150.0,4161.75,4153.999999999272,149.29850784399838,22290.044444444447,3785.0,4385.0,4135.25,4173.75,38.5,22.5,0.036006778854909896,3,0,4052.89,4223.52,613.5882059943833,-613.5882059943833,-0.12890540468601897,-0.1380047026146269
IN--PK,IN,PK,683.9640532615389,10,983.0,1145.0,988.75,1099.1547003017565,249.14342143521358,62072.444444444445,670.0,1250.0,715.5,1167.75,452.25,67.5,0.25345210725860995,0,0,832.765,1130.31,299.0359467384611,299.0359467384611,0.4372100336450192,0.3627037576168113
IN--PL,IN,PL,5273.3563545073075,10,5555.5,5562.5,5618.125,5593.333333342328,530.8714533670086,281824.5,4400.0,6210.0,5404.25,5849.5,445.25,246.5,0.0955578171842334,1,0,5238.5525,5860.74,282.1436454926925,282.1436454926925,0.05350361828885985,0.052121388797129145
IN--PT,IN,PT,7792.049494202723,10,6941.2,7000.5,6932.75,6925.333333142799,599.8969911576486,359876.3999999999,6150.0,7800.0,6435.0,7252.75,817.75,480.0,0.0864255447412045,0,0,6594.1725,7292.395,850.8494942027228,-850.8494942027228,-0.10919457003394986,-0.11562924801124963
IN--RU,IN,RU,4347.028704133428,10,4226.3,4225.0,4237.625,4231.188333333781,74.31173079220625,5522.2333333333345,4050.0,4312.0,4203.75,4278.0,74.25,25.0,0.017583165130777807,1,0,4173.475,4263.1050000000005,120.72870413342753,-120.72870413342753,-0.02777269540885044,-0.02816564940089192
IN--SA,IN,SA,3053.56116017884,10,3644.3,3730.0,3756.625,3749.391143502667,521.0186710239428,271460.4555555556,2250.0,4140.0,3618.75,3894.5,275.75,130.0,0.142968106638845,1,0,3311.3625,3873.05,590.7388398211601,590.7388398211601,0.19345898406258283,0.17685580010867724
IN--SE,IN,SE,5576.990338548147,10,5327.6,5450.0,5405.0,5404.999999970827,486.6710502085686,236848.7111111111,4166.0,5870.0,5150.0,5660.0,510.0,275.0,0.09134902211287795,1,0,4996.725,5576.0,249.39033854814625,-249.39033854814625,-0.044717728274399314,-0.045748409686809086
IN--SG,IN,SG,4141.530296031338,10,4071.8,4130.0,4106.0,4128.6348000356675,137.4415431293529,18890.177777777775,3720.0,4150.0,4107.5,4134.5,27.0,10.0,0.03375449263945992,2,0,3972.585,4134.5,69.73029603133818,-69.73029603133818,-0.016836843158713078,-0.016980194132505434
IN--SN,IN,SN,9687.105127662475,10,7777.2,7725.0,7710.625,7710.625000009617,378.2849601968219,143099.51111111112,7350.0,8737.0,7573.75,7852.5,278.75,152.5,0.0486402510153811,1,0,7588.4875,8028.175,1909.905127662475,-1909.905127662475,-0.19715953347182683,-0.21959925659369256
IN--TH,IN,TH,2916.5977506210074,10,2465.0,2413.0,2454.5,2458.285342953002,254.4506064270846,64745.11111111111,2099.0,2915.0,2359.5,2651.0,291.5,201.0,0.10322539814486191,0,0,2320.735,2603.8050000000003,451.59775062100744,-451.59775062100744,-0.1548371730468668,-0.16822597556909416
IN--TR,IN,TR,4224.800548051528,10,3744.9,3753.0,3743.0,3748.198200245474,108.38557714628516,11747.43333333333,3555.0,3950.0,3694.25,3800.0,105.75,51.0,0.02894218193978081,0,0,3678.7875000000004,3808.8075000000003,479.9005480515275,-479.9005480515275,-0.1135912909007875,-0.12057713779007855
IN--TZ,IN,TZ,5878.312198256734,10,6157.5,6211.0,6147.0,6135.976913951132,703.305094219824,494638.05555555556,5210.0,7189.0,5550.5,6544.5,994.0,584.0,0.11421926012502218,0,0,5761.97,6571.4275,279.1878017432664,279.1878017432664,0.04749455155275047,0.046401171419006085
IN--UA,IN,UA,4584.987256027431,10,4195.5,4227.5,4191.875,4191.874999965598,234.44319378286738,54963.61111111111,3830.0,4590.0,4006.25,4337.5,331.25,165.0,0.055879679128320196,0,0,4056.975,4334.5375,389.4872560274307,-389.4872560274307,-0.08494838355666315,-0.08877480388419676
IN--US,IN,US,12068.739151501237,10,12041.6,12035.0,12045.75,12056.500142862844,173.2404879543655,30012.26666666666,11750.0,12300.0,11997.0,12175.0,178.0,115.0,0.014386832975216375,0,0,11939.6,12136.61,27.139151501236483,-27.139151501236483,-0.0022487147298946,-0.0022512468856390093
IN--VN,IN,VN,3006.513807803295,10,2316.7,2314.0,2320.875,2320.8749999728316,286.0147820577733,81804.45555555556,1900.0,2700.0,2081.0,2543.75,462.75,236.0,0.12345784178261031,0,0,2152.6974999999998,2477.8,689.8138078032953,-689.8138078032953,-0.2294397604337985,-0.2606374448430097
IN--ZA,IN,ZA,7970.766596356072,10,9587.6,9740.0,9625.75,9684.83333316903,881.0662984260732,776277.8222222223,8220.0,10650.0,9094.5,10196.25,1101.75,633.5,0.09189643898640673,0,0,9026.5725,10074.3575,1616.8334036439282,1616.8334036439282,0.20284540816727495,0.18468992347092242
IT--JP,IT,JP,9880.684200947846,10,9643.0,9600.0,9632.5,9614.23899991124,76.89097620801951,5912.222222222223,9570.0,9800.0,9585.0,9700.0,115.0,25.0,0.007973760884374107,0,0,9600.975,9688.0,237.68420094784597,-237.68420094784597,-0.024055439493253426,-0.02434949694186334
IT--KE,IT,KE,5373.367125832121,10,5569.0,5650.0,5573.75,5574.413286375576,250.6192331007339,62810.0,5200.0,5900.0,5325.0,5765.0,440.0,195.0,0.045002555773161056,0,0,5414.975,5714.05,195.63287416787898,195.63287416787898,0.036407874166532635,0.035760767290360776
IT--KR,IT,KR,8990.221254368656,10,9637.0,9755.0,9665.0,9697.420666647893,331.1612564563943,109667.77777777777,8950.0,10100.0,9525.0,9800.0,275.0,130.0,0.034363521475188785,1,0,9440.75,9812.075,646.7787456313436,646.7787456313436,0.07194247253003386,0.06947239752399337
IT--MA,IT,MA,1903.2092760976723,10,1716.8,1736.5,1719.75,1728.6581333422116,92.13010124576851,8487.955555555558,1570.0,1840.0,1640.0,1783.75,143.75,56.0,0.05366385207698539,0,0,1663.2925,1771.1174999999998,186.40927609767232,-186.40927609767232,-0.09794470762557687,-0.10307946104835147
IT--MX,IT,MX,10254.982173131564,10,9648.0,9615.0,9660.0,9638.238999997457,182.6836975029062,33373.333333333336,9300.0,9900.0,9600.0,9762.5,162.5,75.0,0.0189348774360392,1,0,9539.95,9755.0,606.9821731315642,-606.9821731315642,-0.05918900324584475,-0.06101301317930655
IT--MY,IT,MY,9712.850057099384,10,9610.0,9645.0,9623.375,9622.833333331859,201.24556585867373,40499.77777777779,9230.0,9883.0,9487.5,9699.25,211.75,125.0,0.02094126595823868,0,0,9490.985,9726.9025,102.85005709938378,-102.85005709938378,-0.010589070818014728,-0.010645533977064978
IT--NG,IT,NG,3667.9438428379826,10,4588.8,4245.0,4563.75,4344.430599872872,605.468744032258,366592.3999999999,4018.0,5360.0,4084.5,5211.25,1126.75,221.5,0.13194489714789442,0,0,4243.48,4973.95,920.8561571620176,920.8561571620176,0.25105514059602596,0.2239873077284509
IT--NL,IT,NL,1294.6009270853822,10,1240.0,1225.0,1231.25,1225.2949998757288,60.55300708194983,3666.666666666666,1180.0,1370.0,1200.0,1250.0,50.0,25.0,0.04883307022737889,1,0,1208.975,1276.025,54.60092708538218,-54.60092708538218,-0.04217587516201517,-0.043091103629313364
IT--NO,IT,NO,2008.243997050136,10,1730.5,1725.0,1728.75,1729.2662501175357,33.036175457956524,1091.388888888889,1700.0,1775.0,1700.0,1757.5,57.5,25.0,0.01909053768156979,0,0,1712.5,1749.5,277.74399705013593,-277.74399705013593,-0.13830191822214222,-0.14885032282934535
IT--NZ,IT,NZ,18548.183630194897,10,17380.0,17700.0,17362.5,17362.499999833588,1003.1062866028815,1006222.2222222222,16000.0,18900.0,16375.0,18000.0,1625.0,850.0,0.05771612696219111,0,0,16749.75,17960.25,1168.183630194897,-1168.183630194897,-0.0629810257158114,-0.06505174691225682
IT--PE,IT,PE,10857.151296366306,10,10049.0,10060.0,10017.5,10034.999999998636,267.47585560819005,71543.33333333333,9700.0,10650.0,9917.5,10100.0,182.5,100.0,0.026617161469617876,1,0,9906.975,10223.025,808.1512963663063,-808.1512963663063,-0.07443492996517236,-0.07735084146079062
IT--PH,IT,PH,10405.066890561595,10,10603.7,10575.0,10579.625,10582.28384283094,378.5545755458078,143303.56666666668,10050.0,11350.0,10400.0,10840.25,440.25,243.5,0.03570023440363342,0,0,10389.9675,10831.1,198.63310943840588,198.63310943840588,0.019090036760704095,0.018910108296727266
IT--PK,IT,PK,5309.570036872611,10,5351.8,5290.0,5359.375,5302.80414285495,485.64294153901454,235849.0666666667,4443.0,6200.0,5162.5,5458.75,296.25,165.0,0.0907438509546348,3,0,5053.507500000001,5639.0875,42.229963127389055,42.229963127389055,0.007953556094772397,0.007922093284872275
IT--PL,IT,PL,1318.2845538649813,10,1286.7,1325.0,1291.25,1301.6785999867839,97.75257882361298,9555.56666666667,1150.0,1387.0,1185.0,1375.0,190.0,58.5,0.07597153868315301,0,0,1229.0,1342.4,31.584553864981217,-31.584553864981217,-0.023958828746328546,-0.024250509797201628
IT--PT,IT,PT,1866.7033208698376,10,1878.5,1900.0,1864.375,1892.989166675047,228.6682458643234,52289.16666666666,1470.0,2400.0,1806.25,1900.0,93.75,12.5,0.12172917001028662,2,0,1745.4875,2019.0375,11.796679130162374,11.796679130162374,0.0063195254426747435,0.006299640971409709
IT--RU,IT,RU,2380.4991270140295,10,1760.3,1770.0,1759.125,1760.5000000040386,90.99945054779178,8280.900000000001,1600.0,1930.0,1712.5,1788.25,75.75,45.0,0.05169542154620905,1,0,1704.6,1815.0075,620.1991270140295,-620.1991270140295,-0.2605332301852066,-0.30182593385879447
IT--SA,IT,SA,3687.31508886442,10,3903.4,3775.0,3906.75,3859.5604000177614,327.791329286721,107447.15555555557,3390.0,4390.0,3707.25,4175.25,468.0,162.0,0.08397584907688707,0,0,3712.7625000000003,4112.1,216.0849111355801,216.0849111355801,0.058602236567238314,0.05694939319904809
IT--SE,IT,SE,1980.1731729298174,10,1479.0,1450.0,1456.25,1458.3333333370108,97.11962840858804,9432.22222222222,1400.0,1740.0,1450.0,1482.5,32.5,25.0,0.06566573928910618,3,0,1435.975,1544.025,501.1731729298174,-501.1731729298174,-0.2530956280900894,-0.29181811822894965
IT--SG,IT,SG,10029.704091564545,10,10124.5,10160.0,10170.625,10177.49999998352,353.7611403821008,125146.94444444442,9280.0,10600.0,10096.25,10312.5,216.25,127.5,0.034941097375880366,1,0,9901.8625,10301.0125,94.7959084354552,94.7959084354552,0.00945151597395411,0.009407129855081223
IT--SN,IT,SN,4165.994598971797,10,4122.4,4112.5,4125.5,4124.81821470306,182.82608615232613,33425.37777777777,3760.0,4460.0,4049.25,4200.0,150.75,87.5,0.044349429010364386,2,0,4010.4375,4225.01,43.594598971797495,-43.594598971797495,-0.010464391620324476,-0.010519528351861063
IT--TH,IT,TH,8841.845377807338,10,8710.0,8790.0,8716.25,8693.781999941437,623.2352864065242,388422.22222222225,7700.0,9670.0,8250.0,8900.0,650.0,490.0,0.07155399384690289,0,0,8360.975,9074.1,131.84537780733808,-131.84537780733808,-0.014911522671303941,-0.01502381714486105
IT--TR,IT,TR,1726.7217900116748,10,1419.3,1406.5,1417.875,1414.6148571454842,54.00010288056043,2916.0111111111114,1350.0,1500.0,1380.0,1450.0,70.0,40.0,0.03804699702709817,0,0,1389.3,1452.5125,307.42179001167483,-307.42179001167483,-0.17803782392159206,-0.19606089948781022
IT--TZ,IT,TZ,5825.804280617088,10,6087.1,5872.5,6005.625,5970.651428865552,876.9541290423601,769048.5444444445,5076.0,7750.0,5425.0,6520.0,1095.0,600.0,0.14406763960545418,0,0,5607.6,6585.25,261.29571938291247,261.29571938291247,0.04485144141423769,0.04387471398480678
IT--UA,IT,UA,1678.2650237565786,10,1555.8,1550.0,1554.375,1555.8000000066427,85.19102717487982,7257.511111111112,1450.0,1673.0,1481.25,1637.5,156.25,82.5,0.05475705564653543,0,0,1504.4875,1607.105,122.4650237565786,-122.4650237565786,-0.07297120658717926,-0.07577065304340597
IT--US,IT,US,7232.448171181223,10,6940.0,6900.0,6925.0,6929.608857150201,180.43158136965812,32555.55555555556,6700.0,7300.0,6875.0,7045.0,170.0,130.0,0.025998786940872928,0,0,6843.0,7052.025,292.4481711812232,-292.4481711812232,-0.040435570951828856,-0.041275817223690475
IT--VN,IT,VN,8746.234564268761,10,8812.8,9013.0,8809.75,8858.192856275384,507.22355360662556,257275.73333333334,8000.0,9650.0,8525.0,9079.0,554.0,250.0,0.05755532334860948,0,0,8514.155,9106.47,66.56543573123781,66.56543573123781,0.007610753546809671,0.007581937875661933
IT--ZA,IT,ZA,7658.184796684193,10,9933.2,9885.0,9832.125,9805.571985681052,610.4043832666268,372593.5111111111,9300.0,11375.0,9541.75,9967.5,425.75,301.5,0.06145093054268783,1,0,9606.1375,10294.5875,2275.0152033158074,2275.0152033158074,0.2970697709332939,0.2601076979763495
JP--KE,JP,KE,11264.009284773352,10,10167.0,9800.0,10036.875,9825.782286870257,961.5011411560802,924484.4444444444,9400.0,11975.0,9603.75,10125.0,521.25,260.0,0.09457078205528476,2,0,9690.75,10782.575,1097.0092847733522,-1097.0092847733522,-0.09739065878224065,-0.10246544240972982
JP--KR,JP,KR,1158.5480184415178,10,1154.0,1150.0,1151.875,1150.4285714285713,8.096638534327413,65.55555555555556,1150.0,1175.0,1150.0,1153.75,3.75,0.0,0.0070161512429180355,2,0,1150.0,1159.0,4.548018441517797,-4.548018441517797,-0.003925619283036542,-0.003933344751206757
JP--MA,JP,MA,11544.941282910848,10,9758.5,9657.5,9674.375,9665.833333336277,354.33858572463333,125555.83333333333,9490.0,10700.0,9585.0,9775.0,190.0,110.0,0.036310763511260266,1,0,9597.45,9976.5125,1786.4412829108478,-1786.4412829108478,-0.15473801374418328,-0.16810865677204095
JP--MX,JP,MX,11318.783890147193,10,10885.1,10800.0,10881.375,10875.558856724676,182.34914617598602,33251.211111111115,10600.0,11200.0,10793.25,11000.0,206.75,120.0,0.01675217923363001,0,0,10784.177500000002,10999.1,433.68389014719287,-433.68389014719287,-0.038315413948728824,-0.03906875520615297
JP--MY,JP,MY,5316.516912091379,10,4509.8,4472.5,4449.75,4455.8333333413575,325.1313580693194,105710.39999999998,4150.0,5350.0,4392.5,4500.0,107.5,77.5,0.07209440730615978,2,0,4349.275000000001,4701.3425,806.7169120913786,-806.7169120913786,-0.1517378624822313,-0.16456556652801585
JP--NG,JP,NG,12973.378381681048,10,10472.6,10608.0,10490.75,10517.317142847196,486.2884831958175,236476.48888888888,9600.0,11200.0,10225.0,10737.5,512.5,300.0,0.046434360444953256,0,0,10161.16,10742.61,2500.778381681048,-2500.778381681048,-0.1927623097166619,-0.21413711841221694
JP--NL,JP,NL,9314.952522971289,10,8330.0,8200.0,8312.5,8288.415714285686,507.82761729635075,257888.88888888888,7700.0,9100.0,7900.0,8750.0,850.0,350.0,0.06096369955538424,0,0,8030.0,8620.25,984.952522971289,-984.952522971289,-0.10573886668153498,-0.11175745102566437
JP--NO,JP,NO,8428.362013784,10,7712.0,7725.0,7777.5,7753.333333221484,483.0412910806786,233328.88888888888,6600.0,8300.0,7625.0,7892.5,267.5,160.0,0.06263502218369796,3,0,7416.975,7980.0,716.3620137840007,-716.3620137840007,-0.08499421508146428,-0.08882489141126194
JP--NZ,JP,NZ,9244.785239978763,10,9078.0,9400.0,9160.0,9359.493333365343,756.7885364412498,572728.8888888889,7700.0,9800.0,8860.0,9575.0,715.0,200.0,0.08336511747535248,1,0,8606.0,9480.075,166.78523997876255,-166.78523997876255,-0.018041007513890685,-0.01820573067872473
JP--PE,JP,PE,15493.501413507556,10,19656.0,19690.0,19695.0,19689.352888895213,322.04899558228027,103715.55555555558,19000.0,20000.0,19500.0,19945.0,445.0,240.0,0.016384259034507544,0,0,19447.95,19838.0,4162.498586492444,4162.498586492444,0.268660935665807,0.23796196285392673
JP--PH,JP,PH,2993.700049787857,10,2417.3,2411.5,2412.25,2412.250000000125,20.97644181245025,440.0111111111112,2400.0,2475.0,2410.0,2416.75,6.75,5.0,0.008677632818620051,1,0,2408.2975,2432.3,576.4000497878569,-576.4000497878569,-0.19253767585323134,-0.2138588823771984
JP--PK,JP,PK,5982.697041375959,10,6010.1,6056.0,5946.875,5951.14014285778,586.4913469097391,343972.1,5250.0,7276.0,5542.5,6282.25,739.75,315.0,0.09758429092856011,0,0,5701.995,6336.1075,27.402958624041275,27.402958624041275,0.004580368759194077,0.004569910792279434
JP--PL,JP,PL,8602.084790962797,10,7670.0,7750.0,7768.75,7762.238999978636,370.5851229249946,137333.33333333337,6650.0,7900.0,7700.0,7875.0,175.0,75.0,0.0483161829106903,1,0,7420.0,7825.0,932.0847909627973,-932.0847909627973,-0.1083556851174066,-0.11468797605572342
JP--PT,JP,PT,11169.099580139571,10,9640.0,9700.0,9650.0,9664.53428572087,177.6388345929897,31555.55555555555,9300.0,9900.0,9600.0,9700.0,100.0,100.0,0.018427264999272792,3,0,9540.0,9740.0,1529.0995801395711,-1529.0995801395711,-0.13690446299346748,-0.1472298906579344
JP--RU,JP,RU,7500.447385335149,10,6948.0,6800.0,6910.0,6864.346666666625,385.1925925213689,148373.33333333334,6600.0,7600.0,6600.0,7270.0,670.0,200.0,0.05543934837670825,0,0,6720.0,7186.05,552.4473853351492,-552.4473853351492,-0.07365525774039727,-0.07650882176235345
JP--SA,JP,SA,8708.898067343061,10,7453.0,7475.0,7486.25,7493.333333292421,445.99576480301045,198912.22222222222,6570.0,8070.0,7322.5,7715.0,392.5,235.0,0.05984110623950227,1,0,7187.975,7707.1,1255.8980673430615,-1255.8980673430615,-0.14420860798135565,-0.1557286334530865
JP--SE,JP,SE,8189.5682624323,10,7668.9,7700.0,7693.75,7700.0,154.29009473499372,23805.433333333334,7289.0,7850.0,7700.0,7700.0,0.0,0.0,0.020118934232418433,4,0,7571.7,7745.0,520.6682624323003,-520.6682624323003,-0.06357700989205284,-0.0656879920777586
JP--SG,JP,SG,5313.463059765426,10,5652.0,5700.0,5717.5,5716.550666665529,219.8383244315897,48328.88888888889,5030.0,5750.0,5700.0,5747.5,47.5,20.0,0.03889566957388353,1,0,5509.0,5733.0,338.5369402345741,338.5369402345741,0.06371305049583229,0.06176566516311487
JP--SN,JP,SN,13935.316154449201,10,10216.0,9950.0,10063.75,10038.86324995766,809.5293557232978,655337.7777777776,9500.0,12150.0,9675.0,10357.5,682.5,405.0,0.0792413229956243,1,0,9816.0,10726.2,3719.3161544492013,-3719.3161544492013,-0.26689858437562003,-0.31047122974316615
JP--TH,JP,TH,4607.791688159286,10,4712.6,4138.0,4572.0,4182.39919996934,1022.8222610882976,1046165.3777777777,4000.0,6550.0,4000.0,5000.0,1000.0,138.0,0.21703990601542622,1,0,4164.889999999999,5357.725,104.80831184071394,104.80831184071394,0.022745887603825815,0.022491056899048192
JP--TR,JP,TR,8787.214872935936,10,7920.1,7878.0,7900.125,7908.500000020342,502.267403326599,252272.54444444444,7200.0,8800.0,7618.75,8192.5,573.75,312.5,0.0634168007129454,0,0,7635.092500000001,8213.365,867.1148729359356,-867.1148729359356,-0.0986791475427094,-0.10389397770905136
JP--TZ,JP,TZ,11676.47018662645,10,10327.5,10435.0,10310.25,10310.250001302276,521.0779958679677,271522.2777777778,9613.0,11180.0,9833.75,10702.75,869.0,417.5,0.05045538570495935,0,0,10013.355,10651.212500000001,1348.9701866264495,-1348.9701866264495,-0.11552893683328046,-0.12276548138753376
JP--UA,JP,UA,8224.583581872374,10,7821.0,7850.0,7843.75,7850.0,138.92044086054756,19298.88888888889,7500.0,7960.0,7800.0,7900.0,100.0,50.0,0.01776249084011604,1,0,7731.0,7893.0,403.58358187237354,-403.58358187237354,-0.049070397042581385,-0.050315243406519036
JP--US,JP,US,10926.417792606868,10,10825.0,10800.0,10818.75,10800.666666666648,35.35533905932738,1250.0,10800.0,10900.0,10800.0,10850.0,50.0,0.0,0.0032660821301919054,0,0,10805.0,10845.125,101.4177926068678,-101.4177926068678,-0.009281888587080208,-0.00932523374003498
JP--VN,JP,VN,3673.3588744790786,10,3468.2,3702.0,3454.0,3481.5916177827567,491.5238888735046,241595.73333333328,2850.0,4200.0,2960.75,3785.0,824.25,310.5,0.14172305197898177,0,0,3189.3925,3751.8749999999995,205.1588744790788,-205.1588744790788,-0.05585048493476492,-0.057470740775150145
JP--ZA,JP,ZA,13501.046885089567,10,13197.5,13400.0,13234.375,13207.49999995936,1321.9036147415086,1747429.1666666667,10900.0,15200.0,12375.0,13686.25,1311.25,850.0,0.10016318353790556,0,0,12369.475,13985.0625,303.5468850895668,-303.5468850895668,-0.022483210944538028,-0.02273981176580453
KE--KR,KE,KR,10114.909688283768,10,9630.2,9700.0,9639.0,9639.000000034961,265.89128939808796,70698.17777777776,9200.0,9990.0,9461.0,9764.5,303.5,226.0,0.02761015237462233,0,0,9467.18,9777.4,484.7096882837668,-484.7096882837668,-0.047920317948583604,-0.04910654805954994
KE--MA,KE,MA,6004.034142085109,10,5735.9,5756.0,5734.625,5735.8283601388,666.6600749674121,444435.65555555554,4782.0,6700.0,5215.0,6243.75,1028.75,577.5,0.11622588869530713,0,0,5335.6475,6122.799999999999,268.1341420851095,-268.1341420851095,-0.044658996891045424,-0.04568693091792152
KE--MX,KE,MX,14829.575444959697,10,12240.0,12000.0,12156.25,12107.17333333226,506.5131346328104,256555.55555555553,11750.0,13400.0,11925.0,12450.0,525.0,200.0,0.04138179204516425,1,0,11969.875,12555.0,2589.575444959697,-2589.575444959697,-0.17462235885113264,-0.19191425053447222
KE--MY,KE,MY,7236.589136086184,10,7664.4,7631.5,7679.875,7661.333333171195,831.0386005207914,690625.1555555556,6155.0,9050.0,7323.75,8057.5,733.75,395.0,0.10842839628944098,1,0,7191.2525000000005,8120.755,427.8108639138154,427.8108639138154,0.059117749518275316,0.057436249785005486
KE--NG,KE,NG,3444.024949628264,10,4148.3,4080.0,4142.25,4141.4821280972965,209.8809450881883,44050.01111111111,3815.0,4530.0,4015.0,4289.5,274.5,136.5,0.05059444714417672,0,0,4030.5,4272.825,704.2750503717361,704.2750503717361,0.2044918549291442,0.18605778084913163
KE--NL,KE,NL,6651.25998464762,10,6132.5,6125.0,6133.125,6133.1250000009,165.31535520533677,27329.166666666668,5900.0,6360.0,6000.0,6273.75,273.75,147.5,0.02695725319288003,0,0,6037.9875,6229.0125,518.7599846476196,-518.7599846476196,-0.07799424257133489,-0.08120381094540328
KE--NO,KE,NO,7154.024015085028,10,6593.5,6605.0,6529.375,6540.108999885554,419.523870331329,176000.27777777778,6100.0,7600.0,6318.75,6650.0,331.25,175.0,0.06362688561937196,1,0,6381.0,6883.0125,560.5240150850277,-560.5240150850277,-0.07835087132823466,-0.08159068244075364
KE--NZ,KE,NZ,13676.249196022416,10,13845.3,13850.0,13846.875,13846.875001922494,1007.25082940315,1014554.2333333335,11978.0,15700.0,13325.0,14428.75,1103.75,600.0,0.07275037950807495,0,0,13257.005000000001,14400.855,169.0508039775832,169.0508039775832,0.012360904042809467,0.01228513183808485
KE--PE,KE,PE,12580.253595968305,9,11529.666666666666,11936.0,11529.666666666666,11530.999999763644,807.1917368258919,651558.4999999999,10350.0,12700.0,10893.0,12000.0,1107.0,764.0,0.07000998035438075,0,1,11005.983333333334,12009.133333333333,1050.5869293016385,-1050.5869293016385,-0.08351079104147222,-0.0872049859576971
KE--PH,KE,PH,9425.033674849916,10,10411.9,10637.5,10475.625,10600.467833336159,509.390147354876,259478.32222222225,9400.0,10914.0,10050.0,10760.0,710.0,152.5,0.048923841696028196,0,0,10085.425,10668.335,986.8663251500839,986.8663251500839,0.10470692829283697,0.09958007652740511
KE--PK,KE,PK,5427.814219869003,10,5506.9,5540.5,5506.0,5511.9985600045175,250.06419175883622,62532.10000000001,5131.0,5890.0,5294.25,5630.0,335.75,172.0,0.045409248716852715,0,0,5346.575000000001,5645.1225,79.08578013099668,79.08578013099668,0.01457046555526828,0.014465336279956104
KE--PL,KE,PL,6115.97738809343,10,6503.9,6345.0,6433.25,6357.602286290186,506.5913211521361,256634.76666666672,5973.0,7600.0,6201.5,6491.25,289.75,160.0,0.07789039209584037,2,0,6246.297500000001,6843.0375,387.9226119065697,387.9226119065697,0.06342773808513036,0.061497406086005645
KE--PT,KE,PT,6454.518927958417,10,7465.0,7606.5,7375.375,7445.646666634876,1036.4001801106238,1074125.3333333333,6197.0,9450.0,6492.5,7935.0,1442.5,600.0,0.13883458541334545,0,0,6845.285,8067.7175,1010.4810720415826,1010.4810720415826,0.15655404892602903,0.14544493650957518
KE--RU,KE,RU,6323.293987631122,10,5787.5,5697.5,5765.625,5755.1317857046815,246.00417792296852,60518.055555555555,5500.0,6250.0,5607.5,5937.5,330.0,162.5,0.04250612145537253,0,0,5645.9625,5944.0375,535.793987631122,-535.793987631122,-0.0847333666091089,-0.08853985354311504
KE--SA,KE,SA,3062.992722793242,10,4307.0,4275.0,4292.5,4281.666666670473,205.6993491050038,42312.222222222226,3980.0,4750.0,4227.5,4337.5,110.0,60.0,0.04775931021708934,2,0,4194.925,4428.05,1244.0072772067579,1244.0072772067579,0.40614111419510895,0.340849154067043
KE--SE,KE,SE,6920.326031054763,10,6871.0,7000.0,6906.25,6918.126249816354,721.7794369165387,520965.5555555556,5760.0,7700.0,6375.0,7487.5,1112.5,575.0,0.10504721829668733,0,0,6455.925,7281.224999999999,49.32603105476301,-49.32603105476301,-0.007127703352907633,-0.0071532267850670074
KE--SG,KE,SG,7467.562130900984,10,6231.8,5710.0,6039.75,5738.15664355754,1260.7625382195401,1589522.1777777774,5200.0,8800.0,5593.25,5890.75,297.5,152.5,0.20231113614357651,2,0,5607.595,6965.0425,1235.7621309009837,-1235.7621309009837,-0.16548401061001755,-0.18090337562044806
KE--SN,KE,SN,6234.6746306605155,10,4889.8,4905.0,4849.75,4851.668777798152,415.8904236027135,172964.84444444446,4400.0,5700.0,4570.0,5114.5,544.5,315.0,0.085052645016711,0,0,4655.78,5139.915,1344.8746306605153,-1344.8746306605153,-0.2157088718065206,-0.24297499057876407
KE--TH,KE,TH,7217.238507509993,10,7909.5,7749.0,7830.625,7706.7937284807695,736.2389784121276,542047.8333333333,7150.0,9300.0,7422.5,7932.75,510.25,298.5,0.09308287229434574,2,0,7542.13,8375.720000000001,692.2614924900072,692.2614924900072,0.0959177796008356,0.09159216709941076
KE--TR,KE,TR,4581.087860826578,10,5141.7,5096.5,5071.125,5098.517499928738,626.7473440975505,392812.23333333334,4368.0,6480.0,4801.25,5438.5,637.25,337.5,0.12189496549731615,1,0,4799.435,5499.464999999999,560.6121391734214,560.6121391734214,0.12237533009730762,0.1154472699648689
KE--TZ,KE,TZ,554.7964784891632,10,1072.2,1047.0,1058.875,1052.999999980333,113.61513983620317,12908.4,935.0,1316.0,1007.0,1103.5,96.5,54.5,0.10596450273848458,1,0,1010.695,1140.81,517.4035215108369,517.4035215108369,0.9326005870113743,0.6588665503248102
KE--UA,KE,UA,5762.3271818541925,10,5574.0,5452.5,5563.375,5556.219855339107,625.0607081627263,390700.88888888893,4783.0,6450.0,5098.75,6117.5,1018.75,515.0,0.11213862722689744,0,0,5192.9925,5932.4375,188.32718185419253,-188.32718185419253,-0.032682486764590984,-0.03322848867953467
KE--US,KE,US,12147.187581604869,10,11373.0,11325.0,11378.75,11385.202143636354,286.66860464461206,82178.88888888889,10900.0,11800.0,11285.0,11575.0,290.0,225.0,0.025206067409180695,0,0,11200.0,11535.125,774.1875816048687,-774.1875816048687,-0.06373389530736004,-0.0658555430248003
KE--VN,KE,VN,7897.709339783662,10,8418.7,8439.0,8352.125,8405.878174948206,1347.3693752395195,1815404.2333333332,6570.0,10800.0,7501.25,9326.25,1825.0,928.0,0.16004482583291,0,0,7674.09,9166.1325,520.9906602163392,520.9906602163392,0.0659673125208493,0.06388266159701107
KE--ZA,KE,ZA,2855.2050138214963,10,4366.0,4298.0,4314.375,4250.907225827152,1187.9038494573354,1411115.5555555557,2890.0,6255.0,3395.25,4894.75,1499.5,926.5,0.2720805885151936,0,0,3692.0825,5013.745,1510.7949861785037,1510.7949861785037,0.5291371298610912,0.4247036089038552
KR--MA,KR,MA,10756.784508836095,10,9620.3,9600.0,9625.375,9620.299999985466,252.3661581468042,63688.67777777778,9300.0,9900.0,9390.0,9883.75,493.75,248.5,0.026232670306207104,0,0,9477.1,9760.075,1136.4845088360962,-1136.4845088360962,-0.10565280989895613,-0.11166122338150271
KR--MX,KR,MX,12067.859883839203,10,11072.8,11195.0,11203.5,11203.50000004008,696.032055455941,484460.6222222221,9300.0,11800.0,10950.0,11450.0,500.0,300.0,0.06285962497795869,1,0,10633.705,11421.41,995.0598838392034,-995.0598838392034,-0.08245537265242431,-0.08605406007546054
KR--MY,KR,MY,4601.299368792894,10,4079.9,4100.0,4088.5,4110.499999991352,148.84850613216707,22155.87777777778,3820.0,4271.0,4061.75,4165.5,103.75,62.5,0.03648337119345255,2,0,3982.36,4160.3025,521.3993687928937,-521.3993687928937,-0.11331568042043692,-0.12026625677243039
KR--NG,KR,NG,11887.41498494817,10,9392.5,9653.5,9442.5,9614.015000051617,565.990233523905,320344.9444444445,8461.0,9924.0,8975.0,9786.5,811.5,175.0,0.06025980660355656,0,0,9049.805,9706.685,2494.914984948169,-2494.914984948169,-0.20987868162314746,-0.23556877774572535
KR--NL,KR,NL,8579.921511952483,10,8255.4,8200.0,8225.5,8222.333333332099,311.53105784175034,97051.59999999999,7900.0,8850.0,8025.0,8425.5,400.5,217.0,0.037736639998273896,0,0,8083.325,8432.855,324.5215119524837,-324.5215119524837,-0.037823366041332726,-0.03855723398725506
KR--NO,KR,NO,7736.93982941218,10,6528.0,6500.0,6455.0,6491.925714372055,557.9087938204794,311262.22222222225,5790.0,7850.0,6347.5,6662.5,315.0,200.0,0.08546396964161757,2,0,6230.875,6884.25,1208.9398294121802,-1208.9398294121802,-0.15625555530577653,-0.169905620883178
KR--NZ,KR,NZ,9994.193199560701,10,10128.6,10018.0,10085.75,10064.605599995031,232.95598058193073,54268.48888888889,9900.0,10700.0,10000.0,10187.5,187.5,68.0,0.022999820368257283,1,0,10014.965,10285.0,134.40680043929933,134.40680043929933,0.013448489313295169,0.013358861063096653
KR--PE,KR,PE,16309.70237354757,10,12569.0,12500.0,12531.25,12531.666666672036,354.6030644725639,125743.33333333331,12140.0,13300.0,12350.0,12742.5,392.5,245.0,0.028212512091062448,0,0,12364.0,12784.025,3740.7023735475705,-3740.7023735475705,-0.2293544227768713,-0.26052670342731454
KR--PH,KR,PH,2612.8130222238005,10,2452.0,2449.0,2453.0,2453.0000000000273,29.996296067644383,899.7777777777779,2400.0,2496.0,2431.0,2477.25,46.25,25.0,0.012233399701323158,0,0,2434.7,2469.7025,160.81302222380054,-160.81302222380054,-0.06154784933172539,-0.06352340915862485
KR--PK,KR,PK,4828.37891716201,10,4446.4,4456.5,4434.0,4406.36299998264,398.26211357736645,158612.71111111113,3930.0,5062.0,4118.25,4588.25,470.0,285.0,0.08956956494633107,0,0,4230.757500000001,4698.224999999999,381.9789171620105,-381.9789171620105,-0.0791112138702087,-0.08241600340595626
KR--PL,KR,PL,7760.66724715256,10,7226.0,7240.0,7220.0,7226.000000040288,467.2187210861026,218293.33333333334,6700.0,7800.0,6812.5,7617.5,805.0,415.0,0.06465800181097463,0,0,6951.925,7498.025,534.6672471525599,-534.6672471525599,-0.0688944945228431,-0.07138268323094546
KR--PT,KR,PT,10442.178115737892,10,9561.0,9700.0,9617.5,9618.369999046592,350.12537437006443,122587.77777777777,8770.0,9900.0,9400.0,9785.0,385.0,200.0,0.03662016257400527,1,0,9371.975,9738.05,881.1781157378919,-881.1781157378919,-0.08438642838411532,-0.08816086836626147
KR--RU,KR,RU,6623.6510029551755,10,6219.0,6140.0,6173.75,6166.666666590301,482.11225064524365,232432.22222222225,5600.0,7200.0,6012.5,6362.5,350.0,195.0,0.07752247156218743,1,0,5955.0,6504.175,404.6510029551755,-404.6510029551755,-0.06109183632631587,-0.06303760682127461
KR--SA,KR,SA,7561.8622427533055,10,6521.6,6415.0,6523.25,6517.366657094746,492.88069324916523,242931.37777777773,5700.0,7330.0,6248.5,6827.5,579.0,341.0,0.07557665193344658,0,0,6236.179999999999,6801.805,1040.2622427533051,-1040.2622427533051,-0.13756693911611664,-0.14799774365788887
KR--SE,KR,SE,7449.1900939572515,10,6916.0,6750.0,6888.75,6774.586333347199,507.7937026435484,257854.44444444444,6300.0,7750.0,6616.25,7318.75,702.5,215.0,0.07342303392763858,0,0,6604.9875,7236.5,533.1900939572515,-533.1900939572515,-0.07157692141455389,-0.07426774644031914
KR--SG,KR,SG,4664.185115043959,10,4238.8,4100.0,4115.625,4110.344166669372,408.8384087196852,167148.84444444437,4063.0,5400.0,4100.0,4143.75,43.75,12.5,0.09645145058027867,1,0,4097.6,4502.5325,425.38511504395865,-425.38511504395865,-0.0912024511359793,-0.09563292813154058
KR--SN,KR,SN,13134.589981893088,10,9911.8,9873.0,9868.25,9857.922142842826,350.91429786266116,123140.84444444448,9472.0,10700.0,9700.0,10025.0,325.0,175.0,0.035403690335021006,1,0,9729.0,10131.61,3222.789981893089,-3222.789981893089,-0.2453666225086524,-0.28152324039813387
KR--TH,KR,TH,3719.513508661133,10,3481.8,3700.0,3531.25,3629.755533373282,445.2978528780234,198290.17777777775,2700.0,3868.0,3350.0,3775.0,425.0,159.0,0.12789300157333086,2,0,3209.92,3733.6,237.7135086611329,-237.7135086611329,-0.0639098387753133,-0.06604348104885463
KR--TR,KR,TR,7765.002447792769,10,6639.2,6682.5,6653.375,6652.527139579708,772.9839440620858,597504.1777777778,5500.0,7665.0,5980.25,7185.0,1204.75,650.0,0.11642727196982856,0,0,6169.6975,7106.03,1125.8024477927693,-1125.8024477927693,-0.14498417165506275,-0.15663529753259728
KR--TZ,KR,TZ,10537.870724122911,10,9610.5,9740.0,9632.75,9671.599957142886,383.8721575385917,147357.83333333337,9063.0,9980.0,9256.25,9950.0,693.75,238.5,0.039942995425689784,0,0,9387.1,9838.775000000001,927.3707241229113,-927.3707241229113,-0.08800361556913086,-0.09211925335550052
KR--UA,KR,UA,7313.668925959538,10,7068.9,7070.5,7083.875,7083.875000003509,359.5263705364477,129259.21111111109,6400.0,7618.0,6860.0,7312.5,452.5,260.0,0.05086029941524816,0,0,6858.935,7280.0975,244.76892595953814,-244.76892595953814,-0.03346732377927881,-0.03404017208919748
KR--US,KR,US,11188.89291648359,10,11037.0,11185.0,11158.75,11158.749999997306,477.82028234705797,228312.2222222222,9700.0,11400.0,11100.0,11200.0,100.0,50.0,0.04329258696630044,2,0,10718.0,11229.025,151.89291648358994,-151.89291648358994,-0.013575330250933028,-0.013668317561262121
KR--VN,KR,VN,2740.7404572606933,10,2191.0,2200.0,2197.375,2211.0891142849177,311.3576007672778,96943.55555555555,1731.0,2600.0,2002.0,2443.0,441.0,237.0,0.14210753115804556,0,0,2006.5525,2363.0425,549.7404572606933,-549.7404572606933,-0.2005809983956475,-0.22387006315459662
KR--ZA,KR,ZA,12439.33130876874,10,12001.0,12355.0,12096.25,12283.829857194329,1168.3459343115044,1365032.222222222,9950.0,13290.0,11780.0,12747.5,967.5,535.0,0.09735404835526243,2,0,11311.825,12614.2,438.3313087687402,-438.3313087687402,-0.035237529887137214,-0.03587335290255797
MA--MX,MA,MX,9030.70859335305,10,9074.3,9219.0,9086.625,9167.977466637925,449.8851828831194,202396.67777777778,8400.0,9650.0,8712.5,9375.0,662.5,226.0,0.04957794903002099,0,0,8783.6075,9313.7075,43.5914066469486,43.5914066469486,0.004827019518604946,0.004815406814727064
MA--MY,MA,MY,11510.602148512982,10,10452.5,10150.0,10350.0,10301.707143113776,1284.7638131405927,1650618.0555555557,8775.0,12950.0,9650.0,11225.0,1575.0,750.0,0.12291450018087469,0,0,9697.4375,11193.3125,1058.1021485129822,-1058.1021485129822,-0.09192413523298389,-0.09642735236555208
MA--NG,MA,NG,3128.743164350726,10,2973.5,3101.0,2989.875,3084.982166662086,373.9058853657042,139805.61111111112,2338.0,3478.0,2844.75,3160.25,315.5,97.5,0.1257460519138067,2,0,2750.7775,3183.0175,155.24316435072615,-155.24316435072615,-0.049618379072972604,-0.05089166881092457
MA--NL,MA,NL,2242.2927982728406,10,1864.6,1875.0,1869.75,1870.9947499905516,107.50834592925538,11558.044444444442,1700.0,1988.0,1791.75,1957.5,165.75,85.0,0.057657591938890584,0,0,1796.9925,1924.105,377.6927982728407,-377.6927982728407,-0.16844044567407263,-0.1844523601527548
MA--NO,MA,NO,3151.447797422512,10,2901.1,2845.0,2876.375,2843.3241714285873,178.48712994374569,31857.655555555557,2720.0,3280.0,2803.25,2871.25,68.0,42.0,0.06152394951699207,2,0,2806.095,3014.5125,250.34779742251203,-250.34779742251203,-0.07943897964207595,-0.08277199005753247
MA--NZ,MA,NZ,19184.614067775434,10,19471.5,19700.0,19606.25,19650.00000000945,624.7668454000349,390333.61111111107,17885.0,19980.0,19450.0,19775.0,325.0,175.0,0.0320862206506964,1,0,19064.9625,19763.0,286.8859322245662,286.8859322245662,0.014953959001262947,0.014843250875039158
MA--PE,MA,PE,8994.063367057093,10,9165.0,9317.0,9250.0,9349.999999998154,666.8334791302015,444666.8888888888,7750.0,9900.0,9274.5,9475.0,200.5,133.0,0.07275869930498652,3,0,8734.945,9516.6,170.93663294290673,170.93663294290673,0.019005495732774467,0.018827147486863167
MA--PH,MA,PH,12306.704272957739,10,12059.9,12100.0,12100.0,12100.0,1095.7149314995718,1200591.2111111113,9900.0,13899.0,11437.5,12687.5,1250.0,675.0,0.0908560544863201,0,0,11414.75,12679.6025,246.80427295773916,-246.80427295773916,-0.02005445710595785,-0.0202582773369716
MA--PK,MA,PK,7189.637834826475,10,5841.5,5705.0,5803.125,5800.999428556256,662.7386362662131,439222.49999999994,4920.0,7070.0,5333.75,6275.0,941.25,460.0,0.11345350274179802,0,0,5472.8375,6249.05,1348.1378348264752,-1348.1378348264752,-0.18751123016184765,-0.20765318661142426
MA--PL,MA,PL,3003.7613829081456,10,2136.3,1971.5,2096.625,1998.290957112279,413.2704387632335,170792.45555555556,1780.0,2810.0,1825.0,2447.5,622.5,176.5,0.19345149967852526,0,0,1910.0874999999999,2392.8250000000003,867.4613829081454,-867.4613829081454,-0.28879170890342065,-0.3407899369530674
MA--PT,MA,PT,561.1139331622182,10,569.9,540.0,553.0,537.6666666548898,100.14040143718218,10028.099999999999,475.0,800.0,522.0,550.0,28.0,17.0,0.17571574212525387,3,0,520.1,635.81,8.786066837781732,8.786066837781732,0.0156582581870083,0.015536932522402463
MA--RU,MA,RU,4154.088683247983,10,4115.4,4112.5,4111.75,4122.33333323398,387.8708834421865,150443.82222222222,3560.0,4700.0,3867.25,4375.0,507.75,285.0,0.09424864738353174,0,0,3881.985,4330.9775,38.688683247983136,-38.688683247983136,-0.00931339848472695,-0.00935703935495426
MA--SA,MA,SA,5250.266926333236,10,3623.5,3820.0,3704.375,3799.7230000071363,445.1095370804809,198122.5,2700.0,3900.0,3696.25,3900.0,203.75,80.0,0.12283966802276276,2,0,3327.9,3859.0,1626.7669263332364,-1626.7669263332364,-0.30984461345651304,-0.37083850885495884
MA--SE,MA,SE,3357.2928975060963,10,3500.6,3504.0,3432.0,3461.0826333876203,532.15853945146,283192.7111111111,2860.0,4690.0,3094.75,3693.75,599.0,258.5,0.15201923654558075,1,0,3211.1699999999996,3844.8500000000004,143.30710249390359,143.30710249390359,0.04268531429008075,0.041799418404338456
MA--SG,MA,SG,11826.42016648286,10,9640.1,9742.0,9643.875,9653.01799999344,636.8426371125322,405568.54444444436,8500.0,10750.0,9190.25,9900.0,709.75,350.0,0.06606182893460982,0,0,9285.8375,10008.9825,2186.3201664828593,-2186.3201664828593,-0.1848674523402346,-0.2044045437995828
MA--SN,MA,SN,2391.787943560576,10,2451.2,2440.0,2407.25,2413.8333334258027,350.10976056723194,122576.84444444448,2020.0,3234.0,2221.25,2537.5,316.25,185.0,0.14283198456561355,1,0,2277.185,2679.4275000000002,59.41205643942385,59.41205643942385,0.024840018363408538,0.024536520763221
MA--TH,MA,TH,10705.56891983213,10,8468.4,8400.0,8400.75,8412.431233331828,556.5377495432513,309734.26666666666,7878.0,9600.0,8006.0,8831.5,825.5,423.5,0.0657193507089003,0,0,8175.349999999999,8814.804999999998,2237.168919832131,-2237.168919832131,-0.2089724457041944,-0.23442247706038316
MA--TR,MA,TR,3564.835480066176,10,2330.2,2425.0,2355.25,2390.4106575325095,229.07291415616993,52474.399999999994,1870.0,2590.0,2287.25,2460.5,173.25,79.0,0.09830611713851599,2,0,2189.1699999999996,2453.52,1234.6354800661761,-1234.6354800661761,-0.3463372957798481,-0.425163803348635
MA--TZ,MA,TZ,6314.658277637436,10,5090.5,4950.0,5042.625,4975.546001378294,730.4886112124618,533613.6111111112,4236.0,6328.0,4535.5,5402.5,867.0,470.0,0.14350036562468554,0,0,4700.365,5510.405,1224.1582776374362,-1224.1582776374362,-0.19385978208395502,-0.21549758396835056
MA--UA,MA,UA,3528.2254241343594,10,2664.5,2712.5,2720.625,2720.6250000000523,289.7935088606675,83980.27777777777,1930.0,2950.0,2605.0,2847.5,242.5,140.0,0.10876093408169168,1,0,2480.9625,2804.0,863.7254241343594,-863.7254241343594,-0.2448044895958631,-0.2807786090782935
MA--US,MA,US,6156.291767126741,10,6201.0,6170.0,6176.25,6176.613999997872,121.12436217008992,14671.111111111111,6100.0,6500.0,6122.5,6236.25,113.75,60.0,0.01953303695695693,1,0,6142.975,6276.525,44.70823287325857,44.70823287325857,0.007262201754632684,0.0072359589445965
MA--VN,MA,VN,10647.136952745917,10,9540.9,9798.0,9639.875,9766.068571483822,765.3582240435593,585773.2111111111,7890.0,10400.0,9606.75,9947.75,341.0,200.0,0.08021866113716308,2,0,9032.952500000001,9927.939999999999,1106.2369527459177,-1106.2369527459177,-0.10389994584042775,-0.10970320465275932
MA--ZA,MA,ZA,7578.285436291664,10,8771.7,8367.5,8761.0,8757.884899779374,1162.98304659469,1352529.566666667,7360.0,10269.0,7935.0,9900.0,1965.0,946.0,0.13258354100056885,0,0,8075.9025,9514.9,1193.4145637083366,1193.4145637083366,0.15747817547135287,0.14624365191613609
MX--MY,MX,MY,16634.32204066329,10,14271.7,14334.5,14293.375,14295.255514941695,274.5796990148964,75394.01111111109,13730.0,14640.0,14121.25,14432.5,311.25,189.0,0.01923945283427317,0,0,14097.085000000001,14428.5525,2362.622040663289,-2362.622040663289,-0.14203296262316922,-0.1531895982078858
MX--NG,MX,NG,11398.49344176858,10,9046.0,9075.0,9083.25,9081.738569809644,614.3399348532989,377413.55555555556,7900.0,9894.0,8675.0,9450.0,775.0,450.0,0.0679128824732809,0,0,8671.49,9391.012499999999,2352.49344176858,-2352.49344176858,-0.20638634866851047,-0.23115852138083226
MX--NL,MX,NL,9230.824470291544,10,9086.0,9075.0,9087.5,9087.064999998382,223.26864734863443,49848.88888888888,8760.0,9400.0,8900.0,9275.0,375.0,175.0,0.024572820531436765,0,0,8961.975,9225.0,144.82447029154355,-144.82447029154355,-0.015689223726184608,-0.01581360224697588
MX--NO,MX,NO,9207.206656401106,10,8247.5,8300.0,8221.875,8221.875001456552,371.64237588783595,138118.05555555556,7750.0,8950.0,7956.25,8400.0,443.75,312.5,0.0450612156275036,0,0,8039.9375,8465.125,959.7066564011056,-959.7066564011056,-0.10423429083498316,-0.11007638550735109
MX--NZ,MX,NZ,11096.668791733968,10,13774.1,13900.0,13842.625,13918.888570354913,630.6889442858852,397768.5444444444,12500.0,14500.0,13719.25,14200.0,480.75,300.0,0.04578803292308646,2,0,13399.98,14105.4575,2677.4312082660326,2677.4312082660326,0.24128242975589945,0.21614506272750977
MX--PE,MX,PE,4242.004305490678,10,4201.2,4200.0,4217.75,4217.750000000469,94.18398070915363,8870.622222222222,3970.0,4300.0,4191.75,4268.25,76.5,49.0,0.022418352068255175,1,0,4136.9675,4247.5,40.804305490678416,-40.804305490678416,-0.009619109871685651,-0.009665672342649036
MX--PH,MX,PH,14235.182311520231,10,13726.5,13750.0,13725.625,13750.0,393.8700434294428,155133.61111111112,13000.0,14460.0,13600.0,13900.0,300.0,150.0,0.028694134952787876,2,0,13478.4375,13968.0125,508.68231152023145,-508.68231152023145,-0.03573416204923246,-0.03638825687881553
MX--PK,MX,PK,14066.453084225219,10,11920.0,12300.0,11995.625,12214.026066494607,1231.9804291374835,1517775.777777778,9800.0,13435.0,11454.25,12737.5,1283.25,493.0,0.10335406284710431,0,0,11125.385,12614.515,2146.453084225219,-2146.453084225219,-0.15259376840579322,-0.16557508703549598
MX--PL,MX,PL,10192.871677759145,10,8300.3,8152.5,8266.25,8271.5888889294,619.2718035456376,383497.5666666667,7573.0,9300.0,7800.0,8842.5,1042.5,500.0,0.0746083639802944,0,0,7950.450000000001,8673.304999999998,1892.571677759146,-1892.571677759146,-0.18567600354360775,-0.2053969621278336
MX--PT,MX,PT,8683.463178335352,10,8721.5,8775.0,8755.625,8746.472611113324,457.4206063472776,209233.6111111111,7900.0,9270.0,8426.25,9087.5,661.25,402.5,0.05244746962647224,0,0,8437.0,8976.05,38.036821664647505,38.036821664647505,0.004380374613615772,0.004370808697428868
MX--RU,MX,RU,10735.215575427284,10,8094.0,8160.0,8086.25,8123.900200733228,264.6675062958974,70048.88888888889,7700.0,8550.0,7942.5,8200.0,257.5,115.0,0.03269922242351092,0,0,7937.975,8254.075,2641.2155754272844,-2641.2155754272844,-0.2460328399434269,-0.28240646622432425
MX--SA,MX,SA,13896.334176917055,10,11398.0,11950.0,11422.5,11612.683333254303,1309.977099036468,1716040.0000000002,9700.0,12900.0,9985.0,12475.0,2490.0,750.0,0.11493043507952869,0,0,10657.8,12170.2,2498.3341769170547,-2498.3341769170547,-0.17978368576275258,-0.1981871756620715
MX--SE,MX,SE,9597.983316257523,10,8328.0,8285.0,8293.75,8298.627714283133,446.5124111750236,199373.33333333334,7730.0,9200.0,8035.0,8575.0,540.0,310.0,0.05361580345521417,0,0,8080.95,8593.05,1269.9833162575233,-1269.9833162575233,-0.13231772492314764,-0.1419296738698981
MX--SG,MX,SG,16619.715449178875,10,14313.9,14244.5,14323.625,14321.580000012467,348.47108918818503,121432.1,13800.0,14750.0,14025.0,14675.0,650.0,300.0,0.024344943669313397,0,0,14108.8725,14515.07,2305.8154491788755,-2305.8154491788755,-0.1387397670092359,-0.1493585751680885
MX--SN,MX,SN,8626.492575918614,10,9169.6,9275.0,9225.0,9257.640000010062,404.5538557747562,163663.82222222222,8296.0,9600.0,9050.0,9437.5,387.5,200.0,0.04411902981316046,1,0,8898.685,9395.0,543.1074240813869,543.1074240813869,0.06295808166548532,0.06105566458931224
MX--TH,MX,TH,15755.522525889133,10,14153.3,14141.5,14154.125,14153.300000000067,129.5205260438154,16775.566666666666,14000.0,14300.0,14025.0,14287.5,262.5,141.5,0.0091512598506225,0,0,14078.3,14228.342499999999,1602.222525889134,-1602.222525889134,-0.10169275714317927,-0.10724312793096602
MX--TR,MX,TR,11768.795374105772,10,9552.9,9690.0,9606.125,9645.292858011542,441.55494184378307,194970.76666666666,8700.0,9980.0,9300.0,9872.25,572.25,250.0,0.04622208353942605,0,0,9286.8275,9780.1725,2215.895374105772,-2215.895374105772,-0.18828565742431752,-0.20860679557232045
MX--TZ,MX,TZ,14938.231690550672,10,11538.1,11433.5,11510.125,11518.530887592942,566.7577279775038,321214.3222222222,10800.0,12500.0,11070.0,11978.0,908.0,530.0,0.04912054220170598,0,0,11215.34,11886.247500000001,3400.131690550672,-3400.131690550672,-0.22761272960449924,-0.2582692091494195
MX--UA,MX,UA,10833.717889250147,10,8702.1,8767.0,8741.375,8741.375000034372,389.1016576680187,151400.1,7900.0,9190.0,8482.5,8950.25,467.75,258.5,0.04471353554521537,0,0,8440.067500000001,8901.435,2131.6178892501466,-2131.6178892501466,-0.19675774383651465,-0.219098921663222
MX--US,MX,US,3030.093510534221,10,3550.9,3565.0,3554.875,3560.535259993654,71.67279043604266,5136.988888888888,3400.0,3670.0,3515.0,3576.75,61.75,24.5,0.020184401260537513,2,0,3503.0,3593.705,520.8064894657791,520.8064894657791,0.17187802543227726,0.15860761187551603
MX--VN,MX,VN,14772.36666926787,10,14021.0,14100.0,14051.25,14065.777141909497,304.7202724540073,92854.44444444442,13500.0,14300.0,13820.0,14287.5,467.5,200.0,0.021733134045646335,0,0,13835.975,14191.1,751.3666692678707,-751.3666692678707,-0.050862985335382895,-0.05220211285416754
MX--ZA,MX,ZA,14607.47105898857,10,12791.6,12700.0,12764.5,12731.398333336356,198.5364226309901,39416.71111111112,12600.0,13200.0,12654.0,12875.0,221.0,75.0,0.01552084357163999,0,0,12680.0,12911.725,1815.8710589885704,-1815.8710589885704,-0.12431111803375378,-0.1327444087019114
MY--NG,MY,NG,10420.365898604718,10,9372.6,9215.0,9307.0,9281.589714272031,513.7955062300781,263985.8222222222,8770.0,10500.0,9071.0,9527.5,456.5,280.0,0.05481888763310907,1,0,9082.765,9696.435,1047.7658986047172,-1047.7658986047172,-0.10054981838449767,-0.10597161165506518
MY--NL,MY,NL,10191.674131483782,10,9439.2,9488.5,9449.0,9475.333333332279,281.05823833030286,78993.73333333332,9000.0,9800.0,9318.75,9600.0,281.25,151.0,0.029775641826669932,0,0,9255.2,9597.5075,752.4741314837811,-752.4741314837811,-0.07383224009873539,-0.07669989454450211
MY--NO,MY,NO,9756.41766681565,10,8848.4,8792.0,8838.0,8817.333333362149,331.0304450583897,109581.15555555557,8280.0,9500.0,8720.0,8955.0,235.0,142.0,0.03741133369404522,2,0,8653.995,9058.025,908.017666815651,-908.017666815651,-0.09306875718370249,-0.09768863899928376
MY--NZ,MY,NZ,8841.078241919804,10,11200.0,10850.0,11037.5,10966.2414254018,1184.1546445554407,1402222.222222222,10000.0,13700.0,10275.0,11750.0,1475.0,650.0,0.10572809326387864,0,0,10579.75,11970.0,2358.921758080196,2358.921758080196,0.266813808625221,0.23650493602175546
MY--PE,MY,PE,19013.09740368873,9,18377.777777777777,18700.0,18377.777777777777,18828.728571566866,1584.4677953320618,2510538.1944444445,15600.0,19675.0,18500.0,19450.0,950.0,750.0,0.08621650639654509,2,1,17284.791666666664,19250.0,635.3196259109536,-635.3196259109536,-0.03341484096051048,-0.03398587346567443
MY--PH,MY,PH,2466.062114353582,10,2151.0,2380.0,2238.75,2369.584000126387,491.49884141380346,241571.11111111112,1175.0,2425.0,2310.0,2415.0,105.0,40.0,0.22849783422306066,2,0,1798.95,2392.0,315.0621143535818,-315.0621143535818,-0.12775919654244705,-0.1366897424416842
MY--PK,MY,PK,4494.739093847033,10,3610.3,3643.0,3610.125,3610.1249999998345,186.55475812151715,34802.67777777777,3286.0,3936.0,3475.5,3728.75,253.25,120.5,0.05167292416738696,0,0,3505.6475,3725.1,884.4390938470324,-884.4390938470324,-0.19677206515896872,-0.2191167512159079
MY--PL,MY,PL,9097.205754114833,10,7661.0,7748.5,7702.5,7731.369385355821,550.2884092304083,302817.3333333333,6390.0,8600.0,7609.75,7847.5,237.75,105.5,0.0718298406514043,2,0,7288.2975,7958.8575,1436.2057541148333,-1436.2057541148333,-0.15787328471329903,-0.171824782848169
MY--PT,MY,PT,11578.724073923351,10,10315.4,10192.0,10256.75,10249.028550066963,533.0576787636483,284150.4888888888,9800.0,11300.0,9862.5,10627.5,765.0,367.0,0.05167590968490299,0,0,9994.9625,10645.5625,1263.3240739233515,-1263.3240739233515,-0.10910736501343063,-0.11553135822587668
MY--RU,MY,RU,8120.2776123462945,10,6511.3,6486.5,6495.375,6511.300000000606,488.76625860993676,238892.45555555559,5950.0,7200.0,6057.5,6932.5,875.0,496.5,0.07506431259655319,0,0,6210.4875,6801.55,1608.9776123462943,-1608.9776123462943,-0.19814317799923,-0.22082521323689708
MY--SA,MY,SA,6341.828455301534,10,5037.1,5080.5,5018.875,5019.942043134841,748.1723583358167,559761.8777777777,4000.0,6220.0,4377.5,5575.0,1197.5,594.5,0.1485323615445031,0,0,4610.9,5460.3425,1304.7284553015334,-1304.7284553015334,-0.20573379814631043,-0.23033660710611362
MY--SE,MY,SE,9341.491142366964,10,8892.3,8986.5,8955.375,8959.075699983987,412.1806642723552,169892.9,7900.0,9380.0,8750.0,9130.0,380.0,188.5,0.04635253694458748,1,0,8631.2575,9105.025,449.1911423669644,-449.1911423669644,-0.048085593137237356,-0.04928015699040864
MY--SG,MY,SG,316.8988719686071,10,312.2,313.5,312.75,313.33758571407503,11.85842410365822,140.62222222222223,290.0,330.0,308.0,320.0,12.0,6.5,0.03798342121607373,0,0,305.0,318.5025,4.698871968607136,-4.698871968607136,-0.014827670226205852,-0.014938699027659144
MY--SN,MY,SN,13043.639094479997,10,10162.8,10000.0,10129.75,10099.020999942275,449.67464781649505,202207.28888888887,9590.0,11000.0,9837.0,10450.0,613.0,255.0,0.04424712164132868,0,0,9886.975,10427.66,2880.8390944799976,-2880.8390944799976,-0.2208616072257898,-0.24956659449441373
MY--TH,MY,TH,1177.7394610704162,10,1200.1,1157.5,1201.375,1199.0812500026275,88.90750499504777,7904.544444444445,1090.0,1300.0,1147.0,1300.0,153.0,62.5,0.07408341387804998,0,0,1144.4875,1255.6,22.360538929583754,22.360538929583754,0.018985980914030726,0.018807996456087953
MY--TR,MY,TR,7987.759450740217,10,7282.9,7312.5,7253.625,7283.833885750115,522.7020502478763,273217.4333333334,6500.0,8300.0,7038.0,7567.5,529.5,278.0,0.07177114202417667,0,0,6983.264999999999,7617.07,704.8594507402177,-704.8594507402177,-0.08824244834700162,-0.09238116673593041
MY--TZ,MY,TZ,7402.73482591565,10,8090.9,7735.0,7995.75,7787.159171596228,1131.6028406154205,1280524.9888888889,6749.0,10194.0,7480.0,8195.0,715.0,367.0,0.1398611823919985,2,0,7513.38,8840.3825,688.1651740843499,688.1651740843499,0.09296093812184206,0.08889047033239277
MY--UA,MY,UA,8411.290456319653,10,7985.6,7924.5,7991.25,7991.250000032847,311.2213217488659,96858.7111111111,7530.0,8396.0,7792.5,8294.0,501.5,255.5,0.0389728162879265,0,0,7821.4,8169.92,425.6904563196531,-425.6904563196531,-0.05060941106840736,-0.051934985562467256
MY--US,MY,US,15344.127499182949,10,14065.0,14000.0,14056.25,14040.21666670497,377.1604433129222,142250.0,13500.0,14700.0,13850.0,14337.5,487.5,250.0,0.02681553098563258,0,0,13860.0,14305.125,1279.1274991829487,-1279.1274991829487,-0.08336267404263033,-0.08704338554840402
MY--VN,MY,VN,2027.1201148112582,10,1371.9,1177.5,1327.625,1186.9319000078387,333.4501295379699,111188.98888888888,1153.0,1945.0,1159.75,1527.0,367.25,23.5,0.24305716855307957,0,0,1180.495,1553.1425,655.2201148112581,-655.2201148112581,-0.3232270796505142,-0.39041948279454836
MY--ZA,MY,ZA,8519.437119588007,10,10258.5,10550.0,10335.625,10404.54085685685,957.8855475589045,917544.7222222222,8200.0,11700.0,10030.0,10667.5,637.5,390.0,0.0933748157682804,2,0,9661.5,10763.3375,1739.0628804119933,1739.0628804119933,0.20412884748142762,0.18575635734139403
NG--NL,NG,NL,4803.701354562851,10,4789.7,4825.0,4787.75,4783.666666702999,300.88537869280236,90532.01111111109,4365.0,5230.0,4559.0,4923.0,364.0,219.0,0.06281925354256057,0,0,4611.675,4965.3025,14.001354562850793,-14.001354562850793,-0.0029147012958146215,-0.002918957309654407
NG--NO,NG,NO,5646.7717130159035,10,5424.3,5230.0,5302.875,5257.68370020114,821.6882417721862,675171.5666666667,4500.0,7320.0,4925.0,5607.25,682.25,371.5,0.15148281654262968,1,0,4999.84,5958.4675,222.47171301590333,-222.47171301590333,-0.039398035607336894,-0.04019514478924925
NG--NZ,NG,NZ,16223.187399540882,10,16084.7,16075.0,16093.375,16094.773571431297,315.53624549680853,99563.12222222223,15500.0,16600.0,15960.25,16300.0,339.75,225.0,0.01961716696592467,0,0,15894.3925,16255.0,138.4873995408816,-138.4873995408816,-0.00853638660087233,-0.008573030234143342
NG--PE,NG,PE,9643.897366310626,10,10521.4,10707.0,10568.625,10634.03666668407,570.8798667164767,325903.8222222222,9267.0,11398.0,10350.0,10783.75,433.75,150.0,0.054258926256627135,1,0,10214.765,10829.922499999999,877.5026336893734,877.5026336893734,0.09099045752547978,0.08708596027325072
NG--PH,NG,PH,12235.34688266842,10,10667.8,10759.0,10609.75,10617.357111084664,526.1765229781098,276861.73333333334,10100.0,11700.0,10162.5,10972.5,810.0,390.0,0.049323808374558,0,0,10365.97,10980.125,1567.546882668421,-1567.546882668421,-0.12811626002110968,-0.13709918967410198
NG--PK,NG,PK,7205.476952378416,10,5797.9,5856.0,5732.0,5743.720133334907,784.8145499274193,615933.8777777777,4856.0,7267.0,5100.0,6278.0,1178.0,662.0,0.1353618637657461,0,0,5351.945,6257.249999999999,1407.5769523784165,-1407.5769523784165,-0.1953481999430721,-0.21734564165193443
NG--PL,NG,PL,4940.545235260267,10,5295.8,5167.5,5263.125,5252.974375003006,660.8376502591238,436706.4000000001,4475.0,6378.0,4772.5,5707.5,935.0,537.5,0.12478523551854749,0,0,4904.475,5681.8575,355.2547647397332,355.2547647397332,0.07190598361579792,0.06943835695164316
NG--PT,NG,PT,3682.00110841764,10,4124.8,4181.5,4124.75,4130.112000002736,231.62316138264083,53649.28888888888,3750.0,4500.0,3961.25,4250.0,288.75,160.0,0.05615379203419337,0,0,3988.975,4257.325,442.7988915823603,442.7988915823603,0.1202603906256442,0.1135611499150517
NG--RU,NG,RU,5807.769283957347,10,5260.0,5255.0,5260.0,5238.999999948421,574.5854544316662,330148.4444444444,4350.0,6170.0,5005.5,5462.5,457.0,263.0,0.10923677840906201,1,0,4947.339999999999,5622.2,547.7692839573474,-547.7692839573474,-0.09431663986213028,-0.09906552614731906
NG--SA,NG,SA,4500.0833361671885,10,4213.5,4250.0,4229.375,4229.3749999997235,217.43466451634004,47277.83333333334,3800.0,4500.0,4059.75,4386.75,327.0,150.0,0.05160428729472886,0,0,4077.79,4334.1175,286.58333616718846,-286.58333616718846,-0.06368400644137343,-0.06580225952278984
NG--SE,NG,SE,5648.083214797142,10,5063.9,4945.0,4968.625,4938.819714919739,441.2317229453627,194685.43333333332,4690.0,6200.0,4812.5,5037.25,224.75,130.0,0.08713278756400457,1,0,4857.9975,5356.902499999999,584.1832147971427,-584.1832147971427,-0.1034303484174364,-0.10917929616897289
NG--SG,NG,SG,10690.478531487915,10,9391.0,9054.0,9260.625,9068.872700560481,1373.313834813037,1885990.8888888892,7950.0,11875.0,8380.0,9694.0,1314.0,726.5,0.14623723083942466,2,0,8690.89,10253.067500000001,1299.4785314879155,-1299.4785314879155,-0.12155475806442242,-0.12960170461743767
NG--SN,NG,SN,2792.475346325268,10,3083.9,3110.0,3086.875,3083.900000000119,442.9009043918415,196161.21111111113,2477.0,3667.0,2675.0,3406.25,731.25,417.5,0.14361714205773257,0,0,2845.7325,3335.61,291.42465367473187,291.42465367473187,0.10436068990124815,0.09926660636327575
NG--TH,NG,TH,10098.775445297742,10,8002.5,7883.0,7999.375,7999.33333322329,521.2713624719214,271723.83333333326,7250.0,8780.0,7785.0,8437.5,652.5,375.5,0.06513856450758156,0,0,7688.3,8322.2,2096.2754452977424,-2096.2754452977424,-0.20757719157661078,-0.23266018059497373
NG--TR,NG,TR,4240.937563878063,10,4247.5,4195.5,4241.5,4229.22408534807,184.09674389057267,33891.6111111111,3973.0,4570.0,4137.5,4339.5,202.0,111.0,0.0433423764309765,0,0,4143.59,4355.495,6.562436121937026,6.562436121937026,0.0015474022013038321,0.0015462062081468123
NG--TZ,NG,TZ,3557.1927842916293,10,3262.8,3262.5,3270.375,3270.374999911989,342.55633762119254,117344.84444444445,2597.0,3868.0,3102.5,3458.5,356.0,187.5,0.10498845703726631,0,0,3050.5875,3454.2174999999997,294.39278429162914,-294.39278429162914,-0.08275986210015149,-0.08638596761719493
NG--UA,NG,UA,5050.317778330715,10,4461.0,4320.0,4388.75,4330.896250001312,494.0411588791633,244076.66666666666,4000.0,5500.0,4105.0,4572.5,467.5,225.0,0.11074672918161024,1,0,4187.95,4768.05,589.3177783307146,-589.3177783307146,-0.1166892469339825,-0.1240782115634795
NG--US,NG,US,8912.837189115719,10,8417.8,8425.0,8476.0,8475.251285714832,404.8423012592544,163897.28888888887,7470.0,8900.0,8309.5,8675.0,365.5,215.0,0.04809359942731526,1,0,8151.38,8628.025,495.03718911571923,-495.03718911571923,-0.05554204330359074,-0.057144106851978314
NG--VN,NG,VN,10509.155498205999,10,9129.8,8959.5,9028.75,8968.868502352716,840.8716112859719,707065.0666666665,8268.0,10800.0,8477.5,9385.25,907.75,490.0,0.09210186546101469,1,0,8679.570000000002,9603.1275,1379.3554982059995,-1379.3554982059995,-0.13125274418496016,-0.14070304088217894
NG--ZA,NG,ZA,4454.133473532923,10,6079.5,6013.5,6124.625,6126.166666675403,946.2966706529664,895477.3888888889,4427.0,7371.0,5660.0,6687.5,1027.5,611.5,0.15565370024721875,0,0,5506.7825,6612.1475,1625.3665264670772,1625.3665264670772,0.3649119488953867,0.31108992025255594
NL--NO,NL,NO,916.4123574186069,10,890.0,880.0,890.0,889.9999999879082,104.26994879744701,10872.222222222223,780.0,1000.0,787.5,1000.0,212.5,100.0,0.1171572458398281,0,0,830.5,950.5,26.412357418606916,-26.412357418606916,-0.028821476712739314,-0.029244972505369376
NL--NZ,NL,NZ,18559.7377139544,10,18087.0,17995.0,18058.75,18027.753333333378,247.61304937789976,61312.222222222226,17800.0,18600.0,17935.0,18175.0,240.0,100.0,0.013690111648028958,1,0,17952.975,18234.05,472.73771395440053,-472.73771395440053,-0.02547114195471448,-0.025801147291571607
NL--PE,NL,PE,10520.554598873148,10,9700.0,9725.0,9703.75,9721.268333333172,166.59998666133066,27755.555555555555,9400.0,9970.0,9610.0,9800.0,190.0,75.0,0.01717525635683821,0,0,9602.95,9794.0,820.5545988731483,-820.5545988731483,-0.07799537478385764,-0.08120503893471764
NL--PH,NL,PH,10403.669642766034,10,10137.9,10134.0,10134.875,10134.875000620354,166.02774199244868,27565.211111111108,9900.0,10400.0,10000.0,10275.0,275.0,134.0,0.016376936248379714,0,0,10036.785,10230.322499999998,265.76964276603394,-265.76964276603394,-0.025545759514848793,-0.0258777180532443
NL--PK,NL,PK,5697.10532452438,10,5320.9,5225.0,5261.875,5194.166666672655,438.4762631355697,192261.43333333335,4900.0,6214.0,5063.75,5287.5,223.75,142.5,0.08240640927955228,2,0,5103.975,5599.9325,376.20532452438056,-376.20532452438056,-0.06603446892668917,-0.06831574606671667
NL--PL,NL,PL,1094.9218044055763,10,1120.6,1100.0,1130.0,1116.6987142674363,109.07815750389463,11898.044444444444,890.0,1276.0,1088.75,1150.0,61.25,35.0,0.09733906612876551,3,0,1054.0,1178.4025000000001,25.67819559442364,25.67819559442364,0.023452081683919077,0.02318130693226231
NL--PT,NL,PT,1863.734590183404,10,1767.2,1726.0,1750.25,1731.0918285704995,94.74855613089252,8977.288888888892,1700.0,1970.0,1702.5,1785.0,82.5,26.0,0.05361507250503198,1,0,1718.9975,1827.7075,96.5345901834039,-96.5345901834039,-0.05179631836628855,-0.05318594576094038
NL--RU,NL,RU,2153.7587182460625,10,1672.7,1618.5,1665.875,1624.4520666711792,87.22646132656968,7608.455555555555,1600.0,1800.0,1600.0,1757.5,157.5,18.5,0.0521471042784538,0,0,1622.9925,1724.4075,481.0587182460624,-481.0587182460624,-0.22335775784476822,-0.2527754694537953
NL--SA,NL,SA,4668.278240051819,10,4112.2,4088.5,4111.5,4115.440300025408,255.47680912364632,65268.400000000016,3705.0,4525.0,3988.75,4290.0,301.25,191.5,0.0621265524837426,0,0,3966.9925,4258.535,556.0782400518192,-556.0782400518192,-0.11911848682902126,-0.1268321533835956
NL--SE,NL,SE,1131.6300553848139,10,1062.0,1050.0,1061.25,1058.322857560721,133.566462856512,17840.0,870.0,1260.0,952.5,1175.0,222.5,100.0,0.12576879741667796,0,0,985.0,1138.0,69.63005538481389,-69.63005538481389,-0.06153075826634526,-0.06350519735130054
NL--SG,NL,SG,10501.875707111722,10,9630.4,9600.0,9644.25,9644.250000000147,187.46981979330255,35144.933333333334,9250.0,9900.0,9553.75,9784.75,231.0,119.5,0.01946646243077157,0,0,9523.9,9738.965,871.4757071117219,-871.4757071117219,-0.08298286243490494,-0.08662911817064778
NL--SN,NL,SN,4622.391187616452,10,4705.5,4660.0,4726.875,4723.703214310434,233.24343506302594,54402.5,4250.0,4990.0,4600.0,4891.25,291.25,162.5,0.049568257371804474,0,0,4581.0,4833.025,83.10881238354796,83.10881238354796,0.017979614664851252,0.01781989304065071
NL--TH,NL,TH,9184.527369269523,10,8577.8,8652.5,8598.75,8611.018833334982,520.4640664296089,270882.84444444434,7520.0,9468.0,8307.5,8848.75,541.25,247.5,0.06067570547571743,0,0,8249.4575,8884.67,606.7273692695235,-606.7273692695235,-0.06605972685100492,-0.06834279017596477
NL--TR,NL,TR,2538.4405504203605,10,1855.9,1795.0,1817.875,1815.209999994639,161.95229064278297,26228.544444444447,1730.0,2286.0,1775.75,1887.5,111.75,50.0,0.08726347898204805,1,0,1779.7925,1962.8249999999998,682.5405504203604,-682.5405504203604,-0.26888183389102144,-0.31318018235241984
NL--TZ,NL,TZ,7113.778557184179,10,7908.7,8250.0,8042.125,8115.783666575162,838.4835584421306,703054.6777777779,6070.0,8680.0,7541.25,8524.0,982.75,365.0,0.10602040265051534,0,0,7423.95,8363.05,794.9214428158211,794.9214428158211,0.11174391168151178,0.10592987405592838
NL--UA,NL,UA,1785.0113835275376,10,1555.1,1555.0,1559.5,1560.3665714529484,113.2749359351446,12831.211111111113,1360.0,1715.0,1490.0,1636.5,146.5,90.0,0.07284093366030776,0,0,1488.4875,1622.1225,229.91138352753774,-229.91138352753774,-0.12880107412715044,-0.1378849402924642
NL--US,NL,US,6206.190650303078,10,6250.0,6275.0,6256.25,6256.250000237698,110.55415967851333,12222.222222222223,6050.0,6400.0,6162.5,6337.5,175.0,75.0,0.017688665548562132,0,0,6185.0,6315.0,43.809349696922254,43.809349696922254,0.007058975813896861,0.007034177874438956
NL--VN,NL,VN,8893.9631609998,10,8904.2,8771.0,8900.25,8900.249999929623,591.3503943423805,349695.2888888889,8040.0,9800.0,8457.5,9457.5,1000.0,465.0,0.0664125237912873,0,0,8568.2,9259.555,10.236839000201144,10.236839000201144,0.0011509873399397335,0.0011503254618383002
NL--ZA,NL,ZA,8939.953838554835,10,9902.0,10074.0,9995.625,9997.07485838562,522.6851612374104,273199.7777777777,8655.0,10400.0,9680.25,10247.5,567.25,260.0,0.052785817131631024,1,0,9564.242499999998,10179.65,962.0461614451651,962.0461614451651,0.10761198310624412,0.10220633123975284
NO--NZ,NO,NZ,17661.515954076174,10,17415.8,17794.0,17526.0,17736.172039104986,669.2406642357192,447883.0666666667,16000.0,17950.0,17050.0,17900.0,850.0,141.0,0.038427213463390675,0,0,17011.815,17768.85,245.71595407617497,-245.71595407617497,-0.013912506418763286,-0.014010192432690059
NO--PE,NO,PE,11033.614836586856,10,9472.9,9700.0,9506.125,9653.80466665546,434.59008783501315,188868.54444444444,8780.0,9900.0,9145.0,9751.75,606.75,110.0,0.04587719577267924,0,0,9185.95,9703.8,1560.714836586856,-1560.714836586856,-0.14145090794828294,-0.15251141675975838
NO--PH,NO,PH,9696.528062913647,10,9799.7,9573.5,9743.375,9696.90872858277,486.6561756860107,236834.23333333334,9250.0,10800.0,9500.0,9987.5,487.5,223.5,0.049660313651031227,1,0,9549.3925,10110.0,103.17193708635386,103.17193708635386,0.010640090599124446,0.010583883184939387
NO--PK,NO,PK,5312.256150502484,10,5131.5,5040.0,5100.625,5052.523114345164,582.103894888571,338844.94444444444,4410.0,6100.0,4691.75,5341.5,649.75,393.0,0.11343737598919827,0,0,4801.7025,5457.025,180.75615050248416,-180.75615050248416,-0.034026248995050155,-0.034618618011530954
NO--PL,NO,PL,1063.2419616955133,10,934.6,957.5,939.5,943.9849000516219,96.30184029625002,9274.044444444444,780.0,1050.0,857.5,994.25,136.75,67.5,0.10304070222153865,0,0,877.585,985.9124999999999,128.64196169551326,-128.64196169551326,-0.12099029790958646,-0.1289593437123528
NO--PT,NO,PT,2741.1243604470806,10,2663.0,2715.0,2666.25,2663.393888888895,187.26392545756852,35067.77777777778,2400.0,2900.0,2492.5,2810.0,317.5,175.0,0.07032066295815566,0,0,2548.0,2771.025,78.12436044708056,-78.12436044708056,-0.028500844972366882,-0.02891487992556291
NO--RU,NO,RU,1648.9149949297591,10,1641.3,1635.0,1640.375,1641.2999999999615,36.30442274862818,1318.0111111111112,1600.0,1690.0,1610.75,1675.0,64.25,35.0,0.022119309540381514,0,0,1621.3,1662.5075,7.6149949297591775,-7.6149949297591775,-0.004618185263142423,-0.004628882026500252
NO--SA,NO,SA,4801.67564551418,10,4450.2,4465.0,4468.875,4467.108427548904,282.5285826248381,79822.39999999998,3940.0,4811.0,4255.0,4637.5,382.5,215.0,0.06348671579363582,0,0,4282.08,4603.3025,351.47564551418054,-351.47564551418054,-0.0731985397311324,-0.07601591082214945
NO--SE,NO,SE,419.02432565533144,10,905.8,767.5,854.75,774.1245332154111,276.6501199871218,76535.28888888888,720.0,1500.0,742.5,947.5,205.0,36.0,0.3054207551193661,2,0,760.6800000000001,1099.0125,486.7756743446685,486.7756743446685,1.1616883425165774,0.7708895564285482
NO--SG,NO,SG,10056.000762360305,10,9156.8,9099.0,9153.5,9139.771500014554,307.6685807091058,94659.95555555556,8600.0,9740.0,9040.25,9351.0,310.75,137.5,0.033600010998286065,0,0,8990.33,9336.112500000001,899.2007623603058,-899.2007623603058,-0.08941932122022322,-0.0936727744267289
NO--SN,NO,SN,5518.823019077122,10,4974.7,4900.0,4947.5,4906.378199788843,239.36678039267596,57296.45555555556,4637.0,5530.0,4885.0,5050.0,165.0,35.0,0.0481168272242901,2,0,4853.7325,5120.7325,544.1230190771221,-544.1230190771221,-0.09859403303860836,-0.10379954908764584
NO--TH,NO,TH,8681.465564165668,10,7888.6,7886.5,7894.5,7880.833333346564,312.2524619598699,97501.59999999999,7260.0,8470.0,7800.0,7978.0,178.0,100.0,0.03958274750397661,2,0,7692.2275,8064.650000000001,792.8655641656678,-792.8655641656678,-0.0913285387479235,-0.09577167890136905
NO--TR,NO,TR,2704.0156611690363,10,1882.8,1785.0,1837.25,1784.6666666646308,232.07891378197678,53860.62222222221,1730.0,2400.0,1772.5,1796.0,23.5,14.0,0.12326264806775908,3,0,1770.58,2034.0949999999998,821.2156611690364,-821.2156611690364,-0.3037022577058586,-0.36197791947154917
NO--TZ,NO,TZ,7652.737178326697,10,7045.5,7040.0,7045.5,7045.5000000598575,691.1129912443165,477637.1666666667,6050.0,8041.0,6432.5,7643.5,1211.0,700.0,0.09809282396484514,0,0,6652.79,7470.0175,607.2371783266972,-607.2371783266972,-0.07934901776666949,-0.08267426977833439
NO--UA,NO,UA,1632.1575353448625,10,1612.0,1625.0,1620.0,1620.000000000514,80.801540139337,6528.88888888889,1450.0,1710.0,1562.5,1672.5,110.0,60.0,0.05012502490033313,0,0,1560.975,1657.0,20.15753534486248,-20.15753534486248,-0.012350238814786555,-0.012427136809186024
NO--US,NO,US,6247.236504991629,10,6358.0,6250.0,6347.5,6303.441666633312,239.85180609886783,57528.88888888889,6100.0,6700.0,6162.5,6585.0,422.5,125.0,0.037724411151127374,0,0,6232.925,6502.025,110.76349500837114,110.76349500837114,0.01772999868339698,0.017574655722844175
NO--VN,NO,VN,8283.764374187,10,7290.3,7395.0,7349.5,7427.68971430577,504.2204213767361,254238.23333333334,6310.0,7797.0,7300.0,7622.5,322.5,220.0,0.06916319237572337,2,0,6974.125,7559.1075,993.4643741869995,-993.4643741869995,-0.11992909615859298,-0.12775280220862473
NO--ZA,NO,ZA,9623.202914754816,10,9390.0,9600.0,9531.25,9579.338713697402,614.256551541057,377311.1111111112,7800.0,9850.0,9425.0,9715.0,290.0,165.0,0.06541603317796134,2,0,8977.975,9675.0,233.20291475481645,-233.20291475481645,-0.02423339888191042,-0.024531859365821695
NZ--PE,NZ,PE,10603.194453734135,9,10655.555555555555,10500.0,10655.555555555555,10527.577143832086,505.25021304080394,255277.77777777778,10300.0,11900.0,10400.0,10700.0,300.0,200.0,0.0474165997639962,1,1,10411.111111111111,11000.0,52.36110182141965,52.36110182141965,0.004938238381828375,0.004926085276203941
NZ--PH,NZ,PH,8297.851486247824,10,10156.0,10560.0,10428.875,10466.842000627352,1586.1153804184612,2515762.0,6142.0,11987.0,9808.5,10975.0,1166.5,490.0,0.1561752048462447,1,0,9116.227499999999,10938.747500000001,1858.1485137521759,1858.1485137521759,0.22393128110712973,0.20206803962773154
NZ--PK,NZ,PK,13275.521678301031,10,11987.1,12334.5,12097.625,12196.833333449278,1766.5604024645054,3120735.655555555,8790.0,14300.0,11070.0,12958.0,1888.0,1100.0,0.14737179154795615,0,0,10833.485,13026.53,1288.4216783010306,-1288.4216783010306,-0.09705243300585079,-0.10209079259525125
NZ--PL,NZ,PL,17691.173617194832,10,17368.0,17790.0,17447.5,17560.131333343495,777.7574600520825,604906.6666666666,15800.0,18300.0,16900.0,17800.0,900.0,310.0,0.044781060574164124,0,0,16879.75,17794.05,323.17361719483233,-323.17361719483233,-0.018267505830179952,-0.01843641693349834
NZ--PT,NZ,PT,19574.147927995775,10,10667.0,9785.0,9796.25,9796.249999988711,2824.083135383156,7975445.555555556,9600.0,18700.0,9712.5,9887.5,175.0,85.0,0.2647495205196546,1,0,9727.0,12462.0,8907.147927995775,-8907.147927995775,-0.45504652160395676,-0.6070548487035334
NZ--RU,NZ,RU,16540.092712129524,10,12084.0,11725.0,12005.0,12063.98333327213,2605.379904053235,6788004.444444443,9200.0,15600.0,9750.0,14392.5,4642.5,2250.0,0.21560575174224056,0,0,10534.875,13609.025,4456.092712129524,-4456.092712129524,-0.26941159216487887,-0.3139050313836762
NZ--SA,NZ,SA,14909.574515612963,10,13619.0,13875.0,13792.5,13845.869999808549,1503.7541909057697,2261276.666666666,9950.0,15900.0,13525.0,14172.5,647.5,350.0,0.11041590358365297,2,0,12614.975,14379.025,1290.5745156129633,-1290.5745156129633,-0.08656011707520582,-0.09053771493575943
NZ--SE,NZ,SE,17431.595018365642,10,15791.0,17000.0,16263.75,17019.30214286042,3332.721443838687,11107032.222222222,9300.0,18500.0,16500.0,17737.5,1237.5,725.0,0.21105195642066282,2,0,13575.25,17465.0,1640.5950183656423,-1640.5950183656423,-0.09411617334140326,-0.09884420780703736
NZ--SG,NZ,SG,8524.39955416985,10,7046.6,6572.0,6755.125,6653.482033176132,1507.3996889419284,2272253.8222222226,5575.0,10850.0,6190.0,7512.5,1322.5,448.5,0.21391872519256497,1,0,6305.27,7959.1275,1477.7995541698492,-1477.7995541698492,-0.17336113174645354,-0.1903873561692683
NZ--SN,NZ,SN,16831.97657147853,10,16318.0,15900.0,16216.25,16121.955714325628,1146.9263271893274,1315440.0,14950.0,18500.0,15475.0,16842.5,1367.5,650.0,0.07028596195546803,0,0,15659.975,17066.175,513.9765714785317,-513.9765714785317,-0.03053572284252435,-0.03101165164411788
NZ--TH,NZ,TH,9738.52130758697,10,9882.5,10005.0,9947.125,10018.264717184982,1060.4417580528514,1124536.7222222222,7850.0,11398.0,9525.0,10600.0,1075.0,595.0,0.10730500966889464,1,0,9240.032500000001,10456.7,143.97869241302942,143.97869241302942,0.014784451136422551,0.014676226529056726
NZ--TR,NZ,TR,16822.326113303774,10,17587.4,17760.0,17584.25,17677.41799778428,774.2403014855558,599448.0444444444,16300.0,18900.0,16975.0,17964.5,989.5,350.0,0.044022442287407794,0,0,17095.280000000002,18030.725,765.0738866962274,765.0738866962274,0.0454796727600695,0.044475797095981824
NZ--TZ,NZ,TZ,13304.17710041557,10,14982.9,15525.0,15003.0,15183.425499957344,1079.9581730583623,1166309.6555555556,13460.0,16345.0,13954.75,15763.75,1809.0,547.5,0.07207938203274147,0,0,14348.9725,15609.5,1678.722899584429,1678.722899584429,0.12618013778033607,0.11883149718874866
NZ--UA,NZ,UA,17096.747525416675,10,17098.9,17000.0,17079.875,17035.84316670706,609.2681310847921,371207.6555555554,16200.0,18150.0,16717.5,17463.0,745.5,357.5,0.035632007385550654,0,0,16766.274999999998,17478.837499999998,2.1524745833266934,2.1524745833266934,0.00012589965314319245,0.00012589172844705313
NZ--US,NZ,US,14074.670366616207,10,19555.0,19650.0,19606.25,19622.92000001745,353.121005385469,124694.44444444442,18800.0,19900.0,19375.0,19787.5,412.5,200.0,0.01805783714576676,0,0,19330.0,19740.125,5480.329633383793,5480.329633383793,0.3893753452572942,0.3288542542345706
NZ--VN,NZ,VN,9897.357844060565,10,8902.2,8555.5,8865.25,8870.052221954254,1089.0522689221325,1186034.8444444449,7500.0,10600.0,8210.0,9750.0,1540.0,950.0,0.1223351833167231,0,0,8293.9325,9601.445,995.1578440605645,-995.1578440605645,-0.10054782900041971,-0.10596939987956203
NZ--ZA,NZ,ZA,11827.417766624114,10,16795.7,16775.0,16785.875,16747.833333333987,657.9922407512789,432953.788888889,15870.0,17800.0,16402.75,17075.0,672.25,406.5,0.03917623205649535,0,0,16432.8075,17170.05,4968.282233375887,4968.282233375887,0.4200648299915407,0.3507025254946354
PE--PH,PE,PH,18061.562360216984,10,18053.0,18280.0,18145.0,18108.10755523245,1503.7512353370746,2261267.777777778,15600.0,19770.0,16925.0,19375.0,2450.0,1320.0,0.08329647345798895,0,0,17219.875,18882.1,8.562360216983507,-8.562360216983507,-0.00047406531318925407,-0.0004741777176759763
PE--PK,PE,PK,16162.263423580987,10,13918.5,13700.0,13748.75,13766.432999815539,1209.7957816645473,1463605.833333333,12695.0,16500.0,12995.0,14608.75,1613.75,820.0,0.08691998287635502,0,0,13266.95,14679.387499999999,2243.7634235809874,-2243.7634235809874,-0.13882730189308154,-0.1494602161461965
PE--PL,PE,PL,11605.331422578916,10,9807.5,9800.0,9810.0,9807.49999999739,131.38683343470913,17262.5,9645.0,9950.0,9700.0,9937.5,237.5,110.0,0.01339656726328923,0,0,9733.9875,9890.0,1797.8314225789163,-1797.8314225789163,-0.15491426803039163,-0.1683171988192739
PE--PT,PE,PT,8998.891148044428,10,9453.8,9618.5,9465.5,9579.887199980962,559.0815484146993,312572.1777777778,8494.0,10320.0,9336.25,9687.5,351.25,140.0,0.05913828813965806,3,0,9103.94,9752.7675,454.90885195557166,454.90885195557166,0.050551656250940324,0.04931541310771114
PE--RU,PE,RU,12642.025820968918,10,12205.4,12800.0,12388.0,12750.909833311756,1202.5231991294156,1446062.0444444441,9950.0,13000.0,12312.5,12885.75,573.25,142.5,0.09852386641399836,2,0,11506.92,12827.1375,436.62582096891856,-436.62582096891856,-0.034537646667728,-0.03514816976163044
PE--SA,PE,SA,13973.306966781403,10,11822.8,12425.0,11966.0,12308.746385718227,1205.9275636989516,1454261.2888888891,9700.0,12800.0,11121.5,12699.0,1577.5,363.5,0.10200016609423755,0,0,11107.9925,12454.914999999999,2150.506966781404,-2150.506966781404,-0.15390107523535995,-0.16711899386605736
PE--SE,PE,SE,11441.259792616573,10,9937.5,9800.0,9868.125,9833.951785718895,299.7892778454745,89873.6111111111,9730.0,10700.0,9800.0,9900.0,100.0,62.5,0.030167474500173534,2,0,9794.9625,10152.0,1503.7597926165727,-1503.7597926165727,-0.13143306068331734,-0.14091062164046653
PE--SG,PE,SG,18810.963551971927,10,17440.8,18070.0,17660.25,17850.132006205597,1855.3185889939944,3442207.066666666,13700.0,19426.0,16525.0,18536.25,2011.25,900.0,0.10637806688878919,0,0,16303.0625,18467.18,1370.1635519719275,-1370.1635519719275,-0.07283856290435985,-0.07562757852940716
PE--SN,PE,SN,7204.605952041671,10,8632.7,8900.0,8797.125,8819.692628553097,1016.6861254968408,1033650.6777777779,6280.0,9670.0,8336.25,9324.0,987.75,566.0,0.11777151128810692,1,0,8021.7,9164.26,1428.0940479583296,1428.0940479583296,0.19821959139259107,0.18083678122053878
PE--TH,PE,TH,19698.995438807557,10,19598.0,19750.0,19699.375,19699.37500000136,457.6764990446612,209467.77777777778,18400.0,19985.0,19500.0,19871.25,371.25,192.5,0.02335322477011232,1,0,19279.5,19815.525,100.99543880755664,-100.99543880755664,-0.005126933458169795,-0.0051401212762001245
PE--TR,PE,TR,12558.030392220066,10,10257.9,9937.5,10168.75,10002.950000096955,815.0355752290135,664282.9888888889,9465.0,11764.0,9761.25,10297.5,536.25,250.0,0.07945442782918663,2,0,9827.975,10771.747500000001,2300.130392220066,-2300.130392220066,-0.1831601230751153,-0.20231219240653145
PE--TZ,PE,TZ,12329.431436465999,10,10944.5,10652.5,10898.875,10772.83545399672,1530.6065065122968,2342756.277777778,8770.0,13484.0,9964.5,11600.0,1635.5,957.0,0.13985166124649795,0,0,10056.365000000002,11833.887499999999,1384.9314364659986,-1384.9314364659986,-0.11232727507368039,-0.11915215693322083
PE--UA,PE,UA,12276.18489244182,10,10020.0,9835.0,9925.0,9858.093666651715,550.3332323844043,302866.6666666667,9500.0,11300.0,9707.5,10125.0,417.5,185.0,0.05492347628586869,1,0,9735.95,10407.0,2256.184892441819,-2256.184892441819,-0.1837855092774713,-0.20307810228107998
PE--US,PE,US,5639.750595100949,10,4393.1,4288.0,4344.25,4296.693456797811,271.3818343220489,73648.1,4177.0,5000.0,4200.0,4532.5,332.5,89.0,0.06177456336574376,0,0,4257.4725,4559.135,1246.6505951009485,-1246.6505951009485,-0.22104711442095856,-0.24980471558349568
PE--VN,PE,VN,18964.769886212795,10,19326.5,19607.5,19545.625,19629.363571448077,885.6700225755012,784411.3888888888,17000.0,19900.0,19512.5,19812.5,300.0,175.0,0.045826715782759486,2,0,18669.875,19730.0,361.7301137872055,361.7301137872055,0.01907379398524523,0.0188941696609668
PE--ZA,PE,ZA,10927.706572983134,10,10262.8,10260.0,10217.5,10217.500001649842,498.63208436236386,248633.95555555556,9588.0,11300.0,9870.0,10500.0,630.0,350.0,0.048586358923721,0,0,9995.470000000001,10587.0,664.9065729831345,-664.9065729831345,-0.060845939497222695,-0.06277574453861665
PH--PK,PH,PK,5243.043281285031,10,4110.9,4100.0,4021.5,4021.5000007313442,475.0764733761876,225697.65555555548,3637.0,5300.0,3814.25,4134.75,320.5,230.5,0.11556507659543838,1,0,3881.1825,4403.805,1132.1432812850317,-1132.1432812850317,-0.21593246909217803,-0.24326012597923477
PH--PL,PH,PL,9401.353126559421,10,9946.9,9885.0,9928.25,9913.691856508574,275.1906208027043,75729.87777777779,9643.0,10400.0,9707.5,10157.5,450.0,185.0,0.02766596837232749,0,0,9795.4875,10129.2175,545.5468734405786,545.5468734405786,0.058028548241568965,0.056407316287160815
PH--PT,PH,PT,12158.658514091412,10,11078.3,11234.0,11091.625,11152.674245259004,810.0707856587459,656214.6777777778,9800.0,12250.0,10650.0,11583.5,933.5,515.5,0.07312230086373775,0,0,10606.130000000001,11560.265,1080.3585140914129,-1080.3585140914129,-0.08885507499362034,-0.09305331094279519
PH--RU,PH,RU,8263.687185942246,10,9871.5,9935.0,9862.5,9887.53666665794,308.4553812502259,95144.72222222222,9380.0,10435.0,9650.0,10000.0,350.0,150.0,0.03124706288307004,0,0,9710.975,10050.0125,1607.8128140577537,1607.8128140577537,0.19456361039329767,0.17778093910197254
PH--SA,PH,SA,7777.541785883041,10,8107.7,7420.0,8011.125,7555.181461524459,1170.9913226739889,1371220.677777778,7056.0,9932.0,7194.75,9220.0,2025.25,303.5,0.14442953274960701,0,0,7485.695,8775.18,330.15821411695924,330.15821411695924,0.04245020125976398,0.041573904974098824
PH--SE,PH,SE,9334.537508472053,10,10145.0,10100.0,10143.75,10145.000000041826,409.91191465701235,168027.77777777778,9600.0,10700.0,9850.0,10500.0,650.0,375.0,0.040405314406802596,0,0,9909.875,10410.0,810.4624915279473,810.4624915279473,0.08682406501579423,0.08325974132802617
PH--SG,PH,SG,2390.7414869355152,10,2406.5,2402.5,2405.625,2403.30433333327,8.181958472422385,66.94444444444446,2400.0,2420.0,2400.0,2410.0,10.0,2.5,0.0033999411894545545,0,0,2402.0,2411.0,15.75851306448476,15.75851306448476,0.006591475134638767,0.006569846354102439
PH--SN,PH,SN,14418.882901521349,10,13007.6,13650.0,13309.5,13601.069999973279,1438.4095537935098,2069022.044444444,9500.0,14100.0,12544.0,13775.0,1231.0,250.0,0.11058224067418353,1,0,12069.63,13720.0,1411.2829015213483,-1411.2829015213483,-0.0978774091696412,-0.10300485814295797
PH--TH,PH,TH,2210.5386059799803,10,2185.7,2420.0,2286.5,2416.15777142703,499.3733962566377,249373.7888888889,1120.0,2445.0,2410.0,2420.0,10.0,6.0,0.2284729817708916,3,0,1844.4975,2422.4075000000003,24.838605979980457,-24.838605979980457,-0.011236449756085105,-0.01130005557555365
PH--TR,PH,TR,8825.320128288235,10,9659.0,9567.5,9611.25,9615.000000027372,395.1849074940883,156171.11111111112,9200.0,10500.0,9473.75,9862.5,388.75,245.0,0.04091364608076284,1,0,9449.4875,9881.625,833.6798717117654,833.6798717117654,0.09446454741505977,0.09026524587558624
PH--TZ,PH,TZ,9678.483597737211,10,10724.0,10722.5,10705.5,10684.166666701682,337.21111092805546,113711.33333333333,10296.0,11300.0,10500.0,10865.0,365.0,222.5,0.03144452731518607,0,0,10542.59,10924.5125,1045.5164022627887,1045.5164022627887,0.10802481522076723,0.10257898448293094
PH--UA,PH,UA,8803.13834931306,10,9810.8,9837.5,9786.625,9802.942128582235,336.804856127567,113437.5111111111,9315.0,10500.0,9614.5,9960.0,345.5,163.5,0.034330009390423515,1,0,9622.3575,10005.61,1007.6616506869395,1007.6616506869395,0.11446618361570689,0.10837553118130526
PH--US,PH,US,13794.409050888704,10,12768.9,12750.0,12798.625,12792.423785707233,205.2069145467028,42109.87777777778,12300.0,13000.0,12700.0,12900.0,200.0,102.5,0.01607083731149142,1,0,12638.89,12878.8,1025.5090508887042,-1025.5090508887042,-0.07434236922404704,-0.07725084188628034
PH--VN,PH,VN,1753.51520467526,10,1155.9,1147.5,1152.25,1145.8024571434205,46.50316596151755,2162.5444444444447,1100.0,1241.0,1127.0,1165.5,38.5,22.0,0.04023113241761186,2,0,1131.2975,1183.5025,597.61520467526,-597.61520467526,-0.34080982194045734,-0.4167432002861931
PH--ZA,PH,ZA,10977.236086385761,10,12264.7,12305.0,12340.875,12340.87499846047,692.8065386527468,479980.8999999999,10770.0,13150.0,11975.0,12787.5,812.5,475.0,0.056487850387921985,0,0,11825.1975,12643.5375,1287.4639136142396,1287.4639136142396,0.11728488879008296,0.11090153572366068
PK--PL,PK,PL,4602.495627474602,10,4734.0,5125.0,4936.25,4936.250000010824,1431.6672487387252,2049671.111111111,1350.0,6500.0,4312.5,5325.0,1012.5,800.0,0.30242231701282746,1,0,3842.9,5514.025,131.50437252539814,131.50437252539814,0.028572405748825195,0.02817182699982514
PK--PT,PK,PT,7163.814796154422,10,4833.8,4875.0,4762.875,4819.764285622035,656.7832045490945,431364.1777777778,3945.0,6290.0,4600.0,5054.75,454.75,250.0,0.13587306147318767,1,0,4473.6975,5254.464999999999,2330.0147961544217,-2330.0147961544217,-0.3252477712580157,-0.39340972402614466
PK--RU,PK,RU,3663.3667982996626,10,3720.1,3685.0,3742.25,3735.000000103732,387.62279774715694,150251.43333333332,2973.0,4290.0,3590.0,3945.0,355.0,245.0,0.10419687582246631,1,0,3474.39,3951.32,56.733201700337304,56.733201700337304,0.015486628782755196,0.015367934824835122
PK--SA,PK,SA,2746.9203972212576,10,2462.5,2321.5,2431.875,2365.4998001344156,376.23965471196385,141556.27777777778,1945.0,3225.0,2303.5,2709.75,406.25,115.0,0.15278767704039142,0,0,2260.86,2695.615,284.42039722125764,-284.42039722125764,-0.10354155057022145,-0.10930333455171193
PK--SE,PK,SE,4893.339704305134,10,4825.0,4769.0,4806.25,4785.735857138262,247.5407934956266,61276.444444444445,4500.0,5300.0,4671.25,4907.5,236.25,135.0,0.051303791398057325,1,0,4688.1975,4982.83,68.33970430513364,-68.33970430513364,-0.01396586144326108,-0.014064301696176961
PK--SG,PK,SG,4805.798234579985,10,4525.9,4463.0,4535.5,4518.749828685745,531.851159212383,282865.65555555554,3725.0,5250.0,4160.0,4965.0,805.0,388.0,0.11751279507112022,0,0,4218.24,4857.3275,279.898234579985,-279.898234579985,-0.058241778143323875,-0.06000670204546706
PK--SN,PK,SN,9176.75777699108,10,6830.5,6715.0,6808.75,6776.666666810338,754.1973290267681,568813.6111111111,5785.0,8050.0,6500.0,7222.5,722.5,415.0,0.11041612312814114,0,0,6415.7875,7258.2,2346.2577769910804,-2346.2577769910804,-0.25567393561088225,-0.29527608156876645
PK--TH,PK,TH,3537.00596976539,10,3045.1,3052.5,3020.0,3024.0700721818953,327.8683509513469,107497.65555555557,2550.0,3741.0,2825.0,3195.5,370.5,157.5,0.1076707993009579,0,0,2848.7725,3241.0225,491.9059697653902,-491.9059697653902,-0.13907411352150428,-0.14974685668155466
PK--TR,PK,TR,3630.164700361784,10,1946.3,1886.0,1891.125,1888.1892856922893,272.02452912273264,73997.34444444442,1700.0,2634.0,1768.5,1978.5,210.0,125.0,0.13976495356457516,1,0,1808.5649999999998,2129.9025,1683.8647003617841,-1683.8647003617841,-0.4638535271399585,-0.6233478849815806
PK--TZ,PK,TZ,5918.593677349072,10,5779.4,5664.5,5693.5,5693.499999963255,563.9580756679624,318048.71111111116,5146.0,7100.0,5415.0,6037.75,622.75,304.5,0.09758073081426487,1,0,5472.179999999999,6165.1625,139.19367734907246,-139.19367734907246,-0.023518032312604548,-0.023798995105855394
PK--UA,PK,UA,3917.0789197104828,10,2084.8,1787.5,2057.875,1962.8829994111827,653.5722012312199,427156.62222222215,1400.0,2985.0,1543.75,2714.5,1170.75,365.0,0.31349395684536635,0,0,1719.1325,2475.1749999999997,1832.2789197104826,-1832.2789197104826,-0.4677666591016525,-0.6306732750908738
PK--US,PK,US,11400.093863122374,10,9684.3,9680.0,9710.375,9710.375000529073,236.02827043480286,55709.34444444443,9200.0,9960.0,9558.25,9875.0,316.75,165.0,0.024372259268589665,0,0,9529.2925,9816.307499999999,1715.7938631223751,-1715.7938631223751,-0.15050699439174933,-0.16311557144348024
PK--VN,PK,VN,3505.121440740511,10,3191.2,3128.5,3174.0,3176.202299997322,423.38970753248645,179258.8444444444,2646.0,3874.0,2861.0,3555.0,694.0,369.5,0.13267413748197746,0,0,2949.8625,3452.2,313.9214407405111,-313.9214407405111,-0.08956078870528103,-0.09382814613476295
PK--ZA,PK,ZA,8112.013533205837,10,8674.9,8571.0,8659.875,8632.082342956399,945.3222201979598,893634.1000000001,7350.0,10120.0,7888.25,9291.75,1403.5,714.0,0.10897211728065567,0,0,8165.867499999999,9246.705,562.8864667941625,562.8864667941625,0.06938924158472304,0.06708768324691959
PL--PT,PL,PT,2764.3828082154164,10,2488.4,2577.0,2526.75,2585.66666674314,309.0182303144374,95492.26666666668,1900.0,2770.0,2517.5,2667.5,150.0,95.0,0.12418350358239728,2,0,2284.97,2647.23,275.9828082154163,-275.9828082154163,-0.09983523533543483,-0.10517746056391551
PL--RU,PL,RU,1153.7042757281965,10,1249.5,1285.0,1254.375,1280.518166670404,70.09715480039908,4913.611111111112,1150.0,1310.0,1178.75,1300.0,121.25,17.5,0.05610016390588162,0,0,1207.9875,1288.0,95.79572427180346,95.79572427180346,0.08303317088024052,0.0797655962480876
PL--SA,PL,SA,3759.573078472261,10,3157.6,3267.0,3193.0,3227.043057744606,336.104547227,112966.26666666668,2470.0,3562.0,3068.75,3349.0,280.25,161.0,0.10644304130573855,1,0,2942.49,3334.32,601.973078472261,-601.973078472261,-0.16011740320176956,-0.17449316262930803
PL--SE,PL,SE,811.0678916510533,10,885.1,812.5,870.125,821.0723333427441,116.986656409087,13685.877777777778,790.0,1100.0,792.0,989.5,197.5,22.5,0.1321733774817388,0,0,820.3974999999999,957.8025,74.03210834894674,74.03210834894674,0.09127732599331852,0.08734886886004989
PL--SG,PL,SG,9407.779211369656,10,7684.1,7805.0,7761.375,7779.999999986854,654.3812089804128,428214.76666666666,6200.0,8550.0,7625.0,7892.5,267.5,155.0,0.08516042333915654,4,0,7282.925,8049.2775,1723.6792113696556,-1723.6792113696556,-0.1832185016934203,-0.2023836638248356
PL--SN,PL,SN,5374.182544640709,10,4389.9,4312.0,4338.625,4343.080977799741,302.6697687065705,91608.98888888888,4100.0,5090.0,4188.75,4500.0,311.25,188.0,0.06894684815293527,1,0,4231.9725,4581.4,984.2825446407096,-984.2825446407096,-0.18315018823137386,-0.20230002994531213
PL--TH,PL,TH,8098.393477126799,10,7156.7,7207.0,7207.125,7218.744351211636,539.3910249325417,290942.6777777778,6128.0,7782.0,6886.0,7575.0,689.0,401.0,0.07536867899067191,0,0,6820.775000000001,7429.150000000001,941.6934771267988,-941.6934771267988,-0.11628151679546436,-0.12361672497640427
PL--TR,PL,TR,1643.9711830727663,10,1421.8,1410.0,1412.25,1412.342888898876,134.80916553080178,18173.511111111115,1250.0,1670.0,1308.25,1518.75,210.5,110.0,0.0948158429672259,0,0,1342.5349999999999,1504.0625,222.17118307276633,-222.17118307276633,-0.13514299116697623,-0.14519109342256975
PL--TZ,PL,TZ,6625.089583909204,10,5429.5,5395.0,5464.5,5447.366285633296,534.3700860722734,285551.3888888888,4216.0,6363.0,5342.5,5605.5,263.0,140.0,0.09841975984386654,2,0,5080.1224999999995,5724.215,1195.5895839092036,-1195.5895839092036,-0.18046391203720652,-0.19901684520554744
PL--UA,PL,UA,692.6191579526396,10,838.8,803.0,815.125,805.5684500025276,90.63700495198783,8215.066666666668,790.0,1077.0,790.0,820.0,30.0,13.0,0.10805556145921297,2,0,798.195,898.42,146.18084204736033,146.18084204736033,0.21105515255954843,0.19149200652279705
PL--US,PL,US,7193.4756064615285,10,6636.0,6650.0,6628.75,6636.282714284748,173.79425895133718,30204.444444444445,6350.0,6980.0,6557.5,6700.0,142.5,85.0,0.026189611053546894,1,0,6535.0,6735.05,557.4756064615285,-557.4756064615285,-0.07749739304888681,-0.0806650771081815
PL--VN,PL,VN,7841.5860049775565,10,7131.7,7095.5,7137.125,7131.700000039444,598.8310928615663,358598.67777777783,6400.0,7820.0,6617.5,7712.0,1094.5,550.5,0.08396751025163234,0,0,6787.087500000001,7484.455,709.8860049775567,-709.8860049775567,-0.09052837073099072,-0.09489147527739047
PL--ZA,PL,ZA,8664.282423992168,10,9460.1,9600.0,9375.125,9451.833333440807,1216.8261493647224,1480665.8777777776,7700.0,11900.0,8824.25,9815.0,990.75,561.0,0.12862719731976643,1,0,8696.2575,10164.72,795.817576007832,795.817576007832,0.09185037341397626,0.08787384725134989
PT--RU,PT,RU,3914.4159356158557,10,2815.0,2835.0,2827.5,2831.9472857073324,123.85026802106198,15338.888888888887,2550.0,2980.0,2762.5,2900.0,137.5,65.0,0.04399654281387637,1,0,2742.0,2883.0,1099.4159356158557,-1099.4159356158557,-0.28086334045717204,-0.32970387041671123
PT--SA,PT,SA,5439.2308630361285,10,4615.3,4545.0,4549.0,4563.333333207917,498.42575508628494,248428.2333333333,3963.0,5798.0,4416.25,4751.25,335.0,190.0,0.10799422682952027,1,0,4356.4875,4940.44,823.9308630361284,-823.9308630361284,-0.1514792962062687,-0.16426079414151043
PT--SE,PT,SE,2995.36350558735,10,2240.8,1932.5,2211.0,2009.2699812456176,525.9885507837178,276663.95555555564,1750.0,2970.0,1806.75,2775.0,968.25,170.5,0.23473248428405824,0,0,1933.6775,2532.0899999999997,754.5635055873499,-754.5635055873499,-0.25191049573109836,-0.29023265005261595
PT--SG,PT,SG,11895.612616239241,10,10077.3,10050.0,10073.375,10073.375000000337,390.22957630377306,152279.12222222224,9486.0,10700.0,9775.0,10327.75,552.75,318.5,0.038723624016728,0,0,9844.4775,10290.125,1818.3126162392418,-1818.3126162392418,-0.15285573554715295,-0.16588427480423792
PT--SN,PT,SN,2783.0075400457886,10,3820.8,4050.0,3834.75,3864.9066666740873,506.05880202908355,256095.51111111118,3030.0,4500.0,3378.25,4174.5,796.25,300.0,0.13244838830325678,0,0,3526.4625,4093.72,1037.7924599542116,1037.7924599542116,0.37290321532407233,0.316927632913051
PT--TH,PT,TH,10700.203395730496,10,9663.5,9525.0,9626.75,9560.427000021804,408.8839145228821,167186.05555555556,9200.0,10421.0,9393.5,9912.5,519.0,185.0,0.0423121968772062,0,0,9435.19,9894.352499999999,1036.7033957304957,-1036.7033957304957,-0.09688632611826353,-0.10190684879058268
PT--TR,PT,TR,3591.021107942153,10,2550.3,2676.5,2592.875,2651.860528604311,361.74547528461073,130859.78888888891,1900.0,2860.0,2431.25,2818.75,387.5,158.5,0.14184428313712533,0,0,2327.47,2741.1225,1040.7211079421527,-1040.7211079421527,-0.2898120274593823,-0.3422255939296798
PT--TZ,PT,TZ,6791.6053069734035,10,6174.5,6245.0,6150.375,6168.546275624749,868.4576686414958,754218.7222222222,5050.0,7492.0,5388.75,6705.5,1316.75,852.5,0.14065230684937985,0,0,5674.615,6653.425,617.1053069734035,-617.1053069734035,-0.09086295199454236,-0.09525942828620149
PT--UA,PT,UA,3358.8699560469204,10,2040.0,1830.0,1997.5,1847.3801668754825,416.7399935478022,173672.22222222222,1700.0,2720.0,1746.25,2355.0,608.75,92.5,0.20428431056264815,0,0,1817.925,2292.025,1318.8699560469204,-1318.8699560469204,-0.3926528782909799,-0.49865478694477317
PT--US,PT,US,5747.733844579292,10,5988.0,5990.0,5978.75,5975.1955714354535,102.17631819555841,10440.0,5850.0,6200.0,5912.5,6000.0,87.5,65.0,0.017063513392711824,1,0,5929.95,6050.0,240.26615542070795,240.26615542070795,0.04180189304473515,0.040951803417661484
PT--VN,PT,VN,10555.511894474732,10,9833.8,9695.0,9848.75,9848.750001897608,476.2328562093688,226797.7333333333,9048.0,10500.0,9562.5,10275.0,712.5,400.0,0.048428161667856656,0,0,9549.18,10119.02,721.7118944747326,-721.7118944747326,-0.06837298860441925,-0.07082274676414124
PT--ZA,PT,ZA,8125.504330805197,10,9477.1,9378.5,9502.125,9502.12500002552,509.78044293597617,259876.10000000006,8476.0,10278.0,9212.5,9875.0,662.5,300.0,0.05379076330691627,0,0,9186.955,9762.457499999999,1351.5956691948031,1351.5956691948031,0.16633991124349898,0.15387056452162806
RU--SA,RU,SA,3534.752218874367,10,2974.8,2760.0,2907.5,2843.921524818753,628.6220910319119,395165.7333333333,2368.0,4120.0,2485.75,3229.25,743.5,348.5,0.21131574930479757,0,0,2641.8250000000003,3357.3500000000004,559.9522188743667,-559.9522188743667,-0.15841342877851905,-0.17246639337423425
RU--SE,RU,SE,1229.9731142543035,10,1496.5,1595.0,1506.25,1584.4326999797483,139.76269570636904,19533.61111111111,1300.0,1615.0,1362.5,1600.0,237.5,17.5,0.09339304758193721,0,0,1419.95,1573.5125,266.5268857456965,266.5268857456965,0.21669326154928512,0.1961367374950218
RU--SG,RU,SG,8423.25704331817,10,6477.0,6525.0,6421.25,6442.422111130573,686.262826231078,470956.6666666667,5700.0,7700.0,5830.0,6925.0,1095.0,615.0,0.10595380982415901,0,0,6096.625,6900.125,1946.25704331817,-1946.25704331817,-0.23105753906228674,-0.2627391355038316
RU--SN,RU,SN,6512.783222072082,10,4989.2,5030.0,5013.75,5030.397714269414,304.34768129741207,92627.5111111111,4365.0,5417.0,4902.5,5195.0,292.5,160.0,0.06100129906546382,1,0,4811.0,5151.45,1523.5832220720822,-1523.5832220720822,-0.23393734600417804,-0.26649131885824323
RU--TH,RU,TH,7067.659230722097,10,6385.0,6350.0,6322.5,6320.000000012711,358.9568219159513,128849.99999999999,6000.0,7270.0,6180.0,6400.0,220.0,140.0,0.05621876615754915,1,0,6203.95,6617.075,682.6592307220972,-682.6592307220972,-0.096589154688539,-0.10157785083982393
RU--TR,RU,TR,1794.0390917111781,10,1743.5,1750.0,1748.125,1749.5714285737715,15.643600040343086,244.7222222222222,1700.0,1750.0,1746.25,1750.0,3.75,0.0,0.008972526550239798,2,0,1733.0,1750.0,50.539091711178116,-50.539091711178116,-0.028170563252873863,-0.028574966517124267
RU--TZ,RU,TZ,6867.0776383606935,10,5776.2,5400.0,5669.0,5530.629000109618,752.7180082873,566584.3999999998,5100.0,7310.0,5220.0,6195.5,975.5,275.0,0.13031370248386484,0,0,5379.125,6248.6449999999995,1090.8776383606937,-1090.8776383606937,-0.1588561679085818,-0.17299260855333531
RU--UA,RU,UA,758.4899016199972,10,961.0,760.0,913.75,761.3539999971262,335.1351302915819,112315.55555555558,750.0,1550.0,750.0,1203.75,453.75,10.0,0.34873582756668253,0,0,755.5,1186.025,202.51009838000277,202.51009838000277,0.266991159602096,0.23664492388932104
RU--US,RU,US,7841.159346134234,10,7500.0,7500.0,7512.5,7508.623333337456,176.38342073763937,31111.11111111111,7200.0,7700.0,7400.0,7675.0,275.0,150.0,0.02351778943168525,0,0,7380.0,7610.0,341.1593461342336,-341.1593461342336,-0.04350878882501328,-0.04448367866993374
RU--VN,RU,VN,6741.157984103333,10,5834.7,5800.0,5827.125,5810.225999819697,108.70352135766144,11816.455555555558,5700.0,6030.0,5775.0,5901.75,126.75,50.0,0.018630524509856795,0,0,5778.985,5900.1075,906.4579841033328,-906.4579841033328,-0.13446621281401466,-0.14440886736239036
RU--ZA,RU,ZA,9069.35134739535,10,10162.7,10125.0,10109.625,10109.625000105158,766.2938296328201,587206.2333333335,9150.0,11600.0,9625.0,10637.75,1012.75,543.5,0.07540258293886665,0,0,9728.675000000001,10632.792500000001,1093.3486526046509,1093.3486526046509,0.12055422827109377,0.11382340958138557
SA--SE,SA,SE,4455.253572286667,10,4376.8,4311.5,4342.25,4340.655842988113,404.2880711132156,163448.8444444445,3880.0,5150.0,4067.5,4641.5,574.0,296.5,0.09237069802440495,0,0,4157.2425,4612.94,78.45357228666671,-78.45357228666671,-0.017609227177253634,-0.017766114118358173
SA--SG,SA,SG,6650.377147627449,10,7280.1,7302.5,7346.375,7358.7867146725575,1063.1410954755202,1130268.988888889,5330.0,8700.0,6717.5,8112.5,1395.0,805.0,0.14603385880352193,0,0,6654.4075,7914.025,629.7228523725516,629.7228523725516,0.09468979553997295,0.09047103138946101
SA--SN,SA,SN,6769.35265921719,10,5321.2,5300.0,5296.125,5296.864150000052,545.5691829028957,297645.7333333333,4693.0,6150.0,4823.5,5597.5,774.0,491.0,0.10252747179262116,0,0,5002.525000000001,5648.6175,1448.1526592171904,-1448.1526592171904,-0.21392779075343005,-0.24070662150220826
SA--TH,SA,TH,5743.87829967849,10,5701.0,5680.5,5671.875,5593.922401351725,814.5567301708744,663502.6666666667,4585.0,7050.0,5173.0,5775.0,602.0,380.0,0.14287962290315284,2,0,5214.6975,6201.03,42.87829967849029,-42.87829967849029,-0.007465043206241048,-0.0074930460901441055
SA--TR,SA,TR,2136.6388154460656,10,1784.9,1763.0,1752.5,1756.530533329762,139.47237878678501,19452.54444444444,1669.0,2160.0,1712.5,1788.0,75.5,34.0,0.07814016403539975,1,0,1725.39,1874.8125,351.7388154460655,-351.7388154460655,-0.164622496279341,-0.17987155603355193
SA--TZ,SA,TZ,3613.574172900528,10,4492.5,4411.5,4441.75,4464.999999908472,594.865297544093,353864.72222222225,3694.0,5697.0,4272.25,4741.0,468.75,290.5,0.13241297663752766,1,0,4151.87,4877.825,878.9258270994719,878.9258270994719,0.24322894315850713,0.21771198153664886
SA--UA,SA,UA,3186.9350881907417,10,2438.1,2325.5,2448.0,2444.5469436250573,273.12408657360606,74596.76666666666,1998.0,2799.0,2280.5,2684.5,404.0,211.0,0.11202333233813465,0,0,2275.995,2602.315,748.8350881907418,-748.8350881907418,-0.23497029825476104,-0.2678406200985336
SA--US,SA,US,10867.268528060538,10,10053.0,10065.0,10078.75,10098.114749973542,393.95572227232736,155201.11111111112,9400.0,10500.0,9900.0,10375.0,475.0,285.0,0.039187876481878776,0,0,9822.925,10280.0,814.2685280605383,-814.2685280605383,-0.07492853663807085,-0.07788428676536134
SA--VN,SA,VN,6031.190406332703,10,6342.6,6515.0,6435.0,6424.491150169852,640.4831856583833,410218.71111111104,4987.0,6959.0,5957.5,6867.75,910.25,429.0,0.10098117265133907,0,0,5967.0525,6688.815,311.4095936672975,311.4095936672975,0.05163318892076759,0.05034437377949501
SA--ZA,SA,ZA,5917.429203536842,10,7541.0,7477.5,7496.25,7454.698614266862,722.964729430143,522677.99999999994,6450.0,8990.0,7065.0,7734.5,669.5,365.5,0.09587120135660297,1,0,7179.095,7938.955,1623.5707964631583,1623.5707964631583,0.27437097101098423,0.24245270080042494
SE--SG,SE,SG,9642.063064390362,10,8778.5,8780.0,8760.625,8747.803249977178,602.2829253948863,362744.7222222222,8000.0,9700.0,8315.0,9187.5,872.5,505.0,0.0686088654547914,0,0,8469.4625,9140.0125,863.5630643903623,-863.5630643903623,-0.08956206349444394,-0.09382954632715314
SE--SN,SE,SN,5745.792432019775,10,5101.8,4950.0,5017.125,4946.102500008417,656.5733943910781,431088.62222222215,4481.0,6400.0,4637.5,5225.0,587.5,350.0,0.12869445967914817,1,0,4751.0225,5516.8325,643.9924320197752,-643.9924320197752,-0.11208069898783261,-0.11887441735810361
SE--TH,SE,TH,8272.314412775979,10,7502.7,7550.0,7543.375,7543.375000801551,344.4248184372833,118628.45555555557,6750.0,7930.0,7342.5,7750.0,407.5,250.0,0.04590678268320515,0,0,7286.6075,7692.7175,769.614412775979,-769.614412775979,-0.09303495664857302,-0.09765137056735507
SE--TR,SE,TR,2396.709100197568,10,1792.5,1777.5,1774.375,1774.549500000932,68.48560270434785,4690.277777777778,1750.0,1980.0,1752.5,1793.75,41.25,17.5,0.038206751857376764,1,0,1762.5,1836.5125,604.2091001975682,-604.2091001975682,-0.2520994726259275,-0.2904852946449422
SE--TZ,SE,TZ,7432.885078261827,10,7572.2,7447.0,7538.0,7495.634728594346,417.90663497431524,174645.95555555556,7134.0,8284.0,7261.25,7920.0,658.75,264.5,0.055189592849411696,0,0,7339.2075,7817.912499999999,139.31492173817242,139.31492173817242,0.018743047991635446,0.01856956149236113
SE--UA,SE,UA,1268.7278771135018,10,1375.0,1350.0,1360.625,1355.5402857231554,115.66234381931648,13377.777777777776,1250.0,1615.0,1300.0,1431.25,131.25,70.0,0.08411806823223017,0,0,1309.5,1448.0,106.27212288649821,106.27212288649821,0.08376273967297007,0.08043900422042737
SE--US,SE,US,6652.678579380046,10,6465.0,6425.0,6456.25,6438.912857166209,212.1974971053565,45027.777777777774,6200.0,6800.0,6312.5,6575.0,262.5,150.0,0.03282250535272335,0,0,6345.0,6595.0,187.67857938004636,-187.67857938004636,-0.02821097955367263,-0.02861655523599551
SE--VN,SE,VN,7892.32864786669,10,7519.0,7537.5,7544.125,7547.72535793232,246.05058197226214,60540.88888888889,7000.0,7837.0,7425.0,7700.0,275.0,162.5,0.03272384385852668,1,0,7353.3925,7651.2275,373.3286478666896,-373.3286478666896,-0.04730272452194461,-0.04845808006350476
SE--ZA,SE,ZA,9472.211944742652,10,9754.3,9750.0,9780.375,9754.887999427936,363.962772821617,132468.9,9000.0,10300.0,9600.0,9925.25,325.25,160.0,0.03731305914536328,1,0,9533.9675,9962.6625,282.08805525734715,282.08805525734715,0.029780589465580324,0.029345759613245308
SG--SN,SG,SN,13335.9357376055,10,10054.2,10250.0,9893.75,10029.798666608582,1543.070085540151,2381065.288888889,7892.0,13500.0,8977.5,10500.0,1522.5,540.0,0.15347517311572784,1,0,9221.105,11105.225,3281.735737605499,-3281.735737605499,-0.24608214992754177,-0.28247186906844196
SG--TH,SG,TH,1425.9530991897677,10,2019.9,1400.0,1978.5,1400.6666666666667,800.4071810994424,640651.6555555555,1400.0,2971.0,1400.0,2929.5,1529.5,0.0,0.3962607956331711,0,0,1557.0,2487.1,593.9469008102324,593.9469008102324,0.41652625261498105,0.34820757355473037
SG--TR,SG,TR,8304.654710456407,10,6092.6,5944.5,6060.875,5973.080100055446,727.4940549585268,529247.6000000001,4950.0,7489.0,5775.75,6255.0,479.25,269.5,0.11940617387626412,3,0,5721.9875,6533.5175,2212.0547104564066,-2212.0547104564066,-0.266363236953272,-0.3097412460911337
SG--TZ,SG,TZ,7613.028423154926,10,6640.8,6472.0,6527.125,6463.333333338447,669.1644541266868,447781.0666666667,5964.0,8227.0,6303.25,6621.25,318.0,184.5,0.10076563879753746,2,0,6290.0575,7057.2625,972.2284231549256,-972.2284231549256,-0.12770587066218034,-0.13662860766096885
SG--UA,SG,UA,8722.82379061632,10,7818.2,7814.5,7827.375,7803.166666685746,568.221161950951,322875.2888888889,6718.0,8845.0,7605.0,7972.5,367.5,200.0,0.0726792819256288,2,0,7498.5,8167.3675,904.6237906163196,-904.6237906163196,-0.10370767681785334,-0.10948866566482073
SG--US,SG,US,15552.300405735941,10,14434.0,14050.0,14390.0,14176.577999955956,726.4709216479349,527760.0,13740.0,15480.0,13825.0,15137.5,1312.5,295.0,0.05033053357682797,0,0,14009.95,14875.125,1118.3004057359412,-1118.3004057359412,-0.0719057873472849,-0.07462202909389096
SG--VN,SG,VN,2194.5074422305775,10,2003.2,1967.5,1991.5,1969.676671320503,104.9442179869329,11013.28888888889,1900.0,2200.0,1941.5,1997.75,56.25,29.5,0.0523882877330935,2,0,1948.8775,2062.905,191.3074422305774,-191.3074422305774,-0.08717557231709615,-0.09121171952711536
SG--ZA,SG,ZA,8639.510334138995,10,9644.4,9617.5,9630.5,9630.499999997919,352.17489342023737,124027.15555555555,9100.0,10300.0,9420.0,9884.0,464.0,247.5,0.036515998239417424,0,0,9453.4175,9858.1075,1004.8896658610047,1004.8896658610047,0.11631326626118921,0.11003152910408812
SN--TH,SN,TH,12510.120375362725,10,9167.7,9525.0,9285.875,9483.126733393285,840.1460256672315,705845.3444444444,7390.0,10000.0,8623.75,9687.5,1063.75,223.0,0.09164196316057806,0,0,8649.762499999999,9599.615,3342.4203753627244,-3342.4203753627244,-0.2671773152515179,-0.3108515098397768
SN--TR,SN,TR,5615.258437383409,10,4685.5,4735.0,4764.375,4764.375000010234,352.013651881729,123913.6111111111,3760.0,4980.0,4668.75,4887.5,218.75,140.0,0.0751283004763054,1,0,4461.4625,4857.0,929.7584373834088,-929.7584373834088,-0.16557714088341347,-0.18101497979764827
SN--TZ,SN,TZ,6312.069329382219,10,6070.2,6050.0,5975.875,6011.8374448345,862.3516684044856,743650.3999999999,5195.0,7700.0,5297.5,6475.0,1177.5,745.0,0.14206313933716938,0,0,5591.96,6583.0925,241.8693293822189,-241.8693293822189,-0.03831854765224693,-0.03907201376791975
SN--UA,SN,UA,5842.247717044825,10,4617.8,4724.5,4661.0,4669.8440151138275,307.75921323874826,94715.73333333332,3940.0,4950.0,4500.0,4841.5,341.5,181.5,0.06664628464609733,1,0,4410.72,4782.3325,1224.4477170448245,-1224.4477170448245,-0.2095850392431126,-0.23519720464450633
SN--US,SN,US,6370.066844573844,10,6585.1,6500.0,6543.875,6526.099142852368,342.57860411882115,117360.09999999998,6200.0,7300.0,6370.0,6735.75,365.75,190.0,0.052023295639978304,1,0,6395.9,6801.0,215.03315542615655,215.03315542615655,0.03375681302454876,0.033199557926112615
SN--VN,SN,VN,12678.789553826642,10,10178.6,10400.0,10254.5,10307.63265003835,802.4950259451249,643998.2666666667,8800.0,10950.0,9732.5,10870.5,1138.0,519.0,0.07884139527490272,0,0,9683.33,10624.824999999999,2500.1895538266417,-2500.1895538266417,-0.1971946567306221,-0.21964300629065134
SN--ZA,SN,ZA,6672.5621271644495,10,8267.7,8311.5,8231.625,8250.986414265042,1073.1605502750585,1151673.5666666664,6825.0,9999.0,7400.0,9062.5,1662.5,813.5,0.12980158330310224,0,0,7654.285,8904.884999999998,1595.1378728355512,1595.1378728355512,0.23905927624737094,0.21435244351017632
TH--TR,TH,TR,7141.388185297727,10,6201.6,6185.0,6214.5,6212.83855550899,441.82731669485736,195211.3777777778,5500.0,6800.0,5834.5,6567.5,733.0,405.0,0.07124408486436683,0,0,5930.17,6451.66,939.7881852977271,-939.7881852977271,-0.13159740948300613,-0.14109985789056362
TH--TZ,TH,TZ,7486.47678677552,10,7977.5,7750.0,7887.125,7871.933484012847,797.4325816156637,635898.7222222221,7032.0,9646.0,7486.75,8298.75,812.0,544.0,0.09996021079481839,1,0,7547.16,8476.2,491.02321322448006,491.02321322448006,0.0655880232063028,0.06352678125724953
TH--UA,TH,UA,7426.114052483925,10,6818.7,6860.0,6860.875,6826.760242930205,573.1877819121177,328544.23333333334,5600.0,7700.0,6601.25,6991.75,390.5,254.5,0.08406115269950543,2,0,6452.74,7126.2474999999995,607.4140524839249,-607.4140524839249,-0.0817943339128698,-0.08533387632226705
TH--US,TH,US,14169.831963403985,10,13280.0,13350.0,13275.0,13285.073333403536,407.70359603788415,166222.22222222222,12700.0,13900.0,12900.0,13550.0,650.0,300.0,0.030700571990804528,0,0,13049.75,13520.0,889.8319634039854,-889.8319634039854,-0.06279763695872531,-0.06485605096747253
TH--VN,TH,VN,985.0733602712637,10,1353.7,1370.0,1365.375,1366.6666666694346,112.66868834478075,12694.233333333334,1084.0,1530.0,1342.5,1387.5,45.0,25.0,0.08323017533041349,2,0,1282.1825000000001,1415.3,368.62663972873634,368.62663972873634,0.37421237300258137,0.3178807473602029
TH--ZA,TH,ZA,8961.095963147978,10,9965.8,10037.5,9987.5,10007.772499976936,455.5360212614,207513.06666666665,9258.0,10500.0,9712.5,10350.0,637.5,350.0,0.04570993008703767,0,0,9701.5575,10227.5,1004.7040368520211,1004.7040368520211,0.11211843294434208,0.10626669460354556
TR--TZ,TR,TZ,5114.021496230008,10,4123.3,4112.5,4080.625,4087.5792552929497,846.5133785121177,716584.8999999998,3075.0,5513.0,3368.0,4734.25,1366.25,720.5,0.20529997296149144,0,0,3653.2875000000004,4615.8625,990.7214962300077,-990.7214962300077,-0.1937265021197809,-0.21533226663921604
TR--UA,TR,UA,1181.9288146082997,10,1405.6,1385.0,1403.25,1396.3085999929197,85.54556940277179,7318.044444444445,1300.0,1530.0,1362.5,1475.0,112.5,55.0,0.06086053600083366,0,0,1360.99,1455.2,223.6711853917002,223.6711853917002,0.18924251835405717,0.17331656524807873
TR--US,TR,US,8744.489174947264,10,7887.8,7948.0,7912.875,7930.499999994386,234.52116701436094,55000.177777777775,7400.0,8175.0,7825.0,7996.75,171.75,100.0,0.029732139128066246,1,0,7733.0725,8008.2074999999995,856.6891749472643,-856.6891749472643,-0.0979690360188971,-0.1031064313700154
TR--VN,TR,VN,7117.1512309835825,10,6421.7,6350.0,6409.75,6365.400428571283,337.10929648672965,113642.67777777779,5939.0,7000.0,6226.0,6545.5,319.5,155.0,0.052495335578854455,0,0,6243.6,6623.9625,695.4512309835827,-695.4512309835827,-0.09771483117515153,-0.10282465719440895
TR--ZA,TR,ZA,7281.727679731044,10,6505.5,6462.0,6508.625,6508.624996529963,933.3820522998905,871202.0555555555,5012.0,7974.0,5770.0,7126.25,1356.25,747.5,0.1434758361847499,0,0,5980.9,7022.889999999999,776.2276797310442,-776.2276797310442,-0.1065993832606103,-0.1127201797359603
TZ--UA,TZ,UA,6293.284789300669,10,4320.6,4364.0,4344.125,4355.499999909588,365.39482450874664,133513.37777777776,3687.0,4766.0,4111.25,4590.0,478.75,250.0,0.08457038941553179,0,0,4101.1975,4528.515,1972.6847893006689,-1972.6847893006689,-0.31345868737014204,-0.37608887695424376
TZ--US,TZ,US,12407.335072981457,10,11409.0,11800.0,11561.25,11720.062857126259,805.3218818170368,648543.3333333334,9600.0,12000.0,11172.5,11960.0,787.5,200.0,0.070586544115789,1,0,10897.975,11821.075,998.3350729814574,-998.3350729814574,-0.08046329587370123,-0.08388531825070304
TZ--VN,TZ,VN,8220.893096074053,10,7644.6,7603.0,7648.875,7664.833333333519,502.9698908593944,252978.71111111113,6875.0,8380.0,7369.5,7985.25,615.75,375.5,0.06579414107466636,0,0,7354.875,7941.65,576.2930960740523,-576.2930960740523,-0.07010103273928538,-0.07267933609037049
TZ--ZA,TZ,ZA,2303.9398317562473,10,2309.7,2362.0,2341.25,2342.696185646937,318.59729021655744,101504.23333333332,1617.0,2750.0,2170.5,2518.75,348.25,179.5,0.13793881898798868,1,0,2107.2975,2476.64,5.76016824375256,5.76016824375256,0.002500138312796866,0.0024970181664549286
UA--US,UA,US,7852.866380313801,10,7758.0,7815.0,7791.25,7797.3914285780975,199.933322218517,39973.33333333334,7300.0,7950.0,7700.0,7900.0,200.0,100.0,0.025771245452245035,1,0,7625.975,7860.0,94.86638031380062,-94.86638031380062,-0.012080478097987166,-0.012154040116718268
UA--VN,UA,VN,7204.7219267397495,10,7277.1,7335.0,7233.875,7309.422200023499,457.72977229413914,209516.54444444447,6690.0,8210.0,6894.75,7483.5,588.75,159.0,0.06290002505038259,0,0,7012.9275,7557.7775,72.37807326025086,72.37807326025086,0.010045921826854334,0.00999579697486956
UA--ZA,UA,ZA,8436.439872482457,10,9499.6,9687.0,9512.625,9595.109666577016,676.1712800762837,457207.60000000003,8400.0,10495.0,9072.75,9955.0,882.25,335.0,0.07117892122576568,0,0,9103.150000000001,9886.01,1063.1601275175435,1063.1601275175435,0.12601999701145317,0.11868928889501937
US--VN,US,VN,13362.734799118152,10,12842.0,12770.0,12790.0,12780.121000320234,340.4833166087421,115928.8888888889,12400.0,13700.0,12707.5,12875.0,167.5,95.0,0.02651326246758621,2,0,12668.0,13063.05,520.7347991181523,-520.7347991181523,-0.0389691786109919,-0.03974879832114352
US--ZA,US,ZA,13024.504641792455,10,12583.1,12633.5,12616.375,12616.37499998313,275.15831806434636,75712.09999999999,12000.0,12900.0,12425.0,12786.0,361.0,161.5,0.021867291689992636,0,0,12417.9675,12730.81,441.40464179245464,-441.40464179245464,-0.03389032089374785,-0.03447791176726832
VN--ZA,VN,ZA,9846.22426369883,10,10609.1,10225.0,10504.75,10358.881685763137,1074.041945177189,1153566.1,9590.0,12463.0,9729.75,11525.0,1795.25,581.0,0.10123780011284549,0,0,10027.6925,11273.9125,762.87573630117,762.87573630117,0.07747901285508485,0.07462406517738278
