id,place_a_id,place_b_id,true_distance_km,n,mean,median,trimmed_mean,robust,std,variance,min,max,q1,q3,iqr,mad,cv,outliers,missing_samples,mean_ci_low,mean_ci_high,absolute_error_km,signed_error_km,relative_error,log_ratio_error
AO--AR,AO,AR,7779.757280725595,10,7778.2699999999995,7780.25,7778.6125,7779.589133333363,3.9032892112507622,15.235666666666598,7770.8,7783.0,7776.174999999999,7780.5,4.325000000000728,1.0,0.0005018197119990386,0,0,7775.779750000001,7780.3,1.4872807255951557,-1.4872807255951557,-0.00019117315257121255,-0.0001911914284876345
AO--AU,AO,AU,13288.474497523322,10,11931.49,11908.0,11931.0125,11931.012500001196,304.33211920166735,92618.03877777787,11516.3,12350.5,11676.375,12200.125,523.75,262.75,0.025506631544062592,0,0,11767.633749999999,12123.29125,1356.9844975233227,-1356.9844975233227,-0.10211740239831402,-0.10771595686416803
AO--BD,AO,BD,9121.283483960526,10,9759.555,9848.825,9784.44375,9799.746639289197,195.45013636617279,38200.755805555535,9358.5,9961.5,9682.25,9864.0,181.75,107.12499999999909,0.020026541821442964,1,0,9627.190750000002,9863.385124999999,638.2715160394746,638.2715160394746,0.06997606391269977,0.06763627804855182
AO--BR,AO,BR,6675.278533941141,10,6336.719999999999,6262.5,6300.275,6282.053902867627,187.64205167167503,35209.539555555566,6185.0,6780.0,6204.625,6416.125,211.5,69.40000000000009,0.02961185781787345,1,0,6243.5019999999995,6455.16,338.55853394114183,-338.55853394114183,-0.05071826324844815,-0.052049646927345955
AO--CA,AO,CA,10620.756402433968,10,10868.439999999999,10913.85,10868.925,10900.985800000546,205.10694879609633,42068.860444444486,10557.5,11175.5,10738.25,10978.5,240.25,101.0,0.01887179289724159,0,0,10742.36675,10987.900249999999,247.68359756603058,247.68359756603058,0.023320711649997803,0.02305293896242275
AO--CD,AO,CD,549.1026827702303,10,547.4399999999999,550.75,550.3625,550.2915875164525,12.531932545834,157.04933333333344,515.0,556.5,545.175,555.425,10.25,5.25,0.022891883212468947,1,0,539.019,553.24125,1.66268277023039,-1.66268277023039,-0.003027999721003243,-0.003032593387582844
AO--CL,AO,CL,8913.64308220524,10,8198.85,8175.0,8181.3125,8182.285621428376,103.01080040461775,10611.224999999997,8088.0,8450.0,8145.0,8227.625,82.625,50.25,0.012564054764341066,1,0,8144.795,8269.215,714.7930822052404,-714.7930822052404,-0.08019090237438586,-0.08358913305154442
AO--CN,AO,CN,11758.580047473492,10,11540.25,11575.25,11550.3125,11549.355675003995,137.58113767680672,18928.569444444445,11310.0,11690.0,11450.125,11650.0,199.875,110.5,0.011921850711796253,0,0,11454.28,11618.00625,218.3300474734915,-218.3300474734915,-0.018567722173257053,-0.018742266294387234
AO--CO,AO,CO,9801.95415219586,10,9098.660999999998,9093.8,9090.07875,9074.63666670837,359.3674745206266,129144.98174333322,8593.5,9672.48,8878.805,9272.25,393.4449999999997,229.5,0.03949674292960543,0,0,8903.14465,9317.186525,703.2931521958617,-703.2931521958617,-0.07175030012135979,-0.07445450924453635
AO--DE,AO,DE,6798.792115651933,10,6547.33,6549.0,6546.6125,6545.316666666658,36.05905803909276,1300.2556666666603,6485.0,6615.4,6530.75,6556.325,25.574999999999818,18.0,0.005507444720075628,2,0,6525.4484999999995,6569.1315,251.46211565193335,-251.46211565193335,-0.0369862927670676,-0.037687633398570404
AO--DZ,AO,DZ,5158.666122203358,10,4818.15,4819.5,4819.5625,4819.562500000115,13.270790816258422,176.11388888888888,4790.0,4835.0,4811.0,4827.625,16.625,9.25,0.002754333264065756,0,0,4810.097500000001,4825.35,340.51612220335846,-340.51612220335846,-0.06600855999145724,-0.06828800566837273
AO--EG,AO,EG,4715.419795274749,10,5293.030000000001,5295.0,5293.875,5295.0,8.744401383488524,76.46455555555602,5275.0,5304.3,5295.0,5295.0,0.0,0.0,0.0016520596678062515,4,0,5287.57925,5297.58425,577.6102047252516,577.6102047252516,0.1224939093024265,0.11555291460835006
AO--ES,AO,ES,5722.316302190526,10,5883.95,5775.0,5825.5625,5775.689559999996,249.7666077227565,62383.35833333333,5740.0,6495.0,5774.25,5782.5,8.25,3.0,0.042448798464085606,3,0,5768.9,6036.5525,161.63369780947414,161.63369780947414,0.028246201236307073,0.02785463372459391
AO--ET,AO,ET,3446.282530254973,10,3508.47,3510.55,3509.425,3510.127782499978,8.216386066878806,67.50900000000019,3493.5,3515.8,3506.075,3515.25,9.175000000000182,4.949999999999818,0.0023418715471070885,0,0,3503.53,3512.97025,62.18746974502665,62.18746974502665,0.018044797313940975,0.01788392238011109
AO--FI,AO,FI,7720.979613051022,10,7804.95,7797.25,7802.8,7800.899999996951,140.07809131576101,19621.87166666668,7611.5,8015.6,7725.125,7901.6,176.47500000000036,104.0,0.017947339997791276,0,0,7725.027749999999,7888.277999999999,83.97038694897765,83.97038694897765,0.010875613090214587,0.010816898928251188
AO--FJ,AO,FJ,16614.26463120842,10,15559.35,15385.45,15537.4375,15517.331053985212,363.0648863036283,131816.11166666658,15125.5,16168.5,15337.675,15827.5,489.8250000000007,227.45000000000073,0.02333419367156265,0,0,15357.49875,15776.276749999999,1054.9146312084213,-1054.9146312084213,-0.06349451237383434,-0.0655998973968857
AO--FR,AO,FR,6480.8047195500585,10,6500.5,6500.5,6500.4375,6500.5,0.5773502691896257,0.3333333333333333,6500.0,6501.5,6500.0,6500.5,0.5,0.5,8.881628631484127e-05,2,0,6500.2,6500.85,19.695280449941492,19.695280449941492,0.003039017730395196,0.0030344092504863644
AO--GB,AO,GB,6807.150235507682,10,6830.1,6830.0,6830.0625,6830.083333333333,5.168279318217149,26.711111111111116,6820.5,6840.0,6830.0,6830.375,0.375,0.25,0.0007566916030829927,4,0,6827.1,6833.5,22.949764492318536,22.949764492318536,0.0033714203004668853,0.003365749804554714
AO--GH,AO,GH,2181.7570144061915,10,2401.7200000000003,2403.1,2402.275,2401.755373333432,11.438511946733087,130.83955555555553,2384.5,2414.5,2393.75,2412.25,18.5,11.400000000000091,0.004762633423851692,0,0,2394.94,2408.201,219.96298559380875,219.96298559380875,0.1008191948697257,0.09605462524488478
AO--GR,AO,GR,5296.817859625665,10,5060.960000000001,4984.3,5049.225,5034.1811624502,186.86997975419516,34920.38933333331,4835.3,5380.5,4928.125,5174.85,246.72500000000036,113.90000000000009,0.036923820728516944,0,0,4958.52675,5164.851500000001,235.85785962566388,-235.85785962566388,-0.04452821786141847,-0.04555004777495651
AO--IN,AO,IN,8015.072192343541,10,8317.782,8285.5,8298.15,8292.050000000248,169.64226057599382,28778.496573333385,8112.5,8680.12,8264.175,8336.5,72.32500000000073,44.850000000000364,0.020395131848369413,4,0,8223.42275,8417.727249999998,302.709807656458,302.709807656458,0.037767570945352665,0.03707183957866777
AO--IT,AO,IT,5617.9698794223505,10,5290.33,5420.4,5325.6,5413.007542858163,239.68979976442702,57451.20011111112,4850.0,5448.5,5237.25,5438.875,201.625,24.0,0.045307154707632045,2,0,5137.02975,5423.751000000001,327.63987942235053,-327.63987942235053,-0.05831997793766011,-0.060089741449210324
AO--JP,AO,JP,13857.461409152482,10,13589.5,13581.75,13588.75,13584.81844999976,18.53225416522352,343.4444444444445,13570.0,13615.0,13577.0,13608.75,31.75,9.75,0.0013637186184350801,0,0,13579.09625,13601.0075,267.9614091524818,-267.9614091524818,-0.019336976755028195,-0.01952638174562429
AO--KE,AO,KE,2743.2396541926637,10,3170.05,3170.25,3171.1875,3171.187499955881,14.76943164482341,218.13611111111112,3140.0,3191.0,3161.75,3180.0,18.25,9.5,0.004659053215193265,0,0,3160.585,3178.4,426.8103458073365,426.8103458073365,0.15558624094508686,0.14460778312255615
AO--KR,AO,KR,12699.236686021166,10,12429.1,12423.5,12425.875,12419.14671142833,72.01266863854205,5185.824444444458,12340.5,12543.5,12377.925,12461.375,83.45000000000073,47.30000000000018,0.005793876357784719,0,0,12387.008499999998,12472.4165,270.1366860211656,-270.1366860211656,-0.021271883712390503,-0.0215013907647782
AO--MA,AO,MA,5195.819618732341,10,5633.825999999999,5602.65,5623.4075,5619.258989632111,155.13654804003397,24067.34853777777,5480.5,5870.5,5490.965,5737.75,246.78499999999985,114.59999999999945,0.027536623963898423,0,0,5543.12255,5726.540750000001,438.00638126765807,438.00638126765807,0.08429976662171375,0.0809344022619207
AO--MX,AO,MX,12679.078203838877,10,12263.04,12210.4,12250.462500000001,12246.343376395433,360.3613501288209,129860.30266666666,11845.2,12781.5,11956.425,12548.125,591.7000000000007,297.5,0.029385972004398655,0,0,12046.778750000001,12463.99275,416.03820383887614,-416.03820383887614,-0.03281296929873902,-0.0333633888892601
AO--MY,AO,MY,9903.39358541899,10,9729.439999999999,9739.5,9730.425,9730.425000000389,239.34256342461683,57284.862666666726,9372.5,10078.5,9549.75,9917.0,367.25,210.0,0.024599829324669958,0,0,9590.051500000001,9873.022500000001,173.95358541899077,-173.95358541899077,-0.017565048174507263,-0.017721144223878802
AO--NG,AO,NG,2080.1823760601865,10,2220.16,2178.6,2217.95,2216.8017057014376,107.83533949705192,11628.460444444445,2083.0,2375.0,2140.25,2326.5,186.25,76.89999999999986,0.04857097663999528,0,0,2164.04225,2284.54475,139.97762393981338,139.97762393981338,0.06729103445483829,0.06512369469153642
AO--NL,AO,NL,6826.04260195697,10,6825.45,6829.0,6825.5625,6827.951466666832,15.107852998431719,228.2472222222223,6800.0,6850.0,6818.125,6833.75,15.625,6.0,0.002213458892590484,0,0,6816.19875,6834.1,0.5926019569706114,-0.5926019569706114,-8.681486353465143e-05,-8.681863216306097e-05
AO--NO,AO,NO,7625.360370993152,10,7511.8,7540.65,7524.625,7526.000000002125,131.86562183610337,17388.542222222222,7230.5,7690.5,7463.5,7570.425,106.92500000000018,69.14999999999964,0.017554463888296196,1,0,7434.534000000001,7584.42375,113.56037099315199,-113.56037099315199,-0.014892459564945323,-0.015004465662889417
AO--NZ,AO,NZ,14143.139009143959,10,12417.07,12410.5,12422.7125,12422.71250001237,303.32398172397933,92005.43788888895,11953.5,12835.5,12175.125,12685.025000000001,509.90000000000146,250.5,0.024427983551995706,0,0,12241.808,12584.7365,1726.0690091439592,-1726.0690091439592,-0.12204285116818865,-0.130157491968783
AO--PE,AO,PE,9845.778856925126,10,9797.35,9785.25,9792.1875,9790.676999999841,32.640338029295386,1065.3916666666667,9760.5,9875.5,9784.625,9801.25,16.625,15.0,0.0033315476153547015,1,0,9780.29875,9817.901249999999,48.42885692512573,-48.42885692512573,-0.0049187431110198875,-0.004930879942911063
AO--PH,AO,PH,12162.128893919244,10,12458.810000000001,12460.4,12458.7,12465.362584287679,161.61877950562828,26120.629888888892,12140.0,12778.5,12427.849999999999,12520.875,93.02500000000146,55.350000000000364,0.012972248513752779,2,0,12359.25525,12551.87175,296.6811060807577,296.6811060807577,0.024393846559962927,0.024101068452840085
AO--PK,AO,PK,7881.321787923071,10,7555.93,7543.0,7560.4125,7559.2500000025575,121.83847275981611,14844.613444444452,7342.5,7733.5,7523.275,7626.95,103.67500000000018,64.65000000000009,0.01612488108807468,1,0,7484.12525,7620.635,325.3917879230703,-325.3917879230703,-0.04128644873017161,-0.0421629439518039
AO--PL,AO,PL,6809.113037552695,10,6763.7699999999995,6744.75,6760.5875,6755.697071944533,135.03261375600258,18233.806777777776,6592.5,6960.5,6644.125,6850.5,206.375,107.5,0.01996410489357305,0,0,6687.495,6844.1945,45.34303755269502,-45.34303755269502,-0.006659169454615493,-0.006681440650368524
AO--PT,AO,PT,5753.282352388308,10,5783.11,5781.5,5783.2625,5782.771076666571,5.449658501023522,29.698777777777938,5775.0,5790.0,5780.0,5788.775,8.774999999999636,3.550000000000182,0.0009423404536700015,0,0,5779.797750000001,5786.01025,29.827647611691646,29.827647611691646,0.00518445746006357,0.005171064430934944
AO--RU,AO,RU,7506.107188793741,10,7366.56,7467.5,7390.387500000001,7396.290649984728,234.39380537889647,54940.456,6922.5,7620.0,7175.125,7515.0,339.875,149.25,0.03181862434825705,0,0,7228.486,7490.4915,139.54718879374104,-139.54718879374104,-0.01859115321482197,-0.018766140912941116
AO--SA,AO,SA,5193.3979905841725,10,5320.415,5292.825,5312.43125,5312.4312504762365,143.69414286756592,20648.006694444444,5114.5,5590.2,5235.65,5413.25,177.60000000000036,103.375,0.027008070398186215,0,0,5236.065,5407.470249999999,127.01700941582749,127.01700941582749,0.024457399499540407,0.024163106084630303
AO--SE,AO,SE,7571.629355004058,10,7572.6,7470.5,7555.625,7522.677549992481,231.97614819919167,53812.933333333334,7320.5,7960.5,7396.75,7715.125,318.375,120.25,0.03063361965496549,0,0,7447.93875,7711.915,0.9706449959421661,0.9706449959421661,0.00012819499614051644,0.00012818677986413892
AO--SG,AO,SG,10108.617908587756,10,9992.369999999999,10007.95,9998.75,9998.749999993173,143.28765977726218,20531.353444444438,9765.2,10168.5,9875.0,10116.75,241.75,114.14999999999964,0.01433970717430021,0,0,9906.3975,10076.7465,116.24790858775668,-116.24790858775668,-0.01149988155047373,-0.011566516543929654
AO--SN,AO,SN,4274.775841417532,10,5098.219999999999,5150.0,5119.5875,5131.888192863819,209.37628434100282,43838.428444444464,4675.0,5350.5,5002.25,5218.375,216.125,120.25,0.04106850711444442,1,0,4966.110500000001,5215.652499999999,823.444158582467,823.444158582467,0.19262861706203752,0.176159792943077
AO--TH,AO,TH,9957.692589929997,10,10076.933,10105.35,10096.759999999998,10097.32570871585,114.90811431071542,13203.874734444442,9794.5,10200.75,10052.2525,10144.1575,91.90499999999884,53.01500000000033,0.011403084084285904,1,0,9992.856924999998,10133.879299999999,119.24041007000415,119.24041007000415,0.01197470287349395,0.011903573392260529
AO--TR,AO,TR,5765.533175593958,10,5979.639999999999,5957.95,5977.9375,5977.872584998224,73.7002216188437,5431.722666666677,5892.4,6080.5,5926.6,6053.45,126.84999999999945,60.90000000000009,0.01232519376063504,0,0,5940.53475,6023.24025,214.1068244060416,214.1068244060416,0.037135650404784046,0.03646273111172435
AO--TZ,AO,TZ,2502.0333905971356,10,2858.6099999999997,2842.45,2856.1375,2856.1374995076944,179.14104592006083,32091.514333333344,2610.5,3126.5,2701.875,3012.0,310.125,154.8499999999999,0.06266718647176804,0,0,2755.6007499999996,2966.5045,356.57660940286405,356.57660940286405,0.14251472851757724,0.13323173518459627
AO--UA,AO,UA,6776.4600893004845,10,6430.280000000001,6416.0,6431.012500000001,6430.680928566331,121.13963293103821,14674.810666666677,6251.2,6603.5,6361.25,6526.425,165.17500000000018,102.5,0.018838935929856585,0,0,6362.998,6505.00375,346.1800893004838,-346.1800893004838,-0.05108568260397134,-0.052436771702269916
AO--US,AO,US,10643.935912153609,10,10411.630000000001,10475.5,10429.7875,10453.353733335183,124.88920467536197,15597.313444444453,10143.5,10534.5,10363.05,10487.5,124.45000000000073,38.0,0.011995163550314596,1,0,10332.73625,10477.03825,232.305912153608,-232.305912153608,-0.021825188921736478,-0.022066881486216664
AO--VN,AO,VN,10634.256207680037,10,10684.01,10685.5,10673.375,10676.833085061186,187.58322863909407,35187.46766666664,10427.6,11025.5,10561.75,10810.5,248.75,134.0,0.017557380481588288,0,0,10577.49775,10797.52725,49.753792319963395,49.753792319963395,0.004678633968215973,0.004667723178802767
AO--ZA,AO,ZA,2450.091998989052,10,2491.33,2491.0,2491.1,2491.0714285690856,1.3166033740061902,1.7334444444444839,2490.0,2494.5,2490.5,2491.5,1.0,0.5,0.0005284740977735548,1,0,2490.65,2492.2405000000003,41.238001010947755,41.238001010947755,0.01683120512534355,0.016691129963246846
AR--AU,AR,AU,11758.30968994146,10,11779.75,11800.0,11797.125,11802.223900000106,71.36535496225665,5093.01388888889,11590.0,11830.5,11800.0,11811.25,11.25,7.5,0.006058308110295774,3,0,11732.15,11812.2,21.44031005854049,21.44031005854049,0.0018234177040668874,0.0018217572961101533
AR--BD,AR,BD,16776.827494420908,10,17003.2,17015.0,17008.125,17015.696782906958,35.348172984375495,1249.4933333333336,16935.5,17031.5,17007.125,17025.175,18.049999999999272,10.200000000000728,0.002078912968404506,2,0,16978.82,17021.3595,226.37250557909283,226.37250557909283,0.013493165239636186,0.01340294316703678
AR--BR,AR,BR,2333.5144810867555,10,2341.35,2340.0,2340.625,2340.25,2.963200221982233,8.780555555555555,2340.0,2348.5,2340.0,2340.0,0.0,0.0,0.0012655947303829983,2,0,2340.0,2343.4,7.835518913244414,7.835518913244414,0.003357818850815653,0.0033521939651459096
AR--CA,AR,CA,9031.715831568095,10,8975.9,8977.5,8978.0,8977.87421428572,15.066150433633963,226.98888888888885,8940.0,8995.0,8971.0,8983.75,12.75,7.5,0.0016785113953624664,1,0,8965.9975,8984.0,55.815831568095746,-55.815831568095746,-0.006179980925994762,-0.006199156050205722
AR--CD,AR,CD,8250.16360355336,10,7896.15,7887.5,7890.5,7886.575999874081,63.18757349704486,3992.669444444446,7830.0,8007.5,7846.25,7923.0,76.75,40.0,0.008002326893111816,0,0,7859.3875,7936.652499999999,354.01360355335964,-354.01360355335964,-0.04290988889006824,-0.043857731972476915
AR--CL,AR,CL,1139.660312749686,10,1138.0,1138.0,1138.0,1138.0,0.0,0.0,1138.0,1138.0,1138.0,1138.0,0.0,0.0,0.0,0,0,1138.0,1138.0,1.6603127496859997,-1.6603127496859997,-0.001456848791794919,-0.001457911027799558
AR--CN,AR,CN,19261.112952664003,10,19266.2,19270.0,19267.5,19269.85714285714,8.560892995995738,73.28888888888889,19250.0,19272.0,19270.0,19270.0,0.0,0.0,0.00044434776946132283,3,0,19260.0,19270.4,5.08704733599734,5.08704733599734,0.0002641097297180717,0.0002640748588830375
AR--CO,AR,CO,4640.374060415398,10,4676.6,4685.0,4677.625,4684.333333333351,11.167412910388471,124.7111111111111,4660.0,4685.0,4668.0,4685.0,17.0,0.0,0.002387934163791744,0,0,4669.9975,4682.5,36.2259395846022,36.2259395846022,0.007806685218251418,0.007776370719489092
AR--DE,AR,DE,11887.678205229642,10,11911.2,11906.25,11910.0,11907.542678601922,12.940461952942622,167.45555555555558,11900.0,11932.0,11900.625,11921.25,20.625,6.25,0.0010864112728308332,0,0,11903.75,11918.9025,23.52179477035861,23.52179477035861,0.0019786702133315548,0.001976715223853161
AR--DZ,AR,DZ,10143.842601055805,10,9762.35,9755.0,9760.9375,9760.937499999665,50.91717130137271,2592.558333333333,9690.5,9845.5,9725.5,9802.125,76.625,40.75,0.0052156674675024675,0,0,9733.387499999999,9791.455,381.4926010558047,-381.4926010558047,-0.03760829264208986,-0.038333730986066704
AR--EG,AR,EG,11806.270501311932,10,11804.71,11800.35,11804.0125,11800.728571428572,7.114999804794223,50.623222222221834,11800.0,11815.0,11800.0,11811.6,11.600000000000364,0.3500000000003638,0.0006027255057340861,0,0,11801.5,11809.14,1.560501311932967,-1.560501311932967,-0.0001321756359690015,-0.0001321843719381804
AR--ES,AR,ES,10020.91071488952,10,10041.2,10045.0,10042.125,10044.57142857143,6.408327915038889,41.06666666666668,10030.0,10045.0,10039.0,10045.0,6.0,0.0,0.0006382033935225758,0,0,10037.4,10045.0,20.289285110480705,20.289285110480705,0.00202469472962512,0.002022647797726912
AR--ET,AR,ET,11225.784843590129,10,10702.740000000002,10641.0,10660.05,10638.733333321614,443.22967760644275,196452.54711111117,10116.5,11630.5,10438.224999999999,10847.575,409.3500000000022,237.40000000000055,0.041412729600685684,1,0,10456.700250000002,10973.751,523.0448435901271,-523.0448435901271,-0.04659316483237101,-0.04771356698220301
AR--FI,AR,FI,12925.656160584465,10,12639.84,12646.35,12643.675,12644.020514334414,62.74164309115424,3936.5137777777823,12495.5,12753.5,12630.5,12658.425,27.924999999999272,14.0,0.004963800419242193,2,0,12602.44675,12677.61925,285.81616058446525,-285.81616058446525,-0.02211231345113712,-0.022360455471517323
AR--FJ,AR,FJ,11642.45746949547,10,10548.5,10345.25,10462.0625,10360.328560000655,370.07138950928555,136952.83333333334,10313.5,11475.0,10332.875,10597.625,264.75,26.0,0.035082844907739066,1,0,10362.99125,10800.03,1093.95746949547,-1093.95746949547,-0.09396276278970826,-0.09867487311015609
AR--FR,AR,FR,11025.630755006467,10,11074.45,11075.0,11075.0,11075.0,4.96907100640217,24.691666666666674,11062.0,11082.5,11075.0,11075.0,0.0,0.0,0.00044869686588518343,2,0,11071.1,11077.25,48.819244993534085,48.819244993534085,0.004427796112378104,0.004418022263624328
AR--GB,AR,GB,11102.268069921352,10,11133.5,11132.5,11133.125,11132.801625000004,4.1163630117428225,16.94444444444444,11130.0,11140.0,11130.0,11135.0,5.0,2.5,0.00036972766980220256,0,0,11131.0,11136.0,31.231930078647565,31.231930078647565,0.0028131125894232537,0.0028091631932000024
AR--GH,AR,GH,7539.559525025004,10,7931.0,7817.5,7911.5,7856.1980166584235,202.3119153957846,40930.11111111111,7736.0,8282.0,7801.75,8041.625,239.875,59.25,0.025509004589053665,0,0,7828.43625,8055.424999999999,391.4404749749956,391.4404749749956,0.05191821533814303,0.0506153692194379
AR--GR,AR,GR,11672.738469495696,10,11339.369999999999,11376.0,11347.0875,11351.37372427349,173.6322169926359,30148.1467777778,11100.5,11516.5,11178.25,11495.650000000001,317.40000000000146,124.35000000000036,0.015312333665153877,0,0,11239.047499999999,11437.67075,333.36846949569735,-333.36846949569735,-0.028559576689470713,-0.028975336480956074
AR--IN,AR,IN,15794.7526620095,10,15920.060000000001,15907.8,15920.075,15915.730268096844,26.550421632977667,704.9248888888885,15890.0,15950.0,15900.0,15950.0,50.0,15.299999999999272,0.0016677337668939479,0,0,15905.4905,15936.072500000002,125.30733799050176,125.30733799050176,0.007933478964308103,0.007902174380572936
AR--IT,AR,IT,11131.20670997276,10,11148.0,11150.0,11148.75,11149.75000000214,4.216370213557839,17.77777777777778,11140.0,11150.0,11150.0,11150.0,0.0,0.0,0.0003782176366664729,2,0,11145.0,11150.0,16.7932900272408,16.7932900272408,0.001508667520494002,0.0015075306249716148
AR--JP,AR,JP,18370.21725262342,10,18367.5,18375.0,18375.0,18374.888888890546,23.717082451262844,562.4999999999999,18300.0,18375.0,18375.0,18375.0,0.0,0.0,0.0012912526174636092,1,0,18352.5,18375.0,2.7172526234207908,-2.7172526234207908,-0.0001479161942427624,-0.00014792713492195624
AR--KE,AR,KE,10410.808770079677,10,9826.6,9637.5,9790.125,9649.720142529868,386.2526375314478,149191.1,9510.0,10435.0,9566.375,10157.5,591.125,95.0,0.039306844435659107,0,0,9635.7625,10079.32375,584.2087700796765,-584.2087700796765,-0.0561155989877245,-0.05775157688984527
AR--KR,AR,KR,19431.621304450513,10,19463.68,19430.0,19451.3125,19430.214285714286,73.5893379958445,5415.3906666666435,19420.0,19606.3,19430.0,19430.375,0.375,0.0,0.003780854288389683,3,0,19428.0,19516.31125,32.05869554948731,32.05869554948731,0.0016498209309042454,0.001648461471389912
AR--MA,AR,MA,9305.417619305188,10,9396.15,9419.25,9402.6875,9409.254149994515,187.48822926016214,35151.83611111112,9105.0,9635.0,9299.875,9550.125,250.25,159.0,0.019953728842149406,0,0,9274.48625,9504.914999999999,90.73238069481158,90.73238069481158,0.009750489919611619,0.009703260650286252
AR--MX,AR,MX,7372.308131811268,10,7379.7,7380.0,7379.0,7379.666666666667,4.191260749066642,17.56666666666667,7375.0,7390.0,7377.75,7380.0,2.25,0.0,0.0005679445978924133,1,0,7377.5,7382.5,7.391868188731678,7.391868188731678,0.0010026531795159252,0.001002150858557878
AR--MY,AR,MY,15967.59980860726,10,15892.55,15890.75,15890.5,15890.634894444434,14.125331854508763,199.52499999999998,15878.0,15923.5,15880.375,15900.0,19.625,9.25,0.0008888021025265778,0,0,15885.047499999999,15900.9075,75.04980860726027,-75.04980860726027,-0.004700130859166762,-0.004711211207237004
AR--NG,AR,NG,8446.362395848217,10,8155.08,8143.4,8156.9125,8158.335955719851,153.93637791128012,23696.40844444445,7910.0,8385.5,8059.375,8269.125,209.75,119.35000000000036,0.01887613339308506,0,0,8064.49325,8245.43125,291.28239584821677,-291.28239584821677,-0.03448613523750718,-0.03509481702766068
AR--NL,AR,NL,11420.79314209203,10,11446.11,11445.5,11445.8875,11445.442857142858,2.10261741645977,4.4209999999999585,11444.0,11450.0,11445.0,11445.575,0.5750000000007276,0.5,0.0001836971177509014,3,0,11444.9995,11447.55,25.31685790797019,25.31685790797019,0.002216733776103812,0.0022142804467032893
AR--NO,AR,NO,12224.016263540156,10,11895.630000000001,11905.15,11904.475,11903.305238888039,63.162595295352155,3989.513444444442,11756.5,11964.0,11865.125,11943.75,78.625,47.25,0.0053097309932598905,0,0,11856.97,11928.311000000002,328.3862635401547,-328.3862635401547,-0.02686402377585285,-0.027231457100622896
AR--NZ,AR,NZ,10003.231625456845,10,10325.85,10326.75,10326.5625,10327.174737500007,6.778438037057079,45.94722222222222,10313.5,10332.5,10325.0,10331.5,6.5,4.25,0.0006564532737795996,2,0,10321.75,10329.75,322.61837454315537,322.61837454315537,0.032251415004940616,0.03174225657986864
AR--PE,AR,PE,3130.6695211171427,10,3139.6,3140.0,3139.75,3139.6666666666665,0.6992058987801011,0.488888888888889,3138.0,3140.0,3139.25,3140.0,0.75,0.0,0.0002227054079437193,1,0,3139.2,3140.0,8.930478882857187,8.930478882857187,0.002852577962195911,0.0028485170824983745
AR--PH,AR,PH,17788.20333536327,10,19985.19,19990.75,19990.7,19990.45737222222,20.108839957701168,404.3654444444391,19930.0,19996.3,19985.5,19996.0,10.5,5.25,0.001006187079417367,1,0,19971.959749999998,19993.870000000003,2196.98666463673,2196.98666463673,0.12350807010784956,0.11645599562399073
AR--PK,AR,PK,15601.725953155386,10,15312.99,15452.75,15314.7375,15346.481460013607,352.26088958800597,124087.73433333333,14761.5,15850.5,14983.75,15525.75,542.0,203.69999999999982,0.02300405665960769,0,0,15113.59475,15506.23,288.7359531553866,-288.7359531553866,-0.01850666740476818,-0.018680058365381193
AR--PL,AR,PL,12308.20746555706,10,12260.83,12291.0,12272.95,12281.430542857142,72.26560654203948,5222.317888888859,12104.7,12320.0,12213.95,12317.5,103.54999999999927,29.0,0.00589402239016767,0,0,12216.71875,12298.11125,47.37746555705962,-47.37746555705962,-0.003849257959750791,-0.0038566854194365357
AR--PT,AR,PT,9574.20669056964,10,9583.0,9582.5,9582.5,9582.634055555553,3.496029493900505,12.222222222222221,9580.0,9590.0,9580.0,9585.0,5.0,2.5,0.00036481576686846554,0,0,9581.0,9585.0,8.79330943036075,8.79330943036075,0.0009184373927316554,0.0009180158871739469
AR--RU,AR,RU,13459.503231297233,10,13476.35,13476.5,13476.375,13476.35,0.24152294576982394,0.05833333333333332,13476.0,13476.5,13476.125,13476.5,0.375,0.0,1.7921985238571567e-05,0,0,13476.2,13476.5,16.846768702767804,16.846768702767804,0.001251663483656232,0.001250880805949297
AR--SA,AR,SA,12854.981363911493,10,13208.679999999998,13408.75,13298.8375,13373.258983419511,578.1582151779717,334266.9217777778,11925.3,13770.8,12908.900000000001,13619.75,710.8499999999985,224.25,0.04377108198381456,0,0,12842.226499999999,13538.5475,353.69863608850574,353.69863608850574,0.027514519552822043,0.027142798240063378
AR--SE,AR,SE,12541.33572639846,10,12238.0,12223.5,12237.125,12233.437857142837,47.572167399763394,2263.111111111111,12163.0,12320.0,12215.0,12265.0,50.0,25.0,0.003887250155234793,0,0,12212.2925,12266.804999999998,303.3357263984599,-303.3357263984599,-0.024186875546275636,-0.02448418174852118
AR--SG,AR,SG,15887.309757265864,10,15878.1,15882.75,15879.4375,15881.666666666528,16.271652241449445,264.76666666666677,15850.5,15895.0,15873.875,15889.0,15.125,8.5,0.0010247858523028223,2,0,15868.3,15886.85375,9.209757265864027,-9.209757265864027,-0.0005796926859597521,-0.0005798607727270282
AR--SN,AR,SN,6965.255742849274,10,6953.2,6955.0,6954.375,6954.64675,8.443274772793368,71.28888888888889,6935.0,6962.0,6950.0,6960.0,10.0,5.0,0.0012143005771146189,0,0,6947.5,6957.402499999999,12.055742849273884,-12.055742849273884,-0.001730839942474567,-0.0017323395765953924
AR--TH,AR,TH,16880.505738924476,10,17213.75,17251.25,17227.0625,17246.390021535393,88.36893936471368,7809.069444444443,17036.0,17285.0,17163.75,17276.5,112.75,30.75,0.005133625117404034,0,0,17163.4,17258.75875,333.24426107552426,333.24426107552426,0.01974136712664372,0.019549033503446448
AR--TR,AR,TR,12466.927062320188,10,11939.51,11886.0,11932.0125,11906.544589995392,168.88459208715406,28522.00544444442,11748.5,12190.5,11803.400000000001,12094.225,290.8249999999989,91.44999999999982,0.014145018688970825,0,0,11841.026499999998,12042.6,527.417062320188,-527.417062320188,-0.04230529782389148,-0.043226234289736064
AR--TZ,AR,TZ,10004.640819282862,10,9833.05,9833.0,9813.7375,9817.944290000452,136.63677925230965,18669.6094444444,9664.2,10156.4,9747.225,9867.75,120.52499999999964,55.05000000000018,0.013895666070274194,1,0,9759.12275,9915.77525,171.59081928286287,-171.59081928286287,-0.01715112240232954,-0.017299906566395195
AR--UA,AR,UA,12807.053139985803,10,12712.2,12818.25,12818.25,12818.243785714281,336.86167619497604,113475.78888888888,11753.5,12822.5,12816.125,12820.0,3.875,2.5,0.02649908561814446,1,0,12498.75,12819.901249999999,94.85313998580204,-94.85313998580204,-0.007406320482082984,-0.007433883451410213
AR--US,AR,US,8360.953336333787,10,8386.1,8387.5,8386.375,8386.100000000006,7.062420107709381,49.87777777777779,8375.0,8395.0,8380.0,8390.75,10.75,7.5,0.0008421578692967388,0,0,8381.7,8390.5,25.1466636662135,25.1466636662135,0.003007631146191771,0.0030031172720834014
AR--VN,AR,VN,17861.954046251605,10,18773.829999999998,19211.75,18812.225,19077.638998588573,1092.1445366800128,1192779.689,17240.0,20000.5,17734.625,19256.95,1522.3250000000007,425.0,0.05817377363489565,0,0,18123.47325,19356.442750000002,911.8759537483929,911.8759537483929,0.05105129883254589,0.049790900249381514
AR--ZA,AR,ZA,8148.626185145644,10,8119.3,8115.0,8118.6875,8118.5793249999915,12.752341832864355,162.6222222222222,8103.5,8140.0,8111.25,8128.75,17.5,10.5,0.0015706208457458592,0,0,8112.05,8127.05125,29.32618514564365,-29.32618514564365,-0.003598911580838395,-0.0036054032430808125
AU--BD,AU,BD,8995.963141163435,10,8961.05,9051.0,8997.1875,9038.76253332805,224.4460402858558,50376.025,8475.5,9157.5,8857.625,9122.0,264.375,74.0,0.025046846104625663,0,0,8816.3775,9081.33,34.913141163435284,-34.913141163435284,-0.003880978680724121,-0.0038885292204713312
AU--BR,AU,BR,14075.358195321549,10,14172.6,14125.0,14159.4375,14150.833333335337,296.8160485328694,88099.76666666668,13790.5,14660.0,13997.5,14318.75,321.25,187.5,0.020942949672810168,0,0,13998.71125,14351.086249999998,97.24180467845144,97.24180467845144,0.006908655774797493,0.006884900361711624
AU--CA,AU,CA,16104.729525959248,10,16242.13,16252.5,16244.5,16253.750000000004,68.18945910720625,4649.802333333353,16120.3,16345.0,16235.0,16271.875,36.875,22.5,0.004198307679301068,3,0,16200.829999999998,16277.5025,137.40047404075085,137.40047404075085,0.008531684671839707,0.00849549554065855
AU--CD,AU,CD,13504.360503430844,10,12929.929999999998,12828.05,12923.875,12917.907734320537,374.11909289244596,139965.0956666666,12437.5,13470.8,12635.0,13243.5,608.5,300.0500000000002,0.028934347896117457,0,0,12725.33875,13154.458499999999,574.4305034308454,-574.4305034308454,-0.04253666830687086,-0.04346785454249147
AU--CL,AU,CL,11345.088282272682,10,11348.0,11350.0,11348.75,11349.75,4.216370213557839,17.77777777777778,11340.0,11350.0,11350.0,11350.0,0.0,0.0,0.00037155183411683465,2,0,11346.0,11350.0,2.911717727318319,2.911717727318319,0.0002566500722491544,0.00025661714325341553
AU--CN,AU,CN,8980.130816239809,10,8970.4,8970.0,8970.375,8970.37500000214,1.2649110640673518,1.6,8968.0,8973.0,8970.0,8971.0,1.0,0.5,0.00014100943815965306,2,0,8969.7,8971.2,9.730816239809428,-9.730816239809428,-0.0010835940409923727,-0.0010841815534702055
AU--CO,AU,CO,14436.399681031653,10,14313.48,14335.0,14324.325,14332.83436862944,72.91855121374176,5317.11511111108,14140.2,14400.0,14315.675,14348.375,32.70000000000073,16.699999999999818,0.005094397114729735,3,0,14263.5175,14350.0405,122.91968103165345,-122.91968103165345,-0.00851456621786114,-0.008551022222345937
AU--DE,AU,DE,16060.205223180863,10,16096.15,16094.5,16094.375,16094.444444444445,5.749637669743487,33.058333333333316,16094.0,16112.5,16094.125,16094.5,0.375,0.0,0.00035720577092928973,1,0,16094.2,16099.85,35.94477681913668,35.94477681913668,0.0022381268682205233,0.0022356259931034903
AU--DZ,AU,DZ,16979.37379367375,10,17089.47,17061.5,17075.775,17075.608050000003,81.90074005906315,6707.731222222232,17013.5,17275.0,17031.625,17129.0,97.375,47.0,0.004792468113935842,0,0,17045.762,17141.12,110.09620632625229,110.09620632625229,0.006484114647813008,0.006463183208940372
AU--EG,AU,EG,14263.93286552806,10,14407.3,14408.75,14408.4375,14408.137083333328,8.586811592979862,73.73333333333335,14390.5,14415.0,14401.25,14415.0,13.75,6.25,0.0005960042195956121,0,0,14401.6,14412.0,143.3671344719387,143.3671344719387,0.010051024203739559,0.010000848590729146
AU--ES,AU,ES,17574.421466877073,10,17647.94,17660.0,17655.5,17659.66666666665,30.665260837341584,940.3582222221955,17565.4,17670.0,17654.375,17660.0,5.625,0.0,0.0017376113493893105,3,0,17628.766249999997,17661.0,73.51853312292587,73.51853312292587,0.004183269034573229,0.0041745434904005225
AU--ET,AU,ET,12442.084906893078,10,11663.39,11654.6,11636.175,11642.648271428727,215.00922693379155,46228.96766666668,11394.5,12150.0,11545.5,11752.275000000001,206.77500000000146,108.5,0.018434539780783424,1,0,11545.579,11799.51025,778.694906893079,-778.694906893079,-0.06258556445485047,-0.06462979405465759
AU--FI,AU,FI,15202.304817605685,10,15203.570000000002,15205.0,15203.125,15203.334288888887,11.81694169872688,139.64011111111014,15188.7,15222.0,15192.425,15212.65,20.225000000000364,11.0,0.000777247823947065,0,0,15196.63925,15210.46125,1.2651823943160707,1.2651823943160707,8.322306449551463e-05,8.321960164848917e-05
AU--FJ,AU,FJ,3459.5502950524574,10,3314.88,3296.6,3310.35,3304.550000005682,64.21859889817314,4124.028444444444,3230.5,3435.5,3286.25,3336.525,50.27500000000009,32.799999999999955,0.019372827643285167,1,0,3280.36125,3354.6515,144.67029505245728,-144.67029505245728,-0.04181765915048321,-0.04271718420668019
AU--FR,AU,FR,16917.63537856836,10,16960.0,16960.0,16960.0,16960.0,0.0,0.0,16960.0,16960.0,16960.0,16960.0,0.0,0.0,0.0,0,0,16960.0,16960.0,42.364621431639534,42.364621431639534,0.0025041691988058794,0.00250103899174082
AU--GB,AU,GB,16976.59127449891,10,16926.0,16926.5,16925.75,16925.750000000015,18.239152027072603,332.66666666666663,16900.0,16954.0,16910.75,16940.0,29.25,13.5,0.0010775819465362521,0,0,16915.7975,16936.6,50.591274498910934,-50.591274498910934,-0.0029800608190942153,-0.0029845100418384894
AU--GH,AU,GH,15466.274445812925,10,15321.25,15373.75,15355.25,15355.250000018415,627.4791829216329,393730.125,14120.5,16250.0,14965.75,15797.875,832.125,435.0,0.04095482959429765,0,0,14949.397500000001,15687.05375,145.02444581292548,-145.02444581292548,-0.00937681833598827,-0.009421057462391495
AU--GR,AU,GR,15201.661293550262,10,15310.939999999999,15312.349999999999,15311.05,15311.734255714287,9.471383801277968,89.70711111111069,15291.0,15330.0,15310.575,15312.475,1.8999999999996362,0.8500000000003638,0.0006186023719822538,3,0,15304.918499999998,15316.394499999999,109.278706449737,109.278706449737,0.007188602899349008,0.007162888055849764
AU--IN,AU,IN,10338.502325503718,10,9879.45,9813.0,9866.9375,9826.354642855305,180.84318099146333,32704.256111111165,9715.5,10143.5,9735.45,10049.375,313.9249999999993,87.5,0.01830498468957921,0,0,9779.158,9990.58875,459.05232550371693,-459.05232550371693,-0.04440220750072238,-0.04541817360088031
AU--IT,AU,IT,16216.420011411574,10,16314.59,16315.0,16314.8625,16314.822222222223,1.165666237727469,1.3587777777777121,16311.5,16315.5,16314.625,16315.0,0.375,0.1999999999998181,7.144931240855387e-05,2,0,16313.87925,16315.13,98.16998858842635,98.16998858842635,0.006053739883361657,0.0060354896179424826
AU--JP,AU,JP,7916.886601720884,10,7971.7,7971.0,7970.875,7970.94251111111,3.0203016773531446,9.122222222222218,7970.0,7980.0,7970.0,7971.75,1.75,1.0,0.00037887799056075176,1,0,7970.4,7973.7,54.81339827911597,54.81339827911597,0.006923605330812905,0.006899747234814549
AU--KE,AU,KE,11938.438068840167,10,11764.119999999999,11690.25,11751.9625,11704.829686672952,215.98641829728297,46650.13288888889,11465.0,12160.5,11640.0,11852.05,212.04999999999927,58.100000000000364,0.018359759871310645,0,0,11646.896499999999,11900.6225,174.31806884016805,-174.31806884016805,-0.014601413336904234,-0.014709063150656516
AU--KR,AU,KR,8383.398878278069,10,8340.57,8340.0,8340.0,8340.0,3.6672878261736637,13.449000000001556,8335.5,8350.2,8340.0,8340.0,0.0,0.0,0.0004396927099914831,2,0,8339.1,8343.060000000001,42.82887827806917,-42.82887827806917,-0.0051087725754099065,-0.005121866970586602
AU--MA,AU,MA,17823.98557196807,10,17847.41,17885.4,17852.9125,17855.169717500507,123.06082913204607,15143.967666666638,17665.4,17985.4,17743.0,17942.775,199.77500000000146,95.04999999999927,0.006895164571892844,0,0,17774.43775,17913.900250000002,23.424428031928983,23.424428031928983,0.001314208202051553,0.0013133453863160799
AU--MX,AU,MX,13179.187255642872,10,12858.24,12681.85,12722.15,12726.642617807656,559.089538048742,312581.1115555558,12480.0,14325.2,12513.5,12967.0,453.5,190.60000000000036,0.04348103146688365,1,0,12594.1095,13237.4265,320.9472556428718,-320.9472556428718,-0.024352583313167003,-0.024654011231409752
AU--MY,AU,MY,6520.550088731684,10,6332.2,6310.1,6311.9375,6310.672586666979,70.59845764761594,4984.142222222223,6295.5,6531.0,6304.825,6320.625,15.800000000000182,7.600000000000364,0.01114911999741258,1,0,6305.78975,6377.8102499999995,188.35008873168408,-188.35008873168408,-0.028885613356022875,-0.029311014700116638
AU--NG,AU,NG,15163.69563184826,10,14552.990000000002,14469.0,14537.6,14518.907733338216,173.97265078805424,30266.48322222227,14343.5,14885.6,14435.575,14650.125,214.54999999999927,82.0,0.011954426601547464,0,0,14462.27975,14661.960000000001,610.7056318482591,-610.7056318482591,-0.040274194805492936,-0.04110765490635363
AU--NL,AU,NL,16620.528265072542,10,16621.579999999998,16648.0,16632.6,16644.491874999952,48.16450514181122,2319.8195555555594,16500.5,16654.5,16602.75,16650.375,47.625,6.25,0.0028977091914132846,1,0,16591.47875,16645.25575,1.051734927455982,1.051734927455982,6.327927191497073e-05,6.32772698664045e-05
AU--NO,AU,NO,15966.082912956443,10,15955.460000000001,15940.25,15939.875,15938.222492857,75.07717806808327,5636.5826666666835,15880.0,16155.6,15921.25,15950.75,29.5,18.25,0.004705422348718449,1,0,15921.598750000001,16007.988750000002,10.622912956441724,-10.622912956441724,-0.0006653424646706082,-0.0006655639031953793
AU--NZ,AU,NZ,2331.7654440152487,10,2326.35,2326.25,2326.3125,2326.34115,0.944281031614353,0.8916666666666666,2325.0,2328.0,2326.0,2327.0,1.0,0.75,0.0004059066914326533,0,0,2325.8,2326.9,5.415444015248795,-5.415444015248795,-0.0023224651643878554,-0.0023251662695665974
AU--PE,AU,PE,12870.966935523227,10,12743.15,12745.0,12745.0625,12744.517071428574,14.13044388702791,199.66944444444445,12711.0,12760.0,12737.5,12748.875,11.375,7.5,0.0011088658524013224,1,0,12734.692500000001,12750.55,127.81693552322758,-127.81693552322758,-0.009930639722992312,-0.009980277421784367
AU--PH,AU,PH,6269.920053818219,10,6279.85,6299.0,6285.049999999999,6290.079920000073,47.649046860001945,2270.4316666666614,6183.1,6335.0,6246.575,6311.875,65.30000000000018,22.40000000000009,0.007587609076650229,0,0,6249.9887499999995,6304.950999999999,9.929946181781816,9.929946181781816,0.0015837436676301377,0.001582490868195342
AU--PK,AU,PK,10988.77817833369,10,10285.97,10229.5,10274.8375,10277.444266673181,222.99080225177207,49724.89788888892,10025.5,10635.5,10097.75,10458.900000000001,361.15000000000146,184.0,0.02167912236296354,0,0,10162.97875,10410.63075,702.8081783336911,-702.8081783336911,-0.06395689920462687,-0.06609375570641048
AU--PL,AU,PL,15552.021357649579,10,15604.710000000001,15603.5,15604.575,15604.333333333338,6.9343669101399374,48.0854444444437,15595.0,15615.5,15602.0,15607.5,5.5,4.0,0.0004443765318381397,0,0,15600.77925,15608.561500000002,52.688642350422015,52.688642350422015,0.0033878967330832547,0.0033821707400169595
AU--PT,AU,PT,18058.241733092265,10,17749.25,18030.0,17762.8125,17989.79809967432,388.6548919028294,151052.625,17275.0,18115.0,17305.0,18036.625,731.625,52.5,0.02189697547236246,0,0,17523.48125,17974.7225,308.99173309226535,-308.99173309226535,-0.017110842664489798,-0.017258924770113558
AU--RU,AU,RU,14468.762247285287,10,14470.25,14470.0,14470.0625,14470.0625,1.9329022507905336,3.7361111111111107,14467.0,14475.0,14470.0,14470.0,0.0,0.0,0.00013357766802857819,3,0,14469.1,14471.55,1.4877527147127694,1.4877527147127694,0.00010282515458375924,0.0001028198684399738
AU--SA,AU,SA,12623.318465753277,10,12383.11,12423.15,12381.325,12407.725989999972,155.26286277006352,24106.556555555577,12150.0,12630.5,12255.224999999999,12460.0,204.77500000000146,69.25,0.012538276957086186,0,0,12292.14625,12469.430750000001,240.20846575327596,-240.20846575327596,-0.01902894761032569,-0.019212328119557875
AU--SE,AU,SE,15597.07886628645,10,15599.7,15597.0,15598.125,15597.666666666666,5.558776843874919,30.90000000000001,15597.0,15615.0,15597.0,15600.0,3.0,0.0,0.00035633870163368007,1,0,15597.3,15603.6,2.62113371355008,2.62113371355008,0.00016805286015548324,0.0001680387408554658
AU--SG,AU,SG,6204.591664762586,10,5958.05,5910.0,5940.0625,5910.3125,101.16665293794526,10234.691666666668,5910.0,6150.0,5910.0,5910.375,0.375,0.0,0.016979826107190316,2,0,5910.0,6030.0,246.54166476258615,-246.54166476258615,-0.03973535698775431,-0.04054636270577146
AU--SN,AU,SN,17367.8662451382,10,17131.89,17117.5,17092.6125,17100.63761334044,232.2389069232133,53934.909888888935,16912.5,17665.5,16939.125,17220.0,280.875,170.20000000000073,0.0135559419844053,1,0,17002.48575,17272.26475,235.9762451382012,-235.9762451382012,-0.013586945097775508,-0.013680092322761685
AU--TH,AU,TH,7462.848367041455,10,7398.37,7419.25,7411.7125,7418.4566100001575,55.82689614633193,3116.6423333333314,7250.0,7440.0,7404.725,7424.0,19.274999999999636,5.449999999999818,0.007545837278526478,2,0,7362.3825,7423.034500000001,64.47836704145539,-64.47836704145539,-0.008639913859996724,-0.00867745430295246
AU--TR,AU,TR,14491.126052008547,10,14487.61,14441.5,14478.95,14466.522674778089,115.11539572678073,13251.554333333328,14364.5,14680.0,14416.325,14549.5,133.17499999999927,69.5,0.007945782342759139,0,0,14421.193000000001,14553.36525,3.516052008546467,-3.516052008546467,-0.00024263483706700098,-0.0002426642776613754
AU--TZ,AU,TZ,11694.349880853746,10,11321.23,11290.4,11330.1625,11329.425480691005,280.12616621800964,78470.66899999997,10842.5,11728.5,11176.75,11516.775000000001,340.02500000000146,212.45000000000073,0.024743439203868275,0,0,11167.5395,11482.918499999998,373.1198808537465,-373.1198808537465,-0.031905996028443344,-0.03242608487971616
AU--UA,AU,UA,14887.737081531282,10,14914.6,14915.400000000001,14912.25,14912.683059999987,13.722325685619841,188.30222222222204,14900.0,14948.0,14904.15,14916.65,12.5,5.699999999999818,0.0009200599201869202,1,0,14907.219750000002,14923.62075,26.862918468717908,26.862918468717908,0.0018043654533664638,0.0018027395415539903
AU--US,AU,US,15945.723803950415,10,15987.580000000002,15935.0,15976.15,15945.092710000126,95.17652371602308,9058.570666666705,15911.0,16155.6,15919.75,16021.625,101.875,22.25,0.0059531538679414315,0,0,15940.33,16046.253750000002,41.85619604958629,41.85619604958629,0.0026249166587983155,0.0026214775819443817
AU--VN,AU,VN,7727.631084944442,10,7739.95,7740.0,7739.9375,7739.949999999994,11.936056486312573,142.46944444444443,7725.0,7755.0,7730.25,7751.125,20.875,10.75,0.001542136123141955,0,0,7732.85,7747.101250000001,12.318915055558136,12.318915055558136,0.0015941386073099145,0.0015928693171308925
AU--ZA,AU,ZA,10839.833274898414,10,10274.05,10260.0,10272.0625,10263.410099999763,25.011608416004666,625.5805555555554,10252.0,10312.0,10255.0,10295.75,40.75,7.75,0.0024344448796730276,0,0,10259.942500000001,10288.505,565.7832748984147,-565.7832748984147,-0.05219483183459913,-0.0536063166618688
BD--BR,BD,BR,15592.505750516311,10,16722.59,16819.0,16758.1125,16821.649999996545,248.9115927392696,61956.98100000001,16250.5,16910.5,16790.425000000003,16850.5,60.07499999999709,32.54999999999927,0.014884751269945002,2,0,16549.49125,16853.9125,1130.0842494836888,1130.0842494836888,0.0724761156138274,0.0699701017481216
BD--CA,BD,CA,12219.959997048985,10,12420.34,12466.0,12447.1625,12463.694799964338,105.6505476664566,11162.03822222222,12140.5,12485.6,12413.875,12470.724999999999,56.849999999998545,10.0,0.008506252458987161,1,0,12345.72775,12471.311000000002,200.38000295101483,200.38000295101483,0.016397762594918878,0.016264771157748766
BD--CD,BD,CD,8699.546891941973,10,9016.617000000002,9025.5,9030.62125,9027.767337164276,220.04040487803368,48417.77977888899,8585.5,9335.7,8902.25,9147.075,244.82500000000073,143.60000000000036,0.02440387618527366,0,0,8869.566675,9130.46575,317.0701080580293,317.0701080580293,0.03644673820331012,0.03579826537300495
BD--CL,BD,CL,17886.203807894904,10,17127.45,17101.0,17113.0625,17102.74669285717,94.76299383198064,8980.025,17030.0,17340.0,17070.5,17135.125,64.625,37.25,0.005532813923379174,2,0,17076.594999999998,17189.056249999998,758.7538078949037,-758.7538078949037,-0.0424211764578011,-0.043347239078341954
BD--CN,BD,CN,3026.7986717227063,10,3027.16,3026.5,3026.825,3026.6000000000017,2.238650387076005,5.011555555555546,3025.0,3032.0,3026.0,3027.45,1.449999999999818,0.7999999999999545,0.0007395216596004191,2,0,3026.0,3028.661,0.36132827729352357,0.36132827729352357,0.00011937638293196194,0.00011936925813852755
BD--CO,BD,CO,16454.083310734804,10,16646.52,16718.9,16663.15,16688.145162500095,241.50571559834088,58325.01066666671,16255.5,16904.5,16546.75,16832.925000000003,286.1750000000029,149.75,0.014507880061318574,0,0,16495.499499999998,16782.491,192.43668926519604,192.43668926519604,0.011695375891262716,0.01162751358692344
BD--DE,BD,DE,7083.361209694893,10,7102.639999999999,7094.0,7095.425,7095.424999999488,57.263197411407106,3279.0737777777813,7031.5,7231.5,7064.0,7129.25,65.25,36.55000000000018,0.008062241280905004,1,0,7071.4865,7137.1825,19.278790305106668,19.278790305106668,0.002721700861269092,0.002718003740265529
BD--DZ,BD,DZ,8249.865357774017,10,8370.016000000001,8403.28,8378.482500000002,8374.59908577778,143.6236621792447,20627.756337777802,8115.6,8556.7,8259.0,8461.975,202.97500000000036,143.78000000000065,0.017159305571129692,0,0,8282.446100000001,8449.809749999999,120.15064222598448,120.15064222598448,0.014563951896834786,0.014458916144968973
BD--EG,BD,EG,5856.065710330734,10,5689.66,5696.0,5686.625,5676.416666666959,164.55569945225903,27078.578222222204,5445.6,5958.0,5584.875,5735.0,150.125,92.75,0.028921886273038995,0,0,5594.0185,5793.574,166.4057103307341,-166.4057103307341,-0.028415956815029658,-0.02882750522388322
BD--ES,BD,ES,8668.474277763522,10,8254.055,8256.0,8253.95625,8254.753335000005,35.050364160416144,1228.5280277777845,8195.4,8313.5,8232.9875,8274.0,41.01250000000073,22.175000000000182,0.004246441798657284,0,0,8231.268250000001,8274.76975,414.4192777635217,-414.4192777635217,-0.04780763770927892,-0.04898820337264339
BD--ET,BD,ET,5724.1496250866285,10,5834.21,5913.5,5855.025,5904.511546663479,171.46490052226753,29400.212111111097,5516.5,5985.4,5803.125,5938.875,135.75,33.59999999999991,0.029389566114738332,2,0,5723.679999999999,5923.7765,110.06037491337156,110.06037491337156,0.019227375614191064,0.01904486537907461
BD--FI,BD,FI,6394.878508271938,10,6620.1,6620.25,6619.4375,6620.100000001183,77.05510293866908,5937.488888888888,6527.0,6718.5,6547.25,6683.875,136.625,71.25,0.011639567822037292,0,0,6574.15,6663.25125,225.22149172806257,225.22149172806257,0.035219041524672104,0.03461303864930274
BD--FJ,BD,FJ,10616.636231096905,10,11265.91,11302.75,11257.2625,11261.76132799494,170.06940707317764,28923.603222222206,11025.5,11575.5,11148.75,11343.75,195.0,119.5,0.015095931626755198,0,0,11169.72525,11359.70875,649.2737689030946,649.2737689030946,0.061156260304118186,0.05935912522894048
BD--FR,BD,FR,7923.795839306774,10,7905.5,7905.0,7905.125,7905.0,3.3333333333333335,11.111111111111112,7900.5,7913.5,7904.5,7905.5,1.0,0.5,0.000421647376299201,3,0,7903.7,7907.6,18.295839306773814,-18.295839306773814,-0.002308974092443863,-0.002311643883567784
BD--GB,BD,GB,8015.217428089591,10,8000.81,8003.0,8001.625,8002.589691428575,5.261273610068229,27.681000000000374,7990.0,8005.1,8000.85,8004.25,3.399999999999636,1.599999999999909,0.000657592620005753,2,0,7997.25,8003.62,14.407428089590212,-14.407428089590212,-0.0017975093275821702,-0.0017991267860285765
BD--GH,BD,GH,9833.431322059829,10,10250.48,10221.9,10235.6,10223.889585250117,217.56391551296647,47334.057333333214,9945.7,10674.3,10102.75,10314.5,211.75,133.5,0.021224753915228017,1,0,10133.442000000001,10392.8085,417.0486779401708,417.0486779401708,0.04241130733323826,0.04153659417300235
BD--GR,BD,GR,6434.574552380038,10,6241.710000000001,6252.5,6249.825,6249.537407143197,38.38426905792409,1473.3521111111083,6140.0,6278.5,6237.25,6255.4,18.149999999999636,12.25,0.006149639931673224,1,0,6214.83925,6258.9715,192.8645523800369,-192.8645523800369,-0.029973163075513617,-0.03043154093497082
BD--IN,BD,IN,1425.4260591415405,10,1423.75,1424.0,1423.8125,1423.75,0.42491829279939874,0.18055555555555555,1423.0,1424.0,1423.625,1424.0,0.375,0.0,0.0002984500739591914,2,0,1423.5,1423.95,1.6760591415404633,-1.6760591415404633,-0.001175830293540351,-0.0011765221243502622
BD--IT,BD,IT,7320.0470436892765,10,7276.15,7275.55,7276.2,7276.137316666646,1.4315880847660816,2.0494444444442177,7273.5,7278.4,7275.5,7277.375,1.875,0.75,0.00019675076582616928,0,0,7275.31,7276.979999999999,43.89704368927687,-43.89704368927687,-0.005996825351979285,-0.006014878519777222
BD--JP,BD,JP,4901.783530903048,10,4743.1,4726.0,4726.625,4726.761185714417,56.44751741416288,3186.3222222222216,4715.0,4903.0,4723.5,4730.75,7.25,4.5,0.01190097560965674,1,0,4722.8,4779.202499999999,158.68353090304754,-158.68353090304754,-0.032372610887982954,-0.03290819441288012
BD--KE,BD,KE,6417.460535353122,10,6875.44,6878.0,6880.7375,6883.1103285713625,84.795390335927,7190.258222222222,6728.5,6980.0,6842.375,6950.975,108.60000000000036,64.5,0.012333085640472028,0,0,6827.6865,6923.95425,457.9794646468772,457.9794646468772,0.07136459384890892,0.06893315729640966
BD--KR,BD,KR,3797.612686267932,10,3738.7,3723.0,3736.75,3729.4201285704967,32.46211467062626,1053.7888888888888,3707.5,3785.5,3714.375,3772.0,57.625,15.5,0.008682727865468282,0,0,3720.65,3757.85,58.91268626793226,-58.91268626793226,-0.01551308443879993,-0.015634671431905223
BD--MA,BD,MA,9196.660288262383,10,9422.71,9439.0,9422.1375,9415.097089426445,167.09352304755708,27920.245444444492,9162.5,9687.5,9303.425,9487.25,183.82500000000073,117.55000000000018,0.017733064378247565,0,0,9325.779999999999,9523.655499999999,226.04971173761624,226.04971173761624,0.024579543513869,0.024282326984858157
BD--MX,BD,MX,15118.666153073525,10,15757.960000000001,15755.45,15772.575,15771.870432222218,109.3015116292746,11946.820444444451,15525.5,15873.5,15721.75,15852.8,131.04999999999927,72.35000000000036,0.006936272945817517,0,0,15688.89625,15813.220000000001,639.2938469264755,639.2938469264755,0.04228506936086496,0.04141548495639048
BD--MY,BD,MY,2578.596726870454,10,2630.0,2630.0,2630.0,2630.0,0.0,0.0,2630.0,2630.0,2630.0,2630.0,0.0,0.0,0.0,0,0,2630.0,2630.0,51.40327312954605,51.40327312954605,0.019934591785483367,0.01973849953953261
BD--NG,BD,NG,8893.098615055616,10,8466.056,8426.1,8447.82375,8433.198906997926,138.16622848342234,19089.90669333327,8325.5,8752.47,8374.772500000001,8523.455,148.68249999999898,69.58500000000004,0.01632002298158934,1,0,8393.252574999999,8558.097674999999,427.0426150556159,-427.0426150556159,-0.048019552412547406,-0.049210782650158616
BD--NL,BD,NL,7656.49679159308,10,7696.147,7697.0,7698.05875,7698.058750000137,21.36666877275083,456.5345344444455,7654.5,7722.5,7685.225,7713.75,28.524999999999636,16.0,0.002776281270712583,0,0,7683.865175,7708.231825,39.65020840691977,39.65020840691977,0.005178635802532582,0.0051652727830973355
BD--NO,BD,NO,7181.762061567684,10,7328.8099999999995,7342.35,7332.1875,7338.465772933686,49.56242864643875,2456.4343333333322,7235.1,7395.5,7316.924999999999,7357.5,40.57500000000073,22.149999999999636,0.006762684343902864,2,0,7298.073000000001,7355.244,147.04793843231528,147.04793843231528,0.020475189399440593,0.020268390771765923
BD--NZ,BD,NZ,11267.899459200993,10,11665.4,11695.5,11674.5625,11679.113187502033,223.4014572716819,49908.21111111111,11314.0,11943.5,11530.125,11853.25,323.125,191.25,0.019150775564634036,0,0,11536.75,11800.5075,397.50054079900656,397.50054079900656,0.03527725307083929,0.03466926820772738
BD--PE,BD,PE,18167.538095071344,10,17736.55,17815.25,17783.1875,17807.465162506916,249.48752473821213,62244.02500000001,17150.0,17950.0,17725.0,17886.25,161.25,99.75,0.014066293881178252,2,0,17582.965,17858.5625,430.988095071345,-430.988095071345,-0.023722977368533352,-0.024008898179094188
BD--PH,BD,PH,3362.196759695326,10,3140.9,3013.0,3118.4375,3017.8666000023986,179.62071150065074,32263.600000000006,3001.5,3460.0,3005.0,3302.5,297.5,11.5,0.057187656881992656,0,0,3035.0,3245.50625,221.29675969532582,-221.29675969532582,-0.06581909849778667,-0.06808517481587553
BD--PK,BD,PK,2010.504192418624,10,2025.9299999999998,2023.1,2025.4125,2025.3777000370492,9.964052053925304,99.28233333333307,2014.5,2041.5,2018.4750000000001,2034.375,15.899999999999864,8.0,0.0049182607760017896,0,0,2019.948,2031.57075,15.42580758137592,15.42580758137592,0.007672606523052693,0.0076433217758002615
BD--PL,BD,PL,6568.012073729416,10,6807.44,6815.835,6813.549999999999,6813.550000159197,55.254182948744585,3053.024733333337,6690.5,6875.5,6781.0,6844.5,63.5,34.335000000000036,0.008116734477093384,0,0,6773.2481,6838.674499999999,239.42792627058316,239.42792627058316,0.036453636744707196,0.03580492130445311
BD--PT,BD,PT,9173.202508931836,10,8437.189999999999,8342.0,8417.9875,8393.357380540769,189.83391834852787,36036.916555555545,8225.5,8802.5,8305.0,8573.225,268.22500000000036,85.5,0.02249966142145998,0,0,8333.173,8551.598,736.0125089318371,-736.0125089318371,-0.0802350660214021,-0.08363714813141176
BD--RU,BD,RU,5553.2737926347245,10,5370.95,5550.5,5364.3125,5386.63087843341,380.41737969995245,144717.3827777778,4915.0,5880.0,4951.25,5619.75,668.5,252.0,0.07082869505393878,0,0,5153.56375,5599.205999999999,182.32379263472467,-182.32379263472467,-0.03283176724989495,-0.03338282477212171
BD--SA,BD,SA,4415.912406616781,10,4600.61,4585.0,4600.0125,4600.012499963377,246.1426616596337,60586.2098888889,4245.0,4961.0,4421.625,4821.825000000001,400.2000000000007,203.75,0.053502179419606034,0,0,4462.6475,4745.008749999999,184.6975933832191,184.6975933832191,0.041825465810071134,0.04097443007903331
BD--SE,BD,SE,6768.471024295255,10,6929.0199999999995,6917.95,6924.4,6925.735185414101,64.63942381481374,4178.25511111111,6850.5,7044.5,6873.725,6979.775,106.04999999999927,57.94999999999982,0.009328797407831662,0,0,6891.928249999998,6968.1052500000005,160.5489757047444,160.5489757047444,0.023720124549319623,0.023443173389921624
BD--SG,BD,SG,2874.5622395689315,10,2896.5,2896.7,2896.5625,2896.5,0.4690415759822611,0.2199999999999232,2895.5,2897.0,2896.55,2896.7,0.1499999999996362,0.0,0.00016193391195658936,3,0,2896.22975,2896.74,21.937760431068455,21.937760431068455,0.007631687402377565,0.007602713396406512
BD--SN,BD,SN,11109.021139047307,10,12366.95,12360.25,12368.25,12368.250000000064,132.66299199265953,17599.469444444447,12163.5,12560.0,12262.875,12477.5,214.625,122.25,0.010727219887899564,0,0,12292.81875,12444.07625,1257.9288609526939,1257.9288609526939,0.11323489668510721,0.10727009826045966
BD--TH,BD,TH,1533.2161452123528,10,1540.4950000000001,1540.5,1540.475,1540.495,0.14990737881178162,0.022472222222218993,1540.3,1540.85,1540.5,1540.5,0.0,0.0,9.731117518186143e-05,3,0,1540.4199999999998,1540.585,7.278854787647333,7.278854787647333,0.004747442042256345,0.004736208479047335
BD--TR,BD,TR,5633.079801631459,10,5343.993,5359.45,5350.25375,5358.277048564321,109.6956407571017,12033.13360111111,5152.5,5485.4,5297.75,5419.7,121.94999999999982,74.09999999999991,0.02052690577197644,0,0,5273.262825000001,5408.892824999999,289.0868016314589,-289.0868016314589,-0.05131949338756629,-0.05268320026733555
BD--TZ,BD,TZ,6793.0341997186615,10,6915.255,6922.0,6922.70625,6920.108333332434,72.82782759510415,5303.892472222214,6755.5,7015.4,6886.4125,6944.75,58.337499999999636,33.5,0.010531473907340242,1,0,6873.548374999999,6955.731625,122.2208002813386,122.2208002813386,0.017992077868001968,0.01783213604304285
BD--UA,BD,UA,5893.685382507589,10,6119.469999999999,6109.15,6116.275,6118.193914444441,77.7447540209485,6044.246777777789,6024.5,6240.0,6051.474999999999,6173.5,122.02500000000055,73.55000000000018,0.01270449140545644,0,0,6076.15575,6164.7715,225.7846174924107,225.7846174924107,0.038309580990281165,0.03759398785888709
BD--US,BD,US,12949.493713794654,10,12626.369999999999,12629.5,12625.25,12625.250000000005,26.115302027738352,682.0089999999949,12580.4,12681.3,12614.0,12631.5,17.5,14.0,0.0020683143316518014,2,0,12611.165,12640.560000000001,323.1237137946555,-323.1237137946555,-0.024952613664767666,-0.02526920779582908
BD--VN,BD,VN,1616.977559772685,10,1667.9299999999998,1586.75,1654.5375,1588.3630333339777,131.87537930435184,17391.11566666667,1582.5,1860.5,1585.2,1790.25,205.04999999999995,3.5,0.07906529608817628,0,0,1586.409,1750.15075,50.95244022731481,50.95244022731481,0.03151091362979565,0.03102463382200625
BD--ZA,BD,ZA,8645.990655579606,10,8506.09,8502.5,8511.2375,8511.23750000287,106.0226123679911,11240.7943333333,8315.6,8655.4,8434.25,8580.675,146.42499999999927,78.44999999999982,0.012464318196491114,0,0,8448.61,8568.65525,139.90065557960588,-139.90065557960588,-0.01618098621114312,-0.01631332792327559
BR--CA,BR,CA,7334.346869539842,10,6835.1,6830.0,6829.4375,6829.249999999852,45.43053305138883,2063.9333333333325,6780.0,6935.5,6811.625,6847.5,35.875,19.75,0.00664665228766058,1,0,6810.5,6863.1,499.246869539842,-499.246869539842,-0.06806971069411186,-0.07049726397606638
BR--CD,BR,CD,7021.609682135122,10,6605.275,6566.1,6613.65625,6613.656250437184,185.49665053879303,34409.00736111111,6270.0,6873.5,6511.6625,6767.975,256.3125,135.19999999999982,0.028083107900699525,0,0,6495.743375,6718.895,416.3346821351224,-416.3346821351224,-0.05929333884712941,-0.061123918969590386
BR--CL,BR,CL,3009.3551850238605,10,3013.9,3014.0,3014.25,3014.2499999999895,6.995236474439826,48.93333333333333,3000.0,3025.0,3010.625,3018.75,8.125,4.75,0.002320991563900536,0,0,3009.6487500000003,3017.75,4.544814976139605,4.544814976139605,0.0015102288353189424,0.001509089586624771
BR--CN,BR,CN,16930.472630910997,10,16880.85,16882.75,16877.0,16877.000000000124,84.71489767974042,7176.613888888888,16760.0,17032.5,16807.875,16935.0,127.125,67.25,0.0050184023719030985,0,0,16834.056249999998,16932.35375,49.62263091099885,-49.62263091099885,-0.0029309654841176602,-0.0029352691748219598
BR--CO,BR,CO,3659.609825431805,10,3660.2,3660.0,3660.0,3660.1111111094556,0.6324555320336759,0.4,3660.0,3662.0,3660.0,3660.0,0.0,0.0,0.00017279261571326044,1,0,3660.0,3660.6,0.5901745681949251,0.5901745681949251,0.0001612670739087026,0.00016125407177191732
BR--DE,BR,DE,9575.611395967344,10,9516.471,9508.1,9515.026249999999,9510.824997187232,19.719194512510427,388.84663222222133,9497.5,9547.0,9500.5,9535.025,34.524999999999636,9.100000000000364,0.0020721120794158286,0,0,9506.200750000002,9528.420275,59.140395967344375,-59.140395967344375,-0.0061761482919253236,-0.0061952995906801615
BR--DZ,BR,DZ,7899.280557882734,10,7602.65,7592.5,7613.3125,7609.212011109424,204.0423499069631,41633.28055555556,7274.5,7845.5,7471.75,7793.875,322.125,181.5,0.02683831952108319,0,0,7481.54875,7717.10375,296.63055788273414,-296.63055788273414,-0.03755159165561286,-0.038274815976938534
BR--EG,BR,EG,9874.469524339542,10,9473.07,9476.5,9477.4,9479.047234999793,40.96670870624374,1678.271222222227,9391.5,9520.0,9458.25,9505.05,46.79999999999927,28.100000000000364,0.004324544071377467,0,0,9449.584,9495.22475,401.39952433954204,-401.39952433954204,-0.040650236789949466,-0.04149955400137676
BR--ES,BR,ES,7719.290067297386,10,7274.87,7273.0,7274.4625,7273.875338020046,9.03647546828349,81.65788888888932,7263.0,7290.0,7270.0,7282.5,12.5,5.650000000000091,0.0012421494086194654,0,0,7269.73925,7280.8025,444.4200672973857,-444.4200672973857,-0.05757266062330812,-0.05929645613135897
BR--ET,BR,ET,9928.94838833383,10,9306.07,9253.0,9291.9625,9265.866666662543,216.1866068932116,46736.649000000005,9050.0,9675.0,9211.25,9336.3,125.04999999999927,79.60000000000036,0.023230709299759362,2,0,9184.67875,9439.313,622.878388333831,-622.878388333831,-0.06273357096565145,-0.06478769454204722
BR--FI,BR,FI,10597.841046061912,10,10468.85,10477.5,10480.125,10483.083333332053,93.68328737471445,8776.558333333332,10260.0,10587.5,10453.75,10528.875,75.125,46.75,0.008948765850567584,1,0,10408.695000000002,10522.755,128.99104606191213,-128.99104606191213,-0.012171445627583209,-0.012246124255129116
BR--FJ,BR,FJ,13707.79297949407,10,14041.05,14052.75,14032.5625,14035.75434286776,324.5410819740528,105326.91388888887,13570.0,14580.0,13807.625,14219.25,411.625,246.0,0.023113733087913854,0,0,13855.397500000001,14236.26875,333.2570205059292,333.2570205059292,0.02431150083784159,0.024020680394820682
BR--FR,BR,FR,8706.397888002059,10,8731.0,8731.0,8730.875,8731.0,2.160246899469287,4.666666666666668,8728.0,8735.0,8730.0,8732.0,2.0,1.0,0.0002474226204866896,0,0,8729.7,8732.3,24.602111997941392,24.602111997941392,0.002825750937921708,0.002821766008919624
BR--GB,BR,GB,8772.672472521588,10,8775.6,8778.0,8775.75,8777.017399999992,4.477102237434884,20.04444444444444,8770.0,8780.0,8770.5,8779.0,8.5,2.0,0.0005101761973466069,0,0,8773.0,8778.1,2.9275274784122303,2.9275274784122303,0.0003337098800373601,0.00033365421127978416
BR--GH,BR,GH,5761.1782251059785,10,5817.030000000001,5690.15,5806.2875,5733.597233623588,252.661143519229,63837.65344444443,5575.0,6145.0,5611.25,6097.5,486.25,105.14999999999964,0.04343473276211898,0,0,5671.505000000001,5966.29175,55.85177489402213,55.85177489402213,0.009694505656956086,0.009647815453420293
BR--GR,BR,GR,9543.526478721476,10,9523.97,9535.65,9537.3375,9535.466666666667,62.29221549368037,3880.3201111111125,9360.5,9580.5,9521.775,9548.95,27.17500000000109,14.850000000000364,0.006540572418191192,1,0,9478.98875,9553.06925,19.556478721477106,-19.556478721477106,-0.0020491878725417485,-0.0020512903307224172
BR--IN,BR,IN,14244.967094288088,10,14219.460000000001,14148.25,14202.6375,14167.29822500027,125.03539232286724,15633.849333333328,14115.0,14458.5,14133.525,14276.625,143.10000000000036,33.25,0.00879325883844163,0,0,14151.908250000002,14294.95875,25.50709428808659,-25.50709428808659,-0.0017906039458886755,-0.001792208993423358
BR--IT,BR,IT,8891.366226296563,10,8849.65,8725.25,8827.6875,8727.307233333071,203.04679947681464,41228.00277777777,8715.0,9160.0,8724.25,9030.75,306.5,4.5,0.022944048575572442,0,0,8724.04875,8976.054999999998,41.716226296563036,-41.716226296563036,-0.004691767860510083,-0.004702808751071607
BR--JP,BR,JP,17673.237812688087,10,17372.55,17370.0,17371.4375,17370.4375,5.079643469553526,25.80277777777778,17370.0,17384.0,17370.0,17370.875,0.875,0.0,0.0002923948107533739,2,0,17370.1,17375.9,300.68781268808743,-300.68781268808743,-0.017013736581545667,-0.017160133074568738
BR--KE,BR,KE,9414.754147935433,10,8423.61,8133.0,8385.2,8178.562880005656,518.0570205639101,268383.07655555557,8004.5,9150.0,8016.625,8977.5,960.875,128.19999999999982,0.06150059423025402,0,0,8147.0965,8741.67625,991.1441479354326,-991.1441479354326,-0.105275627208256,-0.11123957149891564
BR--KR,BR,KR,17539.5016131441,10,18188.5,18165.0,18177.5,18176.260666666476,70.55533683255686,4978.055555555555,18130.0,18335.0,18130.0,18230.0,100.0,35.0,0.003879117949944023,0,0,18150.5,18233.5,648.9983868558993,648.9983868558993,0.037002099670240346,0.036333953999670515
BR--MA,BR,MA,7024.002442289389,10,6958.745000000001,6940.0,6944.918750000001,6936.750000004236,125.50076239254926,15750.441361111107,6815.6,7212.5,6868.75,6992.875,124.125,69.0,0.018034970730002212,1,0,6893.1045,7030.292374999999,65.25744228938856,-65.25744228938856,-0.009290634908737116,-0.009334062043629937
BR--MX,BR,MX,6827.142656438756,10,6845.55,6845.0,6845.0625,6845.166666666667,1.5714466088430892,2.469444444444445,6845.0,6850.0,6845.0,6845.0,0.0,0.0,0.00022955739258979764,2,0,6845.0,6846.55,18.40734356124449,18.40734356124449,0.0026962002242452506,0.002692571996576246
BR--MY,BR,MY,16422.814195799372,10,16283.640000000003,16285.35,16273.2375,16279.54196111516,211.02929865042162,44533.36488888884,16040.5,16610.0,16078.875,16448.0,369.125,195.25,0.012959590033335395,0,0,16166.11225,16406.919250000003,139.17419579936904,-139.17419579936904,-0.00847444257361001,-0.008510554827626927
BR--NG,BR,NG,6701.782316617511,10,6245.429999999999,6184.9,6180.5375,6182.113894088567,270.3836905419983,73107.3401111111,6011.5,6998.5,6165.025,6192.0,26.975000000000364,14.050000000000182,0.04329304636221979,2,0,6133.498500000001,6426.141750000001,456.35231661751186,-456.35231661751186,-0.06809417182738929,-0.07052351213495706
BR--NL,BR,NL,9095.395184382438,10,9266.369999999999,9243.0,9265.6875,9265.452599999613,65.6369992204601,4308.21566666668,9185.5,9352.7,9218.875,9332.7,113.82500000000073,54.0,0.007083356181596472,0,0,9227.883,9305.383499999998,170.97481561756103,170.97481561756103,0.018797953486522415,0.018623455372150842
BR--NO,BR,NO,9890.673869295977,10,9592.380000000001,9648.0,9603.85,9639.42524285875,102.237901213026,10452.588444444464,9420.5,9672.5,9498.75,9666.5,167.75,23.5,0.01065824135543275,0,0,9526.2165,9649.6275,298.29386929597604,-298.29386929597604,-0.030159104752405384,-0.030623246456308657
BR--NZ,BR,NZ,12315.070951453863,10,11917.05,11906.6,11929.6875,11929.687499668877,176.01007073460306,30979.544999999973,11550.5,12182.5,11832.75,12047.474999999999,214.72499999999854,104.0,0.01476960075980239,0,0,11803.63725,12009.01425,398.02095145386374,-398.02095145386374,-0.03231982609136939,-0.032853645154007564
BR--PE,BR,PE,3172.9910685849954,10,3170.6,3171.0,3170.625,3170.6,0.5163977794943223,0.2666666666666667,3170.0,3171.0,3170.0,3171.0,1.0,0.0,0.00016287068046878266,0,0,3170.3,3170.9,2.391068584995537,-2.391068584995537,-0.000753569276846985,-0.0007538533528974581
BR--PH,BR,PH,18834.978421995093,10,18758.05,18495.0,18731.3125,18528.86899998969,433.1220286093362,187594.69166666665,18395.0,19335.0,18402.5,19240.125,837.625,97.5,0.023089928249969277,0,0,18509.9875,19018.0625,76.92842199509323,-76.92842199509323,-0.0040843382069000855,-0.004092701897389506
BR--PK,BR,PK,13831.892357763147,10,13839.84,13887.75,13858.4875,13858.48749999585,194.45662298369325,37813.37822222222,13460.0,14070.5,13697.5,13977.8,280.2999999999993,127.0,0.014050496464098809,0,0,13715.2255,13944.002749999998,7.947642236853426,7.947642236853426,0.000574588207548681,0.0005744231949511187
BR--PL,BR,PL,10013.245328845951,10,9875.070000000002,9909.75,9893.9625,9901.400966880574,174.83437273284935,30567.057888888896,9465.0,10134.0,9838.75,9951.7,112.95000000000073,53.55000000000018,0.01770462110474653,2,0,9771.3615,9968.7155,138.17532884594948,-138.17532884594948,-0.013799255317144467,-0.013895350089115563
BR--PT,BR,PT,7260.226545104273,10,7289.8,7290.0,7290.125,7290.125,1.813529401164726,3.28888888888889,7285.0,7292.0,7290.0,7290.0,0.0,0.0,0.00024877629031862686,3,0,7288.7,7290.6,29.57345489572708,29.57345489572708,0.004073351528633648,0.0040650778923052786
BR--RU,BR,RU,11166.929191609152,10,11179.710000000001,11180.0,11179.825,11179.857142857143,0.9643074659509794,0.9298888888887993,11178.0,11180.5,11178.95,11180.5,1.5499999999992724,0.5,8.625514131860122e-05,0,0,11179.11975,11180.25,12.780808390849415,12.780808390849415,0.0011445230977602092,0.0011438686305205819
BR--SA,BR,SA,11195.014360359984,10,10576.31,10502.85,10570.275000000001,10562.040616650049,177.4598136042196,31491.98544444436,10325.5,10875.4,10467.400000000001,10725.625,258.22499999999854,112.25,0.016778991312113543,0,0,10473.438499999998,10677.834499999999,618.704360359985,-618.704360359985,-0.055266062234875964,-0.056851938468780165
BR--SE,BR,SE,10211.465310360685,10,9768.25,9783.55,9763.225,9768.250000004644,143.80703313043435,20680.46277777784,9605.5,9971.2,9625.5,9896.5,271.0,144.85000000000036,0.014721882950419405,0,0,9688.68,9852.8315,443.2153103606852,-443.2153103606852,-0.043403693484714005,-0.04437380879787274
BR--SG,BR,SG,16541.57994188363,10,16064.585000000001,16008.925,16050.356249999999,16016.301755000102,121.93597147228087,14868.381138888893,15962.5,16280.5,15982.75,16098.925,116.17499999999927,32.024999999999636,0.0075903592574772935,2,0,15998.107,16146.306500000002,476.9949418836277,-476.9949418836277,-0.02883611744219586,-0.029260047838547274
BR--SN,BR,SN,4752.903773023973,10,5060.08,5026.0,5051.9125,5023.497354284657,133.21922450524096,17747.361777777794,4885.0,5300.5,4994.049999999999,5041.875,47.82500000000073,29.800000000000182,0.02632749373631266,3,0,4989.219999999999,5147.544,307.17622697602656,307.17622697602656,0.0646291702178918,0.06262654154823959
BR--TH,BR,TH,16631.97836274269,10,16757.05,16750.0,16760.0625,16749.942,55.785526796831455,3112.0250000000005,16640.0,16850.0,16740.0,16791.25,51.25,10.0,0.003329078017719793,1,0,16724.0,16786.75625,125.07163725730788,125.07163725730788,0.0075199494930489426,0.007491815628320548
BR--TR,BR,TR,10359.803932064284,10,10087.73,10130.1,10101.537499999999,10113.856694289709,151.86630121407595,23063.373444444445,9798.5,10266.5,10022.8,10180.475,157.6750000000011,88.89999999999964,0.015054556497257158,0,0,9995.11175,10168.59725,272.07393206428424,-272.07393206428424,-0.026262459584027193,-0.026613477344024673
BR--TZ,BR,TZ,9156.612898830454,10,8168.786999999999,8152.95,8167.98375,8167.983749547644,173.07341191593292,29954.40591222219,7905.5,8438.5,8033.1,8296.0,262.89999999999964,144.4649999999997,0.021187161804553472,0,0,8068.764775000001,8274.899324999998,987.8258988304542,-987.8258988304542,-0.10788114663628799,-0.11415591159698706
BR--UA,BR,UA,10549.919782043095,10,10167.23,10163.5,10161.4125,10162.034755555958,39.59147074251666,1567.4845555555528,10125.5,10255.5,10134.5,10185.45,50.95000000000073,28.0,0.003894027256442184,0,0,10145.528250000001,10191.814750000001,382.68978204309497,-382.68978204309497,-0.036274188804209406,-0.03694845304910354
BR--US,BR,US,6769.014727737269,10,6755.3,6746.0,6748.75,6746.166666666436,33.44996263077135,1118.8999999999999,6722.0,6841.0,6740.0,6752.75,12.75,6.5,0.004951662047691642,2,0,6739.3975,6776.1050000000005,13.714727737268731,-13.714727737268731,-0.0020261039883796,-0.002028159313736592
BR--VN,BR,VN,17204.186662884276,10,17528.239999999998,17475.4,17524.612500000003,17502.83396285379,239.1927219256937,57213.15822222223,17120.5,17965.0,17442.625,17585.4,142.77500000000146,109.89999999999782,0.013646134576300513,3,0,17388.27675,17675.82475,324.05333711572166,324.05333711572166,0.018835725481566836,0.018660529744682665
BR--ZA,BR,ZA,7905.896338955261,10,7430.692,7438.65,7434.4275,7436.892871428737,29.61149506526141,876.8406400000007,7364.0,7467.5,7425.25,7448.125,22.875,11.5,0.003985025225814959,1,0,7410.6403,7445.9942,475.20433895526094,-475.20433895526094,-0.06010758534914685,-0.06198986276736693
CA--CD,CA,CD,10429.733240251062,10,10270.17,10362.0,10306.362500000001,10316.423257498585,284.5750518072712,80982.9601111111,9685.5,10565.3,10111.599999999999,10474.55,362.9500000000007,173.44999999999982,0.02770889399175196,0,0,10097.502,10413.87675,159.56324025106187,-159.56324025106187,-0.015298880285381192,-0.015417115616588034
CA--CL,CA,CL,8748.678780930806,10,8587.6,8593.0,8589.5,8591.717400000041,17.037214169771612,290.2666666666666,8550.0,8610.0,8582.5,8595.0,12.5,5.0,0.001983931968160093,1,0,8576.7,8597.0,161.0787809308058,-161.0787809308058,-0.018411783649195542,-0.01858339019008559
CA--CN,CA,CN,10474.241950070254,10,10493.9,10488.0,10493.25,10490.941999999997,25.705382056422867,660.7666666666667,10450.0,10543.0,10480.0,10511.25,31.25,10.0,0.002449554699055915,0,0,10479.895,10509.3,19.658049929745175,19.658049929745175,0.0018767992971189024,0.0018750403098183107
CA--CO,CA,CO,4525.731196671247,10,4530.0,4535.0,4531.625,4534.333333333351,7.659416862050705,58.666666666666664,4512.0,4535.0,4525.75,4535.0,9.25,0.0,0.0016908204993489415,0,0,4525.1,4534.0,4.268803328753165,4.268803328753165,0.0009432295342447522,0.0009427849727947553
CA--DE,CA,DE,6146.549872089064,10,6137.706999999999,6136.955,6137.411249999999,6137.2778175,5.0924389485239265,25.932934444443475,6132.5,6145.28,6132.975,6140.675,7.699999999999818,3.949999999999818,0.0008296973036549198,0,0,6134.820675000001,6140.73325,8.842872089064258,-8.842872089064258,-0.0014386724704242545,-0.0014397083533128647
CA--DZ,CA,DZ,6419.275105731327,10,6163.844999999999,6168.0,6166.33375,6171.170000002398,81.36560906727678,6620.362338888913,6037.28,6270.5,6130.5,6224.765,94.26500000000033,52.01000000000022,0.01320046319582611,0,0,6116.7527,6214.879325000001,255.43010573132779,-255.43010573132779,-0.03979111371987655,-0.04060442831437001
CA--EG,CA,EG,8876.40462189037,10,8609.1,8582.5,8608.875,8584.838757145102,156.03592891097585,24347.21111111111,8345.0,8875.0,8534.25,8632.25,98.0,50.5,0.018124534377690564,3,0,8521.769999999999,8701.3025,267.30462189036916,-267.30462189036916,-0.030114064565191313,-0.03057680673447801
CA--ES,CA,ES,5707.581780771725,10,5672.58,5674.0,5673.225,5673.261035714239,13.133401015054012,172.48622222222176,5648.0,5692.0,5663.725,5680.0,16.274999999999636,8.75,0.0023152429785131302,0,0,5664.597500000001,5679.70375,35.00178077172495,-35.00178077172495,-0.00613250621999714,-0.0061513872679402415
CA--ET,CA,ET,11136.890454729448,10,11458.439999999999,11486.75,11466.7375,11474.439882724842,104.82038817795785,10987.313777777767,11285.0,11565.5,11401.625,11541.5,139.875,70.94999999999982,0.009147875991667092,0,0,11392.52025,11514.91775,321.5495452705509,321.5495452705509,0.028872470873052364,0.028463514159723455
CA--FI,CA,FI,6289.502387773958,10,6044.8099999999995,6047.65,6041.2625,6042.318057018579,54.81237593423184,3004.3965555555574,5970.0,6148.0,6002.125,6070.375,68.25,36.000000000000455,0.009067675565358025,0,0,6011.9155,6076.2922499999995,244.69238777395822,-244.69238777395822,-0.038904888286490046,-0.03968190330306108
CA--FJ,CA,FJ,12653.111746459324,10,12125.7,12157.85,12147.1125,12156.900000000012,245.83299209015868,60433.86000000002,11634.5,12445.6,12033.8,12277.875,244.07500000000073,125.25,0.020273715504272632,1,0,11973.538499999999,12265.740749999999,527.4117464593237,-527.4117464593237,-0.04168237482032097,-0.04257600566998845
CA--FR,CA,FR,5663.62568366498,10,5650.1,5650.0,5650.375,5650.374999999998,3.4785054261852175,12.100000000000001,5643.0,5655.0,5648.5,5652.75,4.25,2.5,0.0006156537806738319,0,0,5647.8,5651.9,13.525683664979624,-13.525683664979624,-0.00238816694824843,-0.00239102316725946
CA--GB,CA,GB,5378.074759985251,10,5362.469999999999,5370.0,5361.8375,5362.469999999982,20.502793847560298,420.3645555555564,5340.0,5390.0,5340.05,5373.5,33.44999999999982,19.25,0.0038233862096310658,0,0,5351.289499999999,5373.6720000000005,15.604759985251803,-15.604759985251803,-0.0029015513323386003,-0.002905768992887176
CA--GH,CA,GH,8439.561227154014,10,8396.77,8434.25,8399.0,8398.99999961255,100.58642552551501,10117.628999999977,8250.7,8525.0,8301.75,8465.125,163.375,83.75,0.011979180747539233,0,0,8334.839750000001,8454.625,42.79122715401354,-42.79122715401354,-0.005070314202631075,-0.005083211860945259
CA--GR,CA,GR,7764.7115554242955,10,7622.35,7625.0,7624.625,7625.45925,11.804071802183817,139.3361111111111,7594.0,7632.5,7621.25,7630.0,8.75,5.0,0.0015486131970040495,1,0,7614.4,7628.25125,142.36155542429515,-142.36155542429515,-0.018334429348485427,-0.0185045880492088
CA--IN,CA,IN,11362.94782650969,10,11153.259999999998,11150.5,11153.2375,11152.464965714287,5.798122301419782,33.618222222221426,11144.2,11162.5,11150.5,11155.575,5.075000000000728,2.600000000000364,0.0005198589740954468,0,0,11149.75,11156.800249999998,209.68782650969115,-209.68782650969115,-0.01845364686269972,-0.01862603954704888
CA--IT,CA,IT,6746.931142314486,10,6675.42,6693.7,6679.9,6683.390505102649,52.64971879211594,2771.9928888888862,6585.0,6730.0,6645.0,6717.375,72.375,32.30000000000018,0.007887102053820724,0,0,6644.507500000001,6704.740500000001,71.51114231448628,-71.51114231448628,-0.010599062122628228,-0.010655632263597255
CA--JP,CA,JP,10343.49118277986,10,10310.1,10313.5,10310.125,10313.005799999994,7.279346735036661,52.9888888888889,10300.0,10320.0,10303.0,10314.0,11.0,1.0,0.0007060403618817142,0,0,10305.6,10314.2,33.39118277986017,-33.39118277986017,-0.0032282313766023958,-0.0032334533570488903
CA--KE,CA,KE,11852.842570511928,10,11751.43,11786.5,11765.4375,11768.535130000882,131.24402250938678,17224.993444444422,11485.0,11905.8,11675.125,11815.0,139.875,74.75,0.011168344832023573,0,0,11674.417000000001,11822.091,101.4125705119277,-101.4125705119277,-0.00855597042723125,-0.008592782870055523
CA--KR,CA,KR,10536.510102087088,10,10457.34,10465.35,10464.175,10465.088049999982,26.1347448598392,683.0248888888914,10385.5,10474.5,10461.25,10469.3,8.049999999999272,5.25,0.0024991771195963025,1,0,10440.51125,10468.49,79.1701020870878,-79.1701020870878,-0.007513882805598569,-0.007542254232070036
CA--MA,CA,MA,5854.797692873017,10,5712.945000000001,5713.5,5712.8375,5712.945000000144,26.64009561627826,709.6946944444481,5681.45,5745.3,5687.025,5738.5,51.475000000000364,27.0,0.0046631108152237165,0,0,5697.334375000001,5727.784375,141.85269287301617,-141.85269287301617,-0.024228453366662343,-0.024526791040353595
CA--MX,CA,MX,3598.308798337808,10,3616.6,3618.5,3617.5,3617.4828555555855,7.366591251499344,54.266666666666666,3600.5,3625.5,3612.5,3620.0,7.5,5.5,0.0020368830535584096,1,0,3612.09875,3620.5,18.291201662191725,18.291201662191725,0.00508327736369961,0.005070401126543542
CA--MY,CA,MY,14615.980355359012,10,14795.320000000002,14795.5,14796.55,14797.392162499877,25.332842100500383,641.7528888888846,14755.0,14825.8,14781.35,14815.375,34.024999999999636,19.75,0.001712219952018637,0,0,14780.78775,14809.99125,179.33964464098972,179.33964464098972,0.012270107121157567,0.012195439522584263
CA--NG,CA,NG,8769.14706891505,10,8716.55,8730.05,8711.9,8717.246710005693,145.1325390423831,21063.45388888885,8495.0,8975.3,8605.0,8805.025,200.02499999999964,89.95000000000073,0.016650227331040733,0,0,8631.485,8802.080500000002,52.59706891505084,-52.59706891505084,-0.005997968616753777,-0.006016028682534278
CA--NL,CA,NL,5650.389098226851,10,5650.5199999999995,5650.25,5651.0875,5651.31569285714,10.058363021221027,101.17066666666658,5633.0,5663.5,5646.25,5659.05,12.800000000000182,7.75,0.0017800774125604419,0,0,5644.4394999999995,5656.190750000001,0.1309017731482527,0.1309017731482527,2.3166859993647335e-05,2.3166591646149788e-05
CA--NO,CA,NO,5615.364370869781,10,5530.289999999999,5526.0,5530.575,5528.67021714417,101.20002689942547,10241.445444444438,5381.0,5677.3,5451.25,5594.65,143.39999999999964,75.19999999999982,0.018299226062182178,0,0,5467.9087500000005,5585.700750000001,85.07437086978189,-85.07437086978189,-0.015150285048484655,-0.015266223103876013
CA--NZ,CA,NZ,14472.518850835871,10,14320.39,14321.5,14320.9875,14320.879223333704,72.88035019430434,5311.545444444437,14210.5,14425.5,14258.650000000001,14385.3,126.64999999999782,71.14999999999964,0.005089271325313371,0,0,14274.98725,14362.590250000001,152.12885083587207,-152.12885083587207,-0.010511566950012005,-0.010567203699617243
CA--PE,CA,PE,6365.101501579229,10,6200.0,6205.0,6201.875,6202.499999999352,32.4037034920393,1049.9999999999998,6135.0,6250.0,6186.25,6217.5,31.25,17.5,0.005226403789038597,1,0,6180.5,6217.5,165.10150157922908,-165.10150157922908,-0.025938549689783607,-0.026280886662161104
CA--PH,CA,PH,13148.893379643874,10,12734.279,12669.5,12714.975,12712.847424752628,341.91173514844775,116903.63463222228,12371.49,13251.5,12445.474999999999,13026.375,580.9000000000015,274.10000000000036,0.02684971290078125,0,0,12557.035750000001,12937.37125,414.6143796438737,-414.6143796438737,-0.03153226417409,-0.03204011024093996
CA--PK,CA,PK,10699.32409267107,10,10734.249,10672.6,10729.0375,10715.686950636273,189.8711101101073,36051.0384544445,10465.0,11045.19,10625.5,10826.375,200.875,130.25,0.017688345976519394,0,0,10634.016,10851.389725,34.9249073289302,34.9249073289302,0.0032642162277197882,0.0032589002391453428
CA--PL,CA,PL,6594.700288950723,10,6548.6,6537.5,6544.0625,6542.678224947667,30.303831807582064,918.3222222222224,6520.0,6613.5,6525.5,6562.875,37.375,16.5,0.004627528297282177,0,0,6532.95,6566.10375,46.10028895072264,-46.10028895072264,-0.006990505547001533,-0.007015053599996983
CA--PT,CA,PT,5399.63090845621,10,5304.45,5304.7,5306.125,5305.941600058518,17.654036365658715,311.66500000000036,5270.0,5325.5,5295.0,5319.5,24.5,12.0,0.0033281558626546987,0,0,5294.2387499999995,5315.08575,95.18090845621009,-95.18090845621009,-0.017627298989482773,-0.01778451003468125
CA--RU,CA,RU,7180.055639081386,10,7156.736999999999,7138.385,7155.546249999999,7139.7319836666675,45.35924652764372,2057.461245555559,7095.0,7228.0,7131.625,7193.0,61.375,8.135000000000218,0.006337978680457829,0,0,7131.933,7185.401075,23.31863908138712,-23.31863908138712,-0.003247696153559403,-0.003252981364988534
CA--SA,CA,SA,10317.222965793204,10,10022.672999999999,10003.0,10020.24125,10021.888803221173,187.55905428839094,35178.39884555558,9781.3,10283.5,9854.4,10161.7475,307.34749999999985,171.16499999999996,0.018713476363879274,0,0,9920.774075,10130.2535,294.54996579320505,-294.54996579320505,-0.02854934576579247,-0.028964804831707606
CA--SE,CA,SE,6012.504954934798,10,5843.1900000000005,5855.05,5844.5125,5847.599999999479,82.45631099086484,6799.043222222217,5705.8,5970.0,5796.625,5881.25,84.625,51.0,0.014111523156163812,0,0,5791.69675,5890.982499999999,169.31495493479724,-169.31495493479724,-0.028160468258047924,-0.02856457895114508
CA--SG,CA,SG,14829.085234720038,10,14879.73,14882.8,14883.25,14884.233922500234,37.25113122816214,1387.6467777777564,14815.7,14915.6,14867.6,14912.575,44.975000000000364,29.350000000000364,0.0025034816645303467,0,0,14859.822500000002,14899.56875,50.644765279961575,50.644765279961575,0.0034152319228285635,0.00340941326257124
CA--SN,CA,SN,6388.706012444591,10,6218.4,6243.0,6212.6875,6212.416666665835,133.94584311910873,17941.48888888889,6027.0,6455.5,6110.0,6262.125,152.125,89.25,0.021540242364452067,0,0,6135.04625,6295.4349999999995,170.30601244459103,-170.30601244459103,-0.026657356296071716,-0.027019106984426514
CA--TH,CA,TH,13440.553542475436,10,13662.0,13642.5,13654.375,13650.47275016275,60.9280085200741,3712.222222222222,13600.0,13785.0,13620.0,13691.25,71.25,35.0,0.004459669778954334,0,0,13628.5,13700.5,221.4464575245638,221.4464575245638,0.016475992363315903,0.016341735866693245
CA--TR,CA,TR,8182.193922543159,10,7741.75,7735.25,7741.8125,7737.083333335795,81.34468841499937,6616.958333333332,7610.0,7873.0,7716.75,7763.75,47.0,27.5,0.010507273990376771,3,0,7694.23625,7791.1075,440.4439225431588,-440.4439225431588,-0.05382956291584222,-0.05533256010730581
CA--TZ,CA,TZ,12166.73278626256,10,12238.58,12185.4,12225.35,12199.288113335171,149.42265780887007,22327.13066666668,12048.5,12534.5,12150.5,12296.5,146.0,50.899999999999636,0.01220914990210221,1,0,12160.3575,12324.9395,71.84721373743923,71.84721373743923,0.005905218352338749,0.005887850889344491
CA--UA,CA,UA,7237.438903984254,10,7214.92,7225.25,7213.6875,7214.919999999992,65.77170617623763,4325.917333333335,7134.5,7305.2,7154.05,7269.225,115.17500000000018,63.15000000000009,0.00911606867106463,0,0,7176.178750000001,7253.611250000001,22.518903984253484,-22.518903984253484,-0.003111446505179711,-0.0031162971190873048
CA--US,CA,US,731.9154882007512,10,732.3,732.0,732.0,732.1111111111111,0.9486832980505138,0.8999999999999999,732.0,735.0,732.0,732.0,0.0,0.0,0.001295484498225473,1,0,732.0,732.9,0.3845117992487985,0.3845117992487985,0.0005253499966150927,0.0005252120486175325
CA--VN,CA,VN,12643.813172484095,10,12452.2,12410.0,12437.75,12422.27703532557,207.78437006773257,43174.34444444444,12170.0,12850.0,12321.625,12540.125,218.5,111.25,0.01668655900706161,0,0,12337.9475,12570.205,191.61317248409432,-191.61317248409432,-0.015154698180853349,-0.015270704135031683
CA--ZA,CA,ZA,13053.851270111287,10,12947.751999999999,12985.25,12950.837500000001,12950.663027777555,119.63789225083441,14313.225262222264,12760.32,13110.5,12846.75,13032.675000000001,185.9250000000011,108.75,0.009240051265334278,0,0,12881.72545,13017.87575,106.0992701112882,-106.0992701112882,-0.008127813617289948,-0.008161024370681563
CD--CL,CD,CL,9377.485624065612,10,9362.789999999999,9585.5,9435.2375,9584.833333333352,386.1481536347876,149110.39655555552,8560.5,9585.5,9282.975,9585.5,302.52499999999964,0.0,0.04124285107695331,2,0,9118.8,9583.48,14.69562406561272,-14.69562406561272,-0.0015671177386717685,-0.0015683469520578115
CD--CN,CD,CN,11264.131510520167,10,11350.403000000002,11343.85,11357.04125,11353.466867000026,97.05730655992173,9420.120756666625,11153.2,11494.5,11299.4475,11425.75,126.30249999999978,48.38500000000022,0.008551000925687106,0,0,11294.421075,11405.316499999999,86.27148947983551,86.27148947983551,0.007658956165352119,0.00762977526270678
CD--CO,CD,CO,9990.17825849726,10,9919.042000000001,9908.0,9912.465,9906.86691427309,186.82388461388484,34903.16386222216,9655.2,10235.5,9770.5,10015.975,245.47500000000036,134.0,0.01883487181664165,0,0,9812.52155,10031.294600000001,71.1362584972594,-71.1362584972594,-0.007120619538170267,-0.007146092141980308
CD--DE,CD,DE,6302.7657179686175,10,5983.629999999999,6034.5,5988.125,5994.677074584756,129.23801513314717,16702.464555555576,5785.5,6145.8,5860.4,6050.55,190.15000000000055,92.55000000000018,0.02159859736199384,0,0,5905.42975,6054.51575,319.13571796861834,-319.13571796861834,-0.0506342345962172,-0.05196113270636446
CD--DZ,CD,DZ,4724.24554729379,10,4803.630999999999,4808.75,4804.8375,4805.821549897179,31.52381901920451,993.75116555556,4742.61,4855.0,4785.175,4818.75,33.57499999999982,16.25,0.006562498039338266,0,0,4784.893,4820.6245,79.38545270620943,79.38545270620943,0.0168038371230903,0.016664214610505157
CD--EG,CD,EG,4166.513540836489,10,4188.79,4189.0,4187.425,4187.762461428529,11.386000175654289,129.64099999999948,4175.0,4213.5,4181.125,4194.174999999999,13.049999999999272,6.449999999999818,0.0027182074478917036,0,0,4182.89,4195.530250000001,22.27645916351139,22.27645916351139,0.005346546685898701,0.005332304646432327
CD--ES,CD,ES,5319.383374111961,10,5684.51,5737.0,5696.5625,5734.766800001223,132.76403838724127,17626.289888888874,5465.1,5807.5,5590.625,5779.0,188.375,46.0,0.023355405899055725,0,0,5600.06725,5758.30125,365.1266258880396,365.1266258880396,0.06864078037033669,0.0663875422411572
CD--ET,CD,ET,2986.3101212320603,10,3052.75,3009.8,3014.9125,3013.5201133326796,138.41807243917893,19159.562777777785,2965.7,3442.5,3002.25,3028.5,26.25,10.900000000000091,0.045342092355803436,1,0,2998.5827499999996,3147.824,66.43987876793972,66.43987876793972,0.02224815108637433,0.022004271590276465
CD--FI,CD,FI,7201.843348896968,10,6998.920000000001,6919.0,6979.875,6932.560733333238,192.38114252701578,37010.50399999996,6774.8,7375.4,6885.5,7079.25,193.75,47.0,0.027487261252738388,1,0,6893.520750000001,7119.3735,202.92334889696667,-202.92334889696667,-0.028176584669541076,-0.028581162496679836
CD--FJ,CD,FJ,16916.81804347587,10,16310.11,16251.75,16311.275,16282.625126666882,344.4464172165726,118643.33433333322,15822.4,16788.5,16079.275000000001,16622.85,543.5749999999971,231.29999999999927,0.021118583333685218,0,0,16106.719000000001,16514.5895,606.7080434758682,-606.7080434758682,-0.03586419395873628,-0.036523116657748086
CD--FR,CD,FR,6026.854910819904,10,6008.07,6009.25,6006.875,6007.749999999989,20.641223585609204,426.0601111111097,5980.5,6045.2,5994.25,6017.75,23.5,13.5,0.0034355830717034265,0,0,5995.54875,6021.0625,18.784910819904326,-18.784910819904326,-0.0031168679349124723,-0.003121735484745809
CD--GB,CD,GB,6358.423890884738,10,6276.412,6376.5,6376.202499999999,6376.2025,317.0783844484585,100538.70188444445,5374.0,6380.5,6375.655,6376.5,0.8450000000002547,0.19000000000005457,0.05051905203935919,2,0,6075.512,6377.362949999999,82.01189088473802,-82.01189088473802,-0.0128981477630499,-0.012982051116989605
CD--GH,CD,GH,2043.3208669383591,10,1908.5,1924.0,1912.275,1913.2301199965138,64.02678259048231,4099.428888888889,1801.4,1985.4,1854.75,1960.4,105.65000000000009,46.60000000000002,0.03354822247339917,0,0,1872.287,1945.4302500000001,134.82086693835913,-134.82086693835913,-0.06598125097228123,-0.06825876704929211
CD--GR,CD,GR,4764.590999785643,10,4881.79,4891.15,4889.05,4889.050000001268,45.34890541371672,2056.5232222222257,4775.5,4930.0,4864.5,4913.25,48.75,23.400000000000546,0.009289401103635495,1,0,4852.254,4904.483,117.1990002143566,117.1990002143566,0.024597914116789736,0.02430025671842316
CD--IN,CD,IN,7547.89499645099,10,8228.869999999999,8201.5,8223.4875,8221.84061462513,153.24148734740365,23482.953444444473,8055.2,8445.6,8100.1,8364.25,264.14999999999964,117.09999999999991,0.018622421711292518,0,0,8137.332,8316.072250000003,680.9750035490088,680.9750035490088,0.09022051894855483,0.08637998674092627
CD--IT,CD,IT,5126.896411493344,10,5417.0779999999995,5415.8,5416.25,5415.883333333333,3.654640277175776,13.356395555555434,5414.28,5426.5,5415.6,5416.475,0.875,0.5499999999997272,0.0006746515883979844,3,0,5415.388000000001,5419.6117,290.1815885066553,290.1815885066553,0.0565998540278937,0.055056067595403525
CD--JP,CD,JP,13367.324967431796,10,12978.68,13027.15,12989.1,13027.021942860016,361.0298873439089,130342.57955555555,12330.5,13543.5,12884.625,13198.0,313.375,164.0,0.027817149921556653,1,0,12755.64875,13177.8655,388.6449674317955,-388.6449674317955,-0.029074251458589634,-0.029505282676089248
CD--KE,CD,KE,2414.0111493842605,10,2411.79,2412.95,2412.175,2412.6651675,3.7972065755997275,14.418777777777809,2405.0,2415.5,2410.625,2414.625,4.0,2.050000000000182,0.0015744349945889682,0,0,2409.25,2413.7402500000003,2.2211493842605705,-2.2211493842605705,-0.000920107342846,-0.0009205309014400029
CD--KR,CD,KR,12211.448901968513,10,12085.042,12190.6,12118.45,12115.251070446307,290.9722886309126,84664.8727511111,11497.5,12405.32,11882.150000000001,12262.0,379.84999999999854,212.90999999999985,0.02407706060358852,0,0,11904.357999999998,12245.54115,126.40690196851392,-126.40690196851392,-0.01035150726038225,-0.010405456740230053
CD--MA,CD,MA,4841.287191069289,10,4815.96,4827.25,4817.325,4822.347866666246,32.10857275626629,1030.9604444444458,4760.0,4861.0,4796.75,4834.825000000001,38.07500000000073,14.0,0.006667117824123599,0,0,4796.8099999999995,4834.273749999999,25.327191069289256,-25.327191069289256,-0.0052314994070193285,-0.005245231614336352
CD--MX,CD,MX,12740.378395838092,10,12392.17,12330.35,12376.4,12359.561430015588,219.7662852011453,48297.22011111114,12130.5,12780.0,12237.25,12573.075,335.8250000000007,131.64999999999964,0.017734285859631146,0,0,12262.671750000001,12537.961000000001,348.20839583809175,-348.20839583809175,-0.027331087430797284,-0.027711529554551605
CD--MY,CD,MY,9644.319780377728,10,9779.829999999998,9692.8,9743.075,9692.433333333558,240.51236073571508,57846.19566666674,9553.5,10300.2,9679.0,9708.25,29.25,16.5,0.02459269340425295,3,0,9661.185500000001,9933.85575,135.5102196222706,135.5102196222706,0.0140507804291163,0.013952983233719372
CD--NG,CD,NG,1716.2920067157297,10,1665.03,1664.85,1661.0375,1661.812607144396,38.428116153554946,1476.7201111111106,1618.5,1743.5,1635.5,1683.9,48.40000000000009,23.750000000000114,0.02307953379431899,0,0,1645.1017499999998,1687.409,51.26200671572974,-51.26200671572974,-0.02986788175621929,-0.030323012384650537
CD--NL,CD,NL,6357.542309053761,10,6393.991,6392.965,6393.73875,6393.738750000062,12.355320446404148,152.6539433333324,6375.5,6414.5,6385.8724999999995,6403.987499999999,18.11499999999978,9.859999999999673,0.0019323330993747329,0,0,6386.4246,6401.3567,36.44869094623937,36.44869094623937,0.005733141703883413,0.005716769792173431
CD--NO,CD,NO,7134.842377574261,10,6926.2570000000005,6933.9349999999995,6925.82125,6926.875438714287,91.50092677733437,8372.419601111105,6780.5,7075.5,6853.875,6991.5,137.625,60.66500000000042,0.013210732258034081,0,0,6874.4,6980.365749999999,208.58537757426075,-208.58537757426075,-0.02923475621968493,-0.02967060739778347
CD--NZ,CD,NZ,14541.358911281312,10,13889.789999999999,13873.1,13891.487500000001,13889.789999978837,322.3202425814702,103890.3387777778,13460.5,14305.5,13608.349999999999,14174.25,565.9000000000015,335.10000000000036,0.023205551889659257,0,0,13697.23575,14075.648749999998,651.5689112813125,-651.5689112813125,-0.04480797945065641,-0.04584289007494005
CD--PE,CD,PE,10175.188038895794,10,10240.35,10277.5,10251.5625,10257.282714286577,161.93037770048653,26221.447222222225,9912.5,10478.5,10163.0,10343.875,180.875,85.0,0.015812972964838752,0,0,10142.448750000001,10330.401249999999,65.16196110420606,65.16196110420606,0.00640400559234062,0.0063835870756937555
CD--PH,CD,PH,11824.345636785823,10,11753.75,11729.5,11752.0625,11752.062500001597,224.04995598700262,50198.38277777781,11442.5,12078.5,11584.625,11931.25,346.625,189.05000000000018,0.019061997744294595,0,0,11631.152250000001,11887.50175,70.59563678582344,-70.59563678582344,-0.005970363092753203,-0.005988256967986081
CD--PK,CD,PK,7384.78330799907,10,7174.973,7179.315,7174.8412499999995,7180.07452214527,242.24676367749936,58683.49451222222,6835.4,7515.6,7042.7,7387.237499999999,344.53749999999945,202.82499999999982,0.03376274219812386,0,0,7027.091125000001,7312.825,209.81030799906966,-209.81030799906966,-0.028411166482272644,-0.028822574800229758
CD--PL,CD,PL,6292.977025299909,10,6063.2,6079.5,6077.0,6079.999999997927,92.69098002382856,8591.617777777785,5843.5,6172.5,6056.675,6103.825,47.149999999999636,29.75,0.01528746866734209,2,0,6003.8,6111.50575,229.77702529990893,-229.77702529990893,-0.03651324712868442,-0.03719654018817515
CD--PT,CD,PT,5390.912322607045,10,5743.201999999999,5782.5,5768.8775,5780.133870000289,98.52460288340842,9707.09737333333,5480.5,5800.5,5763.8,5789.075,25.274999999999636,10.150000000000091,0.017154995224512117,2,0,5682.1961,5786.69025,352.2896773929542,352.2896773929542,0.06534880486102711,0.06330226184106617
CD--RU,CD,RU,6966.165532290185,10,6973.632,6977.35,6972.915,6973.816666666993,41.51206539469375,1723.2515733333303,6912.5,7040.5,6952.924999999999,6990.325,37.400000000000546,21.900000000000546,0.005952718095060616,0,0,6950.89285,6997.885950000001,7.466467709814424,7.466467709814424,0.0010718188758514558,0.0010712448881040671
CD--SA,CD,SA,4676.260309873395,10,4749.971,4838.5,4768.2625,4803.974059994291,180.13231855438312,32447.652187777756,4438.41,4915.2,4651.0,4897.75,246.75,75.34999999999991,0.03792282490869589,0,0,4641.70055,4851.54075,73.71069012660428,73.71069012660428,0.015762743141345764,0.015639801355954223
CD--SE,CD,SE,7064.796550280582,10,6919.147,6918.525,6919.53125,6919.531250001225,42.36664674796273,1794.9327566666611,6854.72,6980.5,6886.75,6954.55,67.80000000000018,36.0,0.006123102565672146,0,0,6896.07755,6943.137125,145.64955028058193,-145.64955028058193,-0.020616241280833118,-0.02083172273975049
CD--SG,CD,SG,9867.490584125751,10,9769.842999999999,9713.400000000001,9758.3475,9742.604110497206,106.28596280788919,11296.705890000005,9660.15,9971.5,9700.25,9854.54,154.29000000000087,47.085000000001855,0.01087898370607278,0,0,9712.369674999998,9838.793925,97.64758412575247,-97.64758412575247,-0.009895888249728079,-0.009945177998669431
CD--SN,CD,SN,4185.9629702863585,10,4283.991,4202.389999999999,4202.98875,4202.89014849946,256.963987336315,66030.49078777785,4200.7,5015.3,4201.225,4204.9375,3.712499999999636,1.6899999999995998,0.05998238262786149,1,0,4201.783350000001,4447.076799999999,98.02802971364144,98.02802971364144,0.02341827445906322,0.023148273843715778
CD--TH,CD,TH,9613.840894279354,10,9716.363000000001,9739.515,9711.32875,9721.146580535593,172.58184313214667,29784.492578888883,9435.5,10037.5,9598.7,9781.75,183.04999999999927,83.5,0.0177619797790744,0,0,9612.710925000001,9815.978,102.52210572064723,102.52210572064723,0.010664011069878665,0.01060755153918211
CD--TR,CD,TR,5219.37025970274,10,4943.05,4910.85,4925.4875,4909.7833333380995,120.30788512072773,14473.987222222222,4830.4,5196.2,4871.15,4946.6,75.45000000000073,42.80000000000018,0.024338795909555382,2,0,4876.88325,5016.5015,276.32025970274026,-276.32025970274026,-0.052941302485499,-0.05439420512503017
CD--TZ,CD,TZ,2274.6043678822007,10,2085.3849999999998,2077.325,2075.21875,2069.0933205225856,71.76360130471589,5150.01447222222,2010.5,2241.6,2035.25,2084.575,49.32499999999982,39.32499999999982,0.03441263905931802,2,0,2048.4369999999994,2134.0258750000003,189.2193678822009,-189.2193678822009,-0.08318781523240282,-0.08685264256940754
CD--UA,CD,UA,6240.732681787017,10,5942.960000000001,5916.2,5925.575,5920.50117999763,104.84172409451834,10991.787111111107,5845.0,6180.0,5868.875,5969.0,100.125,57.19999999999982,0.0176413309351768,1,0,5888.78875,6013.712750000001,297.77268178701615,-297.77268178701615,-0.04771437857866229,-0.04889026668711731
CD--US,CD,US,10513.299742462244,10,10336.59,10305.55,10332.8625,10332.862499997895,151.91745894838195,23078.914333333316,10115.5,10587.5,10239.0,10458.275,219.27499999999964,112.69999999999982,0.014697057632002618,0,0,10254.133,10430.535,176.70974246224432,-176.70974246224432,-0.016808209295938747,-0.016951070333862603
CD--VN,CD,VN,10243.1517893653,10,10337.96,10300.45,10324.2,10324.199999991277,222.04847919116926,49305.52711111113,10037.5,10748.5,10187.25,10488.5,301.25,184.04999999999927,0.02147894547775086,0,0,10213.193000000001,10473.98475,94.80821063469921,94.80821063469921,0.009255765469875346,0.009213193362661817
CD--ZA,CD,ZA,2738.097820784533,10,2777.7,2775.5,2777.375,2776.166666666649,3.0477678535099892,9.288888888888888,2775.5,2782.5,2775.5,2780.0,4.5,0.0,0.0010972271496237857,0,0,2776.0,2779.6,39.602179215467004,39.602179215467004,0.014463390940547187,0.014359793817490286
CL--CN,CL,CN,19057.093797293513,10,19000.0,19000.0,19000.0,19000.0,0.0,0.0,19000.0,19000.0,19000.0,19000.0,0.0,0.0,0.0,0,0,19000.0,19000.0,57.09379729351349,-57.09379729351349,-0.0029959341073097904,-0.003000430901542851
CL--CO,CL,CO,4226.284712338569,10,4250.35,4250.0,4250.1875,4250.249999997861,0.7472170590486631,0.5583333333333332,4250.0,4252.0,4250.0,4250.0,0.0,0.0,0.00017580130084549815,2,0,4250.0,4250.85,24.065287661431285,24.065287661431285,0.005694194617597122,0.005678043972365709
CL--DE,CL,DE,12506.572379251478,10,12499.475,12500.0,12499.53125,12500.035714285714,2.5831989212344193,6.6729166666666675,12495.0,12503.5,12500.0,12500.4375,0.4375,0.375,0.00020666459361168524,3,0,12497.924374999999,12500.800625,7.097379251477832,-7.097379251477832,-0.0005674919583284427,-0.0005676530428354337
CL--DZ,CL,DZ,10901.817648733382,10,10481.28,10540.5,10487.975,10502.800179997628,175.4517838166498,30783.328444444414,10168.5,10740.5,10395.5,10579.5,184.0,94.89999999999964,0.016739537901539675,0,0,10379.977,10575.380000000001,420.5376487333815,-420.5376487333815,-0.03857500302091746,-0.03933872325795393
CL--EG,CL,EG,12800.08972667518,10,13183.2,13144.0,13146.0625,13109.359805384911,645.7570148455394,417002.1222222222,12380.0,14283.5,12651.25,13391.625,740.375,480.25,0.04898332839109923,0,0,12827.35,13583.41,383.1102733248208,383.1102733248208,0.029930280295334587,0.029491110916882564
CL--ES,CL,ES,10681.935581817292,10,10712.2,10714.0,10713.5,10713.57142857143,4.366539438350085,19.066666666666674,10700.0,10714.0,10712.5,10714.0,1.5,0.0,0.0004076230315294789,1,0,10709.4,10713.8,30.26441818270905,30.26441818270905,0.002833233541889628,0.0028292275006546862
CL--ET,CL,ET,12358.215563097187,10,11783.34,11610.75,11735.3625,11662.495628547778,409.6848523221504,167841.67822222217,11430.5,12520.0,11481.5,11933.175,451.6749999999993,173.0,0.03476814318539144,0,0,11569.991250000001,12025.177749999999,574.8755630971864,-574.8755630971864,-0.046517683735329864,-0.047634400244038005
CL--FI,CL,FI,13464.23646254886,10,13533.820000000002,13287.25,13495.5625,13347.662921430727,472.32125555012294,223087.36844444455,13123.0,14250.7,13197.125,13969.125,772.0,157.75,0.03489933038492627,0,0,13297.6775,13821.345249999998,69.58353745114073,69.58353745114073,0.005168026990961517,0.005154718571958091
CL--FJ,CL,FJ,10733.957780178063,10,10667.59,10850.0,10721.925,10820.228499998973,465.73374952266937,216907.92544444453,9750.5,11150.0,10562.5,10935.0,372.5,137.5,0.043658759806354516,2,0,10377.679,10908.5375,66.36778017806319,-66.36778017806319,-0.006182973842194694,-0.00620216758212203
CL--FR,CL,FR,11627.359613785839,10,11642.0,11640.0,11641.25,11640.24999999786,4.216370213557839,17.77777777777778,11640.0,11650.0,11640.0,11640.0,0.0,0.0,0.0003621688896716921,2,0,11640.0,11645.0,14.640386214161481,14.640386214161481,0.0012591324858313734,0.001258340443310808
CL--GB,CL,GB,11650.639354956376,10,11642.4,11640.0,11641.875,11640.599999997605,3.627058802329452,13.15555555555556,11639.0,11650.0,11640.0,11645.0,5.0,0.5,0.0003115387550959813,0,0,11640.3975,11644.5,8.239354956376701,-8.239354956376701,-0.0007072019573648155,-0.0007074521426303887
CL--GH,CL,GH,8563.209240922586,10,8546.6,8510.0,8523.2125,8520.196421425606,341.2912213605526,116479.6977777777,8130.0,9150.3,8270.25,8747.55,477.2999999999993,255.75,0.039932981695709704,0,0,8355.2465,8746.011749999998,16.60924092258574,-16.60924092258574,-0.0019396047037145956,-0.0019414881727689238
CL--GR,CL,GR,12547.17636965568,10,12198.85,12170.25,12195.0,12196.039394445996,125.17011757337823,15667.55833333333,12053.5,12375.0,12087.125,12325.5,238.375,101.75,0.010260812910510272,0,0,12124.94625,12278.8075,348.32636965568054,-348.32636965568054,-0.02776133525133825,-0.028153964796798676
CL--IN,CL,IN,16925.380558989717,10,16474.170000000002,16342.5,16422.0625,16341.833333333618,289.49897351573935,83809.65566666676,16320.0,17045.2,16336.25,16345.5,9.25,5.25,0.01757290191346449,3,0,16334.6,16674.751249999998,451.2105589897146,-451.2105589897146,-0.026658813219420312,-0.027020603810285766
CL--IT,CL,IT,11893.206088021416,10,11884.26,11885.0,11884.25,11884.400000002395,1.0996969279458053,1.2093333333334417,11883.0,11885.6,11883.0,11885.0,2.0,0.3000000000001819,9.253390012889363e-05,0,0,11883.6,11884.86,8.946088021415562,-8.946088021415562,-0.0007522015472704094,-0.0007524845928013532
CL--JP,CL,JP,17234.770240707647,10,17240.0,17240.0,17240.0,17240.0,0.0,0.0,17240.0,17240.0,17240.0,17240.0,0.0,0.0,0.0,0,0,17240.0,17240.0,5.229759292353265,5.229759292353265,0.00030344235631298645,0.0003033963269925364
CL--KE,CL,KE,11550.217666588273,10,11144.5,11061.5,11115.5625,11073.672994774635,214.15298789001807,45861.502222222225,10970.5,11550.0,11004.275,11145.0,140.72500000000036,72.30000000000018,0.019216024755710714,2,0,11031.358250000001,11283.9505,405.71766658827255,-405.71766658827255,-0.03512640872231409,-0.03575817971817427
CL--KR,CL,KR,18360.580038729033,10,18370.5,18350.0,18365.625,18351.83378571417,49.241468522194,2424.722222222222,18330.0,18450.0,18336.25,18402.5,66.25,17.5,0.0026804642509563703,0,0,18345.4875,18403.025,9.919961270967178,9.919961270967178,0.0005402858324760128,0.0005401399306358295
CL--MA,CL,MA,10010.797136549785,10,9840.9,9869.0,9851.5625,9858.24048332807,138.6808486337525,19232.377777777772,9590.0,10006.5,9740.25,9939.625,199.375,91.75,0.014092293248966305,0,0,9755.14875,9919.35125,169.8971365497855,-169.8971365497855,-0.016971389414084204,-0.017117053881193316
CL--MX,CL,MX,6588.132055113714,10,6556.05,6565.0,6558.75,6561.257857142596,37.39314405371956,1398.2472222222225,6500.5,6590.0,6520.0,6590.0,70.0,25.0,0.005703608736010183,0,0,6533.05,6577.0,32.08205511371398,-32.08205511371398,-0.004869673959982611,-0.004881569456058168
CL--MY,CL,MY,16560.585837942457,10,16211.0,16231.75,16219.375,16217.953455743826,96.81798501426387,9373.722222222223,16035.0,16320.0,16137.5,16289.875,152.375,76.5,0.0059723635194783705,0,0,16149.69125,16263.811249999999,349.58583794245715,-349.58583794245715,-0.021109509129895062,-0.021335500859283704
CL--NG,CL,NG,9486.770070583298,10,9120.6,9096.0,9123.2125,9106.854571428114,235.1895878269748,55314.14222222229,8650.3,9570.0,9045.425,9169.25,123.82500000000073,70.0,0.025786635509393547,2,0,8989.01475,9250.305,366.1700705832973,-366.1700705832973,-0.0385979704218533,-0.039362612459239076
CL--NL,CL,NL,11991.522122394139,10,11904.93,11896.75,11898.85,11901.806550000181,101.82567947232162,10368.468999999981,11783.5,12075.0,11809.224999999999,11983.5,174.27500000000146,95.75,0.008553236303978404,0,0,11845.319000000001,11966.60475,86.59212239413864,-86.59212239413864,-0.007221111841375672,-0.007247310266850332
CL--NO,CL,NO,12709.777899866678,10,12493.460000000001,12533.0,12511.2,12518.968907143366,164.00292815814123,26896.960444444434,12157.5,12687.5,12436.625,12586.375,149.75,95.25,0.013127102352602178,1,0,12392.751,12580.31625,216.31789986667718,-216.31789986667718,-0.017019801728317085,-0.017166303217233506
CL--NZ,CL,NZ,9368.814614614528,10,9353.439999999999,9347.75,9347.875,9347.166666666762,21.229235606692008,450.6804444444398,9340.0,9411.4,9342.875,9350.0,7.125,4.0,0.002269671437106777,1,0,9344.55,9367.6225,15.374614614529492,-15.374614614529492,-0.0016410416095272546,-0.0016423895932428005
CL--PE,CL,PE,2457.690639615083,10,2464.5,2465.0,2465.0,2464.8888888888887,1.5811388300841898,2.5000000000000004,2460.0,2465.0,2465.0,2465.0,0.0,0.0,0.0006415657659095921,1,0,2463.5,2465.0,6.8093603849169995,6.8093603849169995,0.0027706336489866207,0.0027668025183862333
CL--PH,CL,PH,17614.831522245775,10,17252.7,17250.0,17257.125,17260.602100268297,67.43400065578524,4547.344444444444,17135.0,17335.0,17242.5,17306.25,63.75,42.5,0.003908605647567351,1,0,17212.6875,17290.5025,362.13152224577425,-362.13152224577425,-0.020558330165601543,-0.020772594331057825
CL--PK,CL,PK,16686.183395308064,10,16375.15,16360.0,16378.9375,16378.937499998981,114.76087457549865,13170.058333333332,16160.0,16560.0,16345.125,16457.625,112.5,95.25,0.007008233486441263,1,0,16304.55,16438.21375,311.0333953080644,-311.0333953080644,-0.018640176003071076,-0.018816093603738655
CL--PL,CL,PL,12969.852106776598,10,12667.45,12593.0,12674.375,12667.450000019122,330.0551679475552,108936.41388888888,12234.5,13045.0,12393.0,13018.125,625.125,295.75,0.026055375623946036,0,0,12473.705,12875.32375,302.40210677659707,-302.40210677659707,-0.023315771397161535,-0.02359188429618634
CL--PT,CL,PT,10205.486707859607,10,10076.289999999999,10122.95,10072.2375,10072.426727783433,250.41087769237714,62705.60766666666,9760.0,10425.0,9817.25,10294.125,476.875,211.75,0.02485149570847774,0,0,9925.97425,10220.587749999999,129.19670785960807,-129.19670785960807,-0.01265953418567574,-0.012740348863797173
CL--RU,CL,RU,14117.451542029348,10,14129.05,14113.75,14125.35,14114.25480714288,26.457103645965056,699.9783333333374,14112.0,14175.7,14112.5,14141.599999999999,29.099999999998545,1.75,0.0018725323815801528,0,0,14113.54875,14145.828500000001,11.598457970650998,11.598457970650998,0.0008215688175816291,0.0008212315146530552
CL--SA,CL,SA,13945.02643694258,10,13959.95,13958.85,13986.1875,13986.187500000215,242.21530023238967,58668.25166666666,13460.0,14250.0,13861.425,14131.625,270.2000000000007,168.89999999999964,0.017350728350201086,0,0,13809.558500000001,14095.682249999998,14.923563057420324,14.923563057420324,0.001070171012217334,0.001069598787435569
CL--SE,CL,SE,13069.967683612713,10,12308.32,12318.25,12303.9,12297.499999999081,129.95170726936294,16887.446222222196,12122.0,12530.0,12210.0,12337.125,127.125,80.0,0.010558037755710199,1,0,12232.7135,12382.551249999999,761.6476836127131,-761.6476836127131,-0.058274641686197615,-0.06004159859909049
CL--SG,CL,SG,16399.740324894206,10,16318.39,16315.5,16314.425,16315.289523333246,25.041052959756655,627.0543333333376,16295.0,16373.5,16298.875,16330.300000000001,31.42500000000109,18.350000000000364,0.0015345296294399543,0,0,16305.5495,16335.065750000002,81.350324894207,-81.350324894207,-0.004960464207516761,-0.0049728081481299055
CL--SN,CL,SN,7761.929265291671,10,8136.2,8127.5,8109.625,8111.36105583831,120.9497600015992,14628.844444444447,8040.0,8445.0,8046.25,8160.0,113.75,57.5,0.014865632605098105,1,0,8077.0825,8212.56,374.27073470832875,374.27073470832875,0.048218776790703556,0.04709232059192756
CL--TH,CL,TH,17650.722889818095,10,16333.1,16325.0,16330.0625,16325.71114285711,24.000925908065387,576.0444444444444,16315.0,16375.5,16315.125,16340.0,24.875,10.0,0.0014694654357143093,0,0,16321.0,16349.10125,1317.6228898180943,-1317.6228898180943,-0.07464979752065404,-0.07758301584460783
CL--TR,CL,TR,13360.362129212648,10,13837.060000000001,13945.5,13855.7375,13866.470295706858,299.4467424360393,89668.35155555567,13360.5,14164.2,13552.25,14094.75,542.5,204.35000000000036,0.021640922452893844,0,0,13647.801,14018.750750000001,476.69787078735317,476.69787078735317,0.035680011228516446,0.03505822665674811
CL--TZ,CL,TZ,11140.599699425393,10,10543.189999999999,10455.5,10516.9875,10515.833333324914,302.39959747915594,91445.51655555554,10170.5,11125.5,10353.25,10766.75,413.5,202.5,0.02868198310749934,0,0,10373.369999999999,10739.55725,597.4096994253941,-597.4096994253941,-0.05362455483040174,-0.05511591216427347
CL--UA,CL,UA,13538.164347903667,10,13047.05,13054.5,13049.3125,13052.281400031294,18.85978967715883,355.6916666666668,13010.5,13065.5,13033.875,13061.25,27.375,9.0,0.0014455213766452057,0,0,13035.4475,13057.20125,491.1143479036673,-491.1143479036673,-0.036276287928186844,-0.03695063118549786
CL--US,CL,US,8036.760399006705,10,8084.2,8074.0,8082.75,8077.426599899349,44.88701866291015,2014.8444444444442,8035.0,8145.0,8045.0,8128.75,83.75,29.0,0.005552437923716651,0,0,8058.8,8110.5075,47.439600993295244,47.439600993295244,0.005902826342708748,0.005885472919302832
CL--VN,CL,VN,18587.669739443674,10,18268.829999999998,18500.0,18349.7875,18473.283000011652,559.3473578893331,312869.4667777777,17160.0,18730.0,18266.225,18607.5,341.27500000000146,135.0,0.03061757966379528,2,0,17906.975,18568.83425,318.8397394436761,-318.8397394436761,-0.017153292688813337,-0.017302114727720398
CL--ZA,CL,ZA,9240.225022987668,10,9107.43,9152.75,9161.1625,9161.162500000104,379.9050087412203,144327.81566666666,8125.0,9660.0,9134.325,9189.25,54.92499999999927,28.5,0.04171374457352077,2,0,8853.697,9275.983999999999,132.79502298766783,-132.79502298766783,-0.014371405745780295,-0.01447567459630801
CN--CO,CN,CO,14959.442903499128,10,15223.0,15235.0,15245.625,15239.423833334646,104.43498775155128,10906.666666666664,14950.0,15315.0,15216.25,15287.5,71.25,27.5,0.006860342097585973,1,0,15153.5,15275.5125,263.5570965008719,263.5570965008719,0.017618109056669745,0.017464709295091238
CN--DE,CN,DE,7374.095211881501,10,7353.3,7353.0,7353.125,7353.271977777786,3.529242915351047,12.455555555555557,7350.0,7358.0,7350.0,7356.0,6.0,3.0,0.00047995361475134253,0,0,7351.3,7355.4,20.795211881501018,-20.795211881501018,-0.0028200357174660235,-0.002824019509576686
CN--DZ,CN,DZ,9128.627104002482,10,9133.630000000001,9130.15,9131.6,9130.466666666644,14.258802349581993,203.31344444444497,9115.0,9168.5,9130.0,9131.625,1.625,1.1000000000003638,0.0015611320307021405,4,0,9126.627,9142.58175,5.002895997518863,5.002895997518863,0.0005480447323043049,0.0005478946106364168
CN--EG,CN,EG,7555.922022804329,10,7546.409999999999,7542.2,7544.887500000001,7542.697880000007,9.052740530420147,81.95211111111165,7540.0,7565.0,7540.3,7548.375,8.074999999999818,2.199999999999818,0.0011996088909057615,1,0,7541.68,7551.83275,9.512022804329717,-9.512022804329717,-0.0012588831350590613,-0.0012596761940818883
CN--ES,CN,ES,9241.695750140318,10,9215.0,9215.0,9215.0,9215.0,0.0,0.0,9215.0,9215.0,9215.0,9215.0,0.0,0.0,0.0,0,0,9215.0,9215.0,26.695750140317614,-26.695750140317614,-0.0028886203205631704,-0.0028928004360263744
CN--ET,CN,ET,8323.256614917631,10,8316.5,8315.0,8316.25,8315.428571426228,2.41522945769824,5.833333333333334,8315.0,8320.0,8315.0,8318.75,3.75,0.0,0.0002904141715503204,0,0,8315.0,8318.0,6.756614917630941,-6.756614917630941,-0.0008117753939631244,-0.0008121050620313015
CN--FI,CN,FI,6335.706896287733,10,6301.5,6300.0,6300.625,6300.25,3.3747427885527643,11.388888888888888,6300.0,6310.0,6300.0,6300.0,0.0,0.0,0.0005355459475605434,2,0,6300.0,6304.0,34.20689628773289,-34.20689628773289,-0.00539906546304654,-0.005413693091088296
CN--FJ,CN,FJ,9087.647388686939,10,9102.05,9175.0,9096.875,9107.822833327922,205.07809488095015,42057.024999999994,8805.5,9440.0,8923.75,9232.5,308.75,127.5,0.022530978722480118,0,0,8976.598750000001,9219.0375,14.402611313060333,14.402611313060333,0.0015848558705072453,0.0015836013117969299
CN--FR,CN,FR,8235.539912036413,10,8214.0,8215.0,8214.375,8214.75,2.1081851067789197,4.444444444444445,8210.0,8215.0,8215.0,8215.0,0.0,0.0,0.00025665754891391766,2,0,8212.5,8215.0,21.539912036412716,-21.539912036412716,-0.0026154826843752753,-0.002618909034889016
CN--GB,CN,GB,8159.495498560135,10,8140.5,8140.5,8140.5,8140.5,0.5270462766947299,0.2777777777777778,8140.0,8141.0,8140.0,8141.0,1.0,0.5,6.474372295248817e-05,0,0,8140.2,8140.8,18.995498560135275,-18.995498560135275,-0.0023280236582626113,-0.0023307377184216605
CN--GH,CN,GH,11825.126110302292,10,11569.060000000001,11548.25,11566.9125,11562.471816666352,143.85055671309237,20692.982666666605,11360.0,11795.3,11456.25,11689.474999999999,233.22499999999854,98.25,0.012434074740133801,0,0,11489.007,11658.00875,256.0661103022903,-256.0661103022903,-0.021654408410849868,-0.021892305733173155
CN--GR,CN,GR,7631.506142204527,10,7614.039999999999,7615.0,7614.125,7614.530509999999,2.0205609782103773,4.082666666666476,7611.0,7616.4,7612.375,7615.5,3.125,0.9499999999998181,0.0002653730448238225,0,0,7612.8,7615.13,17.466142204528296,-17.466142204528296,-0.0022886887436197254,-0.0022913117946982524
CN--IN,CN,IN,3786.344323933427,10,3791.05,3791.0,3791.0,3791.05,1.1167910378500636,1.2472222222222222,3790.0,3792.5,3790.0,3792.0,2.0,1.0,0.0002945862064204016,0,0,3790.4,3791.65,4.705676066573233,4.705676066573233,0.0012428019387536213,0.001242030299687621
CN--IT,CN,IT,8143.606625822012,10,8130.0,8130.0,8130.0,8130.0,0.0,0.0,8130.0,8130.0,8130.0,8130.0,0.0,0.0,0.0,0,0,8130.0,8130.0,13.606625822011665,-13.606625822011665,-0.0016708353493975674,-0.0016722327515495323
CN--JP,CN,JP,2104.0237532057217,10,2100.0,2100.0,2100.0,2100.0,0.0,0.0,2100.0,2100.0,2100.0,2100.0,0.0,0.0,0.0,0,0,2100.0,2100.0,4.023753205721732,-4.023753205721732,-0.001912408640630165,-0.0019142396288053267
CN--KE,CN,KE,9214.097058911791,10,9583.5,9585.0,9583.75,9583.499999999936,17.488091186099567,305.83333333333337,9565.0,9600.0,9566.25,9600.0,33.75,15.0,0.0018248125618093147,0,0,9573.5,9594.0,369.40294108820854,369.40294108820854,0.04009106250198714,0.03930826941818431
CN--KR,CN,KR,958.3389564502992,10,952.25,952.5,952.3125,952.2611857069729,1.7199806200458578,2.9583333333333335,950.0,954.0,950.5,953.875,3.375,1.5,0.001806228007399168,0,0,951.15,953.25125,6.088956450299179,-6.088956450299179,-0.006353656406552393,-0.006373926787725582
CN--MA,CN,MA,9959.705404692048,10,9652.33,9602.9,9591.6625,9601.45243000139,216.1360942143219,46714.81122222223,9530.0,10260.0,9558.75,9611.5,52.75,13.350000000000364,0.022392116122669024,1,0,9570.628750000002,9790.989249999999,307.3754046920476,-307.3754046920476,-0.03086189723515739,-0.031348156333361056
CN--MX,CN,MX,12474.484204037479,10,12436.1,12435.0,12436.25,12435.333333333334,3.314949304120485,10.988888888888889,12430.0,12441.0,12435.0,12438.75,3.75,0.0,0.00026655859185118207,0,0,12434.1,12438.1025,38.38420403747841,-38.38420403747841,-0.003077017326700772,-0.0030817610780846058
CN--MY,CN,MY,4332.637278888493,10,4347.6,4350.0,4347.875,4349.333333333351,3.1692971530679235,10.044444444444444,4343.0,4350.0,4345.0,4350.0,5.0,0.0,0.0007289762519707248,0,0,4345.7,4349.5,14.962721111507562,14.962721111507562,0.0034534903681912054,0.003447540764327915
CN--NG,CN,NG,10936.133047329091,10,10661.0,10637.25,10649.375,10649.040285715959,128.48281337725032,16507.833333333336,10480.0,10935.0,10580.0,10721.25,141.25,70.0,0.012051666201786918,1,0,10588.49875,10741.572499999998,275.1330473290909,-275.1330473290909,-0.025158165700652855,-0.025480042375015853
CN--NL,CN,NL,7840.400371133997,10,7824.35,7824.0,7824.3125,7824.35,0.47434164902525694,0.22500000000000003,7824.0,7825.0,7824.0,7824.875,0.875,0.0,6.062377693038488e-05,0,0,7824.1,7824.6,16.050371133997032,-16.050371133997032,-0.0020471366734139858,-0.0020492349217835996
CN--NO,CN,NO,7040.101298011618,10,6808.15,6700.25,6800.8125,6700.75,139.53933137291438,19471.225000000006,6700.0,6975.0,6700.0,6968.5,268.5,0.25,0.02049592493892091,0,0,6727.148749999999,6888.75125,231.95129801161875,-231.95129801161875,-0.032947153484443506,-0.0335021350577166
CN--NZ,CN,NZ,10759.510305075924,10,10412.9,10417.5,10413.125,10413.12499999989,31.370368184004473,984.1000000000001,10360.0,10464.0,10390.0,10435.0,45.0,22.5,0.0030126447179944565,0,0,10395.0,10430.9,346.61030507592477,-346.61030507592477,-0.032214319727209825,-0.032744620896063475
CN--PE,CN,PE,16647.408363779676,10,16659.2,16624.5,16624.5,16624.555555555555,109.90784018136891,12079.73333333333,16624.0,16972.0,16624.0,16625.0,1.0,0.5,0.006597426057756009,1,0,16624.2,16728.8,11.791636220325017,11.791636220325017,0.0007083166317935995,0.0007080658939623642
CN--PH,CN,PH,2841.990869314639,10,2855.0,2850.0,2853.125,2850.4285714285716,9.428090415820634,88.8888888888889,2850.0,2875.0,2850.0,2853.75,3.75,0.0,0.003302308376819837,2,0,2850.0,2861.0,13.009130685361015,13.009130685361015,0.004577470964394138,0.004567026205769998
CN--PK,CN,PK,3879.3914083676773,10,3790.15,3790.0,3790.5625,3790.5,2.0006943239230166,4.002777777777776,3785.0,3792.0,3790.0,3791.375,1.375,0.5,0.0005278667925868413,1,0,3788.8987500000003,3791.1,89.2414083676772,-89.2414083676772,-0.023003971235072435,-0.02327269167133331
CN--PL,CN,PL,6956.214835268704,10,6949.0,6950.0,6950.0,6949.888888888889,3.1622776601683795,10.000000000000002,6940.0,6950.0,6950.0,6950.0,0.0,0.0,0.00045506945750012654,1,0,6947.0,6950.0,7.2148352687036095,-7.2148352687036095,-0.0010371783275185341,-0.0010377165691605836
CN--PT,CN,PT,9687.15424475197,10,8678.3,8684.5,8684.5,8684.444444444445,19.788043528016274,391.5666666666668,8622.0,8685.0,8684.0,8685.0,1.0,0.5,0.002280175095124192,1,0,8665.7,8684.8,1008.8542447519703,-1008.8542447519703,-0.1041435099785387,-0.10997504622213422
CN--RU,CN,RU,5806.057705333434,10,5790.8,5790.0,5790.625,5790.428571428572,1.3165611772087666,1.7333333333333334,5790.0,5793.0,5790.0,5791.5,1.5,0.0,0.00022735393679781146,0,0,5790.0,5791.7,15.257705333433478,-15.257705333433478,-0.002627894193924008,-0.0026313531690807038
CN--SA,CN,SA,6606.426919492859,10,6198.85,6201.6,6199.0625,6199.062500000002,10.864851586653183,118.04500000000019,6180.0,6216.0,6190.125,6205.6,15.475000000000364,8.75,0.0017527205185886385,0,0,6191.95,6204.91025,407.5769194928589,-407.5769194928589,-0.061694002591668184,-0.06367915992532641
CN--SE,CN,SE,6720.436278900068,10,6709.3,6710.5,6709.75,6710.825157142859,5.143496432929214,26.45555555555555,6700.0,6715.0,6710.0,6712.0,2.0,1.5,0.0007666219177752097,2,0,6705.9,6712.0,11.136278900067737,-11.136278900067737,-0.0016570767786359263,-0.0016584512489728404
CN--SG,CN,SG,4463.068886903711,10,4479.0,4480.0,4479.375,4479.7034800000065,4.8074017006186525,23.11111111111111,4470.0,4485.0,4478.5,4480.0,1.5,1.0,0.0010733203171731753,4,0,4476.1,4481.8,15.931113096288755,15.931113096288755,0.0035695422813294482,0.003563186585406883
CN--SN,CN,SN,12308.087610438688,10,11853.0,11819.25,11853.75,11851.841866666286,79.00738362119498,6242.166666666668,11750.0,11950.0,11792.5,11937.5,145.0,56.0,0.006665602262819115,0,0,11804.8,11900.35375,455.087610438688,-455.087610438688,-0.03697468078247353,-0.037675575507287146
CN--TH,CN,TH,3289.9112641123884,10,3294.8,3295.0,3294.75,3294.7500000000077,3.155242550986462,9.955555555555557,3290.0,3300.0,3292.25,3297.25,5.0,3.0,0.0009576431197603684,0,0,3293.1,3296.6,4.8887358876118014,4.8887358876118014,0.0014859780386601924,0.0014848750658216284
CN--TR,CN,TR,6847.206348764228,10,7488.5,7495.25,7491.25,7492.009275052426,24.699302734197893,610.0555555555555,7440.0,7515.0,7476.375,7507.625,31.25,16.5,0.0032982977544498754,0,0,7473.595,7501.40125,641.2936512357719,641.2936512357719,0.09365770776741839,0.08952777365958167
CN--TZ,CN,TZ,9656.25374403827,10,9806.170999999998,9874.35,9834.838749999999,9867.455298261493,177.02717421345247,31338.62041000005,9424.5,9958.5,9701.8325,9922.625,220.79249999999956,63.44999999999982,0.01805262973829974,0,0,9703.6932,9901.859,149.9172559617291,149.9172559617291,0.015525405600933736,0.015406119550013406
CN--UA,CN,UA,6466.108332658287,10,6450.09,6450.0,6450.05,6450.09,0.1911950719959343,0.0365555555555305,6450.0,6450.5,6450.0,6450.0,0.0,0.0,2.9642233208518687e-05,2,0,6450.0,6450.22025,16.018332658286454,-16.018332658286454,-0.0024772756400295486,-0.0024803491643551026
CN--US,CN,US,11169.116898963428,10,11158.0,11158.0,11158.0,11158.0,0.0,0.0,11158.0,11158.0,11158.0,11158.0,0.0,0.0,0.0,0,0,11158.0,11158.0,11.116898963427957,-11.116898963427957,-0.0009953247928186412,-0.0009958204574657106
CN--VN,CN,VN,2322.1755294999916,10,2330.5,2330.0,2330.25,2330.3333333333335,0.97182531580755,0.9444444444444444,2330.0,2333.0,2330.0,2330.75,0.75,0.0,0.0004170029246116928,1,0,2330.0,2331.1,8.324470500008374,8.324470500008374,0.003584772294022403,0.0035783623121384703
CN--ZA,CN,ZA,11648.376355581766,10,11707.73,11715.5,11711.5375,11716.101299999984,21.737221022425487,472.50677777777656,11660.0,11725.0,11715.075,11718.875,3.7999999999992724,2.5,0.0018566554765463063,3,0,11695.15975,11718.73,59.35364441823367,59.35364441823367,0.005095443571394575,0.005082505729550733
CO--DE,CO,DE,9434.723265292183,10,9403.78,9410.25,9407.5375,9408.183059999015,135.5616940322335,18376.972888888893,9102.5,9675.0,9394.375,9415.0,20.625,9.5,0.014415659876372427,2,0,9316.80825,9486.9025,30.943265292182332,-30.943265292182332,-0.0032797215585553324,-0.0032851116338302832
CO--DZ,CO,DZ,8561.364835153712,10,8479.34,8493.75,8485.2125,8490.35340803402,36.776085224564554,1352.4804444444353,8395.2,8516.5,8477.0,8495.5,18.5,9.600000000000364,0.004337140063326221,2,0,8453.677499999998,8496.942,82.02483515371205,-82.02483515371205,-0.009580812958339412,-0.009627004216781723
CO--EG,CO,EG,11223.931381246066,10,11200.9,11246.5,11208.4375,11200.900000000458,307.1010329589343,94311.04444444444,10825.0,11516.5,10887.5,11505.125,617.625,269.25,0.02741753189109217,0,0,11031.47625,11371.32,23.031381246066303,-23.031381246066303,-0.0020519887785975925,-0.0020540969920853102
CO--ES,CO,ES,8024.515430689445,10,8021.2,8020.0,8020.9375,8020.462714285716,6.675827039900499,44.566666666666656,8014.0,8030.5,8015.5,8027.5,12.0,5.0,0.000832272856916733,0,0,8017.35,8025.402499999999,3.315430689444838,-3.315430689444838,-0.0004131627284016557,-0.00041324810363842977
CO--ET,CO,ET,12426.953409430811,10,11726.1,11693.0,11718.8125,11719.470561112717,125.51400984219516,15753.766666666665,11585.0,11925.5,11619.375,11830.25,210.875,94.25,0.010703815406844147,0,0,11657.9375,11805.987500000001,700.8534094308106,-700.8534094308106,-0.05639784638598011,-0.058050649113345516
CO--FI,CO,FI,10062.532890466686,10,9879.97,9821.75,9874.3125,9874.31249997961,218.53865180634153,47759.14233333338,9615.0,10190.2,9695.875,10087.0,391.125,173.75,0.02211936390559299,0,0,9756.74875,10008.093,182.56289046668644,-182.56289046668644,-0.01814283664500096,-0.018309436039227665
CO--FJ,CO,FJ,12022.37001080766,10,13403.64,13361.85,13393.8625,13378.850413468179,238.21425090311712,56746.02933333324,13110.5,13775.0,13245.5,13571.3,325.7999999999993,166.5,0.01777235518882312,0,0,13276.28475,13551.630749999998,1381.2699891923403,1381.2699891923403,0.11489165513543756,0.10875722990862556
CO--FR,CO,FR,8632.37794115417,10,8625.4,8625.0,8625.0,8625.0,1.6465452046971292,2.711111111111111,8624.0,8630.0,8625.0,8625.0,0.0,0.0,0.0001908949387503338,2,0,8624.7,8626.5,6.977941154169457,-6.977941154169457,-0.0008083451861974998,-0.0008086720733378722
CO--GB,CO,GB,8501.996904262256,10,8493.64,8500.0,8495.425,8499.8428571452,11.08885326202246,122.96266666666614,8472.5,8500.5,8488.75,8500.475,11.725000000000364,0.5,0.0013055478289664337,0,0,8486.948750000001,8500.189999999999,8.356904262256649,-8.356904262256649,-0.0009829342866576594,-0.0009834176833543283
CO--GH,CO,GH,8186.029470285618,10,8186.889999999999,8175.35,8177.9875,8178.018712221711,80.02833456553584,6404.534333333339,8092.5,8352.5,8123.875,8233.175,109.29999999999927,57.850000000000364,0.009775181365028215,0,0,8144.48975,8236.108,0.8605297143813004,0.8605297143813004,0.00010512174644678817,0.00010511622154312384
CO--GR,CO,GR,10382.81703126424,10,10179.52,10172.15,10180.400000000001,10179.566184287274,58.893025431237945,3468.3884444444393,10091.5,10260.5,10140.75,10231.75,91.0,46.649999999999636,0.005785442283254804,0,0,10145.907750000002,10214.82325,203.2970312642392,-203.2970312642392,-0.019580141945300677,-0.019774372479557482
CO--IN,CO,IN,15225.968636419148,10,15043.59,14825.0,14970.0625,14841.832787883479,380.0880788273511,144466.94766666667,14785.4,15890.0,14804.125,15198.75,394.625,32.30000000000018,0.025265782890078175,1,0,14856.057749999998,15297.11375,182.37863641914737,-182.37863641914737,-0.011978130309746867,-0.012050446165230244
CO--IT,CO,IT,9387.891649710753,10,9345.65,9350.0,9348.0625,9349.333333333334,8.66682692159529,75.11388888888888,9322.0,9350.0,9345.125,9350.0,4.875,0.0,0.0009273648083969857,1,0,9340.05,9349.4,42.241649710753336,-42.241649710753336,-0.004499588543084094,-0.004509742161129775
CO--JP,CO,JP,14327.518669903713,10,14308.4,14312.0,14309.0,14311.57142857143,5.796550698475776,33.6,14300.0,14312.0,14303.0,14312.0,9.0,0.0,0.000405115225914552,0,0,14304.8,14310.8,19.118669903713453,-19.118669903713453,-0.0013344020234204266,-0.0013352931306188235
CO--KE,CO,KE,12348.95435955968,10,11655.82,11654.25,11667.0625,11667.062499998552,86.6664846151935,7511.0795555555715,11465.5,11756.2,11616.5,11722.5,106.0,55.75,0.007435468685617443,0,0,11598.99675,11701.6785,693.1343595596809,-693.1343595596809,-0.05612899192741008,-0.05776576616417751
CO--KR,CO,KR,14855.470153152684,10,14854.5,14855.0,14855.0,14854.73188888888,5.986094998689324,35.833333333333336,14845.0,14860.0,14850.0,14860.0,10.0,5.0,0.00040298192458105783,0,0,14851.0,14858.0,0.970153152684361,-0.970153152684361,-6.530612243722702e-05,-6.530825497492932e-05
CO--MA,CO,MA,7635.020568883151,10,7605.06,7601.0,7610.075,7605.766666665611,87.74864608008997,7699.824888888888,7420.0,7750.0,7590.9,7624.75,33.850000000000364,23.5,0.011538192477125751,3,0,7553.776000000001,7655.432250000001,29.9605688831507,-29.9605688831507,-0.003924097991989212,-0.00393181746578
CO--MX,CO,MX,3175.5874499646543,10,3172.2,3160.0,3165.25,3160.4285714285716,25.41128358295451,645.7333333333335,3160.0,3240.0,3160.0,3173.5,13.5,0.0,0.00801061836673429,1,0,3160.0,3190.615,3.387449964654479,-3.387449964654479,-0.0010667160070468797,-0.001067285353490053
CO--MY,CO,MY,19032.67962698383,10,19631.440000000002,19755.3,19678.175,19751.82951499982,275.37862500766295,75833.38711111105,19106.5,19782.5,19733.25,19776.85,43.599999999998545,26.899999999999636,0.014027428706588152,2,0,19439.564499999997,19765.6465,598.7603730161718,598.7603730161718,0.03145959395897525,0.030974880642654138
CO--NG,CO,NG,9018.876991242843,10,8520.64,8412.5,8513.175000000001,8503.323672368624,272.75523093059087,74395.41599999995,8185.5,8915.5,8326.75,8751.95,425.2000000000007,194.5,0.03201112016592544,0,0,8368.658500000001,8691.012999999999,498.23699124284394,-498.23699124284394,-0.05524379495658079,-0.056828368853049795
CO--NL,CO,NL,8857.739182265888,10,8824.88,8825.0,8825.025,8824.966666666667,0.6876691711054064,0.47288888888879665,8823.1,8825.5,8825.0,8825.150000000001,0.1500000000014552,0.1000000000003638,7.792391183850732e-05,4,0,8824.43,8825.2,32.8591822658891,-32.8591822658891,-0.0037096579149312266,-0.003716555760235878
CO--NO,CO,NO,9277.765385828061,10,9041.42,9079.75,9062.2125,9063.216902031401,157.7273935201703,24877.93066666666,8728.0,9188.5,8964.925,9171.875,206.95000000000073,100.14999999999964,0.017444980270817007,0,0,8945.737,9125.6755,236.3453858280609,-236.3453858280609,-0.025474386988604214,-0.025804477146060437
CO--NZ,CO,NZ,12107.72103768077,10,12202.06,12204.9,12178.474999999999,12182.039151092262,342.80637294737284,117516.20933333327,11797.5,12795.3,11871.475,12430.575,559.1000000000004,278.60000000000036,0.028094139263974513,0,0,12013.422999999999,12406.78075,94.33896231922881,94.33896231922881,0.007791636594998674,0.0077614385545926685
CO--PE,CO,PE,1869.717421500606,10,1879.8,1880.0,1880.0,1879.8888888905446,0.6324555320336759,0.4,1878.0,1880.0,1880.0,1880.0,0.0,0.0,0.00033644830941253107,1,0,1879.4,1880.0,10.082578499394003,10.082578499394003,0.00539256808726844,0.00537808025306343
CO--PH,CO,PH,17318.972788215247,10,18190.94,18234.2,18230.925,18260.26456749841,360.6928862927882,130099.35822222225,17511.5,18550.5,18120.0,18467.875,347.875,226.04999999999927,0.01982816095775085,1,0,17983.325,18395.74125,871.9672117847513,871.9672117847513,0.05034751324155231,0.04912107440455501
CO--PK,CO,PK,14553.253604343023,10,14991.439999999999,14935.5,14980.4875,14970.202201990827,255.3998312015453,65229.07377777784,14660.5,15410.0,14879.0,15171.2,292.2000000000007,158.85000000000036,0.017036377506199893,0,0,14841.642749999999,15149.61425,438.18639565697595,438.18639565697595,0.030109170606785217,0.029664787505282
CO--PL,CO,PL,9952.660970335612,10,9780.92,9760.0,9777.7625,9775.807076664325,114.00748318519369,12997.706222222223,9635.8,9951.3,9682.5,9885.675000000001,203.1750000000011,83.55000000000018,0.01165611038483023,0,0,9715.208750000002,9852.946999999998,171.74097033561156,-171.74097033561156,-0.01725578424177151,-0.017406400468815503
CO--PT,CO,PT,7528.581774689585,10,7487.0,7493.75,7489.4625,7493.283333333333,31.14050595464229,969.7311111111119,7428.5,7525.8,7479.625,7505.525,25.899999999999636,14.099999999999909,0.004159276873867008,2,0,7466.41575,7505.02525,41.58177468958456,-41.58177468958456,-0.005523188288845949,-0.005538497489704249
CO--RU,CO,RU,10916.0980038675,10,10905.05,10904.25,10904.3125,10904.333692857143,2.7330284382794927,7.469444444444443,10903.5,10912.5,10903.5,10905.25,1.75,0.75,0.00025062044083057783,1,0,10903.9,10906.85,11.048003867501393,-11.048003867501393,-0.0010120836093251598,-0.0010125961117673364
CO--SA,CO,SA,12862.1824864371,10,12472.939999999999,12465.0,12463.55,12463.89999999904,65.46179886858526,4285.247111111111,12395.5,12625.5,12436.0,12492.6,56.600000000000364,29.75,0.0052483054411057274,1,0,12436.4485,12519.2435,389.2424864371005,-389.2424864371005,-0.030262553563327882,-0.03072991790009346
CO--SE,CO,SE,9693.22189855851,10,9523.9,9519.0,9518.5,9518.666666666659,40.70339871149174,1656.766666666667,9476.0,9615.0,9498.0,9534.5,36.5,21.0,0.00427381626345213,1,0,9502.69,9549.91,169.32189855850993,-169.32189855850993,-0.017468072053905007,-0.017622439129478203
CO--SG,CO,SG,19316.524021455647,10,19330.53,19109.4,19318.975,19153.595493335593,360.77802978809257,130160.7867777778,19003.5,19750.0,19038.625,19746.875,708.25,102.40000000000146,0.018663638802872584,0,0,19118.337999999996,19539.0025,14.00597854435182,14.00597854435182,0.0007250775827366668,0.000724814840984038
CO--SN,CO,SN,6296.585430647009,10,6457.0,6480.0,6455.0,6460.000000013453,198.7348876155255,39495.555555555555,6160.0,6770.0,6311.25,6556.25,245.0,142.5,0.03077820777691273,0,0,6343.475,6573.025,160.41456935299084,160.41456935299084,0.02547643816158107,0.025157322314695224
CO--TH,CO,TH,17891.231905646808,10,17281.6,17199.5,17260.6875,17227.40478571696,244.10696653539222,59588.21111111109,17045.0,17685.5,17092.375,17437.25,344.875,132.5,0.014125252669625048,0,0,17155.02,17425.46125,609.6319056468092,-609.6319056468092,-0.034074339255219084,-0.03466840348160915
CO--TR,CO,TR,11114.439440495353,10,10777.81,10765.5,10774.0125,10768.672914999994,23.221850342583227,539.2543333333327,10760.5,10825.5,10765.05,10777.375,12.325000000000728,4.550000000000182,0.002154598229378995,2,0,10765.659,10794.640249999999,336.62944049535326,-336.62944049535326,-0.03028757701165271,-0.030755722587000576
CO--TZ,CO,TZ,12263.99655872549,10,11245.05,11255.2,11243.037499999999,11245.049999998175,234.40702610819693,54946.65388888892,10955.7,11550.5,11018.2,11422.8,404.59999999999854,216.5,0.020845352053409896,0,0,11103.05175,11381.924,1018.9465587254908,-1018.9465587254908,-0.08308438067854307,-0.08673982914776579
CO--UA,CO,UA,10641.180470910898,10,10317.17,10314.5,10317.125,10314.5,88.3705588228718,7809.3556666666445,10190.2,10444.5,10256.75,10378.25,121.5,65.0,0.008565387487350872,0,0,10264.472249999999,10366.11,324.0104709108982,-324.0104709108982,-0.030448733746845525,-0.030921926632853466
CO--US,CO,US,3810.5972373090326,10,3663.1,3660.0,3653.5,3654.453428570603,45.40301017920875,2061.4333333333334,3618.0,3785.0,3645.0,3660.75,15.75,10.0,0.01239469579842449,2,0,3642.7975,3691.5125,147.4972373090327,-147.4972373090327,-0.03870711810340583,-0.03947614860167999
CO--VN,CO,VN,17168.46785762716,10,17701.2,17608.0,17673.9375,17663.860874982307,351.41090225293556,123489.62222222223,17315.5,18305.0,17441.625,17935.0,493.375,247.5,0.019852377367237,0,0,17499.6875,17916.57875,532.732142372839,532.732142372839,0.031029684581677486,0.03055799664912557
CO--ZA,CO,ZA,11470.29193218006,10,10789.929999999998,10850.5,10786.6375,10796.133536673027,215.5920172197682,46479.91788888883,10480.5,11125.7,10590.150000000001,10926.625,336.47499999999854,145.14999999999964,0.019980854113026518,0,0,10666.33875,10918.910249999999,680.3619321800616,-680.3619321800616,-0.059315136546027825,-0.061147090859773066
DE--DZ,DE,DZ,1929.5842635808192,10,1864.7900000000002,1847.6,1864.3625000000002,1864.362500003348,48.58777738393794,2360.7721111111114,1802.5,1930.5,1826.225,1914.5,88.27500000000009,38.999999999999886,0.02605536139937362,0,0,1836.5375000000001,1893.9940000000001,64.794263580819,-64.794263580819,-0.0335793905473593,-0.03415612602252487
DE--EG,DE,EG,2891.4189080361066,10,2892.112,2891.5,2891.75625,2891.1666666666374,3.4495403880646367,11.899328888889125,2888.7,2898.37,2890.5,2891.5,1.0,1.0,0.0011927409408987746,4,0,2890.19,2894.341625,0.6930919638934938,0.6930919638934938,0.0002397065198568034,0.0002396777948391795
DE--ES,DE,ES,1871.7316834419983,10,1870.1080000000002,1870.25,1870.1975,1870.12,0.5065964863676105,0.25664000000000853,1869.0,1870.5,1870.0,1870.5,0.5,0.25,0.00027089156688683776,1,0,1869.8078000000003,1870.4,1.6236834419980823,-1.6236834419980823,-0.0008674766027426695,-0.0008678530783090635
DE--ET,DE,ET,5338.017839459692,10,5350.38,5350.5,5350.3875,5350.38,0.1549193338483906,0.024000000000029102,5350.2,5350.5,5350.2,5350.5,0.3000000000001819,0.0,2.8954828226853156e-05,0,0,5350.289999999999,5350.469999999999,12.362160540307741,12.362160540307741,0.0023158709678570547,0.002313193471714056
DE--FI,DE,FI,1107.9778488106122,10,1104.26,1104.5,1104.2125,1104.2294666666733,2.2167042603328335,4.913777777777734,1101.4,1107.5,1102.5,1105.65,3.150000000000091,2.0,0.0020074115338170662,0,0,1102.9195,1105.56,3.7178488106121677,-3.7178488106121677,-0.003355526299197398,-0.003361168703262394
DE--FJ,DE,FJ,15973.080004981164,10,16208.13,16193.099999999999,16205.724999999999,16201.124649999883,51.429413330851425,2644.984555555558,16145.5,16290.0,16171.724999999999,16240.224999999999,68.5,31.75,0.0031730627364693785,0,0,16178.260499999999,16237.632749999999,235.04999501883503,235.04999501883503,0.01471538331652601,0.014608162645778073
DE--FR,DE,FR,880.1220118488678,10,878.2,878.0,878.1875,878.2,0.25819888974716115,0.06666666666666668,878.0,878.5,878.0,878.5,0.5,0.0,0.00029400921173669,0,0,878.05,878.35,1.9220118488677826,-1.9220118488677826,-0.0021838015899979845,-0.002186189561894852
DE--GB,DE,GB,933.6780131656095,10,932.0,932.0,932.0,932.0,0.0,0.0,932.0,932.0,932.0,932.0,0.0,0.0,0.0,0,0,932.0,932.0,1.6780131656095136,-1.6780131656095136,-0.001797207540445615,-0.0017988244554957406
DE--GH,DE,GH,5355.487752609555,10,5249.109999999999,5224.25,5240.6625,5225.849999999459,78.0410639770286,6090.407666666671,5175.0,5390.8,5207.075000000001,5244.375,37.29999999999927,20.199999999999818,0.014867484959741483,2,0,5208.4465,5301.142000000002,106.37775260955641,-106.37775260955641,-0.01986331731553713,-0.020063244915849373
DE--GR,DE,GR,1803.6456298841938,10,1801.2989999999998,1801.3,1801.3,1801.299,0.0031622776601655032,9.99999999998181e-06,1801.29,1801.3,1801.3,1801.3,0.0,0.0,1.7555539975126303e-06,1,0,1801.297,1801.3,2.3466298841940443,-2.3466298841940443,-0.0013010481911264985,-0.0013018952891476292
DE--IN,DE,IN,5791.273241523696,10,5779.15,5780.5,5780.0625,5781.17256249998,7.494627705526436,56.16944444444445,5765.5,5785.5,5780.125,5784.375,4.25,3.75,0.0012968391035924722,2,0,5774.34875,5783.25,12.123241523696379,-12.123241523696379,-0.0020933637592459252,-0.0020955579077956963
DE--IT,DE,IT,1183.3475090566692,10,1182.9370000000001,1183.1,1182.95,1182.937,1.2842295571881097,1.6492455555555683,1181.5,1184.27,1181.625,1184.15,2.525000000000091,1.1000000000001364,0.0010856280234603445,0,0,1182.1670000000001,1183.6571749999998,0.41050905666907056,-0.41050905666907056,-0.0003469049062319121,-0.0003469650916583702
DE--JP,DE,JP,8941.116372895822,10,8918.039999999999,8918.0,8918.0,8918.039999999999,0.12649110640662012,0.01599999999997089,8918.0,8918.4,8918.0,8918.0,0.0,0.0,1.4183733915369312e-05,1,0,8918.0,8918.12,23.076372895822715,-23.076372895822715,-0.0025809274740877584,-0.0025842638091966934
DE--KE,DE,KE,6352.944306361189,10,6337.7,6330.5,6337.0,6335.588366666305,19.519505913601172,381.0111111111111,6315.5,6365.5,6321.375,6357.125,35.75,13.5,0.003079903736939453,0,0,6326.5,6349.255,15.244306361189047,-15.244306361189047,-0.0023995655598499357,-0.0024024491310903062
DE--KR,DE,KR,8148.703873526628,10,8127.95,8129.0,8128.125,8128.83913333336,3.2867579432896754,10.802777777777777,8122.0,8132.5,8125.75,8130.0,4.25,1.0,0.0004043772345166586,0,0,8125.94875,8129.75,20.753873526628013,-20.753873526628013,-0.0025468925916001008,-0.0025501414400210627
DE--MA,DE,MA,2611.9809662547964,10,2590.0460000000003,2611.5299999999997,2597.295,2608.394442500002,55.30674304880618,3058.835826666671,2487.6,2634.5,2589.375,2625.0,35.625,18.549999999999955,0.02135357559240499,2,0,2552.2849999999994,2620.5128499999996,21.93496625479611,-21.93496625479611,-0.00839782775532537,-0.008433288177399202
DE--MX,DE,MX,9740.126910212532,10,9724.57,9724.75,9724.775,9724.7444444461,1.018768319535259,1.0378888888886957,9722.0,9725.5,9724.5,9725.25,0.75,0.4499999999998181,0.00010476229998192816,1,0,9723.890000000001,9725.079999999998,15.556910212531875,-15.556910212531875,-0.0015971978964894637,-0.0015984747768513017
DE--MY,DE,MY,9615.08570758263,10,9597.52,9598.5,9598.025,9598.208654000002,2.977993358697157,8.868444444444373,9590.5,9600.5,9596.325,9598.575,2.25,1.050000000000182,0.000310287799212417,1,0,9595.62975,9599.10025,17.56570758262933,-17.56570758262933,-0.0018268903800593994,-0.0018285611795115604
DE--NG,DE,NG,4846.239230895395,10,4873.39,4870.35,4873.112499999999,4871.9833333325405,47.331677201074,2240.2876666666684,4782.5,4966.5,4857.75,4885.6,27.850000000000364,15.25,0.009712269529234065,2,0,4846.4235,4901.9025,27.150769104605388,27.150769104605388,0.0056024409466861975,0.00558680564446112
DE--NL,DE,NL,577.0085813772484,10,577.41,577.5,577.425,577.41,0.14491376746187243,0.020999999999993635,577.2,577.5,577.2750000000001,577.5,0.22499999999990905,0.0,0.00025097204319612134,0,0,577.3199999999999,577.5,0.40141862275152107,0.40141862275152107,0.0006956891729294289,0.00069544729339232
DE--NO,DE,NO,839.4791498459016,10,839.15,839.0,839.125,839.15,0.24152294576982397,0.058333333333333334,839.0,839.5,839.0,839.375,0.375,0.0,0.0002878185613654579,0,0,839.05,839.3,0.3291498459016111,-0.3291498459016111,-0.0003920881727223735,-0.000392165059388224
DE--NZ,DE,NZ,18133.546853189033,10,18145.2,18145.0,18143.0,18143.000000000004,13.601878955170536,185.0111111111111,18131.0,18177.0,18134.625,18150.0,15.375,7.5,0.0007496130632437524,1,0,18137.9,18153.15,11.653146810967883,11.653146810967883,0.0006426292057098867,0.0006424228079818442
DE--PE,DE,PE,11091.52456248637,10,11070.93,11107.75,11092.9125,11100.42438333263,106.9908827891424,11447.049000000008,10803.5,11162.5,11032.099999999999,11136.25,104.15000000000146,37.25,0.009664127836518016,1,0,11000.38,11126.3545,20.594562486368886,-20.594562486368886,-0.001856783742428303,-0.0018585097021815826
DE--PH,DE,PH,9877.59768324053,10,9464.107,9308.5,9451.94625,9318.992709922271,218.92046765130632,47926.171156666656,9280.5,9745.0,9293.25,9713.0525,419.8024999999998,22.25,0.023131656019031308,0,0,9338.89625,9597.521724999999,413.4906832405304,-413.4906832405304,-0.04186146232115794,-0.042762900110705646
DE--PK,DE,PK,5120.406237354785,10,5286.15,5286.45,5287.1,5285.166666667073,47.56920689316189,2262.829444444441,5184.5,5380.2,5278.924999999999,5290.05,11.12500000000091,7.0,0.008998837886394048,3,0,5257.8994999999995,5314.19525,165.7437626452147,165.7437626452147,0.03236926035986519,0.03185641348671216
DE--PL,DE,PL,517.9674462482383,10,517.596,517.5,517.5699999999999,517.596,0.29841060451814605,0.08904888888888536,517.2,518.2,517.5,517.5,0.0,0.0,0.0005765318984654944,3,0,517.4399999999999,517.808,0.37144624823827144,-0.37144624823827144,-0.0007171227669397858,-0.0007173800224677857
DE--PT,DE,PT,2315.454518326916,10,2310.7,2310.0,2310.375,2310.375,1.3374935098492586,1.788888888888889,2310.0,2314.0,2310.0,2310.75,0.75,0.0,0.000578826117561457,2,0,2310.1,2311.6,4.754518326916241,-4.754518326916241,-0.0020533844604953525,-0.00205549554477342
DE--RU,DE,RU,1613.9333205348753,10,1609.284,1609.5,1609.355,1609.284,0.41620507765603443,0.17322666666666564,1608.5,1609.5,1609.3799999999999,1609.5,0.12000000000011823,0.0,0.0002586274875385789,2,0,1609.0,1609.484,4.649320534875187,-4.649320534875187,-0.0028807389225562,-0.002884896236937404
DE--SA,DE,SA,4176.916396262325,10,4206.844999999999,4192.85,4204.43125,4206.051078746451,68.6769104414124,4716.51802777778,4132.5,4300.5,4146.6875,4268.75,122.0625,58.350000000000364,0.016325039415859728,0,0,4166.141,4246.277375,29.928603737674166,29.928603737674166,0.00716523887441355,0.007139690517808375
DE--SE,DE,SE,814.5045168029693,10,810.0600000000001,810.0,810.0375,810.06,0.126491106406716,0.015999999999995147,810.0,810.3,810.0,810.0,0.0,0.0,0.00015615029307300198,2,0,810.0,810.15,4.444516802969247,-4.444516802969247,-0.005456712284929399,-0.005471654521188805
DE--SG,DE,SG,9925.538516503066,10,9910.619999999999,9910.435000000001,9910.587500000001,9910.5875,1.3760167957630767,1.8934222222220847,9908.0,9913.5,9910.15,9911.1725,1.0225000000009459,0.5,0.0001388426552287422,2,0,9909.80495,9911.372024999999,14.918516503066712,-14.918516503066712,-0.0015030435354476623,-0.001504174238521661
DE--SN,DE,SN,5002.201564734814,10,5027.55,5027.0,5027.5,5027.294250000002,1.8173546098045308,3.3027777777777785,5025.5,5030.0,5026.25,5029.375,3.125,1.25,0.00036147917172470303,0,0,5026.6,5028.55,25.3484352651858,25.3484352651858,0.005067455786646137,0.005054659444297746
DE--TH,DE,TH,8612.78119439707,10,8603.15,8604.2,8603.55,8603.925,2.2051706913020928,4.862777777777749,8598.6,8604.5,8603.5,8604.5,1.0,0.2999999999992724,0.00025632131153148475,2,0,8601.65925,8604.27025,9.63119439707043,-9.63119439707043,-0.001118244406735408,-0.001118870108513792
DE--TR,DE,TR,2040.6210846007348,10,2031.7099999999998,2031.75,2032.0875,2032.0660375071288,3.00941116425713,9.056555555555455,2025.4,2035.0,2031.0,2034.0,3.0,2.25,0.0014812208259333912,1,0,2029.9,2033.3505,8.911084600734966,-8.911084600734966,-0.004366849224474468,-0.004376411759469133
DE--TZ,DE,TZ,6841.237574953327,10,6829.58,6891.0,6834.1,6867.615399990678,105.81355510729445,11196.508444444438,6687.5,6935.5,6726.6,6907.0,180.39999999999964,42.0,0.01549342054815881,0,0,6761.861,6887.602000000001,11.65757495332673,-11.65757495332673,-0.00170401551263278,-0.001705468998476051
DE--UA,DE,UA,1208.4684314926021,10,1204.263,1204.4,1204.2662500000001,1204.2630000000001,0.22920393636335132,0.0525344444444552,1204.0,1204.5,1204.0,1204.4175,0.4175000000000182,0.09999999999990905,0.0001903271431268347,0,0,1204.1309999999999,1204.397025,4.205431492602202,-4.205431492602202,-0.0034799680182030024,-0.0034860371913500673
DE--US,DE,US,6726.290515021435,10,6715.925,6716.5,6716.18125,6716.278571428571,1.460450843632403,2.1329166666665977,6712.5,6717.3,6715.6,6716.5,0.8999999999996362,0.3249999999998181,0.00021746086259635166,1,0,6714.898999999999,6716.67,10.365515021434476,-10.365515021434476,-0.0015410447999957438,-0.001542233430846069
DE--VN,DE,VN,8340.425219517292,10,8296.609999999999,8292.5,8295.525,8292.71891,8.751057079004774,76.58099999999956,8289.5,8312.4,8291.625,8299.400000000001,7.775000000001455,1.75,0.001054775032091996,2,0,8291.89925,8301.76125,43.81521951729337,-43.81521951729337,-0.005253355598076954,-0.00526720298873229
DE--ZA,DE,ZA,8785.190433813566,10,8733.026999999998,8735.0,8733.075,8733.106575714284,22.87599326319545,523.3110677777636,8701.37,8764.3,8713.225,8751.125,37.899999999999636,18.449999999999818,0.002619480423362421,0,0,8719.146525,8745.7805,52.16343381356819,-52.16343381356819,-0.005937655444871733,-0.00595535341202441
DZ--EG,DZ,EG,2715.5414954485536,10,2714.7400000000002,2715.0,2714.8625,2715.3029828613116,2.724049273497908,7.420444444444479,2710.0,2718.5,2715.0,2716.3,1.300000000000182,1.2000000000000455,0.001003429158408506,3,0,2713.0,2716.20075,0.8014954485533963,-0.8014954485533963,-0.000295151243277542,-0.0002951948089782316
DZ--ES,DZ,ES,711.8772255887199,10,713.9,714.9,714.25,714.6142857142856,2.0848661028149036,4.3466666666666045,709.5,715.5,713.2,715.375,2.1749999999999545,0.6000000000000227,0.002920389554300187,1,0,712.67975,715.04025,2.0227744112801247,2.0227744112801247,0.0028414652675639368,0.002837435936129437
DZ--ET,DZ,ET,4726.061150528088,10,4785.030000000001,4816.0,4794.9125,4810.583333334647,83.10173216539403,6905.897888888884,4618.5,4872.5,4791.375,4824.25,32.875,23.25,0.01736702427474729,2,0,4733.171,4828.5025,58.96884947191302,58.96884947191302,0.012477377586475763,0.012400176624477397
DZ--FI,DZ,FI,3033.2458162220696,10,3110.29,3109.65,3110.6125,3111.133333333318,19.770654460026797,390.8787777777775,3080.5,3137.5,3101.75,3121.875,20.125,12.099999999999909,0.006356530889411211,0,0,3098.53275,3123.4915,77.04418377793036,77.04418377793036,0.02539991429837014,0.025082696788729483
DZ--FJ,DZ,FJ,17891.524863416074,10,17805.96,17552.85,17768.0,17656.896543339397,494.09547480443746,244130.3382222225,17315.6,18600.0,17466.4,18218.9,752.5,217.54999999999927,0.02774888154328312,0,0,17530.3405,18095.460249999996,85.56486341607524,-85.56486341607524,-0.004782424308116694,-0.004793896691064799
DZ--FR,DZ,FR,1345.8479224292655,10,1354.17,1348.9499999999998,1349.1750000000002,1349.1051214285633,16.23405542541836,263.54455555555535,1348.0,1400.3,1348.5,1350.25,1.75,0.75,0.011988196035518702,1,0,1348.6297499999998,1364.55,8.322077570734564,8.322077570734564,0.006183520018898682,0.0061644805061475405
DZ--GB,DZ,GB,1656.5822446092477,10,1660.3200000000002,1660.5,1660.3375,1660.32,0.2347575581554724,0.05511111111112,1660.0,1660.5,1660.1,1660.5,0.40000000000009095,0.0,0.00014139295928223015,0,0,1660.1799999999998,1660.45,3.7377553907524543,3.7377553907524543,0.002256305355750152,0.0022537637212385856
DZ--GH,DZ,GH,3472.5242188720927,10,2897.7200000000003,2905.35,2899.65,2903.4363866667118,14.290851774629957,204.2284444444442,2870.0,2910.0,2893.625,2906.625,13.0,3.400000000000091,0.00493175730389063,1,0,2888.368,2905.292,574.8042188720924,-574.8042188720924,-0.16552921812559568,-0.18095754922609616
DZ--GR,DZ,GR,1833.1443937842616,10,1720.65,1693.0,1710.4375,1698.0999666633813,62.78714040311121,3942.225,1665.5,1857.5,1690.125,1713.0,22.875,11.5,0.03649036143498748,2,0,1688.1,1760.77625,112.49439378426155,-112.49439378426155,-0.06136690277410888,-0.06333061391037487
DZ--IN,DZ,IN,6841.71964982002,10,6784.0,6760.5,6771.75,6767.680999996314,93.06658309451835,8661.388888888889,6685.5,6980.5,6724.25,6839.25,115.0,55.0,0.013718541140111786,0,0,6735.0,6842.0125,57.719649820020095,-57.719649820020095,-0.0084364242872095,-0.00847221233886046
DZ--IT,DZ,IT,992.0972539136368,10,963.0199999999999,962.85,962.8375000000001,962.8555555555556,1.0053191864610398,1.0106666666666868,962.0,965.5,962.3499999999999,963.2,0.8500000000001364,0.4500000000000455,0.0010439234766266951,1,0,962.5297499999999,963.7402500000002,29.077253913636923,-29.077253913636923,-0.029308874506942372,-0.029746960684384705
DZ--JP,DZ,JP,10825.062201744677,10,10419.0,10415.5,10418.0,10415.999999999982,7.333333333333333,53.77777777777777,10410.5,10435.5,10415.5,10422.875,7.375,0.5,0.0007038423393159932,1,0,10415.3975,10423.5,406.0622017446767,-406.0622017446767,-0.037511304247215466,-0.03823295756159865
DZ--KE,DZ,KE,5468.388996259568,10,5414.929999999999,5465.0,5442.7875,5460.068299999204,104.84602519886006,10992.688999999998,5132.0,5475.0,5403.65,5467.525,63.875,7.5,0.019362397149891148,1,0,5340.883,5460.219750000001,53.458996259568266,-53.458996259568266,-0.0097760046507545,-0.00982410351743544
DZ--KR,DZ,KR,9964.003557283175,10,9951.669,9955.25,9952.932499999999,9953.419109749997,12.230077177915915,149.5747877777797,9928.53,9964.7,9945.1075,9960.375,15.267499999999927,7.984999999999673,0.001228947343195992,0,0,9944.347925,9958.900575,12.334557283174945,-12.334557283174945,-0.0012379117703304127,-0.001238678616029492
DZ--MA,DZ,MA,947.5149821768754,10,917.15,915.0,916.625,915.5930400126017,5.597866657139227,31.33611111111111,910.5,928.0,914.25,921.25,7.0,2.0,0.006103545392944695,0,0,913.9,920.80125,30.3649821768754,-30.3649821768754,-0.03204696785597326,-0.03257171339508726
DZ--MX,DZ,MX,9769.285470457762,10,9498.59,9502.0,9496.8875,9498.278922221414,69.88464224865317,4883.863222222239,9412.3,9598.5,9433.5,9545.775,112.27499999999964,65.5,0.007357370120054994,0,0,9459.269250000001,9538.33925,270.695470457762,-270.695470457762,-0.027708830013857495,-0.02809996178120523
DZ--MY,DZ,MY,10572.290569185669,10,10503.11,10520.7,10516.85,10512.092400406418,172.63916415460335,29804.281000000083,10170.8,10725.5,10408.075,10611.125,203.04999999999927,118.0,0.01643695668755286,0,0,10406.94275,10602.16975,69.18056918566799,-69.18056918566799,-0.006543574330741898,-0.0065650773690699845
DZ--NG,DZ,NG,3099.0147228469714,10,2751.5299999999997,2715.5,2742.475,2715.8775333333538,65.83243121744782,4333.908999999998,2695.0,2880.5,2715.075,2781.0,65.92500000000018,1.0,0.023925754477489916,1,0,2713.46975,2794.8379999999997,347.48472284697164,-347.48472284697164,-0.11212748370803088,-0.1189271090303518
DZ--NL,DZ,NL,1738.248506848775,10,1733.075,1733.0,1733.09375,1733.0714285714287,0.9283348294422414,0.8618055555555555,1731.5,1734.5,1732.5,1733.5,1.0,0.5,0.0005356576198042448,0,0,1732.5,1733.625625,5.173506848774878,-5.173506848774878,-0.002976275732952472,-0.002980713649401226
DZ--NO,DZ,NO,2632.9504054733866,10,2709.12,2658.15,2696.8,2678.584513988614,109.47568781342378,11984.926222222222,2611.5,2905.3,2632.3999999999996,2743.725,111.32500000000027,43.15000000000009,0.04041005485671501,0,0,2650.3267499999993,2776.58425,76.16959452661331,76.16959452661331,0.02892936926129398,0.028518814322398417
DZ--NZ,DZ,NZ,19142.8906277313,10,19495.69,19534.25,19498.2375,19510.46034285951,143.17326294466523,20498.58322222225,19260.5,19710.5,19412.625,19582.300000000003,169.6750000000029,76.0,0.007343841789886136,0,0,19413.6425,19579.54375,352.7993722686988,352.7993722686988,0.018429785716772413,0.018262015394996316
DZ--PE,DZ,PE,9941.552381823174,10,9502.035,9453.05,9473.71875,9459.849999996124,154.63847812451692,23913.058916666698,9365.5,9865.1,9424.0,9521.25,97.25,58.224999999999454,0.01627424842410251,1,0,9424.11225,9611.902,439.5173818231742,-439.5173818231742,-0.0442101358965602,-0.04521719751510814
DZ--PH,DZ,PH,11385.615764278304,10,11434.75,11452.75,11428.4375,11434.575811421693,175.00972830102904,30628.405000000006,11195.0,11725.0,11320.075,11539.125,219.04999999999927,128.19999999999982,0.015305076919130637,0,0,11335.08125,11533.5775,49.134235721696314,49.134235721696314,0.004315465824505696,0.004306180904782605
DZ--PK,DZ,PK,6243.845068536664,10,6245.9529999999995,6190.4,6233.00375,6202.516666668136,193.42719354090605,37414.079201111126,6010.5,6585.0,6150.725,6276.5,125.77499999999964,72.84999999999991,0.030968403627261696,2,0,6137.79875,6359.478099999999,2.1079314633352624,2.1079314633352624,0.0003376015003891323,0.0003375445258253232
DZ--PL,DZ,PL,2223.061077794254,10,2242.055,2257.45,2242.70625,2243.1146429844734,46.87916174117829,2197.655805555554,2176.4,2302.5,2196.5,2274.75,78.25,37.5,0.020909015051449802,0,0,2214.0073749999997,2267.6707499999998,18.993922205746003,18.993922205746003,0.008544039745678956,0.00850774602157973
DZ--PT,DZ,PT,1095.7494836242417,10,1108.21,1117.95,1112.7375000000002,1119.8499999988048,44.3975587416946,1971.143222222223,1024.5,1155.7,1114.9,1127.5,12.599999999999909,8.549999999999955,0.040062405809092684,4,0,1076.788,1131.2615,12.460516375758289,12.460516375758289,0.011371683548090351,0.011307511988929621
DZ--RU,DZ,RU,3341.3300109822576,10,3424.78,3480.4,3428.725,3479.6345700001016,72.34474257178458,5233.76177777778,3336.5,3481.5,3342.75,3480.5,137.75,1.099999999999909,0.021123909439959523,0,0,3382.8,3466.9015,83.44998901774261,83.44998901774261,0.024975081402752747,0.024668301468275866
DZ--SA,DZ,SA,4356.927852945174,10,4116.13,4129.5,4118.475,4124.388533334563,124.84582536517235,15586.48011111111,3863.5,4350.0,4067.95,4162.5,94.55000000000018,44.0,0.030330875206850207,2,0,4044.15975,4180.559750000001,240.79785294517387,-240.79785294517387,-0.055267808206280154,-0.05685378657960567
DZ--SE,DZ,SE,2735.695299839689,10,2969.7599999999998,2990.35,2984.825,2989.46664500073,55.02965261262935,3028.2626666666642,2820.5,2998.5,2982.925,2994.6749999999997,11.749999999999545,6.7000000000000455,0.01852999993690714,2,0,2929.38375,2992.9799999999996,234.06470016031062,234.06470016031062,0.08555949201434339,0.08209551492777148
DZ--SG,DZ,SG,10888.595168568347,10,10518.53,10484.0,10500.35,10483.32012857481,147.93755476927123,21885.520111111124,10332.5,10850.0,10436.125,10523.625,87.5,46.5,0.014064470488677717,2,0,10440.937249999999,10608.332,370.06516856834605,-370.06516856834605,-0.03398649346764197,-0.03457746294981022
DZ--SN,DZ,SN,3179.4676163160534,10,3166.9700000000003,3166.35,3167.2125,3167.1103888888865,2.880605646194727,8.297888888888941,3162.0,3170.0,3165.0,3170.0,5.0,2.5,0.0009095778129236232,0,0,3165.30975,3168.5,12.497616316053154,-12.497616316053154,-0.0039307260913491356,-0.003938471699055838
DZ--TH,DZ,TH,9758.062670903257,10,9581.305,9559.85,9584.88125,9568.616484288134,167.2275303790218,27965.04691666666,9257.5,9876.5,9520.9875,9627.25,106.26250000000073,55.149999999999636,0.0174535233330973,2,0,9480.974,9675.18325,176.75767090325644,-176.75767090325644,-0.018114012674904745,-0.018280079888360105
DZ--TR,DZ,TR,2617.4508653785942,10,2592.62,2601.05,2602.275,2603.3666666675726,52.34901675825015,2740.4195555555552,2463.5,2644.5,2588.15,2620.875,32.72499999999991,19.699999999999818,0.02019155015322344,1,0,2556.7552499999997,2618.2275000000004,24.830865378594353,-24.830865378594353,-0.009486659599626432,-0.009531944584533198
DZ--TZ,DZ,TZ,5847.445411357088,10,5432.09,5442.85,5433.05,5430.154937142929,94.79229281844464,8985.578777777751,5291.1,5565.4,5360.325,5486.375,126.05000000000018,75.60000000000036,0.01745042751840353,0,0,5376.52025,5485.87875,415.3554113570881,-415.3554113570881,-0.07103194337656783,-0.07368092544898955
DZ--UA,DZ,UA,2663.2115945563396,10,2767.1,2792.0,2772.75,2789.182114289678,73.34424161294312,5379.377777777778,2650.5,2838.5,2713.5,2818.5,105.0,34.0,0.02650581533480652,0,0,2721.6974999999998,2808.1,103.8884054436603,103.8884054436603,0.0390086937350417,0.038267079488283784
DZ--US,DZ,US,6808.566447806581,10,6451.7699999999995,6457.6,6452.6125,6452.583894286004,22.002376134307692,484.1045555555527,6412.3,6484.5,6434.875,6461.875,27.0,15.099999999999909,0.0034102852603716026,0,0,6438.210000000001,6463.742,356.79644780658145,-356.79644780658145,-0.05240404871447285,-0.053827079305275964
DZ--VN,DZ,VN,9710.302297086428,10,9729.52,9682.05,9719.5,9716.758309999495,161.2955313839924,26016.248444444478,9553.8,9985.4,9593.675,9837.5,243.82500000000073,127.39999999999964,0.01657795362813298,0,0,9629.843750000002,9827.00375,19.217702913572793,19.217702913572793,0.001979104493928995,0.001977148646755544
DZ--ZA,DZ,ZA,7401.6582042116315,10,7462.960000000001,7464.5,7464.9,7465.1955600000065,12.663876885763626,160.37377777777823,7435.0,7475.4,7460.125,7472.6,12.475000000000364,7.600000000000364,0.001696897328374214,1,0,7455.148,7469.90025,61.30179578836942,61.30179578836942,0.008282170575437807,0.008248061602195988
EG--ES,EG,ES,3355.0785607140415,10,3271.263,3271.315,3271.26625,3271.2630000021704,84.47833069294559,7136.588356666673,3191.0,3351.5,3191.025,3351.475,160.44999999999982,80.18499999999995,0.02582437752419955,0,0,3223.1890750000002,3319.41,83.81556071404157,-83.81556071404157,-0.024981698400589343,-0.025299037289270104
EG--ET,EG,ET,2452.617953664222,10,2484.7799999999997,2470.25,2482.4375,2470.75,23.120544015129855,534.5595555555569,2470.0,2518.3,2470.0,2506.7749999999996,36.774999999999636,0.25,0.009304865627995177,0,0,2470.7987500000004,2499.21,32.16204633577763,32.16204633577763,0.013113353544414608,0.013028117865580367
EG--FI,EG,FI,3381.1971957220794,10,3404.5199999999995,3398.3,3403.9624999999996,3399.26013333325,15.026480330107626,225.7951111111114,3385.5,3428.0,3395.875,3417.625,21.75,4.0,0.004413685432926705,0,0,3396.7589999999996,3413.9905000000003,23.322804277920113,23.322804277920113,0.006897794753712777,0.006874113802673666
EG--FJ,EG,FJ,16456.426551141787,10,16527.629999999997,16529.5,16530.1,16531.633333332884,36.254840289876334,1314.4134444444403,16460.0,16575.5,16515.0,16550.6,35.599999999998545,20.899999999999636,0.0021935897820725865,1,0,16504.54075,16547.65075,71.20344885821032,71.20344885821032,0.004326786780649536,0.004317453152122125
EG--FR,EG,FR,3214.633946258294,10,3210.05,3210.0,3210.0,3210.05,0.15811388300841897,0.025,3210.0,3210.5,3210.0,3210.0,0.0,0.0,4.92558941475737e-05,1,0,3210.0,3210.15,4.583946258293963,-4.583946258293963,-0.0014259621266146008,-0.0014269797781446198
EG--GB,EG,GB,3513.224272125026,10,3510.0,3510.0,3510.0,3510.0,0.0,0.0,3510.0,3510.0,3510.0,3510.0,0.0,0.0,0.0,0,0,3510.0,3510.0,3.224272125025891,-3.224272125025891,-0.0009177530027354735,-0.0009181743958653939
EG--GH,EG,GH,4270.0929109249555,10,4254.9,4250.0,4253.75,4250.7413000000015,10.908202825804482,118.98888888888888,4244.0,4275.0,4250.0,4261.25,11.25,2.5,0.00256368018656243,0,0,4248.797500000001,4261.4,15.192910924955868,-15.192910924955868,-0.0035579813465147513,-0.0035643260160937973
EG--GR,EG,GR,1119.9840833129142,10,1109.9,1110.0,1110.0,1109.9,0.31622776601683794,0.1,1109.0,1110.0,1110.0,1110.0,0.0,0.0,0.00028491554736177847,1,0,1109.7,1110.0,10.084083312914117,-10.084083312914117,-0.00900377377068198,-0.009044552702469259
EG--IN,EG,IN,4435.964091411309,10,4401.9220000000005,4400.05,4400.1525,4400.246666666667,5.652762942923468,31.95372888888879,4400.0,4418.0,4400.0,4400.405,0.40499999999974534,0.0500000000001819,0.001284157907142259,1,0,4400.059899999999,4405.55,34.04209141130832,-34.04209141130832,-0.007674113385457495,-0.007703710914012215
EG--IT,EG,IT,2134.7872271725983,10,2130.1,2130.0,2129.75,2129.777777777778,1.4491376746189437,2.0999999999999996,2129.0,2134.0,2129.25,2130.0,0.75,0.0,0.0006803143864696229,1,0,2129.5,2131.0,4.687227172598341,-4.687227172598341,-0.0021956413795890567,-0.002198055334222664
EG--JP,EG,JP,9586.616311745503,10,9560.5,9560.0,9560.0,9560.111111111111,1.5811388300841898,2.5000000000000004,9560.0,9565.0,9560.0,9560.0,0.0,0.0,0.00016538244130371736,1,0,9560.0,9561.5,26.11631174550348,-26.11631174550348,-0.002724247106198026,-0.002727964620499194
EG--KE,EG,KE,3517.610461321371,10,3513.7599999999998,3515.0,3513.8875,3514.8499999999817,2.6348940522659787,6.94266666666663,3510.0,3516.5,3511.25,3515.375,4.125,0.5499999999999545,0.0007498787772260994,0,0,3512.1694999999995,3515.22025,3.850461321371313,-3.850461321371313,-0.0010946241386617062,-0.0010952236772170012
EG--KR,EG,KR,8503.339014259222,10,8341.2,8345.0,8338.875,8340.098771428571,27.184758801782866,739.0111111111111,8300.5,8400.5,8326.25,8350.0,23.75,11.0,0.003259094471033288,1,0,8325.24875,8358.202500000001,162.13901425922086,-162.13901425922086,-0.019067687879705898,-0.019251820655312748
EG--MA,EG,MA,3603.4430310091693,10,3484.29,3435.5,3465.05,3436.6186285712233,103.99784666574163,10815.552111111108,3430.0,3692.5,3432.8,3440.75,7.949999999999818,4.0,0.029847643756903595,2,0,3434.179,3556.7425000000003,119.15303100916935,-119.15303100916935,-0.03306643950904913,-0.033625492723855975
EG--MX,EG,MX,12386.314913876035,10,12414.85,12460.0,12419.25,12453.565333332968,76.84112397234526,5904.558333333333,12314.5,12480.0,12333.5,12480.0,146.5,20.0,0.006189452467999634,0,0,12370.887499999999,12456.0,28.53508612396581,28.53508612396581,0.0023037591343651994,0.002301109549846591
EG--MY,EG,MY,7957.843206792961,10,7661.44,7602.35,7639.8625,7602.866666664693,152.96184854763987,23397.327111111117,7545.0,7950.5,7580.125,7621.5,41.375,23.5,0.019965156491160915,2,0,7584.018499999999,7763.9905,296.4032067929611,-296.4032067929611,-0.037246675900820196,-0.037958053580350426
EG--NG,EG,NG,3387.4680508755546,10,3424.8,3427.75,3425.625,3426.3797333332263,13.144918747899847,172.7888888888889,3400.5,3442.5,3415.625,3433.75,18.125,8.0,0.003838156607071901,0,0,3416.05,3432.205,37.3319491244456,37.3319491244456,0.0110206055271271,0.010960321163107797
EG--NL,EG,NL,3281.685911866004,10,3286.4,3288.5,3286.5,3287.365659990519,3.446415206816755,11.877777777777775,3281.5,3290.5,3282.75,3288.5,5.75,1.5,0.0010486901189194118,0,0,3284.4,3288.3,4.714088133996029,4.714088133996029,0.0014364836430417391,0.001435452887404469
EG--NO,EG,NO,3657.274374511535,10,3669.25,3673.0,3669.9375,3670.1278400000133,11.023333837314775,121.51388888888889,3650.5,3682.5,3659.75,3675.25,15.5,8.0,0.003004247145142679,0,0,3662.1,3675.355,11.975625488465084,11.975625488465084,0.003274467338826485,0.003269117945079134
EG--NZ,EG,NZ,16524.182617665698,10,16287.970000000001,16260.0,16274.875,16252.083333333141,140.43210340469415,19721.17566666671,16140.5,16540.2,16199.0,16290.125,91.125,59.0,0.008621829694227957,2,0,16212.83625,16374.577500000001,236.2126176656966,-236.2126176656966,-0.014294965332395083,-0.014398122615961184
EG--PE,EG,PE,12429.606272791647,10,12352.8,12345.0,12353.125,12350.835285384414,110.10883504767251,12123.955555555554,12190.0,12513.0,12266.25,12427.5,161.25,95.0,0.008913674231564708,0,0,12290.475,12420.5025,76.80627279164764,-76.80627279164764,-0.0061793005430732136,-0.00619847143661815
EG--PH,EG,PH,9188.405775476658,10,9017.289999999999,8952.7,9063.05,9063.049999301507,310.9249586136322,96674.32988888891,8293.0,9375.5,8936.625,9269.75,333.125,153.25,0.03448097583793271,1,0,8829.94675,9192.36025,171.1157754766591,-171.1157754766591,-0.018623010308638912,-0.018798602013105674
EG--PK,EG,PK,3959.781346765724,10,3473.2599999999998,3452.25,3466.45,3454.571015714671,46.51941530157057,2164.0559999999978,3440.5,3560.5,3446.8500000000004,3463.5,16.649999999999636,7.349999999999909,0.013393588531112145,2,0,3449.8085,3504.5159999999996,486.52134676572405,-486.52134676572405,-0.12286571003803169,-0.1310951740882969
EG--PL,EG,PL,2605.2551344227354,10,2620.5870000000004,2620.25,2620.5375,2620.25,2.3647694273320807,5.592134444444497,2617.0,2624.57,2620.0,2620.5,0.5,0.25,0.0009023815760866097,4,0,2619.3665749999996,2622.014,15.331865577265035,15.331865577265035,0.0058849766284645375,0.005867727793083914
EG--PT,EG,PT,3804.4459470065553,10,3795.4910000000004,3795.5,3796.70125,3796.889850000054,8.688442450878226,75.48903222222283,3776.5,3804.8,3795.5,3802.0,6.5,6.0,0.0022891484793082697,2,0,3789.628275,3800.2129750000004,8.954947006554903,-8.954947006554903,-0.0023538110755919415,-0.00235658564360946
EG--RU,EG,RU,2899.390144089835,10,2901.35,2901.5,2901.375,2901.35,0.24152294576982397,0.058333333333333334,2901.0,2901.5,2901.125,2901.5,0.375,0.0,8.324502241019663e-05,0,0,2901.2,2901.5,1.9598559101650608,1.9598559101650608,0.0006759545327696115,0.0006757261784034946
EG--SA,EG,SA,1646.868560351307,10,1613.1100000000001,1611.5,1612.5125,1611.825,3.2405246488801818,10.501000000000026,1611.5,1619.5,1611.5,1611.8,0.2999999999999545,0.0,0.0020088677454607445,2,0,1611.56,1615.39,33.75856035130687,-33.75856035130687,-0.020498636724296658,-0.020711649790747678
EG--SE,EG,SE,3404.607659449505,10,3429.65,3430.0,3430.0,3430.0,1.9155794017592809,3.6694444444444443,3424.5,3432.0,3430.0,3430.0,0.0,0.0,0.0005585349530591404,2,0,3428.35,3430.6,25.042340550495283,25.042340550495283,0.00735542625036108,0.007328507023694971
EG--SG,EG,SG,8269.808521932006,10,8285.15,8288.0,8286.0,8287.666666666666,4.801909342473402,23.058333333333337,8275.0,8288.5,8281.75,8288.5,6.75,0.5,0.0005795802541261658,0,0,8282.0,8287.65,15.341478067994103,15.341478067994103,0.0018551188975304113,0.0018534002896215197
EG--SN,EG,SN,5253.120694234128,10,5243.5,5227.5,5238.125,5237.633428132487,130.4703031344681,17022.5,5050.0,5480.0,5153.75,5318.75,165.0,90.0,0.02488229295975362,0,0,5169.975,5322.5,9.620694234127768,-9.620694234127768,-0.001831424555824032,-0.0018331036641959773
EG--TH,EG,TH,7278.235334714449,10,7270.793,7270.0,7270.7787499999995,7269.621666666644,11.7552560820918,138.18604555555623,7250.7,7291.0,7265.125,7274.3075,9.18249999999989,5.0,0.0016167777135302572,2,0,7263.707999999999,7277.9234,7.442334714449316,-7.442334714449316,-0.0010225465888622995,-0.0010230697462910825
EG--TR,EG,TR,1105.6067845732575,10,1105.28,1104.5,1104.625,1104.2500000000416,4.2603599221975035,18.15066666666672,1100.8,1115.0,1102.75,1105.375,2.625,1.5,0.0038545526221387375,2,0,1103.06,1107.9012500000001,0.32678457325755517,-0.32678457325755517,-0.0002955703400315941,-0.00029561402955363106
EG--TZ,EG,TZ,4038.353951938408,10,3670.05,3677.75,3676.3125,3676.3125000080777,117.72412430952478,13858.969444444443,3455.0,3835.0,3592.625,3764.875,172.25,87.25,0.032076981051899774,0,0,3604.98625,3734.5837500000002,368.30395193840786,-368.30395193840786,-0.0912015034644554,-0.09563188535690845
EG--UA,EG,UA,2264.232150700553,10,2273.95,2272.75,2272.9375,2272.854657147725,4.0650953248355695,16.525000000000006,2271.0,2285.0,2272.0,2273.875,1.875,1.0,0.001787680170995655,1,0,2272.15,2276.5,9.717849299446698,9.717849299446698,0.004291896171706597,0.004282712253570757
EG--US,EG,US,9366.819693047106,10,9425.227,9430.1,9425.54625,9428.192570000356,18.634506850344902,347.2448455555511,9400.1,9447.8,9406.5,9439.25,32.75,11.649999999999636,0.0019770883874038153,0,0,9414.287425,9436.035424999998,58.40730695289494,58.40730695289494,0.006235553674236954,0.00621619305054749
EG--VN,EG,VN,7437.521764642192,10,7566.5,7483.0,7562.3125,7564.140982806029,247.7330552563922,61371.666666666664,7271.5,7895.0,7371.25,7812.625,441.375,207.25,0.032740772517860596,0,0,7423.94875,7710.22625,128.97823535780844,128.97823535780844,0.01734156072940425,0.017192911939031517
EG--ZA,EG,ZA,6178.42759423283,10,6268.7,6268.5,6268.375,6268.512428571397,8.44656406146573,71.34444444444446,6255.0,6285.0,6265.0,6273.75,8.75,5.0,0.0013474187728661016,0,0,6263.4975,6273.5,90.2724057671694,90.2724057671694,0.014610902918314194,0.01450519211904415
ES--ET,ES,ET,5435.390315315712,10,5500.09,5492.1,5501.837500000001,5501.837500000369,68.19919272901174,4651.129888888888,5390.6,5595.6,5467.175,5559.8,92.625,61.29999999999973,0.012399650320087805,0,0,5458.835499999999,5538.998,64.69968468428851,64.69968468428851,0.011903410966086337,0.011833122600832215
ES--FI,ES,FI,2953.7168515011904,10,2948.1580000000004,2948.37,2948.2225,2948.158,0.42530511923135245,0.18088444444439492,2947.3,2948.5,2948.075,2948.37,0.29500000000007276,0.09999999999990905,0.00014426130459471725,2,0,2947.896925,2948.38305,5.55885150119002,-5.55885150119002,-0.0018819852344224538,-0.0018837583936893213
ES--FJ,ES,FJ,17527.210746850342,10,17313.15,17290.25,17303.3125,17290.25,51.306838400613486,2632.3916666666664,17285.0,17420.0,17290.0,17290.5,0.5,0.25,0.0029634606296724446,4,0,17288.591249999998,17349.221250000002,214.06074685034037,-214.06074685034037,-0.012213052603866665,-0.01228824477529341
ES--FR,ES,FR,1054.2206353287124,10,1052.8,1053.0,1052.875,1052.8,0.42163702135578396,0.1777777777777778,1052.0,1053.0,1053.0,1053.0,0.0,0.0,0.00040049109171332064,2,0,1052.5,1053.0,1.4206353287124784,-1.4206353287124784,-0.0013475692669111107,-0.001348478054903977
ES--GB,ES,GB,1263.9687927349041,10,1263.35,1263.0,1263.3125,1263.35,0.4743416490252569,0.22499999999999998,1263.0,1264.0,1263.0,1263.875,0.875,0.0,0.0003754633704240764,0,0,1263.1,1263.65,0.6187927349042184,-0.6187927349042184,-0.0004895633012942588,-0.0004896831765331668
ES--GH,ES,GH,3875.784925520151,10,3897.9,3895.5,3897.0,3897.0190777667426,6.586180818788517,43.37777777777777,3890.5,3912.5,3894.0,3900.5,6.5,4.5,0.001689674137045208,1,0,3894.3,3901.9025,22.115074479849227,22.115074479849227,0.0057059601873757915,0.0056897428575931885
ES--GR,ES,GR,2374.062233299252,10,2371.68,2371.5,2371.5375,2371.542857142857,1.0962562555250497,1.201777777777803,2370.5,2374.0,2371.0,2372.2250000000004,1.2250000000003638,0.650000000000091,0.00046222772698047365,0,0,2371.05,2372.4,2.3822332992522206,-2.3822332992522206,-0.0010034418078171494,-0.0010039455925886975
ES--IN,ES,IN,7287.614249142348,10,7171.35,7265.0,7206.6875,7263.252749999972,205.71042889351904,42316.78055555555,6780.0,7280.0,7252.5,7277.625,25.125,15.0,0.02868503543872758,2,0,7024.94125,7272.0,116.26424914234758,-116.26424914234758,-0.015953677728761547,-0.016082307558998348
ES--IT,ES,IT,1365.1557413989822,10,1362.01,1362.25,1362.0125,1362.01,0.9146341102077593,0.8365555555555396,1361.0,1363.0,1361.0,1362.8,1.7999999999999545,0.75,0.0006715325953610908,0,0,1361.48,1362.55,3.1457413989821816,-3.1457413989821816,-0.002304309540359471,-0.002306968547156827
ES--JP,ES,JP,10789.251153816349,10,10766.0,10765.0,10765.0,10765.111111109456,3.1622776601683795,10.000000000000002,10765.0,10775.0,10765.0,10765.0,0.0,0.0,0.00029372818690027677,1,0,10765.0,10768.0,23.25115381634896,-23.25115381634896,-0.0021550294348393786,-0.0021573548522678793
ES--KE,ES,KE,6176.5987043900495,10,5795.65,5795.0,5796.25,5796.009666666652,5.142686284639792,26.44722222222223,5785.0,5801.5,5795.0,5800.0,5.0,5.0,0.0008873355507388804,1,0,5792.5,5798.3,380.9487043900499,-380.9487043900499,-0.06167612995794734,-0.06366011234004462
ES--KR,ES,KR,10019.900842150517,10,9975.728,9972.0,9975.16,9972.507682000001,10.483036879751245,109.8940622222247,9965.0,9991.0,9967.81,9986.0,18.19000000000051,4.710000000000036,0.0010508543215844745,0,0,9969.9534,9982.640549999998,44.17284215051768,-44.17284215051768,-0.004408510907083697,-0.0044182570458131685
ES--MA,ES,MA,760.8123052479816,10,703.8789999999999,766.55,713.84875,763.9244750009437,101.26681264527551,10254.967343333332,557.2,770.8,607.26,767.85,160.59000000000003,4.25,0.14386963191866148,0,0,640.9146000000001,766.5547499999999,56.93330524798171,-56.93330524798171,-0.07483226132814016,-0.0777802188049465
ES--MX,ES,MX,9078.13985240458,10,9063.9,9064.5,9064.0,9064.166666666666,1.286683937707919,1.6555555555555557,9062.0,9065.0,9063.0,9065.0,2.0,0.5,0.00014195698735730965,0,0,9063.1,9064.7,14.239852404580233,-14.239852404580233,-0.001568587027309173,-0.0015698185479403465
ES--MY,ES,MY,11077.974673965115,10,11006.601,11064.5,11062.938750000001,11062.938749999952,185.15123148688787,34280.97852111114,10480.0,11082.5,11059.27,11065.400000000001,6.130000000001019,3.6149999999997817,0.016821835504611082,2,0,10887.901000000002,11068.135225,71.373673965114,-71.373673965114,-0.006442845020475875,-0.006463689727502427
ES--NG,ES,NG,3642.923695107211,10,3730.2700000000004,3716.5,3726.8999999999996,3726.9805999996224,94.024477309546,8840.60233333333,3610.5,3877.0,3665.5,3801.0,135.5,79.0,0.025205810118180717,0,0,3680.0675000000006,3782.9072499999997,87.34630489278925,87.34630489278925,0.023976978988086834,0.023694044907657832
ES--NL,ES,NL,1481.542258526469,10,1475.2720000000002,1481.25,1476.2525,1480.8671428594857,9.700684741008997,94.1032844444448,1461.0,1481.7,1466.2925,1481.25,14.957499999999982,0.06500000000005457,0.006575522846640481,0,0,1469.22695,1481.250475,6.270258526468751,-6.270258526468751,-0.0042322508793674945,-0.004241232202887664
ES--NO,ES,NO,2391.208799044871,10,2559.5099999999998,2594.65,2594.4375,2594.4374999999563,111.93195800227129,12528.763222222224,2241.0,2598.6,2592.4,2596.275,3.875,1.849999999999909,0.043731791632879456,1,0,2488.4900000000002,2595.75025,168.30120095512893,168.30120095512893,0.07038331450702008,0.06801682217898243
ES--NZ,ES,NZ,19851.726976157825,10,19855.0,19855.0,19855.0,19855.0,0.0,0.0,19855.0,19855.0,19855.0,19855.0,0.0,0.0,0.0,0,0,19855.0,19855.0,3.273023842175462,3.273023842175462,0.00016487350677885128,0.0001648599166360923
ES--PE,ES,PE,9503.708312480001,10,9507.7,9508.1,9508.0625,9508.21407,3.1566508271338005,9.964444444444506,9500.5,9512.0,9507.349999999999,9509.625,2.275000000001455,1.3500000000003638,0.00033200993164843236,1,0,9505.679250000001,9509.380000000001,3.9916875199996866,3.9916875199996866,0.00042001368189698284,0.0004199255008411813
ES--PH,ES,PH,11671.011912853837,10,11640.35,11640.45,11640.35,11640.35,0.3628590176177981,0.13166666666655352,11639.7,11641.0,11640.1,11640.5,0.3999999999996362,0.050000000001091394,3.117251780382876e-05,0,0,11640.13975,11640.57,30.66191285383684,-30.66191285383684,-0.002627185464532636,-0.0026306425725686694
ES--PK,ES,PK,6659.012517572479,10,6210.304999999999,6206.9,6188.90625,6190.79900889535,218.02153875503015,47533.39136111111,5945.3,6646.5,6023.75,6331.15,307.39999999999964,175.80000000000018,0.03510641405776853,0,0,6086.390375000001,6344.9039999999995,448.70751757247945,-448.70751757247945,-0.06738349213015961,-0.06976119385331657
ES--PL,ES,PL,2294.1560974438808,10,2290.251,2290.3,2290.25125,2290.251,0.23287812740191413,0.05423222222222215,2290.0,2290.5,2290.0,2290.4775,0.4774999999999636,0.1999999999998181,0.00010168236031854767,0,0,2290.111,2290.381025,3.9050974438805497,-3.9050974438805497,-0.0017021934332330565,-0.0017036438105907056
ES--PT,ES,PT,504.8178933567692,10,502.60200000000003,502.5,502.5825,502.602,0.1650454482862283,0.02724000000000206,502.5,502.86,502.5,502.725,0.22500000000002274,0.0,0.0003283819966618284,0,0,502.53000000000003,502.704,2.215893356769186,-2.215893356769186,-0.00438949051911508,-0.004399152617449958
ES--RU,ES,RU,3447.7208209357696,10,3440.0,3440.0,3440.0,3440.0,0.0,0.0,3440.0,3440.0,3440.0,3440.0,0.0,0.0,0.0,0,0,3440.0,3440.0,7.720820935769552,-7.720820935769552,-0.0022393985292794073,-0.002241909731922069
ES--SA,ES,SA,4976.67214260894,10,4758.658,4794.0,4774.5337500000005,4796.22833333334,142.40245135218393,20278.45815111111,4484.5,4905.81,4772.375,4816.6525,44.277500000000146,25.684999999999945,0.029924918191680073,4,0,4668.279275,4832.285,218.01414260893944,-218.01414260893944,-0.04380721421095042,-0.04479572748597699
ES--SE,ES,SE,2599.80340123646,10,2590.4919999999997,2590.35,2590.44,2590.492,0.5548533339741923,0.3078622222222766,2590.0,2591.4,2590.0,2590.9875,0.9875000000001819,0.34999999999990905,0.0002141883989505439,0,0,2590.1850000000004,2590.8221000000003,9.31140123646037,-9.31140123646037,-0.003581578988638868,-0.0035880081984037532
ES--SG,ES,SG,11394.820059047039,10,11375.61,11379.75,11375.7625,11379.008700000004,14.250103313465582,203.06544444444276,11350.0,11400.0,11374.5,11380.5,6.0,1.5,0.0012526891580728929,3,0,11366.796499999999,11383.311000000002,19.210059047038158,-19.210059047038158,-0.0016858589207633977,-0.0016872815800739024
ES--SN,ES,SN,3146.0652951641023,10,3150.81,3150.75,3150.7625,3150.7624999978607,0.7795297727904085,0.6076666666666658,3150.0,3152.0,3150.075,3151.2250000000004,1.1500000000005457,0.650000000000091,0.0002474061504154197,0,0,3150.36975,3151.2599999999998,4.7447048358976645,4.7447048358976645,0.0015081393393808044,0.0015070032393685766
ES--TH,ES,TH,10195.38770323311,10,10191.259999999998,10191.7,10191.725,10191.642857145202,2.255955082295373,5.089333333334323,10185.3,10193.5,10191.175,10191.7,0.5250000000014552,0.3500000000003638,0.000221361743522918,3,0,10189.82,10192.35075,4.1277032331108785,-4.1277032331108785,-0.0004048598595031283,-0.00040494183738314874
ES--TR,ES,TR,3091.375943481574,10,3127.6,3137.25,3139.4375,3137.610974285052,58.11016357842328,3376.7911111111116,2975.0,3185.5,3125.025,3153.3,28.27500000000009,15.700000000000045,0.018579793956523625,1,0,3092.2629999999995,3154.99425,36.224056518426096,36.224056518426096,0.011717777837667259,0.011649656317748532
ES--TZ,ES,TZ,6547.695065885699,10,6056.775,6079.025,6071.34375,6083.8375312471835,128.92250740916666,16621.01291666663,5814.5,6182.5,6028.85,6156.15,127.29999999999927,76.875,0.021285668925982337,1,0,5969.62175,6124.540624999999,490.92006588569893,-490.92006588569893,-0.07497601231362365,-0.07793560917203637
ES--UA,ES,UA,2867.9152687436067,10,2864.434,2865.0,2864.6425,2864.62,1.07227898525625,1.1497822222221732,2862.0,2865.2,2863.875,2865.0299999999997,1.1549999999997453,0.06999999999993634,0.0003743423605697495,1,0,2863.70375,2864.93,3.481268743606506,-3.481268743606506,-0.00121386736266152,-0.0012146046963925235
ES--US,ES,US,6103.59738093071,10,6116.09,6111.5,6110.2875,6111.396749999912,22.77905714564255,518.8854444444489,6100.0,6178.6,6104.25,6115.0,10.75,3.75,0.003724447669285859,1,0,6106.379,6131.5605000000005,12.492619069290413,12.492619069290413,0.002046763292139933,0.002044671525900177
ES--VN,ES,VN,10056.382163469798,10,9721.66,9947.8,9738.45,9891.23198852449,420.7134554011264,176999.81155555556,9190.5,10118.5,9256.75,10072.5,815.75,147.70000000000073,0.043275886566813325,0,0,9458.655,9959.36,334.72216346979803,-334.72216346979803,-0.03328455084828512,-0.03385108830927335
ES--ZA,ES,ZA,8029.9477888894835,10,7971.3,7956.05,7971.5625,7962.11269333445,50.619737037817366,2562.357777777779,7890.5,8050.0,7945.625,8015.75,70.125,20.800000000000182,0.006350248646747377,0,0,7942.7465,8003.88775,58.64778888948331,-58.64778888948331,-0.007303632655075346,-0.007330434761621571
ET--FI,ET,FI,5790.019542298963,10,5511.32,5519.25,5513.025,5511.320000000215,80.28422842210875,6445.557333333335,5395.5,5613.5,5441.3,5578.625,137.32499999999982,81.75,0.014567150595884246,0,0,5461.889749999999,5557.3035,278.699542298963,-278.699542298963,-0.04813447351307275,-0.04933150785821628
ET--FJ,ET,FJ,15572.54742661621,10,15436.920000000002,15435.5,15424.837500000001,15429.728640004836,220.01278144689678,48405.62399999997,15140.5,15830.0,15285.3,15578.15,292.85000000000036,155.19999999999982,0.014252375567593584,0,0,15304.38225,15572.845999999998,135.62742661620723,-135.62742661620723,-0.008709392426340999,-0.008747540845774088
ET--FR,ET,FR,5564.644582105378,10,5590.589999999999,5593.0,5590.6375,5590.941994285722,7.179979882361224,51.552111111111905,5580.5,5600.3,5585.125,5595.9,10.774999999999636,5.400000000000091,0.0012842973429210915,0,0,5586.4095,5594.5215,25.94541789462164,25.94541789462164,0.0046625471783150645,0.004651711174418323
ET--GB,ET,GB,5886.122685458142,10,5898.7,5899.25,5898.8125,5898.922466666668,1.960725489313699,3.844444444444444,5895.0,5901.5,5897.25,5900.0,2.75,1.0,0.00033239959470963076,0,0,5897.45,5899.85,12.577314541857959,12.577314541857959,0.002136774106481101,0.0021344944515175324
ET--GH,ET,GH,4312.516347158949,10,4379.0,4380.0,4380.0,4380.0,32.30067078766838,1043.3333333333335,4315.0,4435.0,4368.75,4388.75,20.0,12.5,0.0073762664507121215,2,0,4359.4875,4397.0,66.48365284105057,66.48365284105057,0.015416440771256312,0.015298814823414093
ET--GR,ET,GR,3541.0060008455616,10,3124.25,3019.0,3080.125,3018.8333333337164,227.8890141664968,51933.402777777774,3008.5,3593.0,3016.75,3021.0,4.25,2.5,0.07294199061102562,3,0,3015.4975,3282.705,416.75600084556163,-416.75600084556163,-0.11769423738509449,-0.12521661341996626
ET--IN,ET,IN,4568.968215495237,10,4604.1,4560.0,4559.0625,4560.083333333351,149.27543520470994,22283.155555555553,4540.0,5028.5,4560.0,4560.375,0.375,0.25,0.03242228344404116,4,0,4554.1,4699.20375,35.131784504763345,35.131784504763345,0.007689216218580186,0.007659804866171791
ET--IT,ET,IT,4456.489579759943,10,4481.8,4481.5,4482.25,4482.248194444468,7.5099933422074345,56.39999999999999,4468.5,4491.5,4476.625,4487.25,10.625,6.25,0.0016756645415251538,0,0,4477.34875,4486.15,25.310420240057283,25.310420240057283,0.005679452355281996,0.005663385072625646
ET--JP,ET,JP,10415.439814966736,10,9708.0,9715.0,9705.3125,9714.26218000001,46.32553891273749,2146.0555555555557,9635.0,9802.5,9707.75,9716.25,8.5,3.5,0.004771893171893026,3,0,9682.24875,9733.95,707.4398149667359,-707.4398149667359,-0.06792222196418071,-0.07033901495040716
ET--KE,ET,KE,1159.806608820494,10,1162.05,1162.0,1162.0625,1162.0833333332826,1.5356865999719256,2.358333333333333,1160.0,1164.0,1161.0,1163.375,2.375,1.25,0.0013215322920458893,0,0,1161.15,1163.0,2.243391179506034,2.243391179506034,0.0019342803898897674,0.0019324120784140538
ET--KR,ET,KR,9256.901270317068,10,9173.84,9171.0,9171.0,9171.0,22.81861812935501,520.689333333329,9145.0,9225.4,9160.0,9183.75,23.75,12.5,0.002487357325760533,1,0,9161.5975,9188.272500000001,83.06127031706819,-83.06127031706819,-0.008972902258708348,-0.009013401190170994
ET--MA,ET,MA,5405.302959239058,10,5505.83,5537.5,5507.85,5522.709101788839,106.42947638903637,11327.23344444445,5345.0,5650.5,5409.125,5572.875,163.75,58.65000000000009,0.019330323745745212,0,0,5442.6224999999995,5566.71375,100.52704076094233,100.52704076094233,0.01859785501737986,0.018427029651678885
ET--MX,ET,MX,14431.004638352826,10,14234.85,14242.75,14228.375,14231.08333333634,138.5612680369229,19199.224999999995,14041.5,14480.0,14142.5,14313.0,170.5,95.25,0.009733946479023165,0,0,14152.57375,14315.22625,196.1546383528257,-196.1546383528257,-0.013592583695213548,-0.013685808603102836
ET--MY,ET,MY,6996.0854221014015,10,6970.15,6939.65,6957.5625,6954.065234274011,261.83516124971953,68557.65166666663,6600.5,7440.5,6796.5,7136.975,340.47500000000036,186.39999999999964,0.03756521183184287,0,0,6825.40275,7115.86225,25.935422101401855,-25.935422101401855,-0.0037071334234240493,-0.0037140218720687996
ET--NG,ET,NG,3425.380993916935,10,3467.25,3465.5,3467.1875,3466.8119500000194,5.6531702020488765,31.958333333333336,3460.0,3475.0,3465.0,3472.375,7.375,3.75,0.001630447819467554,0,0,3464.1487500000003,3470.65,41.86900608306496,41.86900608306496,0.012223167629358394,0.012149067926893771
ET--NL,ET,NL,5692.490720486377,10,5505.42,5477.5,5495.4625,5476.333333333323,90.4182110467183,8175.452888888891,5415.0,5675.5,5470.0,5482.0,12.0,7.5,0.016423490132763403,4,0,5458.2505,5561.697,187.07072048637656,-187.07072048637656,-0.032862718565906224,-0.03341482728236319
ET--NO,ET,NO,6109.632738802692,10,5845.5199999999995,5839.5,5849.775,5849.775000000041,98.05614944736757,9615.008444444484,5665.4,5991.6,5780.424999999999,5915.15,134.72500000000036,74.20000000000027,0.016774581123213603,0,0,5786.84675,5903.5175,264.11273880269255,-264.11273880269255,-0.04322890590874549,-0.04419110726715863
ET--NZ,ET,NZ,14423.0253472428,10,14196.66,14165.25,14197.15,14186.583333338904,210.1261959447757,44153.01822222227,13865.2,14524.2,14088.875,14285.375,196.5,120.0,0.014801100818416141,0,0,14068.52775,14318.953249999999,226.36534724279954,-226.36534724279954,-0.015694720198635236,-0.01581918634493513
ET--PE,ET,PE,13010.580677525299,10,12875.38,12865.25,12872.9,12884.166666674566,239.85442251499106,57530.14399999985,12495.2,13275.4,12785.0,13020.375,235.375,151.75,0.01862891988547065,0,0,12734.1775,13021.49175,135.2006775252994,-135.2006775252994,-0.01039159441660028,-0.010445964019762596
ET--PH,ET,PH,8943.42800028437,10,8649.57,8667.0,8649.3125,8648.250000020791,233.2020680773554,54383.2045555555,8341.2,8960.0,8468.75,8825.125,356.375,194.5,0.02696111691995734,0,0,8508.26675,8795.120749999998,293.85800028437006,-293.85800028437006,-0.032857423381171785,-0.03340935218555915
ET--PK,ET,PK,4460.31441309416,10,4417.33,4433.0,4418.674999999999,4422.023614366246,143.10967860739237,20480.380111111135,4195.4,4628.5,4302.075,4491.575000000001,189.5000000000009,103.05000000000018,0.032397325671252176,0,0,4329.41725,4493.54,42.98441309416012,-42.98441309416012,-0.009637081405734679,-0.009683818590508436
ET--PL,ET,PL,5054.603703831145,10,5228.070000000001,5193.95,5219.5875,5219.416666666667,148.9317893832236,22180.67788888887,5035.5,5488.5,5156.675,5329.424999999999,172.7499999999991,101.94999999999982,0.028486953958769407,0,0,5144.161,5317.64,173.46629616885548,173.46629616885548,0.034318476053300954,0.03374273258278767
ET--PT,ET,PT,5784.177787414981,10,5683.9800000000005,5683.0,5696.225,5693.181193332396,103.92376265534482,10800.148444444441,5475.0,5795.0,5627.875,5776.125,148.25,85.09999999999991,0.018283625673444454,0,0,5619.605750000001,5742.81375,100.19778741498067,-100.19778741498067,-0.01732273645408819,-0.017474530600746566
ET--RU,ET,RU,5182.912971370709,10,5139.87,5140.0,5139.7125,5139.555219990506,3.4419148417381806,11.846777777777564,5135.5,5145.5,5137.75,5140.0,2.25,1.5,0.000669650174369815,2,0,5138.05,5142.00225,43.04297137070898,-43.04297137070898,-0.008304783740045233,-0.008339460579089792
ET--SA,ET,SA,1928.2054708788808,10,1974.65,1976.15,1975.1,1975.100000000008,12.860296350482066,165.38722222222236,1950.0,1995.7,1966.25,1982.675,16.424999999999955,8.399999999999977,0.006512696604705677,0,0,1967.81975,1981.9425,46.44452912111933,46.44452912111933,0.024086919066747488,0.02380140491617185
ET--SE,ET,SE,5846.588012893221,10,5658.12,5685.85,5663.7875,5674.420891428565,162.72364302706592,26478.98399999998,5414.5,5856.4,5557.05,5781.174999999999,224.1249999999991,117.59999999999945,0.028759312815399094,0,0,5554.265,5749.875500000001,188.46801289322138,-188.46801289322138,-0.032235555588593076,-0.03276656386836192
ET--SG,ET,SG,7265.102216993072,10,7359.33,7360.0,7358.75,7358.749999999999,7.064472929934635,49.906777777779254,7350.2,7373.1,7353.25,7363.5,10.25,4.75,0.000959934250799276,0,0,7355.3200000000015,7363.76025,94.2277830069279,94.2277830069279,0.012969918411681687,0.012886529279407298
ET--SN,ET,SN,6138.121973536205,10,6175.0,6170.0,6171.875,6171.874999968316,22.973414586817036,527.7777777777777,6145.0,6230.0,6161.25,6183.75,22.5,10.0,0.003720391026205188,1,0,6163.0,6188.5125,36.87802646379532,36.87802646379532,0.006008030896549567,0.005990054644241706
ET--TH,ET,TH,6750.299737881846,10,6829.210000000001,6814.85,6814.8,6814.706912856858,54.15146350746207,2932.380999999996,6793.5,6980.2,6805.525,6823.5,17.975000000000364,10.150000000000091,0.00792938912516412,1,0,6807.418,6864.165999999999,78.9102621181546,78.9102621181546,0.011689890105963737,0.011622091203562907
ET--TR,ET,TR,3471.2514729888712,10,3429.84,3428.1,3427.175,3420.993264284721,99.95555901388266,9991.11377777778,3255.5,3625.5,3376.175,3447.125,70.94999999999982,47.25,0.02914292183130486,2,0,3375.3257500000004,3488.1617499999998,41.41147298887108,-41.41147298887108,-0.011929839514973062,-0.012001571118880217
ET--TZ,ET,TZ,1714.3873971546066,10,1691.1699999999996,1710.4,1699.0625,1709.0499999728756,134.6127453929316,18120.59122222223,1444.0,1875.2,1636.7,1770.675,133.9749999999999,73.5,0.07959740617024405,0,0,1613.91775,1764.9217499999997,23.217397154606942,-23.217397154606942,-0.013542678389459226,-0.013635216887608234
ET--UA,ET,UA,4651.905379290357,10,4780.09,4803.25,4793.55,4796.7617115263465,80.36985960752531,6459.314333333329,4580.0,4872.5,4768.75,4816.875,48.125,27.699999999999818,0.016813461589117635,1,0,4730.6735,4820.59475,128.18462070964324,128.18462070964324,0.02755529406945884,0.027182480119843533
ET--US,ET,US,11530.640207862776,10,11559.289999999999,11562.5,11559.6875,11561.955219999998,6.397647136947176,40.9298888888884,11550.0,11565.4,11553.375,11562.5,9.125,1.5,0.0005534636761381691,0,0,11555.33775,11562.701000000001,28.649792137222903,28.649792137222903,0.0024846662128687816,0.0024815845333485617
ET--VN,ET,VN,7294.24449951952,10,7400.37,7387.0,7389.0875,7387.580385714265,104.3594860725815,10890.902333333333,7245.5,7645.5,7347.25,7422.0,74.75,39.5,0.014101928156643722,1,0,7343.7,7467.115250000001,106.12550048047979,106.12550048047979,0.014549210749306579,0.014444386499407724
ET--ZA,ET,ZA,4007.191456170527,10,4081.25,3995.25,4040.9375,4001.0178500020584,205.45373228810206,42211.23611111111,3945.0,4540.0,3966.25,4034.875,68.625,39.0,0.05034088386844767,2,0,3978.24625,4218.06625,74.05854382947291,74.05854382947291,0.018481408896855397,0.01831270310316021
FI--FJ,FI,FJ,14881.524051042496,10,15247.64,15245.25,15247.05,15247.640000000192,39.557221562917945,1564.7737777777804,15210.0,15290.0,15210.1,15285.0,74.89999999999964,35.25,0.0025943176493488794,0,0,15224.68875,15270.6,366.11594895750386,366.11594895750386,0.02460204665206023,0.02430429003420449
FI--FR,FI,FR,1913.0642944778042,10,1910.0,1910.0,1910.0,1910.0,0.0,0.0,1910.0,1910.0,1910.0,1910.0,0.0,0.0,0.0,0,0,1910.0,1910.0,3.0642944778041965,-3.0642944778041965,-0.001601772865998022,-0.0016030570756798625
FI--GB,FI,GB,1825.9330131984918,10,1821.1170000000002,1821.05,1821.03375,1821.0855555555556,0.6521766972565786,0.4253344444444989,1820.5,1822.4,1820.5774999999999,1821.5,0.9225000000001273,0.4500000000000455,0.00035811905399629924,0,0,1820.743925,1821.4901000000002,4.816013198491646,-4.816013198491646,-0.0026375629136883958,-0.0026410474111530683
FI--GH,FI,GH,6421.808628793435,10,6243.87,6253.95,6232.8,6246.257299999507,86.90191213853318,7551.94233333334,6130.5,6445.8,6188.875,6264.125,75.25,18.5,0.013917956674071238,1,0,6197.89125,6294.57575,177.93862879343487,-177.93862879343487,-0.02770849134239414,-0.028099613458177325
FI--GR,FI,GR,2469.446523502244,10,2611.7200000000003,2628.0,2628.0625,2628.0222222222224,51.904138135177185,2694.0395555555547,2464.0,2628.7,2628.0,2628.0,0.0,0.0,0.01987354622056621,3,0,2578.85,2628.2599999999998,142.2734764977563,142.2734764977563,0.05761350778148446,0.05601496214178239
FI--IN,FI,IN,5227.813402791738,10,5216.609999999999,5214.1,5217.5625,5215.486003333215,12.224151867875612,149.4298888888868,5192.1,5233.5,5211.75,5223.75,12.0,3.849999999999909,0.0023433133525173656,1,0,5209.12,5223.65175,11.203402791738881,-11.203402791738881,-0.0021430380024191533,-0.00214533759435502
FI--IT,FI,IT,2204.4886323251985,10,2201.7229999999995,2202.0,2201.94125,2201.858888888889,0.8096370929139787,0.6555122222221985,2199.5,2202.2,2201.7749999999996,2202.1,0.32500000000027285,0.1150000000000091,0.00036772886185681796,1,0,2201.1899,2202.0629999999996,2.7656323251990216,-2.7656323251990216,-0.0012545459680061734,-0.0012553335695896532
FI--JP,FI,JP,7840.181225242526,10,7823.6,7822.5,7823.25,7822.666666666662,3.596294389136314,12.933333333333335,7820.0,7830.0,7822.0,7823.75,1.75,1.0,0.00045967257900919194,2,0,7821.6,7826.0,16.58122524252576,-16.58122524252576,-0.00211490331232909,-0.002117142878540496
FI--KE,FI,KE,6893.053879094669,10,7158.9,7102.5,7151.75,7127.90183333936,186.01639712670493,34602.1,6950.0,7425.0,7003.5,7338.75,335.25,117.5,0.025983935678205443,0,0,7060.9975,7266.5599999999995,265.8461209053303,265.8461209053303,0.03856724835875596,0.03784211751795565
FI--KR,FI,KR,7076.449214426985,10,7044.5199999999995,7045.1,7045.2125,7045.242857142857,3.3372643487343505,11.13733333333331,7035.5,7048.0,7045.0,7045.875,0.875,0.6499999999996362,0.000473739069338202,2,0,7042.2699999999995,7046.040249999999,31.92921442698571,-31.92921442698571,-0.004512038942057351,-0.004522248913198524
FI--MA,FI,MA,3705.568629466575,10,3890.65,3910.0,3896.4375,3902.1211698369207,80.58227334704435,6493.502777777774,3744.5,3990.5,3838.2,3939.1000000000004,100.90000000000055,47.75,0.020711776527583912,0,0,3842.68725,3935.54375,185.0813705334249,185.0813705334249,0.04994682032378598,0.04873951557613371
FI--MX,FI,MX,9855.858846180436,10,9494.573,9491.95,9492.903750000001,9490.855631428587,25.331788571323244,641.6995122222229,9464.0,9538.5,9475.125,9502.4975,27.37249999999949,16.700000000000728,0.0026680282063578048,0,0,9481.238575,9509.534674999999,361.2858461804353,-361.2858461804353,-0.03665696230221976,-0.0373457128597886
FI--MY,FI,MY,8971.024211314423,10,8533.6,8488.5,8512.475,8478.439628583063,217.0589372088193,47114.582222222154,8304.7,8931.5,8374.0,8546.275,172.27499999999964,99.0,0.025435799335429277,2,0,8422.264000000001,8678.414,437.4242113144228,-437.4242113144228,-0.04875967347883592,-0.049988539086685255
FI--NG,FI,NG,5852.2306591964625,10,5965.719999999999,5965.35,5963.9875,5963.987500000391,107.08715868653701,11467.65955555556,5795.0,6150.3,5882.5,6039.025,156.52499999999964,82.24999999999955,0.017950416493991844,0,0,5905.68725,6022.32025,113.48934080353683,113.48934080353683,0.019392492779688117,0.01920685454480191
FI--NL,FI,NL,1506.1678883392688,10,1502.3600000000001,1502.4,1502.3625,1502.3600000000001,0.14298407059683113,0.02044444444443959,1502.2,1502.5,1502.2,1502.5,0.2999999999999545,0.09999999999990905,9.517297491735078e-05,0,0,1502.2800000000002,1502.43,3.8078883392686294,-3.8078883392686294,-0.0025281964704925984,-0.002531397755980088
FI--NO,FI,NO,789.3307636306301,10,822.0,785.0,808.375,785.4445642863849,78.0081904531683,6085.277777777777,783.0,970.0,785.0,786.375,1.375,0.75,0.09490047500385437,2,0,784.85,877.5,32.669236369369855,32.669236369369855,0.04138852541246895,0.04055494326121172
FI--NZ,FI,NZ,17068.725016057746,10,16742.3,16780.25,16746.1875,16757.61218571231,113.6608502910694,12918.78888888889,16543.5,16910.0,16695.75,16810.25,114.5,59.5,0.006788843246810139,0,0,16671.87875,16803.65625,326.4250160577467,-326.4250160577467,-0.019124159288444555,-0.0193093914312041
FI--PE,FI,PE,11822.926389926623,10,11707.6,11651.5,11699.125,11693.187035710163,114.1896084005312,13039.266666666665,11550.0,11933.0,11646.75,11770.75,124.0,61.25,0.00975346000892849,0,0,11647.4525,11780.3675,115.32638992662214,-115.32638992662214,-0.009754470773401974,-0.009802357282932845
FI--PH,FI,PH,8939.979930604915,10,8291.65,8285.5,8291.1875,8289.471699999964,13.437199609045528,180.5583333333333,8275.5,8311.5,8280.875,8305.0,24.125,7.5,0.0016205700444477914,0,0,8283.95,8300.10125,648.3299306049157,-648.3299306049157,-0.07252028926658308,-0.0752843599598486
FI--PK,FI,PK,4543.885658949807,10,4863.71,4847.5,4855.8875,4849.989100119712,55.40353879592091,3069.5521111111134,4808.5,4981.5,4825.5,4878.825000000001,53.32500000000073,24.5,0.011391209343468444,1,0,4835.309749999999,4901.008,319.82434105019274,319.82434105019274,0.07038564899190515,0.06801900315686933
FI--PL,FI,PL,915.2000736428832,10,940.85,940.0,940.4375,940.4285714262285,1.6338434577536627,2.6694444444444447,940.0,945.0,940.0,941.125,1.125,0.0,0.001736561043475222,1,0,940.0,942.05125,25.649926357116783,25.649926357116783,0.02802657811752487,0.027641020898686194
FI--PT,FI,PT,3365.791975654019,10,3364.94,3365.1,3365.05,3364.988888888889,0.6239658110291945,0.38933333333332043,3363.5,3365.5,3364.65,3365.4,0.75,0.40000000000009095,0.00018543148199646784,1,0,3364.5199999999995,3365.2599999999998,0.8519756540190428,-0.8519756540190428,-0.0002531278403958677,-0.00025315988265498136
FI--RU,FI,RU,895.568901558974,10,894.71,895.0,894.7375,894.8776100000055,1.1742136848878058,1.3787777777777992,893.0,896.2,893.8,895.375,1.5750000000000455,0.75,0.0013123958432204913,0,0,894.0297499999999,895.37025,0.858901558973912,-0.858901558973912,-0.0009590569273662441,-0.0009595171167165457
FI--SA,FI,SA,4292.210711697853,10,4304.045,4300.325,4298.90625,4300.803467782373,99.24261643400314,9849.09691666667,4188.7,4460.5,4213.975,4378.25,164.27499999999964,85.84999999999991,0.023057987645111317,0,0,4249.48825,4361.591874999999,11.834288302146888,11.834288302146888,0.0027571545520573113,0.00275336057356873
FI--SE,FI,SE,394.8329300638056,10,396.0,396.0,396.0,396.0,0.0,0.0,396.0,396.0,396.0,396.0,0.0,0.0,0.0,0,0,396.0,396.0,1.167069936194423,1.167069936194423,0.0029558576484636752,0.002951497690741251
FI--SG,FI,SG,9269.41231436185,10,9260.41,9260.885,9260.5,9260.285841714254,9.965255195483262,99.30631111110615,9244.7,9275.4,9252.4825,9266.099999999999,13.617499999998472,7.420000000000073,0.0010761138216864332,0,0,9254.499975000002,9266.170825,9.00231436185095,-9.00231436185095,-0.0009711850176200421,-0.0009716569233525412
FI--SN,FI,SN,6097.2656329221945,10,6060.25,6085.25,6062.725,6062.725000374707,129.5829657015149,16791.744999999984,5850.0,6250.7,5963.825,6135.125,171.30000000000018,117.59999999999991,0.021382445559426574,0,0,5981.520750000001,6137.1092499999995,37.01563292219453,-37.01563292219453,-0.00607085784852944,-0.006089360428400298
FI--TH,FI,TH,7892.355050494185,10,7898.92,7899.9,7899.0875,7899.518483333379,3.228966122805032,10.426222222222561,7894.0,7902.5,7896.5,7901.5,5.0,1.75,0.00040878577360006584,0,0,7896.909999999999,7900.8,6.564949505815093,6.564949505815093,0.0008318112228623096,0.0008314654596335421
FI--TR,FI,TR,2318.7683066331742,10,2448.8,2418.5,2442.875,2429.1393857125013,101.07291097684549,10215.733333333334,2315.0,2630.0,2386.5,2477.75,91.25,44.5,0.04127446544301106,1,0,2393.1974999999998,2517.405,130.03169336682595,130.03169336682595,0.056077915587707215,0.054561966262666635
FI--TZ,FI,TZ,7418.969801469933,10,7375.129999999999,7381.45,7386.6625,7381.000252856882,82.8828095030032,6869.560111111118,7172.5,7485.5,7361.75,7400.1,38.350000000000364,21.449999999999818,0.011238148955069702,3,0,7323.079249999999,7419.44125,43.83980146993417,-43.83980146993417,-0.005909149469950413,-0.0059266775785989535
FI--UA,FI,UA,1140.0561693095046,10,1154.01,1156.95,1153.6374999999998,1153.8393155553615,9.294855207765934,86.3943333333335,1143.0,1168.0,1144.25,1160.0,15.75,8.399999999999977,0.008054397455625112,0,0,1148.76575,1159.78,13.953830690495352,13.953830690495352,0.012239599298819407,0.012165301042888443
FI--US,FI,US,6946.711977616074,10,6950.139999999999,6950.3,6947.525,6946.216666666287,32.40336745189037,1049.9782222222282,6908.7,7012.5,6934.275,6953.25,18.975000000000364,14.950000000000273,0.004662261112997777,2,0,6931.379,6968.095249999999,3.428022383925054,3.428022383925054,0.0004934740917675788,0.0004933523734694248
FI--VN,FI,VN,7500.56964538643,10,7312.35,7295.0,7301.6875,7301.102428571816,44.89497002263543,2015.5583333333336,7280.0,7430.0,7286.5,7322.125,35.625,15.0,0.006139609020716381,1,0,7291.0,7340.1050000000005,188.21964538642987,-188.21964538642987,-0.025094046757129042,-0.02541427084912243
FI--ZA,FI,ZA,9522.764258248177,10,9695.55,9689.75,9690.0625,9688.467250002554,83.60537263437878,6989.858333333333,9595.0,9840.0,9622.5,9743.875,121.375,65.0,0.008623066523753557,0,0,9648.293749999999,9746.65,172.78574175182257,172.78574175182257,0.01814449429451785,0.017981847441467042
FJ--FR,FJ,FR,16576.81749979109,10,16588.6,16533.0,16564.4375,16536.0459142855,110.55410942661115,12222.211111111112,16520.0,16850.5,16522.5,16615.375,92.875,13.0,0.006664462909866484,1,0,16529.14125,16662.85875,11.78250020890846,11.78250020890846,0.0007107818016972769,0.0007105293159469906
FJ--GB,FJ,GB,16299.555426240808,10,16275.2,16280.0,16276.4375,16278.09736427442,9.770135902614435,95.45555555555558,16255.5,16285.0,16274.25,16280.75,6.5,3.25,0.0006003081929939069,2,0,16269.25,16280.3,24.35542624080699,-24.35542624080699,-0.001494238683442676,-0.0014953561713987678
FJ--GH,FJ,GH,18604.884835041765,10,19228.43,19245.75,19233.7875,19249.616666661143,308.4134096018234,95118.83122222208,18683.5,19730.5,19121.425,19380.375,258.9500000000007,135.25,0.016039448337790623,1,0,19047.431249999998,19396.3945,623.5451649582355,623.5451649582355,0.033515131670356066,0.03296574122297993
FJ--GR,FJ,GR,16718.893493199037,10,16432.91,16486.0,16442.5875,16474.78111333332,112.5248757682793,12661.84766666669,16238.4,16550.0,16349.2,16510.0,160.79999999999927,34.100000000000364,0.006847531920291616,0,0,16362.4475,16492.947,285.9834931990372,-285.9834931990372,-0.017105407921605004,-0.017253395430595446
FJ--IN,FJ,IN,12028.323263938093,10,11739.97,11740.25,11746.15,11745.878611110176,132.27970407855886,17497.920111111103,11520.0,11910.5,11641.675,11842.25,200.57500000000073,112.5,0.011267465255750984,0,0,11658.586249999998,11819.04675,288.35326393809373,-288.35326393809373,-0.023972856200381698,-0.024264881685670047
FJ--IT,FJ,IT,17055.863339691525,10,16775.09,16885.0,16816.3625,16885.867714285007,242.65552378262947,58881.703222222255,16315.0,16905.0,16876.675000000003,16895.0,18.32499999999709,10.0,0.014465229324112686,2,0,16603.048749999998,16892.14,280.7733396915246,-280.7733396915246,-0.01646198343053813,-0.016598987533574836
FJ--JP,FJ,JP,7219.789289468397,10,7288.83,7305.0,7300.1625,7301.341486666401,47.549624370522416,2260.966777777779,7162.5,7324.5,7282.5,7315.375,32.875,12.900000000000091,0.006523629220399216,1,0,7258.2705000000005,7310.27175,69.0407105316026,69.0407105316026,0.009562704362066798,0.009517271118183903
FJ--KE,FJ,KE,15310.34174379079,10,16172.420000000002,16445.0,16244.6125,16420.70367999419,453.08187094362734,205283.1817777778,15275.0,16492.3,16051.75,16472.6,420.84999999999854,46.399999999999636,0.028015712610952925,1,0,15872.3005,16414.1605,862.0782562092118,862.0782562092118,0.05630692447207021,0.05477879122838053
FJ--KR,FJ,KR,8184.830871623246,10,7448.31,7375.0,7398.675,7383.023261959783,318.14992779435846,101219.3765555555,7143.5,8150.2,7221.25,7542.625,321.375,174.25,0.0427143778648255,1,0,7293.327499999999,7654.016499999999,736.5208716232455,-736.5208716232455,-0.08998608317940429,-0.0942953863787354
FJ--MA,FJ,MA,18168.663542293107,10,17487.7,17262.5,17308.9375,17292.489864733416,630.3132466392317,397294.7888888889,17160.0,19245.5,17210.375,17443.75,233.375,94.75,0.03604323305175819,1,0,17239.69875,17900.76375,680.963542293106,-680.963542293106,-0.03748011188098429,-0.0382005500528787
FJ--MX,FJ,MX,9915.918583166904,10,10193.51,10220.0,10168.5,10173.960961071767,572.1022547489994,327300.98988888896,9431.5,11155.6,9724.375,10633.75,909.375,530.25,0.05612416672461197,0,0,9890.075499999999,10539.598000000002,277.59141683309645,277.59141683309645,0.027994523604129923,0.02760983978544694
FJ--MY,FJ,MY,8728.573834583456,10,8435.22,8440.0,8435.525,8435.219999999968,96.41303277508115,9295.472888888871,8324.0,8544.0,8337.650000000001,8533.75,196.09999999999854,95.75,0.011429818401307986,0,0,8380.8985,8489.65,293.3538345834568,-293.3538345834568,-0.033608449689817646,-0.03418619531023484
FJ--NG,FJ,NG,18616.55968810009,10,18958.9,19030.0,19001.125,19010.25574999263,263.83304906280745,69607.87777777776,18365.0,19215.0,18865.5,19143.75,278.25,145.0,0.013916052569653694,1,0,18796.18,19102.0625,342.3403118999122,342.3403118999122,0.018389021260396456,0.018221987822350582
FJ--NL,FJ,NL,16165.585758358455,10,16225.45,16232.5,16224.3125,16224.880116666745,20.905142907906658,437.02500000000003,16200.0,16260.0,16203.625,16235.0,31.375,15.25,0.0012884168333024142,0,0,16212.9,16237.401249999999,59.86424164154596,59.86424164154596,0.0037031903783995585,0.003696350450080473
FJ--NO,FJ,NO,15261.03378993224,10,15617.37,15620.0,15617.2625,15617.656692857125,15.936683748160574,253.97788888888536,15595.6,15640.0,15603.75,15628.375,24.625,12.75,0.0010204460641043002,0,0,15607.727250000002,15626.20275,356.3362100677605,356.3362100677605,0.023349414919901217,0.02308098771295914
FJ--NZ,FJ,NZ,2591.8075392647534,10,2611.6,2617.5,2612.0,2611.7636250004985,21.114502651547873,445.8222222222222,2585.0,2635.0,2590.75,2629.5,38.75,17.5,0.008084891503885692,0,0,2599.3,2623.4,19.79246073524655,19.79246073524655,0.007636547249515794,0.007607536423986382
FJ--PE,FJ,PE,11096.316981305765,10,11030.2,10991.0,11023.375,11010.358499996939,124.16100658240315,15415.955555555558,10870.0,11245.0,10953.75,11098.75,145.0,67.5,0.011256460135120229,0,0,10962.1875,11104.725,66.11698130576406,-66.11698130576406,-0.0059584618407308425,-0.005976284306069504
FJ--PH,FJ,PH,7270.00795998326,10,7160.610000000001,7122.65,7151.3875,7124.922642856977,66.10262139700325,4369.556555555551,7115.0,7280.0,7116.85,7212.5,95.64999999999964,7.5,0.009231423216318615,0,0,7121.138499999999,7204.681750000001,109.39795998325917,-109.39795998325917,-0.015047845970104147,-0.015162213578769906
FJ--PK,FJ,PK,12498.588968944085,10,12791.97,12748.15,12775.5,12775.49999999491,189.96883399360237,36088.157888888854,12495.2,13220.5,12737.7,12861.35,123.64999999999964,102.44999999999982,0.014850631606672184,2,0,12691.420000000002,12902.970249999998,293.3810310559147,293.3810310559147,0.023473132189953148,0.023201874861068048
FJ--PL,FJ,PL,15740.327157401141,10,15916.8,15834.0,15904.125,15893.618100001286,231.54351642833794,53612.4,15650.0,16285.0,15757.5,16061.25,303.75,174.0,0.01454711477359381,0,0,15792.2925,16060.324999999999,176.47284259885782,176.47284259885782,0.011211510461895315,0.01114912731827252
FJ--PT,FJ,PT,17608.392189885468,10,17594.1,17352.5,17350.125,17353.31662142923,807.3906805946617,651879.7111111111,17250.0,19890.0,17350.0,17358.875,8.875,5.25,0.045889854018941675,3,0,17319.53875,18113.611249999998,14.29218988546927,-14.29218988546927,-0.0008116692160956595,-0.0008119987979068431
FJ--RU,FJ,RU,14698.654341884276,10,14508.560000000001,14425.2,14399.6875,14411.5482833328,386.51607182338205,149394.67377777782,14292.5,15595.6,14334.2,14440.125,105.92499999999927,32.75,0.026640553702323457,1,0,14361.782249999998,14765.845750000002,190.0943418842744,-190.0943418842744,-0.012932771766908935,-0.013017128156950565
FJ--SA,FJ,SA,14993.206576183224,10,14511.210000000001,14476.65,14496.45,14491.792605718028,237.43691302463196,56376.28766666664,14165.5,14975.0,14381.75,14633.849999999999,252.09999999999854,152.39999999999964,0.01636230976084227,0,0,14376.032,14651.25625,481.9965761832227,-481.9965761832227,-0.032147664592901457,-0.032675749408941634
FJ--SE,FJ,SE,15161.365121374429,10,15445.74,15497.8,15447.125,15446.5419842735,207.86873635916396,43209.41155555561,15210.4,15670.0,15220.375,15637.5,417.125,157.45000000000073,0.013457997891921265,0,0,15327.206,15567.331500000002,284.374878625571,284.374878625571,0.0187565483944886,0.018582813424167486
FJ--SG,FJ,SG,8434.22672283059,10,8271.380000000001,8269.25,8271.1875,8270.832285714281,13.396500372195158,179.466222222225,8254.3,8290.0,8260.5,8280.5,20.0,10.0,0.0016196209546889583,0,0,8263.88975,8279.1,162.846722830589,-162.846722830589,-0.019307842696447742,-0.019496673655145225
FJ--SN,FJ,SN,18292.51736528745,10,18858.55,18880.25,18874.0,18887.719306570532,232.0425547657632,53843.74722222222,18450.0,19143.5,18749.875,19048.75,298.875,167.25,0.012304368828237761,0,0,18724.643750000003,18993.552499999998,566.0326347125483,566.0326347125483,0.03094339742361937,0.03047430287168333
FJ--TH,FJ,TH,9249.359232089999,10,9107.86,9106.4,9104.95,9107.86000000205,230.93194861016724,53329.564888888926,8813.5,9425.5,8905.224999999999,9300.375,395.15000000000146,232.60000000000036,0.025355236972259918,0,0,8971.676,9245.125500000002,141.49923208999826,-141.49923208999826,-0.015298274025196974,-0.015416499937388126
FJ--TR,FJ,TR,15929.245910545002,10,16196.3,16194.75,16201.1625,16197.130812785448,48.805031616741026,2381.931111111091,16091.2,16262.5,16176.25,16215.45,39.20000000000073,20.649999999999636,0.0030133445056427103,1,0,16166.283500000003,16225.04475,267.05408945499767,267.05408945499767,0.016765017688515346,0.016626035982338295
FJ--TZ,FJ,TZ,15125.289672800167,10,15497.88,15539.5,15488.4875,15497.879999985282,497.32336183033055,247330.52622222187,14885.6,16185.3,15016.95,15902.775,885.8249999999989,500.6999999999998,0.03208976723463665,0,0,15192.630000000001,15801.000249999996,372.59032719983225,372.59032719983225,0.02463359943908129,0.024335084723027943
FJ--UA,FJ,UA,15437.65678215794,10,15675.45,15742.65,15655.8375,15655.837500009298,274.8666676772577,75551.68500000001,15312.3,16195.5,15434.625,15814.925,380.2999999999993,204.25,0.01753485020699614,0,0,15527.905499999999,15847.48725,237.7932178420615,237.7932178420615,0.015403452816549907,0.01528602397500102
FJ--US,FJ,US,12497.831524726587,10,12379.319999999998,12480.25,12396.025,12429.531809997152,247.68040249034183,61345.58177777773,11964.5,12660.5,12275.725,12523.45,247.72500000000036,132.05000000000018,0.020007593510010396,0,0,12227.83375,12511.41275,118.51152472658941,-118.51152472658941,-0.00948256699509174,-0.009527812791539714
FJ--VN,FJ,VN,9022.601376117009,10,8204.78,8185.45,8194.7625,8190.618332411346,107.35822226960033,11525.787888888908,8057.2,8432.5,8135.162499999999,8246.8125,111.65000000000055,55.125,0.01308483862694677,1,0,8148.551874999999,8273.199,817.8213761170082,-817.8213761170082,-0.09064141726152242,-0.09501578213124737
FJ--ZA,FJ,ZA,14189.452435443198,10,13614.590000000002,13555.25,13595.9,13580.216666674256,338.00553397836546,114247.74099999997,13145.2,14233.5,13467.5,13723.0,255.5,155.15000000000055,0.02482671413376131,1,0,13420.7255,13818.2625,574.8624354431959,-574.8624354431959,-0.040513362869963376,-0.04135689054117353
FR--GB,FR,GB,341.1497977927973,10,343.2,343.0,343.125,343.2,0.4216370213557839,0.17777777777777778,343.0,344.0,343.0,343.0,0.0,0.0,0.001228546099521515,2,0,343.0,343.5,2.0502022072026875,2.0502022072026875,0.006009683196259463,0.0059916970748210875
FR--GH,FR,GH,4807.153141334028,10,4823.59,4823.75,4823.4875,4823.650000000041,2.5847630452325987,6.681000000000097,4820.0,4828.0,4822.1,4825.0,2.899999999999636,1.550000000000182,0.0005358587784684433,0,0,4822.08,4825.05,16.436858665972068,16.436858665972068,0.0034192500597995702,0.0034134177153619504
FR--GR,FR,GR,2101.148656258638,10,2097.6800000000003,2097.75,2097.675,2097.68,0.5573747990954523,0.3106666666666958,2097.0,2098.4,2097.125,2098.0,0.875,0.4500000000000455,0.0002657101174132624,0,0,2097.35,2098.0,3.4686562586375658,-3.4686562586375658,-0.0016508381014858553,-0.0016522022362215815
FR--IN,FR,IN,6600.894573294016,10,6582.9,6583.5,6583.0,6583.18975714286,2.1317702607092643,4.544444444444445,6580.0,6585.0,6580.75,6584.75,4.0,1.5,0.00032383451984828335,0,0,6581.5,6584.1,17.994573294015936,-17.994573294015936,-0.0027260810022354566,-0.002729803527860909
FR--IT,FR,IT,1108.1927290162205,10,1106.603,1107.0,1106.6912499999999,1106.67,0.8213004592988117,0.674534444444439,1105.0,1107.5,1106.025,1107.0,0.974999999999909,0.06500000000005457,0.0007421816670466388,0,0,1106.06,1107.02,1.5897290162204172,-1.5897290162204172,-0.0014345239547201077,-0.0014355538692843461
FR--JP,FR,JP,9737.965704971102,10,9712.814999999999,9714.0,9713.01875,9713.333333333352,1.6013969596019462,2.5644722222223573,9710.0,9714.0,9711.3625,9714.0,2.6375000000007276,0.0,0.00016487464855471316,0,0,9711.83,9713.8,25.15070497110355,-25.15070497110355,-0.0025827473348221434,-0.0025860883806779226
FR--KE,FR,KE,6470.452307387349,10,6483.6,6482.0,6482.5625,6482.607244444446,4.665476038590989,21.76666666666667,6480.0,6495.5,6480.375,6485.0,4.625,2.0,0.0007195811028735562,1,0,6481.35,6486.702499999999,13.147692612651554,13.147692612651554,0.002031958816486564,0.0020298971804711937
FR--KR,FR,KR,8989.261845586849,10,8965.2,8965.0,8965.125,8965.2,0.4216370213557839,0.17777777777777778,8965.0,8966.0,8965.0,8965.0,0.0,0.0,4.703040884261186e-05,2,0,8965.0,8965.5,24.061845586847994,-24.061845586847994,-0.0026767320832534005,-0.002680320936272052
FR--MA,FR,MA,1814.6775669616386,10,1814.3799999999999,1814.0,1814.3125,1814.38,0.5266244708834978,0.27733333333332405,1814.0,1815.3,1814.0,1814.875,0.875,0.0,0.0002902503725148524,0,0,1814.1,1814.7099999999998,0.2975669616387222,-0.2975669616387222,-0.00016397786970880244,-0.00016399131554956423
FR--MX,FR,MX,9207.427444723564,10,9194.82,9193.25,9194.6875,9194.295633333233,5.09810422281338,25.99066666666762,9190.0,9200.7,9190.0,9200.375,10.375,3.25,0.000554453945027024,0,0,9191.75,9197.92,12.607444723564186,-12.607444723564186,-0.0013692689732558302,-0.001370207278642513
FR--MY,FR,MY,10429.064210826338,10,10412.0,10410.75,10411.125,10410.142112499996,6.847546194724712,46.888888888888886,10405.5,10425.5,10407.0,10411.5,4.5,3.25,0.0006576590659551203,2,0,10408.2,10416.452500000001,17.06421082633824,-17.06421082633824,-0.001636216872519013,-0.00163755693730321
FR--NG,FR,NG,4437.067941067861,10,4463.85,4463.5,4464.0625,4463.241299999968,7.39012103343977,54.613888888888894,4450.5,4475.5,4460.0,4465.375,5.375,3.5,0.0016555486930429494,3,0,4459.69875,4468.101250000001,26.78205893213908,26.78205893213908,0.006035981257860453,0.006017837695848862
FR--NL,FR,NL,428.39172758992953,10,430.713,431.0,430.76625,430.713,0.4228488040790855,0.17880111111111283,430.0,431.0,430.48249999999996,431.0,0.5175000000000409,0.0,0.0009817414475046852,0,0,430.472675,430.93999999999994,2.321272410070492,2.321272410070492,0.005418574310782418,0.005403946653907463
FR--NO,FR,NO,1343.5166138500856,10,1343.1599999999999,1343.3,1343.2875,1343.2333333333333,0.7167829363048258,0.513777777777768,1341.5,1343.8,1343.3,1343.5,0.20000000000004547,0.20000000000004547,0.0005336541709884346,2,0,1342.7099999999998,1343.5199999999998,0.35661385008575053,-0.35661385008575053,-0.00026543315237748355,-0.00026546838599158905
FR--NZ,FR,NZ,18980.580816307895,10,18985.0,18985.0,18985.0,18985.0,7.0710678118654755,50.00000000000001,18970.0,19000.0,18985.0,18985.0,0.0,0.0,0.0003724555076041862,2,0,18980.5,18989.5,4.419183692105435,4.419183692105435,0.00023282657864234183,0.0002327994787408732
FR--PE,FR,PE,10245.869499110875,10,10259.2,10260.0,10259.0,10259.666666666666,2.936362072739365,8.62222222222222,10255.0,10265.0,10257.75,10260.0,2.25,0.0,0.0002862174509454309,1,0,10257.5975,10261.0,13.330500889125688,13.330500889125688,0.001301060968059616,0.0013002153216506234
FR--PH,FR,PH,10757.705538010932,10,10739.5,10740.0,10740.0,10739.888888888889,1.5811388300841898,2.5000000000000004,10735.0,10740.0,10740.0,10740.0,0.0,0.0,0.00014722648448104564,1,0,10738.5,10740.0,18.205538010932287,-18.205538010932287,-0.0016923253705546616,-0.0016937589707748694
FR--PK,FR,PK,5940.239053946842,10,5904.217,5904.885,5905.38375,5905.595000000103,8.846807396519507,78.26600111111226,5883.5,5915.6,5903.5,5909.85,6.350000000000364,3.900000000000091,0.0014983879143533356,1,0,5898.6363249999995,5908.8549,36.02205394684279,-36.02205394684279,-0.006064074798960968,-0.006082535971670415
FR--PL,FR,PL,1370.8305434249735,10,1367.074,1367.0,1367.03,1367.074,0.15777621282478263,0.024893333333331102,1367.0,1367.5,1367.0,1367.09,0.08999999999991815,0.0,0.00011541161109404658,1,0,1367.0,1367.1860000000001,3.7565434249734153,-3.7565434249734153,-0.002740341206279092,-0.002744102814874805
FR--PT,FR,PT,1453.915618536448,10,1453.5,1453.5,1453.5,1453.5,0.09428090415822778,0.008888888888892933,1453.3,1453.7,1453.5,1453.5,0.0,0.0,6.486474314291557e-05,2,0,1453.44,1453.56,0.415618536447937,-0.415618536447937,-0.0002858615253520079,-0.00028590239154611025
FR--RU,FR,RU,2494.0210488381886,10,2485.1,2485.0,2485.0,2485.1,0.31622776601683794,0.1,2485.0,2486.0,2485.0,2485.0,0.0,0.0,0.00012724951350723832,1,0,2485.0,2485.3,8.921048838188653,-8.921048838188653,-0.003576974156791669,-0.003583386825384397
FR--SA,FR,SA,4695.389253154605,10,4672.65,4674.5,4673.375,4674.005800000004,3.8445488104009757,14.780555555555559,4663.5,4676.0,4670.75,4675.0,4.25,1.0,0.0008227769703275392,1,0,4670.05,4674.5,22.73925315460565,-22.73925315460565,-0.00484288989231899,-0.004854654682665323
FR--SE,FR,SE,1549.2891494547255,10,1544.28,1544.4,1544.3000000000002,1544.28,0.19321835661590311,0.03733333333335031,1544.0,1544.4,1544.1,1544.4,0.3000000000001819,0.0,0.00012511873275306495,0,0,1544.16,1544.4,5.009149454725502,-5.009149454725502,-0.0032331921103871926,-0.0032384301694800203
FR--SG,FR,SG,10742.404770656647,10,10737.86,10738.3,10737.8875,10737.973764285713,2.4327396536049886,5.91822222222212,10735.0,10740.5,10735.375,10740.0,4.625,1.75,0.0002265572147155009,0,0,10736.5,10739.16,4.544770656646506,-4.544770656646506,-0.00042306827509057816,-0.00042315779372244553
FR--SN,FR,SN,4197.9762876720815,10,4200.21,4200.2,4200.200000000001,4200.21,0.218326971917507,0.04766666666666789,4200.0,4200.5,4200.0,4200.425,0.4250000000001819,0.1999999999998181,5.198001336064316e-05,0,0,4200.09,4200.34,2.2337123279185107,2.2337123279185107,0.0005320926500890692,0.0005319511389907788
FR--TH,FR,TH,9456.38937182292,10,9442.6,9443.0,9442.625,9442.857142857143,1.505545305418162,2.2666666666666666,9440.0,9445.0,9443.0,9443.0,0.0,0.0,0.00015944181744627137,3,0,9441.7,9443.4,13.789371822918838,-13.789371822918838,-0.0014582068568376478,-0.0014592710751490574
FR--TR,FR,TR,2605.2100576102166,10,2598.2,2598.5,2598.25,2598.2,0.48304589153964794,0.23333333333333334,2597.5,2598.5,2597.75,2598.5,0.75,0.0,0.0001859155921559726,0,0,2597.9,2598.4,7.010057610216791,-7.010057610216791,-0.0026907840270842427,-0.002694410693602878
FR--TZ,FR,TZ,6910.826312650359,10,6809.06,6792.5,6803.9625,6802.49437157934,54.51642362118455,2972.040444444449,6735.4,6923.5,6773.75,6834.25,60.5,31.0,0.008006453698628672,0,0,6778.73575,6842.78025,101.76631265035849,-101.76631265035849,-0.014725635987128472,-0.014835134450662124
FR--UA,FR,UA,2030.3165458301612,10,2024.1120000000003,2024.18,2024.2150000000001,2024.1244444444444,0.41442865623787356,0.1717511111111296,2023.0,2024.4,2024.115,2024.375,0.2599999999999909,0.14999999999997726,0.00020474591141096614,1,0,2023.8257999999998,2024.2960000000003,6.204545830160896,-6.204545830160896,-0.003055949991100508,-0.00306062894113092
FR--US,FR,US,6177.576314828088,10,6166.0,6164.5,6166.0,6165.655066666667,3.1622776601683795,10.000000000000002,6162.0,6170.0,6164.0,6169.5,5.5,2.0,0.0005128572267545215,0,0,6164.2,6167.8025,11.576314828087561,-11.576314828087561,-0.0018739250214199438,-0.001875683015488895
FR--VN,FR,VN,9212.23431863868,10,9190.0,9190.0,9190.0,9190.0,0.0,0.0,9190.0,9190.0,9190.0,9190.0,0.0,0.0,0.0,0,0,9190.0,9190.0,22.234318638680634,-22.234318638680634,-0.0024135641658283684,-0.0024164815068915863
FR--ZA,FR,ZA,8652.154951764032,10,8677.6,8690.0,8692.9375,8691.482599999936,57.536365312151354,3310.4333333333334,8517.0,8715.5,8690.0,8697.5,7.5,5.0,0.006630446818492596,3,0,8639.44125,8700.605,25.445048235967988,25.445048235967988,0.0029408914169735435,0.0029365754555889575
GB--GH,GB,GH,5094.01108636096,10,5099.2970000000005,5100.0,5099.87125,5099.995714285715,2.343331199619714,5.4912011111111685,5093.0,5101.0,5100.0,5100.2525000000005,0.2525000000005093,0.23500000000012733,0.0004595400502500078,3,0,5097.847,5100.3241499999995,5.2859136390407,5.2859136390407,0.0010376721898375041,0.001037134180203667
GB--GR,GB,GR,2394.3235623248843,10,2391.0,2391.0,2391.0,2391.0,0.0,0.0,2391.0,2391.0,2391.0,2391.0,0.0,0.0,0.0,0,0,2391.0,2391.0,3.3235623248842785,-3.3235623248842785,-0.0013881007467750537,-0.0013890650510876804
GB--IN,GB,IN,6724.002102971842,10,6710.0,6710.0,6710.0,6710.0,0.0,0.0,6710.0,6710.0,6710.0,6710.0,0.0,0.0,0.0,0,0,6710.0,6710.0,14.00210297184185,-14.00210297184185,-0.0020824060964605095,-0.0020845773188038603
GB--IT,GB,IT,1434.2026285343118,10,1434.73,1435.0,1434.75,1434.73,0.5121848624601547,0.2623333333333276,1434.0,1435.3,1434.25,1435.0,0.75,0.0,0.00035699041802998103,0,0,1434.4,1435.03,0.5273714656882476,0.5273714656882476,0.00036771056975902814,0.00036764298079575906
GB--JP,GB,JP,9584.855356731166,10,9560.0,9560.0,9560.0,9560.0,0.0,0.0,9560.0,9560.0,9560.0,9560.0,0.0,0.0,0.0,0,0,9560.0,9560.0,24.855356731166466,-24.855356731166466,-0.00259319059141683,-0.0025965587342227413
GB--KE,GB,KE,6804.487905463708,10,6820.3,6819.0,6819.875,6819.375,2.496664441476534,6.233333333333333,6819.0,6825.0,6819.0,6819.75,0.75,0.0,0.00036606372761851147,2,0,6819.0,6822.0,15.812094536292534,15.812094536292534,0.002323774361270612,0.0023210785730907106
GB--KR,GB,KR,8880.920559408663,10,8858.0,8858.0,8858.0,8858.0,0.0,0.0,8858.0,8858.0,8858.0,8858.0,0.0,0.0,0.0,0,0,8858.0,8858.0,22.920559408663394,-22.920559408663394,-0.002580876526857432,-0.002584212730136321
GB--MA,GB,MA,2015.6973939359636,10,2059.6099999999997,2078.75,2062.2,2078.1036333333554,26.849558241762157,720.8987777777782,2018.0,2080.5,2037.15,2080.375,43.22499999999991,1.75,0.013036234161691855,0,0,2043.6297499999998,2073.9512499999996,43.91260606403603,43.91260606403603,0.021785316683021458,0.021551407761419537
GB--MX,GB,MX,8941.67963886513,10,8928.985,8929.0,8928.85625,8928.872222220567,0.841311806380717,0.7078055555555851,8928.0,8931.0,8928.625,8929.0,0.375,0.1750000000001819,9.422255792575718e-05,3,0,8928.55,8929.5,12.694638865128582,-12.694638865128582,-0.0014197152411892689,-0.0014207239917443236
GB--MY,GB,MY,10548.649921719485,10,10593.89,10594.25,10594.05,10593.988888888889,0.8491171886141745,0.7210000000000396,10592.0,10594.5,10593.55,10594.5,0.9500000000007276,0.25,8.015159574190166e-05,1,0,10593.289999999999,10594.35,45.24007828051435,45.24007828051435,0.004288707902550243,0.004279537604617165
GB--NG,GB,NG,4755.038491838242,10,4820.4,4891.5,4830.5,4883.468550001122,105.98369895622838,11232.544444444444,4650.0,4910.0,4725.375,4898.75,173.375,13.75,0.021986494680156916,0,0,4754.74,4876.20125,65.36150816175723,65.36150816175723,0.013745736921782358,0.013652121182695182
GB--NL,GB,NL,358.8427946807068,10,357.3,357.0,357.25,357.3,0.42163702135578385,0.17777777777777773,357.0,358.0,357.0,357.5,0.5,0.0,0.0011800644314463584,0,0,357.1,357.55,1.542794680706777,-1.542794680706777,-0.004299360900027361,-0.004308629728333912
GB--NO,GB,NO,1156.4942725896335,10,1153.075,1153.0,1153.03125,1153.075,0.1687371394276382,0.028472222222222218,1153.0,1153.5,1153.0,1153.0,0.0,0.0,0.00014633665583560325,2,0,1153.0,1153.2,3.419272589633465,-3.419272589633465,-0.002956584109990442,-0.0029609634388229676
GB--NZ,GB,NZ,18806.422712162086,10,18816.7,18816.0,18816.5,18816.14285714286,1.7669811040931427,3.1222222222222213,18815.0,18820.0,18816.0,18816.0,0.0,0.0,9.390494104136978e-05,3,0,18815.8,18817.6,10.277287837914628,10.277287837914628,0.0005464775515903043,0.0005463282871103276
GB--PE,GB,PE,10161.714666151413,10,10163.6,10170.0,10163.25,10163.25,13.574485871172676,184.26666666666662,10145.0,10185.0,10150.0,10172.25,22.25,9.0,0.0013355982005561686,0,0,10155.295,10171.6025,1.885333848587834,1.885333848587834,0.00018553304344077535,0.0001855158343142593
GB--PH,GB,PH,10748.092828515446,10,10739.667,10740.0,10740.1375,10740.074444444444,1.6575085050896183,2.747334444444421,10735.0,10740.57,10740.0,10740.4,0.3999999999996362,0.0500000000001819,0.00015433518609931,1,0,10738.61,10740.314,8.425828515446483,-8.425828515446483,-0.0007839370807341901,-0.0007842445200933946
GB--PK,GB,PK,6053.923906825333,10,6050.046,6050.5,6050.4974999999995,6050.495555555555,1.8441993143667614,3.401071111110833,6045.0,6051.48,6050.125,6050.5,0.375,0.25,0.0003048240152829849,3,0,6048.798,6050.842,3.877906825332502,-3.877906825332502,-0.0006405608800203882,-0.0006407661267942914
GB--PL,GB,PL,1451.4527915116341,10,1450.39,1450.35,1450.275,1450.3555555555556,0.5173651192984293,0.267666666666678,1450.0,1451.7,1450.0,1450.5,0.5,0.25,0.0003567075885095935,1,0,1450.1394999999998,1450.73,1.0627915116340318,-1.0627915116340318,-0.000732226027501159,-0.000732494235912902
GB--PT,GB,PT,1584.9632431063264,10,1586.01,1585.5,1585.8875,1585.7857142857142,1.1209618885383763,1.2565555555555232,1585.0,1588.0,1585.125,1586.75,1.625,0.5,0.0007067810975582603,0,0,1585.4,1586.77,1.046756893673546,1.046756893673546,0.0006604297596340692,0.0006602117718720695
GB--RU,GB,RU,2508.045616571664,10,2500.85,2501.1,2500.9125,2500.85,0.49721446300580546,0.24722222222215148,2500.0,2501.2,2500.625,2501.2,0.5749999999998181,0.09999999999990905,0.00019881818701873583,0,0,2500.56,2501.12,7.195616571664232,-7.195616571664232,-0.002869013435848178,-0.0028731369437172806
GB--SA,GB,SA,4954.835444629185,10,4930.8,4930.0,4930.75,4930.799999999908,16.90364852134986,285.73333333333335,4914.0,4948.0,4915.0,4947.25,32.25,15.0,0.003428175655339876,0,0,4921.1975,4940.5,24.035444629184894,-24.035444629184894,-0.004850906735003322,-0.004862710571423369
GB--SE,GB,SE,1439.0693652990349,10,1432.5349999999999,1432.375,1432.51875,1432.535,0.5548022670786195,0.3078055555555758,1432.0,1433.2,1432.0,1433.15,1.150000000000091,0.375,0.0003872870590098109,0,0,1432.24,1432.85,6.5343652990350165,-6.5343652990350165,-0.00454068820906155,-0.0045510284468374745
GB--SG,GB,SG,10859.201604289969,10,10849.6,10850.0,10850.0,10849.888888888889,1.2649110640673518,1.6,10846.0,10850.0,10850.0,10850.0,0.0,0.0,0.00011658596299101826,1,0,10848.8,10850.0,9.601604289968236,-9.601604289968236,-0.00088419062835845,-0.0008845817554630089
GB--SN,GB,SN,4365.305947198292,10,4374.2,4377.5,4374.875,4375.923928571199,16.745148551147583,280.4,4348.0,4395.0,4363.75,4387.5,23.75,12.5,0.0038281625328397384,0,0,4365.1,4383.4,8.894052801707403,8.894052801707403,0.0020374408825607556,0.0020353681148360813
GB--TH,GB,TH,9543.363933383182,10,9536.1,9537.0,9536.75,9536.666666666666,2.1832697191750423,4.766666666666668,9530.0,9537.0,9536.25,9537.0,0.75,0.0,0.00022894786329579622,1,0,9534.7,9537.0,7.263933383181211,-7.263933383181211,-0.0007611502017408762,-0.000761440023630298
GB--TR,GB,TR,2839.1944811374397,10,2822.2,2821.75,2821.6875,2821.2118925,6.544378418833151,42.8288888888891,2815.0,2833.5,2816.4,2823.875,7.474999999999909,4.4500000000000455,0.002318892501889714,0,0,2818.498,2826.3599999999997,16.994481137439834,-16.994481137439834,-0.005985669967430866,-0.006003655897720538
GB--TZ,GB,TZ,7248.407455210976,10,7431.469999999999,7455.35,7439.15,7439.826616665984,88.76677368875761,7879.5401111111105,7266.5,7535.0,7362.625,7501.35,138.72500000000036,57.75,0.011944712646186772,0,0,7375.42875,7481.772999999999,183.06254478902338,183.06254478902338,0.025255553846854635,0.024941902341298984
GB--UA,GB,UA,2139.351912362843,10,2133.9,2134.0,2134.0,2133.9,0.31622776601683794,0.1,2133.0,2134.0,2134.0,2134.0,0.0,0.0,0.00014819240171368758,1,0,2133.7,2134.0,5.451912362842904,-5.451912362842904,-0.0025483943671620853,-0.002551647051343839
GB--US,GB,US,5912.468929291367,10,5900.39,5900.0,5900.2625,5900.3125,0.7093815773068659,0.503222222222377,5900.0,5901.8,5900.0,5900.375,0.375,0.0,0.00012022621848841617,2,0,5900.0,5900.88025,12.078929291366876,-12.078929291366876,-0.002042958607617509,-0.002045048294134152
GB--VN,GB,VN,9249.152997948202,10,9231.83,9230.575,9231.6,9230.828571426227,2.3583421672391074,5.56177777777805,9230.0,9235.5,9230.0375,9234.125,4.087499999999636,0.5750000000007276,0.0002554577117688592,0,0,9230.494625,9233.35,17.3229979482021,-17.3229979482021,-0.0018729280348205907,-0.0018746841576027557
GB--ZA,GB,ZA,8991.386014264714,10,9028.5,9029.5,9028.75,9028.749999999996,8.086339647138802,65.38888888888889,9014.0,9041.0,9022.75,9034.5,11.75,5.5,0.0008956459707746361,0,0,9023.7,9033.202500000001,37.113985735286406,37.113985735286406,0.004127726879527312,0.004119231185510226
GH--GR,GH,GR,4333.583803793776,10,3914.72,3909.5,3896.025,3903.557321492041,96.2602121566561,9266.028444444442,3815.5,4163.5,3885.125,3916.925,31.800000000000182,18.75,0.02458929684796259,3,0,3868.0599999999995,3973.7217499999997,418.8638037937758,-418.8638037937758,-0.09665529103812122,-0.10165106090906136
GH--IN,GH,IN,8492.768279138134,10,8385.64,8392.75,8387.55,8385.639999997144,143.22304439036498,20512.840444444457,8190.5,8565.5,8251.475,8503.625,252.14999999999964,135.75,0.017079560342486082,0,0,8306.936999999998,8466.774,107.12827913813453,-107.12827913813453,-0.012614058881282248,-0.012694291542396128
GH--IT,GH,IT,4218.672595049595,10,4093.2300000000005,4085.25,4090.9125,4086.4487633332965,15.56727693307699,242.34011111111093,4080.0,4125.0,4085.0,4093.325,8.324999999999818,1.650000000000091,0.0038031766925086027,2,0,4085.2087500000002,4102.5205000000005,125.44259504959427,-125.44259504959427,-0.029735086623407327,-0.030186138197713264
GH--JP,GH,JP,13827.443948540278,10,13565.45,13565.0,13566.1875,13568.764112981697,61.586619217705696,3792.9116666666764,13455.0,13670.0,13542.724999999999,13601.275000000001,58.55000000000291,35.850000000000364,0.004539961388505777,0,0,13531.494,13600.676250000002,261.9939485402774,-261.9939485402774,-0.018947388216889884,-0.01912919008715585
GH--KE,GH,KE,4185.899181902206,10,4248.0199999999995,4215.0,4213.3375,4212.783333334028,114.7279564883817,13162.504000000003,4200.0,4573.5,4205.025,4217.25,12.225000000000364,8.150000000000091,0.02700739556037441,1,0,4207.2135,4322.42325,62.120818097793745,62.120818097793745,0.0148404955299387,0.014731452883681828
GH--KR,GH,KR,12769.069776916134,10,12400.76,12400.25,12399.6375,12400.321621428744,42.68552187542963,1822.0537777777813,12340.0,12470.5,12375.125,12431.75,56.625,30.25,0.0034421698247066815,0,0,12376.197750000001,12426.91,368.30977691613407,-368.30977691613407,-0.028843900405490994,-0.029268061928261365
GH--MA,GH,MA,3225.75627215081,10,3176.43,3179.0,3176.725,3177.92103333324,11.058636644923496,122.29344444444479,3160.0,3190.5,3166.5,3185.45,18.949999999999818,6.5,0.00348146713288928,0,0,3169.7495,3182.5319999999997,49.32627215081038,-49.32627215081038,-0.015291382233885117,-0.015409501100062234
GH--MX,GH,MX,10742.674108313797,10,10063.08,9986.0,10044.975,10016.23022857053,277.8817046474591,77218.2417777777,9755.5,10515.5,9835.375,10225.125,389.75,166.0,0.02761398146963545,0,0,9912.665,10230.523000000001,679.5941083137968,-679.5941083137968,-0.06326116770012193,-0.06535076313026901
GH--MY,GH,MY,11302.266760638768,10,10844.499999999998,10825.35,10853.7,10858.182845644806,238.4877168977705,56876.39111111113,10475.2,11140.2,10762.349999999999,11064.825,302.4750000000022,208.69999999999982,0.021991582543941218,0,0,10711.851,10992.55625,457.7667606387695,-457.7667606387695,-0.04050220812633677,-0.04134526486724079
GH--NG,GH,NG,940.6043456313404,10,915.35,915.1,915.1875,914.9260857142795,2.9553153620026564,8.733888888888892,910.5,921.5,913.825,915.5,1.6749999999999545,1.0,0.003228617864207851,3,0,913.8,917.25025,25.254345631340357,-25.254345631340357,-0.0268490633161911,-0.027216083766339202
GH--NL,GH,NL,5209.997387819868,10,5207.965999999999,5202.6,5207.012500000001,5205.61469666672,10.72299730071361,114.98267111111136,5195.4,5228.16,5200.675,5214.0,13.324999999999818,4.650000000000546,0.002058960696116989,0,0,5201.9895,5214.7522500000005,2.0313878198685416,-2.0313878198685416,-0.00038990188836132586,-0.00038997791986643363
GH--NO,GH,NO,6102.669610187801,10,5654.89,5560.45,5636.3,5570.853289998781,240.3038097908562,57745.921,5413.0,6045.5,5504.25,5854.75,350.5,89.94999999999982,0.04249486900556088,0,0,5531.000250000001,5799.6775,447.77961018780024,-447.77961018780024,-0.07337438183451332,-0.07620565889042194
GH--NZ,GH,NZ,16013.257226333824,10,16196.439999999999,16239.45,16227.675,16267.233333356335,464.12647031218165,215413.38044444442,15250.5,16892.5,16133.0,16437.625,304.625,182.29999999999927,0.028656079379924336,2,0,15924.135499999999,16443.3625,183.1827736661744,183.1827736661744,0.011439444897252389,0.011374509197155781
GH--PE,GH,PE,8721.901447825489,10,8252.59,8281.7,8255.6,8261.17357333269,58.26877284522887,3395.249888888881,8155.6,8325.5,8203.975,8290.0,86.02499999999964,32.79999999999927,0.007060664936126582,0,0,8218.00225,8285.8475,469.31144782548836,-469.31144782548836,-0.05380838692490562,-0.05531017962156775
GH--PH,GH,PH,13172.528062047224,10,13160.61,13189.1,13173.375,13173.363426186756,173.33305416644188,30044.347666666676,12870.5,13348.6,13015.55,13303.25,287.7000000000007,135.89999999999964,0.013170594232823697,0,0,13047.353000000001,13251.296,11.91806204722343,-11.91806204722343,-0.0009047664951697335,-0.0009051760434240686
GH--PK,GH,PK,8135.24807147375,10,7359.960000000001,7310.5,7342.7,7342.969300008721,163.75396314118464,26815.360444444457,7175.5,7682.5,7245.25,7446.5,201.25,122.0,0.022249300694729947,0,0,7270.3865,7455.034,775.2880714737494,-775.2880714737494,-0.09529986850582925,-0.1001517366048446
GH--PL,GH,PL,5532.277420091532,10,5283.17,5287.95,5288.1,5287.977369999035,64.7509253473133,4192.68233333334,5161.4,5365.5,5239.25,5336.25,97.0,52.94999999999982,0.012256074543751818,0,0,5246.56225,5320.9605,249.10742009153182,-249.10742009153182,-0.045028005860091216,-0.04607326443935688
GH--PT,GH,PT,3782.929500075035,10,3804.55,3810.0,3807.1875,3808.965583333333,11.653444888863456,135.8027777777778,3774.5,3813.5,3805.25,3810.0,4.75,1.25,0.003063028449846488,2,0,3797.095,3810.2,21.620499924965316,21.620499924965316,0.0057152796330295005,0.005699009385627619
GH--RU,GH,RU,6496.545506137951,10,6025.51,6041.5,6035.512500000001,6035.512500005549,141.75410987575162,20094.227666666666,5735.5,6235.5,5947.975,6120.55,172.57499999999982,90.5,0.023525661707598462,0,0,5927.47975,6108.7905,471.0355061379505,-471.0355061379505,-0.07250553477889365,-0.07526845193494888
GH--SA,GH,SA,5439.21139413924,10,5238.42,5195.6,5234.025000000001,5233.244994283526,116.97931251103998,13684.159555555554,5093.5,5418.5,5145.375,5347.325000000001,201.95000000000073,79.60000000000036,0.022331029682812753,0,0,5168.00525,5306.758250000001,200.79139413923986,-200.79139413923986,-0.03691553418122211,-0.03761415989979727
GH--SE,GH,SE,6169.917069641088,10,6137.88,6120.0,6129.975,6127.717989999309,46.6214018569917,2173.5551111111095,6094.5,6244.5,6110.625,6148.875,38.25,24.59999999999991,0.007595684805990294,1,0,6114.57525,6167.835,32.03706964108824,-32.03706964108824,-0.005192463574385105,-0.005205991261705538
GH--SG,GH,SG,11563.025739001863,10,11302.78,11341.4,11310.6,11326.061000000384,92.79502860247055,8610.917333333327,11142.5,11400.5,11249.75,11368.25,118.5,45.0,0.008209929645845583,0,0,11247.0755,11351.912,260.2457390018626,-260.2457390018626,-0.022506716224288834,-0.022763857963907137
GH--SN,GH,SN,2143.667997107388,10,2105.7,2100.25,2105.25,2104.2499999999827,18.386589315766717,338.0666666666668,2080.0,2135.0,2096.25,2117.5,21.25,12.5,0.008731818072739098,0,0,2095.6487500000003,2117.15,37.96799710738833,-37.96799710738833,-0.01771169656804197,-0.01787042569994893
GH--TH,GH,TH,11025.064322158887,10,10997.912999999999,10982.8,10997.84125,10993.58264284466,220.27345308603225,48520.39413444445,10685.2,11311.2,10824.125,11156.0,331.875,172.5,0.020028659354373167,0,0,10871.008174999999,11123.658500000001,27.151322158888433,-27.151322158888433,-0.002462690589869662,-0.0024657280001663434
GH--TR,GH,TR,5045.437421948046,10,4815.38,4854.5,4824.35,4845.410968566139,113.6089276617135,12906.988444444449,4633.5,4925.5,4714.25,4896.5,182.25,59.90000000000009,0.02359293091338866,0,0,4744.8705,4876.5015,230.05742194804589,-230.05742194804589,-0.04559712126193027,-0.046669391922521015
GH--TZ,GH,TZ,4202.317885708757,10,4658.639999999999,4675.4,4668.924999999999,4671.280279998925,112.41347487438213,12636.789333333343,4450.0,4785.0,4600.0,4744.575000000001,144.57500000000073,78.80000000000018,0.024130105540325533,0,0,4592.838250000001,4724.385,456.32211429124254,456.32211429124254,0.10858819506327753,0.10308730943819157
GH--UA,GH,UA,5740.228417956023,10,5512.17,5487.0,5505.125,5504.216666665779,86.09567094549844,7412.464555555544,5395.5,5685.2,5467.475,5566.5,99.02499999999964,52.5,0.015619197329817194,0,0,5467.7567500000005,5564.6425,228.05841795602282,-228.05841795602282,-0.039729850687236196,-0.040540628573237
GH--US,GH,US,8483.047455588956,10,8285.17,8284.75,8281.775,8281.774999842286,72.64908120547713,5277.88900000001,8180.5,8417.0,8235.0,8325.0,90.0,49.75,0.008768568563527016,0,0,8244.547499999999,8324.551749999999,197.87745558895585,-197.87745558895585,-0.02332622287272325,-0.0236025853305396
GH--VN,GH,VN,11449.241972047112,10,11102.25,11149.05,11123.75,11139.477753333815,130.6422872664982,17067.407222222235,10777.0,11255.5,11071.775,11155.75,83.97500000000036,24.899999999999636,0.011767190188159894,1,0,11012.957250000001,11168.07575,346.99197204711163,-346.99197204711163,-0.030306982147314147,-0.030775734014475673
GH--ZA,GH,ZA,4626.9652891296655,10,4689.280000000001,4686.0,4687.8125,4686.666666666592,11.076280964294877,122.68400000000106,4675.0,4715.3,4685.0,4689.5,4.5,2.75,0.0023620429925905206,3,0,4683.398749999999,4696.242499999999,62.31471087033515,62.31471087033515,0.013467728192544227,0.013377844461703321
GR--IN,GR,IN,5018.539102191491,10,4816.2,4815.25,4815.75,4815.908805555507,12.311241475442948,151.56666666666666,4800.5,4835.5,4805.625,4824.375,18.75,11.25,0.002556214749271822,0,0,4808.99375,4823.30375,202.3391021914913,-202.3391021914913,-0.04031832732022234,-0.04115364046725808
GR--IT,GR,IT,1053.9826873522736,10,1051.34,1051.5,1051.425,1051.34,0.33399933466334447,0.11155555555555678,1050.5,1051.5,1051.4250000000002,1051.5,0.0749999999998181,0.0,0.00031768917254488985,2,0,1051.1397499999998,1051.5,2.642687352273697,-2.642687352273697,-0.0025073346877380245,-0.0025104833155665256
GR--JP,GR,JP,9529.986913901954,10,9500.8,9500.25,9499.9375,9500.077609995253,3.6070917802450095,13.011111111111113,9498.0,9510.5,9498.875,9500.5,1.625,0.75,0.0003796619000763104,1,0,9499.2,9503.2,29.18691390195454,-29.18691390195454,-0.003062639452251279,-0.0030673389301156167
GR--KE,GR,KE,4550.99704740833,10,4094.9,4094.0,4091.0625,4092.3548166690316,153.1493098616873,23454.71111111111,3895.5,4325.0,3953.625,4225.5,271.875,139.75,0.03740001217653356,0,0,4004.735,4186.8150000000005,456.0970474083301,-456.0970474083301,-0.10021914816843598,-0.10560404327319799
GR--KR,GR,KR,8536.453653913031,10,8457.99,8481.0,8472.375,8478.721766666475,58.03247079581119,3367.767666666679,8303.4,8497.5,8448.5,8488.75,40.25,9.5,0.006861260275291316,1,0,8420.05875,8484.45125,78.46365391303152,-78.46365391303152,-0.009191598419451913,-0.009234101810082267
GR--MA,GR,MA,2777.965823972774,10,2776.3199999999997,2791.9,2783.2125,2796.7996628598457,73.87970402395148,5458.210666666672,2642.0,2855.5,2779.5249999999996,2822.5,42.975000000000364,28.59999999999991,0.026610658722320008,2,0,2727.19425,2815.02325,1.6458239727744512,-1.6458239727744512,-0.0005924565228886637,-0.0005926320946035602
GR--MX,GR,MX,11298.129151635198,10,10788.64,10789.5,10788.875,10788.811738949627,26.2470400447577,688.9071111111143,10750.4,10825.0,10768.0,10812.375,44.375,24.75,0.002432840473382901,0,0,10772.529499999999,10803.140249999999,509.48915163519814,-509.48915163519814,-0.04509500155266493,-0.046143421515295414
GR--MY,GR,MY,8741.0759144703,10,8440.545,8431.175,8436.54375,8436.05353848034,101.29750586487535,10261.184694444455,8317.5,8595.6,8352.25,8523.0,170.75,84.67499999999927,0.012001299189196355,0,0,8382.356,8499.262875,300.53091447030056,-300.53091447030056,-0.034381455716771724,-0.03498640445030696
GR--NG,GR,NG,3590.1434415502863,10,3405.79,3396.5,3405.6125,3405.7900000010864,55.95491141187796,3130.9521111111103,3340.5,3472.5,3357.175,3463.0,105.82499999999982,55.0,0.016429348671491185,0,0,3374.5622499999995,3438.5322499999997,184.35344155028633,-184.35344155028633,-0.05134988185059239,-0.052715233127220026
GR--NL,GR,NL,2163.5846088708995,10,2152.85,2183.0,2182.8125,2182.8017071391996,95.16945413314085,9057.224999999999,1882.0,2184.0,2182.125,2183.0,0.875,0.75,0.044206263387203404,1,0,2092.49875,2183.25,10.734608870899592,-10.734608870899592,-0.004961492528134417,-0.004973841595658396
GR--NO,GR,NO,2606.9423466880603,10,2614.53,2614.6,2614.5625,2614.5625,1.2092697520955475,1.4623333333332271,2612.3,2616.5,2613.7,2615.375,1.675000000000182,0.900000000000091,0.00046251898126835317,0,0,2613.81,2615.20025,7.587653311939903,7.587653311939903,0.0029105566226194034,0.002906329153564773
GR--NZ,GR,NZ,17522.839563811503,10,17684.8,17695.0,17694.75,17697.382328571424,59.22799638309197,3507.9555555555553,17540.0,17750.0,17681.0,17721.75,40.75,24.5,0.003349090540073508,1,0,17644.2975,17714.21,161.9604361884958,161.9604361884958,0.00924281909896496,0.009200365639115854
GR--PE,GR,PE,11767.93414146203,10,11229.26,11232.75,11231.075,11229.54387857145,69.90500220537389,4886.709333333329,11124.0,11320.0,11180.0,11277.125,97.125,52.75,0.006225254576470211,0,0,11190.055000000002,11270.367750000001,538.6741414620301,-538.6741414620301,-0.0457747413425876,-0.04685551521986746
GR--PH,GR,PH,9644.711437844597,10,9611.403,9611.25,9610.56625,9610.33905714284,12.55488753876789,157.62520111110925,9594.5,9635.0,9601.75,9617.25,15.5,9.0,0.001306249206153138,0,0,9604.055925,9618.906675,33.30843784459648,-33.30843784459648,-0.0034535442619774495,-0.0034595215117277445
GR--PK,GR,PK,4438.915175919046,10,4356.64,4362.0,4363.175,4363.174999977195,187.26424111399382,35067.896000000015,4045.5,4615.5,4240.75,4513.125,272.375,147.25,0.042983639023190766,0,0,4254.96875,4463.2162499999995,82.27517591904598,-82.27517591904598,-0.018534973672257992,-0.01870889878103559
GR--PL,GR,PL,1599.730736035073,10,1598.54,1598.5,1598.5375,1598.54,0.051639777949385256,0.002666666666661816,1598.5,1598.6,1598.5,1598.6,0.09999999999990905,0.0,3.230433892763725e-05,0,0,1598.51,1598.5700000000002,1.190736035073087,-1.190736035073087,-0.0007443352860896591,-0.0007446124411380849
GR--PT,GR,PT,2859.446251097273,10,2854.15,2854.75,2854.4375,2854.4720125,1.5284342024147166,2.336111111111111,2850.5,2855.5,2853.625,2855.0,1.375,0.75,0.0005355129206295102,1,0,2853.2,2854.95,5.296251097272943,-5.296251097272943,-0.0018521946671459834,-0.0018539121006970292
GR--RU,GR,RU,2231.411035554138,10,2230.1400000000003,2230.05,2230.2,2230.2,0.7961016127214567,0.6337777777777043,2228.3,2231.5,2230.0,2230.5,0.5,0.25,0.0003569738279755785,2,0,2229.61975,2230.56,1.2710355541375975,-1.2710355541375975,-0.0005696106785731454,-0.000569772968366694
GR--SA,GR,SA,2633.348280356521,10,2382.18,2404.5,2391.275,2402.813714999734,51.23817587177225,2625.350666666664,2276.1,2415.5,2394.05,2412.0249999999996,17.974999999999454,8.900000000000091,0.021508943854692868,2,0,2350.44525,2408.00475,251.16828035652134,-251.16828035652134,-0.09537981824512647,-0.10024011204479709
GR--SE,GR,SE,2410.026741429502,10,2438.3900000000003,2443.1,2440.7250000000004,2442.6434857045947,10.5787470377587,111.90988888888845,2412.5,2445.6,2436.875,2444.9,8.025000000000091,2.0,0.004338414707146395,1,0,2431.86425,2443.5425,28.363258570498147,28.363258570498147,0.011768856371143227,0.011700141982069995
GR--SG,GR,SG,9057.615916728751,10,8654.869999999999,8638.7,8657.3125,8654.870000018915,405.99901217723294,164835.19788888894,8235.0,9055.2,8288.5,9051.8,763.2999999999993,395.9500000000007,0.046909891445767876,0,0,8419.706,8883.2005,402.7459167287525,-402.7459167287525,-0.04446489235483151,-0.04548377328170517
GR--SN,GR,SN,4796.3210435787405,10,4726.37,4755.15,4737.3125,4746.997529999715,125.23017075236575,15682.595666666683,4495.2,4870.0,4650.425,4824.5,174.07499999999982,72.85000000000036,0.026496057387036087,0,0,4651.8305,4792.4802500000005,69.95104357874061,-69.95104357874061,-0.014584312214127173,-0.014691708777898793
GR--TH,GR,TH,7932.285448089226,10,7922.37,7922.65,7922.525,7922.5375,1.0842816362305239,1.1756666666667421,7920.0,7923.5,7922.0,7923.0,1.0,0.6499999999996362,0.00013686329169560672,1,0,7921.69975,7922.969999999999,9.91544808922572,-9.91544808922572,-0.0012500115072906523,-0.0012507934233454607
GR--TR,GR,TR,819.9324692614381,10,814.3299999999999,814.35,814.2875,814.33,0.8069834088890737,0.6512222222222299,813.5,815.5,813.5,815.0,1.5,0.8000000000000114,0.0009909783612160597,0,0,813.87,814.83,5.602469261438159,-5.602469261438159,-0.006832842302835789,-0.006856293054376582
GR--TZ,GR,TZ,5045.850144996306,10,4816.585,4805.9,4817.09375,4817.093749999775,103.24236331726108,10658.985583333337,4675.0,4954.1,4734.175,4906.2,172.02499999999964,87.5,0.021434764115501145,0,0,4755.034750000001,4878.532375000001,229.26514499630593,-229.26514499630593,-0.04543637611268651,-0.046500981267433406
GR--UA,GR,UA,1484.282875845914,10,1483.98,1483.0,1483.475,1483.1861719999908,2.8114053425288956,7.904000000000017,1481.5,1490.5,1482.35,1485.0,2.650000000000091,1.1000000000000227,0.001894503526010388,1,0,1482.5994999999998,1485.8,0.302875845914059,-0.302875845914059,-0.00020405533934456107,-0.0002040761614679159
GR--US,GR,US,8271.005589450659,10,7919.42,7917.5,7919.525,7918.377819987584,7.7794315702084385,60.51955555555573,7906.5,7931.5,7915.525,7926.0,10.475000000000364,3.5,0.000982323398709557,0,0,7914.839999999999,7923.87125,351.5855894506585,-351.5855894506585,-0.042508203585195505,-0.04343812567703694
GR--VN,GR,VN,7933.017363609639,10,7656.65,7661.25,7646.4375,7656.592066671825,215.58538524986642,46477.05833333332,7425.0,7970.0,7442.875,7803.625,360.75,211.0,0.028156620094932697,0,0,7527.68625,7784.3625,276.36736360963914,-276.36736360963914,-0.034837609820116154,-0.03545891182148435
GR--ZA,GR,ZA,7065.652015003433,10,7269.12,7335.0,7286.4,7314.407500006051,186.40717558911487,34747.6351111111,6925.0,7475.0,7171.5,7402.625,231.125,87.5,0.02564370592164043,0,0,7161.061250000001,7377.043999999999,203.46798499656688,203.46798499656688,0.02879677410726093,0.028389938908491855
IN--IT,IN,IT,5929.147771473219,10,5920.210000000001,5920.2,5920.2,5920.21,0.22335820756987518,0.04988888888882745,5920.0,5920.5,5920.0,5920.4,0.3999999999996362,0.1999999999998181,3.772808862690262e-05,0,0,5920.08,5920.33025,8.937771473218163,-8.937771473218163,-0.001507429367205228,-0.001508566681945278
IN--JP,IN,JP,5855.550160203252,10,5833.15,5830.0,5832.75,5830.666666666649,4.229854213405785,17.891666666666673,5830.0,5839.5,5830.0,5837.25,7.25,0.0,0.0007251406552901581,0,0,5830.8,5835.65,22.4001602032522,-22.4001602032522,-0.0038254578289659237,-0.0038327936072163242
IN--KE,IN,KE,5427.9212039634995,10,5408.63,5410.0,5408.9125,5409.469271428554,6.258514200670967,39.16900000000015,5400.0,5415.0,5402.5,5413.575,11.074999999999818,4.5,0.0011571348383363194,0,0,5404.898999999999,5412.0,19.291203963499356,-19.291203963499356,-0.0035540685353746123,-0.003560399241244396
IN--KR,IN,KR,4698.888249176968,10,4673.9,4684.0,4675.5,4683.258699999985,15.530972638927388,241.21111111111114,4650.0,4685.0,4660.75,4684.0,23.25,1.0,0.0033229150471613404,0,0,4664.1,4682.3,24.988249176968566,-24.988249176968566,-0.005317906673210492,-0.005332097070065346
IN--MA,IN,MA,7789.23277228102,10,7734.42,7682.85,7696.0875,7692.509869999712,136.61164583511092,18662.741777777777,7660.5,8115.0,7675.0,7728.125,53.125,19.850000000000364,0.017662817100068385,1,0,7679.157250000001,7822.1245,54.812772281019534,-54.812772281019534,-0.007036992459138952,-0.007061868862644574
IN--MX,IN,MX,14673.684770062055,10,15506.01,15900.8,15532.5125,15605.294753341177,1043.6081549125608,1089117.9809999997,14200.0,16600.0,14367.75,16395.0,2027.25,694.9500000000007,0.06730346200683224,0,0,14897.363749999999,16085.741499999998,832.3252299379456,832.3252299379456,0.0567223054727259,0.05517195285635977
IN--MY,IN,MY,3828.30825419318,10,3875.4,3875.5,3875.3125,3875.3888888888887,0.45946829173634074,0.2111111111111111,3875.0,3876.5,3875.0,3875.5,0.5,0.25,0.00011856022390884573,1,0,3875.15,3875.7,47.0917458068202,47.0917458068202,0.01230092842059941,0.01222588676192859
IN--NG,IN,NG,7553.544289460008,10,7332.7699999999995,7350.0,7335.875,7344.869283332764,73.44919710626897,5394.78455555555,7190.5,7450.2,7297.625,7371.375,73.75,27.75,0.010016569060023562,0,0,7289.79375,7375.683750000001,220.77428946000873,-220.77428946000873,-0.029227906926827796,-0.02966355186222695
IN--NL,IN,NL,6368.270749342955,10,6363.71,6365.0,6363.95,6364.728571428572,2.3421025691554496,5.485444444444558,6360.0,6365.5,6361.625,6365.075000000001,3.4500000000007276,0.3000000000001819,0.0003680404306851584,0,0,6362.25,6365.11,4.560749342955205,-4.560749342955205,-0.0007161676257916263,-0.000716424196331403
IN--NO,IN,NO,5995.942926158602,10,5970.65,5968.0,5970.0625,5969.543007142829,11.829929087793477,139.94722222222222,5950.5,5995.5,5965.125,5975.0,9.875,4.25,0.001981346936731089,1,0,5964.29875,5978.05125,25.292926158602313,-25.292926158602313,-0.004218340045942805,-0.004227262342675747
IN--NZ,IN,NZ,12641.150365211413,10,12144.07,12172.85,12142.525,12154.550803334047,150.39922465816693,22619.926777777768,11950.0,12350.5,11995.0,12246.125,251.125,102.14999999999964,0.012384581500120383,0,0,12047.085000000001,12232.19375,497.08036521141366,-497.08036521141366,-0.039322399532512826,-0.04011640968349314
IN--PE,IN,PE,16782.759226615508,10,16849.65,16797.5,16889.5625,16886.26999999977,292.844483756595,85757.89166666665,16180.0,17200.0,16760.0,17062.375,302.375,150.0,0.017379855590863608,1,0,16675.8875,17006.03625,66.89077338449351,66.89077338449351,0.003985683908186713,0.003977762112285172
IN--PH,IN,PH,4759.988205994383,10,4765.0,4765.0,4765.0,4765.0,0.0,0.0,4765.0,4765.0,4765.0,4765.0,0.0,0.0,0.0,0,0,4765.0,4765.0,5.011794005617048,5.011794005617048,0.0010529005091452872,0.001052346598178889
IN--PK,IN,PK,683.9640532615389,10,688.12,691.5,689.125,690.8507333332911,6.098232895228282,37.188444444444315,675.2,693.0,685.0,692.5,7.5,1.5,0.008862164877097428,0,0,684.11,691.4512500000001,4.155946738461125,4.155946738461125,0.006076264854334305,0.006057878798483067
IN--PL,IN,PL,5273.3563545073075,10,5269.85,5269.85,5269.8125,5269.827858575424,1.5707393871111295,2.467222222222247,5267.5,5272.5,5268.75,5270.725,1.9750000000003638,1.150000000000091,0.000298061498355955,0,0,5268.949,5270.76025,3.506354507307151,-3.506354507307151,-0.0006649189380706572,-0.0006651400947073294
IN--PT,IN,PT,7792.049494202723,10,7864.539999999999,8033.95,7872.6125,7935.819323316814,359.4303585768273,129190.18266666665,7374.0,8290.5,7483.0,8119.25,636.25,191.55000000000018,0.045702655028371314,0,0,7651.6235,8059.547499999999,72.49050579727646,72.49050579727646,0.00930313723638554,0.009260129586772551
IN--RU,IN,RU,4347.028704133428,10,4339.8,4340.0,4340.0,4339.888888888889,0.6324555320336759,0.4,4338.0,4340.0,4340.0,4340.0,0.0,0.0,0.00014573379695692794,1,0,4339.4,4340.0,7.228704133427527,-7.228704133427527,-0.0016629069245744851,-0.0016642910889982927
IN--SA,IN,SA,3053.56116017884,10,3047.69,3030.25,3040.8125,3030.499999999939,39.01004001820841,1521.7832222222214,3025.4,3125.0,3028.875,3032.75,3.875,2.5,0.012799871383968976,2,0,3028.6192499999997,3074.612,5.87116017884,-5.87116017884,-0.0019227255885374635,-0.0019245763981617257
IN--SE,IN,SE,5576.990338548147,10,5580.993,5580.4,5580.49125,5580.655000000009,4.79307845868508,22.973601111110938,5575.0,5591.0,5578.875,5583.272499999999,4.397499999999127,2.8649999999997817,0.0008588218008309774,1,0,5578.36,5583.693825,4.002661451853783,4.002661451853783,0.0007177099490718845,0.0007174525184526472
IN--SG,IN,SG,4141.530296031338,10,4150.0,4150.0,4150.0,4150.0,0.0,0.0,4150.0,4150.0,4150.0,4150.0,0.0,0.0,0.0,0,0,4150.0,4150.0,8.469703968661634,8.469703968661634,0.002045066283054312,0.0020429779816616782
IN--SN,IN,SN,9687.105127662475,10,9706.3,9752.75,9716.5625,9720.557499988745,249.77758995643393,62388.84444444445,9350.0,9980.5,9492.625,9928.0,435.375,200.0,0.0257335534607867,0,0,9571.285,9849.92625,19.19487233752443,19.19487233752443,0.001981486944196734,0.001979526388391697
IN--TH,IN,TH,2916.5977506210074,10,2918.25,2920.0,2918.5625,2919.357142859486,2.5303710751148296,6.402777777777779,2914.0,2920.0,2915.875,2920.0,4.125,0.0,0.0008670850938455682,0,0,2916.65,2919.55,1.6522493789925647,1.6522493789925647,0.0005664988868076733,0.0005663384868880571
IN--TR,IN,TR,4224.800548051528,10,4203.804999999999,4256.6,4247.443749999999,4254.883308572056,151.76327774604175,23032.09247222221,3780.0,4278.5,4240.4375,4266.225,25.787500000000364,13.399999999999636,0.03610140759289305,2,0,4103.047124999999,4263.467625000001,20.995548051528203,-20.995548051528203,-0.004969595088035889,-0.004981984589954817
IN--TZ,IN,TZ,5878.312198256734,10,5770.585,5764.15,5771.21875,5771.218749992971,139.3597663324039,19421.144472222215,5550.8,5985.3,5669.25,5871.2125,201.96249999999964,111.34999999999991,0.024150024015312813,0,0,5688.496625,5852.344,107.72719825673357,-107.72719825673357,-0.01832621246089669,-0.01849621773100126
IN--UA,IN,UA,4584.987256027431,10,4571.2,4568.5,4570.375,4570.416666666547,14.230639870051911,202.5111111111111,4550.5,4598.5,4565.0,4578.875,13.875,9.25,0.003113108126980205,0,0,4563.398749999999,4579.851250000001,13.787256027430885,-13.787256027430885,-0.003007043478541001,-0.003011573717812286
IN--US,IN,US,12068.739151501237,10,12014.55,12036.5,12021.5,12030.723769999846,44.13265986394505,1947.6916666666664,11920.0,12053.5,11987.0,12048.0,61.0,14.25,0.0036732678180993092,0,0,11985.93625,12038.65625,54.189151501237575,-54.189151501237575,-0.004490042482565128,-0.004500152999096489
IN--VN,IN,VN,3006.513807803295,10,3003.66,3003.5,3003.5,3003.4059750069596,2.0282449994460308,4.1137777777778295,3001.3,3007.3,3002.0,3004.25,2.25,1.5,0.000675257851902689,0,0,3002.46,3004.92,2.85380780329524,-2.85380780329524,-0.0009492082809958456,-0.0009496590644570664
IN--ZA,IN,ZA,7970.766596356072,10,8037.562999999999,8031.0,8034.1875,8031.683026666558,18.619634827544605,346.690801111112,8022.13,8080.0,8025.424999999999,8039.200000000001,13.775000000001455,5.800000000000182,0.002316577154983993,2,0,8028.015924999999,8049.83175,66.79640364392708,66.79640364392708,0.008380173078266252,0.008345254375407502
IT--JP,IT,JP,9880.684200947846,10,9818.03,9856.0,9856.0,9856.0,120.53076186416293,14527.664555555551,9475.0,9857.3,9855.25,9856.5,1.25,0.75,0.01227647113159798,1,0,9741.6495,9856.51,62.65420094784531,-62.65420094784531,-0.0063410791877990536,-0.006361269226777298
IT--KE,IT,KE,5373.367125832121,10,5404.93,5406.15,5405.2875,5405.2875000000395,11.84361525135895,140.27122222222232,5380.0,5427.0,5400.0,5410.0,10.0,5.0,0.0021912615429541082,2,0,5398.22425,5411.885,31.562874167879272,31.562874167879272,0.005873947085458345,0.0058567627188134885
IT--KR,IT,KR,8990.221254368656,10,8966.05,8966.0,8966.0,8966.05,0.15811388300841894,0.02499999999999999,8966.0,8966.5,8966.0,8966.0,0.0,0.0,1.7634731348633896e-05,1,0,8966.0,8966.15,24.171254368657173,-24.171254368657173,-0.002688616184714201,-0.0026922370046614415
IT--MA,IT,MA,1903.2092760976723,10,1750.8400000000001,1744.4,1749.1875,1747.2980957530378,15.044245854589494,226.32933333333318,1735.4,1779.5,1741.775,1754.325,12.549999999999955,7.9500000000000455,0.00859258747492032,2,0,1742.13725,1759.7255,152.36927609767213,-152.36927609767213,-0.08005912855263562,-0.08344588117037498
IT--MX,IT,MX,10254.982173131564,10,10245.65,10245.0,10245.1875,10245.277777777777,1.5465014279549394,2.3916666666666666,10245.0,10250.0,10245.0,10245.5,0.5,0.0,0.00015094224650997638,1,0,10245.05,10246.65,9.33217313156456,-9.33217313156456,-0.0009100135889085405,-0.0009104279026476785
IT--MY,IT,MY,9712.850057099384,10,9621.39,9615.55,9618.625,9619.573357500045,37.19424836061496,1383.4121111111083,9582.4,9682.5,9588.0,9647.0,59.0,30.549999999999272,0.0038657874133170944,0,0,9602.478,9643.382500000002,91.46005709938436,-91.46005709938436,-0.009416397510690875,-0.009461012074928148
IT--NG,IT,NG,3667.9438428379826,10,3736.4900000000002,3739.05,3737.3625,3737.65600000006,12.89379264952285,166.24988888888944,3715.5,3750.5,3729.0,3747.5,18.5,10.0,0.0034507767047477307,0,0,3728.4194999999995,3743.75075,68.54615716201761,68.54615716201761,0.018687897115944305,0.01851542382861641
IT--NL,IT,NL,1294.6009270853822,10,1297.5009999999997,1297.6,1297.46375,1297.501,0.36746730769172037,0.1350322222222015,1297.0,1298.3,1297.2075,1297.6,0.39249999999992724,0.22500000000002274,0.00028321157956080225,1,0,1297.2830000000001,1297.718275,2.900072914617567,2.900072914617567,0.0022401288721047704,0.002237623524260034
IT--NO,IT,NO,2008.243997050136,10,2002.15,2001.9,2002.075,2002.0625,0.8209073570683058,0.6738888888888709,2001.4,2003.5,2001.5,2002.45,0.9500000000000455,0.40000000000009095,0.00041001291465090316,0,0,2001.66975,2002.6599999999999,6.09399705013584,-6.09399705013584,-0.003034490360278519,-0.0030391037613964715
IT--NZ,IT,NZ,18548.183630194897,10,18460.04,18500.0,18462.5,18499.4,51.6743478161286,2670.238222222235,18400.0,18500.4,18400.0,18500.0,100.0,0.2000000000007276,0.0027992543795207704,0,0,18430.0,18490.079999999998,88.1436301948961,-88.1436301948961,-0.004752143495679309,-0.004763470829906975
IT--PE,IT,PE,10857.151296366306,10,10852.9,10855.0,10856.25,10856.24999999996,29.84199129489258,890.5444444444445,10787.0,10892.0,10842.75,10874.0,31.25,19.0,0.0027496790069836247,1,0,10833.095000000001,10869.9,4.251296366306633,-4.251296366306633,-0.0003915664662174751,-0.00039164314838434865
IT--PH,IT,PH,10405.066890561595,10,10401.9,10400.0,10402.25,10400.32173333333,6.951418720104711,48.32222222222222,10390.0,10411.0,10398.5,10408.25,9.75,2.0,0.0006682835558988946,0,0,10397.8975,10406.2,3.16689056159521,-3.16689056159521,-0.00030436042313845065,-0.00030440675017231875
IT--PK,IT,PK,5309.570036872611,10,5334.43,5335.0,5335.875,5335.874999843244,55.79181640507665,3112.72677777778,5245.0,5412.3,5288.5,5382.0,93.5,48.75,0.010458814982121173,0,0,5301.89625,5364.8915,24.859963127389165,24.859963127389165,0.004682104757023212,0.004671177798712831
IT--PL,IT,PL,1318.2845538649813,10,1316.32,1316.4,1316.3375,1316.32,0.1932183566158691,0.037333333333337174,1316.0,1316.5,1316.225,1316.475,0.25,0.09999999999990905,0.0001467867666037659,0,0,1316.2,1316.4299999999998,1.9645538649813261,-1.9645538649813261,-0.0014902350628486054,-0.0014913465675259658
IT--PT,IT,PT,1866.7033208698376,10,1862.1299999999999,1862.0,1862.125,1862.1299999999999,0.6074537019395045,0.36900000000000843,1861.3,1863.0,1861.625,1862.5,0.875,0.5,0.00032621444364222936,0,0,1861.8,1862.5,4.573320869837744,-4.573320869837744,-0.002449945215561458,-0.0024529512420782525
IT--RU,IT,RU,2380.4991270140295,10,2375.0,2375.0,2375.0,2375.0,0.0,0.0,2375.0,2375.0,2375.0,2375.0,0.0,0.0,0.0,0,0,2375.0,2375.0,5.499127014029455,-5.499127014029455,-0.0023100731067804527,-0.0023127454419794684
IT--SA,IT,SA,3687.31508886442,10,3671.5699999999997,3671.5,3671.5875,3671.5,2.5525803937714713,6.51566666666652,3667.5,3675.5,3670.5,3672.5,2.0,1.0,0.0006952285789924941,0,0,3670.0,3673.21,15.745088864420268,-15.745088864420268,-0.004270068731573811,-0.004279211511207424
IT--SE,IT,SE,1980.1731729298174,10,1976.6200000000001,1976.75,1976.6125,1976.619999999998,1.2461496254017184,1.552888888888843,1975.0,1978.3,1975.4,1977.75,2.349999999999909,1.25,0.0006304447113768545,0,0,1975.9599999999998,1977.35,3.553172929817265,-3.553172929817265,-0.001794374844781921,-0.0017959866637506149
IT--SG,IT,SG,10029.704091564545,10,9005.857,9395.25,9029.80875,9346.117260009989,622.080605031749,386984.2791566669,8285.0,9535.1,8289.0,9528.8425,1239.8425000000007,139.85000000000036,0.06907511467612122,0,0,8655.45125,9371.109675,1023.8470915645448,-1023.8470915645448,-0.10208148537758444,-0.10767595575214078
IT--SN,IT,SN,4165.994598971797,10,4180.469999999999,4184.5,4181.65,4182.583333333329,12.572372709856968,158.06455555555624,4156.5,4195.0,4176.625,4185.5,8.875,6.75,0.003007406514065875,2,0,4172.638249999999,4187.00375,14.475401028202214,14.475401028202214,0.003474656695852382,0.0034686340233893074
IT--TH,IT,TH,8841.845377807338,10,8818.1,8815.0,8817.0,8815.442857142858,5.332499934885604,28.43555555555497,8815.0,8830.0,8815.0,8820.575,5.575000000000728,0.0,0.0006047220982848463,1,0,8815.03,8821.2,23.745377807337718,-23.745377807337718,-0.002685568090450623,-0.0026891806978198082
IT--TR,IT,TR,1726.7217900116748,10,1748.17,1719.9,1731.7,1716.4333333376871,129.81876298217534,16852.911222222217,1600.5,2027.6,1700.0,1729.2,29.200000000000045,18.40000000000009,0.07425980481427741,4,0,1684.2939999999999,1831.105,21.44820998832529,21.44820998832529,0.012421346688501726,0.012344834698171058
IT--TZ,IT,TZ,5825.804280617088,10,5504.0599999999995,5474.0,5496.875,5490.879792855322,82.61243113344256,6824.813777777789,5423.5,5642.1,5434.75,5575.5,140.75,47.25,0.015009362385846551,0,0,5456.7475,5551.84225,321.7442806170884,-321.7442806170884,-0.05522744416381393,-0.0568110621117016
IT--UA,IT,UA,1678.2650237565786,10,1674.8700000000001,1676.5,1675.4125,1676.0857142880573,3.118421965603058,9.724555555555641,1668.6,1676.8,1675.25,1676.5,1.25,0.2999999999999545,0.0018618889618914052,2,0,1673.15925,1676.4202500000001,3.395023756578439,-3.395023756578439,-0.002022936609248472,-0.0020249855091737413
IT--US,IT,US,7232.448171181223,10,7215.2300000000005,7215.0,7215.1625,7215.23,0.34334951418181986,0.11788888888889172,7215.0,7216.0,7215.0,7215.45,0.4499999999998181,0.0,4.758677328121485e-05,0,0,7215.05,7215.45,17.218171181222715,-17.218171181222715,-0.0023806836597642144,-0.002383521992784987
IT--VN,IT,VN,8746.234564268761,10,8728.82,8728.0,8728.9,8728.89999998842,4.4546604808897445,19.84400000000085,8722.5,8734.5,8725.349999999999,8732.5,7.150000000001455,3.649999999999636,0.0005103393678515246,0,0,8726.349750000001,8731.171,17.41456426876175,-17.41456426876175,-0.001991092754350079,-0.0019930776146598796
IT--ZA,IT,ZA,7658.184796684193,10,7745.3,7730.0,7741.0,7730.333333333333,47.672027670555636,2272.6222222222223,7680.5,7844.5,7730.0,7732.25,2.25,0.0,0.006154962063516666,3,0,7720.4,7776.438749999999,87.11520331580687,87.11520331580687,0.01137543760415988,0.011311223828170729
JP--KE,JP,KE,11264.009284773352,10,11271.807,11270.0,11271.75875,11271.807,9.201946714328104,84.67582333333378,11260.5,11283.5,11264.8025,11280.0,15.197500000000218,9.5,0.0008163683706018124,0,0,11266.255750000002,11277.259325,7.797715226648506,7.797715226648506,0.0006922681817378675,0.0006920286746491698
JP--KR,JP,KR,1158.5480184415178,10,1152.5,1152.0,1152.0,1152.111111111111,1.5811388300841898,2.5000000000000004,1152.0,1157.0,1152.0,1152.0,0.0,0.0,0.0013719208937823773,1,0,1152.0,1153.5,6.048018441517797,-6.048018441517797,-0.0052203433480932536,-0.00523401694844804
JP--MA,JP,MA,11544.941282910848,10,11574.5,11574.75,11573.75,11574.301561111113,9.291573243177568,86.33333333333331,11565.0,11590.0,11565.5,11580.0,14.5,9.25,0.0008027623865547167,0,0,11569.15,11580.25125,29.558717089152196,29.558717089152196,0.0025603176633653265,0.0025570456338632544
JP--MX,JP,MX,11318.783890147193,10,11310.9,11311.0,11311.0,11310.9,0.31622776601683794,0.1,11310.0,11311.0,11311.0,11311.0,0.0,0.0,2.795778992094687e-05,1,0,11310.7,11311.0,7.883890147193597,-7.883890147193597,-0.0006965315553074909,-0.000696774246112316
JP--MY,JP,MY,5316.516912091379,10,5334.6,5334.25,5334.625,5334.600000000003,2.766867462592951,7.655555555555555,5331.0,5338.0,5332.625,5337.0,4.375,2.75,0.0005186644664254023,0,0,5333.04875,5336.2,18.083087908621565,18.083087908621565,0.0034013035616411026,0.0033955322117213355
JP--NG,JP,NG,12973.378381681048,10,13348.8,13370.25,13364.6875,13364.389827965215,184.4062001849901,34005.646666666646,13010.5,13560.0,13242.7,13494.675,251.97499999999854,145.64999999999964,0.013814440263168982,0,0,13243.0905,13464.3835,375.421618318951,375.421618318951,0.02893784543038242,0.028527052141658984
JP--NL,JP,NL,9314.952522971289,10,9293.8,9294.0,9293.875,9294.0,1.0327955589886444,1.0666666666666664,9292.0,9295.0,9294.0,9294.0,0.0,0.0,0.0001111273708266419,4,0,9293.1,9294.3,21.152522971289727,-21.152522971289727,-0.002270813825312175,-0.002273396032909198
JP--NO,JP,NO,8428.362013784,10,8384.8,8385.0,8384.75,8384.8,4.5166359162544865,20.400000000000006,8380.0,8390.0,8380.0,8389.5,9.5,5.0,0.000538669487197606,0,0,8382.1,8387.1,43.562013784001465,-43.562013784001465,-0.005168502932451029,-0.005181905845675992
JP--NZ,JP,NZ,9244.785239978763,10,9212.3,9250.5,9222.25,9245.97005999778,97.14942671529828,9438.011111111111,9045.0,9300.0,9176.5,9267.5,91.0,34.5,0.01054562125802441,0,0,9153.385,9264.2,32.485239978763275,-32.485239978763275,-0.0035138988235531906,-0.003520087066851153
JP--PE,JP,PE,15493.501413507556,10,15481.0,15480.0,15481.875,15481.810388895026,4.594682917363407,21.11111111111111,15470.0,15485.0,15480.0,15485.0,5.0,2.5,0.00029679496914691606,1,0,15478.0,15483.5,12.501413507556208,-12.501413507556208,-0.00080688110285111,-0.0008072068066227652
JP--PH,JP,PH,2993.700049787857,10,2996.8,2997.0,2997.0,2997.125,1.3165611772087666,1.7333333333333334,2994.0,2998.0,2997.0,2997.75,0.75,0.5,0.0004393223362282323,2,0,2996.0,2997.4,3.099950212143085,3.099950212143085,0.0010354912518248972,0.001034955500570519
JP--PK,JP,PK,5982.697041375959,10,5836.49,5832.5,5834.6125,5832.902166666597,9.970005015043846,99.40099999999943,5828.0,5860.0,5830.0,5841.299999999999,11.299999999999272,2.5,0.0017082193261778649,1,0,5831.24,5842.8,146.2070413759593,-146.2070413759593,-0.024438316091354877,-0.024741887798013305
JP--PL,JP,PL,8602.084790962797,10,8574.5,8575.0,8575.0,8574.888888888889,1.5811388300841898,2.5000000000000004,8570.0,8575.0,8575.0,8575.0,0.0,0.0,0.000184400120133441,1,0,8573.5,8575.0,27.584790962797342,-27.584790962797342,-0.003206756458826987,-0.003211909120823555
JP--PT,JP,PT,11169.099580139571,10,11148.289999999999,11150.0,11149.075,11149.825,3.8039307155742477,14.469888888889209,11140.0,11150.3,11150.0,11150.0,0.0,0.0,0.0003412120348119979,4,0,11145.686499999998,11150.09,20.809580139572063,-20.809580139572063,-0.0018631385628054382,-0.001864876364302963
JP--RU,JP,RU,7500.447385335149,10,7479.8,7480.0,7480.0,7479.888888888889,0.6324555320336759,0.4,7478.0,7480.0,7480.0,7480.0,0.0,0.0,8.455513944673331e-05,1,0,7479.4,7480.0,20.64738533514901,-20.64738533514901,-0.002752820501816827,-0.002756616480206296
JP--SA,JP,SA,8708.898067343061,10,8686.91,8685.85,8687.3875,8687.051674285714,5.5193498006759585,30.46322222222174,8675.0,8695.0,8685.0,8689.85,4.850000000000364,2.199999999999818,0.0006353639902653485,1,0,8683.447250000001,8689.940249999998,21.98806734306163,-21.98806734306163,-0.002524781800525749,-0.002527974437035068
JP--SE,JP,SE,8189.5682624323,10,8170.0,8170.0,8170.0,8170.0,0.0,0.0,8170.0,8170.0,8170.0,8170.0,0.0,0.0,0.0,0,0,8170.0,8170.0,19.56826243229989,-19.56826243229989,-0.002389413190688531,-0.002392272393839643
JP--SG,JP,SG,5313.463059765426,10,5313.3,5312.0,5312.875,5312.366300009281,3.831158803518562,14.67777777777778,5310.0,5320.0,5310.5,5314.25,3.75,2.0,0.0007210507224358802,2,0,5311.2,5315.7,0.16305976542571443,-0.16305976542571443,-3.068803971941287e-05,-3.0688510606920056e-05
JP--SN,JP,SN,13935.316154449201,10,13945.220000000001,13927.75,13935.2125,13931.003037146125,147.0232619538676,21615.839555555573,13760.5,14210.0,13842.625,14032.650000000001,190.02500000000146,105.10000000000036,0.010542914486387995,0,0,13863.637500000003,14029.25,9.903845550799815,9.903845550799815,0.0007107011739836102,0.0007104487454979127
JP--TH,JP,TH,4607.791688159286,10,4603.0,4603.0,4603.0,4603.0,0.0,0.0,4603.0,4603.0,4603.0,4603.0,0.0,0.0,0.0,0,0,4603.0,4603.0,4.791688159286423,-4.791688159286423,-0.001039909892541301,-0.0010404509739834484
JP--TR,JP,TR,8787.214872935936,10,8776.47,8774.0,8777.375,8776.558239999853,19.04929570001659,362.8756666666705,8745.0,8800.7,8770.5,8793.75,23.25,12.0,0.002170496304324699,0,0,8765.595000000001,8787.91175,10.744872935936655,-10.744872935936655,-0.0012227848176366077,-0.001223533028988236
JP--TZ,JP,TZ,11676.47018662645,10,11436.27,11438.5,11439.3375,11438.783333333835,29.646361965303196,878.906777777776,11370.5,11477.5,11427.775000000001,11450.0,22.224999999998545,13.649999999999636,0.002592310426852741,1,0,11418.365749999999,11450.945749999999,240.20018662644907,-240.20018662644907,-0.020571301325426276,-0.020785837841229306
JP--UA,JP,UA,8224.583581872374,10,8190.3,8190.75,8190.3125,8190.312500000003,3.0840089349921005,9.51111111111111,8185.0,8195.5,8188.0,8192.0,4.0,2.5,0.000376544074697154,0,0,8188.55,8192.10125,34.28358187237336,-34.28358187237336,-0.004168427681607742,-0.0041771397952486584
JP--US,JP,US,10926.417792606868,10,10904.5,10900.0,10903.75,10900.428571426228,7.245688373094719,52.49999999999999,10900.0,10915.0,10900.0,10911.25,11.25,0.0,0.0006644677310371607,0,0,10901.5,10909.0,21.917792606867806,-21.917792606867806,-0.0020059449512994116,-0.0020079595534447927
JP--VN,JP,VN,3673.3588744790786,10,3724.55,3724.5,3724.5,3724.55,0.5986094998689323,0.3583333333333333,3724.0,3725.5,3724.0,3725.0,1.0,0.5,0.0001607199527107791,0,0,3724.2,3724.9,51.19112552092156,51.19112552092156,0.013935781193766702,0.013839571007377025
JP--ZA,JP,ZA,13501.046885089567,10,13516.060000000001,13518.25,13518.2,13517.994399961002,17.630856788911636,310.84711111111153,13475.0,13540.0,13511.5,13525.775,14.274999999999636,8.0,0.0013044375941592176,1,0,13505.4,13524.900249999999,15.013114910434524,15.013114910434524,0.0011119963539282921,0.0011113785439419788
KE--KR,KE,KR,10114.909688283768,10,10107.05,10115.5,10112.1875,10114.58457,20.50941518208433,420.6361111111112,10052.5,10120.5,10103.75,10115.5,11.75,2.75,0.0020292187316857373,1,0,10093.5,10116.4,7.859688283768264,-7.859688283768264,-0.0007770398872539854,-0.0007773419392282546
KE--MA,KE,MA,6004.034142085109,10,6146.9,6117.5,6135.0625,6137.633620761759,243.65535769470233,59367.93333333334,5810.0,6578.5,5993.75,6326.625,332.875,190.25,0.039638737850738154,0,0,6003.4375,6287.1050000000005,142.8658579148905,142.8658579148905,0.02379497759905732,0.023516289382758456
KE--MX,KE,MX,14829.575444959697,10,14330.86,14330.0,14331.1875,14330.487571428574,8.468661182396009,71.71822222222096,14315.6,14343.5,14326.625,14334.25,7.625,5.0,0.0005909387979783494,0,0,14325.669000000002,14335.6,498.71544495969647,-498.71544495969647,-0.03362978574880246,-0.034208273622603064
KE--MY,KE,MY,7236.589136086184,10,7366.37,7385.0,7372.55,7382.090900110687,50.041628226463175,2504.164555555556,7271.0,7412.3,7357.5,7394.1,36.600000000000364,17.5,0.00679325478172603,2,0,7335.49075,7392.87,129.78086391381567,129.78086391381567,0.017933982636467043,0.01777506596306522
KE--NG,KE,NG,3444.024949628264,10,3476.5099999999998,3477.75,3476.6375,3477.583333333334,8.863840401691952,78.56766666666655,3460.0,3492.0,3475.0,3480.0,5.0,2.75,0.002549637539282773,3,0,3471.295,3481.5505000000003,32.485050371735724,32.485050371735724,0.009432292404049525,0.009388086094538504
KE--NL,KE,NL,6651.25998464762,10,6679.37,6680.0,6679.8125,6679.750000000058,4.5132028538499975,20.36899999999976,6670.0,6685.2,6678.125,6681.5,3.375,2.0,0.0006756928952655711,1,0,6676.5,6681.8904999999995,28.110015352380287,28.110015352380287,0.00422626922075871,0.004217363627800615
KE--NO,KE,NO,7154.024015085028,10,7067.6,7072.5,7070.125,7075.666666667825,74.79334492081794,5594.044444444443,6915.0,7200.0,7062.375,7097.625,35.25,22.25,0.010582566206465836,3,0,7023.68875,7108.416249999999,86.42401508502735,-86.42401508502735,-0.012080475953504354,-0.01215403794601229
KE--NZ,KE,NZ,13676.249196022416,10,13171.35,13114.5,13149.6875,13159.110377791949,321.4443143411036,103326.44722222224,12850.5,13665.5,12862.875,13444.25,581.375,259.0,0.02440481152965365,0,0,12985.79125,13368.018750000001,504.8991960224157,-504.8991960224157,-0.03691795819055856,-0.037616676825854165
KE--PE,KE,PE,12580.253595968305,10,12908.85,12915.0,12909.375,12910.394428623444,24.997833239436307,624.8916666666667,12863.5,12950.0,12896.25,12920.0,23.75,15.0,0.0019364880093452404,0,0,12894.2,12923.35,328.5964040316958,328.5964040316958,0.026120014316484346,0.025784712925783722
KE--PH,KE,PH,9425.033674849916,10,9442.51,9325.0,9431.375,9399.334992024678,344.8326661826961,118909.5676666667,9053.5,9920.6,9156.25,9805.5,649.25,235.25,0.03651917405252375,0,0,9253.935000000001,9653.8455,17.47632515008445,17.47632515008445,0.0018542453802280704,0.001852528389416987
KE--PK,KE,PK,5427.814219869003,10,5197.4169999999995,5194.75,5196.1375,5205.766666670957,93.7285714828846,8785.04511222221,5048.5,5356.57,5180.575000000001,5245.0,64.42499999999927,45.25,0.018033683170483455,3,0,5143.54625,5253.0692500000005,230.3972198690035,-230.3972198690035,-0.04244751395978398,-0.04337474372186458
KE--PL,KE,PL,6115.97738809343,10,6085.5,6102.5,6085.625,6085.500000001744,107.61169907485792,11580.277777777777,5950.0,6220.0,5980.0,6180.0,200.0,102.5,0.017683296208176474,0,0,6024.9875,6148.05,30.47738809342991,-30.47738809342991,-0.004983240806737319,-0.004995698555078642
KE--PT,KE,PT,6454.518927958417,10,6188.55,6097.75,6165.0,6110.257549999295,173.7853800908849,30201.358333333334,6055.5,6510.0,6091.625,6190.125,98.5,20.25,0.028081760685602426,2,0,6096.3462500000005,6301.715,265.9689279584172,-265.9689279584172,-0.04120662297639957,-0.042079684013974904
KE--RU,KE,RU,6323.293987631122,10,6432.8,6425.0,6429.75,6432.799999999781,83.10341616189902,6906.177777777779,6350.0,6540.0,6350.0,6517.25,167.25,75.0,0.012918700435564454,0,0,6384.0,6481.202499999999,109.50601236887815,109.50601236887815,0.017317874605084126,0.017169629296334796
KE--SA,KE,SA,3062.992722793242,10,3111.92,3127.75,3114.025,3122.5812478899375,41.994544619245204,1763.5417777777764,3043.5,3163.5,3076.375,3133.625,57.25,17.59999999999991,0.013494737852915628,0,0,3085.2695,3134.69325,48.927277206757935,48.927277206757935,0.015973683790583598,0.01584744703991148
KE--SE,KE,SE,6920.326031054763,10,6952.74,6955.65,6956.7625,6957.067597500214,29.465316711158724,868.2048888888896,6890.0,6983.3,6942.85,6977.5,34.649999999999636,19.84999999999991,0.004237943129062604,1,0,6934.39575,6968.313,32.413968945236775,32.413968945236775,0.0046838788808186245,0.004672943653026953
KE--SG,KE,SG,7467.562130900984,10,7383.589999999999,7400.0,7391.9875,7398.673200000107,35.12664231036036,1233.8809999999987,7295.0,7405.0,7384.0,7402.674999999999,18.674999999999272,4.0,0.0047573933967569116,2,0,7362.839749999999,7400.210750000001,83.97213090098467,-83.97213090098467,-0.01124491894797977,-0.011308621049234349
KE--SN,KE,SN,6234.6746306605155,10,5777.5,5800.0,5787.5,5798.041928571352,47.15518116931703,2223.6111111111118,5670.0,5805.0,5795.0,5800.0,5.0,2.5,0.00816186606132705,2,0,5747.0,5800.0,457.1746306605155,-457.1746306605155,-0.07332774486935517,-0.07615533026722555
KE--TH,KE,TH,7217.238507509993,10,7255.789999999999,7243.0,7246.925,7244.500787499943,38.539660668517044,1485.3054444444397,7228.3,7354.2,7232.0,7254.924999999999,22.924999999999272,12.75,0.0053115733322652734,1,0,7237.689249999999,7281.355749999999,38.55149249000624,38.55149249000624,0.0053415849358298155,0.005327369271332839
KE--TR,KE,TR,4581.087860826578,10,4695.85,4725.0,4709.8125,4720.672921427561,134.17030015783837,18001.669444444444,4440.0,4840.0,4652.5,4798.875,146.375,76.75,0.02857210093121338,0,0,4619.48375,4769.56125,114.76213917342193,114.76213917342193,0.025051285340926658,0.02474264581764149
KE--TZ,KE,TZ,554.7964784891632,10,612.66,665.65,619.7,658.5879459840847,81.40603581225821,6626.942666666666,488.5,680.5,547.5,674.2750000000001,126.77500000000009,14.650000000000034,0.1328731038622698,0,0,559.6899999999999,655.0662500000001,57.86352151083679,57.86352151083679,0.10429684353515059,0.0992087917268744
KE--UA,KE,UA,5762.3271818541925,10,5623.25,5627.0,5625.125,5623.249999993164,190.09840288066016,36137.40277777778,5406.5,5825.0,5431.75,5816.25,384.5,195.5,0.03380578897979997,0,0,5517.41,5731.95375,139.07718185419253,-139.07718185419253,-0.02413559269805997,-0.02443162916502003
KE--US,KE,US,12147.187581604869,10,12093.679999999998,12089.25,12092.95,12093.558657499992,49.23376889899852,2423.963999999994,12035.7,12157.5,12048.25,12130.575,82.32500000000073,42.55000000000018,0.0040710328782470285,0,0,12062.959250000002,12120.75225,53.50758160487021,-53.50758160487021,-0.004404935812953081,-0.00441466612749892
KE--VN,KE,VN,7897.709339783662,10,8206.98,8162.5,8198.2125,8188.821712855161,149.70808484068806,22412.510666666654,8011.6,8472.5,8118.75,8291.125,172.375,96.15000000000009,0.018241555948800663,0,0,8126.7545,8295.62075,309.270660216338,309.270660216338,0.039159539419667946,0.03841225126262289
KE--ZA,KE,ZA,2855.2050138214963,10,2915.4,2915.0,2915.375,2915.2154299902363,3.4944400282607666,12.211111111111107,2911.0,2920.0,2913.5,2918.75,5.25,2.75,0.0011986142650273605,0,0,2913.2,2917.45,60.19498617850377,60.19498617850377,0.02108254429615788,0.02086338243387844
KR--MA,KR,MA,10756.784508836095,10,10423.33,10433.0,10427.975,10429.838627142857,36.65227141665304,1343.3890000000017,10344.5,10465.0,10410.575,10450.375,39.79999999999927,19.850000000000364,0.003516368705265308,1,0,10400.698750000001,10442.25325,333.45450883609556,-333.45450883609556,-0.030999459788581,-0.03149010959780175
KR--MX,KR,MX,12067.859883839203,10,12094.3,12094.0,12094.125,12094.3,4.3982319680121975,19.34444444444445,12090.0,12100.0,12090.0,12098.75,8.75,4.0,0.00036366155693278633,0,0,12091.8,12096.8,26.440116160796606,26.440116160796606,0.002190953194294554,0.0021885565563207476
KR--MY,KR,MY,4601.299368792894,10,4611.2,4610.5,4610.875,4610.833333333333,1.6193277068654828,2.622222222222223,4610.0,4615.0,4610.0,4612.0,2.0,0.5,0.00035117273309886424,0,0,4610.4,4612.3,9.900631207106017,9.900631207106017,0.0021517033371604662,0.002149391738856918
KR--NG,KR,NG,11887.41498494817,10,11794.16,11825.5,11812.7875,11818.301774959582,232.14586506476172,53891.702666666555,11333.5,12105.8,11674.175,11963.5,289.3250000000007,154.44999999999982,0.019683119871594223,0,0,11659.46925,11922.29725,93.2549849481693,-93.2549849481693,-0.00784484978998787,-0.007875782505308277
KR--NL,KR,NL,8579.921511952483,10,8551.15,8550.75,8551.0625,8551.0625,0.8181958472422385,0.6694444444444444,8550.5,8552.5,8550.5,8551.5,1.0,0.25,9.568255114718354e-05,0,0,8550.7,8551.65,28.771511952483706,-28.771511952483706,-0.0033533537471645636,-0.0033589888390056543
KR--NO,KR,NO,7736.93982941218,10,7731.9800000000005,7699.0,7711.2875,7697.883333330148,99.14166967863041,9829.070666666665,7656.5,7973.0,7676.1,7714.125,38.024999999999636,22.59999999999991,0.012822287393220158,2,0,7682.808,7800.8460000000005,4.959829412179715,-4.959829412179715,-0.0006410582893930225,-0.0006412638551159502
KR--NZ,KR,NZ,9994.193199560701,10,9789.57,9715.0,9785.0,9742.579333335289,145.532982515992,21179.84900000003,9650.0,9965.7,9665.0,9950.0,285.0,65.0,0.01486612614404841,0,0,9705.4875,9876.66325,204.62319956070132,-204.62319956070132,-0.02047420892060558,-0.02068671108212589
KR--PE,KR,PE,16309.70237354757,10,16289.0,16292.5,16288.75,16289.552199999998,8.096638534327413,65.55555555555556,16280.0,16300.0,16280.0,16295.0,15.0,5.0,0.0004970617308814177,0,0,16284.0,16294.0,20.70237354757046,-20.70237354757046,-0.0012693287144925028,-0.0012701349945470333
KR--PH,KR,PH,2612.8130222238005,10,2620.8,2620.0,2620.0,2620.1111111111113,2.5298221281347035,6.4,2620.0,2628.0,2620.0,2620.0,0.0,0.0,0.0009652862210526188,1,0,2620.0,2622.4,7.9869777761996374,7.9869777761996374,0.003056850110690972,0.0030521874440234413
KR--PK,KR,PK,4828.37891716201,10,4328.5,4319.75,4320.875,4320.44345000016,33.26242457922887,1106.388888888889,4302.5,4415.5,4307.875,4330.0,22.125,13.0,0.007684515323837096,1,0,4313.34875,4353.40625,499.8789171620101,-499.8789171620101,-0.10352934716561668,-0.10928972173836699
KR--PL,KR,PL,7760.66724715256,10,7725.780000000001,7725.15,7725.225,7725.311111111111,1.8486030761992458,3.4173333333333145,7725.0,7731.0,7725.0,7725.5,0.5,0.15000000000009095,0.0002392772090584052,1,0,7725.1,7726.980500000001,34.88724715255921,-34.88724715255921,-0.004495392733834784,-0.004505527396013853
KR--PT,KR,PT,10442.178115737892,10,10375.91,10427.6,10396.4,10426.315496012183,90.62190623071727,8212.329888888913,10156.4,10431.5,10334.625,10430.5,95.875,3.399999999999636,0.008733875508819686,1,0,10321.4605,10418.17375,66.268115737892,-66.268115737892,-0.006346196646274042,-0.006366419355806073
KR--RU,KR,RU,6623.6510029551755,8,6600.65,6600.85,6600.65,6600.65,0.5806400409400427,0.3371428571428545,6600.0,6601.5,6600.0,6601.0,1.0,0.40000000000009095,8.796710035224452e-05,0,2,6600.3,6601.0503125000005,23.001002955175863,-23.001002955175863,-0.0034725565922651795,-0.003478599911476502
KR--SA,KR,SA,7561.8622427533055,10,7474.7,7474.5,7475.1875,7475.166666667004,14.19937400811114,201.62222222222223,7450.5,7495.0,7466.625,7484.375,17.75,9.75,0.0018996580475619277,0,0,7466.2,7482.805,87.16224275330569,-87.16224275330569,-0.011526557870957665,-0.011593503571998691
KR--SE,KR,SE,7449.1900939572515,10,7415.0,7415.0,7415.0,7414.764965714298,5.340411969127459,28.519999999999822,7405.0,7425.0,7412.35,7416.525,4.174999999999272,2.599999999999909,0.0007202173930043774,2,0,7411.859,7418.4,34.19009395725152,-34.19009395725152,-0.0045897733211274026,-0.004600338671467853
KR--SG,KR,SG,4664.185115043959,10,4655.2,4655.0,4655.0,4655.0,6.356099432828281,40.4,4647.0,4665.0,4650.0,4660.0,10.0,5.0,0.001365376231489148,0,0,4651.595,4659.0,8.985115043959013,-8.985115043959013,-0.0019264061829317703,-0.0019282640897614418
KR--SN,KR,SN,13134.589981893088,10,12841.49,12848.0,12861.1125,12862.749999999663,168.44808267105793,28374.756555555567,12460.5,13065.5,12823.75,12926.625,102.875,64.75,0.01311748735318549,1,0,12731.360999999999,12933.36,293.0999818930886,-293.0999818930886,-0.02231512230660771,-0.022567871815872016
KR--TH,KR,TH,3719.513508661133,10,3720.0,3720.0,3720.0,3720.0,0.0,0.0,3720.0,3720.0,3720.0,3720.0,0.0,0.0,0.0,0,0,3720.0,3720.0,0.4864913388669265,0.4864913388669265,0.00013079434655475757,0.00013078579371994048
KR--TR,KR,TR,7765.002447792769,10,7397.9800000000005,7394.75,7398.4375,7394.84745,15.945169940908293,254.2484444444454,7370.0,7422.3,7390.0,7408.25,18.25,4.75,0.0021553410445700437,0,0,7388.897,7407.160750000001,367.0224477927686,-367.0224477927686,-0.047266237230497735,-0.04841978186145079
KR--TZ,KR,TZ,10537.870724122911,10,10133.63,10120.75,10124.9375,10124.583528617713,41.72180485070111,1740.7089999999869,10091.5,10245.3,10115.575,10135.025000000001,19.450000000000728,9.5,0.0041171628380650485,1,0,10113.81975,10161.11175,404.24072412291207,-404.24072412291207,-0.03836075946514877,-0.039115908489236635
KR--UA,KR,UA,7313.668925959538,10,7383.8,7415.0,7395.9375,7416.660257118332,77.12190926636146,5947.788888888889,7235.5,7435.0,7414.125,7422.75,8.625,7.0,0.010444745153763842,2,0,7330.14625,7421.95,70.13107404046241,70.13107404046241,0.009589041389545994,0.00954335833776633
KR--US,KR,US,11188.89291648359,10,11151.5,11150.0,11150.625,11150.0,16.67499791770768,278.05555555555554,11130.0,11180.0,11142.5,11157.5,15.0,10.0,0.0014953143449497987,0,0,11142.0,11161.5,37.39291648358994,-37.39291648358994,-0.003341967499617618,-0.0033475643461335597
KR--VN,KR,VN,2740.7404572606933,10,2705.85,2692.0,2703.6875,2694.551214285812,26.593702262001806,707.2249999999999,2684.0,2745.0,2685.125,2732.75,47.625,7.5,0.009828224869080623,0,0,2692.2475,2722.6012499999997,34.89045726069344,-34.89045726069344,-0.012730303290215829,-0.012812027928266188
KR--ZA,KR,ZA,12439.33130876874,10,12409.6,12421.5,12410.4375,12412.497092977861,50.44457905023646,2544.6555555555556,12328.5,12484.0,12375.125,12438.875,63.75,34.75,0.004064964144713485,0,0,12380.14625,12439.60125,29.731308768739837,-29.731308768739837,-0.0023901050651960387,-0.0023929659257212513
MA--MX,MA,MX,9030.70859335305,10,9035.170999999998,9040.85,9040.713749999999,9041.191296750261,37.15367738640854,1380.3957433333253,8955.5,9070.5,9025.5,9065.1775,39.67749999999978,24.0049999999992,0.00411211668117942,1,0,9012.469275,9055.371299999999,4.462406646947784,4.462406646947784,0.0004941369329791338,0.0004940148875280267
MA--MY,MA,MY,11510.602148512982,10,11191.500000000002,11195.45,11195.525,11202.329538569627,80.72669942466366,6516.799999999993,11055.2,11295.6,11164.474999999999,11250.75,86.27500000000146,53.54999999999927,0.007213215335269057,0,0,11140.710000000001,11235.920500000002,319.1021485129804,-319.1021485129804,-0.027722454863423823,-0.028113975016593226
MA--NG,MA,NG,3128.743164350726,10,3137.09,3135.55,3136.925,3136.9250000000106,8.337125803696802,69.50766666666705,3125.5,3150.0,3130.125,3144.75,14.625,6.25,0.002657598539951612,0,0,3132.36875,3141.78075,8.346835649273999,8.346835649273999,0.002667791893044735,0.002664239652608652
MA--NL,MA,NL,2242.2927982728406,10,2210.88,2275.5,2216.7375,2267.157480000711,97.22926857004873,9453.530666666666,2081.4,2293.5,2101.25,2284.975,183.7249999999999,17.0,0.043977632693791034,0,0,2148.4700000000003,2264.992,31.41279827284052,-31.41279827284052,-0.014009231219507414,-0.014108286714917782
MA--NO,MA,NO,3151.447797422512,10,3171.12,3181.5,3171.875,3176.6317799982694,49.26086569366078,2426.6328888888856,3085.5,3250.7,3140.375,3193.625,53.25,23.5,0.015534216836215843,0,0,3139.2835,3197.97125,19.67220257748795,19.67220257748795,0.0062422746121885125,0.006222872317128287
MA--NZ,MA,NZ,19184.614067775434,10,19834.43,19915.25,19868.175,19903.994261427393,180.1141061167123,32441.091222222298,19448.5,19950.4,19850.75,19950.0,99.25,35.150000000001455,0.009080881382359478,2,0,19719.096749999997,19928.4875,649.8159322245665,649.8159322245665,0.033871722930098866,0.033310709328475546
MA--PE,MA,PE,8994.063367057093,10,8686.45,8727.75,8705.125,8705.125000008225,197.074358498963,38838.30277777779,8273.5,8950.0,8576.25,8818.0,241.75,130.75,0.022687560338108547,0,0,8563.0875,8798.2,307.61336705709255,-307.61336705709255,-0.03420182341429793,-0.03480039352780548
MA--PH,MA,PH,12306.704272957739,10,11742.619999999999,11776.0,11746.875,11750.43315999992,97.8105288583779,9566.899555555574,11585.5,11865.7,11668.5,11785.5,117.0,67.0,0.008329531983354474,0,0,11684.82,11797.6085,564.0842729577398,-564.0842729577398,-0.04583552675408282,-0.04691921857196542
MA--PK,MA,PK,7189.637834826475,10,7343.6900000000005,7424.0,7391.35,7402.849430009717,273.8819877652092,75011.3432222222,6710.5,7595.6,7252.5,7518.849999999999,266.34999999999945,137.79999999999973,0.03729487325380145,1,0,7153.008500000001,7484.969999999999,154.05216517352528,154.05216517352528,0.021426971526618405,0.021200641311799915
MA--PL,MA,PL,3003.7613829081456,10,2874.0899999999997,2882.9,2874.6125,2874.5410166696975,83.90607778277383,7040.229888888893,2755.5,2988.5,2804.125,2935.625,131.5,77.25,0.029193963231065777,0,0,2825.99725,2924.0045,129.67138290814592,-129.67138290814592,-0.04316966841840221,-0.04412919522051453
MA--PT,MA,PT,561.1139331622182,10,543.05,543.0,543.0,543.05,0.15811388300841897,0.025,543.0,543.5,543.0,543.0,0.0,0.0,0.00029115897801016295,1,0,543.0,543.15,18.06393316221829,-18.06393316221829,-0.03219298629855267,-0.03272257759250654
MA--RU,MA,RU,4154.088683247983,10,4162.17,4160.5,4163.275,4163.073838570766,48.137143201020486,2317.184555555553,4075.5,4240.0,4131.7,4190.299999999999,58.599999999999454,34.94999999999982,0.01156539574333112,0,0,4134.86975,4189.363,8.081316752017301,8.081316752017301,0.0019453885962055853,0.0019434987783668537
MA--SA,MA,SA,5250.266926333236,10,5022.95,4985.25,5011.0625,4993.90895000005,134.5125871846613,18093.636111111107,4830.5,5310.5,4955.375,5045.0,89.625,37.25,0.026779599077168058,2,0,4943.66125,5111.83875,227.31692633323655,-227.31692633323655,-0.043296260842111835,-0.04426150791442478
MA--SE,MA,SE,3357.2928975060963,10,3456.4800000000005,3439.75,3460.9125000000004,3458.10484399767,102.54543491653943,10515.566222222225,3285.5,3592.0,3424.25,3547.9,123.65000000000009,64.70000000000005,0.02966759099330516,0,0,3396.37525,3521.3050000000003,99.18710249390415,99.18710249390415,0.02954377396371448,0.02911576621626994
MA--SG,MA,SG,11826.42016648286,10,11528.4,11542.0,11527.75,11528.676814288901,119.2750788909588,14226.544444444444,11333.5,11728.5,11450.75,11608.0,157.25,85.5,0.010346195386259915,0,0,11457.695000000002,11595.904999999999,298.0201664828601,-298.0201664828601,-0.025199524647997545,-0.02552246959066065
MA--SN,MA,SN,2391.787943560576,10,2298.1400000000003,2299.25,2298.3625,2298.7771785714217,2.572590566378989,6.618222222222167,2294.0,2300.5,2295.8,2300.375,4.574999999999818,1.25,0.00111942290999634,0,0,2296.6397500000003,2299.6402500000004,93.64794356057564,-93.64794356057564,-0.03915394916706747,-0.039941079688712335
MA--TH,MA,TH,10705.56891983213,10,10442.33,10467.9,10461.6,10470.66903750001,194.8018026952866,37947.74233333337,10080.5,10650.0,10366.175,10604.375,238.20000000000073,132.25,0.01865501307613211,0,0,10326.871500000001,10550.78325,263.2389198321307,-263.2389198321307,-0.024588970637933968,-0.024896328242878397
MA--TR,MA,TR,3564.835480066176,10,3382.31,3417.0,3384.6125,3396.88839400444,66.3603872803648,4403.701000000003,3290.0,3456.2,3320.55,3428.875,108.32499999999982,33.84999999999991,0.01961984184783914,0,0,3343.5090000000005,3417.6505,182.525480066176,-182.525480066176,-0.051201656033446924,-0.05255899613801434
MA--TZ,MA,TZ,6314.658277637436,10,6412.432999999999,6313.4,6398.328750000001,6352.40986665749,213.14872272925086,45432.378001111065,6185.3,6752.4,6255.25,6582.65,327.39999999999964,96.0,0.033239914199376566,0,0,6300.787925,6539.5061749999995,97.7747223625629,97.7747223625629,0.015483770944315342,0.015365120565759696
MA--UA,MA,UA,3528.2254241343594,10,3616.87,3602.5,3610.125,3602.383625,61.58221334119132,3792.3690000000024,3555.2,3732.5,3575.5,3633.0,57.5,32.5,0.017026382850694473,1,0,3583.73075,3652.6075,88.64457586564049,88.64457586564049,0.02512440822496176,0.0248139791031698
MA--US,MA,US,6156.291767126741,10,6157.38,6156.0,6159.5875,6159.186014285713,16.870605600669325,284.6173333333352,6118.5,6178.6,6152.675,6167.0,14.324999999999818,8.5,0.002739900022520833,1,0,6147.29625,6166.312999999999,1.0882328732586757,1.0882328732586757,0.00017676759231419187,0.00017675197076415792
MA--VN,MA,VN,10647.136952745917,10,10276.27,10325.0,10285.0625,10307.399049999996,87.8830415950653,7723.428999999976,10125.7,10356.5,10223.875,10338.5,114.625,31.5,0.00855203703241208,0,0,10226.23,10324.687,370.86695274591693,-370.86695274591693,-0.03483255211160495,-0.03545367156833021
MA--ZA,MA,ZA,7578.285436291664,10,7526.92,7512.8,7517.5875,7509.949999998969,88.71349390030808,7870.083999999999,7413.5,7715.0,7471.25,7540.075000000001,68.82500000000073,37.80000000000018,0.01178616139142014,1,0,7478.744,7589.16275,51.36543629166408,-51.36543629166408,-0.006777975931822264,-0.006801050736777291
MX--MY,MX,MY,16634.32204066329,10,16600.47,16609.45,16602.425,16607.844139999997,13.460398706328666,181.18233333333444,16573.5,16611.8,16590.0,16609.5,19.5,2.1999999999989086,0.0008108444343038881,0,0,16592.24025,16607.745,33.85204066328879,-33.85204066328879,-0.0020350718580857143,-0.002037145430543083
MX--NG,MX,NG,11398.49344176858,10,10560.679999999998,10511.2,10528.6625,10470.928136817069,432.6523875404416,187188.0884444445,10052.5,11325.0,10270.425,10622.25,351.8250000000007,225.7500000000009,0.04096823192639505,2,0,10324.3225,10826.507249999999,837.8134417685815,-837.8134417685815,-0.07350212078891954,-0.07634352229217524
MX--NL,MX,NL,9230.824470291544,10,9220.45,9224.0,9221.25,9223.57142857143,5.833095233235953,34.025,9210.5,9224.0,9217.25,9224.0,6.75,0.0,0.0006326258732747266,0,0,9216.95,9224.0,10.37447029154282,-10.37447029154282,-0.001123894222550974,-0.0011245262652732227
MX--NO,MX,NO,9207.206656401106,10,9318.511999999999,9319.0,9318.64625,9318.646250000003,81.8869423588946,6705.471328888927,9185.5,9450.45,9254.9925,9374.0,119.00749999999971,65.25,0.00878755560532568,0,0,9270.50185,9367.0855,111.30534359889316,111.30534359889316,0.012088937258892804,0.012016449670708603
MX--NZ,MX,NZ,11096.668791733968,10,11140.5,11146.0,11142.625,11143.999999999995,45.47343546878038,2067.8333333333335,11060.0,11204.0,11122.5,11166.5,44.0,26.0,0.0040818127973412666,0,0,11115.18,11166.605,43.83120826603226,43.83120826603226,0.003949942914280961,0.003942162371504506
MX--PE,MX,PE,4242.004305490678,10,4242.0,4241.5,4241.875,4241.805974999996,2.211083193570267,4.88888888888889,4240.0,4245.0,4240.0,4243.75,3.75,1.5,0.0005212360192292001,0,0,4240.7,4243.3025,0.0043054906782344915,-0.0043054906782344915,-1.014966126427934e-06,-1.0149666415564683e-06
MX--PH,MX,PH,14235.182311520231,10,14225.95,14224.0,14225.5625,14224.278257147735,3.7598020042431903,14.136111111111111,14223.0,14232.0,14223.25,14229.375,6.125,1.0,0.00026429180506350647,0,0,14223.848750000001,14228.35125,9.232311520230724,-9.232311520230724,-0.000648555903127367,-0.0006487663064842865
MX--PK,MX,PK,14066.453084225219,10,14605.27,14527.7,14554.95,14556.414501100731,288.5363988207459,83253.25344444453,14321.5,15291.6,14401.5,14728.175,326.6749999999993,166.35000000000036,0.01975563606977111,1,0,14454.74675,14810.85775,538.8169157747816,538.8169157747816,0.038305101687577246,0.03758967381570783
MX--PL,MX,PL,10192.871677759145,10,10175.35,10175.0,10175.0625,10175.16666666501,0.944281031614353,0.8916666666666666,10175.0,10178.0,10175.0,10175.0,0.0,0.0,9.28008404245901e-05,2,0,10175.0,10175.95,17.52167775914495,-17.52167775914495,-0.00171901288597376,-0.0017204920840415818
MX--PT,MX,PT,8683.463178335352,10,7498.8,7485.7,7477.875,7478.9910142858325,86.02914234916754,7401.013333333332,7430.0,7735.0,7460.5,7494.75,34.25,16.5,0.011472387895285584,1,0,7462.093000000001,7556.749,1184.6631783353523,-1184.6631783353523,-0.13642750064179532,-0.14667742503772427
MX--RU,MX,RU,10735.215575427284,10,10731.0,10730.0,10730.625,10730.25,2.1081851067789197,4.444444444444445,10730.0,10735.0,10730.0,10730.0,0.0,0.0,0.00019645746964671695,2,0,10730.0,10732.5,4.215575427284421,-4.215575427284421,-0.0003926866114299369,-0.0003927637330076818
MX--SA,MX,SA,13896.334176917055,10,13897.829999999998,13905.25,13895.6,13896.270228572137,65.09289174368861,4237.084555555565,13783.5,14030.0,13869.375,13914.2,44.82500000000073,34.0,0.004683673044186655,2,0,13861.09525,13940.321249999999,1.4958230829433887,1.4958230829433887,0.00010764155955806481,0.0001076357666210341
MX--SE,MX,SE,9597.983316257523,10,9566.32,9565.5,9566.025,9565.566666666666,4.60646888142707,21.219555555555957,9558.5,9576.5,9565.1,9566.25,1.1499999999996362,0.75,0.00048152987579623823,3,0,9563.919750000001,9569.291,31.663316257523547,-31.663316257523547,-0.0032989551256971564,-0.00330440867547157
MX--SG,MX,SG,16619.715449178875,10,16585.55,16590.0,16586.9375,16589.666666666668,8.789039891946231,77.24722222222222,16568.0,16592.0,16586.25,16590.0,3.75,0.0,0.0005299215215622172,2,0,16579.9,16590.0,34.16544917887586,-34.16544917887586,-0.0020557180586725306,-0.0020578339473185667
MX--SN,MX,SN,8626.492575918614,10,9020.32,9039.75,9039.0875,9050.833333331477,129.201486059565,16693.023999999972,8730.5,9160.0,9033.125,9079.5,46.375,39.25,0.014323381660469365,3,0,8934.8005,9083.35125,393.8274240813862,393.8274240813862,0.04565325021907279,0.04464180993762809
MX--TH,MX,TH,15755.522525889133,10,16312.74,16307.5,16314.675,16313.690946666457,32.653201306388915,1066.2315555555588,16260.0,16350.0,16294.0,16346.25,52.25,29.800000000000182,0.002001699365427814,0,0,16293.695500000002,16332.7,557.2174741108665,557.2174741108665,0.035366486461826885,0.03475545724096304
MX--TR,MX,TR,11768.795374105772,10,11616.2,11638.0,11620.4375,11620.437499986047,205.2960193368482,42146.45555555555,11270.0,11928.5,11469.75,11746.375,276.625,162.0,0.017673251092168538,0,0,11500.547499999999,11730.355,152.59537410577104,-152.59537410577104,-0.012966099694580313,-0.013050893324492047
MX--TZ,MX,TZ,14938.231690550672,10,14836.34,14730.0,14807.675,14750.692763332296,300.8078242185717,90485.34711111111,14421.5,15480.5,14685.75,14983.525000000001,297.77500000000146,71.64999999999964,0.020275069472563426,1,0,14679.169000000002,15023.489249999999,101.89169055067214,-101.89169055067214,-0.006820866931333294,-0.006844235366793854
MX--UA,MX,UA,10833.717889250147,10,10819.42,10825.25,10823.3125,10823.83671250001,23.168887183749774,536.7973333333246,10765.2,10842.5,10812.625,10831.875,19.25,12.75,0.0021414167472701656,1,0,10804.85875,10831.35,14.297889250146909,-14.297889250146909,-0.00131975831347188,-0.0013206299614690507
MX--US,MX,US,3030.093510534221,10,3032.3,3032.75,3032.3125,3032.3,1.766981104093143,3.1222222222222222,3030.0,3034.5,3030.5,3033.5,3.0,1.75,0.0005827197520341466,0,0,3031.3,3033.35,2.206489465779214,2.206489465779214,0.000728191872002722,0.0007279268689424797
MX--VN,MX,VN,14772.36666926787,10,14353.91,14331.25,14343.2,14323.333333335166,109.66576949987638,12026.581000000015,14238.5,14555.0,14292.125,14348.25,56.125,39.0,0.007640132166070178,2,0,14295.6975,14420.181500000002,418.4566692678709,-418.4566692678709,-0.02832698907605777,-0.02873593963419876
MX--ZA,MX,ZA,14607.47105898857,10,14358.220000000001,14352.15,14356.15,14355.366666666001,46.56841561974533,2168.617333333341,14282.5,14450.5,14336.974999999999,14379.95,42.97500000000218,25.150000000000546,0.003243327906923374,1,0,14331.51575,14388.30475,249.25105898856964,-249.25105898856964,-0.0170632587928487,-0.01721051369598361
MY--NG,MY,NG,10420.365898604718,10,9843.647,9862.6,9837.55875,9848.056312999744,136.7579405819722,18702.73431222224,9632.5,10103.5,9769.2675,9905.650000000001,136.38250000000153,64.46500000000015,0.013893015523816752,0,0,9770.270175000001,9926.753499999999,576.7188986047167,-576.7188986047167,-0.05534535967512803,-0.05693587825884575
MY--NL,MY,NL,10191.674131483782,10,10216.58,10213.25,10215.1,10213.086950000006,9.878573896176643,97.58622222222259,10210.0,10235.0,10210.125,10214.45,4.325000000000728,3.0,0.0009669159245243167,2,0,10211.68,10223.3,24.905868516218106,24.905868516218106,0.0024437465518329046,0.002440765458930772
MY--NO,MY,NO,9756.41766681565,10,9658.289999999999,9663.95,9660.7375,9660.737500000023,19.235872160569617,370.01877777777725,9613.5,9683.5,9650.5,9669.25,18.75,11.0,0.0019916436719719143,1,0,9646.39,9668.470500000001,98.12766681565154,-98.12766681565154,-0.010057755845099952,-0.010108676792775627
MY--NZ,MY,NZ,8841.078241919804,10,8680.8,8708.75,8688.125,8691.97696666492,96.88601550275457,9386.9,8488.0,8815.0,8623.25,8734.0,110.75,53.5,0.01116095469343316,0,0,8625.8775,8733.1575,160.2782419198047,-160.2782419198047,-0.01812881161483771,-0.018295151955432628
MY--PE,MY,PE,19013.09740368873,10,19775.62,19775.15,19775.15,19775.551055714204,32.78491523043278,1074.8506666666633,19725.0,19830.0,19753.85,19800.0,46.150000000001455,24.849999999998545,0.0016578451259901222,0,0,19756.68925,19794.621,762.522596311268,762.522596311268,0.04010512228077741,0.03932178716126371
MY--PH,MY,PH,2466.062114353582,10,2483.5,2485.0,2483.75,2484.5714285714284,2.41522945769824,5.833333333333334,2480.0,2485.0,2481.25,2485.0,3.75,0.0,0.0009725103513985262,0,0,2482.0,2485.0,17.43788564641818,17.43788564641818,0.007071146158453149,0.0070462628379909555
MY--PK,MY,PK,4494.739093847033,10,4465.2,4480.35,4479.575000000001,4481.516666663789,82.9925030081367,6887.755555555578,4255.4,4560.0,4456.375,4505.125,48.75,28.90000000000009,0.01858651415572353,1,0,4402.9127499999995,4507.206999999999,29.539093847032746,-29.539093847032746,-0.00657192625206424,-0.006593616442511419
MY--PL,MY,PL,9097.205754114833,10,9301.26,9396.3,9308.95,9384.37918799994,143.74683919230287,20663.15377777778,9115.5,9425.5,9150.5,9418.75,268.25,27.700000000000728,0.015454555532508808,0,0,9213.341,9384.164999999999,204.0542458851669,204.0542458851669,0.02243043099172176,0.02218256847021453
MY--PT,MY,PT,11578.724073923351,10,11425.95,11437.4,11428.4375,11425.950000000437,243.1916265462735,59142.16722222216,11116.5,11715.5,11201.5,11663.875,462.375,254.25,0.02128414937456172,0,0,11274.41875,11564.183,152.77407392335044,-152.77407392335044,-0.013194379013436864,-0.01328219816707111
MY--RU,MY,RU,8120.2776123462945,10,8191.567000000001,8204.8,8205.333750000002,8205.4666666665,60.29012449997287,3634.8991122222287,8025.0,8248.0,8200.900000000001,8210.5,9.599999999998545,5.700000000000728,0.007360023363047981,2,0,8151.243,8215.781899999998,71.2893876537064,71.2893876537064,0.008779181089242078,0.008740868153124796
MY--SA,MY,SA,6341.828455301534,10,6363.207,6365.835,6364.07125,6364.020842111103,16.174844701298067,261.62560111111014,6335.0,6384.5,6350.875,6374.049999999999,23.174999999999272,14.085000000000036,0.0025419328180425475,0,0,6353.496824999999,6372.599749999999,21.378544698466612,21.378544698466612,0.0033710379978182698,0.0033653687864055554
MY--SE,MY,SE,9341.491142366964,10,9277.277,9288.5,9278.59625,9280.545000002669,101.7921278390426,10361.637289999993,9124.0,9420.0,9214.4525,9330.25,115.79750000000058,73.86499999999978,0.01097219882935937,0,0,9220.341550000001,9339.10375,64.21414236696364,-64.21414236696364,-0.006874078387306906,-0.006897813698944708
MY--SG,MY,SG,316.8988719686071,10,315.05,315.0,315.0,315.05,0.15811388300841897,0.025,315.0,315.5,315.0,315.0,0.0,0.0,0.0005018691731738422,1,0,315.0,315.15,1.8488719686071136,-1.8488719686071136,-0.005834264909564802,-0.0058513507209262535
MY--SN,MY,SN,13043.639094479997,10,13546.779999999999,13402.5,13524.4125,13447.937449993202,495.23605549946245,245258.75066666666,12880.0,14392.5,13284.25,13703.974999999999,419.72499999999854,204.75,0.03655747384245278,2,0,13277.199750000002,13849.359999999999,503.140905520002,503.140905520002,0.03857366045438414,0.03784829148102271
MY--TH,MY,TH,1177.7394610704162,10,1185.0,1185.0,1185.0,1185.0,0.0,0.0,1185.0,1185.0,1185.0,1185.0,0.0,0.0,0.0,0,0,1185.0,1185.0,7.260538929583845,7.260538929583845,0.006164809085181653,0.006145884387923862
MY--TR,MY,TR,7987.759450740217,10,8116.4,8096.1,8114.75,8113.698365722181,143.67464788348863,20642.404444444444,7941.5,8304.5,7992.0,8252.75,260.75,115.60000000000036,0.017701770228609807,0,0,8033.315,8196.335,128.64054925978235,128.64054925978235,0.016104709969434715,0.0159764048394089
MY--TZ,MY,TZ,7402.73482591565,10,7376.981999999999,7382.9,7386.5175,7387.536666667126,64.7146814529405,4187.989995555561,7225.5,7452.18,7365.965,7420.1,54.13500000000022,31.090000000000146,0.008772514485319403,1,0,7335.64395,7409.969549999999,25.752825915650646,-25.752825915650646,-0.0034788259368003583,-0.00348489112231827
MY--UA,MY,UA,8411.290456319653,10,8462.75,8443.05,8467.075,8465.633785715316,76.2128926101089,5808.404999999991,8325.5,8565.4,8420.0,8527.0,107.0,52.5,0.009005688766666733,0,0,8416.863,8507.413,51.45954368034654,51.45954368034654,0.006117913053600884,0.006099274603848047
MY--US,MY,US,15344.127499182949,10,15177.99,15052.5,15170.5625,15121.707479276012,344.7021272860896,118819.55655555551,14760.0,15655.4,15006.125,15517.75,511.625,199.0,0.022710657161197866,0,0,14990.275,15367.746,166.1374991829489,-166.1374991829489,-0.010827432135961816,-0.01088647535705331
MY--VN,MY,VN,2027.1201148112582,10,2043.9,2044.0,2044.0625,2044.0555555555557,0.966091783079296,0.9333333333333335,2041.5,2045.0,2044.0,2044.0,0.0,0.0,0.00047267076817813787,4,0,2043.2,2044.4,16.7798851887419,16.7798851887419,0.008277696553913505,0.008243624321064586
MY--ZA,MY,ZA,8519.437119588007,10,8492.085000000001,8487.0,8491.85625,8488.929666666952,31.182295992010154,972.3355833333325,8440.5,8545.5,8474.0,8510.6,36.600000000000364,15.0,0.003671924620633231,0,0,8474.804750000001,8510.795500000002,27.352119588005735,-27.352119588005735,-0.0032105547824418314,-0.003215719671182242
NG--NL,NG,NL,4803.701354562851,10,4833.110000000001,4858.8,4847.137500000001,4848.75889785557,89.14667626383434,7947.129888888884,4623.5,4930.5,4793.5,4879.0,85.5,41.34999999999991,0.018444992202501977,1,0,4776.467250000001,4879.70125,29.40864543714997,29.40864543714997,0.006122080301519126,0.006103416503355128
NG--NO,NG,NO,5646.7717130159035,10,5394.846,5388.030000000001,5392.0575,5392.05749999781,106.20810098836887,11280.160715555561,5230.0,5582.0,5314.375,5457.125,142.75,81.65000000000009,0.019686956956392988,0,0,5334.052250000001,5456.5605000000005,251.92571301590397,-251.92571301590397,-0.044614113305698366,-0.04563995027867376
NG--NZ,NG,NZ,16223.187399540882,10,15470.060000000001,15475.55,15426.45,15457.724924288708,333.8792902299339,111475.38044444441,15034.5,16254.5,15364.5,15537.375,172.875,89.05000000000018,0.02158228799564668,3,0,15290.998249999999,15673.3925,753.127399540881,-753.127399540881,-0.04642289958150854,-0.04753499678227891
NG--PE,NG,PE,9643.897366310626,10,9041.185000000001,9044.925,9050.48125,9050.48124969959,141.73477980212039,20088.74780555555,8755.5,9252.5,8965.5,9142.5,177.0,95.0,0.015676571135544774,0,0,8965.982125,9123.1275,602.7123663106249,-602.7123663106249,-0.06249676281459628,-0.06453506814576877
NG--PH,NG,PH,12235.34688266842,10,11875.999999999998,11875.3,11862.5,11859.79226856868,167.21164233788662,27959.733333333315,11675.0,12185.0,11750.599999999999,11968.8,218.20000000000073,123.80000000000018,0.014079794740475467,0,0,11780.1795,11976.763500000001,359.34688266842204,-359.34688266842204,-0.029369570484139122,-0.02980949126007412
NG--PK,NG,PK,7205.476952378416,10,6910.7300000000005,6910.5,6924.1875,6921.429249037073,227.1816113939585,51611.48455555557,6562.5,7151.3,6798.0,7125.5,327.5,205.0,0.032873750152872194,0,0,6769.5495,7035.884250000001,294.7469523784157,-294.7469523784157,-0.04090596005322372,-0.04176614848214075
NG--PL,NG,PL,4940.545235260267,10,4929.982,4928.9,4936.3525,4933.205160000604,43.17201403172613,1863.8227955555576,4833.5,4975.5,4915.54,4967.575,52.034999999999854,19.800000000000182,0.008757032790733543,1,0,4903.316600000001,4952.62205,10.563235260266993,-10.563235260266993,-0.002138070750749947,-0.002140359687204865
NG--PT,NG,PT,3682.00110841764,10,3788.97,3787.35,3789.2125,3789.116666666495,12.505469914312611,156.38677777777787,3765.5,3810.5,3784.0,3797.0,13.0,7.0,0.0033004932512827,0,0,3781.095,3796.4035,106.9688915823599,106.9688915823599,0.029051835790546616,0.028637830501065817
NG--RU,NG,RU,5807.769283957347,10,5277.15,5325.5,5287.625,5297.491371428551,119.24788607490422,14220.058333333334,5030.5,5440.0,5235.75,5340.0,104.25,54.0,0.022597024165487853,1,0,5205.1825,5338.26625,530.6192839573478,-530.6192839573478,-0.09136369886852494,-0.0958103736357818
NG--SA,NG,SA,4500.0833361671885,10,4548.7300000000005,4534.3,4545.225,4543.53257571677,72.79256753878715,5298.757888888889,4450.5,4675.0,4496.3,4601.375,105.07499999999982,51.55000000000018,0.01600283321691706,0,0,4507.5045,4590.1115,48.64666383281201,48.64666383281201,0.010810169545492318,0.010752157369194661
NG--SE,NG,SE,5648.083214797142,10,5439.039999999999,5450.75,5430.637500000001,5438.424642225627,141.22276492596134,19943.869333333336,5285.3,5660.0,5300.424999999999,5508.8,208.3750000000009,145.30000000000018,0.025964649078874465,0,0,5356.73025,5527.0145,209.04321479714326,-209.04321479714326,-0.037011355330155364,-0.03771365887363217
NG--SG,NG,SG,10690.478531487915,10,10292.94,10276.5,10303.425,10303.425000001607,161.3596961931807,26036.951555555574,9944.5,10557.5,10239.575,10383.0,143.42499999999927,80.5,0.01567673533443124,1,0,10188.21175,10379.735750000002,397.53853148791495,-397.53853148791495,-0.03718622420100263,-0.037895265116795286
NG--SN,NG,SN,2792.475346325268,10,3116.1,3114.0,3117.0,3115.9900571623634,10.18386523433569,103.71111111111111,3095.0,3130.0,3112.125,3121.125,9.0,4.0,0.0032681445506677225,1,0,3109.99875,3121.4512499999996,323.6246536747317,323.6246536747317,0.11589167800553818,0.10965379652917678
NG--TH,NG,TH,10098.775445297742,10,9696.393,9683.365,9679.49125,9673.326541941487,145.1483832382113,21068.053156666658,9545.5,9982.5,9582.85,9735.7,152.85000000000036,98.0649999999996,0.014969317274806342,1,0,9618.2769,9789.01225,402.3824452977424,-402.3824452977424,-0.03984467695883884,-0.040660212773084896
NG--TR,NG,TR,4240.937563878063,10,4087.63,4126.5,4086.5375,4093.6012299999156,109.9917779755479,12098.191222222225,3915.5,4268.5,4018.75,4151.5,132.75,65.15000000000009,0.026908447676415894,0,0,4022.9925,4150.1325,153.30756387806287,-153.30756387806287,-0.03614945081574675,-0.03681902835683121
NG--TZ,NG,TZ,3557.1927842916293,10,3841.69,3869.0,3859.55,3867.320850008933,142.7477452633763,20376.918777777766,3555.0,3985.5,3800.25,3956.675,156.42500000000018,91.0,0.03715753880801842,1,0,3755.8427500000003,3921.62225,284.49721570837073,284.49721570837073,0.07997801439514188,0.07694068388738562
NG--UA,NG,UA,5050.317778330715,10,4839.969999999999,4840.0,4838.9625,4838.950000000498,37.356065995587215,1395.4756666666674,4785.5,4902.5,4818.675,4857.25,38.57499999999982,21.0,0.007718243293984719,0,0,4818.50575,4861.8,210.3477783307153,-210.3477783307153,-0.04165040450192061,-0.04254264534738422
NG--US,NG,US,8912.837189115719,10,8662.24,8658.0,8659.6875,8658.250000000047,77.83671227497837,6058.553777777768,8559.5,8785.4,8613.625,8705.75,92.125,49.5,0.008985748752629617,0,0,8615.4485,8709.37525,250.59718911571872,-250.59718911571872,-0.028116432938071156,-0.028519268670054734
NG--VN,NG,VN,10509.155498205999,10,10155.23,10101.25,10149.475,10123.115983336073,194.10594501170976,37677.1178888889,9912.5,10444.0,10018.25,10305.45,287.2000000000007,110.75,0.01911388959301855,0,0,10048.7225,10272.56275,353.92549820599925,-353.92549820599925,-0.03367782485152278,-0.034257985726809305
NG--ZA,NG,ZA,4454.133473532923,10,4523.13,4517.5,4521.6,4520.225090039959,15.059220136219226,226.7801111111106,4508.5,4550.0,4510.875,4530.0,19.125,8.599999999999909,0.0033293803486124044,0,0,4514.759,4532.2,68.99652646707727,68.99652646707727,0.015490448788089575,0.015371696566291181
NL--NO,NL,NO,916.4123574186069,10,914.6300000000001,914.3499999999999,914.475,914.5706499999898,2.6758383940572767,7.160111111111026,912.0,918.5,912.125,916.825,4.7000000000000455,2.2499999999998863,0.002925596573540422,0,0,913.05975,916.2405,1.7823574186068072,-1.7823574186068072,-0.0019449294896321944,-0.0019468233209693796
NL--NZ,NL,NZ,18559.7377139544,10,18552.7,18560.0,18552.125,18552.12500000041,38.436238687525666,1477.3444444444447,18500.0,18610.0,18520.0,18580.0,60.0,32.5,0.00207173288456805,0,0,18530.2,18577.0,7.0377139543998055,-7.0377139543998055,-0.0003791925329369499,-0.0003792644446049488
NL--PE,NL,PE,10520.554598873148,10,10512.92,10512.35,10512.275,10512.355555555556,2.149315136399369,4.619555555555439,10512.0,10519.0,10512.0,10512.5,0.5,0.25,0.00020444511481104862,1,0,10512.14,10514.320749999999,7.634598873148207,-7.634598873148207,-0.0007256840693518139,-0.0007259475054913785
NL--PH,NL,PH,10403.669642766034,10,10411.95,10412.5,10412.0625,10412.000000002343,0.7975657409336933,0.6361111111111111,10410.5,10412.5,10411.25,10412.5,1.25,0.0,7.660099606065081e-05,0,0,10411.45,10412.35,8.280357233967152,8.280357233967152,0.0007959073594502993,0.0007955907931484263
NL--PK,NL,PK,5697.10532452438,10,5799.95,5818.5,5808.4125,5814.463176665845,51.662392296309456,2669.0027777777746,5685.2,5847.0,5780.200000000001,5834.25,54.04999999999927,20.949999999999818,0.008907385804413737,1,0,5767.9490000000005,5828.220249999999,102.84467547561962,102.84467547561962,0.01805209305731162,0.017891088781086487
NL--PL,NL,PL,1094.9218044055763,10,1095.03,1095.0,1095.0,1095.03,0.094868329805037,0.00899999999999727,1095.0,1095.3,1095.0,1095.0,0.0,0.0,8.663537054239336e-05,1,0,1095.0,1095.0900000000001,0.10819559442370519,0.10819559442370519,9.881581861678575e-05,9.881093665541822e-05
NL--PT,NL,PT,1863.734590183404,10,1864.06,1864.02,1864.05,1864.06,0.08055363982397837,0.006488888888891234,1864.0,1864.2,1864.0,1864.08,0.07999999999992724,0.01999999999998181,4.321408099738118e-05,2,0,1864.016,1864.1119999999999,0.3254098165959931,0.3254098165959931,0.00017460094281126725,0.00017458570184060467
NL--RU,NL,RU,2153.7587182460625,10,2158.56,2158.2,2158.4249999999997,2158.4499999978607,0.7589466384404877,0.5760000000001164,2158.2,2160.0,2158.2,2158.2,0.0,0.0,0.000351598583518868,2,0,2158.2,2159.1,4.801281753937474,4.801281753937474,0.0022292570255257986,0.0022267759187484786
NL--SA,NL,SA,4668.278240051819,10,4740.17,4683.0,4730.65,4689.297000000677,94.93723131042367,9013.077888888889,4665.0,4891.5,4667.25,4830.55,163.30000000000018,17.5,0.02002823344108411,0,0,4685.3695,4800.6375,71.89175994818106,71.89175994818106,0.015400058919235082,0.015282681556795486
NL--SE,NL,SE,1131.6300553848139,10,1125.113,1125.1,1125.11625,1125.113,0.056969777562838546,0.0032455555555593023,1125.0,1125.2,1125.1,1125.1225,0.02250000000003638,0.0,5.0634716302130136e-05,3,0,1125.08,1125.15,6.51705538481383,-6.51705538481383,-0.005758998140604959,-0.005775645114425177
NL--SG,NL,SG,10501.875707111722,10,10512.0,10512.0,10512.0,10512.0,0.0,0.0,10512.0,10512.0,10512.0,10512.0,0.0,0.0,0.0,0,0,10512.0,10512.0,10.124292888278433,10.124292888278433,0.0009640461542905525,0.000963581760237677
NL--SN,NL,SN,4622.391187616452,10,4649.35,4650.0,4649.75,4649.857142857143,1.7646214576755235,3.1138888888888894,4645.0,4650.5,4648.875,4650.5,1.625,0.5,0.0003795415397153416,1,0,4648.2,4650.2,26.95881238354832,26.95881238354832,0.005832222174482316,0.005815280606147697
NL--TH,NL,TH,9184.527369269523,10,9184.55,9180.0,9180.0,9180.111111111111,14.388363353766126,207.025,9180.0,9225.5,9180.0,9180.0,0.0,0.0,0.001566583376841122,1,0,9180.0,9193.65,0.02263073047652142,0.02263073047652142,2.4640059925393116e-06,2.4640029569173453e-06
NL--TR,NL,TR,2538.4405504203605,10,2610.46,2617.05,2613.95,2616.16914,20.12970165921216,405.2048888888888,2565.0,2628.0,2606.875,2624.5,17.625,7.699999999999818,0.007711170314508615,1,0,2598.2,2620.85175,72.01944957963951,72.01944957963951,0.028371532895546142,0.027976515061425764
NL--TZ,NL,TZ,7113.778557184179,10,7132.789999999999,7155.15,7139.9875,7140.592681433692,154.84967943855165,23978.423222222205,6914.5,7293.5,6984.75,7269.25,284.5,127.85000000000036,0.021709552564782037,0,0,7045.5095,7225.52575,19.011442815820374,19.011442815820374,0.0026724816724328295,0.002668916942991733
NL--UA,NL,UA,1785.0113835275376,10,1779.9599999999998,1780.65,1779.9375,1779.9854985714358,1.8774687451164078,3.524888888888979,1777.6,1782.5,1778.075,1781.45,3.375,1.349999999999909,0.0010547814249288793,0,0,1778.8799999999999,1781.0,5.051383527537837,-5.051383527537837,-0.002829888690992714,-0.002833900396234856
NL--US,NL,US,6206.190650303078,10,6203.32,6205.9,6204.5875,6205.633333333337,8.349424464529777,69.71288888888836,6185.0,6211.5,6203.75,6207.25,3.5,2.0,0.0013459606250410712,2,0,6198.32975,6207.540749999999,2.870650303078037,-2.870650303078037,-0.0004625462646620193,-0.00046265327218405767
NL--VN,NL,VN,8893.9631609998,10,8291.689999999999,8291.5,8291.5625,8291.42857142857,1.5652120907049862,2.449888888889074,8289.4,8295.0,8291.0,8291.875,0.875,0.5,0.00018876876616286746,3,0,8290.820000000002,8292.65,602.2731609998009,-602.2731609998009,-0.06771707394075797,-0.07011894163111854
NL--ZA,NL,ZA,8939.953838554835,10,9210.443,9015.0,9186.8875,9019.490260666498,278.72757038011144,77689.05848999998,9004.83,9604.5,9008.125,9507.875,499.75,10.034999999999854,0.030262124240941664,0,0,9067.245925000001,9365.365,270.4891614451644,270.4891614451644,0.030256214554334842,0.029807523302396593
NO--NZ,NO,NZ,17661.515954076174,10,17521.2,17540.75,17531.5,17531.850485714538,76.58481137492821,5865.233333333333,17360.0,17600.0,17470.0,17582.5,112.5,47.0,0.004370979805888193,0,0,17475.62625,17561.96375,140.3159540761735,-140.3159540761735,-0.00794472877872012,-0.007976456292460868
NO--PE,NO,PE,11033.614836586856,10,10810.880000000001,10838.0,10827.3125,10841.184425001147,147.17642323264823,21660.8995555556,10530.3,10960.0,10764.75,10912.0,147.25,85.5,0.013613732021135024,1,0,10711.531250000002,10888.95125,222.73483658685473,-222.73483658685473,-0.020186932377617383,-0.020393472836203384
NO--PH,NO,PH,9696.528062913647,10,9309.47,9214.0,9279.4625,9230.035042714957,204.8541435048632,41965.220111111084,9163.5,9695.5,9187.8,9283.625,95.82500000000073,40.5,0.022004920098014517,2,0,9206.93475,9440.5405,387.0580629136475,-387.0580629136475,-0.03991718070656962,-0.04073572814398261
NO--PK,NO,PK,5312.256150502484,10,5229.329,5232.15,5228.179999999999,5229.328999999996,45.44610836535468,2065.348765555561,5174.15,5293.7,5188.2675,5267.1175,78.85000000000036,44.55000000000018,0.008690619459084462,0,0,5201.327075,5256.206225,82.92715050248444,-82.92715050248444,-0.015610533105531892,-0.01573366054841839
NO--PL,NO,PL,1063.2419616955133,10,967.6600000000001,968.35,967.4875000000001,967.8007879999927,4.913518766288236,24.14266666666667,961.4,975.3,963.075,969.4,6.324999999999932,3.099999999999966,0.005077732639861352,0,0,964.8594999999999,970.4799999999999,95.5819616955132,-95.5819616955132,-0.08989671696468048,-0.09419718807062352
NO--PT,NO,PT,2741.1243604470806,10,2775.477,2774.0,2775.15875,2775.158750000097,11.548841259816687,133.37573444444428,2760.0,2793.5,2766.875,2784.175,17.300000000000182,9.950000000000045,0.004161029350924791,0,0,2768.789925,2782.5175750000003,34.3526395529193,34.3526395529193,0.01253231704792713,0.012454437561213227
NO--RU,NO,RU,1648.9149949297591,10,1643.3469999999998,1643.5,1643.4212499999999,1643.5814285714287,1.1729739032807969,1.3758677777777881,1641.3,1644.8,1643.5,1644.025,0.525000000000091,0.35000000000002274,0.0007137712870628035,2,0,1642.6200000000001,1643.9869999999999,5.567994929759379,-5.567994929759379,-0.003376762869450748,-0.0033824770003252815
NO--SA,NO,SA,4801.67564551418,10,4643.95,4638.65,4647.7125,4650.666666667562,71.6963388186594,5140.365000000006,4512.5,4745.3,4624.5,4692.675,68.17500000000018,48.20000000000027,0.015438654339228329,1,0,4600.978999999999,4683.464749999999,157.72564551418054,-157.72564551418054,-0.03284804246649416,-0.03339965261342878
NO--SE,NO,SE,419.02432565533144,10,416.6,417.0,416.625,416.6,0.5163977794943223,0.2666666666666667,416.0,417.0,416.0,417.0,1.0,0.0,0.001239552999266256,0,0,416.3,416.9,2.4243256553314154,-2.4243256553314154,-0.005785644190322127,-0.005802445866693479
NO--SG,NO,SG,10056.000762360305,10,9665.66,9668.75,9667.9625,9668.425366666706,9.198091589503132,84.60488888888825,9640.5,9672.4,9665.900000000001,9669.75,3.849999999998545,1.5,0.0009516258164991456,1,0,9659.77,9669.57,390.34076236030523,-390.34076236030523,-0.03881669975815376,-0.03959014913483055
NO--SN,NO,SN,5518.823019077122,10,5226.3,5219.25,5224.5,5223.291857146847,83.05794496748774,6898.622222222222,5095.0,5372.0,5170.0,5272.5,102.5,55.0,0.015892303344141694,0,0,5179.29,5274.697499999999,292.5230190771217,-292.5230190771217,-0.05300460226137828,-0.05446104564036864
NO--TH,NO,TH,8681.465564165668,10,8644.16,8645.5,8645.25,8645.91438,18.347764017570356,336.6404444444495,8615.1,8664.5,8634.25,8659.7,25.450000000000728,14.800000000000182,0.00212256182411829,0,0,8633.219000000001,8654.880500000001,37.30556416566833,-37.30556416566833,-0.0042971505087405805,-0.004306409795206901
NO--TR,NO,TR,2704.0156611690363,10,2834.83,2864.0,2848.2875000000004,2849.3573152115937,100.4590690557879,10092.024555555561,2620.5,2941.5,2787.9,2912.7,124.79999999999973,64.90000000000009,0.035437422722275375,0,0,2769.4215,2889.96175,130.8143388309636,130.8143388309636,0.04837780369008965,0.04724402063872873
NO--TZ,NO,TZ,7652.737178326697,10,7490.99,7489.25,7493.65,7484.475057528729,129.9183970378671,16878.789888888874,7275.5,7685.2,7398.75,7543.4,144.64999999999964,79.0,0.017343288008376343,0,0,7419.11875,7570.10425,161.7471783266974,-161.7471783266974,-0.021135859569930256,-0.02136241990175766
NO--UA,NO,UA,1632.1575353448625,10,1632.507,1630.5,1631.38375,1631.0714285714287,4.086351401651325,16.69826777777775,1630.5,1643.5,1630.5,1632.25,1.75,0.0,0.002503114168362724,1,0,1630.7,1635.1095,0.34946465513758085,0.34946465513758085,0.0002141120863457225,0.00021408916762432904
NO--US,NO,US,6247.236504991629,10,6041.7,6057.2,6047.0,6052.310670000183,30.895666722409818,954.5422222222214,5968.5,6072.5,6036.349999999999,6057.5,21.150000000000546,6.150000000000091,0.005113737312744727,1,0,6021.63925,6057.242749999999,205.53650499162904,-205.53650499162904,-0.032900388007945994,-0.03345377746697868
NO--VN,NO,VN,8283.764374187,10,8270.867,8268.25,8273.83375,8270.867000002405,82.11465020864966,6742.815778888888,8152.5,8365.5,8218.9175,8349.875,130.95750000000044,80.0,0.00992817925964106,0,0,8223.267,8319.800425,12.897374186999514,-12.897374186999514,-0.0015569460458326123,-0.001558159345852692
NO--ZA,NO,ZA,9623.202914754816,10,9610.05,9592.5,9603.1875,9600.916666666028,49.88901571377099,2488.9138888888883,9555.0,9720.0,9586.25,9628.875,42.625,25.25,0.005191337788437208,1,0,9584.54875,9643.025,13.152914754817175,-13.152914754817175,-0.0013667917918108547,-0.0013677267036956472
NZ--PE,NZ,PE,10603.194453734135,10,10761.73,10760.0,10758.4125,10759.70348000001,14.11524392673088,199.24011111111298,10750.0,10800.0,10756.25,10760.0,3.75,1.0,0.0013116147614492168,3,0,10755.460000000001,10771.7,158.53554626586447,158.53554626586447,0.014951677719164424,0.01484100320198769
NZ--PH,NZ,PH,8297.851486247824,10,8480.27,8482.6,8480.65,8483.283333333318,22.22376355765751,493.895666666666,8445.0,8512.5,8474.25,8493.875,19.625,10.5,0.0026206433943326696,0,0,8466.078999999998,8492.822,182.4185137521763,182.4185137521763,0.02198382485568725,0.02174566470488276
NZ--PK,NZ,PK,13275.521678301031,10,14173.25,14239.9,14205.875,14200.513858899783,378.5052157280441,143266.19833333322,13455.0,14630.5,13927.825,14499.25,571.4249999999993,318.9500000000007,0.02670560497613773,0,0,13952.735,14400.69725,897.728321698969,897.728321698969,0.06762282819863227,0.06543452104595693
NZ--PL,NZ,PL,17691.173617194832,10,17946.5,17935.0,17951.875,17946.727222221318,183.40983252450417,33639.166666666664,17685.0,18165.0,17800.0,18122.5,322.5,175.0,0.010219810688686048,0,0,17845.5,18052.5125,255.32638280516767,255.32638280516767,0.014432416318440552,0.01432926034011985
NZ--PT,NZ,PT,19574.147927995775,10,19515.9,19638.0,19562.0,19634.418499999647,241.45033995972477,58298.26666666666,19020.0,19643.0,19600.0,19638.375,38.375,5.0,0.012371980793082807,2,0,19357.94875,19635.7,58.24792799577335,-58.24792799577335,-0.0029757580360606503,-0.0029801944072359752
NZ--RU,NZ,RU,16540.092712129524,10,16538.85,16541.0,16537.0625,16539.743270018596,19.105045872171516,365.0027777777779,16512.0,16580.0,16525.0,16542.375,17.375,5.25,0.0011551616873102736,1,0,16528.298749999998,16550.5025,1.2427121295258985,-1.2427121295258985,-7.513332308074471e-05,-7.513614573023666e-05
NZ--SA,NZ,SA,14909.574515612963,10,15025.7,15070.25,15021.375,15047.041479982163,232.06159622920057,53852.58444444452,14660.5,15425.5,14883.0,15148.5,265.5,110.60000000000036,0.015444311827681943,0,0,14883.154500000002,15153.651,116.12548438703743,116.12548438703743,0.0077886517999177975,0.007758476831759734
NZ--SE,NZ,SE,17431.595018365642,10,17409.03,17425.25,17424.6625,17425.38333333334,52.566445782668424,2763.231222222219,17260.0,17433.0,17424.35,17426.5,2.150000000001455,1.25,0.0030194930896591267,4,0,17374.52925,17427.43,22.565018365643482,-22.565018365643482,-0.001294489594432945,-0.0012953281698508384
NZ--SG,NZ,SG,8524.39955416985,10,8414.3,8415.0,8414.5,8414.5,1.0593499054713802,1.1222222222222222,8412.0,8415.0,8414.0,8415.0,1.0,0.0,0.0001258987563399665,1,0,8413.6,8414.8025,110.09955416985031,-110.09955416985031,-0.012915813421250685,-0.012999947766904014
NZ--SN,NZ,SN,16831.97657147853,10,18354.06,18549.5,18426.824999999997,18455.545275074237,732.0357432074838,535876.3293333332,16950.5,19175.5,17875.425000000003,18834.75,959.3249999999971,459.85000000000036,0.03988413153315854,0,0,17951.7135,18777.40425,1522.0834285214696,1522.0834285214696,0.0904280862118482,0.08657035878292257
NZ--TH,NZ,TH,9738.52130758697,10,9671.95,9635.5,9662.5625,9651.742421432678,122.7731535076876,15073.247222222222,9542.5,9876.5,9567.875,9749.625,181.75,75.25,0.01269373327071455,0,0,9599.62125,9747.324999999999,66.57130758696985,-66.57130758696985,-0.0068358743062056325,-0.006859345922138544
NZ--TR,NZ,TR,16822.326113303774,10,17020.9,17113.0,17023.5,17096.27260000208,232.38614894658033,54003.32222222222,16650.5,17370.5,16821.875,17138.5,316.625,47.0,0.01365298832297824,0,0,16881.3525,17148.91375,198.57388669622742,198.57388669622742,0.011804187206856439,0.011735061241178305
NZ--TZ,NZ,TZ,13304.17710041557,10,13487.319999999998,13551.5,13490.025000000001,13515.310622856086,372.4356851263793,138708.33955555558,12920.5,14032.5,13274.175,13759.225,485.0500000000011,251.39999999999964,0.027613765012350813,0,0,13260.036500000002,13703.48675,183.14289958442714,183.14289958442714,0.01376581942664507,0.013671931185553517
NZ--UA,NZ,UA,17096.747525416675,10,17286.46,17280.0,17284.325,17280.434339999927,13.52957254806434,183.04933333333622,17275.0,17315.0,17278.199999999997,17295.0,16.80000000000291,2.7000000000007276,0.0007826687793836529,0,0,17278.979500000005,17295.7005,189.71247458332437,189.71247458332437,0.011096407331352972,0.011035293881085258
NZ--US,NZ,US,14074.670366616207,10,14322.4,14425.75,14367.125,14423.876278571073,219.2835303133062,48085.26666666667,13850.5,14436.5,14400.625,14432.5,31.875,9.75,0.015310529681708806,2,0,14189.217499999999,14428.90375,247.72963338379304,247.72963338379304,0.017601096646027634,0.01744799128201928
NZ--VN,NZ,VN,9897.357844060565,10,9548.789999999999,9573.45,9564.0375,9564.03749999466,154.74240566538683,23945.21211111114,9215.3,9760.3,9481.725,9649.25,167.52499999999964,90.50000000000091,0.01620544651891882,1,0,9459.7035,9633.139000000001,348.56784406056613,-348.56784406056613,-0.035218272346264894,-0.03585339218759189
NZ--ZA,NZ,ZA,11827.417766624114,10,11589.85,11585.0,11594.1375,11594.13750000058,54.27950810388766,2946.265000000006,11485.4,11660.0,11563.375,11630.0,66.625,42.5,0.004683365885139812,0,0,11557.77025,11619.81,237.56776662411357,-237.56776662411357,-0.020086190520344008,-0.02029066069585953
PE--PH,PE,PH,18061.562360216984,10,18028.25,18120.0,18062.125,18118.34660999993,177.5267757582252,31515.756111111175,17650.0,18135.5,18002.625,18135.15,132.52500000000146,15.350000000000364,0.009847144107621383,2,0,17910.71125,18126.7025,33.31236021698351,-33.31236021698351,-0.0018443786618569861,-0.0018460816224393525
PE--PK,PE,PK,16162.263423580987,10,16315.37,16391.75,16335.4,16335.742007145496,264.0281805245627,69710.88011111107,15820.5,16650.0,16132.5,16517.875,385.375,190.75,0.016182788409001003,0,0,16154.34025,16464.02425,153.10657641901344,153.10657641901344,0.009473090024979336,0.009428501679429616
PE--PL,PE,PL,11605.331422578916,10,11488.92,11467.75,11480.025,11476.585795713534,84.43352151577916,7129.019555555543,11403.5,11645.5,11414.775000000001,11548.0,133.22499999999854,53.149999999999636,0.0073491260724053405,0,0,11444.114249999999,11539.92375,116.41142257891624,-116.41142257891624,-0.010030857227604061,-0.010081505256034046
PE--PT,PE,PT,8998.891148044428,10,9504.55,9501.5,9502.4375,9501.568942862019,14.859433965591615,220.80277777777775,9483.5,9542.5,9500.75,9502.25,1.5,1.0,0.0015634021563978953,3,0,9496.75,9513.91375,505.65885195557166,505.65885195557166,0.056191239969099714,0.054669267343310894
PE--RU,PE,RU,12642.025820968918,10,12644.5,12645.0,12645.625,12645.142857142857,5.50252467307306,30.277777777777782,12630.0,12650.0,12645.0,12645.0,0.0,0.0,0.00043517139254799003,3,0,12640.9875,12647.0,2.4741790310818033,2.4741790310818033,0.00019571064528107218,0.0001956914964510519
PE--SA,PE,SA,13973.306966781403,10,14108.8,14155.0,14139.0,14152.236677139219,206.65986010296675,42708.297777777785,13615.5,14360.5,14093.974999999999,14218.05,124.07500000000073,75.10000000000036,0.014647585911131121,1,0,13970.134999999998,14211.94975,135.49303321859588,135.49303321859588,0.009696561704448492,0.009649851757854329
PE--SE,PE,SE,11441.259792616573,10,11424.060000000001,11426.8,11432.5125,11428.76666666813,106.45057486406021,11331.724888888888,11195.5,11585.0,11403.5,11453.0,49.5,26.75,0.009318103622010056,3,0,11359.4105,11483.4135,17.199792616571358,-17.199792616571358,-0.0015033128281617169,-0.0015044439366401162
PE--SG,PE,SG,18810.963551971927,10,18979.65,18980.0,18980.0625,18980.0625,2.963200221982233,8.780555555555555,18972.0,18984.0,18980.0,18980.0,0.0,0.0,0.0001561251246457249,3,0,18977.65,18981.2,168.68644802807466,168.68644802807466,0.008967453876672441,0.008927485030302593
PE--SN,PE,SN,7204.605952041671,10,6561.55,6450.25,6470.0625,6451.181642859337,319.4081723368323,102021.58055555557,6405.0,7450.0,6426.75,6476.25,49.5,27.5,0.04867876833017081,2,0,6432.7475,6774.51625,643.0559520416709,-643.0559520416709,-0.08925622807440829,-0.0934936815186117
PE--TH,PE,TH,19698.995438807557,10,19494.2,19735.25,19734.5625,19736.883333333644,776.6665579399065,603210.9422222221,17285.0,19780.5,19726.25,19749.1,22.849999999998545,12.649999999999636,0.03984090436847403,2,0,18998.670000000002,19751.1815,204.7954388075559,-204.7954388075559,-0.010396237688552551,-0.010450656060391278
PE--TR,PE,TR,12558.030392220066,10,12186.22,12175.6,12192.525,12186.490936664248,132.58303729277654,17578.261777777774,11910.5,12411.5,12135.375,12256.625,121.25,51.850000000000364,0.010879750840931523,1,0,12110.76575,12269.1855,371.8103922200662,-371.8103922200662,-0.02960738114238119,-0.03005452766974602
PE--TZ,PE,TZ,12329.431436465999,10,11679.59,11697.25,11681.7375,11687.890087144999,136.76765740156208,18705.392111111058,11467.5,11874.5,11599.75,11786.9,187.14999999999964,95.14999999999964,0.011709970761093674,0,0,11596.842249999998,11752.11175,649.8414364659984,-649.8414364659984,-0.052706520962840384,-0.05414632986005366
PE--UA,PE,UA,12276.18489244182,10,11874.810000000001,11898.05,11877.8875,11889.93333333327,139.83432617843795,19553.638777777778,11620.5,12104.5,11830.25,11927.625,97.375,56.5,0.01177571061586989,2,0,11797.35,11949.05625,401.3748924418178,-401.3748924418178,-0.03269540952327425,-0.03324184814509505
PE--US,PE,US,5639.750595100949,10,5629.5,5629.0,5629.25,5629.1428571452,1.8408935028645435,3.388888888888889,5627.0,5634.0,5629.0,5629.0,0.0,0.0,0.0003270083493852995,3,0,5628.6,5630.7,10.250595100948885,-10.250595100948885,-0.001817561774780114,-0.0018192155443720738
PE--VN,PE,VN,18964.769886212795,10,19023.879999999997,19012.9,19014.225,19014.195328607882,42.76833719782275,1829.1306666666694,18985.0,19140.0,19004.675,19023.75,19.075000000000728,10.500000000001819,0.002248139559218349,1,0,19004.71825,19051.870750000002,59.11011378720286,59.11011378720286,0.003116837912711788,0.003111990642915816
PE--ZA,PE,ZA,10927.706572983134,10,10357.869999999999,10387.25,10370.7125,10369.330277348174,122.92392453148508,15110.29122222224,10125.0,10488.0,10266.625,10461.775000000001,195.15000000000146,87.5,0.011867683658076911,0,0,10277.148,10429.57675,569.8365729831348,-569.8365729831348,-0.05214603532565171,-0.053554834295537264
PH--PK,PH,PK,5243.043281285031,10,4755.13,4752.5,4756.35,4756.346225,17.00954307309739,289.32455555555543,4725.0,4775.5,4748.95,4770.75,21.800000000000182,13.5,0.003577093175811679,0,0,4744.22925,4764.403249999999,487.9132812850312,-487.9132812850312,-0.09305917481677688,-0.09767807335124855
PH--PL,PH,PL,9401.353126559421,10,9406.575,9410.0,9407.59375,9409.93333333345,14.444515491278345,208.64402777778008,9380.0,9425.0,9405.3,9414.75,9.450000000000728,4.850000000000364,0.001535576497426358,2,0,9396.47175,9414.647125,5.221873440579657,5.221873440579657,0.0005554384959573034,0.0005552842970920249
PH--PT,PH,PT,12158.658514091412,10,11354.57,11360.25,11358.0,11359.632830007982,16.495187850467925,272.09122222222464,11311.5,11370.2,11354.375,11360.5,6.125,2.25,0.0014527355813974397,2,0,11343.0565,11362.16575,804.0885140914124,-804.0885140914124,-0.06613299593532503,-0.06842124482731084
PH--RU,PH,RU,8263.687185942246,10,8221.289999999999,8218.5,8220.9375,8220.900900000042,11.146843100676978,124.25211111110995,8210.0,8235.4,8211.625,8232.5,20.875,8.5,0.0013558508580377264,0,0,8215.14875,8227.68,42.39718594224723,-42.39718594224723,-0.005130541002855374,-0.005143747418416251
PH--SA,PH,SA,7777.541785883041,10,7575.219999999999,7564.75,7573.487499999999,7575.220000013999,195.27624194117075,38132.81066666666,7378.5,7785.8,7392.75,7753.725,360.97500000000036,179.3499999999999,0.025778293163917453,0,0,7464.53775,7688.57375,202.32178588304123,-202.32178588304123,-0.02601359034165191,-0.02635792855979363
PH--SE,PH,SE,9334.537508472053,10,9294.920999999998,9315.5,9298.76875,9303.289233333086,83.5737091102485,6984.564854444433,9125.5,9433.56,9245.7375,9337.0,91.26250000000073,35.5,0.008991330761202652,0,0,9245.2696,9339.546525,39.61650847205419,-39.61650847205419,-0.00424407834197443,-0.004253110005577678
PH--SG,PH,SG,2390.7414869355152,10,2394.1,2394.5,2394.5,2394.4444444444443,1.5238839267549946,2.322222222222222,2390.0,2395.0,2394.0,2395.0,1.0,0.5,0.0006365164056451254,1,0,2393.1,2394.8,3.3585130644846686,3.3585130644846686,0.0014047997589190023,0.0014038139508716597
PH--SN,PH,SN,14418.882901521349,10,14289.189999999999,14316.25,14288.2375,14288.23750037503,158.70744889050846,25188.054333333355,14040.5,14545.5,14169.45,14402.9,233.4499999999989,117.10000000000036,0.011106819133240476,0,0,14198.976999999999,14377.455499999998,129.69290152135,-129.69290152135,-0.008994656687839943,-0.009035352827976538
PH--TH,PH,TH,2210.5386059799803,10,2208.0,2208.0,2208.0,2208.0,0.0,0.0,2208.0,2208.0,2208.0,2208.0,0.0,0.0,0.0,0,0,2208.0,2208.0,2.538605979980275,-2.538605979980275,-0.001148410605954948,-0.001149070534709379
PH--TR,PH,TR,8825.320128288235,10,8323.884,8316.83,8317.6175,8318.708371999777,36.069596368995015,1301.0157822222184,8290.4,8407.5,8294.2625,8340.095,45.83249999999862,24.979999999999563,0.004333265140287276,0,0,8305.26085,8345.86555,501.4361282882346,-501.4361282882346,-0.05681789680138136,-0.058495904495167
PH--TZ,PH,TZ,9678.483597737211,10,9373.744999999999,9404.0,9386.73125,9382.928017222297,179.6800929584455,32284.935805555615,9053.4,9590.2,9245.2375,9521.474999999999,276.2374999999993,160.32499999999982,0.01916844259774994,0,0,9262.030874999999,9475.192625,304.73859773721233,-304.73859773721233,-0.031486192507311675,-0.03199253966191612
PH--UA,PH,UA,8803.13834931306,10,8513.474,8570.35,8530.942500000001,8555.557366999876,165.3204886946027,27330.863982222254,8232.5,8654.7,8443.5875,8643.75,200.16250000000036,82.64499999999953,0.019418687212130168,0,0,8411.877475,8600.298675,289.6643493130596,-289.6643493130596,-0.03290466851922907,-0.03345820360954248
PH--US,PH,US,13794.409050888704,10,13759.2,13753.0,13756.4375,13757.950316666911,54.746993829189684,2997.233333333333,13700.0,13840.5,13715.0,13800.375,85.375,47.25,0.003978937280451602,0,0,13727.6475,13791.70125,35.20905088870313,-35.20905088870313,-0.0025524145875922676,-0.002555677551178893
PH--VN,PH,VN,1753.51520467526,10,1750.06,1750.15,1750.1375,1750.100000000018,1.4584618990947644,2.1271111111111067,1747.0,1752.5,1749.625,1750.45,0.8250000000000455,0.5,0.0008333782265149563,2,0,1749.0994999999998,1750.89,3.45520467526012,-3.45520467526012,-0.001970444662269126,-0.0019723885423111203
PH--ZA,PH,ZA,10977.236086385761,10,10793.45,10837.5,10827.9375,10827.937500001875,229.8191861732465,52816.85833333333,10250.5,11060.5,10727.0,10946.25,219.25,132.0,0.021292467762693716,1,0,10639.44125,10916.27,183.78608638576043,-183.78608638576043,-0.016742473691870076,-0.016884213178151107
PK--PL,PK,PL,4602.495627474602,10,4792.210000000001,4785.45,4782.637500000001,4782.485967143835,70.24370988051369,4934.178777777777,4693.5,4967.5,4762.25,4799.9,37.649999999999636,21.449999999999818,0.014657894766822338,2,0,4757.124499999999,4837.82975,189.71437252539909,189.71437252539909,0.04121989196315559,0.04039299879937744
PK--PT,PK,PT,7163.814796154422,10,6815.089999999999,6895.5,6828.2375,6869.17175778541,158.05320095883323,24980.81433333332,6560.5,6964.5,6690.25,6942.75,252.5,61.94999999999982,0.02319165278211047,0,0,6716.96525,6896.4055,348.7247961544226,-348.7247961544226,-0.048678644839006746,-0.04990336062371262
PK--RU,PK,RU,3663.3667982996626,10,3771.8,3785.75,3786.625,3787.0833333333426,58.10297372385991,3375.9555555555553,3610.0,3815.0,3782.75,3793.75,11.0,6.75,0.015404574400514319,2,0,3731.75,3795.75125,108.43320170033758,108.43320170033758,0.029599329706942373,0.02916972627678467
PK--SA,PK,SA,2746.9203972212576,10,2743.04,2735.45,2738.05,2737.8688957151335,27.774376680674578,771.4159999999998,2715.5,2810.5,2724.75,2752.75,28.0,13.949999999999818,0.010125399804842283,1,0,2728.368,2760.915,3.880397221257681,-3.880397221257681,-0.0014126354826965613,-0.0014136341928531046
PK--SE,PK,SE,4893.339704305134,10,5067.7699999999995,5051.5,5068.737499999999,5068.737500392045,99.9043214502979,9980.873444444453,4912.5,5215.3,5020.475,5150.275,129.79999999999927,85.05000000000018,0.019713665270976764,0,0,5011.1735,5128.0055,174.4302956948659,174.4302956948659,0.03564647178314701,0.03502584214793461
PK--SG,PK,SG,4805.798234579985,10,4726.9619999999995,4728.0,4727.75,4727.827642857148,4.904079480958219,24.049995555555437,4715.5,4732.12,4725.0,4730.5,5.5,2.5,0.001037469622340569,1,0,4723.862,4729.448350000001,78.8362345799851,-78.8362345799851,-0.016404399588131106,-0.01654044159452279
PK--SN,PK,SN,9176.75777699108,10,8635.279999999999,8643.9,8633.974999999999,8629.316666645915,227.1831801285766,51612.19733333328,8325.5,8955.5,8484.275,8764.75,280.47500000000036,155.84999999999945,0.02630872190925791,0,0,8500.09775,8770.448250000001,541.4777769910816,-541.4777769910816,-0.059005347002699673,-0.060817821668692845
PK--TH,PK,TH,3537.00596976539,10,3461.56,3460.5,3461.45,3461.4333333332547,3.230479840519041,10.435999999999929,3457.5,3466.5,3459.75,3464.45,4.699999999999818,2.5,0.0009332439248544127,0,0,3459.7,3463.5800000000004,75.44596976539015,-75.44596976539015,-0.021330461528849067,-0.02156124351501896
PK--TR,PK,TR,3630.164700361784,10,3379.0,3390.45,3393.125,3396.6636927362492,105.15476424986386,11057.524444444447,3170.0,3475.0,3362.0,3466.0,104.0,73.55000000000018,0.031120084122481167,1,0,3312.61925,3436.9004999999997,251.16470036178407,-251.16470036178407,-0.06918823830135114,-0.0716982115158199
PK--TZ,PK,TZ,5918.593677349072,10,5546.42,5500.1,5543.1875,5539.902343402287,151.6163564908337,22987.519555555573,5325.2,5793.5,5479.5,5653.575,174.07499999999982,114.0,0.027335895314605403,0,0,5457.13725,5643.242749999999,372.173677349072,-372.173677349072,-0.0628821131569498,-0.06494619159129272
PK--UA,PK,UA,3917.0789197104828,10,4036.31,4053.0,4042.6375,4046.729442499559,91.56021030508349,8383.272111111117,3890.5,4131.5,3981.25,4112.325000000001,131.07500000000073,68.55000000000018,0.022684137319750834,0,0,3978.385,4086.51025,119.2310802895172,119.2310802895172,0.030438774079724118,0.02998470578391257
PK--US,PK,US,11400.093863122374,10,11260.59,11245.0,11260.6125,11253.136900000714,53.50382021667028,2862.658777777775,11168.5,11352.5,11234.5,11289.175,54.67499999999927,19.5,0.004751422458030199,0,0,11229.4825,11293.304499999998,139.50386312237424,-139.50386312237424,-0.012237080220334737,-0.012312569766394414
PK--VN,PK,VN,3505.121440740511,10,3518.45,3495.25,3519.75,3515.760666671179,102.27046114212168,10459.24722222222,3364.5,3662.0,3441.625,3607.875,166.25,70.0,0.029066907627541015,0,0,3459.885,3578.55875,13.328559259488884,13.328559259488884,0.0038025955690348407,0.003795383978563847
PK--ZA,PK,ZA,8112.013533205837,10,8028.732000000001,8012.5,8031.4775,8028.190090575127,171.88556405029743,29544.6471288889,7755.5,8280.0,7927.115,8166.25,239.13500000000022,122.09000000000015,0.021408805780327132,0,0,7925.88695,8136.3120499999995,83.28153320583624,-83.28153320583624,-0.010266444066560092,-0.010319507497706036
PL--PT,PL,PT,2764.3828082154164,10,2759.5,2760.0,2759.8125,2759.75,1.1547005383792515,1.3333333333333333,2756.5,2760.0,2760.0,2760.0,0.0,0.0,0.0004184455656384314,2,0,2758.65,2760.0,4.882808215416389,-4.882808215416389,-0.001766328527621162,-0.001767890325224297
PL--RU,PL,RU,1153.7042757281965,10,1151.2220000000002,1151.2,1151.22125,1151.222,0.04211096452623839,0.0017733333333301079,1151.18,1151.27,1151.185,1151.27,0.08500000000003638,0.01999999999998181,3.6579360476292476e-05,0,0,1151.199,1151.247,2.4822757281963277,-2.4822757281963277,-0.0021515701904021825,-0.0021538881429661546
PL--SA,PL,SA,3759.573078472261,10,3770.25,3760.35,3768.0625,3763.4968366666667,30.516489167515825,931.2561111111107,3737.5,3820.5,3746.7,3790.0,43.30000000000018,16.34999999999991,0.008094022721972237,0,0,3752.4260000000004,3789.4830000000006,10.676921527739069,10.676921527739069,0.0028399292432633705,0.0028359042628488796
PL--SE,PL,SE,811.0678916510533,10,810.0,810.0,810.0,810.0,0.0,0.0,810.0,810.0,810.0,810.0,0.0,0.0,0.0,0,0,810.0,810.0,1.0678916510532872,-1.0678916510532872,-0.0013166489045441433,-0.0013175164482970775
PL--SG,PL,SG,9407.779211369656,10,9412.604000000001,9411.925,9412.68,9412.68,4.520410994097077,20.43411555555372,9404.1,9420.5,9410.23,9415.5975,5.367500000000291,2.649999999999636,0.0004802508417540009,0,0,9409.6903,9415.110325,4.8247886303452105,4.8247886303452105,0.000512850963223528,0.0005127195001136717
PL--SN,PL,SN,5374.182544640709,10,5264.780000000001,5274.0,5257.7875,5258.985655567417,109.89612064733372,12077.157333333329,5125.5,5460.0,5163.275,5340.125,176.85000000000036,96.5,0.020873829608708,0,0,5204.356500000001,5328.4615,109.40254464070858,-109.40254464070858,-0.02035705779101381,-0.02056711839187837
PL--TH,PL,TH,8098.393477126799,10,8148.710000000001,8115.5,8141.0,8116.842700000054,72.76526109499099,5294.78322222221,8087.6,8271.5,8100.05,8190.599999999999,90.54999999999927,18.5,0.008929666302395223,0,0,8105.710749999999,8194.2095,50.3165228732023,50.3165228732023,0.006213148696135463,0.00619392666624065
PL--TR,PL,TR,1643.9711830727663,10,1739.81,1734.0,1735.0124999999998,1732.3567300358645,27.46009023210878,754.056555555556,1710.5,1807.5,1725.725,1735.6,9.875,7.350000000000023,0.01578338452595903,3,0,1726.0890000000002,1756.73325,95.83881692723367,95.83881692723367,0.058297139216333574,0.05666114392607145
PL--TZ,PL,TZ,6625.089583909204,10,6749.58,6761.0,6752.225,6758.649999999769,85.81540654218212,7364.283999999993,6595.5,6882.5,6731.725,6785.25,53.524999999999636,29.0,0.012714184666628459,3,0,6697.287499999999,6796.98075,124.49041609079632,124.49041609079632,0.018790752111964567,0.018616386845967878
PL--UA,PL,UA,692.6191579526396,10,689.3999999999999,689.4,689.4,689.4,1.198364490607514e-13,1.4360774523490064e-26,689.4,689.4,689.4,689.4,0.0,0.0,1.7382716718994986e-16,0,0,689.3999999999999,689.3999999999999,3.219157952639762,-3.219157952639762,-0.0046478037976245,-0.004658638422203106
PL--US,PL,US,7193.4756064615285,10,7207.719999999999,7205.5,7206.9,7205.735400004879,4.975674158677741,24.757333333333445,7204.5,7217.5,7204.725,7207.075,2.3499999999994543,1.0,0.0006903256728449137,2,0,7205.2495,7211.120000000001,14.244393538470831,14.244393538470831,0.001980182364930219,0.001978224388172237
PL--VN,PL,VN,7841.5860049775565,10,7828.3,7825.5,7829.9375,7829.849894444436,18.96224318657122,359.5666666666667,7791.0,7852.5,7817.5,7845.0,27.5,15.75,0.002422268332405659,0,0,7817.193749999999,7838.652499999999,13.286004977556331,-13.286004977556331,-0.00169430074083519,-0.0016957376916493319
PL--ZA,PL,ZA,8664.282423992168,10,8667.8,8670.35,8670.1875,8670.624285714925,65.25307996136607,4257.964444444434,8561.5,8755.0,8623.75,8718.075,94.32500000000073,50.0,0.0075282170748478365,0,0,8628.98475,8706.980749999999,3.5175760078309395,3.5175760078309395,0.0004059858434543245,0.00040590345350055465
PT--RU,PT,RU,3914.4159356158557,10,3908.6400000000003,3910.0,3909.45,3909.8,3.1990276300428877,10.233777777777815,3900.5,3910.3,3910.0,3910.0,0.0,0.0,0.0008184503126516864,4,0,3906.7,3910.0699999999997,5.77593561585536,-5.77593561585536,-0.0014755549003625827,-0.0014766446035710636
PT--SA,PT,SA,5439.2308630361285,10,5020.005,5016.05,5019.96875,5019.586933592179,8.526509315722905,72.70136111110948,5007.8,5032.5,5015.35,5026.5,11.149999999999636,5.974999999999909,0.0016985061400781284,0,0,5015.3841250000005,5025.17525,419.22586303612843,-419.22586303612843,-0.07707447497496372,-0.08020673568160527
PT--SE,PT,SE,2995.36350558735,10,2988.8900000000003,2990.0,2989.1125,2989.787958003018,2.763029738047242,7.6343333333334105,2984.0,2992.0,2986.7749999999996,2990.1499999999996,3.375,0.849999999999909,0.0009244333976985576,0,0,2987.2400000000002,2990.3902500000004,6.473505587349791,-6.473505587349791,-0.0021611752881660435,-0.002163513997660816
PT--SG,PT,SG,11895.612616239241,10,11644.140000000001,11672.0,11637.575,11641.266666665853,156.68968767031924,24551.658222222195,11415.5,11925.3,11534.724999999999,11702.974999999999,168.25,106.25,0.013456527289290513,0,0,11550.756000000001,11736.970749999999,251.47261623923987,-251.47261623923987,-0.021139946663692056,-0.021366595253704355
PT--SN,PT,SN,2783.0075400457886,10,2793.8599999999997,2793.55,2793.8875,2793.8875,0.7426678635537967,0.5515555555555607,2792.5,2795.0,2793.5,2794.5,1.0,0.5,0.0002658214311217444,0,0,2793.41,2794.31,10.852459954211099,10.852459954211099,0.003899543856080442,0.0038919603433713915
PT--TH,PT,TH,10700.203395730496,10,10541.380000000001,10626.0,10580.4,10614.632416665723,213.5216762350423,45591.506222222226,10045.0,10725.6,10494.275000000001,10671.0,176.72499999999854,58.75,0.020255571493964005,1,0,10391.666000000001,10652.6185,158.82339573049467,-158.82339573049467,-0.01484302586190717,-0.014954285900037424
PT--TR,PT,TR,3591.021107942153,10,3566.38,3593.5,3581.725,3594.239624999162,287.8068982263397,82832.81066666664,3115.0,3895.0,3447.5,3819.125,371.625,227.5,0.08070000903614861,0,0,3401.9184999999998,3734.2095,24.641107942152757,-24.641107942152757,-0.006861866639451036,-0.006885517501140085
PT--TZ,PT,TZ,6791.6053069734035,10,6874.892,6903.5,6875.577499999999,6893.23023333628,82.04366436369244,6731.162862222217,6748.5,6995.8,6820.0,6924.865,104.86499999999978,30.5,0.011933811376773984,0,0,6825.5899500000005,6921.70645,83.28669302659637,83.28669302659637,0.012263182158285943,0.012188598476395222
PT--UA,PT,UA,3358.8699560469204,10,3367.41,3362.5,3365.1375,3363.063033333361,12.10844058222747,146.6143333333331,3357.5,3395.5,3360.0,3372.5,12.5,3.5,0.0035957725914656873,1,0,3361.0097499999997,3374.62,8.540043953079476,8.540043953079476,0.0025425348598879126,0.00253930808642982
PT--US,PT,US,5747.733844579292,10,5738.2699999999995,5741.1,5736.775,5739.846749999933,19.92558656602108,397.0289999999998,5708.0,5780.5,5734.125,5742.875,8.75,3.75,0.003472403105120722,3,0,5727.38025,5749.840749999999,9.463844579292527,-9.463844579292527,-0.0016465349362371593,-0.001647891964686315
PT--VN,PT,VN,10555.511894474732,10,10345.12,10306.4,10332.525000000001,10337.260112203645,241.84707197363846,58490.00622222226,10065.5,10725.5,10146.725,10515.375,368.64999999999964,208.85000000000036,0.02337788947577587,0,0,10208.897,10491.59625,210.3918944747311,-210.3918944747311,-0.019931946131846096,-0.020133267005947694
PT--ZA,PT,ZA,8125.504330805197,10,8153.85,8180.75,8162.0625,8175.511983333313,49.82527805575533,2482.5583333333334,8047.5,8194.5,8134.75,8185.5,50.75,9.25,0.006110644426345263,1,0,8123.342500000001,8181.15,28.345669194803122,28.345669194803122,0.0034884812118479553,0.003482410575369381
RU--SA,RU,SA,3534.752218874367,10,3526.81,3525.0,3525.575,3523.920100000004,9.628366655068975,92.70544444444411,3518.0,3545.5,3520.5,3525.375,4.875,4.0,0.00273004972058857,2,0,3521.75,3532.76025,7.942218874366972,-7.942218874366972,-0.002246895505704259,-0.0022494235629745897
RU--SE,RU,SE,1229.9731142543035,10,1226.9299999999998,1225.25,1226.7875,1225.75,2.4138719472618586,5.826777777777757,1225.0,1230.0,1225.0,1229.7,4.7000000000000455,0.25,0.0019674080406069288,0,0,1225.5994999999998,1228.3799999999999,3.043114254303646,-3.043114254303646,-0.0024741307098802698,-0.002477196428968793
RU--SG,RU,SG,8423.25704331817,10,8255.689999999999,8250.0,8253.5625,8250.3125,11.86521058482404,140.78322222222042,8250.0,8278.4,8250.0,8250.375,0.375,0.0,0.0014372161000260476,2,0,8250.0,8264.13,167.56704331817127,-167.56704331817127,-0.01989337882679188,-0.02009391611997789
RU--SN,RU,SN,6512.783222072082,10,6519.25,6522.75,6519.6875,6520.885142855181,49.95956698504635,2495.9583333333335,6450.0,6585.0,6482.5,6557.5,75.0,40.0,0.007663391798910358,0,0,6490.99875,6547.50125,6.466777927917974,6.466777927917974,0.0009929361545463092,0.000992443519519157
RU--TH,RU,TH,7067.659230722097,10,7065.35,7065.5,7065.375,7065.35,0.24152294576982397,0.058333333333333334,7065.0,7065.5,7065.125,7065.5,0.375,0.0,3.4184144560400254e-05,0,0,7065.2,7065.5,2.3092307220967996,-2.3092307220967996,-0.00032673204051192876,-0.0003267854290545536
RU--TR,RU,TR,1794.0390917111781,10,1796.25,1796.25,1796.25,1796.25,0.26352313834736496,0.06944444444444445,1796.0,1796.5,1796.0,1796.5,0.5,0.25,0.00014670738390945858,0,0,1796.1,1796.4,2.2109082888218836,2.2109082888218836,0.0012323634970033402,0.0012316047604044632
RU--TZ,RU,TZ,6867.0776383606935,10,6899.81,6917.5,6902.3875,6911.776320000474,62.564960907310834,3914.3743333333327,6793.5,6985.5,6860.475,6940.35,79.875,30.40000000000009,0.009067635327249711,0,0,6860.307250000001,6935.195500000001,32.73236163930687,32.73236163930687,0.004766563502421786,0.004755239409026712
RU--UA,RU,UA,758.4899016199972,10,755.05,755.0,755.0625,755.0555555555555,0.4972144630058767,0.24722222222222232,754.0,756.0,755.0,755.0,0.0,0.0,0.0006585185921539987,3,0,754.75,755.35,3.439901619997272,-3.439901619997272,-0.00453519765081943,-0.0045455128591733555
RU--US,RU,US,7841.159346134234,10,7831.3,7825.0,7828.875,7825.25,13.283657461541063,176.45555555555555,7825.0,7857.0,7825.0,7825.0,0.0,0.0,0.0016962263559742396,2,0,7825.0,7840.7,9.85934613423342,-9.85934613423342,-0.0012573837233768462,-0.0012581748935632585
RU--VN,RU,VN,6741.157984103333,10,6729.33,6730.0,6729.1625,6729.329999999991,3.903004540664061,15.23344444444428,6725.0,6735.0,6725.5,6731.5,6.0,4.5,0.0005799989806807009,0,0,6726.93,6731.68,11.82798410333271,-11.82798410333271,-0.0017545923313509165,-0.0017561334314075616
RU--ZA,RU,ZA,9069.35134739535,10,9201.41,9200.1,9200.45,9200.33576571423,13.892719916080758,193.00766666666692,9180.5,9230.0,9193.6,9208.0,14.399999999999636,8.600000000000364,0.001509846851306567,1,0,9193.569750000002,9209.620749999998,132.05865260464998,132.05865260464998,0.014560980994806893,0.014455987885619548
SA--SE,SA,SE,4455.253572286667,10,4523.675,4542.575,4530.96875,4540.648537144107,91.96403055905427,8457.382916666667,4320.5,4668.5,4523.075,4561.6,38.525000000000546,22.40000000000009,0.020329495500683463,3,0,4466.354625,4570.751375,68.42142771333329,68.42142771333329,0.015357471040243365,0.015240738707026613
SA--SG,SA,SG,6650.377147627449,10,6635.7,6635.0,6632.625,6633.558000000102,20.586133412782715,423.7888888888889,6613.0,6683.0,6619.5,6641.0,21.5,10.0,0.0031023303363296585,1,0,6623.8975,6649.6075,14.677147627448903,-14.677147627448903,-0.002206964703149962,-0.002209403638841164
SA--SN,SA,SN,6769.35265921719,10,7038.45,7117.0,7033.5625,7033.56250093282,249.77361416557463,62386.858333333344,6725.5,7390.5,6778.0,7226.25,448.25,204.0,0.03548701975087905,0,0,6880.648749999999,7185.1125,269.0973407828096,269.0973407828096,0.03975230045319106,0.03898251214451095
SA--TH,SA,TH,5743.87829967849,10,5641.7300000000005,5637.5,5639.0625,5638.082949999878,16.946848281219378,287.19566666666816,5623.5,5681.3,5630.625,5647.625,17.0,7.25,0.0030038389432353865,1,0,5633.045,5653.04125,102.14829967848982,-102.14829967848982,-0.01778385514961337,-0.017943888075325005
SA--TR,SA,TR,2136.6388154460656,10,2063.8,2064.25,2063.5,2064.388378571871,29.6293773137405,877.9000000000001,2015.0,2115.0,2047.75,2083.625,35.875,19.75,0.014356709619992487,0,0,2046.64875,2080.4,72.83881544606538,-72.83881544606538,-0.03409037359028734,-0.03468500358739999
SA--TZ,SA,TZ,3613.574172900528,10,3694.54,3678.5,3680.9750000000004,3680.9572728728153,120.80891431420852,14594.793777777777,3545.5,3952.1,3612.7000000000003,3748.25,135.54999999999973,70.34999999999991,0.03269931150135295,1,0,3627.12225,3765.22025,80.96582709947188,80.96582709947188,0.02240602329590002,0.022158695953885147
SA--UA,SA,UA,3186.9350881907417,10,3134.75,3132.25,3132.6875,3132.1666666664396,12.062913781043488,145.51388888888889,3122.0,3164.0,3127.75,3136.625,8.875,4.75,0.0038481262560151486,1,0,3128.25,3142.5,52.18508819074168,-52.18508819074168,-0.016374694415369387,-0.016510241455155224
SA--US,SA,US,10867.268528060538,10,10729.51,10691.75,10695.5,10686.16666666672,173.31160408671758,30036.91211111114,10575.5,11155.6,10623.5,10739.625,116.125,64.25,0.016152797666129915,1,0,10640.89625,10834.64625,137.75852806053808,-137.75852806053808,-0.012676463060136013,-0.012757494944788223
SA--VN,SA,VN,6031.190406332703,10,5909.69,5892.5,5911.0125,5910.316414286031,47.62421069628813,2268.065444444445,5833.5,5975.3,5880.9,5950.625,69.72500000000036,36.5,0.008058664785511276,0,0,5882.557999999999,5939.084250000001,121.50040633270328,-121.50040633270328,-0.020145344143857373,-0.020351028667461944
SA--ZA,SA,ZA,5917.429203536842,10,6135.0,6132.5,6135.0,6132.083333334946,90.04875222776703,8108.7777777777765,5995.0,6275.0,6084.125,6178.0,93.875,55.25,0.014677873223759906,0,0,6081.68625,6189.81125,217.57079646315833,217.57079646315833,0.03676779036631591,0.03610797974278972
SE--SG,SE,SG,9642.063064390362,10,9522.85,9635.0,9565.4375,9635.190249931755,248.7938738527673,61898.391666666685,9050.0,9655.0,9625.125,9650.0,24.875,15.0,0.02612598894792707,2,0,9348.543749999999,9644.16,119.21306439036198,-119.21306439036198,-0.012363854456691364,-0.01244092280528782
SE--SN,SE,SN,5745.792432019775,10,5652.3099999999995,5655.25,5647.387500000001,5647.642283320604,132.3905791378089,17527.265444444445,5484.0,5860.0,5532.5,5738.75,206.25,111.75,0.02342238467773511,0,0,5582.31725,5731.93325,93.48243201977584,-93.48243201977584,-0.016269719647167044,-0.01640352483610339
SE--TH,SE,TH,8272.314412775979,10,8288.73,8290.2,8289.05,8289.588265714287,2.8933064514880753,8.371222222222519,8283.4,8291.5,8286.25,8290.5,4.25,1.2999999999992724,0.0003490651102748039,0,0,8287.060000000001,8290.380000000001,16.415587224020783,16.415587224020783,0.0019844007861534035,0.001982434463798021
SE--TR,SE,TR,2396.709100197568,10,2489.08,2485.25,2483.225,2477.5649928542157,79.91215732846216,6385.952888888888,2394.5,2630.5,2424.0,2518.7,94.69999999999982,55.75,0.03210509799944645,0,0,2445.7975,2539.65825,92.37089980243172,92.37089980243172,0.038540722274062085,0.037816576154607796
SE--TZ,SE,TZ,7432.885078261827,10,7330.389999999999,7373.0,7328.7375,7352.191399651813,118.97767717797605,14155.687666666683,7165.5,7508.5,7213.674999999999,7385.5,171.82500000000073,55.0,0.01623074313617366,0,0,7255.256250000001,7393.8150000000005,102.49507826182798,-102.49507826182798,-0.013789407098676192,-0.013885364120894125
SE--UA,SE,UA,1268.7278771135018,10,1401.84,1462.5,1412.3125,1462.2931714286099,98.39043765642177,9680.67822222222,1256.4,1463.5,1314.375,1463.25,148.875,1.0,0.07018663874366673,0,0,1340.6895,1462.7,133.11212288649813,133.11212288649813,0.10491778835138638,0.09977093251991918
SE--US,SE,US,6652.678579380046,10,6550.75,6624.5,6575.875,6622.047885714739,157.34255799228495,24756.680555555555,6255.0,6645.5,6582.75,6635.375,52.625,16.0,0.024019014310160663,2,0,6444.193749999999,6630.1050000000005,101.92857938004636,-101.92857938004636,-0.015321434541565503,-0.015440020550923604
SE--VN,SE,VN,7892.32864786669,10,8264.99,8289.0,8285.8,8293.525185595105,93.33030292699392,8710.545444444451,8023.5,8340.0,8281.625,8314.0,32.375,24.5,0.011292246321773398,2,0,8206.877499999999,8308.35,372.6613521333102,372.6613521333102,0.04721817460478425,0.04613729089150573
SE--ZA,SE,ZA,9472.211944742652,10,9526.23,9538.5,9529.6375,9533.446433333549,44.6250066915651,1991.3912222222298,9435.0,9590.2,9502.2,9551.125,48.92499999999927,19.5,0.004684435153420094,0,0,9500.1795,9552.636,54.01805525734744,54.01805525734744,0.00570279207987201,0.005686592719661153
SG--SN,SG,SN,13335.9357376055,10,14141.420000000002,14205.5,14212.65,14221.802450005649,310.2422666240046,96250.26399999998,13348.0,14365.0,14171.625,14342.5,170.875,127.0,0.021938551193869116,2,0,13951.070000000002,14286.02125,805.4842623945024,805.4842623945024,0.0603995308797978,0.05864575303335017
SG--TH,SG,TH,1425.9530991897677,10,1434.42,1434.25,1434.3875,1434.4029875000006,0.8727988186161403,0.7617777777777301,1433.5,1435.6,1433.625,1435.25,1.625,0.75,0.0006084681046110206,0,0,1433.9,1434.94,8.466900810232346,8.466900810232346,0.00593771338976245,0.005920154641206909
SG--TR,SG,TR,8304.654710456407,10,8264.475,8297.75,8270.34375,8291.882956666366,85.84535595411606,7369.42513888889,8113.5,8368.5,8247.0,8313.1125,66.11249999999927,20.050000000000182,0.010387272749220737,2,0,8208.855000000001,8310.173625000001,40.17971045640661,-40.17971045640661,-0.0048382156582399815,-0.004849957712655079
SG--TZ,SG,TZ,7613.028423154926,10,7803.76,7861.5,7822.700000000001,7846.695200002512,193.86032314243388,37581.824888888885,7420.5,8035.5,7686.475,7934.25,247.77499999999964,94.0,0.02484191250659091,0,0,7687.406999999999,7910.0019999999995,190.73157684507441,190.73157684507441,0.025053312065007775,0.024744623008545595
SG--UA,SG,UA,8722.82379061632,10,8621.89,8648.95,8640.675,8645.399999995338,148.3422428035925,22005.420999999995,8265.5,8828.0,8612.25,8666.625,54.375,31.75,0.017205304498618346,3,0,8526.091,8700.8935,100.93379061632004,-100.93379061632004,-0.011571228886327011,-0.011638696515865795
SG--US,SG,US,15552.300405735941,10,15581.27,15584.6,15583.075,15585.8706349997,55.64302991191092,3096.1467777778134,15500.4,15647.7,15547.875,15626.650000000001,78.77500000000146,42.100000000000364,0.0035711485592580658,0,0,15548.025250000002,15612.174000000003,28.969594264059197,28.969594264059197,0.0018627208521110317,0.001860988138998037
SG--VN,SG,VN,2194.5074422305775,10,2205.12,2204.0,2204.525,2204.442547500011,4.685628144775393,21.95511111111129,2200.0,2215.0,2201.625,2207.25,5.625,3.150000000000091,0.002124885786159208,0,0,2202.5589999999997,2208.2200000000003,10.612557769422438,10.612557769422438,0.004835963444551113,0.004824307735948367
SG--ZA,SG,ZA,8639.510334138995,10,8656.032,8657.5,8656.474999999999,8657.095165714283,4.975765267775692,24.758240000002907,8647.4,8661.12,8651.725,8660.075,8.350000000000364,2.800000000000182,0.000574832124901536,0,0,8652.78365,8658.785,16.521665861004294,16.521665861004294,0.0019123382254337944,0.0019105120345153884
SN--TH,SN,TH,12510.120375362725,10,12247.89,12168.6,12241.65,12241.649999994119,335.2798481202765,112412.57655555567,11697.5,12848.2,12061.775000000001,12487.5,425.72499999999854,216.35000000000036,0.027374498637747113,0,0,12052.208499999999,12444.03075,262.2303753627257,-262.2303753627257,-0.020961459002357716,-0.021184269506757794
SN--TR,SN,TR,5615.258437383409,10,5234.129999999999,5215.4,5228.9625,5221.076971612132,68.15133568431042,4644.604555555564,5153.5,5356.1,5187.5,5255.174999999999,67.67499999999927,38.0,0.013020566108275957,0,0,5197.62425,5277.56625,381.1284373834096,-381.1284373834096,-0.06787371260529326,-0.070286971979578
SN--TZ,SN,TZ,6312.069329382219,10,6198.235,6210.25,6202.793750000001,6211.808333331358,179.04000491820563,32055.323361111095,5917.5,6442.5,6135.15,6309.862499999999,174.71249999999964,100.72499999999991,0.028885643238471214,0,0,6099.925625000001,6301.6849999999995,113.83432938221904,-113.83432938221904,-0.01803439148748392,-0.018198993122299705
SN--UA,SN,UA,5842.247717044825,10,5857.87,5868.3,5866.3375,5867.396643022727,87.46319924529529,7649.811222222222,5668.0,5980.0,5828.025,5912.875,84.85000000000036,47.5,0.014930887719477436,1,0,5805.803749999999,5906.784,15.622282955175251,15.622282955175251,0.002674019266522551,0.002670450437665982
SN--US,SN,US,6370.066844573844,10,6223.41,6242.6,6229.575000000001,6229.5454955556515,55.19125232619142,3046.0743333333294,6112.0,6285.5,6184.375,6264.85,80.47500000000036,37.899999999999636,0.008868329794468213,0,0,6188.988249999999,6252.101000000001,146.65684457384396,-146.65684457384396,-0.023022810929962112,-0.02329197514432907
SN--VN,SN,VN,12678.789553826642,10,12021.269999999999,12052.5,12031.9625,12031.962499997746,293.765760995616,86298.32233333339,11516.5,12440.5,11820.975,12240.775,419.7999999999993,231.05000000000018,0.024437165207637467,0,0,11839.5635,12200.022,657.5195538266435,-657.5195538266435,-0.051859804994412464,-0.05325290263403681
SN--ZA,SN,ZA,6672.5621271644495,10,6666.82,6672.25,6668.775,6668.775000000522,41.4050667860294,1714.379555555555,6585.0,6733.0,6641.25,6688.8,47.55000000000018,29.75,0.006210617173709415,0,0,6643.3195,6689.897749999999,5.742127164449812,-5.742127164449812,-0.0008605580667541821,-0.000860928559416235
TH--TR,TH,TR,7141.388185297727,10,7454.589999999999,7476.0,7464.2375,7474.639185999999,49.282326108521545,2428.7476666666644,7343.5,7488.5,7463.75,7479.75,16.0,6.949999999999818,0.006611004241483643,2,0,7422.2925000000005,7479.092249999999,313.2018147022718,313.2018147022718,0.04385727348459693,0.042922768892965736
TH--TZ,TH,TZ,7486.47678677552,10,7342.539999999999,7339.0,7340.8,7341.419914286579,54.367232778577204,2955.7959999999994,7250.5,7448.5,7318.675,7372.425,53.75,31.0,0.007404417650918784,0,0,7312.3992499999995,7375.1315,143.9367867755209,-143.9367867755209,-0.019226238306085167,-0.01941346610142813
TH--UA,TH,UA,7426.114052483925,10,7434.865,7438.0599999999995,7435.04375,7434.901271777814,11.948291602661017,142.76167222221977,7417.8,7450.5,7423.25,7443.1825,19.93249999999989,11.290000000000418,0.0016070623478248787,0,0,7428.001775000001,7441.605049999998,8.75094751607503,8.75094751607503,0.0011784019817400956,0.0011777082110983783
TH--US,TH,US,14169.831963403985,10,13937.25,13927.85,13908.5,13910.113955556795,126.601344998999,16027.900555555569,13840.0,14264.5,13845.474999999999,13958.875,113.40000000000146,56.0,0.009083667509659294,1,0,13873.74575,14026.60975,232.58196340398536,-232.58196340398536,-0.016413882959562826,-0.016550083176027575
TH--VN,TH,VN,985.0733602712637,10,990.7,990.5,990.625,990.6249999978608,0.8232726023485646,0.6777777777777777,990.0,992.0,990.0,991.0,1.0,0.5,0.0008310009108191829,0,0,990.2,991.2,5.626639728736336,5.626639728736336,0.005711899190114029,0.005695648147446904
TH--ZA,TH,ZA,8961.095963147978,10,9054.76,9043.5,9055.225,9055.22500000003,96.37479154034243,9288.100444444459,8890.3,9215.5,9009.5,9126.625,117.125,79.25,0.010643550081983666,0,0,8998.663,9108.588,93.66403685202204,93.66403685202204,0.010452297044603731,0.01039804946827285
TR--TZ,TR,TZ,5114.021496230008,10,4876.92,4900.4,4886.025,4894.380105713758,75.4388022763411,5691.012888888886,4722.5,4958.5,4859.025,4926.675,67.65000000000055,35.100000000000364,0.015468533885391003,1,0,4831.938749999999,4916.860750000001,237.1014962300078,-237.1014962300078,-0.046363022995659295,-0.04747220720183511
TR--UA,TR,UA,1181.9288146082997,10,1113.55,1111.0,1112.4375,1113.5499999999574,58.8295324551274,3460.913888888888,1056.0,1180.0,1058.0,1165.375,107.375,54.25,0.052830616007478244,0,0,1079.8975,1148.45,68.37881460829976,-68.37881460829976,-0.057853581165935974,-0.05959458247795017
TR--US,TR,US,8744.489174947264,10,8413.7,8428.0,8416.875,8422.520683333445,27.87491903326557,777.0111111111112,8360.0,8442.0,8391.75,8432.375,40.625,10.75,0.0033130393326676216,0,0,8396.2475,8428.70125,330.78917494726375,-330.78917494726375,-0.03782830172572758,-0.03856236370759955
TR--VN,TR,VN,7117.1512309835825,10,7172.4,7147.85,7154.5375,7153.049999996852,97.68250156046945,9541.871111111115,7075.2,7412.5,7120.25,7190.9,70.64999999999964,40.44999999999982,0.01361922111991376,1,0,7123.4755000000005,7232.5914999999995,55.2487690164171,55.2487690164171,0.0077627645139671676,0.007732789284677039
TR--ZA,TR,ZA,7281.727679731044,10,7349.079999999999,7412.15,7358.737499999999,7405.7304999985045,127.93575471045347,16367.557333333316,7135.5,7485.4,7236.6,7427.95,191.34999999999945,22.5,0.01740840414180462,0,0,7267.3275,7420.13,67.35232026895483,67.35232026895483,0.009249497266484228,0.009206982624937483
TZ--UA,TZ,UA,6293.284789300669,10,6080.155000000001,6093.5,6073.3625,6078.333333331213,140.05151522445814,19614.42691666663,5881.5,6333.15,5998.75,6130.0,131.25,81.5,0.023034201467636618,1,0,6000.6975,6164.09,213.12978930066856,-213.12978930066856,-0.03386622351224507,-0.03445296938080634
TZ--US,TZ,US,12407.335072981457,10,12452.26,12485.5,12450.95,12463.76923000176,130.2552212645108,16966.422666666665,12234.5,12680.5,12366.825,12520.224999999999,153.39999999999782,59.350000000000364,0.010460367938391167,0,0,12376.209499999999,12530.35275,44.9249270185428,44.9249270185428,0.003620836122687822,0.0036142966763294303
TZ--VN,TZ,VN,8220.893096074053,10,8213.842,8210.45,8210.314999999999,8212.628333332776,100.43608899859333,10087.40797333336,8037.4,8418.5,8173.13,8250.0625,76.93249999999989,43.77500000000009,0.012227662645397042,2,0,8154.871499999999,8273.794499999998,7.051096074052111,-7.051096074052111,-0.0008577043870597726,-0.0008580724259283286
TZ--ZA,TZ,ZA,2303.9398317562473,10,2460.29,2447.0,2455.8,2448.1521600502897,38.72321870230651,1499.4876666666607,2411.3,2545.2,2443.025,2470.825,27.799999999999727,8.0,0.015739290369146123,1,0,2439.1242500000003,2482.8245,156.3501682437527,156.3501682437527,0.06786208827535661,0.06565860137158215
UA--US,UA,US,7852.866380313801,10,7841.360000000001,7844.5,7842.2625,7843.310516666745,7.750010752680661,60.06266666666587,7825.5,7850.0,7838.125,7845.5,7.375,3.25,0.0009883503311518232,1,0,7836.408,7845.511,11.506380313800037,-11.506380313800037,-0.0014652459059592761,-0.0014663204284965394
UA--VN,UA,VN,7204.7219267397495,10,7251.56,7236.05,7238.45,7238.932603333243,61.98048438375134,3841.5804444444434,7197.5,7410.5,7215.375,7267.25,51.875,30.550000000000182,0.008547193208599438,1,0,7222.50375,7294.3865000000005,46.838073260250894,46.838073260250894,0.0065010244304384785,0.006479983911834398
UA--ZA,UA,ZA,8436.439872482457,10,8319.289999999999,8306.35,8297.175,8297.174999994742,164.817235142445,27164.721000000012,8130.5,8685.0,8195.375,8375.125,179.75,102.25,0.01981145448018341,1,0,8226.99075,8431.124249999999,117.1498724824578,-117.1498724824578,-0.013886174056022278,-0.01398348890858039
US--VN,US,VN,13362.734799118152,10,13327.939999999999,13347.8,13335.55,13352.316666668374,112.95577502328558,12759.007111111106,13133.0,13462.0,13322.125,13399.45,77.32500000000073,47.0,0.008475111309271019,2,0,13259.295500000002,13388.682499999999,34.794799118153605,-34.794799118153605,-0.0026038681184071557,-0.0026072640793668093
US--ZA,US,ZA,13024.504641792455,10,13076.45,13076.5,13074.3125,13073.238485806933,26.0921976417813,680.8027777777777,13045.0,13125.0,13054.75,13083.375,28.625,19.0,0.001995357887024483,0,0,13060.24875,13093.554999999998,51.94535820754572,51.94535820754572,0.003988278989195931,0.003980346887842172
VN--ZA,VN,ZA,9846.22426369883,10,10044.04,10068.4,10048.55,10053.89150285578,88.71857127393838,7870.984888888885,9895.5,10156.5,9990.775,10099.2,108.42500000000109,59.80000000000018,0.008832956785709572,0,0,9985.94275,10093.61375,197.81573630117055,197.81573630117055,0.02009051703509129,0.019891365550090422
