place_id,AE,AO,AR,AT,AU,BD,BE,BF,BH,BO,BR,BW,CA,CD,CH,CI,CL,CM,CN,CO,CR,CU,CZ,DE,DJ,DK,DZ,EC,EG,ES,ET,FI,FJ,FR,GB,GH,GR,GT,HU,IE,IN,IQ,IR,IS,IT,JO,JP,KE,KH,KR,KW,LA,LB,MA,MG,MN,MR,MX,MY,MZ,NA,NG,NL,NO,NP,NZ,OM,PA,PE,PG,PH,PK,PL,PT,QA,RO,RS,RU,RW,SA,SB,SE,SG,SN,TH,TN,TO,TR,TZ,UA,UG,US,UY,UZ,VN,VU,WS,ZA,ZM,ZW
AE,0.0,5699.666666668402,13605.586342857148,4240.622222222222,12042.522371428915,3642.833333334945,5147.687500009974,5556.765221444576,423.0,13544.783333326415,12106.641759999084,6249.321589120611,10867.689925001054,5339.64731429925,4746.959807142477,6209.777761119775,14259.079999997495,4621.437500508669,5952.962000000067,13637.00000029082,14191.993288889147,12389.1195,4463.670218571426,4652.761974999933,2033.9663500007646,4824.115842857131,4923.14412514982,14203.776471428002,2384.7072666663116,5641.120649999999,2399.5514333330843,4798.901380052921,14148.124999999924,5245.142857142857,5473.166666666681,5906.461802865657,3266.6,14063.05724999623,4017.2924599999683,5932.18750000001,2296.189757142864,1388.9499999999996,1280.4705000086867,6339.5071107656495,4318.166666666668,2024.731320018289,8123.925366666707,3544.6666666672504,5856.404466666921,6864.749999999996,852.6250000021392,5878.687500003296,2136.39658571429,5663.0170714024425,5045.681871457656,5422.383449999174,6831.491699999998,14317.779120000003,5587.714285714285,5999.2902143027795,6544.629957128398,4955.186033330782,5169.598442844984,5225.834866667444,3290.4862570703986,14236.408685675277,400.50000000105223,13769.065471429945,14605.49999999621,11074.833333332197,6910.985085714274,2030.125000000003,4144.275602857621,6112.155066666615,300.75,3403.0394428571412,3809.3629677777726,3733.5956999984087,3929.6246142829023,794.0920333333481,12497.25683332591,4827.350000000256,5891.333333333339,7498.185628570783,4965.5,4228.887060395617,14779.312499992553,2627.755219999989,3954.31162000785,3406.0802397047933,3693.2826666668884,11326.694133333682,12873.613450001438,2244.269866620615,5395.049899726181,14083.411357145207,14661.486449981394,6291.737433317372,5300.580528578486,5480.08333333237
AO,5699.666666668402,0.0,7780.877028532413,6432.993714286153,12107.881633333851,9811.40849999913,6786.408540189175,2927.3903499940134,5912.4771875047745,8435.779355521976,6179.094550000036,2239.1326333336224,10854.600041501044,514.6666666666486,6201.559392854768,2691.4999999966176,9147.900586548163,1464.1868000113266,11596.140350001126,9748.074411094649,10161.250000004577,10684.413371388877,6517.999999999481,6492.999999999784,4269.446999967753,7220.94184262624,4822.374999999992,9847.083333333136,5285.327533333334,6485.129914381963,3500.1679249857125,7977.8564148485675,16855.44852504989,6500.375,6828.931057142859,2407.6467499998694,5826.267566666432,11163.531700021995,6227.833333333637,7505.3413438932275,8220.464214285505,5854.255042857272,6181.6666666670835,8506.158566665106,5812.768550001175,5401.20335713791,13880.658571426164,3136.5,10688.133057146266,12474.46611111226,5862.729013769966,10412.200000008464,5734.934233335979,5719.497699994622,3488.1443201008524,11312.749999503994,4171.333333333489,12238.375000000307,10104.49939999998,2784.8166666666666,1581.9825999999873,2068.52214446582,6822.735671428385,7746.175533333534,8626.312500014423,12893.139266663537,6088.420655557293,9647.420414279126,9994.520466666816,15113.416666661728,12821.128819962978,7742.437500000221,6903.3333333341025,5775.8841571428575,5689.302450002087,6191.832285714473,6196.653533330399,7478.072375087302,2010.9633333323532,5036.114100009937,17386.245122239794,8085.300500000003,10190.02072857217,4514.5082000710845,10167.026983335067,4853.723900000057,17650.798714318465,5968.300000440151,2864.7643933329978,6839.936599995569,2666.8750001071744,10437.993274991084,7460.223722225265,7904.791412483463,10490.116028570692,16996.537857188217,17747.66666667527,2490.375000002139,1784.3333333333333,2163.004314285722
AR,13605.586342857148,7780.877028532413,0.0,11815.366757142901,11766.619749999947,17029.1666666665,11315.249999999956,8137.395271429548,13510.666666667654,1893.5932779869213,2340.1,8151.2845833315005,8983.376756666674,7880.664571428936,11181.499999999289,7586.317375014282,853.2447800000806,8593.935400001325,19264.5174,4664.547822222229,5674.749999968368,6895.11087142868,11813.166666666979,11908.465200037137,11599.749999998574,11822.153400000341,9765.438349996539,4351.7,11814.57142857143,10036.149266666667,10457.39827073764,12619.798533333305,11385.319850414986,11081.75,11130.494200003886,7911.041800004307,11154.500000000078,6049.840071429051,11866.216466654894,11040.88049999998,15970.569344444453,12242.833333333601,13765.275771428569,11808.226966667016,11149.333333333334,12203.499999998749,18374.75,10144.05028566645,16756.657799998095,19430.0,12755.815644444785,18865.333333333332,11676.625000000002,9444.371800000023,9566.083333333348,19621.66566001596,7688.527151101641,7378.017071428559,15903.74842851945,8083.945833335926,7898.839049884988,8010.08333333328,11442.494199996116,11833.0975574678,17073.83956666771,10318.051871428535,13610.779600001903,5292.5565142857195,3140.073914280838,14322.79999999856,18132.31424999725,15364.698300007834,12277.477442857664,9581.98840000006,13312.6,11813.537819999852,11816.833333333088,13476.0,9797.972042857462,12291.409933321036,12622.726800007438,12253.333333341425,15891.000000000135,6484.148933324163,17248.493199999946,10149.81904000197,10277.249999748921,11824.781133333454,9633.015699999529,12818.111111111111,9905.35428473659,8384.398555555566,203.0,16068.975875005919,17538.379733333437,12183.869800007922,10612.199999981332,8120.376699977441,8183.358066666102,8179.375000034794
AT,4240.622222222222,6432.993714286153,11815.366757142901,0.0,16079.258699991116,7028.53403333311,915.282,4278.094049999943,3943.0999999998403,10564.499999999338,9455.200000003324,7864.999999998516,6482.008384555115,5761.745899992848,683.9833333333333,5109.650000000808,12492.419370015068,4912.583333333809,7455.555555557211,9379.636514284426,9685.101678571566,8646.848720000411,252.01,524.24,4924.0833333330775,870.419,1684.595600001039,10168.99999999995,2386.0499999999897,1809.25,4817.280742847394,1437.1888888888889,16300.076071489524,1033.35,1235.357142857143,5079.639191110316,1281.741300000019,9874.786042857388,214.24,1695.907966666653,5561.830128571419,2861.433333333174,3163.444393333341,2921.2838333332766,765.22,2445.5765749989127,9122.111950000004,5606.125000000006,8550.249999999995,8272.926085714285,3442.810066664965,8347.083333333432,2265.556550040834,2495.620266666526,8147.7359000020315,6023.57094333103,4240.562500004934,10143.166666666766,9682.346683334992,8115.341866668121,8043.965256667119,4478.925511101747,937.047,1385.7332888888818,6228.201959999859,18165.999999999873,4402.763499998459,9504.480300000247,11282.756733336631,13763.940814653484,9745.27544285714,4899.342677779588,556.34,2300.75,3978.546983340084,855.86,491.35,1670.1111111127668,5875.304285714286,3623.6250000000528,15141.337307136704,1244.4857142833714,9710.45371,4802.808742857793,8452.283333333351,1360.9445642893804,16793.881816676603,1595.0,6210.107833330814,1054.9,5404.622566664064,7034.83979000002,11223.636133333895,4121.535329592084,8330.384593333183,15999.666666666633,16223.31249999985,8517.278400000168,7384.916666666562,7622.343214288981
AU,12042.522371428915,12107.881633333851,11766.619749999947,16079.258699991116,0.0,8914.300000000461,16568.93193333383,14884.21198333342,12266.864378099614,12960.233740008554,13891.08333333512,10992.009757126776,16247.701466666462,12804.562983337966,16582.0,15783.229257144258,11346.3,13831.166666673427,8965.147828571427,14326.726385714286,13863.543666663305,16101.252985703624,16089.357471478934,16094.428571426228,12185.410625012728,16047.2829000001,17212.49999999724,13551.713107142681,14404.241875,17634.833333333176,11865.249999980022,15220.379924928151,3430.029000000081,16960.0625,16982.333333333314,15118.994433301143,15309.609433333346,13893.836400004056,15796.403700000074,17187.833333333314,10202.916666664873,12993.520586592507,12887.097177777006,16959.75,16314.4,13243.499999989257,7970.985085714276,12154.142857142857,6899.516350001411,8337.147828571431,12540.08333330136,6788.115657142902,14127.43590000011,17929.381620002197,9854.73924287968,9465.916666669631,17290.87215713039,13910.82479999963,6195.202475012984,10975.450142380236,10798.000000002812,15061.862300004748,16623.010833333334,15960.312071587296,9694.611950018303,2327.0,11586.48607155918,14282.1708,12783.992214285636,3168.9063333266654,5803.39999999647,10831.831000011744,15599.503611111093,18060.422192904713,11962.899375000452,15639.666666665922,15930.647324999814,14473.299999999992,12006.10000000024,13054.827314285725,3139.332566667071,15605.900525000021,6060.000000001145,17768.587066651427,7414.742066666821,16253.641933332457,3585.4285714285716,14628.093614283656,11242.792399999751,14917.921114285724,12373.651999996582,16125.657528056801,11658.699999998817,11838.404278571794,7740.170277777801,2691.2883428427385,4471.124999999943,10274.409644444442,11413.311011111056,11222.325022170784
BD,3642.833333334945,9811.40849999913,17029.1666666665,7028.53403333311,8914.300000000461,0.0,7678.084100000282,9663.50741142829,4011.8477138746684,16893.209542843277,15962.26963336842,8609.568007142858,12471.137666666591,8497.012500002284,7590.966666666672,10227.574999999999,17054.617671308475,8978.999999996644,3026.1428571428573,16754.995313913412,16766.429200000035,14429.749700631979,7357.836285377984,7164.106660627974,5371.65916668197,7393.128333332561,8523.12177142841,16782.666666663372,5712.217243306086,8282.764092856884,6023.542675001336,6835.562888888013,11552.333333336346,7906.555555555556,8004.25,10415.178399999993,6104.563386666972,16006.092366672192,6966.187499999998,8015.6589038568845,1424.0,4388.616810255461,4272.257190032973,8578.54244285344,7267.821922529603,5098.125000346924,4887.609433333171,6703.426875004488,2112.4834932969334,3739.8333333332607,4262.825000000053,1594.366766649269,5233.47792499607,9495.25000044179,6943.600000460116,3064.037500001744,10497.999999989768,15787.828628348541,2630.25000000464,7934.406535707443,9571.977220710278,8936.895228589803,7712.975000065015,7376.5833333340015,663.024877777783,11844.58333332913,3268.477628571273,16402.21432856479,17800.51459999236,7249.14416428572,3574.5400999007393,2031.7869333313076,6837.962400001616,8764.147783326904,3904.355066666673,6287.06431110982,7055.968749997497,5583.496903333315,7304.400000003345,4863.788466663374,8463.752372193083,7216.173566651587,2894.92,12300.566271415966,1540.2,7685.658494442776,11977.04675919026,5468.370433335841,6798.0041282133525,6233.871185719453,7275.633333330402,12634.333333333334,16494.450000000026,2918.836599997318,1884.375575000063,10530.813275016439,11982.99999997543,8527.879371428593,8138.89073333555,8098.9863257141715
BE,5147.687500009974,6786.408540189175,11315.249999999956,915.282,16568.93193333383,7678.084100000282,0.0,4558.525000003649,4694.552350005799,10085.030370004006,9284.092299998301,8372.500000000005,5652.083333333311,6227.56828571433,489.2697088888753,5178.803675003849,11771.724414287217,5081.950787500293,7969.50347999367,8467.28182147129,8980.510833333388,7700.899728417643,711.4111111111112,651.3389999999999,5601.921099999201,764.625,1632.0630333332515,9584.000000001193,3211.222222222222,1315.5,5637.9999999998045,1648.1666666666847,16323.477675000096,264.05,320.0,5035.894,2088.8,9017.608019970254,1129.8144444444445,774.0,6364.172466666664,3769.74004278176,4074.4285714262282,2131.6666666666665,1173.473,3381.3241777776298,9438.0,6536.4540857141565,9695.298285714325,8677.25,4359.933333333931,9031.890566666405,3143.8391333333566,1881.6257550001362,8793.083333333881,6975.814079799725,3801.942557172389,9240.155285714281,10218.39730000482,8840.253499999522,8376.893744421848,4829.478707219166,173.05,1083.25,7221.07034999994,18815.0,5407.114752377236,8491.862900002185,10212.865433333498,14350.859737495006,10443.962292856844,5855.825485713356,1159.871,1712.9,4895.670000000003,1763.6600600000163,1371.8053580069422,2253.0,6355.500000000198,4521.711777759788,15423.63159999815,1281.176,10445.29723989721,4476.347528571202,9267.8899375,1626.0,16565.925200000755,2595.3333333333335,6936.333333333477,2019.7188380015423,6241.289377748322,6247.300000000014,10924.164242856828,4821.499999999632,8399.293499999812,16265.66061111115,15851.176157417747,8882.855679899305,7625.863614284096,7972.296685520505
BF,5556.765221444576,2927.3903499940134,8137.395271429548,4278.094049999943,14884.21198333342,9663.50741142829,4558.525000003649,0.0,5332.492738900215,8316.77727120386,6135.749999980849,4836.673856923912,8031.166666659185,2856.1666666667293,4034.7375000005245,719.8625000593746,9232.249999969034,1743.3333333446196,11356.666666666657,8166.397571647731,8827.567678580413,8109.280699997434,4533.5300642845195,4736.555922228324,4813.902249999657,5033.926600008926,2712.027014285689,8790.770285712531,3920.7605285714244,3181.8103888888913,4394.125000000004,5974.8750000122345,19201.028235713475,4063.678266666693,4820.928433317427,760.1293500000215,3587.9077496997947,9343.726199995808,4302.937499997641,4648.74999999689,8360.656377775325,5038.450850004992,6013.333333326308,6071.749999663736,3470.0235428618034,4447.933244440955,13143.411775008639,4747.931899999095,11639.898885715653,11830.057520259703,5064.687499435957,11570.862000011455,4430.412157015439,2401.5995333331475,6229.875000012739,10802.940261104051,1612.3428571428572,10375.58930000898,11853.489257136958,5744.323699998196,4814.784214285159,879.1864749962494,4634.157749996867,5506.7492249891475,8920.49999999985,18644.022666740086,6222.413433329346,8495.223714724076,8959.33333335463,18001.40250118827,12970.83333334803,7527.187499533634,4906.999999999855,3157.009250000212,5518.941471425765,4725.182605555244,4356.573678569826,6016.5189333343615,3559.625300002128,5201.999999998465,18942.911013886045,5489.749999997881,11698.157460348091,1741.230344285698,10619.620671961495,2838.0231300023765,19242.799999999384,4620.24999999986,4507.306930021395,5209.940083333332,3954.749999997042,8235.837499999945,8086.316666671289,7465.3469250029275,11255.00000000431,19125.51482857273,18920.63262777477,5458.758135718202,4832.616766669158,5085.199999993343
BH,423.0,5912.4771875047745,13510.666666667654,3943.0999999998403,12266.864378099614,4011.8477138746684,4694.552350005799,5332.492738900215,0.0,13806.876185715006,11644.85067142726,6188.10322821565,10254.12499999129,4995.814516420577,4457.000000000021,6049.300257499798,14368.672701428572,4761.415783338824,6233.427585712521,12528.139385713073,13909.236888897289,11920.333333333052,4144.732435714118,4391.983333332383,1958.0624999982174,4815.058792034167,4658.974066662743,13961.099999999964,1932.1108714285754,4839.874999999954,2536.195987499108,4437.608460141706,14637.756686171833,4827.077178571408,4844.7152000004,5997.412499987187,2902.023357145403,13207.907633324934,3691.7500000001924,5789.066428096788,2895.875366666569,1000.2336743128045,1038.404875000638,6566.835166667272,4017.8833333354273,1589.7500000000005,8263.583307777779,3528.775000000291,6356.124999999735,7188.3998666643165,420.50435,5952.183333333646,1577.6666666666667,5298.578371421996,5479.687499988888,5503.2375000019065,6428.249999997574,14166.086453333326,6255.833333333137,6190.1225203228805,6871.550085715297,5114.828760126077,4791.833333333224,4923.487633333049,3933.655679897849,15021.50000000589,836.4405777777685,13204.66666667133,14581.409866667711,10755.124999987545,7389.976799999995,2378.260749996405,3973.4350814285954,5702.83552499088,141.0,3136.2072666666777,3468.034817130951,3439.0182388944118,3965.7673285688356,421.05362222223516,13000.342127771344,4685.639199999942,6380.75,7469.676107142889,5377.039833333276,3912.2794285756318,15146.508014274852,2237.865585718847,4163.66451428479,3109.925428570686,3802.16666665917,10625.793499999432,12401.917457144586,2934.7463285727895,5986.925800001678,13953.749999999674,14803.20204285195,6529.327224967812,5182.468157148964,5713.483477782266
BO,13544.783333326415,8435.779355521976,1893.5932779869213,10564.499999999338,12960.233740008554,16893.209542843277,10085.030370004006,8316.77727120386,13806.876185715006,0.0,1929.7499999974984,9130.70210712934,6789.50000000156,9086.424999999814,10056.646000000612,7650.18300074543,1676.9374997245732,8920.188771618754,17614.072878581388,2928.615999999242,3950.988743150354,4873.166666673884,10583.339178571072,10393.475235713333,11744.51253334024,10646.298966677768,9237.727228848802,2477.6132714408764,10912.000000006252,9151.833333333332,11066.666666666379,11466.357285705055,11573.490210529366,9947.913421431294,9931.247914036932,8013.750220445528,10733.000000000768,4726.609544438334,10927.043428570154,9753.412675000072,15764.15878333177,12694.695375007648,13886.250000401014,9850.617857130896,10119.415628571323,12067.570072224153,17038.714888889026,10739.791488874263,18588.499999998403,18232.500000062686,13392.499999996238,18600.28242927535,11716.439078564972,8856.293929993468,10420.277136476,16966.216666670316,7707.937183340126,5531.274928573636,18390.6850000018,9319.52340002482,8477.641321424207,8458.937500000191,10130.582957036711,10400.707999793181,16905.334540387525,10441.56857143831,13989.429633333602,3522.9084000159155,1496.2828833386043,14842.174713585384,18829.406342338,15527.879183331577,11042.187499997575,8745.88333333316,13599.036390672813,11232.739985717328,10965.66494922701,12292.163214285982,10005.831584284742,12811.667857148825,13490.913866680838,10960.699657921159,18770.900000000012,7278.6364089099725,17650.66666665221,9540.663932502825,10930.961071855432,11854.472628452664,10176.900000007416,11688.430543166842,10206.649999994426,6467.324199990428,1920.9812499997201,14944.07573334169,18984.929272338028,12966.03634285323,11270.999999999998,9190.71259484361,9276.616971421958,9341.907270008069
BR,12106.641759999084,6179.094550000036,2340.1,9455.200000003324,13891.08333333512,15962.26963336842,9284.092299998301,6135.749999980849,11644.85067142726,1929.7499999974984,0.0,7545.8931000093,6844.965200000096,6718.250000001338,9059.666666665236,5551.215313319902,2582.243785714282,7098.894378597079,16888.302785714288,3660.625,4847.219585714516,4881.815422223132,9587.47090142458,9499.407972833334,10129.794392857566,9585.042678571897,8080.431335709057,3423.513460037344,9471.833333332204,7264.833333333323,9214.666666668267,10427.461266652688,13784.833333333825,8731.872057142858,8775.0,6136.322500000068,9570.1245857148,5410.603939901891,9572.749999998663,8889.757181153596,14296.832959998708,11193.447614280181,12222.274456839104,9049.333333320412,9156.337100002685,10683.177433332692,17370.62499999786,8701.121079995652,17268.333333332557,18225.200000000557,11602.539071434028,17860.14883333579,10445.061628569934,7173.499999998033,9167.738566668246,16329.062500000564,5137.595499999916,6842.43116666667,16574.61484000054,7690.656150004516,7137.200000000006,6185.669542794336,9234.499999999962,9558.950000003473,14974.982711109204,12023.011442857152,11962.33333333334,4506.1496000189,3170.9,15868.291699999798,18407.391333333395,13815.874685706462,10098.145838307535,7291.172466666639,11816.256074999965,9936.752460541142,9534.225433334115,11179.666666666648,8520.445171434589,11203.374999999116,15342.063911104337,10116.718059999994,16737.448566666815,5031.005800000001,16707.975840127656,8078.151485714327,13428.837499996227,10281.814179999765,8958.819067765571,10265.931600003567,7965.625000000484,6742.626066666666,2280.222222222222,13749.166666666271,16649.744800000637,14744.999999995047,13408.809214299476,7429.599100000027,7790.736328571483,7510.744357349553
BW,6249.321589120611,2239.1326333336224,8151.2845833315005,7864.999999998516,10992.009757126776,8609.568007142858,8372.500000000005,4836.673856923912,6188.10322821565,9130.70210712934,7545.8931000093,0.0,12610.851986056483,2473.9711007654982,8045.110474998904,4754.5282777589055,9581.258397500309,3359.625000011202,11588.497900000762,10950.062499999985,11891.391799641147,12269.120628567873,8104.958999999968,8541.202233333644,4800.142649999902,9156.484133334128,7234.124759511733,11757.499999991074,5427.6086666667225,7774.3000000009415,4018.9658571427244,9359.499999713214,14935.536071399125,7990.991899999994,8764.999999999969,4676.999999999209,7024.0000000002465,12864.628100005995,8040.684271735649,9184.796949552661,7766.214471425364,6667.773622218052,6913.333333332913,10036.666666685245,7376.374999998827,6357.50230034697,12936.42700002631,2911.4,9942.430733324381,12191.356822235739,6360.520680387007,9953.226450003738,6437.065333332483,7456.867928571082,2590.5108333339826,11868.083435516479,6347.009185318606,14320.666666667783,8775.252314286154,646.7638197787373,905.9194999681159,3884.1128428568445,8764.652471392037,9355.700000000012,8765.762500000312,12251.124999985139,6212.439212499797,11549.666666666,10995.413942854539,12882.098650018315,11302.397714285686,8083.687500479563,8369.384240404275,7815.876633332018,6572.352313734646,7595.113400002051,7824.300000000416,8964.768499999924,2904.431933337813,6065.687499686008,14626.670014283514,9238.311225001371,9130.499999950875,5734.816714285707,9614.751899896672,7168.350999731791,15204.833333344573,7378.08494964262,2409.4332715958253,8189.988999998784,2922.0173999999483,12480.989166667005,8327.166666657562,8398.999999999993,10118.054499996837,14129.625000001875,16136.310849985844,258.0,962.25,916.0
CA,10867.689925001054,10854.600041501044,8983.376756666674,6482.008384555115,16247.701466666462,12471.137666666591,5652.083333333311,8031.166666659185,10254.12499999129,6789.50000000156,6844.965200000096,12610.851986056483,0.0,10298.427766668032,6076.29904285731,7962.399999534371,8593.948128593962,9204.785482005158,10485.460166667017,4533.746271428567,3979.15010036939,2619.678266666671,6399.37943749875,6136.372298888889,10817.10763333646,5647.249999999943,6273.950000001061,5004.932557142859,8758.625000000082,5715.889457142832,11394.009099736515,6100.426228573132,12676.333333332685,5649.301816666708,5380.598900027824,8306.422757140128,7627.3646,3631.2552000044357,6886.823328571651,4841.7197600133995,11159.678266666717,9250.119999998848,9572.162085713946,3852.6856200673346,6723.711250000041,8862.432999683082,10313.327533333331,11778.62500000113,13684.916985713555,10470.086999999994,9906.135377778117,13179.803680004145,8665.584400106505,5693.511771545631,13951.000000004537,9594.833333334522,6142.249999999762,3606.287500000084,14792.540599999982,13155.88313334618,11812.16666665832,8705.00452110922,5640.750000044121,5627.914642726374,11590.416666666464,14370.208142858019,10915.920139999576,3957.5833333341902,6190.612533333564,13965.870835710772,13213.160866666667,10819.486669860697,6534.999999999548,5293.672083333145,10672.034475001614,7347.21064714141,7348.030457205501,7161.85165800162,11345.553185711204,10196.916666664518,13100.666179284191,5955.956571427685,14870.041271429076,6329.799999998873,13706.73333333377,7079.605888891407,11943.014257030283,7806.806771427959,12266.56477143086,7281.591314285774,11416.033400004175,732.0,9001.999999999933,9688.292859999307,12508.499999585803,12677.654733323932,11574.124999991449,12990.166666665418,12307.5,12476.04870000164
CD,5339.64731429925,514.6666666666486,7880.664571428936,5761.745899992848,12804.562983337966,8497.012500002284,6227.56828571433,2856.1666666667293,4995.814516420577,9086.424999999814,6718.250000001338,2473.9711007654982,10298.427766668032,0.0,5991.683471428537,2481.308340013003,9587.739120001002,975.1666666670653,11467.227350001891,10088.100000004588,10856.50304999713,10524.323700000466,6122.452233330742,6191.31250000053,3514.5839802409264,6766.500000000899,4757.953933330272,9891.499999792894,4203.1819714285275,5786.655285731606,3024.3900999979614,7282.1531000047235,16766.06458573054,6019.302785688201,6377.571428571428,1901.3837358695362,4901.4522333329805,11138.24999999905,5941.2602000008665,6658.289233335884,8009.249999841915,5090.000000009992,5751.652077776302,8350.489257149857,5414.555220000007,4658.2188428390855,13558.034800000398,2414.0,10772.500000008211,12413.12499991892,5004.596649824912,10569.566666679759,4905.863099999537,4843.500000000078,3850.8450428571828,10607.39725933311,4069.8125000228524,12565.630874061088,10188.883333346108,2778.9150642857153,2086.302033373766,1765.8327001069417,6265.899999999867,7180.740642697226,8467.062500000315,14054.000000006024,5424.000000000317,9861.51473286368,10379.740364696256,15160.462210008687,11783.604433331004,7349.54871077378,6171.5818428555995,5791.686540012331,5004.985655555951,5817.105422219177,5736.499999999567,6966.681642991902,1666.3275333333538,4521.616642123252,16860.93749999177,7107.509633335222,10240.249999992808,4200.666666666649,9654.43750025524,4879.2629666659295,16720.23113574635,5043.041524981617,2261.0696000007506,6202.3321833336695,1950.8176999926688,10091.16672840785,8152.165177803456,7606.312499303455,10446.33333333762,16277.250000005066,16930.634266624333,2776.889128578746,1696.4114666794044,2230.4093429302316
CH,4746.959807142477,6201.559392854768,11181.499999999289,683.9833333333333,16582.0,7590.966666666672,489.2697088888753,4034.7375000005245,4457.000000000021,10056.646000000612,9059.666666665236,8045.110474998904,6076.29904285731,5991.683471428537,0.0,4699.933333336018,11841.084514403372,4929.454271426785,7964.528300000148,8989.983333333714,9301.892600000003,8070.360942854168,617.840371423704,753.1375,5166.85000000004,973.6052088889654,1205.5922642886628,9709.410700000983,2811.70776000123,1149.6142857142856,5214.116444591867,1847.930357150179,16406.551033332948,435.38,747.1980114285735,4706.833333332834,1632.1323440000028,9439.56992857104,808.01798000004,1176.6499999987586,6546.750000000177,3407.499999999693,3884.129999999899,2617.114125000013,684.85,3093.681642858858,9586.125457142858,6045.986409999867,9310.25522871375,8746.669266666651,4124.162499999939,8991.00000000197,2854.673454286412,1815.174832860198,8393.660914413731,6780.837500197593,3811.123957142856,9580.000000000278,9946.166666669142,8498.488292857144,8070.49999999978,4231.825144993467,631.0,1432.9400000008668,6927.6100000001115,18811.336999999992,5053.698255555436,8913.904285712219,10276.449999998935,14062.083333334764,10341.544928852698,5587.423749995982,1082.833333333585,1655.6333333333337,4631.504014285309,1356.500000000057,960.050000014377,2190.8850222222286,6027.874999856511,4223.050042859191,15016.544785718323,1479.625000000023,10291.871428571429,4229.0473214291105,9059.821592857132,1110.943022225922,16870.554499999133,2092.8500000055888,6474.96996000246,1639.2500000005732,5580.469466665061,6456.166666666836,11110.7652666666,4836.957276666699,8795.4673571437,16144.81587155771,16337.999999998532,8579.483333329747,7445.83333333143,7620.561499999998
CI,6209.777761119775,2691.4999999966176,7586.317375014282,5109.650000000808,15783.229257144258,10227.574999999999,5178.803675003849,719.8625000593746,6049.300257499798,7650.18300074543,5551.215313319902,4754.5282777589055,7962.399999534371,2481.308340013003,4699.933333336018,0.0,8512.250000007609,1762.5403000067824,12238.57471498506,7820.136999994555,8297.000000003985,7936.840877358452,5144.366599998415,5171.792349999985,5236.45556667161,5883.886988874383,3074.6403285748324,8057.7216000113185,4459.226633333492,3843.2515714286546,4840.8750000006785,6754.14055110051,19046.45511428135,4857.867366666103,5107.662442856689,476.02485717827307,4418.777414285709,9047.000000003414,5167.587499995978,5314.889966667917,8768.176628585476,5610.939800035091,6469.012285711733,6709.864555561702,4359.789100000028,5087.666666657841,13814.783483332201,4837.50747777773,11861.999999583855,13024.875000001744,5929.820721430866,11825.833333319208,5050.247499538619,3153.5031428919474,6032.415490011485,11574.037500451164,1620.0099139754207,9602.37500000228,11953.250000003905,5651.116666660115,4360.941950002627,1145.0749999999575,5216.687499999809,6107.49999999648,9982.87793336376,16253.333333329694,6997.500000026936,8042.789999994395,8493.843164903885,16966.189368820473,13699.007666675612,8273.90019945734,5879.588533329687,3682.125054460504,6251.106844440814,5276.991428567804,5044.914305555383,6651.333333334594,4137.833333351508,5734.868244450816,18710.459833328456,6276.937500403391,11984.90442221997,1818.1950100000035,11868.021013465692,3812.251571428049,19015.377766668407,5111.291533338421,4829.323328572271,5943.509099999986,4254.9999999679385,8197.23084285714,7239.225313366895,7817.666666650759,11646.375000007869,18942.52041666582,18849.757666665137,5061.600000000584,4826.8805000004495,4883.871700002914
CL,14259.079999997495,9147.900586548163,853.2447800000806,12492.419370015068,11346.3,17054.617671308475,11771.724414287217,9232.249999969034,14368.672701428572,1676.9374997245732,2582.243785714282,9581.258397500309,8593.948128593962,9587.739120001002,11841.084514403372,8512.250000007609,0.0,9990.320000005124,19007.506500000014,4250.571428571428,4899.014914256456,6287.510440000014,12463.83333330775,12490.278150000027,13849.627933327884,12495.29651999366,10355.694214284418,3762.655285714325,13743.491491161549,10712.16666666664,12025.147542862962,13152.520900001282,9386.687500000275,11651.888888888889,11643.125,9229.416666654504,12393.499999997182,5784.81630002366,12527.243457142808,11578.266299999459,16330.55435714283,13661.985557573742,14352.869429108454,12074.100100004587,11883.666666666666,13366.153677783215,17240.0,12624.046050031273,16968.423785217445,18431.108714285616,13857.151772040163,18763.639400550346,13141.249999999412,9775.083166667147,11249.320348343452,19166.823700454854,9137.439945713826,6294.374999997861,16423.415999996134,9650.692909984853,8145.5587642871305,9062.700000000816,12000.999999999234,12376.600000005801,18945.964020004816,9342.634055555556,14764.743642860152,4805.0,2463.275844444444,13815.801366649692,17276.634742857306,16413.891857141432,12375.010211119192,10156.746085711318,14393.303442857132,12975.112679995202,12444.86481111057,14112.111111109456,10474.831119603336,14105.481757217416,11868.500000004797,12316.083550001566,16312.965199951348,8761.41666666388,17250.6,11310.666666666888,9553.057526887831,13184.333333331475,10842.014728049633,13048.094549999985,11126.999999999987,8054.755220000006,1367.6666666666667,16300.619500000541,17261.834257135924,11249.592157450952,9496.484571424455,9681.546400001227,9649.433749994878,9430.741299999932
CM,4621.437500508669,1464.1868000113266,8593.935400001325,4912.583333333809,13831.166666673427,8978.999999996644,5081.950787500293,1743.3333333446196,4761.415783338824,8920.188771618754,7098.894378597079,3359.625000011202,9204.785482005158,975.1666666670653,4929.454271426785,1762.5403000067824,9990.320000005124,0.0,11218.99999999991,9069.050634285517,9689.71625713956,9419.899083334267,5147.534722142684,5213.567227776333,3658.7941688888554,5872.381274992623,3611.6721216620517,9357.684928574085,3413.2768666692514,4489.236266666346,3145.949628571293,6315.833333339856,18906.64656428551,5072.999999999902,5374.500000000106,1210.5719342882187,4027.016885274649,10008.862300345036,4977.916666666142,5669.599999997273,8182.237499998545,4487.089793298263,5384.1913999959115,7265.441377784631,4133.279983331229,4284.4999999999645,12681.318400000351,3199.3371000015895,10547.55432111111,11945.86703333358,4848.43618750037,10489.801985714255,4327.649999996252,3836.7061527488563,4772.230842585122,10851.485933333352,3312.644778591631,11522.229574989526,10790.762543602614,4293.399899985507,3040.9448322194353,527.0166666657578,5349.237033331929,6287.399999999693,8705.856566668472,14583.884299667772,5306.4838457074375,9198.831033331635,9865.435514274397,15708.449999985161,12040.12400086268,7183.983700005386,5318.475933339099,4497.607350016253,4821.583333332614,4930.829564024066,4815.092628342114,6268.6874999946285,2168.3034429318363,4368.429414293233,18458.503094432603,6308.744957141937,10395.666666666162,3177.09643571433,9968.486066667643,3667.741799778482,19162.888809998665,4659.87349998975,3114.2299999981406,5442.093183333366,2131.4561166662047,9255.577714285037,8246.049999999957,7068.220830722219,10559.695514673047,18411.099999975533,18883.312499987413,3906.7353001994275,2808.2407928548805,3193.58427856895
CN,5952.962000000067,11596.140350001126,19264.5174,7455.555555557211,8965.147828571427,3026.1428571428573,7969.50347999367,11356.666666666657,6233.427585712521,17614.072878581388,16888.302785714288,11588.497900000762,10485.460166667017,11467.227350001891,7964.528300000148,12238.57471498506,19007.506500000014,11218.99999999991,0.0,14961.580433333336,14458.251099997982,12952.639600000046,7473.896749999966,7352.856277777775,8237.000000002165,7209.426414285708,9131.417924999992,15471.143043020867,8340.06181428452,9215.142857142857,8316.319025000003,6306.777777779434,8642.14077147962,8215.625,8140.0,11341.334836663416,7611.444444444444,13656.355222216242,7344.763050000005,8279.0,3786.6666666666247,5899.8333333362825,5615.8,7881.069600000176,8129.9,7051.26582857143,2099.625,9583.246600045268,3282.7164428570436,953.0,6230.902825001393,2776.595700002722,7105.173425000295,10306.00000000001,9817.583333332337,1165.8333333333333,11501.666666663581,12440.118844444447,4349.571428573771,11285.577474646358,11667.394322224533,10568.833333334072,7824.166666666667,6988.9299785715275,3120.374999999821,10191.283742856556,5948.558000000087,14669.574714278106,16989.16666666667,5655.644777777728,2849.5746333333373,3928.6094333333313,6948.405468571262,9683.736889999946,6180.411500025994,7062.189757142855,7415.0375,5795.571428571428,9955.200000010365,6188.166666666666,7504.141700714975,6711.9,4480.142857142857,11975.854999999588,3293.25,8707.333333333107,9531.717139995191,6075.700857143311,9471.049499666924,6450.222222222223,9490.133116672823,11171.333333333334,19154.655285714263,3926.970171428565,2321.515211111111,8430.16666667071,9568.113166664729,11715.0,10975.096450019473,10604.083333333492
CO,13637.00000029082,9748.074411094649,4664.547822222229,9379.636514284426,14326.726385714286,16754.995313913412,8467.28182147129,8166.397571647731,12528.139385713073,2928.615999999242,3660.625,10950.062499999985,4533.746271428567,10088.100000004588,8989.983333333714,7820.136999994555,4250.571428571428,9069.050634285517,14961.580433333336,0.0,1246.2413000000133,2242.5058000038825,9620.57499999993,9408.029000000006,12040.669728577248,9383.43891184302,8508.608462556236,725.8749999953587,11509.659600000163,8010.492542871776,12144.74283333396,9764.907842858775,13562.456999955633,8629.500000000018,8499.666666666666,8184.585450304713,10184.407749698701,1911.5403799621663,9633.790536740908,8408.262978571403,15540.08220000187,12284.940157143328,13076.23918573853,7948.125000003297,9348.499999999947,11841.871474994688,14312.75,11758.416666671019,17856.675357142307,14871.260857142857,12805.666666663948,18546.34783333683,11462.197966667407,7738.41497160889,12749.97734399624,14977.14121667517,7006.771415136623,3160.5714285714284,19770.96369995367,11265.4124999972,10177.673594446234,8786.933333336161,8829.96519999983,9148.978240000883,16566.433577770138,12509.746555555585,14246.398271439706,752.6666666666666,1879.5714285737715,16048.266300421968,17524.320966666466,15236.999999999985,9681.541775155416,7484.308414285575,13538.276194286509,10111.326622223687,9739.937499999303,10902.857142857143,11041.732866656761,13396.317066667989,14345.037200004428,9497.683299999973,19046.166666666653,7189.5013579171045,17463.200000001252,8841.828772226014,12857.000000002417,10775.465659999776,11532.424914284386,10338.833128568336,11592.153422227762,3493.925366666702,4772.3372,14137.369666666962,17552.424599999944,14232.333333324932,12185.083699972267,11219.983771435669,10871.916666664378,11187.81250000279
CR,14191.993288889147,10161.250000004577,5674.749999968368,9685.101678571566,13863.543666663305,16766.429200000035,8980.510833333388,8827.567678580413,13909.236888897289,3950.988743150354,4847.219585714516,11891.391799641147,3979.15010036939,10856.50304999713,9301.892600000003,8297.000000003985,4899.014914256456,9689.71625713956,14458.251099997982,1246.2413000000133,0.0,1469.224666667495,9870.799999999754,9590.08379999894,13498.676249976997,9507.880499999997,9020.627428569887,1328.825157142857,12009.751366665352,8495.603414285713,13376.03520028012,9775.801122223196,11044.806374998974,8928.411500026054,8716.499999999889,8913.355128580264,10698.937499999445,859.2260888889014,9908.538785714343,8458.600599999916,15866.833333332246,12725.999999999569,13279.000000262806,8277.630243187199,9692.833333333332,12404.955133332842,13213.64346666656,12435.770633337062,16877.916666668825,14423.573080074537,13472.432249998625,16532.094828571066,11840.000000000047,8162.999999999461,15022.576442863909,14391.000000000497,7693.678883333205,1920.4285714309144,18724.500000000582,12817.874999994276,10736.06666665231,9190.198733334857,9085.833333333274,9337.63671428641,15908.230688888938,11911.566199988316,15083.93749999007,506.57142857142856,2587.2500000000127,14619.900857142968,16990.143225003292,15689.500000000278,10019.739985713479,8034.732544442091,14157.604288889079,10534.33842857008,10212.865154525647,10878.069600000177,11682.625,13465.375,13116.819866676336,9585.826766667393,17584.36083264447,7749.770285987843,16991.773544447875,9459.6197499997,10083.512142871998,11356.624999998825,12869.400979957736,10647.09999999998,12034.50000000898,3247.173233333061,5462.406350368679,14148.574999999753,16995.062499280073,12614.16666666677,9532.805333334743,11771.072077779969,12266.568799598004,12225.641174990584
CU,12389.1195,10684.413371388877,6895.11087142868,8646.848720000411,16101.252985703624,14429.749700631979,7700.899728417643,8109.280699997434,11920.333333333052,4873.166666673884,4881.815422223132,12269.120628567873,2619.678266666671,10524.323700000466,8070.360942854168,7936.840877358452,6287.510440000014,9419.899083334267,12952.639600000046,2242.5058000038825,1469.224666667495,0.0,8552.050559848092,8300.916666666888,12022.999999994046,8083.209375001395,8283.499999999984,2886.2014666666655,10353.35550000119,7452.0,11880.760342853513,8315.00862857145,12889.962571430282,7725.125,7493.510440000029,8422.468814286232,9467.833333333629,1092.550000000395,8625.687500000004,7136.520024998837,14710.977114286785,11095.480044444459,11827.4999999982,7319.256028562032,8692.482600000001,10810.641685621817,12443.48260000005,12164.439828269191,16083.82552857337,12538.265266666724,11968.5086003464,15975.333333333321,10069.500000002032,7170.999999998216,13964.000000001013,12527.60670000289,6971.980957144958,1779.2068285714286,17044.132200001997,12772.247442654743,10814.960257148006,8865.008139749953,7822.333333333338,8077.187499743958,14530.331124999693,13352.110625020787,13248.218556229238,1591.6624142854514,3907.985044444631,15851.1976333243,16270.757933333407,14134.166666664223,8509.800000000032,7150.571428569086,12809.39699999993,9108.055820001051,8782.298277777589,9570.874214285725,11603.999999999085,11872.499999998943,14160.189388893745,8295.870066666716,16952.713628571782,6770.653210681996,16595.48566666806,8316.72332500022,11695.818411105758,9780.670000001923,12251.26385714459,8944.44641108577,11752.119066670239,1828.1072444444521,6792.656228571475,11905.791521428268,15442.625000004113,13869.99999999708,11482.871400031492,12186.526588881934,11806.83333333192,12068.24999942962
CZ,4463.670218571426,6517.999999999481,11813.166666666979,252.01,16089.357471478934,7357.836285377984,711.4111111111112,4533.5300642845195,4144.732435714118,10583.339178571072,9587.47090142458,8104.958999999968,6399.37943749875,6122.452233330742,617.840371423704,5144.366599998415,12463.83333330775,5147.534722142684,7473.896749999966,9620.57499999993,9870.799999999754,8552.050559848092,0.0,280.2811111111111,5205.166666664553,623.1400000004286,1715.6499999997836,10105.032078392229,2628.9374999999936,1773.0755555555556,5341.261514285897,1313.4067874916668,16245.405450022208,882.949999997657,1033.0,5264.839133333337,1537.215,9920.083333332264,443.7,1453.2750000000015,5715.3375,3201.0093358778663,3380.8940333407304,2635.0211143003335,921.8666666666667,2628.11666666643,8928.294090000514,6097.631866666736,8844.510302221524,8265.030907148934,3715.7249999948117,8425.288850000748,2626.2202888888887,2495.43408571544,8198.166666671199,6482.839793333239,4176.437500010939,9933.614977782687,9579.706192285274,8391.259524999701,8134.558240075953,4884.583333333004,711.666,1039.711450088896,6282.720025964207,18140.830000000005,4811.105550000078,9381.8999140484,10956.162833333186,13848.724999992557,9902.162742896187,5158.867732222338,517.1,2244.4142857142856,4238.619622844638,1080.6724666666717,742.9444444444445,1666.0,6124.345699999911,3952.963850001082,15187.610635408319,1055.2499999999927,9917.674999999968,4879.621085623634,8584.633700000006,1524.1983299994254,16428.999999999396,1620.3427333337122,6812.683612507613,1142.088888888889,5823.528185719489,6571.004971428576,11800.875000000664,4286.943157142545,8298.149999999963,15841.859488888344,15871.38416666489,8409.626114362127,7317.8735571433335,7518.3333333321825
DE,4652.761974999933,6492.999999999784,11908.465200037137,524.24,16094.428571426228,7164.106660627974,651.3389999999999,4736.555922228324,4391.983333332383,10393.475235713333,9499.407972833334,8541.202233333644,6136.372298888889,6191.31250000053,753.1375,5171.792349999985,12490.278150000027,5213.567227776333,7352.856277777775,9408.029000000006,9590.08379999894,8300.916666666888,280.2811111111111,0.0,5326.014585714423,354.32,1982.6445456689553,10099.052907143061,2892.4999999999995,1869.94,5350.426085714285,1101.3,16182.02204283804,878.089,931.7375,5233.582400000598,1801.37,9548.317371428608,688.96,1315.1,5783.816666666669,3278.17268571432,3510.0,2396.300628571442,1183.3883333333333,2940.844714285725,8917.8,6330.499999999978,8842.530500145014,8129.904042857142,3910.8738857141575,8567.566666666706,2847.4322000180596,2623.0653785715563,8510.433592855617,6080.276255759977,4338.05000000397,9724.62499999786,9596.837819999999,8647.43000000402,8131.402635702987,4888.825664286899,577.663,839.0,6297.1000259998345,18150.666666666668,4968.758333333035,9406.026555555609,11090.311135568094,13513.96957780969,9747.34416666662,5284.233333333305,517.78,2313.62935,4308.749999999983,1295.0166666666667,994.4282666665787,1609.47,6302.366571532055,4153.095946004034,14394.034942862945,810.0,9912.834442216576,5031.6666666667825,8603.262683333314,1501.4444444444443,16248.326460002152,2028.6666666666667,6902.750000000029,1120.9942000002288,5996.9875000006805,6715.833333333333,11796.087328745341,4321.310900000296,8330.086250065136,15686.689243298939,15646.57189999632,8695.211533333486,7614.424728572925,7709.4791497116175
DJ,2033.9663500007646,4269.446999967753,11599.749999998574,4924.0833333330775,12185.410625012728,5371.65916668197,5601.921099999201,4813.902249999657,1958.0624999982174,11744.51253334024,10129.794392857566,4800.142649999902,10817.10763333646,3514.5839802409264,5166.85000000004,5236.45556667161,13849.627933327884,3658.7941688888554,8237.000000002165,12040.669728577248,13498.676249976997,12022.999999994046,5205.166666664553,5326.014585714423,0.0,5662.831442854021,4953.848514348542,13158.3216357294,2400.8190249999952,5360.875714531932,559.7931714285846,5820.608212501927,15056.00000000063,5585.0,5702.738199707183,4863.000000000988,3519.94999999986,13628.799999997222,4860.7749999993675,6265.169800000246,4631.437857020941,2394.414710002362,2834.666666674208,7635.266501419906,4520.016599997124,2116.6419333336407,10068.500000000295,1460.5714285714287,7585.233861113237,9456.333333329654,2133.8333333361143,7337.249999990205,2358.333333333281,5392.810057143002,3294.0000000002465,7653.252533315259,6266.499999977571,13933.499999996455,7039.913433328345,4566.528055531594,4920.450000000898,3783.041742840016,5451.683519999667,6172.2543858215495,5166.250000000835,15211.82790000186,2040.84621410945,13136.154039741796,14064.374999996551,11900.200314315145,8829.624999297432,4076.8243142872,5190.922483329538,5586.480633336289,1999.6044000352942,4341.700216657142,4668.724313333729,4889.579120000078,1948.6859175013956,1455.1844571429897,13742.671228576235,5758.23534285721,7172.902499998934,6287.999999998618,6935.63408572114,4136.325957141563,16279.412499995091,3397.6484999984737,2280.7500000032333,4759.242100023611,1463.6635749985744,11567.764731428588,11501.166666659416,4771.439375010722,7512.249999996557,14666.09914285779,15933.814564314529,4850.648499999187,3169.8802499767653,3467.0480597619216
DK,4824.115842857131,7220.94184262624,11822.153400000341,870.419,16047.2829000001,7393.128333332561,764.625,5033.926600008926,4815.058792034167,10646.298966677768,9585.042678571897,9156.484133334128,5647.249999999943,6766.500000000899,973.6052088889654,5883.886988874383,12495.29651999366,5872.381274992623,7209.426414285708,9383.43891184302,9507.880499999997,8083.209375001395,623.1400000004286,354.32,5662.831442854021,0.0,2267.7625000100797,10094.868071428493,3197.083470000002,2070.3,5713.353485723272,883.625,15659.801799941022,1027.0,957.5,5798.8333333318915,2140.02,9307.000000000802,1011.125,1238.4,5952.653645084728,3598.497842903756,3665.0169999997615,2144.5714285714284,1534.5874999999971,3235.2592142843014,8627.83092499973,6893.4650000008205,8986.550807228805,7971.758371428293,4378.223572276504,8471.564535993235,3115.7832285763047,2855.5230100010704,8816.75,6093.659214444431,4531.415307140888,9543.821150000089,9350.649612887453,9110.166666655474,8883.028333326038,5249.069032861326,621.8199999999999,483.1,6341.78796666106,18177.666666666668,5073.768190008004,9160.666666666739,11039.089624999966,13671.644088895873,9294.309836000011,5282.382385714509,667.81,2298.6666666666665,4618.068833333026,1588.360000000037,1241.808339000021,1563.3833333333391,6795.175966664288,4535.250000214151,14303.84062857127,522.0,9959.10363333343,5165.07133571514,8614.85166666665,2111.999999999868,15837.943966664343,2231.6189855508833,7248.318385714306,1460.9333333333334,6225.41168571547,6225.071487529367,11769.166666663068,4319.5,8308.661007073453,15646.708033334091,15013.062500002994,9606.957228460242,7844.499999999682,8299.666666667035
DZ,4923.14412514982,4822.374999999992,9765.438349996539,1684.595600001039,17212.49999999724,8523.12177142841,1632.0630333332515,2712.027014285689,4658.974066662743,9237.727228848802,8080.431335709057,7234.124759511733,6273.950000001061,4757.953933330272,1205.5922642886628,3074.6403285748324,10355.694214284418,3611.6721216620517,9131.417924999992,8508.608462556236,9020.627428569887,8283.499999999984,1715.6499999997836,1982.6445456689553,4953.848514348542,2267.7625000100797,0.0,9193.000000000036,2715.1293499953617,714.6453428522638,5034.749999998752,3140.115317209228,17659.205042853653,1348.2222222222222,1660.0285714262284,2715.0661285709593,1684.4375000007171,9083.28333333334,1701.7563071435995,2172.1249999967245,7133.499999999907,3835.1249999997303,4315.482455554944,3822.249999997544,962.5125,3113.017399999631,10397.616171491105,5382.899999999427,10176.166666669327,9996.435477777834,4069.431449912364,9973.87726428695,2971.4408249993235,914.3333333333334,7686.062500426131,8225.915099756798,2112.3500000012646,9484.267455555912,10687.26543333249,7414.897644442561,6742.550999999923,2715.0,1732.4108666666634,2971.9269285699256,8064.483333346638,19541.50833983499,5001.162442857011,8396.530814478541,9882.510347055419,15177.367135716706,11698.96602499826,6579.509931425884,2286.1666666670694,1111.884157130791,4802.558000000367,2052.667571602132,1707.984042872775,3479.749999999879,5059.599999996836,3831.1666666666933,16622.534610002378,3108.109433334505,10530.233739607214,3165.2299555653635,9919.666666657264,633.4869500000001,18618.42548000107,2613.583333333664,5464.091642883337,2820.1878713813185,4800.891499993049,6147.567483333204,9820.984428571512,5452.283333329201,9976.736142524398,17742.56250000007,17201.193374062088,7471.20251428573,5457.453624993992,6676.558528560507
EC,14203.776471428002,9847.083333333136,4351.7,10168.99999999995,13551.713107142681,16782.666666663372,9584.000000001193,8790.770285712531,13961.099999999964,2477.6132714408764,3423.513460037344,11757.499999991074,5004.932557142859,9891.499999792894,9709.410700000983,8057.7216000113185,3762.655285714325,9357.684928574085,15471.143043020867,725.8749999953587,1328.825157142857,2886.2014666666655,10105.032078392229,10099.052907143061,13158.3216357294,10094.868071428493,9193.000000000036,0.0,11769.547550000965,8741.142857142857,13444.620300109496,10629.65233333887,11854.166666670251,9361.327725000005,9177.758239999981,9138.276433333782,11020.235914301575,2078.8499666669845,10449.608166668511,9020.329862505863,16185.22324285615,12981.399999987576,14132.729599996386,9182.807714286313,10104.499999999574,12443.289416666865,14443.858066666677,12810.439855467854,19233.445866710066,15076.677116666708,13916.832516664186,19761.482599999978,11885.250000566864,8743.992778785912,14041.833333310075,15939.171842860238,7777.358016659415,3127.206828576305,19735.33333333286,11856.328014293806,9926.43630712728,9066.913333323671,9559.911171452934,9867.134885715572,16483.608528973367,11974.7,14691.666666666672,1024.4965200000129,1328.0,15715.467142860434,17390.400000002675,16133.099999999939,10530.124999994461,8253.286566662311,14233.687499999998,10902.166666669767,10851.756400001203,11617.6,11673.500000000053,13642.266666669422,13439.81435000681,10214.250000002003,19746.005800000003,7468.083333310073,19714.313200001805,9715.600000002776,11228.500000006276,11902.237314285223,11969.947985297618,10943.874999999982,11638.945128298732,4490.333333333315,4769.530814349192,14802.749999999984,17242.299539945565,13037.625000010796,10217.855616655985,11297.300000002368,11149.112557141185,11272.349959673049
EG,2384.7072666663116,5285.327533333334,11814.57142857143,2386.0499999999897,14404.241875,5712.217243306086,3211.222222222222,3920.7605285714244,1932.1108714285754,10912.000000006252,9471.833333332204,5427.6086666667225,8758.625000000082,4203.1819714285275,2811.70776000123,4459.226633333492,13743.491491161549,3413.2768666692514,8340.06181428452,11509.659600000163,12009.751366665352,10353.35550000119,2628.9374999999936,2892.4999999999995,2400.8190249999952,3197.083470000002,2715.1293499953617,11769.547550000965,0.0,3350.375,2518.0,3439.2238999733713,16526.330399929,3209.8888888888887,3510.1,4268.058000000064,1115.3999999999653,12252.633713603123,2194.1666666667156,4004.5145857142434,4400.971955,1286.2499999999616,2007.1199739787944,5283.746271428568,2131.900000000011,483.4999999994492,9560.118475000001,3518.4236000000096,8179.633449996055,8473.95394000018,1207.4059749999913,7532.45053333012,567.9,3433.8449333333333,5698.51083333297,6690.673181653144,4863.516633333479,12481.22447499988,7917.09706666664,6297.166666666881,5759.24519998221,3440.79999999999,3281.912499997861,3668.7500000000186,5247.697542858869,16443.96126428681,2753.0626399992275,11611.896157147323,12404.49999980146,13368.292217301825,8607.164583319545,3702.899999982859,2879.868133333004,3795.016666666698,2059.0,1886.512410031747,1895.083333333314,2900.4,3570.3413222220647,1285.4285714285713,14853.449999984501,3429.216771428571,8273.48260000011,5219.279875000001,7262.0,2096.6,16879.849999992635,1109.596980015738,4130.530859999969,2272.6666666666665,3311.25,9279.68749999727,11545.166666656745,3629.7925142857357,8122.602755186837,16301.280111111853,17034.558528574657,6287.249999999987,4891.0786600741385,5350.500000000018
ES,5641.120649999999,6485.129914381963,10036.149266666667,1809.25,17634.833333333176,8282.764092856884,1315.5,3181.8103888888913,4839.874999999954,9151.833333333332,7264.833333333323,7774.3000000009415,5715.889457142832,5786.655285731606,1149.6142857142856,3843.2515714286546,10712.16666666664,4489.236266666346,9215.142857142857,8010.492542871776,8495.603414285713,7452.0,1773.0755555555556,1869.94,5360.875714531932,2070.3,714.6453428522638,8741.142857142857,3350.375,0.0,5473.885533333341,2949.4,17396.642428575175,1052.9,1263.1,3895.16086666664,2374.3217333333528,8689.703499890007,1975.0,1448.0,7266.522773333529,4294.896366666645,4841.720757145234,2895.3333333333335,1361.9444444444443,3659.2587000000026,10765.111111111111,5801.528999999948,10409.599999999247,9974.28422499999,4797.7612600302255,10153.233950174681,3529.3999999999405,571.8507333333746,8348.666666673462,7302.295250000182,2753.2268000000468,9063.835266666667,11062.808085745599,8116.374300000046,7625.000000000124,3785.4451742857436,1480.5714285737715,2592.580433333337,8169.267112855334,19855.0,5674.581499999663,8194.49999999999,9506.833692857143,15749.861271428572,11640.111111111111,6802.142866666527,2290.25,502.6,5094.800000000057,2474.6666666666665,2027.0,3440.2,5771.188180000002,4791.16666666666,16293.004128574657,2590.5555555539,11371.44200000026,3045.7000000000157,10191.879350000001,1278.3659444444138,17587.999999958713,3091.543666675978,6322.166666666189,2863.235653333335,5539.139966665832,6110.585849971504,9944.644233333334,5934.421904000082,10098.542349999965,17312.25307142867,17296.810021909416,8061.1830599398745,7193.749999719885,7578.3913333334285
ET,2399.5514333330843,3500.1679249857125,10457.39827073764,4817.280742847394,11865.249999980022,6023.542675001336,5637.9999999998045,4394.125000000004,2536.195987499108,11066.666666666379,9214.666666668267,4018.9658571427244,11394.009099736515,3024.3900999979614,5214.116444591867,4840.8750000006785,12025.147542862962,3145.949628571293,8316.319025000003,12144.74283333396,13376.03520028012,11880.760342853513,5341.261514285897,5350.426085714285,559.7931714285846,5713.353485723272,5034.749999998752,13444.620300109496,2518.0,5473.885533333341,0.0,6004.562500003136,16020.778728566913,5589.731319999983,5896.875,4226.086600014523,3470.5078002770383,13426.6,4881.213299999847,6519.666666705002,4836.941785035861,2518.5763999902424,3151.6993714296627,7447.969514285411,4473.500000000102,2520.0589999999243,10146.590019998492,1162.1973444444234,7801.066666666491,9194.348288888976,2820.5013142865564,7766.083333338529,2876.069088888913,5521.112185424115,3232.810900000686,8367.250000008298,6279.936599706817,13667.198571439525,8143.011966999291,3538.4212011484155,4833.09279999824,3468.1666666667124,5479.62048571464,6037.583333330329,5719.097466673183,14167.084700001875,2191.942444285551,12678.900000003063,12707.757474991122,11972.317899995574,8927.831366666984,4805.402500008123,5363.732544444302,5763.250000000744,2217.6666666666665,4440.769814116564,4851.5833333331175,5139.9360285714465,1547.097833333413,1973.7499999999873,14347.050627762706,5838.42078562902,7389.874999999841,6187.999999999901,7028.648716652665,4414.835571408644,16576.333333325183,3541.6489333168397,1882.87135428306,4940.333333333273,1147.426414285837,11560.206828571429,10544.875000005657,4940.58333333342,7425.36151985794,15711.783333339105,16709.438885714288,4781.429933451259,2869.7034799936546,3134.000000000062
FI,4798.901380052921,7977.8564148485675,12619.798533333305,1437.1888888888889,15220.379924928151,6835.562888888013,1648.1666666666847,5974.8750000122345,4437.608460141706,11466.357285705055,10427.461266652688,9359.499999713214,6100.426228573132,7282.1531000047235,1847.930357150179,6754.14055110051,13152.520900001282,6315.833333339856,6306.777777779434,9764.907842858775,9775.801122223196,8315.00862857145,1313.4067874916668,1101.3,5820.608212501927,883.625,3140.115317209228,10629.65233333887,3439.2238999733713,2949.4,6004.562500003136,0.0,15210.428571426228,1909.1293499999947,1821.12065,6277.636133333576,2628.0,9654.549999995394,1461.888888888889,2023.3464571428667,5218.760707170896,3453.0,3211.3156259176735,2425.2447800095115,2202.0,3414.277522222251,7826.982855555544,7387.41735000012,8318.993597499855,7043.800000002395,4129.19059967105,7816.8999233334125,3216.7735975011133,3854.150000007205,9004.087816667441,5147.350104447628,5400.745614284575,9530.73626666661,8715.841566663843,9432.102242860201,9191.176342704464,6144.000000003049,1502.0,784.9463777777779,5702.113955555379,16632.63208888954,4945.968550000627,9568.137499999659,11755.375000571321,12729.87589998823,8340.282400002727,4939.715317723228,941.7053371428411,3364.4285714285716,4391.315542837655,1737.8061999995816,1628.0010833333015,894.7777777777778,7192.066866666817,4484.296833338299,13327.875000000053,396.0,9259.771136000003,6140.510750257151,7897.529499999999,2962.416666664041,15448.25171365174,2510.12146666887,7515.535999992559,1151.7374333332875,7000.166666665257,6934.97603333262,12635.87973333361,3699.0833333404303,7808.480551999887,14736.681828568939,14435.083333323832,9712.85270000234,8022.10406666794,8648.135100011177
FJ,14148.124999999924,16855.44852504989,11385.319850414986,16300.076071489524,3430.029000000081,11552.333333336346,16323.477675000096,19201.028235713475,14637.756686171833,11573.490210529366,13784.833333333825,14935.536071399125,12676.333333332685,16766.06458573054,16406.551033332948,19046.45511428135,9386.687500000275,18906.64656428551,8642.14077147962,13562.456999955633,11044.806374998974,12889.962571430282,16245.405450022208,16182.02204283804,15056.00000000063,15659.801799941022,17659.205042853653,11854.166666670251,16526.330399929,17396.642428575175,16020.778728566913,15210.428571426228,0.0,16572.348433333384,16285.234500026068,19432.38206666667,16901.6249999942,11820.249999998972,16331.782666666842,16145.0,11697.025933332003,15162.077511804448,14415.157300000184,16598.333333329516,16890.086999999698,16158.333333332574,7481.535128571948,16447.72389999996,8544.66666666715,8152.131866666643,14435.062766683517,8637.100825555168,16559.19885713784,17786.711000008534,14229.715314289191,10143.42970001927,19144.083333342012,9467.624999741602,8543.500000001099,15247.703371430727,15999.161229325413,18903.14073333249,16277.170714407515,15634.851514437212,11846.63057143438,2592.400525000114,14191.187500000187,11463.996857142844,10889.69092882744,3473.8485444444655,7119.938185714447,13121.059999998788,15900.434999998673,19890.88312505799,14868.199999110577,16285.759999999675,16357.68642857143,15449.198049996732,16442.895966851815,14923.666666662028,2010.026876666671,15661.152142856954,8288.444444444445,18869.82318571553,9439.426133334728,17319.375000001157,749.3372000000451,16210.196650000029,16132.254200005545,15617.270614616644,16821.500000001044,11757.167425007465,11734.386988887714,13119.462998951902,8531.166666680743,1074.75,1144.1250000069704,13939.421200002547,15774.290079985682,14893.250000000022
FR,5245.142857142857,6500.375,11081.75,1033.35,16960.0625,7906.555555555556,264.05,4063.678266666693,4827.077178571408,9947.913421431294,8731.872057142858,7990.991899999994,5649.301816666708,6019.302785688201,435.38,4857.867366666103,11651.888888888889,5072.999999999902,8215.625,8629.500000000018,8928.411500026054,7725.125,882.949999997657,878.089,5585.0,1027.0,1348.2222222222222,9361.327725000005,3209.8888888888887,1052.9,5589.731319999983,1909.1293499999947,16572.348433333384,0.0,343.85,4823.053622222224,2097.6,8990.48822857072,1243.7285714285715,779.08,6577.724999999997,3858.9,4210.2,2233.8888888888887,1105.4888888888888,3371.3233750000068,9714.5,6480.333333333315,9917.647325000213,8965.8,4405.128571428571,9222.800000000034,3191.95,1814.0,8564.837257142779,7012.438333333315,3796.05,9199.571428573772,10408.1628,8753.158133339699,8092.300000013487,4460.33333333292,430.97,1342.4227766666652,7238.366666666664,18974.087911111124,5245.485414285718,8632.124999999998,10260.0,14293.227557373732,10739.888888888889,5903.936966666644,1367.0,1453.0,4970.44348570453,1870.5555555539,1446.17,2485.4285714285716,6224.857142857143,4675.2,15272.843820949834,1544.0,10738.946377780232,4200.0,9441.5,1482.0,16958.22087999989,2597.5,6906.750000000588,2025.8159999999934,5589.735499999927,6162.666666666667,10969.597833333353,5146.1,9190.3,16285.371728571414,16335.99999999999,8690.0,7597.937499999892,7888.749425067266
GB,5473.166666666681,6828.931057142859,11130.494200003886,1235.357142857143,16982.333333333314,8004.25,320.0,4820.928433317427,4844.7152000004,9931.247914036932,8775.0,8764.999999999969,5380.598900027824,6377.571428571428,747.1980114285735,5107.662442856689,11643.125,5374.500000000106,8140.0,8499.666666666666,8716.499999999889,7493.510440000029,1033.0,931.7375,5702.738199707183,957.5,1660.0285714262284,9177.758239999981,3510.1,1263.1,5896.875,1821.12065,16285.234500026068,343.85,0.0,5100.142857140514,2391.0,8744.28138888889,1449.4,464.0,6710.0,4086.8621142857187,4403.1,1893.099999999995,1434.888888888889,3649.2587000000367,9556.428571426228,6824.75,9917.143466666672,8858.0,4639.081042893604,9236.272816666688,3466.773285714274,2080.0,8957.624999999674,7023.424725719152,3890.5514333320357,8929.0,10562.823899991117,9052.963666668922,8412.696520000005,4791.260857107686,357.3,1153.0,7307.0875749994175,18816.62934999536,5912.636999996945,8476.141300008867,10157.049057142913,14381.530528571957,10743.19304000001,6050.3,1449.7,1585.99565,5219.6354000000265,2093.312322222222,1689.25,2500.7,6559.164020074998,4945.443485714337,15129.545914285714,1432.5,10852.75000000214,4375.628271428621,9536.555555555555,1818.5000000001312,16255.65031428571,2824.124388888801,7485.0000000001255,2133.5,6481.833333333339,5900.1,11075.421699999999,5264.830128571575,9232.24999999304,16256.333333333238,16089.012599989603,9017.500000000151,7924.503479999997,8284.9
GH,5906.461802865657,2407.6467499998694,7911.041800004307,5079.639191110316,15118.994433301143,10415.178399999993,5035.894,760.1293500000215,5997.412499987187,8013.750220445528,6136.322500000068,4676.999999999209,8306.422757140128,1901.3837358695362,4706.833333332834,476.02485717827307,9229.416666654504,1210.5719342882187,11341.334836663416,8184.585450304713,8913.355128580264,8422.468814286232,5264.839133333337,5233.582400000598,4863.000000000988,5798.8333333318915,2715.0661285709593,9138.276433333782,4268.058000000064,3895.16086666664,4226.086600014523,6277.636133333576,19432.38206666667,4823.053622222224,5100.142857140514,0.0,4377.124999781441,9365.749999742859,5044.1277602389655,5193.520133329389,8633.57288572094,5390.925000002522,6126.11781385123,6258.8931004544675,4179.430727777371,4884.291199998758,13819.491950001215,4402.699999998525,11952.716666670236,12403.66717777801,5355.178971179185,11811.473221665654,4824.166666666313,3172.8016142857923,6057.613271419895,11534.19854000444,2193.6997250098943,10228.750000322038,11932.888239107084,5147.033333327039,3753.966666674869,912.5394428571533,5221.522944444444,6176.517455633872,9183.108099977992,17340.299999939758,6276.487500000021,8375.000000000375,8954.695022053289,15988.47880571073,13985.854566659673,7562.689271430629,5374.696828831117,3806.466666666674,6234.103140003343,5153.166666665756,5067.7999999963085,6645.882310006027,3488.0000000011282,5374.974999998166,19019.96569666633,6151.171125000016,11406.37500000001,2101.1608666666666,11229.548071429392,3610.117342856864,19280.264892858948,5019.484933333427,4606.867826677849,5860.916666659838,4105.166666660618,8260.333333333483,7707.5833333336395,7217.730512499529,11378.833333335058,19275.68664444148,18904.959450003484,4687.166666666667,4307.238249996838,4654.786166666019
GR,3266.6,5826.267566666432,11154.500000000078,1281.741300000019,15309.609433333346,6104.563386666972,2088.8,3587.9077496997947,2902.023357145403,10733.000000000768,9570.1245857148,7024.0000000002465,7627.3646,4901.4522333329805,1632.1323440000028,4418.777414285709,12393.499999997182,4027.016885274649,7611.444444444444,10184.407749698701,10698.937499999445,9467.833333333629,1537.215,1801.37,3519.94999999986,2140.02,1684.4375000007171,11020.235914301575,1115.3999999999653,2374.3217333333528,3470.5078002770383,2628.0,16901.6249999942,2097.6,2391.0,4377.124999781441,0.0,10607.500000001772,1122.375,2853.233333333299,4828.16666666635,1930.8833333333275,2463.8999999999114,4109.816666666621,1051.0,1284.8750000221921,9501.301707142857,4421.041240252881,7998.616685714637,8495.333333333274,2410.9999999999795,7796.3992300012615,1128.1666666666968,2508.5657999895625,6729.6545428571535,6335.5725066603245,3858.7999428545772,10811.81887152265,8645.648814284537,6944.913111111113,6813.769483323836,3499.162500003512,2162.902552497298,2612.874999997861,5762.350000004253,17762.707700000996,3466.7565202413543,10379.063897715361,11198.7499999999,13734.557338883273,9555.416666667019,4376.938220286216,1598.1,2854.95,2953.412500002139,825.8499999999943,806.7666666666667,2229.3833333333323,4596.872797740474,2408.065659984015,15034.044688908309,2440.5799000000275,9051.869205555555,4518.233583335826,7922.179324444444,1205.7166666665605,17427.124999996766,816.879349999995,4763.060221075932,1482.1831500000053,4065.8750000175746,7922.465,11110.299575000008,3655.83096663644,7756.072833335215,16261.50000000384,16586.12500023748,7362.270850009046,5750.33333332599,6093.81557500084
GT,14063.05724999623,11163.531700021995,6049.840071429051,9874.786042857388,13893.836400004056,16006.092366672192,9017.608019970254,9343.726199995808,13207.907633324934,4726.609544438334,5410.603939901891,12864.628100005995,3631.2552000044357,11138.24999999905,9439.56992857104,9047.000000003414,5784.81630002366,10008.862300345036,13656.355222216242,1911.5403799621663,859.2260888889014,1092.550000000395,9920.083333332264,9548.317371428608,13628.799999997222,9307.000000000802,9083.28333333334,2078.8499666669845,12252.633713603123,8689.703499890007,13426.6,9654.549999995394,11820.249999998972,8990.48822857072,8744.28138888889,9365.749999742859,10607.500000001772,0.0,10061.489728571356,8465.76094999931,15286.158242859305,12421.449999999948,12846.052057141265,7849.465342846558,9885.554244443201,12469.152477776895,12380.928649999889,13347.779379627636,16395.19715714735,13474.554357142886,13090.124999997692,15615.249999994108,12052.124999999649,8397.000000000739,14866.875000011176,13369.548516173949,8086.533333333385,1054.3251571428625,17029.533628572863,13532.999999998425,11867.572782222223,10168.74910027485,9220.291014285724,9218.180649832128,15587.81137142501,12013.97915000564,14435.8333333354,1362.7228214242275,3328.8179777669325,14901.57462855345,16211.576307143496,15340.797114285602,10040.360107142698,8083.749936667184,13783.99999999854,10503.333333331298,10329.396459748497,10824.57142857143,12428.16666666733,13320.508021427368,12700.500000019718,9591.689866666573,17142.560085709072,7884.293825003013,16670.369279995382,9684.472262494335,10390.416666687042,11358.500000000002,13652.180000000093,10665.963888887076,12713.06598526408,3019.081371428487,6352.9087333346615,13810.125000001073,16256.211866661362,12676.062499998423,10304.59140004576,12767.79551429238,12828.641055559492,12615.742985725494
HU,4017.2924599999683,6227.833333333637,11866.216466654894,214.24,15796.403700000074,6966.187499999998,1129.8144444444445,4302.937499997641,3691.7500000001924,10927.043428570154,9572.749999998663,8040.684271735649,6886.823328571651,5941.2602000008665,808.01798000004,5167.587499995978,12527.243457142808,4977.916666666142,7344.763050000005,9633.790536740908,9908.538785714343,8625.687500000004,443.7,688.96,4860.7749999993675,1011.125,1701.7563071435995,10449.608166668511,2194.1666666667156,1975.0,4881.213299999847,1461.888888888889,16331.782666666842,1243.7285714285715,1449.4,5044.1277602389655,1122.375,10061.489728571356,0.0,1896.975,5564.833333333622,2778.9924499997655,3013.5592777694546,3082.4889033333443,809.9444444444445,2262.4257571421117,9047.916666666686,5645.869429101223,8431.978942856706,8151.5069600000315,3329.865257142834,8227.506666667236,2033.1451456876,2647.5444333403543,7876.600000001126,6176.494749603283,4186.251175715012,10205.112842959568,9079.862500003856,7880.933333336392,7829.7283571448725,4694.9178375105375,1145.34,1480.8810900062153,6100.087499995729,17808.4715288483,4308.287499999251,9813.58005714353,11349.333333332783,13815.0144493104,9750.176578571263,4836.211893104081,545.0,2476.105799999986,3787.3477777742423,642.8,316.05,1567.0536222222918,5799.250000003066,3511.060000010069,14948.389085716548,1285.2,9677.666666666359,4821.320749790579,8265.243785722974,1465.7267900634204,16618.866666661444,1240.1272333386219,6109.008628569189,899.2,5372.142074999572,7254.80527145112,11785.999999994361,3919.5000000009863,8086.283609223071,15840.166666666668,15990.74999974161,8570.57574285694,7225.4971285688425,7495.399866666671
IE,5932.18750000001,7505.3413438932275,11040.88049999998,1695.907966666653,17187.833333333314,8015.6589038568845,774.0,4648.74999999689,5789.066428096788,9753.412675000072,8889.757181153596,9184.796949552661,4841.7197600133995,6658.289233335884,1176.6499999987586,5314.889966667917,11578.266299999459,5669.599999997273,8279.0,8408.262978571403,8458.600599999916,7136.520024998837,1453.2750000000015,1315.1,6265.169800000246,1238.4,2172.1249999967245,9020.329862505863,4004.5145857142434,1448.0,6519.666666705002,2023.3464571428667,16145.0,779.08,464.0,5193.520133329389,2853.233333333299,8465.76094999931,1896.975,0.0,7158.600000000002,4281.244824999515,5294.4289777778195,1498.0,1885.6888888888889,4082.4999999999013,9560.833333333334,7387.311885717948,9998.417433333301,8958.715775020592,5310.062500167762,9381.083333333612,3992.16666666671,2064.9999999944434,9534.500000000098,7327.700164282768,3849.389066666687,8674.76000000726,10937.269533333274,9485.33333333313,8845.610046927159,5343.033157143326,750.1899999999999,1273.666666666675,7648.96347500015,18819.321733333338,6127.763099997317,8380.950674998612,9884.78406229667,14393.749999998201,10806.372655555599,6277.111714285597,1821.8000000000106,1642.6666666666667,5247.249999999996,2531.0043499999983,2035.896951427938,2801.4166666666665,7045.793356803695,5296.579119999958,15101.041742858875,1625.0,10989.110214284747,4468.833333332251,9611.260857142708,2344.4698428545935,16346.999999999707,3365.0239666633333,7791.333333333663,2833.925366666607,6842.250000003259,5423.598442857145,10930.230599663242,5609.161787777568,9206.999999999998,16037.101555555979,15602.410366677244,9683.591314246703,8239.49343333317,8750.999999581401
IN,2296.189757142864,8220.464214285505,15970.569344444453,5561.830128571419,10202.916666664873,1424.0,6364.172466666664,8360.656377775325,2895.875366666569,15764.15878333177,14296.832959998708,7766.214471425364,11159.678266666717,8009.249999841915,6546.750000000177,8768.176628585476,16330.55435714283,8182.237499998545,3786.6666666666247,15540.08220000187,15866.833333332246,14710.977114286785,5715.3375,5783.816666666669,4631.437857020941,5952.653645084728,7133.499999999907,16185.22324285615,4400.971955,7266.522773333529,4836.941785035861,5218.760707170896,11697.025933332003,6577.724999999997,6710.0,8633.57288572094,4828.16666666635,15286.158242859305,5564.833333333622,7158.600000000002,0.0,3128.4285714285716,2546.063971428788,7753.49622857106,5920.055555555556,4113.8507333334,5833.606960012659,5403.0,3431.4722357166493,4684.142857142857,2819.833333333328,2745.6792499989338,3987.8477999474785,7981.116778576118,5688.445642857117,3011.8223400353154,8970.269711111661,14304.051050000015,3870.142400000029,7404.182813340089,8187.94648332291,7567.7636633379425,6365.0,5974.590657142822,813.3,11915.899999999923,1951.244779990634,15938.609866666558,16494.338144466656,7646.302849400503,4760.936028556817,680.5945499996769,5270.529349999997,8127.153266667892,2292.777777777778,5282.332428569845,5273.511599999996,4338.375,5973.287299993489,3118.793171428553,9844.166666668336,5584.115430000195,4150.0,9338.536333334447,2919.333333333351,6126.583333331829,11928.671700001669,4289.124999999516,5936.059149999682,4566.000000000357,5805.219999994386,11987.500000000113,15908.91496666211,2049.6972142865966,3002.9333333333516,11340.642157128372,12569.907329300646,8033.476800000012,7482.547710003938,7614.583333333336
IQ,1388.9499999999996,5854.255042857272,12242.833333333601,2861.433333333174,12993.520586592507,4388.616810255461,3769.74004278176,5038.450850004992,1000.2336743128045,12694.695375007648,11193.447614280181,6667.773622218052,9250.119999998848,5090.000000009992,3407.499999999693,5610.939800035091,13661.985557573742,4487.089793298263,5899.8333333362825,12284.940157143328,12725.999999999569,11095.480044444459,3201.0093358778663,3278.17268571432,2394.414710002362,3598.497842903756,3835.1249999997303,12981.399999987576,1286.2499999999616,4294.896366666645,2518.5763999902424,3453.0,15162.077511804448,3858.9,4086.8621142857187,5390.925000002522,1930.8833333333275,12421.449999999948,2778.9924499997655,4281.244824999515,3128.4285714285716,0.0,689.5555555555555,5341.3432142865295,2938.5,802.0,8348.183872499998,3659.3333333336673,6423.125000000833,7020.837771876873,560.18,6126.739716665544,829.5057999999901,4597.124999550685,6012.916666664227,5422.203036674247,5634.200000022768,12402.68884444488,6644.2999999977565,6643.92374230149,6746.700000000992,4673.014612494916,3825.4208800381007,3955.312500001172,3975.8277357142883,15667.400000026239,1660.805649995805,12203.174000341356,13410.441514283637,11538.474442831184,7764.021183339022,2916.822500000399,2871.5426228573538,4817.456666666556,1122.508700000012,2010.3938500001204,2354.9579249988988,2545.120650000005,4283.874999999663,950.25,12996.86079986041,3423.1621799999157,7382.26959999937,6310.701900332138,6218.792985715652,2959.164279955075,16376.124999643196,1260.3822499999835,4382.250000008251,1934.66202666661,3916.0649500042864,9974.628055748512,12533.017597777824,1903.2836174994686,6323.827100015751,14539.049761114655,15756.749999996042,6855.532066662407,5329.666666669249,5813.996459736076
IR,1280.4705000086867,6181.6666666670835,13765.275771428569,3163.444393333341,12887.097177777006,4272.257190032973,4074.4285714262282,6013.333333326308,1038.404875000638,13886.250000401014,12222.274456839104,6913.333333332913,9572.162085713946,5751.652077776302,3884.129999999899,6469.012285711733,14352.869429108454,5384.1913999959115,5615.8,13076.23918573853,13279.000000262806,11827.4999999982,3380.8940333407304,3510.0,2834.666666674208,3665.0169999997615,4315.482455554944,14132.729599996386,2007.1199739787944,4841.720757145234,3151.6993714296627,3211.3156259176735,14415.157300000184,4210.2,4403.1,6126.11781385123,2463.8999999999114,12846.052057141265,3013.5592777694546,5294.4289777778195,2546.063971428788,689.5555555555555,0.0,5570.930074999643,3414.625,1290.926085719162,7716.500328571333,4250.17071428948,6169.724999998732,6544.195666666757,754.560612500744,5740.999999985408,1461.3888888872332,4877.831799995619,5947.486071429868,4919.500000000613,6273.9750000011045,12438.059620037046,6308.279579999942,6380.61964264426,7015.937500018516,4862.773366671333,3471.5000000000014,4048.5269999883913,3497.4367997716145,16121.459300032944,1503.8162085641193,12469.92963333461,14419.676485714279,11085.250000006108,7126.497027811583,1925.6092299748818,3449.3708033331577,4902.222750001152,1152.35,2133.2499999991755,2795.2206166667593,2464.0,4632.182949978222,1279.1570000000324,12872.138383342803,3567.5,5645.333333331415,6840.555366635977,5461.092033333379,3600.380538870747,15316.869200015268,1230.626920004985,4638.667674999484,2440.2586999997984,4263.509428998361,9910.875000213855,12673.078466670937,1714.6011819999862,5519.891250000049,14515.333333319777,14879.433071417752,7402.196177779645,5637.999999210104,6175.172028571306
IS,6339.5071107656495,8506.158566665106,11808.226966667016,2921.2838333332766,16959.75,8578.54244285344,2131.6666666666665,6071.749999663736,6566.835166667272,9850.617857130896,9049.333333320412,10036.666666685245,3852.6856200673346,8350.489257149857,2617.114125000013,6709.864555561702,12074.100100004587,7265.441377784631,7881.069600000176,7948.125000003297,8277.630243187199,7319.256028562032,2635.0211143003335,2396.300628571442,7635.266501419906,2144.5714285714284,3822.249999997544,9182.807714286313,5283.746271428568,2895.3333333333335,7447.969514285411,2425.2447800095115,16598.333333329516,2233.8888888888887,1893.099999999995,6258.8931004544675,4109.816666666621,7849.465342846558,3082.4889033333443,1498.0,7753.49622857106,5341.3432142865295,5570.930074999643,0.0,3305.750000000507,5285.285714283371,8604.226919974828,8699.742400010311,10130.222424998265,8572.737433333323,6170.666666667867,9746.983207137942,5199.599111114862,3596.1880777756514,10197.666666671039,6899.626475003035,4936.583333330311,7434.000000000001,10570.82712857143,10421.102428354956,10435.952071428588,6706.613171436152,2016.1359888962531,1756.1666666666667,8380.736892857072,16976.166666664394,7369.937500006225,7489.98905555505,10173.00910026253,14086.349999998221,10385.500000001108,6851.698879995542,2791.2537285714284,2942.714285714286,6727.312500000063,3811.2422857148053,3406.842997143675,3313.0,8605.814066675126,6253.4067142851345,14516.959199238696,2111.321733333333,10977.196866667795,5312.862766657502,10263.83333333372,3962.2352000004717,15467.375000040785,4206.732671601148,8934.87499999943,3503.7443666676036,8011.3750000027985,4493.833333333332,11409.99223332794,5789.787499990264,9019.845750000293,15892.29488889845,14112.250001295175,10810.238319999999,9507.166666664447,9869.74163334012
IT,4318.166666666668,5812.768550001175,11149.333333333334,765.22,16314.4,7267.821922529603,1173.473,3470.0235428618034,4017.8833333354273,10119.415628571323,9156.337100002685,7376.374999998827,6723.711250000041,5414.555220000007,684.85,4359.789100000028,11883.666666666666,4133.279983331229,8129.9,9348.499999999947,9692.833333333332,8692.482600000001,921.8666666666667,1183.3883333333333,4520.016599997124,1534.5874999999971,962.5125,10104.499999999574,2131.900000000011,1361.9444444444443,4473.500000000102,2202.0,16890.086999999698,1105.4888888888888,1434.888888888889,4179.430727777371,1051.0,9885.554244443201,809.9444444444445,1885.6888888888889,5920.055555555556,2938.5,3414.625,3305.750000000507,0.0,2389.509666666659,9474.797274999974,5406.694400038956,9089.197900267709,8966.0,3398.1333333333196,8670.790864285815,2196.8,1699.8025744478598,7532.999999997552,6827.794542861193,3422.7500000043797,10245.0,9600.886595714264,7789.540875003486,7278.130757142839,3728.49999999999,1297.1,2002.9942,6247.383333333185,18512.517400017754,4450.353849804676,9417.751899999763,10792.888888888889,14171.000000104556,10407.352473333352,5281.500000000026,1316.366,1862.0,4009.7947856298542,1137.9055555555556,723.4666666666667,2375.0,5404.399999997605,3675.4285714285716,15535.681170883165,1974.7033333333695,10262.347000000065,4150.983573332654,8814.238200004875,599.1608666667069,17198.999999997894,1598.25,5435.499999999503,1668.982600000016,4894.73593333696,7215.888888888889,11113.7130666667,4498.774999999988,8724.212683333335,16287.038999999577,16360.92524319924,7730.125000002139,6214.670388383437,6938.99999999936
JO,2024.731320018289,5401.20335713791,12203.499999998749,2445.5765749989127,13243.499999989257,5098.125000346924,3381.3241777776298,4447.933244440955,1589.7500000000005,12067.570072224153,10683.177433332692,6357.50230034697,8862.432999683082,4658.2188428390855,3093.681642858858,5087.666666657841,13366.153677783215,4284.4999999999645,7051.26582857143,11841.871474994688,12404.955133332842,10810.641685621817,2628.11666666643,2940.844714285725,2116.6419333336407,3235.2592142843014,3113.017399999631,12443.289416666865,483.4999999994492,3659.2587000000026,2520.0589999999243,3414.277522222251,16158.333333332574,3371.3233750000068,3649.2587000000367,4884.291199998758,1284.8750000221921,12469.152477776895,2262.4257571421117,4082.4999999999013,4113.8507333334,802.0,1290.926085719162,5285.285714283371,2389.509666666659,0.0,9104.305866665412,3593.2861666666554,7298.887499996831,8095.89773333466,1281.3971333331674,7054.50412857234,238.0,3722.5670111042377,5796.000000002589,5870.835229997395,4971.607644441123,12446.977957142855,7523.7000000021835,6239.035400001165,6498.72452254182,4018.2919666651355,3415.19658570697,3799.6585666678734,4713.2499999995225,16261.685300000938,2393.2437857143086,11839.45858572069,12761.66666666936,12974.002529995734,8530.999999999078,3568.2002142857705,2637.0069600127163,4055.1666666666997,1688.142857142857,1631.448128548613,1938.731833332695,2637.8401999995044,3613.878200000946,1264.5749750006387,14320.275766665292,3431.833333333472,7430.166128627893,6015.466180004648,6839.630444468991,2424.3905666666788,16565.79692142364,1011.2222222222222,4082.0229542989373,2281.121800000927,3540.5977428619976,9544.55322222002,11954.972199997557,2994.5796666675956,7143.6779857142665,15913.738771440352,16597.6882571427,6875.933466676739,4854.196042853645,5436.788899993645
JP,8123.925366666707,13880.658571426164,18374.75,9122.111950000004,7970.985085714276,4887.609433333171,9438.0,13143.411775008639,8263.583307777779,17038.714888889026,17370.62499999786,12936.42700002631,10313.327533333331,13558.034800000398,9586.125457142858,13814.783483332201,17240.0,12681.318400000351,2099.625,14312.75,13213.64346666656,12443.48260000005,8928.294090000514,8917.8,10068.500000000295,8627.83092499973,10397.616171491105,14443.858066666677,9560.118475000001,10765.111111111111,10146.590019998492,7826.982855555544,7481.535128571948,9714.5,9556.428571426228,13819.491950001215,9501.301707142857,12380.928649999889,9047.916666666686,9560.833333333334,5833.606960012659,8348.183872499998,7716.500328571333,8604.226919974828,9474.797274999974,9104.305866665412,0.0,11289.021749999965,4452.564019998453,1156.3333333333333,8293.560516666672,3769.3100500000846,8983.74999999996,11572.155066666659,11456.083333332617,3012.216771433448,13321.403600011034,11311.0,5337.129350000002,13296.33364285347,13553.85729999971,13236.510500793122,9293.166666666666,8385.892755555553,5163.649266666667,9043.5,7950.847255594956,13507.602866666602,15485.0,4789.700700000003,2997.3333333333335,5834.499999999982,8584.333333333352,11149.26864285714,8254.592033333332,8872.262499999997,9189.325,7482.638049986075,11518.374999999332,8689.413919999997,5126.822355535338,8170.111111111111,5311.888888888889,14020.892128572455,4603.0,10434.678266666615,7784.6442333334435,8756.467685714075,11432.239471428447,8191.001211111101,11400.43750000067,10916.125,18575.11111111111,6019.842228600717,3724.0,6431.554900001445,7591.666666666644,13526.100000000053,12390.333333332499,12441.854499402627
KE,3544.6666666672504,3136.5,10144.05028566645,5606.125000000006,12154.142857142857,6703.426875004488,6536.4540857141565,4747.931899999095,3528.775000000291,10739.791488874263,8701.121079995652,2911.4,11778.62500000113,2414.0,6045.986409999867,4837.50747777773,12624.046050031273,3199.3371000015895,9583.246600045268,11758.416666671019,12435.770633337062,12164.439828269191,6097.631866666736,6330.499999999978,1460.5714285714287,6893.4650000008205,5382.899999999427,12810.439855467854,3518.4236000000096,5801.528999999948,1162.1973444444234,7387.41735000012,16447.72389999996,6480.333333333315,6824.75,4402.699999998525,4421.041240252881,13347.779379627636,5645.869429101223,7387.311885717948,5403.0,3659.3333333336673,4250.17071428948,8699.742400010311,5406.694400038956,3593.2861666666554,11289.021749999965,0.0,8733.545640281141,10096.42605714283,3604.666666666253,8507.312499577869,4061.6666666631163,6538.333333333164,2214.8333333333444,9530.203199999802,6206.10230000462,14334.483520000018,8336.613943902705,2757.0525285663693,3431.0006571422423,3496.0248571776,6677.061814285798,7123.242285716287,6492.265554300135,14369.602571434154,3636.6674333330257,12310.624999571466,12872.723571428683,13430.375000026825,9224.729057141514,5235.406600000248,6247.229142857745,6108.624999999952,3350.250000000023,5264.368277775546,5625.426400213069,6393.19999999999,748.75,2857.448060442809,14721.833333301396,6984.825233332819,7400.189866666714,5713.049466652538,7240.152200017746,5405.042114312077,16365.440722222222,4789.833333333093,674.5671555554585,5809.2500000630025,503.0,12133.178971428462,10062.833333325972,5750.896728976642,8523.216666669394,15887.644785743487,16511.22083333101,2915.0049714285715,1823.8333333333676,1946.991300009276
KH,5856.404466666921,10688.133057146266,16756.657799998095,8550.249999999995,6899.516350001411,2112.4834932969334,9695.298285714325,11639.898885715653,6356.124999999735,18588.499999998403,17268.333333332557,9942.430733324381,13684.916985713555,10772.500000008211,9310.25522871375,11861.999999583855,16968.423785217445,10547.55432111111,3282.7164428570436,17856.675357142307,16877.916666668825,16083.82552857337,8844.510302221524,8842.530500145014,7585.233861113237,8986.550807228805,10176.166666669327,19233.445866710066,8179.633449996055,10409.599999999247,7801.066666666491,8318.993597499855,8544.66666666715,9917.647325000213,9917.143466666672,11952.716666670236,7998.616685714637,16395.19715714735,8431.978942856706,9998.417433333301,3431.4722357166493,6423.125000000833,6169.724999998732,10130.222424998265,9089.197900267709,7298.887499996831,4452.564019998453,8733.545640281141,0.0,3594.005800000012,6149.648814443692,755.4500000000008,7216.112166665343,11043.095157138845,7838.301749999828,3892.240128573849,12109.010727778888,15240.51795714347,997.8077571428514,9048.41666667876,10376.36817859422,10806.956385703152,9600.505177781513,8980.881107144696,2510.9451285707073,9488.43749999617,5290.762922211576,16940.749999999887,19756.36930000014,5021.489333344011,1779.888888888889,3713.80373334116,8342.741350003676,10678.27772711399,6695.125000013252,8240.09717500006,8591.249796000084,7413.4236,9044.079738886128,6415.01510000876,5893.333333337146,8777.283371422689,1141.6453428522566,13237.923166645205,503.04,9542.900919895823,9052.798212503048,7519.301471427225,8412.298907142573,8128.731564166324,8620.600000007962,14504.95412858595,19563.489933332432,4821.043428433283,1043.1129333370789,7434.231499989255,9071.999999999996,9656.558333310533,9213.416666661897,9082.41037143706
KR,6864.749999999996,12474.46611111226,19430.0,8272.926085714285,8337.147828571431,3739.8333333332607,8677.25,11830.057520259703,7188.3998666643165,18232.500000062686,18225.200000000557,12191.356822235739,10470.086999999994,12413.12499991892,8746.669266666651,13024.875000001744,18431.108714285616,11945.86703333358,953.0,14871.260857142857,14423.573080074537,12538.265266666724,8265.030907148934,8129.904042857142,9456.333333329654,7971.758371428293,9996.435477777834,15076.677116666708,8473.95394000018,9974.28422499999,9194.348288888976,7043.800000002395,8152.131866666643,8965.8,8858.0,12403.66717777801,8495.333333333274,13474.554357142886,8151.5069600000315,8958.715775020592,4684.142857142857,7020.837771876873,6544.195666666757,8572.737433333323,8966.0,8095.89773333466,1156.3333333333333,10096.42605714283,3594.005800000012,0.0,7457.55876666781,3129.6574428868125,8146.222071428342,10448.933419999865,11172.103800001625,1983.4163249999963,12346.455274986485,12093.0,4611.580433333335,12317.236285372766,12657.103900954704,11797.386270723357,8552.038333333334,8179.764233322526,3964.6666666666692,9643.940999999757,6278.1666666646215,13897.072050033652,16299.172466666638,5229.58700000095,2626.678266666707,4783.333333333324,7726.166666666667,9689.866919999491,7084.263733333155,8220.5,8263.36194625,6601.05,10144.423833332414,7497.166666666705,5889.245975004524,7414.833333333334,4669.268111111107,12577.424650000166,3720.0,9567.666666666957,8430.51776699643,7390.500000000005,10087.608666666232,7248.674720073742,10419.905699001178,11159.744114285748,19604.436711111113,4852.0,2742.6666666666665,7182.875000082634,8131.914642855972,12440.875000018577,12102.84800000127,12079.269771997106
KW,852.6250000021392,5862.729013769966,12755.815644444785,3442.810066664965,12540.08333330136,4262.825000000053,4359.933333333931,5064.687499435957,420.50435,13392.499999996238,11602.539071434028,6360.520680387007,9906.135377778117,5004.596649824912,4124.162499999939,5929.820721430866,13857.151772040163,4848.43618750037,6230.902825001393,12805.666666663948,13472.432249998625,11968.5086003464,3715.7249999948117,3910.8738857141575,2133.8333333361143,4378.223572276504,4069.431449912364,13916.832516664186,1207.4059749999913,4797.7612600302255,2820.5013142865564,4129.19059967105,14435.062766683517,4405.128571428571,4639.081042893604,5355.178971179185,2410.9999999999795,13090.124999997692,3329.865257142834,5310.062500167762,2819.833333333328,560.18,754.560612500744,6170.666666667867,3398.1333333333196,1281.3971333331674,8293.560516666672,3604.666666666253,6149.648814443692,7457.55876666781,0.0,6135.083333333746,1239.5736785697577,5360.74999965301,5714.500000020349,5339.777299999014,6368.6755639967905,13725.508550029477,6417.677499999984,6583.2999999963495,6812.779933323426,4899.99999999796,4381.834800000142,4610.875000000435,4003.2499999991596,15019.999999994114,1207.2084699999991,12887.096444435301,14200.87500000001,11040.512499996072,7560.727947500716,2782.054685713982,3659.881728567184,5414.512500001942,569.8444444444444,3074.451527776908,3376.312250001072,3668.6581333277763,4229.374756797116,554.9211142711431,13048.000000022068,4366.743557143399,7341.096562501905,7399.562499999653,5667.702150000087,3936.5720856140792,14902.077220005798,2041.2146514090657,4153.018699997144,3216.568433328819,3927.33204999953,10507.583333333609,12581.57250333213,2573.6242360942147,6388.233333343172,14126.83333333315,15511.446771432495,6653.290433336705,5410.029050021523,5817.652000008039
LA,5878.687500003296,10412.200000008464,18865.333333333332,8347.083333333432,6788.115657142902,1594.366766649269,9031.890566666405,11570.862000011455,5952.183333333646,18600.28242927535,17860.14883333579,9953.226450003738,13179.803680004145,10569.566666679759,8991.00000000197,11825.833333319208,18763.639400550346,10489.801985714255,2776.595700002722,18546.34783333683,16532.094828571066,15975.333333333321,8425.288850000748,8567.566666666706,7337.249999990205,8471.564535993235,9973.87726428695,19761.482599999978,7532.45053333012,10153.233950174681,7766.083333338529,7816.8999233334125,8637.100825555168,9222.800000000034,9236.272816666688,11811.473221665654,7796.3992300012615,15615.249999994108,8227.506666667236,9381.083333333612,2745.6792499989338,6126.739716665544,5740.999999985408,9746.983207137942,8670.790864285815,7054.50412857234,3769.3100500000846,8507.312499577869,755.4500000000008,3129.6574428868125,6135.083333333746,0.0,6896.90058333308,10268.974485713003,8401.229999999945,3171.9822428584152,11775.196033330283,14566.969602503306,1896.5374542857126,9257.01308749666,10414.416666666615,10900.450142853006,8941.382687499841,8453.231233332086,1976.4514500137198,9480.768214276803,5019.549999988124,16972.375000020507,19180.99999999431,5092.750000008241,2067.458400000851,3223.215271425806,8096.074999999914,9815.859524624117,5791.981099216312,8072.6558099979975,8173.7166666666435,7025.1633999995765,9144.13770034128,6142.256449766382,6429.623000009482,8326.762921428744,1855.5714285714287,12595.4237231959,516.1897571356053,8987.893005557167,9121.922025007127,7055.382563854426,8261.500000000062,7847.646200001272,8671.333333333852,13973.666666666712,19049.326433329705,3917.738088890196,479.0,7863.999999999755,9158.333333334642,9839.782849121677,9300.358499600597,9300.980274997193
LB,2136.39658571429,5734.934233335979,11676.625000000002,2265.556550040834,14127.43590000011,5233.47792499607,3143.8391333333566,4430.412157015439,1577.6666666666667,11716.439078564972,10445.061628569934,6437.065333332483,8665.584400106505,4905.863099999537,2854.673454286412,5050.247499538619,13141.249999999412,4327.649999996252,7105.173425000295,11462.197966667407,11840.000000000047,10069.500000002032,2626.2202888888887,2847.4322000180596,2358.333333333281,3115.7832285763047,2971.4408249993235,11885.250000566864,567.9,3529.3999999999405,2876.069088888913,3216.7735975011133,16559.19885713784,3191.95,3466.773285714274,4824.166666666313,1128.1666666666968,12052.124999999649,2033.1451456876,3992.16666666671,3987.8477999474785,829.5057999999901,1461.3888888872332,5199.599111114862,2196.8,238.0,8983.74999999996,4061.6666666631163,7216.112166665343,8146.222071428342,1239.5736785697577,6896.90058333308,0.0,3731.0000000033447,6123.023034275099,6049.37500000053,5153.110157142266,12448.067411109529,7549.466030000061,6760.827524989947,6859.296566666469,4021.269628321909,3234.700000000632,3633.1016401166653,4719.666666666534,16908.043571168244,2399.402976666641,11221.205399998025,12702.723466658743,12722.000000000196,8237.992120196977,3392.3539999981413,2448.5363285713443,3991.6461750440963,1804.0,1615.996435714363,1770.666503334107,2439.8,4231.726633325668,1434.8333333333333,14243.532786411666,3125.7927666666455,7632.216610001852,5651.987057142885,7213.433685711821,2313.629925000197,17219.701899001997,765.5655500008357,4536.700000003131,1986.2689999683591,3782.9554000069766,9329.209642796335,11386.839875000001,2975.6015252249213,7204.833333332943,16053.317900000795,16617.861780005598,6937.6249997834375,5289.26296666735,5962.383333328604
MA,5663.0170714024425,5719.497699994622,9444.371800000023,2495.620266666526,17929.381620002197,9495.25000044179,1881.6257550001362,2401.5995333331475,5298.578371421996,8856.293929993468,7173.499999998033,7456.867928571082,5693.511771545631,4843.500000000078,1815.174832860198,3153.5031428919474,9775.083166667147,3836.7061527488563,10306.00000000001,7738.41497160889,8162.999999999461,7170.999999998216,2495.43408571544,2623.0653785715563,5392.810057143002,2855.5230100010704,914.3333333333334,8743.992778785912,3433.8449333333333,571.8507333333746,5521.112185424115,3854.150000007205,17786.711000008534,1814.0,2080.0,3172.8016142857923,2508.5657999895625,8397.000000000739,2647.5444333403543,2064.9999999944434,7981.116778576118,4597.124999550685,4877.831799995619,3596.1880777756514,1699.8025744478598,3722.5670111042377,11572.155066666659,6538.333333333164,11043.095157138845,10448.933419999865,5360.74999965301,10268.974485713003,3731.0000000033447,0.0,8159.3357197531905,8504.921916666452,1613.1378857055906,9064.191288889013,11516.982085712674,7847.378671432443,6907.441036712746,3131.0000000000064,2294.6666666664414,3395.4366550000314,8924.760342483376,19565.40051929931,6035.611400004142,7449.999999998411,9256.874999996477,17730.978713039065,12184.50000000115,7548.305786037643,3146.0053671421106,543.05,5694.606228571542,3102.249999935113,2678.403668567778,4420.040933350529,5385.527100001855,5375.457100774541,17351.126485698536,3580.0618143221886,11592.41666666547,2297.3294666617567,10657.539071419535,1639.1666666666883,19902.340871604327,3434.6524714284296,6170.508921428573,3774.124999998527,5320.227999998801,6171.503479999995,9468.874999731703,6321.899999999875,10448.180000001854,18496.557311884335,17208.47033332565,7642.938842856973,6519.273142850469,7316.468814278951
MG,5045.681871457656,3488.1443201008524,9566.083333333348,8147.7359000020315,9854.73924287968,6943.600000460116,8793.083333333881,6229.875000012739,5479.687499988888,10420.277136476,9167.738566668246,2590.5108333339826,13951.000000004537,3850.8450428571828,8393.660914413731,6032.415490011485,11249.320348343452,4772.230842585122,9817.583333332337,12749.97734399624,15022.576442863909,13964.000000001013,8198.166666671199,8510.433592855617,3294.0000000002465,8816.75,7686.062500426131,14041.833333310075,5698.51083333297,8348.666666673462,3232.810900000686,9004.087816667441,14229.715314289191,8564.837257142779,8957.624999999674,6057.613271419895,6729.6545428571535,14866.875000011176,7876.600000001126,9534.500000000098,5688.445642857117,6012.916666664227,5947.486071429868,10197.666666671039,7532.999999997552,5796.000000002589,11456.083333332617,2214.8333333333444,7838.301749999828,11172.103800001625,5714.500000020349,8401.229999999945,6123.023034275099,8159.3357197531905,0.0,10685.658367105176,7418.4212933263925,16612.333333333354,7210.542275007895,1418.3016249999846,3201.0833333305022,5129.301916650099,8790.916666663572,9356.550999993404,7285.861699996504,11479.583333333248,4888.150000145904,13952.112557156684,13658.374999999816,11460.601727889107,9040.890814290071,6484.802850012575,8466.946266666057,8677.312500000542,5155.333333331568,7760.500000000118,7879.708144550176,8466.562266666915,2348.726974992952,4894.330457205316,13105.287642872214,9234.361499999308,7400.42691997506,8105.486624989477,7431.749999998853,7495.557285718407,15540.10024854318,6771.624999998376,1632.7828999992792,8074.837071426117,2731.243860106596,14433.360285713747,9460.918633340098,7661.811464284963,8451.474999309183,13804.959414519644,15366.986000031653,2136.37499999999,1828.416666667608,1718.1666666666276
MN,5422.383449999174,11312.749999503994,19621.66566001596,6023.57094333103,9465.916666669631,3064.037500001744,6975.814079799725,10802.940261104051,5503.2375000019065,16966.216666670316,16329.062500000564,11868.083435516479,9594.833333334522,10607.39725933311,6780.837500197593,11574.037500451164,19166.823700454854,10851.485933333352,1165.8333333333333,14977.14121667517,14391.000000000497,12527.60670000289,6482.839793333239,6080.276255759977,7653.252533315259,6093.659214444431,8225.915099756798,15939.171842860238,6690.673181653144,7302.295250000182,8367.250000008298,5147.350104447628,10143.42970001927,7012.438333333315,7023.424725719152,11534.19854000444,6335.5725066603245,13369.548516173949,6176.494749603283,7327.700164282768,3011.8223400353154,5422.203036674247,4919.500000000613,6899.626475003035,6827.794542861193,5870.835229997395,3012.216771433448,9530.203199999802,3892.240128573849,1983.4163249999963,5339.777299999014,3171.9822428584152,6049.37500000053,8504.921916666452,10685.658367105176,0.0,9821.400000015785,12395.03283333791,4780.500000000074,11430.997699506408,11985.550000000043,10077.660366645076,6634.4247866666265,5845.442888001376,2817.800000020789,11283.68750025267,5198.310650008178,13438.63181667487,16255.488414289797,6616.106110004477,3629.481141936684,3195.070000000771,5433.063642857195,8125.0499999983585,5411.982457148271,5889.250000000246,6398.4873567912155,4643.3,9666.502513334208,6008.328432225589,7878.082142843386,5908.503564313767,4795.737466683443,11086.231299976784,3422.890950000001,7727.733302227639,9746.375222525878,5254.124999994035,9410.762782853824,5210.220000007835,9147.82999998295,9944.24425714513,19306.306166666425,3008.9489660097165,3001.2499999987363,9045.554901115882,10280.083333325461,11844.750000000437,10465.125000002918,10863.630799999895
MR,6831.491699999998,4171.333333333489,7688.527151101641,4240.562500004934,17290.87215713039,10497.999999989768,3801.942557172389,1612.3428571428572,6428.249999997574,7707.937183340126,5137.595499999916,6347.009185318606,6142.249999999762,4069.8125000228524,3811.123957142856,1620.0099139754207,9137.439945713826,3312.644778591631,11501.666666663581,7006.771415136623,7693.678883333205,6971.980957144958,4176.437500010939,4338.05000000397,6266.499999977571,4531.415307140888,2112.3500000012646,7777.358016659415,4863.516633333479,2753.2268000000468,6279.936599706817,5400.745614284575,19144.083333342012,3796.05,3890.5514333320357,2193.6997250098943,3858.7999428545772,8086.533333333385,4186.251175715012,3849.389066666687,8970.269711111661,5634.200000022768,6273.9750000011045,4936.583333330311,3422.7500000043797,4971.607644441123,13321.403600011034,6206.10230000462,12109.010727778888,12346.455274986485,6368.6755639967905,11775.196033330283,5153.110157142266,1613.1378857055906,7418.4212933263925,9821.400000015785,0.0,8793.968922219567,12767.5,7035.799999988753,5850.513742849142,2562.8093996827956,4272.7596857141225,5211.012942862961,9744.58013750081,18806.62500000717,7517.50000000211,7132.25000000018,7963.875000511701,18726.123671424022,14313.703314281804,8014.057666676868,4883.502578567937,2375.260544427701,6776.999999998736,4765.6513666649935,4561.57011429406,6342.755527780101,5238.049133329476,6501.299555555395,19140.625000003718,5270.299785713554,12781.929842875612,408.66666666666,11492.222771428529,3141.0938000312294,19720.898711109217,5151.007224661484,5925.340585981507,5553.70200000356,5381.595866672059,6178.16783333227,7149.1449707314305,8262.273111117407,11957.500000014023,19103.90821476345,18588.640333327738,6839.3666666371155,5956.697400002347,6273.249999094869
MX,14317.779120000003,12238.375000000307,7378.017071428559,10143.166666666766,13910.82479999963,15787.828628348541,9240.155285714281,10375.58930000898,14166.086453333326,5531.274928573636,6842.43116666667,14320.666666667783,3606.287500000084,12565.630874061088,9580.000000000278,9602.37500000228,6294.374999997861,11522.229574989526,12440.118844444447,3160.5714285714284,1920.4285714309144,1779.2068285714286,9933.614977782687,9724.62499999786,13933.499999996455,9543.821150000089,9484.267455555912,3127.206828576305,12481.22447499988,9063.835266666667,13667.198571439525,9530.73626666661,9467.624999741602,9199.571428573772,8929.0,10228.750000322038,10811.81887152265,1054.3251571428625,10205.112842959568,8674.76000000726,14304.051050000015,12402.68884444488,12438.059620037046,7434.000000000001,10245.0,12446.977957142855,11311.0,14334.483520000018,15240.51795714347,12093.0,13725.508550029477,14566.969602503306,12448.067411109529,9064.191288889013,16612.333333333354,12395.03283333791,8793.968922219567,0.0,16590.396585714283,15870.76609918113,13821.355099957118,10188.500000007425,9220.695666666728,9212.051080001973,15042.066666667064,11125.333333332263,14332.840821429423,2413.4285714285716,4243.645342857145,13785.906509228224,14223.5,14387.44367142994,10181.6625,8470.089039972372,13913.577150000036,10734.769533333118,10232.249085665615,10733.793171423695,13735.813377778657,13885.806039968673,11968.333333335684,9566.460557142858,16590.5,9037.108666666962,15485.901640119046,10084.502721432584,9385.4980333371,11733.30000000678,15019.292674998904,10814.857142857143,14029.443866670468,2966.2807911115387,7371.200000010844,14041.676299994613,14412.222366666632,11756.055157141525,9488.868399699539,14367.436357142822,14393.209950000037,14851.69293333494
MY,5587.714285714285,10104.49939999998,15903.74842851945,9682.346683334992,6195.202475012984,2630.25000000464,10218.39730000482,11853.489257136958,6255.833333333137,18390.6850000018,16574.61484000054,8775.252314286154,14792.540599999982,10188.883333346108,9946.166666669142,11953.250000003905,16423.415999996134,10790.762543602614,4349.571428573771,19770.96369995367,18724.500000000582,17044.132200001997,9579.706192285274,9596.837819999999,7039.913433328345,9350.649612887453,10687.26543333249,19735.33333333286,7917.09706666664,11062.808085745599,8143.011966999291,8715.841566663843,8543.500000001099,10408.1628,10562.823899991117,11932.888239107084,8645.648814284537,17029.533628572863,9079.862500003856,10937.269533333274,3870.142400000029,6644.2999999977565,6308.279579999942,10570.82712857143,9600.886595714264,7523.7000000021835,5337.129350000002,8336.613943902705,997.8077571428514,4611.580433333335,6417.677499999984,1896.5374542857126,7549.466030000061,11516.982085712674,7210.542275007895,4780.500000000074,12767.5,16590.396585714283,0.0,8377.28224285805,9663.53643573159,10191.78584870005,10217.0,9663.062500000204,3249.20121111112,8653.51970000001,5194.583528524933,19308.276800001917,19819.49999999939,5143.824688888351,2484.5714285714284,4463.333333332884,9409.983060000352,11468.731642858567,5904.285714285715,8301.374214285694,9256.416666672583,8217.805271428495,8317.269926667514,6364.299999999986,6448.000000000904,9362.000000001844,314.75,14023.012266687481,1184.888888888889,9995.65298537796,9189.345749999895,8011.927585714976,7942.58333333319,8510.158022222804,8332.166400233811,15657.333333333365,15988.966228873644,5321.092299997649,2042.8749999999943,7500.977485109606,9353.599999999995,8542.764699805892,8485.594333329478,8450.737471007276
MZ,5999.2902143027795,2784.8166666666666,8083.945833335926,8115.341866668121,10975.450142380236,7934.406535707443,8840.253499999522,5744.323699998196,6190.1225203228805,9319.52340002482,7690.656150004516,646.7638197787373,13155.88313334618,2778.9150642857153,8498.488292857144,5651.116666660115,9650.692909984853,4293.399899985507,11285.577474646358,11265.4124999972,12817.874999994276,12772.247442654743,8391.259524999701,8647.43000000402,4566.528055531594,9110.166666655474,7414.897644442561,11856.328014293806,6297.166666666881,8116.374300000046,3538.4212011484155,9432.102242860201,15247.703371430727,8753.158133339699,9052.963666668922,5147.033333327039,6944.913111111113,13532.999999998425,7880.933333336392,9485.33333333313,7404.182813340089,6643.92374230149,6380.61964264426,10421.102428354956,7789.540875003486,6239.035400001165,13296.33364285347,2757.0525285663693,9048.41666667876,12317.236285372766,6583.2999999963495,9257.01308749666,6760.827524989947,7847.378671432443,1418.3016249999846,11430.997699506408,7035.799999988753,15870.76609918113,8377.28224285805,0.0,1429.6666666689036,4825.253666666176,8947.866625004304,9432.859324816762,8048.524999997478,11944.229739989802,6062.407000001315,12759.500000005337,11576.392533328555,12507.416666677595,10839.28327142841,7510.250000000552,8364.096299998602,8300.915300229428,6195.755633324838,7657.557888892143,7790.000000001612,9514.893257143838,2191.980629999488,5914.911850000196,14260.916666658226,9372.166666666457,8158.778492852808,6666.231214291619,8851.507225000001,7365.740533333735,15288.473150061489,7407.877219820701,1694.8644666663201,8140.404900001323,2940.552199999519,13575.876928573922,8042.728357141078,8036.566666666165,10036.16666666595,14726.824999976407,16483.150000009417,348.7413000002505,1195.8298100185432,832.5
NA,6544.629957128398,1581.9825999999873,7898.839049884988,8043.965256667119,10798.000000002812,9571.977220710278,8376.893744421848,4814.784214285159,6871.550085715297,8477.641321424207,7137.200000000006,905.9194999681159,11812.16666665832,2086.302033373766,8070.49999999978,4360.941950002627,8145.5587642871305,3040.9448322194353,11667.394322224533,10177.673594446234,10736.06666665231,10814.960257148006,8134.558240075953,8131.402635702987,4920.450000000898,8883.028333326038,6742.550999999923,9926.43630712728,5759.24519998221,7625.000000000124,4833.09279999824,9191.176342704464,15999.161229325413,8092.300000013487,8412.696520000005,3753.966666674869,6813.769483323836,11867.572782222223,7829.7283571448725,8845.610046927159,8187.94648332291,6746.700000000992,7015.937500018516,10435.952071428588,7278.130757142839,6498.72452254182,13553.85729999971,3431.0006571422423,10376.36817859422,12657.103900954704,6812.779933323426,10414.416666666615,6859.296566666469,6907.441036712746,3201.0833333305022,11985.550000000043,5850.513742849142,13821.355099957118,9663.53643573159,1429.6666666689036,0.0,3460.2580428589104,8312.333333333332,9021.085741424213,9252.96666666181,11880.804099999526,6772.26169999519,10943.791385692815,9963.475522220939,13709.049999990862,12177.249999989555,8538.948005713473,8314.271466667358,7561.659200002328,6911.79954667092,7587.481679879323,7494.2368428593645,8924.212466668965,2907.805483333823,6483.756159997319,15751.80000004725,9038.546950000064,9751.533333324178,5614.000000000031,10211.763814284763,7110.811400794627,15978.313850008823,7325.868420007397,2917.8333333336113,7968.944657141616,2931.249999965206,12256.601588889092,7781.710333328958,8932.632350049857,10971.833333326133,15105.354257114988,16006.290474996926,1167.4015571428336,1430.310516666413,1482.8238999911237
NG,4955.186033330782,2068.52214446582,8010.08333333328,4478.925511101747,15061.862300004748,8936.895228589803,4829.478707219166,879.1864749962494,5114.828760126077,8458.937500000191,6185.669542794336,3884.1128428568445,8705.00452110922,1765.8327001069417,4231.825144993467,1145.0749999999575,9062.700000000816,527.0166666657578,10568.833333334072,8786.933333336161,9190.198733334857,8865.008139749953,4884.583333333004,4888.825664286899,3783.041742840016,5249.069032861326,2715.0,9066.913333323671,3440.79999999999,3785.4451742857436,3468.1666666667124,6144.000000003049,18903.14073333249,4460.33333333292,4791.260857107686,912.5394428571533,3499.162500003512,10168.74910027485,4694.9178375105375,5343.033157143326,7567.7636633379425,4673.014612494916,4862.773366671333,6706.613171436152,3728.49999999999,4018.2919666651355,13236.510500793122,3496.0248571776,10806.956385703152,11797.386270723357,4899.99999999796,10900.450142853006,4021.269628321909,3131.0000000000064,5129.301916650099,10077.660366645076,2562.8093996827956,10188.500000007425,10191.78584870005,4825.253666666176,3460.2580428589104,0.0,4964.090079996842,5473.457426666374,7963.8333333351065,16055.886655590939,5289.5000000128375,9067.012033331765,9061.00000000922,15470.187128577523,11850.593378571808,7116.862499999999,4954.925000000726,3805.279064310895,4890.125000000259,4613.124999765309,4453.773999996749,5706.400000003281,3155.2599999989657,4183.41666665638,17820.268085722557,5841.787919810747,10666.68764283345,3080.264199998861,9877.115777772455,2920.1666666666665,19127.812366667145,4211.550500009093,3459.3829360892164,5173.425571012364,2932.243785714292,8656.59994308108,8032.753333342032,6401.148168590958,10758.195799461399,19078.665270005105,18547.999999994943,4511.2388142857435,3499.23449989135,4126.33333333428
NL,5169.598442844984,6822.735671428385,11442.494199996116,937.047,16623.010833333334,7712.975000065015,173.05,4634.157749996867,4791.833333333224,10130.582957036711,9234.499999999962,8764.652471392037,5640.750000044121,6265.899999999867,631.0,5216.687499999809,12000.999999999234,5349.237033331929,7824.166666666667,8829.96519999983,9085.833333333274,7822.333333333338,711.666,577.663,5451.683519999667,621.8199999999999,1732.4108666666634,9559.911171452934,3281.912499997861,1480.5714285737715,5479.62048571464,1502.0,16277.170714407515,430.97,357.3,5221.522944444444,2162.902552497298,9220.291014285724,1145.34,750.1899999999999,6365.0,3825.4208800381007,3471.5000000000014,2016.1359888962531,1297.1,3415.19658570697,9293.166666666666,6677.061814285798,9600.505177781513,8552.038333333334,4381.834800000142,8941.382687499841,3234.700000000632,2294.6666666664414,8790.916666663572,6634.4247866666265,4272.7596857141225,9220.695666666728,10217.0,8947.866625004304,8312.333333333332,4964.090079996842,0.0,917.625,7204.7866049999675,18524.358314378558,5512.701257201502,8802.513533350508,10514.75,14151.789700001145,10410.67826666667,5789.709785511249,1095.0,1863.9,4902.083333333313,1783.8793264285584,1418.4816666666397,2158.2965199936734,6410.250000000038,4890.2956571427985,15212.249999995236,1125.02,10512.0,4648.428571428572,9180.42857142857,1771.6496857142704,16441.02808888821,2601.151193333813,7288.947799999625,1781.931057142865,6186.573257142851,6191.66666666663,11310.321828571314,4834.671699999288,8318.403057142903,16168.270779816003,15567.91288889342,9015.902166666576,7839.009285592333,8185.57715
NO,5225.834866667444,7746.175533333534,11833.0975574678,1385.7332888888818,15960.312071587296,7376.5833333340015,1083.25,5506.7492249891475,4923.487633333049,10400.707999793181,9558.950000003473,9355.700000000012,5627.914642726374,7180.740642697226,1432.9400000008668,6107.49999999648,12376.600000005801,6287.399999999693,6988.9299785715275,9148.978240000883,9337.63671428641,8077.187499743958,1039.711450088896,839.0,6172.2543858215495,483.1,2971.9269285699256,9867.134885715572,3668.7500000000186,2592.580433333337,6037.583333330329,784.9463777777779,15634.851514437212,1342.4227766666652,1153.0,6176.517455633872,2612.874999997861,9218.180649832128,1480.8810900062153,1273.666666666675,5974.590657142822,3955.312500001172,4048.5269999883913,1756.1666666666667,2002.9942,3799.6585666678734,8385.892755555553,7123.242285716287,8980.881107144696,8179.764233322526,4610.875000000435,8453.231233332086,3633.1016401166653,3395.4366550000314,9356.550999993404,5845.442888001376,5211.012942862961,9212.051080001973,9663.062500000204,9432.859324816762,9021.085741424213,5473.457426666374,917.625,0.0,6533.22986666891,17415.05571428587,5467.083333333953,8949.019042856973,10877.187500196493,12895.989643324625,9624.375633330794,5268.499999996527,1060.1096999983213,2804.7499998531257,4964.741299999959,2157.0920466588236,1633.1552571410161,1644.0625,7039.384199995809,4814.562499999999,14157.518925016146,416.1,9674.930800000013,5442.833333329095,8629.878774999883,2940.5243599764117,15683.945128844856,2917.3333333327614,7563.590524996548,1632.5553699999584,6866.666666660961,6070.251992856791,11628.180233332232,4412.492335716694,8368.583333333296,15119.135373337254,14420.392457143187,9624.395928571397,8453.456428573534,8620.750000000475
NP,3290.4862570703986,8626.312500014423,17073.83956666771,6228.201959999859,9694.611950018303,663.024877777783,7221.07034999994,8920.49999999985,3933.655679897849,16905.334540387525,14974.982711109204,8765.762500000312,11590.416666666464,8467.062500000315,6927.6100000001115,9982.87793336376,18945.964020004816,8705.856566668472,3120.374999999821,16566.433577770138,15908.230688888938,14530.331124999693,6282.720025964207,6297.1000259998345,5166.250000000835,6341.78796666106,8064.483333346638,16483.608528973367,5247.697542858869,8169.267112855334,5719.097466673183,5702.113955555379,11846.63057143438,7238.366666666664,7307.0875749994175,9183.108099977992,5762.350000004253,15587.81137142501,6100.087499995729,7648.96347500015,813.3,3975.8277357142883,3497.4367997716145,8380.736892857072,6247.383333333185,4713.2499999995225,5163.649266666667,6492.265554300135,2510.9451285707073,3964.6666666666692,4003.2499999991596,1976.4514500137198,4719.666666666534,8924.760342483376,7285.861699996504,2817.800000020789,9744.58013750081,15042.066666667064,3249.20121111112,8048.524999997478,9252.96666666181,7963.8333333351065,7204.7866049999675,6533.22986666891,0.0,11978.687500001168,2864.3461333253244,16034.546250009233,18836.671181145273,6791.187499995076,3746.319533265917,1156.74942500019,6121.72893333336,7984.212500002408,3348.1158428570347,5634.344002242259,6007.900000001644,4909.243785714289,6759.000000010682,4186.062266667788,8749.117344441409,6394.250000008794,3246.166666666499,9996.358171410522,2208.0,6694.300000001391,11765.966666665126,4794.7022333347695,6292.90518571924,5371.499999999603,6274.730251048667,12226.272266663733,16668.69096665551,2229.366175267835,2283.468420010667,10507.399999967594,11697.73604445922,8271.583333333632,7831.666666662814,8008.18749958545
NZ,14236.408685675277,12893.139266663537,10318.051871428535,18165.999999999873,2327.0,11844.58333332913,18815.0,18644.022666740086,15021.50000000589,10441.56857143831,12023.011442857152,12251.124999985139,14370.208142858019,14054.000000006024,18811.336999999992,16253.333333329694,9342.634055555556,14583.884299667772,10191.283742856556,12509.746555555585,11911.566199988316,13352.110625020787,18140.830000000005,18150.666666666668,15211.82790000186,18177.666666666668,19541.50833983499,11974.7,16443.96126428681,19855.0,14167.084700001875,16632.63208888954,2592.400525000114,18974.087911111124,18816.62934999536,17340.299999939758,17762.707700000996,12013.97915000564,17808.4715288483,18819.321733333338,11915.899999999923,15667.400000026239,16121.459300032944,16976.166666664394,18512.517400017754,16261.685300000938,9043.5,14369.602571434154,9488.43749999617,9643.940999999757,15019.999999994114,9480.768214276803,16908.043571168244,19565.40051929931,11479.583333333248,11283.68750025267,18806.62500000717,11125.333333332263,8653.51970000001,11944.229739989802,11880.804099999526,16055.886655590939,18524.358314378558,17415.05571428587,11978.687500001168,0.0,14335.481285714219,12473.250000276592,10760.333333333352,4443.964433334453,8042.4999999998745,13136.747870433575,17432.728166666006,19297.181444411905,14438.135071428585,17536.57255555463,17924.35381428375,16512.75,14425.7787333132,14705.910700004299,3383.555014283988,17422.155614285828,8415.0,18702.166666673573,9609.873275000286,18452.842414286228,2819.999999988397,17236.004025002483,13631.166666642666,17227.483914037723,14331.856858264067,14437.833333333243,9831.090499998745,14249.8,9410.749066667036,2549.4058714296525,3269.0094111111653,11400.490571867143,12779.166666683728,12444.791533331345
OM,400.50000000105223,6088.420655557293,13610.779600001903,4402.763499998459,11586.48607155918,3268.477628571273,5407.114752377236,6222.413433329346,836.4405777777685,13989.429633333602,11962.33333333334,6212.439212499797,10915.920139999576,5424.000000000317,5053.698255555436,6997.500000026936,14764.743642860152,5306.4838457074375,5948.558000000087,14246.398271439706,15083.93749999007,13248.218556229238,4811.105550000078,4968.758333333035,2040.84621410945,5073.768190008004,5001.162442857011,14691.666666666672,2753.0626399992275,5674.581499999663,2191.942444285551,4945.968550000627,14191.187500000187,5245.485414285718,5912.636999996945,6276.487500000021,3466.7565202413543,14435.8333333354,4308.287499999251,6127.763099997317,1951.244779990634,1660.805649995805,1503.8162085641193,7369.937500006225,4450.353849804676,2393.2437857143086,7950.847255594956,3636.6674333330257,5290.762922211576,6278.1666666646215,1207.2084699999991,5019.549999988124,2399.402976666641,6035.611400004142,4888.150000145904,5198.310650008178,7517.50000000211,14332.840821429423,5194.583528524933,6062.407000001315,6772.26169999519,5289.5000000128375,5512.701257201502,5467.083333333953,2864.3461333253244,14335.481285714219,0.0,14283.249999998165,14976.58042980428,10509.987499984176,6602.437500000143,1762.7010633376738,4396.533333332584,6128.596994444491,704.6378857240447,3962.9499999985305,4135.14200999737,3948.717850000016,3942.700000001944,1193.9875000021393,11929.687499993663,5040.34814444207,5550.144888791244,8105.750000001269,4608.370320000524,4935.429200007829,15160.393392851423,2963.8125000045343,3921.116666666109,3826.1088071434942,3809.3749999998427,11403.8341142869,13466.166666674893,2492.9520126626335,5228.0386428488555,13977.700000007488,14806.583333333298,6302.562500000652,5010.800000008856,5717.938000433155
PA,13769.065471429945,9647.420414279126,5292.5565142857195,9504.480300000247,14282.1708,16402.21432856479,8491.862900002185,8495.223714724076,13204.66666667133,3522.9084000159155,4506.1496000189,11549.666666666,3957.5833333341902,9861.51473286368,8913.904285712219,8042.789999994395,4805.0,9198.831033331635,14669.574714278106,752.6666666666666,506.57142857142856,1591.6624142854514,9381.8999140484,9406.026555555609,13136.154039741796,9160.666666666739,8396.530814478541,1024.4965200000129,11611.896157147323,8194.49999999999,12678.900000003063,9568.137499999659,11463.996857142844,8632.124999999998,8476.141300008867,8375.000000000375,10379.063897715361,1362.7228214242275,9813.58005714353,8380.950674998612,15938.609866666558,12203.174000341356,12469.92963333461,7489.98905555505,9417.751899999763,11839.45858572069,13507.602866666602,12310.624999571466,16940.749999999887,13897.072050033652,12887.096444435301,16972.375000020507,11221.205399998025,7449.999999998411,13952.112557156684,13438.63181667487,7132.25000000018,2413.4285714285716,19308.276800001917,12759.500000005337,10943.791385692815,9067.012033331765,8802.513533350508,8949.019042856973,16034.546250009233,12473.250000276592,14283.249999998165,0.0,2360.8,15455.520000012417,17500.65162835669,15412.666666643025,9773.419943045292,7395.833333333488,13866.500000485072,10380.3668222223,10007.512342856415,10815.258699999798,11589.095957142887,12979.658566670358,13743.615142852876,9577.81166666663,19743.531319981,7452.549466665543,16493.021659653703,9042.656622218596,11032.7734000317,10806.059750069784,12523.023730005878,10202.500000001983,11582.333333333485,3314.800000002395,5445.889559999991,13835.586666664418,16775.003657142253,13615.043142918117,11280.416666609348,11554.000000000433,11719.63277142623,11849.388840009246
PE,14605.49999999621,9994.520466666816,3140.073914280838,11282.756733336631,12783.992214285636,17800.51459999236,10212.865433333498,8959.33333335463,14581.409866667711,1496.2828833386043,3170.9,10995.413942854539,6190.612533333564,10379.740364696256,10276.449999998935,8493.843164903885,2463.275844444444,9865.435514274397,16989.16666666667,1879.5714285737715,2587.2500000000127,3907.985044444631,10956.162833333186,11090.311135568094,14064.374999996551,11039.089624999966,9882.510347055419,1328.0,12404.49999980146,9506.833692857143,12707.757474991122,11755.375000571321,10889.69092882744,10260.0,10157.049057142913,8954.695022053289,11198.7499999999,3328.8179777669325,11349.333333332783,9884.78406229667,16494.338144466656,13410.441514283637,14419.676485714279,10173.00910026253,10792.888888888889,12761.66666666936,15485.0,12872.723571428683,19756.36930000014,16299.172466666638,14200.87500000001,19180.99999999431,12702.723466658743,9256.874999996477,13658.374999999816,16255.488414289797,7963.875000511701,4243.645342857145,19819.49999999939,11576.392533328555,9963.475522220939,9061.00000000922,10514.75,10877.187500196493,18836.671181145273,10760.333333333352,14976.58042980428,2360.8,0.0,15101.274666700656,17832.615150000445,16507.929633332657,11811.568177777603,9599.433333332854,14182.99155714298,11951.578699999909,11540.465999998798,12630.666666666648,11501.851235123691,14156.333333327004,12309.299999987896,11337.066149999184,19735.333333333332,7491.910200005557,19729.62499999997,10249.357657137765,10800.426228574303,12372.610356713238,12054.916666629852,11859.850000013197,11506.608584643069,5628.333333333351,3287.0959571428557,15532.124999996968,19008.98346999998,12416.425209980298,9836.323266666754,11010.99250000947,11136.357777803798,11615.509966657273
PG,11074.833333332197,15113.416666661728,14322.79999999856,13763.940814653484,3168.9063333266654,7249.14416428572,14350.859737495006,18001.40250118827,10755.124999987545,14842.174713585384,15868.291699999798,12882.098650018315,13965.870835710772,15160.462210008687,14062.083333334764,16966.189368820473,13815.801366649692,15708.449999985161,5655.644777777728,16048.266300421968,14619.900857142968,15851.1976333243,13848.724999992557,13513.96957780969,11900.200314315145,13671.644088895873,15177.367135716706,15715.467142860434,13368.292217301825,15749.861271428572,11972.317899995574,12729.87589998823,3473.8485444444655,14293.227557373732,14381.530528571957,15988.47880571073,13734.557338883273,14901.57462855345,13815.0144493104,14393.749999998201,7646.302849400503,11538.474442831184,11085.250000006108,14086.349999998221,14171.000000104556,12974.002529995734,4789.700700000003,13430.375000026825,5021.489333344011,5229.58700000095,11040.512499996072,5092.750000008241,12722.000000000196,17730.978713039065,11460.601727889107,6616.106110004477,18726.123671424022,13785.906509228224,5143.824688888351,12507.416666677595,13709.049999990862,15470.187128577523,14151.789700001145,12895.989643324625,6791.187499995076,4443.964433334453,10509.987499984176,15455.520000012417,15101.274666700656,0.0,3926.3326143013614,9358.549250005906,13546.040428792352,15732.860550005538,11515.249999993383,14115.027800000253,14429.86999999634,11921.833333334956,14891.77500000145,11885.069971422678,1416.5416000195567,13576.440000001125,4907.613357142857,18822.612000003322,5458.202229550188,15296.583333336946,4304.330800011295,13248.288714287766,13542.002005420884,13309.834388886582,14189.160771424296,14602.605900019993,14151.187029996969,10102.74645001831,5366.445833337634,2411.201466666733,4405.497266662249,12525.97017654493,14127.054683333692,13434.690464256812
PH,6910.985085714274,12821.128819962978,18132.31424999725,9745.27544285714,5803.39999999647,3574.5400999007393,10443.962292856844,12970.83333334803,7389.976799999995,18829.406342338,18407.391333333395,11302.397714285686,13213.160866666667,11783.604433331004,10341.544928852698,13699.007666675612,17276.634742857306,12040.12400086268,2849.5746333333373,17524.320966666466,16990.143225003292,16270.757933333407,9902.162742896187,9747.34416666662,8829.624999297432,9294.309836000011,11698.96602499826,17390.400000002675,8607.164583319545,11640.111111111111,8927.831366666984,8340.282400002727,7119.938185714447,10739.888888888889,10743.19304000001,13985.854566659673,9555.416666667019,16211.576307143496,9750.176578571263,10806.372655555599,4760.936028556817,7764.021183339022,7126.497027811583,10385.500000001108,10407.352473333352,8530.999999999078,2997.3333333333335,9224.729057141514,1779.888888888889,2626.678266666707,7560.727947500716,2067.458400000851,8237.992120196977,12184.50000000115,9040.890814290071,3629.481141936684,14313.703314281804,14223.5,2484.5714285714284,10839.28327142841,12177.249999989555,11850.593378571808,10410.67826666667,9624.375633330794,3746.319533265917,8042.4999999998745,6602.437500000143,17500.65162835669,17832.615150000445,3926.3326143013614,0.0,5344.700028571528,9404.062500000013,11370.05867142786,7287.229955555556,10094.402728570712,9519.804824999583,8239.443485743483,10562.0000000089,7786.0,4779.000000002244,9297.841811971472,2394.6,14455.977233345619,2208.2,10876.745974683794,7318.063600003732,8387.31950142837,9795.18750000417,8799.369116667756,10658.155428981536,13834.310900000108,18854.499999986532,5730.743961119066,1754.166666666724,5710.69999999993,7758.250000001303,11485.714380066078,11210.716729301832,11081.143885110674
PK,2030.125000000003,7742.437500000221,15364.698300007834,4899.342677779588,10831.831000011744,2031.7869333313076,5855.825485713356,7527.187499533634,2378.260749996405,15527.879183331577,13815.874685706462,8083.687500479563,10819.486669860697,7349.54871077378,5587.423749995982,8273.90019945734,16413.891857141432,7183.983700005386,3928.6094333333313,15236.999999999985,15689.500000000278,14134.166666664223,5158.867732222338,5284.233333333305,4076.8243142872,5282.382385714509,6579.509931425884,16133.099999999939,3702.899999982859,6802.142866666527,4805.402500008123,4939.715317723228,13121.059999998788,5903.936966666644,6050.3,7562.689271430629,4376.938220286216,15340.797114285602,4836.211893104081,6277.111714285597,680.5945499996769,2916.822500000399,1925.6092299748818,6851.698879995542,5281.500000000026,3568.2002142857705,5834.499999999982,5235.406600000248,3713.80373334116,4783.333333333324,2782.054685713982,3223.215271425806,3392.3539999981413,7548.305786037643,6484.802850012575,3195.070000000771,8014.057666676868,14387.44367142994,4463.333333332884,7510.250000000552,8538.948005713473,7116.862499999999,5789.709785511249,5268.499999996527,1156.74942500019,13136.747870433575,1762.7010633376738,15412.666666643025,16507.929633332657,9358.549250005906,5344.700028571528,0.0,4777.829621433341,7293.333333333928,2281.874999977874,4620.310478567684,4872.24369285878,3732.7038000042094,6067.333333333346,2735.0688333332478,10732.578928563931,5197.526685714432,4729.703479999992,8749.387485715735,3462.9782499841062,5662.809583330699,14059.249999060565,3460.4166666644915,5798.617339994488,4124.624471429565,5499.946575007858,11175.624999999982,14660.343871197185,937.4166666685333,3520.9297431374985,12265.281611101085,14148.333333329074,7995.312499999082,7092.772766670572,7230.249999999993
PL,4144.275602857621,6903.3333333341025,12277.477442857664,556.34,15599.503611111093,6837.962400001616,1159.871,4906.999999999855,3973.4350814285954,11042.187499997575,10098.145838307535,8369.384240404275,6534.999999999548,6171.5818428555995,1082.833333333585,5879.588533329687,12375.010211119192,5318.475933339099,6948.405468571262,9681.541775155416,10019.739985713479,8509.800000000032,517.1,517.78,5190.922483329538,667.81,2286.1666666670694,10530.124999994461,2879.868133333004,2290.25,5363.732544444302,941.7053371428411,15900.434999998673,1367.0,1449.7,5374.696828831117,1598.1,10040.360107142698,545.0,1821.8000000000106,5270.529349999997,2871.5426228573538,3449.3708033331577,2791.2537285714284,1316.366,2637.0069600127163,8584.333333333352,6247.229142857745,8342.741350003676,7726.166666666667,3659.881728567184,8096.074999999914,2448.5363285713443,3146.0053671421106,8466.946266666057,5433.063642857195,4883.502578567937,10181.6625,9409.983060000352,8364.096299998602,8314.271466667358,4954.925000000726,1095.0,1060.1096999983213,6121.72893333336,17432.728166666006,4396.533333332584,9773.419943045292,11811.568177777603,13546.040428792352,9404.062500000013,4777.829621433341,0.0,2759.5,3948.1464214565895,946.13,813.7120074999724,1151.0,6216.373374999994,3807.638130002765,14401.491033334747,810.0,9410.81165,5299.565614284084,8114.833333333333,1891.7322166681508,16140.6558333331,1720.6232999993579,6900.302966667008,689.25,5917.921957146072,7207.329556666676,11936.721414285674,3794.8285714285716,7837.702035555551,15425.166666667244,15557.749999999935,8692.25354285325,7589.00515748476,7831.2314888882875
PT,6112.155066666615,5775.8841571428575,9581.98840000006,2300.75,18060.422192904713,8764.147783326904,1712.9,3157.009250000212,5702.83552499088,8745.88333333316,7291.172466666639,7815.876633332018,5293.672083333145,5791.686540012331,1655.6333333333337,3682.125054460504,10156.746085711318,4497.607350016253,9683.736889999946,7484.308414285575,8034.732544442091,7150.571428569086,2244.4142857142856,2313.62935,5586.480633336289,2298.6666666666665,1111.884157130791,8253.286566662311,3795.016666666698,502.6,5763.250000000744,3364.4285714285716,19890.88312505799,1453.0,1585.99565,3806.466666666674,2854.95,8083.749936667184,2476.105799999986,1642.6666666666667,8127.153266667892,4817.456666666556,4902.222750001152,2942.714285714286,1862.0,4055.1666666666997,11149.26864285714,6108.624999999952,10678.27772711399,9689.866919999491,5414.512500001942,9815.859524624117,3991.6461750440963,543.05,8677.312500000542,8125.0499999983585,2375.260544427701,8470.089039972372,11468.731642858567,8300.915300229428,7561.659200002328,3805.279064310895,1863.9,2804.7499998531257,7984.212500002408,19297.181444411905,6128.596994444491,7395.833333333488,9599.433333332854,15732.860550005538,11370.05867142786,7293.333333333928,2759.5,0.0,5284.533961110739,2974.375,2599.4346666665597,3909.3333333333335,6061.295577779554,5029.12841999997,16906.742336433403,2984.8934666666864,12081.71656666747,2794.088888888889,10664.771457032048,1711.2000000023947,17344.03753333772,3659.433566685348,6852.450000015728,3362.583333332806,5806.563642942624,5741.270300000097,9629.01855000075,6218.944925004723,10073.126066665842,17768.273725000257,16679.817557542818,8159.583333332276,7382.659810350124,7616.562266665694
QA,300.75,5689.302450002087,13312.6,3978.546983340084,11962.899375000452,3904.355066666673,4895.670000000003,5518.941471425765,141.0,13599.036390672813,11816.256074999965,6572.352313734646,10672.034475001614,5004.985655555951,4631.504014285309,6251.106844440814,14393.303442857132,4821.583333332614,6180.411500025994,13538.276194286509,14157.604288889079,12809.39699999993,4238.619622844638,4308.749999999983,1999.6044000352942,4618.068833333026,4802.558000000367,14233.687499999998,2059.0,5094.800000000057,2217.6666666666665,4391.315542837655,14868.199999110577,4970.44348570453,5219.6354000000265,6234.103140003343,2953.412500002139,13783.99999999854,3787.3477777742423,5247.249999999996,2292.777777777778,1122.508700000012,1152.35,6727.312500000063,4009.7947856298542,1688.142857142857,8254.592033333332,3350.250000000023,6695.125000013252,7084.263733333155,569.8444444444444,5791.981099216312,1804.0,5694.606228571542,5155.333333331568,5411.982457148271,6776.999999998736,13913.577150000036,5904.285714285715,6195.755633324838,6911.79954667092,4890.125000000259,4902.083333333313,4964.741299999959,3348.1158428570347,14438.135071428585,704.6378857240447,13866.500000485072,14182.99155714298,11515.249999993383,7287.229955555556,2281.874999977874,3948.1464214565895,5284.533961110739,0.0,3117.3816714441346,3561.5833333333203,3560.620649999989,3579.5000000001196,491.2666666667012,12724.312766654215,4617.294250000019,6204.571428573771,8230.658699999538,5280.496519993673,4037.2500000000337,16176.416666666246,2594.1080571434036,4148.680016663741,3341.25,3699.839900000746,11134.804333333332,13208.900571428368,3063.644359999982,5637.872057142842,14298.095585714436,14748.197875013808,6910.300000000003,5384.859207143005,5598.419999985431
RO,3403.0394428571412,6191.832285714473,11813.537819999852,855.86,15639.666666665922,6287.06431110982,1763.6600600000163,4725.182605555244,3136.2072666666777,11232.739985717328,9936.752460541142,7595.113400002051,7347.21064714141,5817.105422219177,1356.500000000057,5276.991428567804,12975.112679995202,4930.829564024066,7062.189757142855,10111.326622223687,10534.33842857008,9108.055820001051,1080.6724666666717,1295.0166666666667,4341.700216657142,1588.360000000037,2052.667571602132,10902.166666669767,1886.512410031747,2474.6666666666665,4440.769814116564,1737.8061999995816,16285.759999999675,1870.5555555539,2093.312322222222,5153.166666665756,825.8499999999943,10503.333333331298,642.8,2531.0043499999983,5282.332428569845,2010.3938500001204,2133.2499999991755,3811.2422857148053,1137.9055555555556,1631.448128548613,8872.262499999997,5264.368277775546,8240.09717500006,8220.5,3074.451527776908,8072.6558099979975,1615.996435714363,3102.249999935113,7760.500000000118,5889.250000000246,4765.6513666649935,10734.769533333118,8301.374214285694,7657.557888892143,7587.481679879323,4613.124999765309,1783.8793264285584,2157.0920466588236,5634.344002242259,17536.57255555463,3962.9499999985305,10380.3668222223,11951.578699999909,14115.027800000253,10094.402728570712,4620.310478567684,946.13,2974.375,3117.3816714441346,0.0,448.7,1501.9666666666667,5409.317042858228,2822.5359499987444,14629.651512849823,1745.3333333334028,8922.626056667212,5198.50023571719,7922.276728571427,1600.5298286295233,16743.338089407556,745.6508125000079,5572.264935714552,745.9418500004671,5042.011455556483,7823.372160000107,11865.237500000361,3260.3002833277505,7899.866666665354,15735.04887142879,15900.838942868415,7938.172213873993,6677.875000483802,7017.733042865855
RS,3809.3629677777726,6196.653533330399,11816.833333333088,491.35,15930.647324999814,7055.968749997497,1371.8053580069422,4356.573678569826,3468.034817130951,10965.66494922701,9534.225433334115,7824.300000000416,7348.030457205501,5736.499999999567,960.050000014377,5044.914305555383,12444.86481111057,4815.092628342114,7415.0375,9739.937499999303,10212.865154525647,8782.298277777589,742.9444444444445,994.4282666665787,4668.724313333729,1241.808339000021,1707.984042872775,10851.756400001203,1895.083333333314,2027.0,4851.5833333331175,1628.0010833333015,16357.68642857143,1446.17,1689.25,5067.7999999963085,806.7666666666667,10329.396459748497,316.05,2035.896951427938,5273.511599999996,2354.9579249988988,2795.2206166667593,3406.842997143675,723.4666666666667,1938.731833332695,9189.325,5625.426400213069,8591.249796000084,8263.36194625,3376.312250001072,8173.7166666666435,1770.666503334107,2678.403668567778,7879.708144550176,6398.4873567912155,4561.57011429406,10232.249085665615,9256.416666672583,7790.000000001612,7494.2368428593645,4453.773999996749,1418.4816666666397,1633.1552571410161,6007.900000001644,17924.35381428375,4135.14200999737,10007.512342856415,11540.465999998798,14429.86999999634,9519.804824999583,4872.24369285878,813.7120074999724,2599.4346666665597,3561.5833333333203,448.7,0.0,1709.6656599999822,5517.675714285052,3148.2374999999993,15251.875000006665,1625.489559999943,9387.866833571095,4810.516666664108,8256.661719999778,1240.4166666661633,17236.166666665154,962.2562142856594,5867.666666665138,824.2499999999998,5173.999999999987,7666.083556694601,11750.658899996413,3826.577150086403,8091.00000000379,15820.659955555635,16220.155707036478,7936.28204444235,6844.411314293205,7174.875799999999
RU,3733.5956999984087,7478.072375087302,13476.0,1670.1111111127668,14473.299999999992,5583.496903333315,2253.0,6016.5189333343615,3439.0182388944118,12292.163214285982,11179.666666666648,8964.768499999924,7161.85165800162,6966.681642991902,2190.8850222222286,6651.333333334594,14112.111111109456,6268.6874999946285,5795.571428571428,10902.857142857143,10878.069600000177,9570.874214285725,1666.0,1609.47,4889.579120000078,1563.3833333333391,3479.749999999879,11617.6,2900.4,3440.2,5139.9360285714465,894.7777777777778,15449.198049996732,2485.4285714285716,2500.7,6645.882310006027,2229.3833333333323,10824.57142857143,1567.0536222222918,2801.4166666666665,4338.375,2545.120650000005,2464.0,3313.0,2375.0,2637.8401999995044,7482.638049986075,6393.19999999999,7413.4236,6601.05,3668.6581333277763,7025.1633999995765,2439.8,4420.040933350529,8466.562266666915,4643.3,6342.755527780101,10733.793171423695,8217.805271428495,9514.893257143838,8924.212466668965,5706.400000003281,2158.2965199936734,1644.0625,4909.243785714289,16512.75,3948.717850000016,10815.258699999798,12630.666666666648,11921.833333334956,8239.443485743483,3732.7038000042094,1151.0,3909.3333333333335,3560.620649999989,1501.9666666666667,1709.6656599999822,0.0,6917.569928566921,3328.800000036832,12343.825175004598,1228.147828581197,8411.349685714287,6501.745133339156,7065.0,3132.574633333288,15684.452610372087,1796.0,6884.098114285712,755.47,6211.25716666601,7824.571428573771,14081.00000000002,2798.333333333351,6729.750000000179,14273.071571428369,14392.733333340231,9188.573585714254,7758.846924991775,8197.616874999921
RW,3929.6246142829023,2010.9633333323532,9797.972042857462,5875.304285714286,12006.10000000024,7304.400000003345,6355.500000000198,3559.625300002128,3965.7673285688356,10005.831584284742,8520.445171434589,2904.431933337813,11345.553185711204,1666.3275333333538,6027.874999856511,4137.833333351508,10474.831119603336,2168.3034429318363,9955.200000010365,11041.732866656761,11682.625,11603.999999999085,6124.345699999911,6302.366571532055,1948.6859175013956,6795.175966664288,5059.599999996836,11673.500000000053,3570.3413222220647,5771.188180000002,1547.097833333413,7192.066866666817,16442.895966851815,6224.857142857143,6559.164020074998,3488.0000000011282,4596.872797740474,12428.16666666733,5799.250000003066,7045.793356803695,5973.287299993489,4283.874999999663,4632.182949978222,8605.814066675126,5404.399999997605,3613.878200000946,11518.374999999332,748.75,9044.079738886128,10144.423833332414,4229.374756797116,9144.13770034128,4231.726633325668,5385.527100001855,2348.726974992952,9666.502513334208,5238.049133329476,13735.813377778657,8317.269926667514,2191.980629999488,2907.805483333823,3155.2599999989657,6410.250000000038,7039.384199995809,6759.000000010682,14425.7787333132,3942.700000001944,11589.095957142887,11501.851235123691,14891.77500000145,10562.0000000089,6067.333333333346,6216.373374999994,6061.295577779554,3579.5000000001196,5409.317042858228,5517.675714285052,6917.569928566921,0.0,3648.2384533333297,16488.50000001335,7033.751428079468,8287.666666666666,5407.07907141458,8455.333333335402,4833.938185714233,17517.660299953666,5065.999814273228,709.0813714290264,6166.499999999959,373.8706499955062,11537.552524995808,9969.511650004548,6654.766666663605,9197.032785706586,16403.24999999323,17746.501066728448,2740.0358399959564,1517.8653870142225,1624.416666667643
SA,794.0920333333481,5036.114100009937,12291.409933321036,3623.6250000000528,13054.827314285725,4863.788466663374,4521.711777759788,5201.999999998465,421.05362222223516,12811.667857148825,11203.374999999116,6065.687499686008,10196.916666664518,4521.616642123252,4223.050042859191,5734.868244450816,14105.481757217416,4368.429414293233,6188.166666666666,13396.317066667989,13465.375,11872.499999998943,3952.963850001082,4153.095946004034,1455.1844571429897,4535.250000214151,3831.1666666666933,13642.266666669422,1285.4285714285713,4791.16666666666,1973.7499999999873,4484.296833338299,14923.666666662028,4675.2,4945.443485714337,5374.974999998166,2408.065659984015,13320.508021427368,3511.060000010069,5296.579119999958,3118.793171428553,950.25,1279.1570000000324,6253.4067142851345,3675.4285714285716,1264.5749750006387,8689.413919999997,2857.448060442809,6415.01510000876,7497.166666666705,554.9211142711431,6142.256449766382,1434.8333333333333,5375.457100774541,4894.330457205316,6008.328432225589,6501.299555555395,13885.806039968673,6364.299999999986,5914.911850000196,6483.756159997319,4183.41666665638,4890.2956571427985,4814.562499999999,4186.062266667788,14705.910700004299,1193.9875000021393,12979.658566670358,14156.333333327004,11885.069971422678,7786.0,2735.0688333332478,3807.638130002765,5029.12841999997,491.2666666667012,2822.5359499987444,3148.2374999999993,3328.800000036832,3648.2384533333297,0.0,13388.648500024805,4552.499999999833,6695.37058019032,6736.499999999939,5653.804333333254,3282.326142857481,15887.16666665548,2047.8749999999895,3631.7166185637643,3139.6318666668326,3220.5379722250964,10731.456242857257,11829.750000000518,2686.9999999976317,6602.137042858747,14273.33333333075,15342.329328572443,6166.645599999373,4655.74999998342,5398.397900000567
SB,12497.25683332591,17386.245122239794,12622.726800007438,15141.337307136704,3139.332566667071,8463.752372193083,15423.63159999815,18942.911013886045,13000.342127771344,13490.913866680838,15342.063911104337,14626.670014283514,13100.666179284191,16860.93749999177,15016.544785718323,18710.459833328456,11868.500000004797,18458.503094432603,7504.141700714975,14345.037200004428,13116.819866676336,14160.189388893745,15187.610635408319,14394.034942862945,13742.671228576235,14303.84062857127,16622.534610002378,13439.81435000681,14853.449999984501,16293.004128574657,14347.050627762706,13327.875000000053,2010.026876666671,15272.843820949834,15129.545914285714,19019.96569666633,15034.044688908309,12700.500000019718,14948.389085716548,15101.041742858875,9844.166666668336,12996.86079986041,12872.138383342803,14516.959199238696,15535.681170883165,14320.275766665292,5126.822355535338,14721.833333301396,5893.333333337146,5889.245975004524,13048.000000022068,6429.623000009482,14243.532786411666,17351.126485698536,13105.287642872214,7878.082142843386,19140.625000003718,11968.333333335684,6448.000000000904,14260.916666658226,15751.80000004725,17820.268085722557,15212.249999995236,14157.518925016146,8749.117344441409,3383.555014283988,11929.687499993663,13743.615142852876,12309.299999987896,1416.5416000195567,4779.000000002244,10732.578928563931,14401.491033334747,16906.742336433403,12724.312766654215,14629.651512849823,15251.875000006665,12343.825175004598,16488.50000001335,13388.648500024805,0.0,14388.675642862276,6147.8277249998555,19144.69413333302,6745.4233999957205,16281.900286154272,2924.1463285716704,14563.99174285713,14629.50000003917,14106.62499998556,16005.888570386576,13933.500199996868,12897.579999998643,11049.451733333377,6449.333333321354,1193.9207066707488,3116.666666659714,13616.231786884555,15116.99605715737,15006.999999982343
SE,4827.350000000256,8085.300500000003,12253.333333341425,1244.4857142833714,15605.900525000021,7216.173566651587,1281.176,5489.749999997881,4685.639199999942,10960.699657921159,10116.718059999994,9238.311225001371,5955.956571427685,7107.509633335222,1479.625000000023,6276.937500403391,12316.083550001566,6308.744957141937,6711.9,9497.683299999973,9585.826766667393,8295.870066666716,1055.2499999999927,810.0,5758.23534285721,522.0,3108.109433334505,10214.250000002003,3429.216771428571,2590.5555555539,5838.42078562902,396.0,15661.152142856954,1544.0,1432.5,6151.171125000016,2440.5799000000275,9591.689866666573,1285.2,1625.0,5584.115430000195,3423.1621799999157,3567.5,2111.321733333333,1974.7033333333695,3431.833333333472,8170.111111111111,6984.825233332819,8777.283371422689,7414.833333333334,4366.743557143399,8326.762921428744,3125.7927666666455,3580.0618143221886,9234.361499999308,5908.503564313767,5270.299785713554,9566.460557142858,9362.000000001844,9372.166666666457,9038.546950000064,5841.787919810747,1125.02,416.1,6394.250000008794,17422.155614285828,5040.34814444207,9577.81166666663,11337.066149999184,13576.440000001125,9297.841811971472,5197.526685714432,810.0,2984.8934666666864,4617.294250000019,1745.3333333334028,1625.489559999943,1228.147828581197,7033.751428079468,4552.499999999833,14388.675642862276,0.0,9649.666666666808,5816.8333333372875,8290.763049986086,2672.635771427968,15772.270142686897,2535.62499978879,7308.665499999498,1462.375,6549.7032142812,6631.250000000251,12132.077700000145,3920.587092856804,8324.43676261241,15168.110685712669,14575.399999998712,9582.852828665527,8082.374999999804,8418.281771226231
SG,5891.333333333339,10190.02072857217,15891.000000000135,9710.45371,6060.000000001145,2894.92,10445.29723989721,11698.157460348091,6380.75,18770.900000000012,16737.448566666815,9130.499999950875,14870.041271429076,10240.249999992808,10291.871428571429,11984.90442221997,16312.965199951348,10395.666666666162,4480.142857142857,19046.166666666653,17584.36083264447,16952.713628571782,9917.674999999968,9912.834442216576,7172.902499998934,9959.10363333343,10530.233739607214,19746.005800000003,8273.48260000011,11371.44200000026,7389.874999999841,9259.771136000003,8288.444444444445,10738.946377780232,10852.75000000214,11406.37500000001,9051.869205555555,17142.560085709072,9677.666666666359,10989.110214284747,4150.0,7382.26959999937,5645.333333331415,10977.196866667795,10262.347000000065,7430.166128627893,5311.888888888889,7400.189866666714,1141.6453428522566,4669.268111111107,7341.096562501905,1855.5714285714287,7632.216610001852,11592.41666666547,7400.42691997506,4795.737466683443,12781.929842875612,16590.5,314.75,8158.778492852808,9751.533333324178,10666.68764283345,10512.0,9674.930800000013,3246.166666666499,8415.0,5550.144888791244,19743.531319981,19735.333333333332,4907.613357142857,2394.6,4729.703479999992,9410.81165,12081.71656666747,6204.571428573771,8922.626056667212,9387.866833571095,8411.349685714287,8287.666666666666,6695.37058019032,6147.8277249998555,9649.666666666808,0.0,14160.173627629967,1431.8793499999972,10332.049244444444,8715.333333333787,8300.097066665723,7868.627650326251,8797.083333328905,8277.49999999986,15542.73914289188,15717.437857142451,5759.444142859626,2204.6666666666665,7429.7803666667905,8344.545799997728,8657.97547142856,8892.299128573692,8286.448566666671
SN,7498.185628570783,4514.5082000710845,6484.148933324163,4802.808742857793,17768.587066651427,12300.566271415966,4476.347528571202,1741.230344285698,7469.676107142889,7278.6364089099725,5031.005800000001,5734.816714285707,6329.799999998873,4200.666666666649,4229.0473214291105,1818.1950100000035,8761.41666666388,3177.09643571433,11975.854999999588,7189.5013579171045,7749.770285987843,6770.653210681996,4879.621085623634,5031.6666666667825,6287.999999998618,5165.07133571514,3165.2299555653635,7468.083333310073,5219.279875000001,3045.7000000000157,6187.999999999901,6140.510750257151,18869.82318571553,4200.0,4375.628271428621,2101.1608666666666,4518.233583335826,7884.293825003013,4821.320749790579,4468.833333332251,9338.536333334447,6310.701900332138,6840.555366635977,5312.862766657502,4150.983573332654,6015.466180004648,14020.892128572455,5713.049466652538,13237.923166645205,12577.424650000166,7399.562499999653,12595.4237231959,5651.987057142885,2297.3294666617567,8105.486624989477,11086.231299976784,408.66666666666,9037.108666666962,14023.012266687481,6666.231214291619,5614.000000000031,3080.264199998861,4648.428571428572,5442.833333329095,9996.358171410522,18702.166666673573,8105.750000001269,7452.549466665543,7491.910200005557,18822.612000003322,14455.977233345619,8749.387485715735,5299.565614284084,2794.088888888889,8230.658699999538,5198.50023571719,4810.516666664108,6501.745133339156,5407.07907141458,6736.499999999939,19144.69413333302,5816.8333333372875,14160.173627629967,0.0,14166.500000011943,3765.3542333333903,19461.723959225557,5717.499999999627,6053.651566964024,6075.5499999971935,6150.9729857262755,6239.131320032044,6756.166666671353,8973.333333333218,13044.17980000035,19265.554171806543,18835.913199427545,6672.839624999537,6009.060733333541,6587.10943333366
TH,4965.5,10167.026983335067,17248.493199999946,8452.283333333351,7414.742066666821,1540.2,9267.8899375,10619.620671961495,5377.039833333276,17650.66666665221,16707.975840127656,9614.751899896672,13706.73333333377,9654.43750025524,9059.821592857132,11868.021013465692,17250.6,9968.486066667643,3293.25,17463.200000001252,16991.773544447875,16595.48566666806,8584.633700000006,8603.262683333314,6935.63408572114,8614.85166666665,9919.666666657264,19714.313200001805,7262.0,10191.879350000001,7028.648716652665,7897.529499999999,9439.426133334728,9441.5,9536.555555555555,11229.548071429392,7922.179324444444,16670.369279995382,8265.243785722974,9611.260857142708,2919.333333333351,6218.792985715652,5461.092033333379,10263.83333333372,8814.238200004875,6839.630444468991,4603.0,7240.152200017746,503.04,3720.0,5667.702150000087,516.1897571356053,7213.433685711821,10657.539071419535,7431.749999998853,3422.890950000001,11492.222771428529,15485.901640119046,1184.888888888889,8851.507225000001,10211.763814284763,9877.115777772455,9180.42857142857,8629.878774999883,2208.0,9609.873275000286,4608.370320000524,16493.021659653703,19729.62499999997,5458.202229550188,2208.2,3462.9782499841062,8114.833333333333,10664.771457032048,5280.496519993673,7922.276728571427,8256.661719999778,7065.0,8455.333333335402,5653.804333333254,6745.4233999957205,8290.763049986086,1431.8793499999972,14166.500000011943,0.0,9198.507221428576,9647.350222173065,7469.333333333193,7620.536588891729,7443.178649999994,8478.651157143757,13844.71428571663,16665.35325654347,4313.145342857146,992.0,7675.092466663636,9722.137700002193,9626.642044444396,9221.460515029163,8972.643400011122
TN,4228.887060395617,4853.723900000057,10149.81904000197,1360.9445642893804,16253.641933332457,7685.658494442776,1626.0,2838.0231300023765,3912.2794285756318,9540.663932502825,8078.151485714327,7168.350999731791,7079.605888891407,4879.2629666659295,1110.943022225922,3812.251571428049,11310.666666666888,3667.741799778482,8707.333333333107,8841.828772226014,9459.6197499997,8316.72332500022,1524.1983299994254,1501.4444444444443,4136.325957141563,2111.999999999868,633.4869500000001,9715.600000002776,2096.6,1278.3659444444138,4414.835571408644,2962.416666664041,17319.375000001157,1482.0,1818.5000000001312,3610.117342856864,1205.7166666665605,9684.472262494335,1465.7267900634204,2344.4698428545935,6126.583333331829,2959.164279955075,3600.380538870747,3962.2352000004717,599.1608666667069,2424.3905666666788,10434.678266666615,5405.042114312077,9542.900919895823,9567.666666666957,3936.5720856140792,8987.893005557167,2313.629925000197,1639.1666666666883,7495.557285718407,7727.733302227639,3141.0938000312294,10084.502721432584,9995.65298537796,7365.740533333735,7110.811400794627,2920.1666666666665,1771.6496857142704,2940.5243599764117,6694.300000001391,18452.842414286228,4935.429200007829,9042.656622218596,10249.357657137765,15296.583333336946,10876.745974683794,5662.809583330699,1891.7322166681508,1711.2000000023947,4037.2500000000337,1600.5298286295233,1240.4166666661633,3132.574633333288,4833.938185714233,3282.326142857481,16281.900286154272,2672.635771427968,10332.049244444444,3765.3542333333903,9198.507221428576,0.0,18046.62377142894,2004.171699999227,5336.592175486524,2187.2695333319098,4688.054785709836,7083.280877777964,10286.09999999799,4917.5,9420.092485713836,17732.799999994568,17219.16666666422,7435.133571428038,5948.035166653146,6628.422583345309
TO,14779.312499992553,17650.798714318465,10277.249999748921,16793.881816676603,3585.4285714285716,11977.04675919026,16565.925200000755,19242.799999999384,15146.508014274852,10930.961071855432,13428.837499996227,15204.833333344573,11943.014257030283,16720.23113574635,16870.554499999133,19015.377766668407,9553.057526887831,19162.888809998665,9531.717139995191,12857.000000002417,10083.512142871998,11695.818411105758,16428.999999999396,16248.326460002152,16279.412499995091,15837.943966664343,18618.42548000107,11228.500000006276,16879.849999992635,17587.999999958713,16576.333333325183,15448.25171365174,749.3372000000451,16958.22087999989,16255.65031428571,19280.264892858948,17427.124999996766,10390.416666687042,16618.866666661444,16346.999999999707,11928.671700001669,16376.124999643196,15316.869200015268,15467.375000040785,17198.999999997894,16565.79692142364,7784.6442333334435,16365.440722222222,9052.798212503048,8430.51776699643,14902.077220005798,9121.922025007127,17219.701899001997,19902.340871604327,15540.10024854318,9746.375222525878,19720.898711109217,9385.4980333371,9189.345749999895,15288.473150061489,15978.313850008823,19127.812366667145,16441.02808888821,15683.945128844856,11765.966666665126,2819.999999988397,15160.393392851423,11032.7734000317,10800.426228574303,4304.330800011295,7318.063600003732,14059.249999060565,16140.6558333331,17344.03753333772,16176.416666666246,16743.338089407556,17236.166666665154,15684.452610372087,17517.660299953666,15887.16666665548,2924.1463285716704,15772.270142686897,8715.333333333787,19461.723959225557,9647.350222173065,18046.62377142894,0.0,16688.56250000014,16132.437299995487,16323.249505555008,16752.091719072745,11900.764280250218,11148.46505714695,14201.724999999959,8956.500000001413,1890.9311666669207,890.3333333333064,14216.2520833325,16248.220625000626,15002.972699986545
TR,2627.755219999989,5968.300000440151,11824.781133333454,1595.0,14628.093614283656,5468.370433335841,2595.3333333333335,4620.24999999986,2237.865585718847,11854.472628452664,10281.814179999765,7378.08494964262,7806.806771427959,5043.041524981617,2092.8500000055888,5111.291533338421,13184.333333331475,4659.87349998975,6075.700857143311,10775.465659999776,11356.624999998825,9780.670000001923,1620.3427333337122,2028.6666666666667,3397.6484999984737,2231.6189855508833,2613.583333333664,11902.237314285223,1109.596980015738,3091.543666675978,3541.6489333168397,2510.12146666887,16210.196650000029,2597.5,2824.124388888801,5019.484933333427,816.879349999995,11358.500000000002,1240.1272333386219,3365.0239666633333,4289.124999999516,1260.3822499999835,1230.626920004985,4206.732671601148,1598.25,1011.2222222222222,8756.467685714075,4789.833333333093,7519.301471427225,7390.500000000005,2041.2146514090657,7055.382563854426,765.5655500008357,3434.6524714284296,6771.624999998376,5254.124999994035,5151.007224661484,11733.30000000678,8011.927585714976,7407.877219820701,7325.868420007397,4211.550500009093,2601.151193333813,2917.3333333327614,4794.7022333347695,17236.004025002483,2963.8125000045343,10806.059750069784,12372.610356713238,13248.288714287766,8387.31950142837,3460.4166666644915,1720.6232999993579,3659.433566685348,2594.1080571434036,745.6508125000079,962.2562142856594,1796.0,5065.999814273228,2047.8749999999895,14563.99174285713,2535.62499978879,8300.097066665723,5717.499999999627,7469.333333333193,2004.171699999227,16688.56250000014,0.0,4870.783333333339,1156.0118199999297,4385.003066664559,8423.66666666696,11878.000000000564,2901.021756880109,7206.916301248475,15304.636565709076,16004.175871421661,7409.337455555548,5894.333333322267,6345.34967779155
TZ,3954.31162000785,2864.7643933329978,9633.015699999529,6210.107833330814,11242.792399999751,6798.0041282133525,6936.333333333477,4507.306930021395,4163.66451428479,10176.900000007416,8958.819067765571,2409.4332715958253,12266.56477143086,2261.0696000007506,6474.96996000246,4829.323328572271,10842.014728049633,3114.2299999981406,9471.049499666924,11532.424914284386,12869.400979957736,12251.26385714459,6812.683612507613,6902.750000000029,2280.7500000032333,7248.318385714306,5464.091642883337,11969.947985297618,4130.530859999969,6322.166666666189,1882.87135428306,7515.535999992559,16132.254200005545,6906.750000000588,7485.0000000001255,4606.867826677849,4763.060221075932,13652.180000000093,6109.008628569189,7791.333333333663,5936.059149999682,4382.250000008251,4638.667674999484,8934.87499999943,5435.499999999503,4082.0229542989373,11432.239471428447,674.5671555554585,8412.298907142573,10087.608666666232,4153.018699997144,8261.500000000062,4536.700000003131,6170.508921428573,1632.7828999992792,9410.762782853824,5925.340585981507,15019.292674998904,7942.58333333319,1694.8644666663201,2917.8333333336113,3459.3829360892164,7288.947799999625,7563.590524996548,6292.90518571924,13631.166666642666,3921.116666666109,12523.023730005878,12054.916666629852,13542.002005420884,9795.18750000417,5798.617339994488,6900.302966667008,6852.450000015728,4148.680016663741,5572.264935714552,5867.666666665138,6884.098114285712,709.0813714290264,3631.7166185637643,14629.50000003917,7308.665499999498,7868.627650326251,6053.651566964024,7620.536588891729,5336.592175486524,16132.437299995487,4870.783333333339,0.0,6327.169357145388,707.646750000015,12494.409528959035,9558.238014291597,6171.833333337215,8223.150000000101,14917.766666666581,16443.326433307713,2437.7413000000065,1017.0984428570772,1513.829810022562
UA,3406.0802397047933,6839.936599995569,12818.111111111111,1054.9,14917.921114285724,6233.871185719453,2019.7188380015423,5209.940083333332,3109.925428570686,11688.430543166842,10265.931600003567,8189.988999998784,7281.591314285774,6202.3321833336695,1639.2500000005732,5943.509099999986,13048.094549999985,5442.093183333366,6450.222222222223,10338.833128568336,10647.09999999998,8944.44641108577,1142.088888888889,1120.9942000002288,4759.242100023611,1460.9333333333334,2820.1878713813185,10943.874999999982,2272.6666666666665,2863.235653333335,4940.333333333273,1151.7374333332875,15617.270614616644,2025.8159999999934,2133.5,5860.916666659838,1482.1831500000053,10665.963888887076,899.2,2833.925366666607,4566.000000000357,1934.66202666661,2440.2586999997984,3503.7443666676036,1668.982600000016,2281.121800000927,8191.001211111101,5809.2500000630025,8128.731564166324,7248.674720073742,3216.568433328819,7847.646200001272,1986.2689999683591,3774.124999998527,8074.837071426117,5210.220000007835,5553.70200000356,10814.857142857143,8510.158022222804,8140.404900001323,7968.944657141616,5173.425571012364,1781.931057142865,1632.5553699999584,5371.499999999603,17227.483914037723,3826.1088071434942,10202.500000001983,11859.850000013197,13309.834388886582,8799.369116667756,4124.624471429565,689.25,3362.583333332806,3341.25,745.9418500004671,824.2499999999998,755.47,6166.499999999959,3139.6318666668326,14106.62499998556,1462.375,8797.083333328905,6075.5499999971935,7443.178649999994,2187.2695333319098,16323.249505555008,1156.0118199999297,6327.169357145388,0.0,5658.103966659211,7843.428571428572,12417.000000008506,2782.8686800010596,7230.41666666666,15563.96332819858,15545.046714286565,8318.370579798175,7381.833128570021,7619.418714292739
UG,3693.2826666668884,2666.8750001071744,9905.35428473659,5404.622566664064,12373.651999996582,7275.633333330402,6241.289377748322,3954.749999997042,3802.16666665917,10206.649999994426,7965.625000000484,2922.0173999999483,11416.033400004175,1950.8176999926688,5580.469466665061,4254.9999999679385,11126.999999999987,2131.4561166662047,9490.133116672823,11592.153422227762,12034.50000000898,11752.119066670239,5823.528185719489,5996.9875000006805,1463.6635749985744,6225.41168571547,4800.891499993049,11638.945128298732,3311.25,5539.139966665832,1147.426414285837,7000.166666665257,16821.500000001044,5589.735499999927,6481.833333333339,4105.166666660618,4065.8750000175746,12713.06598526408,5372.142074999572,6842.250000003259,5805.219999994386,3916.0649500042864,4263.509428998361,8011.3750000027985,4894.73593333696,3540.5977428619976,11400.43750000067,503.0,8620.600000007962,10419.905699001178,3927.33204999953,8671.333333333852,3782.9554000069766,5320.227999998801,2731.243860106596,9147.82999998295,5381.595866672059,14029.443866670468,8332.166400233811,2940.552199999519,2931.249999965206,2932.243785714292,6186.573257142851,6866.666666660961,6274.730251048667,14331.856858264067,3809.3749999998427,11582.333333333485,11506.608584643069,14189.160771424296,10658.155428981536,5499.946575007858,5917.921957146072,5806.563642942624,3699.839900000746,5042.011455556483,5173.999999999987,6211.25716666601,373.8706499955062,3220.5379722250964,16005.888570386576,6549.7032142812,8277.49999999986,6150.9729857262755,8478.651157143757,4688.054785709836,16752.091719072745,4385.003066664559,707.646750000015,5658.103966659211,0.0,11782.504457138339,9904.841560362436,5920.006300807012,8749.471433338185,16529.861233338073,17369.06824286955,2921.8333333333912,1920.4587198911288,1948.5999999999824
US,11326.694133333682,10437.993274991084,8384.398555555566,7034.83979000002,16125.657528056801,12634.333333333334,6247.300000000014,8235.837499999945,10625.793499999432,6467.324199990428,6742.626066666666,12480.989166667005,732.0,10091.16672840785,6456.166666666836,8197.23084285714,8054.755220000006,9255.577714285037,11171.333333333334,3493.925366666702,3247.173233333061,1828.1072444444521,6571.004971428576,6715.833333333333,11567.764731428588,6225.071487529367,6147.567483333204,4490.333333333315,9279.68749999727,6110.585849971504,11560.206828571429,6934.97603333262,11757.167425007465,6162.666666666667,5900.1,8260.333333333483,7922.465,3019.081371428487,7254.80527145112,5423.598442857145,11987.500000000113,9974.628055748512,9910.875000213855,4493.833333333332,7215.888888888889,9544.55322222002,10916.125,12133.178971428462,14504.95412858595,11159.744114285748,10507.583333333609,13973.666666666712,9329.209642796335,6171.503479999995,14433.360285713747,9944.24425714513,6178.16783333227,2966.2807911115387,15657.333333333365,13575.876928573922,12256.601588889092,8656.59994308108,6191.66666666663,6070.251992856791,12226.272266663733,14437.833333333243,11403.8341142869,3314.800000002395,5628.333333333351,14602.605900019993,13834.310900000108,11175.624999999982,7207.329556666676,5741.270300000097,11134.804333333332,7823.372160000107,7666.083556694601,7824.571428573771,11537.552524995808,10731.456242857257,13933.500199996868,6631.250000000251,15542.73914289188,6239.131320032044,13844.71428571663,7083.280877777964,11900.764280250218,8423.66666666696,12494.409528959035,7843.428571428572,11782.504457138339,0.0,8410.875000069918,9928.167299670899,13136.049057142984,12544.008737163298,11500.288057137464,13057.333333332965,11982.500000000608,12532.758371390453
UY,12873.613450001438,7460.223722225265,203.0,11223.636133333895,11658.699999998817,16494.450000000026,10924.164242856828,8086.316666671289,12401.917457144586,1920.9812499997201,2280.222222222222,8327.166666657562,9001.999999999933,8152.165177803456,11110.7652666666,7239.225313366895,1367.6666666666667,8246.049999999957,19154.655285714263,4772.3372,5462.406350368679,6792.656228571475,11800.875000000664,11796.087328745341,11501.166666659416,11769.166666663068,9820.984428571512,4769.530814349192,11545.166666656745,9944.644233333334,10544.875000005657,12635.87973333361,11734.386988887714,10969.597833333353,11075.421699999999,7707.5833333336395,11110.299575000008,6352.9087333346615,11785.999999994361,10930.230599663242,15908.91496666211,12533.017597777824,12673.078466670937,11409.99223332794,11113.7130666667,11954.972199997557,18575.11111111111,10062.833333325972,19563.489933332432,19604.436711111113,12581.57250333213,19049.326433329705,11386.839875000001,9468.874999731703,9460.918633340098,19306.306166666425,7149.1449707314305,7371.200000010844,15988.966228873644,8042.728357141078,7781.710333328958,8032.753333342032,11310.321828571314,11628.180233332232,16668.69096665551,9831.090499998745,13466.166666674893,5445.889559999991,3287.0959571428557,14151.187029996969,18854.499999986532,14660.343871197185,11936.721414285674,9629.01855000075,13208.900571428368,11865.237500000361,11750.658899996413,14081.00000000002,9969.511650004548,11829.750000000518,12897.579999998643,12132.077700000145,15717.437857142451,6756.166666671353,16665.35325654347,10286.09999999799,11148.46505714695,11878.000000000564,9558.238014291597,12417.000000008506,9904.841560362436,8410.875000069918,0.0,14983.58660002106,20010.51740000002,12732.03114286003,11629.499999142996,7824.090143181627,8537.999999985763,8628.250000001684
UZ,2244.269866620615,7904.791412483463,16068.975875005919,4121.535329592084,11838.404278571794,2918.836599997318,4821.499999999632,7465.3469250029275,2934.7463285727895,14944.07573334169,13749.166666666271,8398.999999999993,9688.292859999307,7606.312499303455,4836.957276666699,7817.666666650759,16300.619500000541,7068.220830722219,3926.970171428565,14137.369666666962,14148.574999999753,11905.791521428268,4286.943157142545,4321.310900000296,4771.439375010722,4319.5,5452.283333329201,14802.749999999984,3629.7925142857357,5934.421904000082,4940.58333333342,3699.0833333404303,13119.462998951902,5146.1,5264.830128571575,7217.730512499529,3655.83096663644,13810.125000001073,3919.5000000009863,5609.161787777568,2049.6972142865966,1903.2836174994686,1714.6011819999862,5789.787499990264,4498.774999999988,2994.5796666675956,6019.842228600717,5750.896728976642,4821.043428433283,4852.0,2573.6242360942147,3917.738088890196,2975.6015252249213,6321.899999999875,7661.811464284963,3008.9489660097165,8262.273111117407,14041.676299994613,5321.092299997649,8036.566666666165,8932.632350049857,6401.148168590958,4834.671699999288,4412.492335716694,2229.366175267835,14249.8,2492.9520126626335,13835.586666664418,15532.124999996968,10102.74645001831,5730.743961119066,937.4166666685333,3794.8285714285716,6218.944925004723,3063.644359999982,3260.3002833277505,3826.577150086403,2798.333333333351,6654.766666663605,2686.9999999976317,11049.451733333377,3920.587092856804,5759.444142859626,8973.333333333218,4313.145342857146,4917.5,14201.724999999959,2901.021756880109,6171.833333337215,2782.8686800010596,5920.006300807012,9928.167299670899,14983.58660002106,0.0,4206.340380194741,12457.666666659725,13146.414866669451,8354.506614285745,7305.787500005281,7693.942625000187
VN,5395.049899726181,10490.116028570692,17538.379733333437,8330.384593333183,7740.170277777801,1884.375575000063,8399.293499999812,11255.00000000431,5986.925800001678,18984.929272338028,16649.744800000637,10118.054499996837,12508.499999585803,10446.33333333762,8795.4673571437,11646.375000007869,17261.834257135924,10559.695514673047,2321.515211111111,17552.424599999944,16995.062499280073,15442.625000004113,8298.149999999963,8330.086250065136,7512.249999996557,8308.661007073453,9976.736142524398,17242.299539945565,8122.602755186837,10098.542349999965,7425.36151985794,7808.480551999887,8531.166666680743,9190.3,9232.24999999304,11378.833333335058,7756.072833335215,16256.211866661362,8086.283609223071,9206.999999999998,3002.9333333333516,6323.827100015751,5519.891250000049,9019.845750000293,8724.212683333335,7143.6779857142665,3724.0,8523.216666669394,1043.1129333370789,2742.6666666666665,6388.233333343172,479.0,7204.833333332943,10448.180000001854,8451.474999309183,3001.2499999987363,11957.500000014023,14412.222366666632,2042.8749999999943,10036.16666666595,10971.833333326133,10758.195799461399,8318.403057142903,8368.583333333296,2283.468420010667,9410.749066667036,5228.0386428488555,16775.003657142253,19008.98346999998,5366.445833337634,1754.166666666724,3520.9297431374985,7837.702035555551,10073.126066665842,5637.872057142842,7899.866666665354,8091.00000000379,6729.750000000179,9197.032785706586,6602.137042858747,6449.333333321354,8324.43676261241,2204.6666666666665,13044.17980000035,992.0,9420.092485713836,8956.500000001413,7206.916301248475,8223.150000000101,7230.41666666666,8749.471433338185,13136.049057142984,20010.51740000002,4206.340380194741,0.0,7831.999998902449,9646.660049996668,10245.687500504293,9681.000471441304,9632.166666664754
VU,14083.411357145207,16996.537857188217,12183.869800007922,15999.666666666633,2691.2883428427385,10530.813275016439,16265.66061111115,19125.51482857273,13953.749999999674,12966.03634285323,14744.999999995047,14129.625000001875,12677.654733323932,16277.250000005066,16144.81587155771,18942.52041666582,11249.592157450952,18411.099999975533,8430.16666667071,14232.333333324932,12614.16666666677,13869.99999999708,15841.859488888344,15686.689243298939,14666.09914285779,15646.708033334091,17742.56250000007,13037.625000010796,16301.280111111853,17312.25307142867,15711.783333339105,14736.681828568939,1074.75,16285.371728571414,16256.333333333238,19275.68664444148,16261.50000000384,12676.062499998423,15840.166666666668,16037.101555555979,11340.642157128372,14539.049761114655,14515.333333319777,15892.29488889845,16287.038999999577,15913.738771440352,6431.554900001445,15887.644785743487,7434.231499989255,7182.875000082634,14126.83333333315,7863.999999999755,16053.317900000795,18496.557311884335,13804.959414519644,9045.554901115882,19103.90821476345,11756.055157141525,7500.977485109606,14726.824999976407,15105.354257114988,19078.665270005105,16168.270779816003,15119.135373337254,10507.399999967594,2549.4058714296525,13977.700000007488,13615.043142918117,12416.425209980298,2411.201466666733,5710.69999999993,12265.281611101085,15425.166666667244,17768.273725000257,14298.095585714436,15735.04887142879,15820.659955555635,14273.071571428369,16403.24999999323,14273.33333333075,1193.9207066707488,15168.110685712669,7429.7803666667905,19265.554171806543,7675.092466663636,17732.799999994568,1890.9311666669207,15304.636565709076,14917.766666666581,15563.96332819858,16529.861233338073,12544.008737163298,12732.03114286003,12457.666666659725,7831.999998902449,0.0,1887.5000000000157,13378.914900004158,15826.999999986025,14319.739899999799
WS,14661.486449981394,17747.66666667527,10612.199999981332,16223.31249999985,4471.124999999943,11982.99999997543,15851.176157417747,18920.63262777477,14803.20204285195,11270.999999999998,13408.809214299476,16136.310849985844,11574.124999991449,16930.634266624333,16337.999999998532,18849.757666665137,9496.484571424455,18883.312499987413,9568.113166664729,12185.083699972267,9532.805333334743,11482.871400031492,15871.38416666489,15646.57189999632,15933.814564314529,15013.062500002994,17201.193374062088,10217.855616655985,17034.558528574657,17296.810021909416,16709.438885714288,14435.083333323832,1144.1250000069704,16335.99999999999,16089.012599989603,18904.959450003484,16586.12500023748,10304.59140004576,15990.74999974161,15602.410366677244,12569.907329300646,15756.749999996042,14879.433071417752,14112.250001295175,16360.92524319924,16597.6882571427,7591.666666666644,16511.22083333101,9071.999999999996,8131.914642855972,15511.446771432495,9158.333333334642,16617.861780005598,17208.47033332565,15366.986000031653,10280.083333325461,18588.640333327738,9488.868399699539,9353.599999999995,16483.150000009417,16006.290474996926,18547.999999994943,15567.91288889342,14420.392457143187,11697.73604445922,3269.0094111111653,14806.583333333298,11280.416666609348,9836.323266666754,4405.497266662249,7758.250000001303,14148.333333329074,15557.749999999935,16679.817557542818,14748.197875013808,15900.838942868415,16220.155707036478,14392.733333340231,17746.501066728448,15342.329328572443,3116.666666659714,14575.399999998712,8344.545799997728,18835.913199427545,9722.137700002193,17219.16666666422,890.3333333333064,16004.175871421661,16443.326433307713,15545.046714286565,17369.06824286955,11500.288057137464,11629.499999142996,13146.414866669451,9646.660049996668,1887.5000000000157,0.0,14957.666666662382,16276.703733320142,15998.334433350823
ZA,6291.737433317372,2490.375000002139,8120.376699977441,8517.278400000168,10274.409644444442,8527.879371428593,8882.855679899305,5458.758135718202,6529.327224967812,9190.71259484361,7429.599100000027,258.0,12990.166666665418,2776.889128578746,8579.483333329747,5061.600000000584,9681.546400001227,3906.7353001994275,11715.0,11219.983771435669,11771.072077779969,12186.526588881934,8409.626114362127,8695.211533333486,4850.648499999187,9606.957228460242,7471.20251428573,11297.300000002368,6287.249999999987,8061.1830599398745,4781.429933451259,9712.85270000234,13939.421200002547,8690.0,9017.500000000151,4687.166666666667,7362.270850009046,12767.79551429238,8570.57574285694,9683.591314246703,8033.476800000012,6855.532066662407,7402.196177779645,10810.238319999999,7730.125000002139,6875.933466676739,13526.100000000053,2915.0049714285715,9656.558333310533,12440.875000018577,6653.290433336705,9839.782849121677,6937.6249997834375,7642.938842856973,2136.37499999999,11844.750000000437,6839.3666666371155,14367.436357142822,8542.764699805892,348.7413000002505,1167.4015571428336,4511.2388142857435,9015.902166666576,9624.395928571397,8271.583333333632,11400.490571867143,6302.562500000652,11554.000000000433,11010.99250000947,12525.97017654493,11485.714380066078,7995.312499999082,8692.25354285325,8159.583333332276,6910.300000000003,7938.172213873993,7936.28204444235,9188.573585714254,2740.0358399959564,6166.645599999373,13616.231786884555,9582.852828665527,8657.97547142856,6672.839624999537,9626.642044444396,7435.133571428038,14216.2520833325,7409.337455555548,2437.7413000000065,8318.370579798175,2921.8333333333912,13057.333333332965,7824.090143181627,8354.506614285745,10245.687500504293,13378.914900004158,14957.666666662382,0.0,961.3760999911243,925.0208799874144
ZM,5300.580528578486,1784.3333333333333,8183.358066666102,7384.916666666562,11413.311011111056,8138.89073333555,7625.863614284096,4832.616766669158,5182.468157148964,9276.616971421958,7790.736328571483,962.25,12307.5,1696.4114666794044,7445.83333333143,4826.8805000004495,9649.433749994878,2808.2407928548805,10975.096450019473,10871.916666664378,12266.568799598004,11806.83333333192,7317.8735571433335,7614.424728572925,3169.8802499767653,7844.499999999682,5457.453624993992,11149.112557141185,4891.0786600741385,7193.749999719885,2869.7034799936546,8022.10406666794,15774.290079985682,7597.937499999892,7924.503479999997,4307.238249996838,5750.33333332599,12828.641055559492,7225.4971285688425,8239.49343333317,7482.547710003938,5329.666666669249,5637.999999210104,9507.166666664447,6214.670388383437,4854.196042853645,12390.333333332499,1823.8333333333676,9213.416666661897,12102.84800000127,5410.029050021523,9300.358499600597,5289.26296666735,6519.273142850469,1828.416666667608,10465.125000002918,5956.697400002347,14393.209950000037,8485.594333329478,1195.8298100185432,1430.310516666413,3499.23449989135,7839.009285592333,8453.456428573534,7831.666666662814,12779.166666683728,5010.800000008856,11719.63277142623,11136.357777803798,14127.054683333692,11210.716729301832,7092.772766670572,7589.00515748476,7382.659810350124,5384.859207143005,6677.875000483802,6844.411314293205,7758.846924991775,1517.8653870142225,4655.74999998342,15116.99605715737,8082.374999999804,8892.299128573692,6009.060733333541,9221.460515029163,5948.035166653146,16248.220625000626,5894.333333322267,1017.0984428570772,7381.833128570021,1920.4587198911288,11982.500000000608,8537.999999985763,7305.787500005281,9681.000471441304,15826.999999986025,16276.703733320142,961.3760999911243,0.0,395.75
ZW,5480.08333333237,2163.004314285722,8179.375000034794,7622.343214288981,11222.325022170784,8098.9863257141715,7972.296685520505,5085.199999993343,5713.483477782266,9341.907270008069,7510.744357349553,916.0,12476.04870000164,2230.4093429302316,7620.561499999998,4883.871700002914,9430.741299999932,3193.58427856895,10604.083333333492,11187.81250000279,12225.641174990584,12068.24999942962,7518.3333333321825,7709.4791497116175,3467.0480597619216,8299.666666667035,6676.558528560507,11272.349959673049,5350.500000000018,7578.3913333334285,3134.000000000062,8648.135100011177,14893.250000000022,7888.749425067266,8284.9,4654.786166666019,6093.81557500084,12615.742985725494,7495.399866666671,8750.999999581401,7614.583333333336,5813.996459736076,6175.172028571306,9869.74163334012,6938.99999999936,5436.788899993645,12441.854499402627,1946.991300009276,9082.41037143706,12079.269771997106,5817.652000008039,9300.980274997193,5962.383333328604,7316.468814278951,1718.1666666666276,10863.630799999895,6273.249999094869,14851.69293333494,8450.737471007276,832.5,1482.8238999911237,4126.33333333428,8185.57715,8620.750000000475,8008.18749958545,12444.791533331345,5717.938000433155,11849.388840009246,11615.509966657273,13434.690464256812,11081.143885110674,7230.249999999993,7831.2314888882875,7616.562266665694,5598.419999985431,7017.733042865855,7174.875799999999,8197.616874999921,1624.416666667643,5398.397900000567,15006.999999982343,8418.281771226231,8286.448566666671,6587.10943333366,8972.643400011122,6628.422583345309,15002.972699986545,6345.34967779155,1513.829810022562,7619.418714292739,1948.5999999999824,12532.758371390453,8628.250000001684,7693.942625000187,9632.166666664754,14319.739899999799,15998.334433350823,925.0208799874144,395.75,0.0
