id,place_a_id,place_b_id,true_distance_km,n,mean,median,trimmed_mean,robust,std,variance,min,max,q1,q3,iqr,mad,cv,outliers,missing_samples,mean_ci_low,mean_ci_high,absolute_error_km,signed_error_km,relative_error,log_ratio_error
AO--AR,AO,AR,7779.757280725595,10,7774.1,7777.5,7772.5,7773.411500000042,19.069754994638906,363.6555555555555,7745.0,7816.0,7765.0,7780.0,15.0,7.5,0.00245298555390835,1,0,7764.0,7785.7,5.657280725594319,-5.657280725594319,-0.0007271795920433499,-0.000727444115368006
AO--AU,AO,AU,13288.474497523322,10,12044.4,12051.5,12048.125,12048.124999999369,187.3708147557197,35107.822222222225,11765.0,12294.0,11910.0,12205.25,295.25,153.5,0.015556674865972543,0,0,11940.6875,12152.09,1244.0744975233229,-1244.0744975233229,-0.09362056553257417,-0.09829725877174504
AO--BD,AO,BD,9121.283483960526,10,9902.1,9923.5,9919.875,9926.383950004945,166.5355817835936,27734.1,9578.0,10084.0,9851.0,10035.0,184.0,117.0,0.016818208438976946,0,0,9802.1,9992.545,780.8165160394747,780.8165160394747,0.08560379878692671,0.08213632878343782
AO--BR,AO,BR,6675.278533941141,10,6462.5,6440.0,6451.25,6458.3310000002475,272.215702869781,74101.3888888889,6170.0,6845.0,6213.75,6715.0,501.25,240.0,0.04212235247501447,0,0,6310.9875,6622.525,212.77853394114118,-212.77853394114118,-0.031875603820761454,-0.03239469151243694
AO--CA,AO,CA,10620.756402433968,10,10677.2,10698.5,10675.25,10674.283928572988,289.06662054120176,83559.51111111113,10175.0,11195.0,10481.25,10808.75,327.5,187.5,0.02707326083066738,0,0,10515.93,10832.0,56.44359756603262,56.44359756603262,0.005314461176521984,0.005300389262134347
AO--CD,AO,CD,549.1026827702303,10,546.3,544.5,546.25,546.3000000002793,6.733828364641057,45.34444444444445,538.0,555.0,541.5,553.0,11.5,6.0,0.012326246320045867,0,0,542.595,550.4,2.8026827702303763,-2.8026827702303763,-0.005104114145082673,-0.005117184630153223
AO--CL,AO,CL,8913.64308220524,10,8180.0,8179.0,8176.25,8171.015757146964,87.88123298583783,7723.11111111111,8065.0,8325.0,8112.75,8217.5,104.75,65.5,0.010743427015383597,0,0,8133.097500000001,8236.61,733.6430822052407,-733.6430822052407,-0.08230563815931219,-0.08589088296956149
AO--CN,AO,CN,11758.580047473492,10,11611.9,11617.0,11607.375,11607.57274285813,82.94234945631413,6879.433333333333,11495.0,11765.0,11550.0,11667.5,117.5,58.0,0.00714287493487837,0,0,11564.9875,11661.705,146.68004747349187,-146.68004747349187,-0.012474299352582822,-0.012552756573461821
AO--CO,AO,CO,9801.95415219586,10,9278.3,9195.0,9293.75,9255.104499956951,363.559577877776,132175.56666666668,8650.0,9783.0,9082.5,9605.0,522.5,197.5,0.03918385672782471,0,0,9058.9125,9496.5425,523.6541521958607,-523.6541521958607,-0.053423444352527424,-0.0549034287219631
AO--DE,AO,DE,6798.792115651933,10,6607.1,6552.0,6584.5,6559.883499994887,133.16276590031546,17732.322222222218,6500.0,6895.0,6530.5,6596.25,65.75,32.5,0.020154495300557802,2,0,6538.1849999999995,6685.905,191.6921156519329,-191.6921156519329,-0.028195025291422905,-0.028600137957191622
AO--DZ,AO,DZ,5158.666122203358,10,4816.0,4815.0,4816.875,4815.804333333524,10.749676997731399,115.55555555555554,4795.0,4830.0,4810.0,4823.75,13.75,5.0,0.00223207578856549,0,0,4810.0,4822.0,342.6661222033581,-342.6661222033581,-0.06642533439574479,-0.06873433462021412
AO--EG,AO,EG,4715.419795274749,10,5171.3,5290.0,5191.0,5285.893499995657,198.91709607550357,39568.01111111112,4875.0,5310.0,4987.5,5294.5,307.0,12.5,0.03846558816458213,0,0,5047.5,5293.0075,455.88020472525113,455.88020472525113,0.0966786043486694,0.09228616147424361
AO--ES,AO,ES,5722.316302190526,10,5770.4,5775.0,5773.125,5774.666666666667,13.72103008766713,188.26666666666662,5734.0,5785.0,5771.25,5775.0,3.75,0.0,0.002377829974987372,3,0,5761.2,5777.0,48.08369780947396,48.08369780947396,0.008402838163816168,0.008367730849499704
AO--ET,AO,ET,3446.282530254973,10,3498.8,3498.5,3498.5,3498.779875000066,8.148619514985345,66.4,3490.0,3510.0,3490.75,3504.5,13.75,7.5,0.0023289755101707286,0,0,3494.0,3503.8025000000002,52.51746974502703,52.51746974502703,0.015238875305194877,0.015123929932701027
AO--FI,AO,FI,7720.979613051022,10,7996.2,8032.5,8012.0,8035.333333343554,216.77730508519565,46992.399999999994,7615.0,8251.0,7936.5,8128.75,192.25,106.5,0.027110040404841756,1,0,7858.995,8115.6125,275.22038694897765,275.22038694897765,0.03564578599375702,0.035025179962878523
AO--FJ,AO,FJ,16614.26463120842,10,15758.0,15665.0,15722.5,15714.342929252924,367.03920468769786,134717.77777777778,15250.0,16550.0,15528.75,15925.0,396.25,192.5,0.02329224550626335,1,0,15555.9875,15973.5125,856.2646312084216,-856.2646312084216,-0.0515379193852495,-0.05291346867216608
AO--FR,AO,FR,6480.8047195500585,10,6502.2,6502.5,6502.25,6502.2,1.6865480854231356,2.8444444444444446,6500.0,6504.0,6500.5,6503.75,3.25,1.5,0.0002593811456773301,0,0,6501.2,6503.1,21.39528044994131,21.39528044994131,0.0033013308340243764,0.0032958934052675177
AO--GB,AO,GB,6807.150235507682,10,6830.0,6830.0,6830.0,6830.0,2.3570226039551585,5.555555555555556,6825.0,6835.0,6830.0,6830.0,0.0,0.0,0.0003450984778850891,2,0,6828.5,6831.5,22.849764492318172,22.849764492318172,0.0033567298651833006,0.0033511086233039096
AO--GH,AO,GH,2181.7570144061915,10,2399.8,2397.5,2400.0,2399.8000000001716,10.962562555250383,120.1777777777778,2385.0,2413.0,2391.25,2410.0,18.75,11.5,0.004568115074277182,0,0,2393.4975,2406.3,218.04298559380868,218.04298559380868,0.09993917019817783,0.09525487845539506
AO--GR,AO,GR,5296.817859625665,10,5461.2,5465.0,5465.5,5468.166666650829,181.92049545520337,33095.066666666666,5130.0,5758.0,5375.25,5539.0,163.75,97.5,0.0333114508634006,0,0,5358.9825,5565.6075,164.382140374335,164.382140374335,0.03103413119550842,0.030562309429163614
AO--IN,AO,IN,8015.072192343541,10,8586.9,8545.0,8580.125,8581.13385715685,309.38844695804517,95721.21111111113,8155.0,9073.0,8404.25,8840.0,435.75,255.0,0.0360302841488832,0,0,8405.8975,8771.5025,571.8278076564584,571.8278076564584,0.07134406202887371,0.06891399293640246
AO--IT,AO,IT,5617.9698794223505,10,5657.4,5787.5,5665.5,5777.208800075668,181.04278192982144,32776.48888888888,5440.0,5810.0,5451.25,5798.75,347.5,20.0,0.032001057363775134,0,0,5551.0,5764.402499999999,39.43012057764918,39.43012057764918,0.007018571018345056,0.006994055491245961
AO--JP,AO,JP,13857.461409152482,10,13584.0,13585.0,13583.125,13582.184749999979,18.281745601069453,334.2222222222223,13560.0,13615.0,13570.0,13588.75,18.75,15.0,0.001345829328700637,0,0,13573.8,13594.205,273.4614091524818,-273.4614091524818,-0.019733874847514845,-0.019931187904205727
AO--KE,AO,KE,2743.2396541926637,10,3161.0,3165.0,3163.75,3165.833333333261,17.90716802475106,320.66666666666674,3120.0,3180.0,3162.25,3171.0,8.75,5.0,0.0056650325924552545,2,0,3148.9,3170.205,417.7603458073363,417.7603458073363,0.15228722185057628,0.14174885572057547
AO--KR,AO,KR,12699.236686021166,10,12440.0,12432.5,12439.375,12438.397428571267,114.26091000668407,13055.555555555557,12240.0,12645.0,12377.5,12507.5,130.0,70.0,0.00918496061146978,0,0,12372.975,12508.5875,259.23668602116595,-259.23668602116595,-0.020413564407892625,-0.02062480088432642
AO--MA,AO,MA,5195.819618732341,10,5550.8,5543.5,5561.625,5559.724413935409,158.7260393116251,25193.955555555556,5240.0,5775.0,5462.5,5672.0,209.5,96.5,0.028595164536936134,0,0,5454.4725,5641.724999999999,354.98038126765914,354.98038126765914,0.06832038202170422,0.06608767871843921
AO--MX,AO,MX,12679.078203838877,10,12019.9,11965.0,12037.5,12021.091855538754,307.80493462220153,94743.87777777776,11534.0,12365.0,11797.75,12333.75,536.0,320.5,0.025607944710205704,0,0,11842.1,12191.914999999999,659.1782038388774,-659.1782038388774,-0.05198944223242478,-0.05338963990350199
AO--MY,AO,MY,9903.39358541899,10,9384.25,9369.25,9358.4375,9362.00727178125,184.08802996875647,33888.40277777778,9170.0,9805.0,9273.5,9451.5,178.0,103.5,0.01961670138463452,1,0,9284.63125,9499.70875,519.1435854189895,-519.1435854189895,-0.052420776872216544,-0.05384473272113952
AO--NG,AO,NG,2080.1823760601865,10,2192.2,2196.5,2201.625,2199.120999667001,134.8231763788737,18177.288888888892,1935.0,2374.0,2112.0,2282.25,170.25,95.0,0.0615013120969226,0,0,2106.8875000000003,2264.9100000000003,112.01762393981335,112.01762393981335,0.053849905291463884,0.05245003513182916
AO--NL,AO,NL,6826.04260195697,10,6823.8,6829.5,6824.625,6827.236266666706,21.49832034782666,462.1777777777778,6790.0,6851.0,6811.5,6837.25,25.75,12.0,0.0031504909797805706,0,0,6810.797500000001,6835.6,2.2426019569702476,-2.2426019569702476,-0.00032853617941489433,-0.0003285901592486638
AO--NO,AO,NO,7625.360370993152,10,7625.2,7602.0,7611.125,7605.75237499101,203.91980994716744,41583.288888888885,7380.0,7983.0,7487.5,7738.75,251.25,157.5,0.026742880179820523,0,0,7507.389999999999,7751.402499999999,0.16037099315235537,-0.16037099315235537,-2.1031267422115043e-05,-2.1031488582350222e-05
AO--NZ,AO,NZ,14143.139009143959,10,12552.8,12632.5,12593.125,12594.350814290225,266.50778600258565,71026.39999999998,11933.0,12850.0,12470.0,12723.75,253.75,155.5,0.021230943375389208,1,0,12386.47,12700.955,1590.3390091439596,-1590.3390091439596,-0.11244597172634437,-0.11928588255742853
AO--PE,AO,PE,9845.778856925126,10,9831.3,9840.0,9831.625,9844.999999998745,113.59875781793468,12904.677777777777,9645.0,10015.0,9815.0,9875.0,60.0,35.0,0.011554805348014473,3,0,9763.9875,9898.61,14.47885692512682,-14.47885692512682,-0.0014705649126928108,-0.0014716472545067733
AO--PH,AO,PH,12162.128893919244,10,12330.6,12342.5,12330.125,12334.166666669307,320.80322802476775,102914.71111111113,11815.0,12850.0,12167.5,12467.5,300.0,165.0,0.026016838436472494,0,0,12139.475,12534.3,168.47110608075673,168.47110608075673,0.0138521066130937,0.013757043065254911
AO--PK,AO,PK,7881.321787923071,10,7486.9,7497.5,7505.75,7505.604257141313,142.13330988117377,20201.87777777777,7155.0,7668.0,7450.25,7573.5,123.25,73.0,0.01898426717081486,1,0,7396.295,7562.8025,394.42178792307095,-394.42178792307095,-0.05004513183657372,-0.05134080271244646
AO--PL,AO,PL,6809.113037552695,10,6682.0,6680.0,6683.75,6687.500000000016,163.72741574539882,26806.666666666668,6415.0,6935.0,6616.25,6762.5,146.25,80.0,0.024502756022957022,0,0,6591.4375,6780.025,127.11303755269455,-127.11303755269455,-0.018668075687928515,-0.018844523625807384
AO--PT,AO,PT,5753.282352388308,10,5780.3,5780.0,5779.875,5779.9635222222105,5.056349144063003,25.566666666666666,5774.0,5790.0,5776.5,5783.75,7.25,4.5,0.0008747554874423478,0,0,5777.5,5783.3025,27.017647611692155,27.017647611692155,0.004696040617661771,0.00468504861807143
AO--RU,AO,RU,7506.107188793741,10,7291.6,7300.0,7271.375,7277.247533335353,349.0314216991549,121822.9333333333,6875.0,7870.0,6949.25,7558.75,609.5,303.0,0.047867604051121136,0,0,7086.1525,7486.24,214.50718879374108,-214.50718879374108,-0.02857768792777034,-0.02899398034906918
AO--SA,AO,SA,5193.3979905841725,10,5505.0,5447.5,5487.75,5477.37590000018,151.14893317519645,22846.0,5310.0,5838.0,5436.75,5560.75,124.0,64.5,0.027456663610389908,1,0,5421.09,5598.63,311.6020094158275,311.6020094158275,0.0599996399237597,0.058268568429351734
AO--SE,AO,SE,7571.629355004058,10,7566.1,7525.0,7562.0,7548.846728118685,222.89681219992556,49682.98888888888,7255.0,7910.0,7401.5,7716.25,314.75,133.5,0.029459934735190593,0,0,7437.6925,7698.0275,5.529355004057834,-5.529355004057834,-0.0007302728045454981,-0.0007305395836189556
AO--SG,AO,SG,10108.617908587756,10,10191.4,10204.0,10201.125,10204.499999999705,215.88536052472128,46606.48888888888,9835.0,10470.0,10078.0,10340.75,262.75,136.0,0.021183091677759804,0,0,10062.785,10304.8375,82.78209141224397,82.78209141224397,0.008189259121359866,0.008155909089866376
AO--SN,AO,SN,4274.775841417532,10,4518.5,4571.0,4524.0,4523.702344455805,192.81208468350732,37176.5,4210.0,4783.0,4353.0,4622.5,269.5,176.5,0.042671701822177124,0,0,4401.3724999999995,4627.905,243.72415858246768,243.72415858246768,0.05701448862442523,0.055448414102032606
AO--TH,AO,TH,9957.692589929997,10,10048.7,10052.5,10039.25,10049.623957019488,107.6104600450677,11580.011111111111,9890.0,10283.0,10016.75,10083.75,67.0,35.5,0.01070889369222563,3,0,9989.797499999999,10116.824999999999,91.00741007000397,91.00741007000397,0.009139407472976003,0.009097895824708938
AO--TR,AO,TR,5765.533175593958,10,5945.0,5980.0,5955.625,5955.624999997949,102.77375367497504,10562.444444444445,5735.0,6070.0,5873.75,6019.5,145.75,65.0,0.017287427026909174,0,0,5877.98,6002.320000000001,179.46682440604218,179.46682440604218,0.03112753303818319,0.03065289577295872
AO--TZ,AO,TZ,2502.0333905971356,10,2860.0,2875.5,2869.375,2869.937342645395,91.13725912051558,8306.0,2667.0,2978.0,2822.25,2922.75,100.5,61.0,0.03186617451766279,1,0,2799.98,2912.705,357.9666094028644,357.9666094028644,0.14307027665903052,0.1337178673136888
AO--UA,AO,UA,6776.4600893004845,10,6717.4,6740.0,6727.5,6738.333333337489,107.27348227777449,11507.599999999999,6514.0,6840.0,6688.75,6778.75,90.0,50.0,0.01596949448860787,1,0,6644.1925,6775.0125,59.06008930048483,-59.06008930048483,-0.00871547806999354,-0.008753679976203013
AO--US,AO,US,10643.935912153609,10,10429.1,10457.0,10440.75,10451.532066666854,132.93645098316716,17672.100000000006,10156.0,10609.0,10372.5,10515.5,143.0,63.0,0.012746684851345481,1,0,10341.195000000002,10499.4025,214.83591215360866,-214.83591215360866,-0.02018387877629944,-0.020390356326880806
AO--VN,AO,VN,10634.256207680037,10,10836.2,10880.0,10840.0,10840.486356203617,315.9552710959786,99827.73333333334,10390.0,11252.0,10586.25,11105.0,518.75,267.5,0.02915738645429012,0,0,10651.5,11022.1075,201.9437923199639,201.9437923199639,0.018989931065806043,0.01881187300021415
AO--ZA,AO,ZA,2450.091998989052,10,2491.6,2492.5,2492.0,2491.98292857144,3.6575644598253874,13.377777777777778,2485.0,2495.0,2488.5,2495.0,6.5,2.5,0.0014679581232241883,0,0,2489.4,2493.8,41.50800101094774,41.50800101094774,0.016941405068901336,0.01679949993844785
AR--AU,AR,AU,11758.30968994146,10,11797.9,11802.5,11814.875,11814.874999999442,82.58389673538056,6820.1,11585.0,11875.0,11790.0,11852.0,62.0,33.5,0.006999881058101913,1,0,11748.435,11838.304999999998,39.590310058540126,39.590310058540126,0.003367006917023737,0.0033613512408123794
AR--BD,AR,BD,16776.827494420908,10,17199.4,17075.0,17148.0,17134.98892936645,319.96916518106343,102380.26666666665,16875.0,17935.0,16991.0,17300.0,309.0,162.5,0.018603507400319977,1,0,17034.4725,17406.9375,422.57250557909356,422.57250557909356,0.025187867355709475,0.024875881020769233
AR--BR,AR,BR,2333.5144810867555,10,2341.4,2340.0,2340.75,2340.25,2.988868236194653,8.933333333333335,2340.0,2348.0,2340.0,2340.0,0.0,0.0,0.0012765303819059761,2,0,2340.0,2343.6,7.885518913244596,7.885518913244596,0.0033792457587716283,0.003373548938186094
AR--CA,AR,CA,9031.715831568095,10,8981.5,8982.5,8981.25,8982.097833333344,5.296749527356901,28.055555555555557,8975.0,8990.0,8976.25,8985.0,8.75,2.5,0.000589739968530524,0,0,8978.0,8984.5,50.21583156809538,-50.21583156809538,-0.0055599437033413465,-0.00557545772176909
AR--CD,AR,CD,8250.16360355336,10,7865.0,7847.5,7860.0,7851.14850000021,44.47221354708778,1977.777777777778,7820.0,7950.0,7832.5,7890.0,57.5,17.5,0.005654445460532458,0,0,7840.5,7895.5,385.1636035533593,-385.1636035533593,-0.04668557159126743,-0.047810494373462555
AR--CL,AR,CL,1139.660312749686,10,851.0,850.0,850.875,850.6666666666666,1.3333333333333333,1.7777777777777777,850.0,853.0,850.0,852.0,2.0,0.0,0.0015667841754798276,0,0,850.2,851.8,288.660312749686,-288.660312749686,-0.253286272690525,-0.29207339714070163
AR--CN,AR,CN,19261.112952664003,10,19267.4,19266.0,19267.25,19266.66666666665,1.8973665961010278,3.6000000000000005,19266.0,19270.0,19266.0,19269.5,3.5,0.0,9.847548688982569e-05,0,0,19266.4,19268.6,6.287047335998068,6.287047335998068,0.00032641142552089687,0.00032635816490105777
AR--CO,AR,CO,4640.374060415398,10,4682.5,4685.0,4685.0,4684.888888888889,7.905694150420948,62.5,4660.0,4685.0,4685.0,4685.0,0.0,0.0,0.00168834899101355,1,0,4677.5,4685.0,42.12593958460184,42.12593958460184,0.009078134442642495,0.009037175878439708
AR--DE,AR,DE,11887.678205229642,10,11904.8,11900.0,11902.875,11900.42857142857,8.586811592979862,73.73333333333335,11900.0,11925.0,11900.0,11907.5,7.5,0.0,0.0007212898656827382,1,0,11900.975,11910.2075,17.121794770357155,17.121794770357155,0.0014402976321166664,0.0014392613983527681
AR--DZ,AR,DZ,10143.842601055805,10,9828.7,9824.0,9822.125,9822.00000000098,62.38776589471155,3892.2333333333336,9745.0,9965.0,9792.75,9845.25,52.5,30.0,0.0063475094259374636,1,0,9793.797499999999,9864.9025,315.14260105580433,-315.14260105580433,-0.031067378847440243,-0.03156020392328331
AR--EG,AR,EG,11806.270501311932,10,11800.0,11800.0,11800.0,11800.0,0.0,0.0,11800.0,11800.0,11800.0,11800.0,0.0,0.0,0.0,0,0,11800.0,11800.0,6.270501311932094,-6.270501311932094,-0.0005311161819674812,-0.0005312572741265774
AR--ES,AR,ES,10020.91071488952,10,10034.5,10030.0,10031.875,10030.142857142857,11.890705987824646,141.38888888888889,10025.0,10065.0,10030.0,10030.0,0.0,0.0,0.0011849824094697938,3,0,10029.0,10043.0125,13.589285110479977,13.589285110479977,0.0013560928240073436,0.0013551741605684299
AR--ET,AR,ET,11225.784843590129,10,10254.7,10255.0,10268.75,10266.450143326785,187.72559761524263,35240.899999999994,9905.0,10492.0,10130.0,10405.0,275.0,135.0,0.018306298342734808,0,0,10133.6825,10362.1325,971.084843590128,-971.084843590128,-0.08650485085188614,-0.09047721336086337
AR--FI,AR,FI,12925.656160584465,10,12626.8,12627.5,12626.25,12626.250000000007,9.199033765685515,84.62222222222222,12613.0,12645.0,12620.0,12630.0,10.0,7.5,0.000728532467900459,0,0,12621.6,12632.5,298.8561605844661,-298.8561605844661,-0.023121159720757466,-0.023392646626158878
AR--FJ,AR,FJ,11642.45746949547,10,11541.0,11600.0,11555.0,11585.813714288395,146.81431961646126,21554.44444444444,11270.0,11700.0,11546.25,11618.75,72.5,40.0,0.012721109056100967,2,0,11448.4875,11618.0,101.45746949546992,-101.45746949546992,-0.008714437631513772,-0.008752630390629273
AR--FR,AR,FR,11025.630755006467,10,11082.1,11082.0,11083.875,11083.484788888867,9.267026371915524,85.8777777777778,11060.0,11090.0,11080.0,11090.0,10.0,6.5,0.000836215732750609,1,0,11075.6975,11086.9,56.46924499353372,56.46924499353372,0.005121633968006087,0.005108563011528447
AR--GB,AR,GB,11102.268069921352,10,11118.0,11112.5,11116.25,11113.333333333516,17.98147194568157,323.3333333333333,11100.0,11150.0,11110.0,11118.75,8.75,5.0,0.0016173297306783206,2,0,11108.5,11127.5125,15.731930078647565,15.731930078647565,0.0014170014612842085,0.0014159984621026364
AR--GH,AR,GH,7539.559525025004,10,7455.3,7445.0,7441.75,7445.255000932699,225.52804703628325,50862.899999999994,7195.0,7824.0,7263.75,7603.75,340.0,200.0,0.03025070044616357,0,0,7330.865,7601.78,84.25952502500422,-84.25952502500422,-0.01117565618327349,-0.011238573026016148
AR--GR,AR,GR,11672.738469495696,10,10843.4,10477.5,10808.375,10489.663600002632,504.40596524801106,254425.37777777773,10447.0,11520.0,10453.5,11408.75,955.25,29.0,0.046517325308299155,0,0,10562.192500000001,11151.6,829.3384694956967,-829.3384694956967,-0.0710491776769438,-0.07369947771256974
AR--IN,AR,IN,15794.7526620095,10,15905.0,15900.0,15912.5,15904.965200035605,44.03281604540969,1938.888888888889,15800.0,15950.0,15900.0,15940.0,40.0,10.0,0.002768488905715793,1,0,15878.0,15927.0,110.24733799050045,110.24733799050045,0.006979997746699387,0.0069557503283241605
AR--IT,AR,IT,11131.20670997276,10,11142.0,11145.0,11142.5,11143.965857160225,9.189365834726814,84.44444444444444,11130.0,11150.0,11132.5,11150.0,17.5,5.0,0.0008247501197923905,0,0,11137.0,11147.0,10.7932900272408,10.7932900272408,0.0009696424034216156,0.0009691726038934792
AR--JP,AR,JP,18370.21725262342,10,18375.0,18375.0,18375.0,18375.0,0.0,0.0,18375.0,18375.0,18375.0,18375.0,0.0,0.0,0.0,0,0,18375.0,18375.0,4.782747376579209,4.782747376579209,0.000260353337731822,0.0002603194516830912
AR--KE,AR,KE,10410.808770079677,10,9879.0,9720.0,9854.375,9800.709666695513,334.45478020204763,111859.99999999999,9545.0,10410.0,9631.25,10123.75,492.5,165.0,0.03385512503310534,0,0,9694.9875,10091.0,531.8087700796768,-531.8087700796768,-0.05108236850993535,-0.052433279197005765
AR--KR,AR,KR,19431.621304450513,10,19457.0,19420.0,19445.0,19423.916142857262,75.57924465236619,5712.222222222223,19410.0,19600.0,19420.0,19430.0,10.0,5.0,0.0038844243538246484,2,0,19420.0,19509.0,25.37869554948702,25.37869554948702,0.001306051366062513,0.0013051992228583138
AR--MA,AR,MA,9305.417619305188,10,9094.5,9015.0,9083.75,9036.97799999553,232.99320447887175,54285.83333333334,8785.0,9490.0,8951.25,9238.75,287.5,90.0,0.025619132935166503,0,0,8970.9625,9241.0,210.91761930518805,-210.91761930518805,-0.022666109994635225,-0.022926935061297185
AR--MX,AR,MX,7372.308131811268,10,7378.5,7375.0,7377.5,7375.666666666667,5.296749527356901,28.055555555555557,7375.0,7390.0,7375.0,7380.0,5.0,0.0,0.0007178626451659418,1,0,7376.0,7381.5,6.19186818873186,6.19186818873186,0.0008398819037438427,0.0008395294002980948
AR--MY,AR,MY,15967.59980860726,10,15900.3,15903.5,15902.25,15902.221055555026,47.907433893104965,2295.1222222222223,15820.0,15965.0,15867.5,15942.0,74.5,42.5,0.0030129893079441877,0,0,15872.495,15927.92,67.29980860726027,-67.29980860726027,-0.004214773003703576,-0.004223680196113032
AR--NG,AR,NG,8446.362395848217,10,8035.5,8002.5,8026.25,8006.513928572683,106.93845582078195,11435.833333333334,7915.0,8230.0,7968.75,8043.75,75.0,37.5,0.013308251611073605,2,0,7974.9875,8102.575,410.8623958482167,-410.8623958482167,-0.04864370916054642,-0.04986663797808978
AR--NL,AR,NL,11420.79314209203,10,11443.8,11444.5,11443.25,11443.592033333334,3.6453928305312844,13.28888888888889,11440.0,11452.0,11440.5,11445.0,4.5,1.5,0.0003185474082499943,1,0,11441.8,11445.9025,23.00685790796888,23.00685790796888,0.002014471116123774,0.002012444790045562
AR--NO,AR,NO,12224.016263540156,10,11719.8,11710.0,11711.0,11713.279625568632,140.3026886572187,19684.844444444447,11565.0,11945.0,11600.75,11817.5,216.75,122.5,0.011971423459207386,0,0,11637.8925,11805.5,504.21626354015643,-504.21626354015643,-0.04124800332964643,-0.04212284372619967
AR--NZ,AR,NZ,10003.231625456845,10,10336.0,10340.0,10336.25,10339.333333333352,5.163977794943222,26.666666666666664,10330.0,10340.0,10330.0,10340.0,10.0,0.0,0.0004996108547739186,0,0,10333.0,10339.0,332.768374543155,332.768374543155,0.033266087100923006,0.032724743706284254
AR--PE,AR,PE,3130.6695211171427,10,3138.7,3138.5,3138.75,3138.666666666649,1.0593499054713804,1.1222222222222227,3137.0,3140.0,3138.0,3139.75,1.75,0.5,0.00033751231575855623,0,0,3138.1,3139.3,8.030478882857096,8.030478882857096,0.002565099519029244,0.0025618152663489974
AR--PH,AR,PH,17788.20333536327,10,19996.0,19996.0,19996.0,19996.0,0.0,0.0,19996.0,19996.0,19996.0,19996.0,0.0,0.0,0.0,0,0,19996.0,19996.0,2207.7966646367313,2207.7966646367313,0.1241157762261235,0.11699674992687273
AR--PK,AR,PK,15601.725953155386,10,15004.8,14965.0,14987.25,14967.346349986447,251.15369353799636,63078.1777777778,14730.0,15420.0,14802.5,15094.75,292.25,179.0,0.016738223337731683,0,0,14871.5,15156.845,596.9259531553871,-596.9259531553871,-0.03826025113809035,-0.03901139624520788
AR--PL,AR,PL,12308.20746555706,10,12227.0,12225.0,12231.25,12231.511,71.80993431738165,5156.666666666666,12100.0,12320.0,12190.0,12290.0,100.0,60.0,0.005873062428836317,0,0,12182.95,12266.025,81.20746555705955,-81.20746555705955,-0.006597830413917561,-0.0066196923107862335
AR--PT,AR,PT,9574.20669056964,10,9578.5,9580.0,9578.125,9578.226714268334,6.258327785172862,39.166666666666664,9570.0,9590.0,9575.0,9580.0,5.0,5.0,0.0006533724262852077,1,0,9574.5,9582.0,4.29330943036075,4.29330943036075,0.00044842456081395815,0.0004483240485676781
AR--RU,AR,RU,13459.503231297233,10,13476.0,13476.0,13476.0,13476.0,0.0,0.0,13476.0,13476.0,13476.0,13476.0,0.0,0.0,0.0,0,0,13476.0,13476.0,16.49676870276744,16.49676870276744,0.0012256595521599703,0.0012249090446729816
AR--SA,AR,SA,12854.981363911493,10,11990.3,11952.0,11976.0,11969.990899735403,131.31222334573428,17242.900000000005,11835.0,12260.0,11902.5,12055.0,152.5,75.5,0.01095153777184343,0,0,11920.48,12070.61,864.6813639114935,-864.6813639114935,-0.06726430318591996,-0.06963340142451668
AR--SE,AR,SE,12541.33572639846,10,12116.2,12230.0,12121.5,12190.402500217711,184.38474268044342,33997.73333333334,11875.0,12315.0,11917.5,12250.0,332.5,62.5,0.015218033928165878,0,0,12008.192500000001,12222.025,425.13572639845916,-425.13572639845916,-0.03389875972330317,-0.03448664666206749
AR--SG,AR,SG,15887.309757265864,10,15871.6,15873.0,15871.375,15871.375,8.126773310757748,66.04444444444445,15859.0,15886.0,15865.0,15875.0,10.0,7.5,0.0005120323918670926,0,0,15866.9975,15876.4,15.709757265864027,-15.709757265864027,-0.0009888242569626594,-0.0009893134661894732
AR--SN,AR,SN,6965.255742849274,10,6961.5,6960.0,6961.875,6961.482599999963,11.559027256266468,133.61111111111111,6940.0,6980.0,6960.0,6967.5,7.5,5.0,0.0016604219286456177,2,0,6955.0,6968.0,3.7557428492737017,-3.7557428492737017,-0.0005392110480838342,-0.0005393564746404623
AR--TH,AR,TH,16880.505738924476,10,17137.1,17115.0,17137.0,17137.09999999756,102.08759855035173,10421.877777777776,17025.0,17250.0,17038.75,17250.0,211.25,87.0,0.00595711051171737,0,0,17081.5,17196.6,256.5942610755228,256.5942610755228,0.015200626393784304,0.015086254433004438
AR--TR,AR,TR,12466.927062320188,10,11801.7,11800.0,11801.25,11801.41647138224,12.31124147544295,151.5666666666667,11785.0,11822.0,11795.5,11811.75,16.25,9.5,0.0010431752608050491,0,0,11794.9975,11809.3,665.2270623201875,-665.2270623201875,-0.05335934500898442,-0.054835713994664706
AR--TZ,AR,TZ,10004.640819282862,10,9371.0,9380.0,9370.0,9369.99999999803,164.07654040450484,26921.11111111111,9140.0,9610.0,9272.5,9470.0,197.5,107.5,0.017508968136218637,0,0,9272.5,9463.5125,633.6408192828621,-633.6408192828621,-0.06333468944348188,-0.0654292531279324
AR--UA,AR,UA,12807.053139985803,10,12817.1,12818.0,12817.625,12817.559422222223,3.314949304120485,10.988888888888889,12810.0,12820.0,12815.0,12820.0,5.0,2.0,0.0002586348943302686,0,0,12815.1,12818.9,10.046860014197591,10.046860014197591,0.0007844786700251584,0.0007841711274630826
AR--US,AR,US,8360.953336333787,10,8368.6,8364.5,8367.625,8365.716442841498,9.957688263626029,99.15555555555555,8360.0,8385.0,8360.25,8377.5,17.25,4.5,0.0011898869898938924,0,0,8363.4975,8374.8,7.646663666213499,7.646663666213499,0.0009145683941308183,0.0009141504312746272
AR--VN,AR,VN,17861.954046251605,4,18065.25,17494.0,18065.25,17494.0,1320.8220609403322,1744570.9166666667,17235.0,20038.0,17428.5,18130.75,702.25,130.0,0.07311396526150107,1,6,17300.0,19401.75,203.29595374839482,203.29595374839482,0.011381506929308062,0.01131722487062386
AR--ZA,AR,ZA,8148.626185145644,10,8119.1,8115.0,8118.125,8115.666666666667,6.349978127696364,40.322222222222216,8115.0,8131.0,8115.0,8120.0,5.0,0.0,0.0007821036971704208,2,0,8116.0,8123.3,29.526185145643467,-29.526185145643467,-0.003623455595431236,-0.003630036211847433
AU--BD,AU,BD,8995.963141163435,10,9023.7,9066.5,9052.75,9061.697966668087,136.10947391305606,18525.78888888889,8680.0,9135.0,8982.5,9110.0,127.5,48.5,0.015083554851452958,1,0,8937.4875,9090.0075,27.73685883656617,27.73685883656617,0.003083256167385653,0.0030785126808438243
AU--BR,AU,BR,14075.358195321549,10,13993.2,13955.0,13989.0,13980.333333331922,177.2228979436787,31407.955555555556,13745.0,14275.0,13916.25,14091.75,175.5,113.5,0.012664929961958572,0,0,13887.692500000001,14093.9025,82.15819532154819,-82.15819532154819,-0.005837023412225233,-0.0058541254157181205
AU--CA,AU,CA,16104.729525959248,10,16250.0,16250.0,16253.125,16250.0,64.42049363362563,4150.0,16130.0,16345.0,16250.0,16250.0,0.0,0.0,0.003964338069761577,4,0,16212.0,16288.0,145.27047404075165,145.27047404075165,0.00902036099436441,0.00897992054781588
AU--CD,AU,CD,13504.360503430844,10,12562.0,12545.0,12571.875,12562.853856443593,227.10986083587144,51578.88888888889,12150.0,12895.0,12457.5,12711.25,253.75,145.0,0.01807911644928128,0,0,12434.9875,12690.525,942.3605034308439,-942.3605034308439,-0.06978194215056929,-0.07233624951297934
AU--CL,AU,CL,11345.088282272682,10,11343.0,11340.0,11342.5,11340.428571426228,4.83045891539648,23.333333333333336,11340.0,11350.0,11340.0,11347.5,7.5,0.0,0.0004258537349375368,0,0,11340.0,11346.0,2.088282272681681,-2.088282272681681,-0.0001840692836163061,-0.000184086226446082
AU--CN,AU,CN,8980.130816239809,10,8964.7,8965.0,8964.0,8964.35325,5.250396810400779,27.56666666666667,8960.0,8975.0,8960.0,8965.0,5.0,5.0,0.0005856745691881244,1,0,8962.0,8967.9,15.430816239808337,-15.430816239808337,-0.0017183286697675948,-0.0017198066898685082
AU--CO,AU,CO,14436.399681031653,10,14292.5,14315.0,14306.875,14311.811666666767,69.01086870921131,4762.500000000001,14120.0,14350.0,14272.5,14336.25,63.75,25.0,0.004828467287683142,1,0,14245.9625,14328.0,143.89968103165302,-143.89968103165302,-0.009967837148532705,-0.010017848652461388
AU--DE,AU,DE,16060.205223180863,10,16093.8,16090.0,16092.25,16090.666666666666,6.5625198412398476,43.06666666666668,16090.0,16110.0,16090.0,16094.0,4.0,0.0,0.000407766956296204,1,0,16090.4,16098.0,33.594776819136314,33.594776819136314,0.0020918024615679586,0.002089617689010052
AU--DZ,AU,DZ,16979.37379367375,10,17309.4,17275.0,17307.5,17292.23900051627,170.19152609796868,28965.155555555553,17056.0,17578.0,17198.75,17393.75,195.0,105.0,0.009832318052501454,0,0,17207.197500000002,17413.3075,330.0262063262526,330.0262063262526,0.019436889153663324,0.019250405392534222
AU--EG,AU,EG,14263.93286552806,10,14403.5,14407.5,14405.0,14405.948785740342,13.343745934165396,178.05555555555554,14380.0,14415.0,14392.5,14415.0,22.5,7.5,0.0009264238507422082,0,0,14395.5,14411.0,139.56713447193943,139.56713447193943,0.009784618014379062,0.009737058621548549
AU--ES,AU,ES,17574.421466877073,10,17628.6,17630.0,17632.5,17630.333333333314,16.077589647981718,258.4888888888889,17585.0,17641.0,17630.0,17637.5,7.5,0.0,0.0009120173835688438,1,0,17617.6,17635.3,54.17853312292573,54.17853312292573,0.0030828060670467753,0.0030780639639130846
AU--ET,AU,ET,12442.084906893078,10,11769.5,11690.0,11764.125,11752.813427905085,251.28790482454804,63145.61111111111,11442.0,12140.0,11618.75,11963.5,344.75,190.0,0.02135077147071227,0,0,11625.875,11915.625,672.5849068930784,-672.5849068930784,-0.054057251009471695,-0.055573230799106095
AU--FI,AU,FI,15202.304817605685,10,15189.3,15194.5,15189.125,15189.125,20.699167991867586,428.45555555555563,15160.0,15220.0,15175.0,15199.25,24.25,19.5,0.0013627466698180684,0,0,15176.4975,15202.105,13.004817605686185,-13.004817605686185,-0.0008554503913528555,-0.0008558164978443703
AU--FJ,AU,FJ,3459.5502950524574,10,3266.6,3257.5,3263.25,3262.8178750006896,39.81959316718341,1585.6,3225.0,3335.0,3231.25,3297.0,65.75,27.5,0.012189920151589853,0,0,3244.99,3291.7075,192.95029505245748,-192.95029505245748,-0.055773230216770636,-0.05738891945737856
AU--FR,AU,FR,16917.63537856836,10,16955.0,16960.0,16960.0,16959.88888888889,15.811388300841896,250.0,16910.0,16960.0,16960.0,16960.0,0.0,0.0,0.0009325501799375935,1,0,16945.0,16960.0,37.364621431639534,37.364621431639534,0.0022086196206222695,0.00220618420558579
AU--GB,AU,GB,16976.59127449891,10,16933.0,16915.0,16930.0,16916.60866666673,28.30390628713837,801.111111111111,16910.0,16980.0,16910.0,16960.0,50.0,5.0,0.0016715234327725963,0,0,16917.0,16949.025,43.591274498910934,-43.591274498910934,-0.002567728338043386,-0.002571030606549277
AU--GH,AU,GH,15466.274445812925,10,15789.0,15872.5,15809.375,15821.647249978545,342.95124370026065,117615.55555555556,15280.0,16135.0,15520.0,16080.0,560.0,235.0,0.02172089706126168,0,0,15580.0,16001.575,322.7255541870745,322.7255541870745,0.02086640550171045,0.020651683904122257
AU--GR,AU,GR,15201.661293550262,10,15314.5,15312.0,15314.75,15315.53231433088,20.554804791094465,422.5,15277.0,15350.0,15312.0,15327.5,15.5,13.0,0.0013421792935515012,1,0,15302.6975,15327.1025,112.83870644973831,112.83870644973831,0.007422787830275718,0.007395374512601736
AU--IN,AU,IN,10338.502325503718,10,10093.0,10160.0,10093.75,10149.572666669232,225.47727158186032,50839.99999999999,9735.0,10445.0,9917.5,10220.0,302.5,70.0,0.0223399654792292,0,0,9961.975,10220.025,245.50232550371766,-245.50232550371766,-0.023746411015268226,-0.02403290153821856
AU--IT,AU,IT,16216.420011411574,10,16314.7,16315.0,16314.75,16314.7,0.4830458915396479,0.23333333333333328,16314.0,16315.0,16314.25,16315.0,0.75,0.0,2.960801556508228e-05,0,0,16314.4,16315.0,98.27998858842693,98.27998858842693,0.006060523131447435,0.006042232026373858
AU--JP,AU,JP,7916.886601720884,10,7974.0,7975.0,7974.5,7974.52175,6.0,36.0,7964.0,7980.0,7970.75,7979.5,8.75,5.0,0.0007524454477050414,0,0,7970.2,7977.3,57.113398279116154,57.113398279116154,0.0072141235756366,0.007188226262508773
AU--KE,AU,KE,11938.438068840167,10,12001.4,12042.5,12030.5,12029.190499999773,196.31505291240404,38539.6,11580.0,12190.0,11901.75,12155.0,253.25,130.0,0.01635767934677655,0,0,11870.3725,12108.4025,62.9619311598326,62.9619311598326,0.00527388346756733,0.005260025247224886
AU--KR,AU,KR,8383.398878278069,10,8342.5,8340.0,8341.875,8340.44478,6.587024281789835,43.388888888888886,8335.0,8355.0,8340.0,8343.75,3.75,1.5,0.0007895743819945861,2,0,8339.0,8346.8025,40.89887827806888,-40.89887827806888,-0.004878555687483812,-0.004890494686155793
AU--MA,AU,MA,17823.98557196807,10,17959.1,17950.0,17944.875,17941.500000001175,108.44706850195014,11760.766666666666,17822.0,18210.0,17896.25,17981.0,84.75,50.0,0.0060385580848678466,1,0,17903.094999999998,18024.905000000002,135.11442803192767,135.11442803192767,0.007580483471913445,0.007551895987485347
AU--MX,AU,MX,13179.187255642872,10,13827.8,13945.0,13899.75,13915.889366678844,328.4961694347947,107909.73333333334,12965.0,14115.0,13798.25,13993.0,194.75,81.5,0.023756213528890693,1,0,13604.0,13982.84,648.6127443571277,648.6127443571277,0.049214927428807426,0.04804219634819008
AU--MY,AU,MY,6520.550088731684,10,6442.0,6437.5,6441.875,6442.000000002552,115.40267664910454,13317.777777777777,6310.0,6575.0,6330.0,6563.75,233.75,115.0,0.017914106899892042,0,0,6372.5,6507.0125,78.5500887316839,-78.5500887316839,-0.01204654326134664,-0.012119690908028573
AU--NG,AU,NG,15163.69563184826,10,14639.2,14640.0,14640.25,14639.199999999271,88.44810154359826,7823.066666666668,14515.0,14755.0,14577.5,14711.5,134.0,86.0,0.006041867147357659,0,0,14587.48,14687.0,524.49563184826,-524.49563184826,-0.03458890527627471,-0.03520126346242203
AU--NL,AU,NL,16620.528265072542,10,16607.5,16598.5,16605.125,16602.874424999896,24.259018941416407,588.5,16584.0,16650.0,16590.0,16617.75,27.75,14.5,0.0014607267163279486,0,0,16594.197500000002,16621.9025,13.028265072542126,-13.028265072542126,-0.0007838658834882264,-0.0007841732669919951
AU--NO,AU,NO,15966.082912956443,10,15929.5,15917.5,15921.375,15918.635399999976,29.770417830083908,886.2777777777778,15914.0,16010.0,15915.0,15923.0,8.0,3.0,0.001868885892845595,2,0,15916.4,15950.7,36.58291295644267,-36.58291295644267,-0.0022912891756785075,-0.0022939181953858497
AU--NZ,AU,NZ,2331.7654440152487,10,2325.6,2325.0,2325.375,2325.4444444427886,0.966091783079296,0.9333333333333335,2325.0,2328.0,2325.0,2326.0,1.0,0.0,0.00041541614339495015,1,0,2325.1,2326.2,6.165444015248795,-6.165444015248795,-0.002644109865798524,-0.0026476116984720257
AU--PE,AU,PE,12870.966935523227,10,13198.5,12820.0,13055.0,12817.388142862064,840.8363891586362,707005.8333333335,12745.0,14800.0,12772.5,12846.25,73.75,45.0,0.06370696587935266,2,0,12791.5,13799.55,327.5330644767728,327.5330644767728,0.025447432669009337,0.02512903702045661
AU--PH,AU,PH,6269.920053818219,10,6270.3,6270.0,6268.75,6268.749999930646,20.75813093705693,430.9,6243.0,6310.0,6252.5,6280.0,27.5,15.0,0.003310548289086157,0,0,6259.097500000001,6282.5,0.37994618178163364,0.37994618178163364,6.0598249821424166e-05,6.0596413821639764e-05
AU--PK,AU,PK,10988.77817833369,10,10650.0,10610.0,10628.125,10626.474999568449,193.44824171395877,37422.22222222222,10425.0,11050.0,10526.25,10753.75,227.5,125.0,0.018164154151545424,0,0,10537.9875,10773.55,338.77817833369045,-338.77817833369045,-0.03082946737442123,-0.03131469431379714
AU--PL,AU,PL,15552.021357649579,10,15606.1,15606.0,15605.125,15605.125000000005,8.862530363527362,78.54444444444444,15595.0,15625.0,15600.0,15610.0,10.0,5.5,0.0005678888616327822,0,0,15600.9975,15611.5025,54.07864235042143,54.07864235042143,0.003477274182357122,0.003471242443117358
AU--PT,AU,PT,18058.241733092265,10,18060.2,18067.5,18066.5,18065.833333333336,45.07228761790454,2031.5111111111112,17955.0,18115.0,18045.0,18080.0,35.0,20.0,0.0024956693512754313,1,0,18030.895,18084.5,1.9582669077353785,1.9582669077353785,0.00010844172631418462,0.00010843584693522996
AU--RU,AU,RU,14468.762247285287,10,14470.9,14470.0,14470.5,14470.107600018564,5.626327003965869,31.655555555555555,14465.0,14480.0,14467.0,14473.75,6.75,4.0,0.0003888028390746857,0,0,14467.8,14474.5,2.1377527147124056,2.1377527147124056,0.0001477495226043612,0.00014773860871860963
AU--SA,AU,SA,12623.318465753277,10,12704.3,12680.0,12691.25,12691.548111111335,244.68667039024965,59871.56666666667,12390.0,13123.0,12496.25,12850.0,353.75,205.0,0.019260145808131866,0,0,12568.4375,12856.43,80.98153424672273,80.98153424672273,0.0064152334005058535,0.00639474337621773
AU--SE,AU,SE,15597.07886628645,10,15608.2,15598.5,15606.875,15598.982600000012,14.459137825841022,209.06666666666663,15597.0,15630.0,15597.0,15620.25,23.25,1.5,0.000926380865560476,0,0,15600.0925,15617.1,11.12113371355008,11.12113371355008,0.0007130267025570243,0.0007127726197890968
AU--SG,AU,SG,6204.591664762586,10,6049.0,6080.5,6077.5,6074.518422225514,130.67772062087198,17076.66666666667,5720.0,6150.0,6012.75,6141.25,128.5,67.0,0.021603194018990243,1,0,5965.9825,6115.9,155.59166476258633,-155.59166476258633,-0.02507685810272253,-0.025396639914750017
AU--SN,AU,SN,17367.8662451382,10,17233.0,17290.0,17253.75,17253.74999999714,464.78310353683617,216023.33333333337,16440.0,17860.0,16882.5,17592.5,710.0,390.0,0.02697052768158975,0,0,16969.95,17481.225,134.8662451382006,-134.8662451382006,-0.0077652742849717545,-0.007795581022702247
AU--TH,AU,TH,7462.848367041455,10,7360.8,7355.0,7362.25,7360.800000000587,54.05306035122649,2921.7333333333336,7290.0,7420.0,7320.0,7414.75,94.75,55.0,0.007343367616458332,0,0,7330.995,7393.31,102.0483670414551,-102.0483670414551,-0.013674184711046297,-0.013768537493732799
AU--TR,AU,TR,14491.126052008547,10,14359.7,14387.5,14380.875,14383.655679999436,90.2146206430963,8138.677777777776,14115.0,14435.0,14358.75,14391.5,32.75,16.0,0.006282486447704081,1,0,14300.675000000001,14398.2,131.42605200854632,-131.42605200854632,-0.00906941610588847,-0.009110793630131443
AU--TZ,AU,TZ,11694.349880853746,10,11233.5,11172.5,11216.875,11215.71099999595,210.81916948470842,44444.72222222222,10960.0,11640.0,11092.5,11362.5,270.0,145.0,0.018767006675097557,0,0,11111.5,11366.0,460.8498808537461,-460.8498808537461,-0.03940790942199018,-0.04020542362040404
AU--UA,AU,UA,14887.737081531282,10,14913.1,14915.0,14913.625,14915.142857142857,6.04520011616195,36.54444444444445,14902.0,14920.0,14915.0,14915.75,0.75,0.5,0.00040536173673897107,3,0,14909.1,14916.2,25.362918468717908,25.362918468717908,0.0017036113903557194,0.001702161890493825
AU--US,AU,US,15945.723803950415,10,15992.2,15977.5,15984.75,15983.303674999048,84.87873703113166,7204.4000000000015,15914.0,16130.0,15918.0,16035.0,117.0,59.5,0.005307508474827207,0,0,15941.8,16039.7,46.47619604958527,46.47619604958527,0.0029146495086081444,0.002910410153221461
AU--VN,AU,VN,7727.631084944442,10,7693.1,7745.0,7745.125,7745.125000000172,168.06245532208817,28244.98888888888,7215.0,7755.0,7740.25,7750.0,9.75,5.0,0.021845869067357523,1,0,7586.097500000001,7748.1025,34.53108494444132,-34.53108494444132,-0.004468521409066409,-0.004478535092899988
AU--ZA,AU,ZA,10839.833274898414,10,10279.8,10280.0,10281.625,10281.30433333332,10.454132622503357,109.28888888888892,10255.0,10290.0,10276.25,10288.25,12.0,5.0,0.0010169587562504482,1,0,10273.3,10285.0,560.0332748984147,-560.0332748984147,-0.051664380871546484,-0.053046810763946774
BD--BR,BD,BR,15592.505750516311,10,15945.6,15947.5,15956.5,15956.49999999859,121.38844902030651,14735.155555555553,15694.0,16110.0,15882.5,16028.75,146.25,86.5,0.007612661111548421,0,0,15867.8825,16013.1025,353.09424948368905,353.09424948368905,0.0226451254938288,0.02239253088672744
BD--CA,BD,CA,12219.959997048985,10,11828.8,11864.5,11835.5,11849.54213333341,99.76171610392436,9952.4,11630.0,11974.0,11777.0,11882.25,105.25,36.0,0.008433798534418061,0,0,11769.58,11882.807499999999,391.15999704898604,-391.15999704898604,-0.03200992451231001,-0.032533444353479817
BD--CD,BD,CD,8699.546891941973,10,8975.3,8875.0,8963.125,8934.541785321007,230.9973785325039,53359.788888888885,8665.0,9383.0,8838.75,9061.25,222.5,112.5,0.025737009184373102,0,0,8847.9875,9112.807499999999,275.75310805802656,275.75310805802656,0.031697410391964796,0.031205417081268578
BD--CL,BD,CL,17886.203807894904,10,17144.8,17140.0,17129.75,17137.499999999654,93.46633380825182,8735.955555555556,17030.0,17380.0,17123.75,17147.5,23.75,15.0,0.005451584959185982,3,0,17097.0,17205.3,741.4038078949052,-741.4038078949052,-0.04145115508343097,-0.042334758048812406
BD--CN,BD,CN,3026.7986717227063,10,3026.6,3026.5,3026.25,3026.358211118477,1.8973665961010275,3.5999999999999996,3025.0,3031.0,3025.0,3027.0,2.0,1.5,0.0006268970449022096,1,0,3025.6,3027.9,0.19867172270642186,-0.19867172270642186,-6.56375743000269e-05,-6.563972853985029e-05
BD--CO,BD,CO,16454.083310734804,10,16533.9,16514.5,16540.5,16546.013228060423,190.99531698738352,36479.21111111111,16230.0,16785.0,16458.75,16705.5,246.75,149.0,0.01155174018152907,0,0,16421.9,16649.1175,79.81668926519706,79.81668926519706,0.004850874263722967,0.004839146683880272
BD--DE,BD,DE,7083.361209694893,10,7134.4,7128.5,7136.125,7130.499233333498,35.67819128449946,1272.9333333333334,7070.0,7185.0,7115.0,7158.75,43.75,14.5,0.005000867807313784,0,0,7113.5,7155.6075,51.038790305106886,51.038790305106886,0.007205447921426179,0.007179612710165064
BD--DZ,BD,DZ,8249.865357774017,10,8381.4,8432.0,8391.75,8401.210957486637,126.11652460236041,15905.37777777778,8140.0,8540.0,8319.75,8463.75,144.0,70.5,0.015047190756002627,0,0,8306.265,8447.7075,131.53464222598268,131.53464222598268,0.015943853205075024,0.01581808503582673
BD--EG,BD,EG,5856.065710330734,10,5280.1,5261.5,5281.375,5278.5154285680455,100.31223476946589,10062.544444444442,5125.0,5425.0,5223.5,5346.25,122.75,80.0,0.01899816949858258,0,0,5222.575000000001,5342.0025,575.9657103307336,-575.9657103307336,-0.09835369663196704,-0.1035329606897168
BD--ES,BD,ES,8668.474277763522,10,8252.9,8259.5,8253.625,8254.399399999938,23.168225367227993,536.7666666666667,8215.0,8285.0,8237.25,8265.0,27.75,17.0,0.0028072829389945344,0,0,8237.685000000001,8265.4025,415.57427776352233,-415.57427776352233,-0.04794087914981286,-0.04912814438561466
BD--ET,BD,ET,5724.1496250866285,10,6065.2,6003.0,6055.0,6026.916499998758,132.44269200928628,17541.066666666662,5922.0,6290.0,5980.0,6172.0,192.0,57.5,0.021836492120504893,0,0,5990.5825,6151.63,341.05037491337134,341.05037491337134,0.059580967873146734,0.057873516639844025
BD--FI,BD,FI,6394.878508271938,10,6607.6,6635.0,6618.25,6628.326142637677,91.98937136672063,8462.044444444442,6420.0,6710.0,6591.25,6672.5,81.25,45.0,0.013921752431551642,1,0,6549.995,6654.635,212.72149172806257,212.72149172806257,0.03326435231770266,0.032723064773143865
BD--FJ,BD,FJ,10616.636231096905,10,11394.4,11390.0,11386.75,11389.785857140143,180.69077329945642,32649.155555555553,11115.0,11735.0,11283.75,11492.5,208.75,115.0,0.015857857658100157,0,0,11288.387499999999,11501.41,777.7637689030944,777.7637689030944,0.07325896375962919,0.07069978006494794
BD--FR,BD,FR,7923.795839306774,10,7907.9,7906.0,7907.625,7907.100928571428,4.383048152953731,19.211111111111112,7903.0,7915.0,7905.0,7910.0,5.0,2.5,0.0005542619599329445,0,0,7905.4975,7910.5025,15.895839306774178,-15.895839306774178,-0.0020060889539734597,-0.0020081038455712517
BD--GB,BD,GB,8015.217428089591,10,7997.5,7998.5,7997.5,7997.500000000002,7.074995092263708,50.05555555555556,7990.0,8005.0,7990.0,8004.5,14.5,6.5,0.0008846508399204387,0,0,7993.297500000001,8001.5025,17.717428089590612,-17.717428089590612,-0.002210473795445562,-0.00221292049889329
BD--GH,BD,GH,9833.431322059829,10,10052.6,10092.5,10050.75,10050.750000004822,124.35719163406318,15464.711111111115,9885.0,10235.0,9930.0,10137.5,207.5,110.5,0.0123706495467902,0,0,9976.6625,10125.4075,219.16867794017162,219.16867794017162,0.0222881180294105,0.022043367930747435
BD--GR,BD,GR,6434.574552380038,10,5999.2,5996.5,5995.75,5993.499999999865,71.21766322728902,5071.955555555555,5885.0,6141.0,5961.25,6023.25,62.0,34.0,0.011871193363663326,1,0,5958.884999999999,6043.1275000000005,435.37455238003804,-435.37455238003804,-0.0676617465282146,-0.0700595972311224
BD--IN,BD,IN,1425.4260591415405,10,1423.6,1424.0,1423.75,1423.6666666666667,0.6992058987801011,0.488888888888889,1422.0,1424.0,1423.25,1424.0,0.75,0.0,0.0004911533427789415,1,0,1423.1,1423.9,1.8260591415405543,-1.8260591415405543,-0.0012810619883295063,-0.0012818832497046102
BD--IT,BD,IT,7320.0470436892765,10,7274.7,7275.0,7275.5,7275.333333333351,4.423422506008969,19.56666666666667,7263.0,7280.0,7275.0,7276.5,1.5,0.0,0.0006080556594785997,2,0,7271.8,7276.8,45.34704368927669,-45.34704368927669,-0.0061949115106262964,-0.006214179592195608
BD--JP,BD,JP,4901.783530903048,10,4839.4,4899.0,4841.625,4880.510179877507,99.97799757946747,9995.600000000004,4720.0,4941.0,4725.5,4919.0,193.5,34.5,0.020659172124533512,0,0,4781.1,4895.8,62.38353090304827,-62.38353090304827,-0.01272670049784011,-0.012808378686509808
BD--KE,BD,KE,6417.460535353122,10,6865.5,6868.5,6866.875,6866.078228571453,47.03721930556695,2212.5,6775.0,6945.0,6838.75,6884.75,46.0,26.0,0.006851244527793598,0,0,6838.3,6892.8025,448.0394646468776,448.0394646468776,0.06981569456931988,0.0674863855713567
BD--KR,BD,KR,3797.612686267932,10,3726.8,3726.5,3726.0,3726.83012857142,8.508818954473059,72.39999999999999,3715.0,3745.0,3725.0,3730.0,5.0,3.5,0.0022831434352455346,3,0,3721.795,3732.0,70.8126862679319,-70.8126862679319,-0.018646632007521122,-0.01882267225667319
BD--MA,BD,MA,9196.660288262383,10,9031.0,8962.5,9010.0,9011.501055556286,207.96367204126997,43248.8888888889,8790.0,9440.0,8915.0,9166.25,251.25,157.5,0.023027756842129328,0,0,8913.9625,9164.125,165.6602882623829,-165.6602882623829,-0.0180130920431859,-0.01817730273608091
BD--MX,BD,MX,15118.666153073525,10,15418.6,15519.0,15422.875,15418.600000000164,978.1774662889937,956831.1555555555,14353.0,16450.0,14362.75,16407.5,2044.75,931.0,0.06344139327104885,0,0,14879.98,15988.322499999998,299.93384692647487,299.93384692647487,0.019838644751441932,0.019644423362442428
BD--MY,BD,MY,2578.596726870454,10,2630.3,2630.0,2630.125,2630.222222222222,0.6749485577105528,0.4555555555555555,2630.0,2632.0,2630.0,2630.0,0.0,0.0,0.0002566051620387609,2,0,2630.0,2630.8,51.70327312954623,51.70327312954623,0.020050934134356307,0.019852561475287266
BD--NG,BD,NG,8893.098615055616,10,8626.0,8580.0,8618.75,8619.434500603105,160.42997780270923,25737.777777777777,8445.0,8865.0,8495.0,8765.0,270.0,130.0,0.018598420797902762,0,0,8529.4625,8723.525,267.0986150556164,-267.0986150556164,-0.030034370090468852,-0.030494641195432617
BD--NL,BD,NL,7656.49679159308,10,7695.8,7691.5,7694.625,7692.56883333327,9.750213672872338,95.06666666666669,7685.0,7716.0,7690.0,7698.75,8.75,2.5,0.0012669525810016292,1,0,7690.6975,7701.905,39.30320840692002,39.30320840692002,0.005133314814429935,0.005120184270246
BD--NO,BD,NO,7181.762061567684,10,7326.4,7349.0,7335.875,7347.833333333878,70.69370551894986,4997.600000000001,7182.0,7395.0,7333.5,7362.75,29.25,16.0,0.009649173607631286,2,0,7279.79,7362.0025,144.63793843231542,144.63793843231542,0.020139617156954774,0.01993949749466868
BD--NZ,BD,NZ,11267.899459200993,10,11178.3,11165.0,11199.75,11189.875899996941,219.39565983755367,48134.455555555556,10710.0,11475.0,11098.75,11332.5,233.75,107.5,0.01962692536768146,1,0,11054.975,11298.8,89.5994592009938,-89.5994592009938,-0.007951744646410549,-0.007983528370703293
BD--PE,BD,PE,18167.538095071344,10,17482.3,17355.0,17468.125,17403.952166646122,428.96077261731574,184007.34444444446,16960.0,18118.0,17153.75,17876.25,722.5,252.5,0.024536861432266677,0,0,17235.45,17741.967500000002,685.238095071345,-685.238095071345,-0.037717718905306306,-0.03844743986766519
BD--PH,BD,PH,3362.196759695326,10,3288.7,3316.0,3312.75,3312.7499999950933,107.3737501544126,11529.12222222222,3005.0,3380.0,3272.5,3348.75,76.25,37.5,0.03264929916210436,1,0,3215.9925,3337.705,73.49675969532609,-73.49675969532609,-0.02185974377715663,-0.02210220795893193
BD--PK,BD,PK,2010.504192418624,10,1998.6,2024.5,2008.875,2024.6133571435155,60.869988956427086,3705.1555555555556,1873.0,2042.0,2022.5,2027.0,4.5,2.5,0.030456313897942105,3,0,1957.4975,2028.7025,11.904192418624007,-11.904192418624007,-0.005920998555244661,-0.005938597169153705
BD--PL,BD,PL,6568.012073729416,10,6667.5,6644.5,6660.0,6651.215800002399,89.16682242977049,7950.722222222222,6560.0,6835.0,6614.5,6714.0,99.5,49.0,0.013373351695503636,0,0,6617.8724999999995,6725.0,99.48792627058356,99.48792627058356,0.015147342171996467,0.015033766659849361
BD--PT,BD,PT,9173.202508931836,10,8612.1,8650.0,8624.25,8641.644499994205,155.10243926730058,24056.766666666666,8312.0,8815.0,8577.5,8711.0,133.5,72.5,0.01800982794757383,1,0,8518.785,8695.702500000001,561.1025089318355,-561.1025089318355,-0.06116757025537121,-0.06311827177506203
BD--RU,BD,RU,5553.2737926347245,10,5142.6,4985.0,5118.25,5009.6719598544005,251.91497683852694,63461.15555555557,4935.0,5545.0,4964.75,5377.5,412.75,41.0,0.04898591701445318,0,0,4998.1,5288.305,410.6737926347241,-410.6737926347241,-0.07395165590059659,-0.07682883824795958
BD--SA,BD,SA,4415.912406616781,10,4469.1,4300.0,4446.625,4332.01553333144,291.278579904378,84843.2111111111,4228.0,4890.0,4248.75,4762.75,514.0,70.5,0.0651761159751131,0,0,4311.884999999999,4655.3425,53.18759338321979,53.18759338321979,0.012044530888684244,0.01197257275160772
BD--SE,BD,SE,6768.471024295255,10,6919.0,6912.5,6914.375,6912.902166666739,40.4007700696685,1632.2222222222224,6855.0,7020.0,6910.0,6918.75,8.75,2.5,0.005839105372115697,2,0,6897.5,6946.5,150.52897570474488,150.52897570474488,0.02223973112456638,0.021996034846120324
BD--SG,BD,SG,2874.5622395689315,10,2895.4,2895.0,2895.375,2895.285714285714,0.9660917830792959,0.9333333333333333,2894.0,2897.0,2895.0,2895.75,0.75,0.0,0.00033366435831985074,2,0,2894.9,2896.0,20.837760431068546,20.837760431068546,0.007249020440132606,0.00722287257967077
BD--SN,BD,SN,11109.021139047307,10,11710.0,11590.0,11696.875,11696.875000008564,345.77095823038053,119557.55555555556,11215.0,12310.0,11458.75,11985.0,526.25,271.5,0.029527835886454357,0,0,11502.475,11913.3175,600.9788609526931,600.9788609526931,0.05409827323492088,0.05268568413604711
BD--TH,BD,TH,1533.2161452123528,10,1540.0,1540.0,1540.0,1540.0,0.0,0.0,1540.0,1540.0,1540.0,1540.0,0.0,0.0,0.0,0,0,1540.0,1540.0,6.783854787647215,6.783854787647215,0.004424591280773162,0.0044148315547150015
BD--TR,BD,TR,5633.079801631459,10,5216.4,5185.0,5203.125,5201.336749989234,135.52629921080919,18367.37777777778,5064.0,5475.0,5102.5,5301.25,198.75,95.0,0.025980810369375277,0,0,5140.7925000000005,5302.412499999999,416.67980163145967,-416.67980163145967,-0.0739701577653454,-0.0768488178199733
BD--TZ,BD,TZ,6793.0341997186615,10,6810.2,6850.0,6832.75,6841.731999999917,133.3581643544931,17784.399999999998,6480.0,6960.0,6781.25,6874.25,93.0,40.0,0.01958212157565022,1,0,6724.6849999999995,6875.3025,17.165800281338306,17.165800281338306,0.002526970978896182,0.0025237835562858363
BD--UA,BD,UA,5893.685382507589,10,5998.6,6016.0,6006.625,6011.004025003273,129.31460345477873,16722.266666666674,5782.0,6151.0,5932.75,6107.25,174.5,101.5,0.021557463984059402,0,0,5914.3,6072.5025,104.91461749241171,104.91461749241171,0.017801190712316856,0.01764460506021588
BD--US,BD,US,12949.493713794654,10,12699.3,12647.5,12655.375,12655.37499999948,156.1666133048646,24388.01111111111,12613.0,13137.0,12631.25,12687.0,55.75,26.5,0.012297261526608916,1,0,12639.495,12803.705,250.1937137946552,-250.1937137946552,-0.019320733252152736,-0.019509818086176692
BD--VN,BD,VN,1616.977559772685,10,1818.8,1860.0,1861.0,1860.6666666667202,140.37315349532554,19704.622222222224,1420.0,1880.0,1856.25,1864.75,8.5,5.0,0.07717899356461708,2,0,1727.7925,1866.5025,201.82244022731493,201.82244022731493,0.12481462034370296,0.11761824016164339
BD--ZA,BD,ZA,8645.990655579606,10,8423.3,8451.5,8427.875,8433.767960484054,124.46512229000807,15491.566666666664,8220.0,8590.0,8321.0,8480.0,159.0,77.0,0.014776289849584852,0,0,8343.885,8495.814999999999,222.69065557960676,-222.69065557960676,-0.02575652281510338,-0.026094030002671135
BR--CA,BR,CA,7334.346869539842,10,7025.0,6930.0,7009.375,6966.9779999882885,199.63856229585394,39855.555555555555,6830.0,7345.0,6862.5,7206.25,343.75,90.0,0.028418300682683837,0,0,6921.4375,7138.0375,309.3468695398424,-309.3468695398424,-0.042177834651451494,-0.04309314940305189
BR--CD,BR,CD,7021.609682135122,10,6906.0,6830.0,6890.0,6856.461749997269,142.99961149908376,20448.888888888887,6780.0,7160.0,6806.25,6957.5,151.25,47.5,0.020706575658714706,0,0,6825.975,7000.5125,115.60968213512206,-115.60968213512206,-0.01646484030994551,-0.016601892234266055
BR--CL,BR,CL,3009.3551850238605,10,3019.1,3015.0,3018.5,3017.403019984072,8.621033709609437,74.32222222222225,3010.0,3033.0,3012.0,3025.0,13.0,4.5,0.0028554978999070705,0,0,3014.0975,3024.405,9.744814976139423,9.744814976139423,0.003238173753844267,0.0032329421600450123
BR--CN,BR,CN,16930.472630910997,10,16835.7,16980.0,16884.375,16979.110440000004,283.4321592354842,80333.78888888888,16300.0,16982.0,16918.75,16980.0,61.25,1.0,0.016835187086695784,2,0,16639.4875,16972.205,94.77263091099667,-94.77263091099667,-0.005597754591798252,-0.0056134807348848445
BR--CO,BR,CO,3659.609825431805,10,3660.0,3660.0,3660.0,3660.0,0.0,0.0,3660.0,3660.0,3660.0,3660.0,0.0,0.0,0.0,0,0,3660.0,3660.0,0.390174568195107,0.390174568195107,0.00010661643913065772,0.00010661075600196232
BR--DE,BR,DE,9575.611395967344,10,9504.6,9505.0,9504.25,9505.0,17.758878843490596,315.3777777777779,9480.0,9532.0,9495.0,9517.5,22.5,12.5,0.0018684509441208041,0,0,9494.39,9514.6025,71.01139596734356,-71.01139596734356,-0.007415860254860507,-0.007443494452183057
BR--DZ,BR,DZ,7899.280557882734,10,7664.9,7718.5,7670.125,7670.124999995928,193.51109643750263,37446.544444444444,7360.0,7928.0,7513.75,7796.75,283.0,172.5,0.025246395443841753,0,0,7552.5825,7770.5275,234.38055788273414,-234.38055788273414,-0.029671127157123764,-0.03012022077928091
BR--EG,BR,EG,9874.469524339542,10,9555.1,9475.5,9527.0,9484.240150000416,141.02044768992428,19886.76666666667,9460.0,9875.0,9470.0,9600.0,130.0,15.5,0.014758657438428094,1,0,9483.48,9652.635,319.3695243395414,-319.3695243395414,-0.0323429550875952,-0.032877546927819364
BR--ES,BR,ES,7719.290067297386,10,7268.7,7268.0,7268.0,7267.635400000004,6.3604681868204915,40.45555555555555,7260.0,7283.0,7265.0,7269.5,4.5,3.0,0.0008750489340350395,1,0,7265.1975,7273.0,450.59006729738576,-450.59006729738576,-0.05837195692467904,-0.060144941114091834
BR--ET,BR,ET,9928.94838833383,10,9144.7,9167.5,9140.25,9153.32633333573,146.2562819163676,21390.9,8935.0,9390.0,9012.5,9235.5,223.0,85.0,0.015993557133243037,0,0,9064.9625,9233.4,784.24838833383,-784.24838833383,-0.07898604743028925,-0.08228009347164508
BR--FI,BR,FI,10597.841046061912,10,10398.0,10407.5,10401.25,10404.166666671646,128.1101956216687,16412.222222222223,10190.0,10580.0,10332.5,10465.0,132.5,70.0,0.012320657397736941,0,0,10317.475,10475.5,199.8410460619125,-199.8410460619125,-0.018856769524409133,-0.01903682551212868
BR--FJ,BR,FJ,13707.79297949407,10,14025.5,14085.0,14050.625,14045.657333322268,393.55537518033384,154885.83333333334,13340.0,14510.0,13730.0,14372.5,642.5,340.0,0.02805998896155815,0,0,13789.475,14248.5875,317.7070205059299,317.7070205059299,0.02317710961795222,0.02291259966590469
BR--FR,BR,FR,8706.397888002059,10,8726.3,8725.0,8726.125,8725.5,2.2135943621178655,4.9,8724.0,8730.0,8725.0,8727.5,2.5,0.5,0.00025366929421608995,0,0,8725.2,8727.7,19.902111997940665,19.902111997940665,0.002285918040268637,0.0022833093044396166
BR--GB,BR,GB,8772.672472521588,10,8775.7,8776.0,8775.875,8775.7,4.3982319680121975,19.34444444444445,8770.0,8780.0,8771.25,8780.0,8.75,4.0,0.0005011830358845673,0,0,8773.2,8778.2,3.027527478412594,3.027527478412594,0.0003451089149738166,0.00034504937858944657
BR--GH,BR,GH,5761.1782251059785,10,5595.5,5595.0,5596.25,5596.250000000028,20.876621693495654,435.83333333333337,5560.0,5625.0,5581.25,5613.75,32.5,17.5,0.0037309662574382366,0,0,5583.0,5607.0,165.67822510597853,-165.67822510597853,-0.028757698274979305,-0.02917930348353682
BR--GR,BR,GR,9543.526478721476,10,9525.0,9525.0,9526.25,9526.666666666546,19.436506316151,377.7777777777777,9490.0,9550.0,9520.0,9537.5,17.5,10.0,0.002040578090934488,1,0,9512.5,9536.0,18.52647872147645,-18.52647872147645,-0.001941261310772661,-0.001943148000611744
BR--IN,BR,IN,14244.967094288088,10,14122.0,14215.0,14134.375,14200.895166671127,223.49745213561408,49951.11111111111,13795.0,14350.0,13912.5,14272.5,360.0,82.5,0.01582618978442247,0,0,13985.5,14247.525,122.96709428808754,-122.96709428808754,-0.008632318591834064,-0.008669792869762305
BR--IT,BR,IT,8891.366226296563,10,8725.4,8725.0,8725.0,8725.0,1.6465452046971292,2.711111111111111,8724.0,8730.0,8725.0,8725.0,0.0,0.0,0.00018870713144350165,2,0,8724.7,8726.5,165.96622629656304,-165.96622629656304,-0.018665998236099133,-0.018842406656432473
BR--JP,BR,JP,17673.237812688087,10,17434.7,17375.0,17411.625,17376.603249999924,126.60178162692304,16028.01111111111,17370.0,17684.0,17370.0,17384.0,14.0,5.0,0.007261483227524594,2,0,17373.4,17518.545,238.53781268808598,-238.53781268808598,-0.01349712006460035,-0.013589034177149845
BR--KE,BR,KE,9414.754147935433,10,8370.0,8367.5,8375.0,8370.00000000189,210.87120871912947,44466.666666666664,8070.0,8630.0,8207.5,8576.25,368.75,212.5,0.025193692797984404,0,0,8246.4625,8490.0125,1044.7541479354331,-1044.7541479354331,-0.11096988105255387,-0.11762416446120326
BR--KR,BR,KR,17539.5016131441,10,18151.0,18130.0,18130.125,18130.125,66.40950400524177,4410.222222222223,18129.0,18340.0,18130.0,18130.0,0.0,0.0,0.0036587242579054473,3,0,18129.8,18193.1,611.4983868558993,611.4983868558993,0.03486406856610124,0.03427008337343027
BR--MA,BR,MA,7024.002442289389,10,7058.0,7085.0,7062.75,7065.833333348187,142.57473673675696,20327.555555555555,6835.0,7243.0,6960.0,7133.75,173.75,102.5,0.020200444422889905,0,0,6972.4825,7141.905,33.997557710610636,33.997557710610636,0.00484019730772325,0.004828521213975071
BR--MX,BR,MX,6827.142656438756,10,6844.5,6845.0,6844.375,6844.258699991111,3.689323936863109,13.61111111111111,6840.0,6850.0,6841.25,6845.0,3.75,2.5,0.0005390202260008926,0,0,6842.5,6846.5,17.357343561244306,17.357343561244306,0.0025424023540616073,0.0025391759166410476
BR--MY,BR,MY,16422.814195799372,10,16377.0,16402.5,16380.625,16387.281214288367,175.69228149744592,30867.777777777777,16095.0,16630.0,16258.75,16490.0,231.25,127.5,0.010727989344656892,0,0,16274.975,16481.5125,45.8141957993721,-45.8141957993721,-0.0027896677909861793,-0.002793566165980318
BR--NG,BR,NG,6701.782316617511,10,6165.0,6160.0,6163.75,6162.068285714477,16.32993161855452,266.6666666666667,6150.0,6190.0,6150.0,6181.25,31.25,10.0,0.0026488129146073837,0,0,6156.0,6175.5,536.7823166175112,-536.7823166175112,-0.08009545688861366,-0.08348537180985506
BR--NL,BR,NL,9095.395184382438,10,9204.2,9191.0,9200.25,9198.145014285768,27.863955210988983,776.4000000000001,9175.0,9265.0,9190.0,9213.75,23.75,13.5,0.003027308751547009,1,0,9189.3975,9222.5,108.80481561756278,108.80481561756278,0.011962626517250162,0.011891639864409966
BR--NO,BR,NO,9890.673869295977,10,9537.9,9554.5,9537.375,9537.780111112328,94.39685729232022,8910.766666666668,9415.0,9665.0,9455.0,9616.25,161.25,85.0,0.009897027363709015,0,0,9485.895,9592.0125,352.7738692959774,-352.7738692959774,-0.03566732398194907,-0.03631894430097622
BR--NZ,BR,NZ,12315.070951453863,10,11884.0,11875.0,11895.0,11894.811928572346,195.17513502834663,38093.33333333334,11565.0,12115.0,11746.25,12058.75,312.5,147.5,0.016423353671183662,0,0,11772.9375,11991.1,431.070951453863,-431.070951453863,-0.03500352967133922,-0.03563083534034748
BR--PE,BR,PE,3172.9910685849954,10,3170.9,3171.0,3170.875,3170.8888888888887,0.5676462121975467,0.32222222222222224,3170.0,3172.0,3171.0,3171.0,0.0,0.0,0.00017901738061671662,3,0,3170.6,3171.2,2.091068584995355,-2.091068584995355,-0.0006590212640995152,-0.0006592385140663006
BR--PH,BR,PH,18834.978421995093,10,18719.5,18415.0,18670.625,18423.619500000295,464.0010177191904,215296.9444444444,18400.0,19430.0,18410.0,19162.5,752.5,15.0,0.024787041198706717,0,0,18462.1125,19009.0625,115.4784219950925,-115.4784219950925,-0.0061310620807634815,-0.00614993421892367
BR--PK,BR,PK,13831.892357763147,10,13980.5,14017.5,13985.625,13985.198625371359,150.9681717743475,22791.38888888889,13785.0,14135.0,13840.0,14123.75,283.75,117.5,0.010798481583230034,0,0,13895.4375,14069.525,148.60764223685328,148.60764223685328,0.010743840278184877,0.010686535311105888
BR--PL,BR,PL,10013.245328845951,10,9921.5,9920.0,9918.75,9915.220428839342,94.8112159328561,8989.166666666666,9765.0,10100.0,9865.0,9960.0,95.0,55.0,0.009556137270861876,0,0,9866.4875,9981.5125,91.74532884595101,-91.74532884595101,-0.009162396988482141,-0.00920462991560233
BR--PT,BR,PT,7260.226545104273,10,7290.2,7290.0,7290.125,7290.0,2.250925735484551,5.066666666666667,7286.0,7295.0,7290.0,7290.0,0.0,0.0,0.0003087604915481813,4,0,7288.9,7291.6,29.973454895726718,29.973454895726718,0.004128446228160534,0.004119947576818227
BR--RU,BR,RU,11166.929191609152,10,11174.8,11180.0,11177.25,11179.57142857143,10.716550025285398,114.84444444444448,11150.0,11180.0,11178.5,11180.0,1.5,0.0,0.0009589925569393098,2,0,11167.0,11180.0,7.870808390847742,7.870808390847742,0.0007048319422282967,0.0007045836648505653
BR--SA,BR,SA,11195.014360359984,10,10652.0,10645.0,10668.125,10667.720375004046,155.04837954651444,24039.999999999996,10345.0,10830.0,10616.25,10781.25,165.0,122.5,0.014555799807220658,1,0,10555.475,10737.0,543.0143603599845,-543.0143603599845,-0.04850501686560797,-0.049720864845863404
BR--SE,BR,SE,10211.465310360685,10,10022.4,10120.0,10036.75,10076.999071427594,277.02234165817345,76741.37777777777,9615.0,10315.0,9776.5,10232.0,455.5,167.5,0.02764031984935479,0,0,9860.24,10177.635,189.06531036068554,-189.06531036068554,-0.01851500295152131,-0.018688551120117546
BR--SG,BR,SG,16541.57994188363,10,16622.8,16680.0,16685.75,16680.999999999127,219.81699459120784,48319.5111111111,16002.0,16740.0,16672.75,16691.75,19.0,11.0,0.013223824782299484,3,0,16476.9975,16704.3275,81.22005811637064,81.22005811637064,0.004910054444722039,0.004898039440895085
BR--SN,BR,SN,4752.903773023973,10,4944.1,5005.0,4953.0,4995.895340001814,103.40153663160804,10691.87777777778,4785.0,5032.0,4851.25,5024.75,173.5,23.5,0.020914127269191164,0,0,4882.6975,5001.805,191.196226976027,191.196226976027,0.040227245512774366,0.03943919458521954
BR--TH,BR,TH,16631.97836274269,10,16740.0,16740.0,16740.0,16740.0,4.714045207910317,22.222222222222225,16730.0,16750.0,16740.0,16740.0,0.0,0.0,0.00028160365638651833,2,0,16737.0,16743.0,108.02163725730861,108.02163725730861,0.006494815884277963,0.006473815447860262
BR--TR,BR,TR,10359.803932064284,10,10121.8,10162.5,10137.25,10143.25335714642,120.22275621158879,14453.511111111111,9890.0,10230.0,10030.75,10220.0,189.25,67.5,0.011877606375505226,0,0,10046.3,10188.5075,238.00393206428453,-238.00393206428453,-0.022973787305727522,-0.023241797520072462
BR--TZ,BR,TZ,9156.612898830454,10,8505.3,8504.0,8486.0,8497.033555558419,281.4304927015234,79203.12222222221,8185.0,8980.0,8251.25,8711.25,460.0,270.0,0.033088837865980436,0,0,8342.4825,8674.6075,651.3128988304543,-651.3128988304543,-0.0711303301806768,-0.07378684083955422
BR--UA,BR,UA,10549.919782043095,10,10140.8,10134.0,10138.5,10137.501171521235,27.844009928329086,775.2888888888888,10115.0,10185.0,10115.0,10165.0,50.0,19.0,0.0027457409601144966,0,0,10125.0975,10158.8,409.11978204309526,-409.11978204309526,-0.03877942112313059,-0.039551365780892585
BR--US,BR,US,6769.014727737269,10,6735.9,6739.0,6736.75,6738.011599999993,9.585289655392673,91.8777777777778,6715.0,6750.0,6735.25,6740.0,4.75,2.0,0.0014230154330368138,3,0,6730.5,6741.402499999999,33.11472773726928,-33.11472773726928,-0.0048921045483289695,-0.004904110062609808
BR--VN,BR,VN,17204.186662884276,10,16987.5,17023.5,16995.75,16995.628124992018,217.23476803781767,47190.94444444445,16654.0,17255.0,16829.75,17153.75,324.0,187.5,0.012787918648289489,0,0,16865.835000000003,17115.144999999997,216.6866628842763,-216.6866628842763,-0.012594996039641251,-0.01267498535539027
BR--ZA,BR,ZA,7905.896338955261,10,7515.5,7449.0,7524.125,7461.561499998018,191.26203665826282,36581.16666666667,7185.0,7777.0,7440.0,7678.75,238.75,32.5,0.025449010266550838,0,0,7400.38,7632.7675,390.39633895526094,-390.39633895526094,-0.04938040194527147,-0.05064129850440605
CA--CD,CA,CD,10429.733240251062,10,10280.0,10260.0,10273.75,10266.666666641859,258.2311625914528,66683.33333333333,9915.0,10695.0,10127.5,10410.0,282.5,150.0,0.025119762898001247,0,0,10129.5,10432.55,149.73324025106194,-149.73324025106194,-0.01435638254612326,-0.01446043246022134
CA--CL,CA,CL,8748.678780930806,10,8591.5,8602.5,8596.875,8599.704999999685,47.43709284703035,2250.277777777778,8490.0,8650.0,8575.0,8622.5,47.5,25.0,0.0055213982246441655,1,0,8559.9875,8616.0125,157.17878093080617,-157.17878093080617,-0.017966002052035943,-0.018129350098695592
CA--CN,CA,CN,10474.241950070254,10,10467.7,10488.5,10473.375,10483.596756914816,77.32047306862236,5978.455555555556,10345.0,10545.0,10412.5,10527.5,115.0,46.5,0.007386577096078638,0,0,10421.695000000002,10511.4075,6.541950070253733,-6.541950070253733,-0.0006245750385983641,-0.0006247701668401659
CA--CO,CA,CO,4525.731196671247,10,4531.3,4535.0,4532.25,4534.333333333333,5.396500923952688,29.122222222222216,4520.0,4535.0,4528.5,4535.0,6.5,0.0,0.0011909387866512232,0,0,4527.9,4534.3,5.568803328753347,5.568803328753347,0.001230475935656386,0.0012297195205789513
CA--DE,CA,DE,6146.549872089064,10,6138.6,6140.0,6138.625,6139.006959999998,3.921450978627398,15.377777777777776,6132.0,6145.0,6135.75,6140.0,4.25,2.0,0.0006388184567535591,0,0,6136.1975,6140.8,7.949872089063319,-7.949872089063319,-0.001293387714165142,-0.0012942248619703177
CA--DZ,CA,DZ,6419.275105731327,10,6117.2,6116.5,6112.75,6112.749999997811,124.8802092673882,15595.06666666667,5895.0,6375.0,6054.75,6170.0,115.25,66.0,0.020414602966616787,1,0,6046.2,6188.9,302.0751057313273,-302.0751057313273,-0.04705751050638495,-0.048200723955156836
CA--EG,CA,EG,8876.40462189037,10,8537.1,8530.5,8539.5,8539.499999999638,103.62909286917882,10738.988888888889,8370.0,8685.0,8470.5,8627.75,157.25,85.5,0.012138676233050897,0,0,8475.8975,8600.1025,339.30462189036916,-339.30462189036916,-0.03822545685373555,-0.038975218417465
CA--ES,CA,ES,5707.581780771725,10,5687.5,5686.0,5686.375,5685.166666666558,11.74970448800971,138.05555555555554,5673.0,5711.0,5681.0,5687.75,6.75,4.0,0.0020658821077819273,2,0,5680.9,5694.8025,20.08178077172488,-20.08178077172488,-0.0035184394272506792,-0.003524643692414762
CA--ET,CA,ET,11136.890454729448,10,11365.4,11365.0,11372.375,11368.250257143613,88.52520042965794,7836.711111111111,11180.0,11495.0,11330.75,11410.5,79.75,43.0,0.007789008783646677,1,0,11313.289999999999,11416.307499999999,228.50954527055183,228.50954527055183,0.020518253833906736,0.020310590255174735
CA--FI,CA,FI,6289.502387773958,10,6039.4,6027.5,6038.0,6035.666666666575,51.78416746458323,2681.6,5970.0,6120.0,6015.0,6065.25,50.25,37.0,0.008574389420237645,0,0,6009.4975,6071.2225,250.10238777395807,-250.10238777395807,-0.03976505172493889,-0.04057728667713984
CA--FJ,CA,FJ,12653.111746459324,10,12125.5,12047.5,12123.125,12066.430833324806,305.2453475848931,93174.72222222222,11650.0,12620.0,11946.25,12307.5,361.25,112.5,0.02517383593129299,0,0,11953.4875,12317.5375,527.6117464593244,-527.6117464593244,-0.041698181208821156,-0.04259249969915033
CA--FR,CA,FR,5663.62568366498,10,5648.8,5647.0,5648.0,5647.551624999987,5.2451035367389185,27.511111111111113,5644.0,5660.0,5645.0,5650.0,5.0,2.5,0.0009285341199438674,1,0,5646.097500000001,5651.9,14.825683664979806,-14.825683664979806,-0.002617701891518011,-0.002621134064025814
CA--GB,CA,GB,5378.074759985251,10,5379.9,5380.0,5379.875,5379.810242857117,5.952590472502987,35.43333333333333,5370.0,5390.0,5375.75,5383.0,7.25,4.5,0.00110645002184111,0,0,5376.4975,5383.6,1.8252400147484877,1.8252400147484877,0.00033938539276711234,0.00033932781457180736
CA--GH,CA,GH,8439.561227154014,10,8131.4,8122.5,8120.75,8120.446485714098,135.7703944164559,18433.6,7930.0,8418.0,8057.5,8193.5,136.0,79.0,0.016697050251673257,1,0,8054.795,8218.115,308.16122715401434,-308.16122715401434,-0.03651389199743176,-0.03719720949573042
CA--GR,CA,GR,7764.7115554242955,10,7627.4,7630.0,7628.125,7628.438514285713,6.449806198638839,41.599999999999994,7614.0,7635.0,7625.0,7631.0,6.0,4.0,0.0008456100635391929,1,0,7623.597500000001,7630.702499999999,137.31155542429588,-137.31155542429588,-0.017684051035787976,-0.01784228208555729
CA--IN,CA,IN,11362.94782650969,10,11157.7,11150.0,11152.125,11150.975142857287,26.407280140984692,697.3444444444445,11135.0,11225.0,11141.25,11160.25,19.0,10.0,0.002366731507477768,1,0,11144.7,11175.9,205.24782650968882,-205.24782650968882,-0.01806290318704508,-0.0182280288779773
CA--IT,CA,IT,6746.931142314486,10,6735.4,6725.0,6722.25,6722.954366666456,50.051529003173876,2505.1555555555556,6701.0,6875.0,6714.25,6729.5,15.25,6.5,0.007431114559368988,1,0,6715.595,6768.907499999999,11.531142314486715,-11.531142314486715,-0.0017090944121494383,-0.0017105565802305715
CA--JP,CA,JP,10343.49118277986,10,10314.6,10315.0,10314.625,10314.6,0.5163977794943222,0.2666666666666666,10314.0,10315.0,10314.0,10315.0,1.0,0.0,5.0064741191546175e-05,0,0,10314.3,10314.9,28.891182779860173,-28.891182779860173,-0.002793175173577664,-0.0027970833665610525
CA--KE,CA,KE,11852.842570511928,10,11717.3,11770.0,11726.0,11740.300071427033,156.15380594500766,24384.01111111111,11475.0,11890.0,11595.0,11829.75,234.75,102.5,0.01332677374011143,0,0,11624.4875,11804.91,135.54257051192872,-135.54257051192872,-0.011435448476227808,-0.0115013360010295
CA--KR,CA,KR,10536.510102087088,10,10465.8,10465.0,10466.0,10465.889560000003,9.852241707685955,97.06666666666668,10450.0,10480.0,10465.0,10469.5,4.5,3.0,0.0009413749266836703,4,0,10460.195000000002,10471.6,70.71010208708867,-70.71010208708867,-0.006710960403585843,-0.006733580155326616
CA--MA,CA,MA,5854.797692873017,10,5662.8,5671.0,5671.0,5669.833333333303,50.81076001530909,2581.733333333333,5540.0,5720.0,5652.75,5685.0,32.25,17.5,0.008972727275430721,1,0,5630.295,5688.4,191.9976928730166,-191.9976928730166,-0.03279322411203608,-0.03334297403202026
CA--MX,CA,MX,3598.308798337808,10,3619.4,3632.5,3626.125,3628.232342856769,32.35291503266917,1046.711111111111,3540.0,3645.0,3606.5,3640.0,33.5,12.0,0.008938750906965014,1,0,3598.9975,3636.4,21.091201662191907,21.091201662191907,0.005861420696282296,0.005844309401765232
CA--MY,CA,MY,14615.980355359012,10,14799.0,14800.0,14800.0,14800.0,13.291601358251256,176.66666666666663,14775.0,14815.0,14791.25,14808.75,17.5,10.0,0.0008981418581154981,0,0,14791.0,14806.5,183.0196446409882,183.0196446409882,0.012521886332029945,0.01244413589533197
CA--NG,CA,NG,8769.14706891505,10,8567.3,8595.0,8586.625,8587.55848599873,150.61949851640503,22686.233333333337,8220.0,8760.0,8519.75,8665.0,145.25,81.0,0.017580742884736735,1,0,8466.575,8644.324999999999,201.84706891505084,-201.84706891505084,-0.02301786790993164,-0.023286915653092998
CA--NL,CA,NL,5650.389098226851,10,5638.5,5637.0,5637.25,5637.249999977818,10.865337342004414,118.05555555555556,5625.0,5662.0,5630.5,5644.0,13.5,7.0,0.0019269907496682476,0,0,5632.4975,5645.1,11.889098226851274,-11.889098226851274,-0.0021041202685638397,-0.002106337039730788
CA--NO,CA,NO,5615.364370869781,10,5459.1,5483.5,5458.0,5471.487460249696,87.21932762358989,7607.211111111111,5332.0,5595.0,5393.5,5493.75,100.25,39.5,0.015976869378393852,0,0,5404.795,5506.515,156.26437086978058,-156.26437086978058,-0.0278280019869087,-0.02822253748761273
CA--NZ,CA,NZ,14472.518850835871,10,14389.4,14392.5,14393.5,14392.201722222293,37.553517367440655,1410.2666666666669,14316.0,14430.0,14366.25,14422.75,56.5,32.5,0.0026098042564276936,0,0,14367.885,14409.6025,83.11885083587185,-83.11885083587185,-0.005743219386518281,-0.005759775090102124
CA--PE,CA,PE,6365.101501579229,10,6183.0,6175.0,6182.5,6182.576055555563,36.07091780245009,1301.1111111111109,6135.0,6235.0,6151.25,6217.5,66.25,32.5,0.005833886107464029,0,0,6163.0,6202.5,182.10150157922908,-182.10150157922908,-0.028609363343860005,-0.029026588136775302
CA--PH,CA,PH,13148.893379643874,10,13065.9,13148.0,13121.125,13132.366385404723,226.71002036375305,51397.43333333332,12470.0,13220.0,13024.5,13205.0,180.5,63.5,0.017351274719977425,1,0,12918.9775,13168.6,82.9933796438745,-82.9933796438745,-0.006311814785292776,-0.0063318185058442045
CA--PK,CA,PK,10699.32409267107,10,10768.6,10757.5,10758.625,10762.302600001405,134.51988700560224,18095.599999999995,10587.0,11030.0,10689.25,10852.5,163.25,93.0,0.012491864031127745,0,0,10693.375,10844.647500000001,69.27590732893077,69.27590732893077,0.006474792868119967,0.00645392144044793
CA--PL,CA,PL,6594.700288950723,10,6541.4,6529.5,6540.0,6533.462900000143,72.40349899463884,5242.266666666667,6450.0,6644.0,6481.25,6606.25,125.0,49.5,0.011068502001809833,0,0,6498.9825,6582.320000000001,53.30028895072337,-53.30028895072337,-0.008082291327177802,-0.008115130105130878
CA--PT,CA,PT,5399.63090845621,10,5280.4,5280.0,5281.375,5281.491874999878,14.675754760072062,215.37777777777777,5255.0,5298.0,5275.25,5293.75,18.5,12.5,0.002779288455433691,0,0,5271.2,5289.4,119.23090845621027,-119.23090845621027,-0.022081307125915977,-0.02232874852388698
CA--RU,CA,RU,7180.055639081386,10,7149.9,7144.0,7141.75,7142.470499999955,30.355120380807804,921.4333333333333,7130.0,7235.0,7139.25,7144.75,5.5,2.5,0.004245530759983749,2,0,7137.797500000001,7169.4,30.155639081386653,-30.155639081386653,-0.0041999171868875316,-0.004208761611663604
CA--SA,CA,SA,10317.222965793204,10,9910.7,9889.0,9902.125,9899.464214003789,99.18786888190174,9838.23333333333,9775.0,10115.0,9843.5,9956.25,112.75,57.5,0.010008159754800542,0,0,9853.7825,9976.0075,406.5229657932032,-406.5229657932032,-0.03940236313017871,-0.04019964981083994
CA--SE,CA,SE,6012.504954934798,10,5916.3,5903.0,5916.375,5907.733966666208,55.699690803051645,3102.455555555556,5842.0,5990.0,5874.75,5972.0,97.25,31.5,0.009414615689375395,0,0,5884.6,5949.0125,96.20495493479757,-96.20495493479757,-0.01600081091922208,-0.01613020603512373
CA--SG,CA,SG,14829.085234720038,10,14840.8,14835.0,14840.125,14840.177499999962,43.273805266260354,1872.6222222222223,14785.0,14902.0,14803.75,14880.75,77.0,37.5,0.002915867424010859,0,0,14815.4925,14867.8,11.714765279961284,11.714765279961284,0.0007899857000304341,0.0007896738255673915
CA--SN,CA,SN,6388.706012444591,10,6278.3,6297.5,6284.125,6282.748888888232,121.03723026867027,14650.011111111111,6090.0,6420.0,6191.25,6379.5,188.25,100.0,0.019278663056666655,0,0,6206.995,6346.1050000000005,110.40601244459049,-110.40601244459049,-0.017281435744504456,-0.01743250272116566
CA--TH,CA,TH,13440.553542475436,10,13654.8,13642.5,13641.0,13638.555856972882,76.01432613512915,5778.177777777779,13580.0,13840.0,13605.0,13665.75,60.75,35.0,0.005566857525202065,1,0,13614.0,13701.025,214.24645752456308,214.24645752456308,0.015940300140726487,0.01581458772586182
CA--TR,CA,TR,8182.193922543159,10,7874.0,7809.5,7868.5,7853.235166667654,177.0511539389425,31347.11111111111,7670.0,8122.0,7724.75,8046.25,321.5,117.5,0.02248554152132874,0,0,7778.16,7986.015,308.1939225431588,-308.1939225431588,-0.037666416301138844,-0.03839412782226639
CA--TZ,CA,TZ,12166.73278626256,10,12121.0,12117.5,12114.375,12114.16666666571,131.27155907591796,17232.22222222222,11930.0,12365.0,12080.0,12140.0,60.0,32.5,0.010830093150393363,4,0,12045.4625,12201.55,45.732786262560694,-45.732786262560694,-0.0037588387175066023,-0.00376592090452814
CA--UA,CA,UA,7237.438903984254,10,7264.8,7272.5,7261.625,7262.166666665443,57.67109809562807,3325.9555555555553,7185.0,7370.0,7222.0,7285.0,63.0,41.0,0.007938428875623288,0,0,7232.7925000000005,7302.5,27.361096015746625,27.361096015746625,0.0037804942298972884,0.0037733661211205483
CA--US,CA,US,731.9154882007512,10,732.3,732.0,732.0,732.1111111111111,0.9486832980505138,0.8999999999999999,732.0,735.0,732.0,732.0,0.0,0.0,0.001295484498225473,1,0,732.0,732.9,0.3845117992487985,0.3845117992487985,0.0005253499966150927,0.0005252120486175325
CA--VN,CA,VN,12643.813172484095,10,12580.3,12561.5,12588.125,12588.460775651016,237.81694641046923,56556.899999999994,12213.0,12885.0,12437.25,12784.75,347.5,206.5,0.0189039169503485,0,0,12433.8975,12711.8,63.513172484095776,-63.513172484095776,-0.005023260911693582,-0.005035919897506392
CA--ZA,CA,ZA,13053.851270111287,10,12820.5,12817.5,12823.125,12821.31866666579,96.2765115002962,9269.166666666666,12645.0,12975.0,12772.5,12891.25,118.75,60.0,0.00750957540659851,0,0,12764.4875,12874.0125,233.3512701112868,-233.3512701112868,-0.017876047863788585,-0.018037754421976877
CD--CL,CD,CL,9377.485624065612,10,9303.0,9387.5,9335.0,9351.576785704296,313.45919457987935,98256.66666666667,8755.0,9595.0,9091.25,9567.5,476.25,187.5,0.033694420571845574,0,0,9125.5,9483.05,74.48562406561177,-74.48562406561177,-0.007943027273159231,-0.0079747411621137
CD--CN,CD,CN,11264.131510520167,10,11294.5,11312.5,11293.125,11293.125000000337,110.13754027477542,12130.277777777777,11135.0,11465.0,11193.75,11355.0,161.25,92.5,0.009751431251916898,0,0,11233.0,11359.0,30.368489479833443,30.368489479833443,0.0026960347055137546,0.0026924069229028722
CD--CO,CD,CO,9990.17825849726,10,9634.0,9615.0,9615.0,9608.333333319972,224.1130667022043,50226.66666666667,9375.0,10045.0,9462.5,9747.5,285.0,150.0,0.023262722306643585,0,0,9502.5,9757.05,356.1782584972607,-356.1782584972607,-0.03565284315065241,-0.0363039279866558
CD--DE,CD,DE,6302.7657179686175,10,6174.5,6175.0,6175.0,6170.2111428575,57.44611001238949,3300.055555555556,6075.0,6270.0,6138.0,6188.75,50.75,30.0,0.009303767108654869,1,0,6140.8,6207.415,128.26571796861754,-128.26571796861754,-0.020350703755804143,-0.020560632340349175
CD--DZ,CD,DZ,4724.24554729379,10,4821.2,4825.0,4819.625,4817.500000001128,58.240497555872196,3391.9555555555553,4740.0,4915.0,4779.0,4838.75,59.75,36.0,0.012080083289610926,0,0,4788.5,4854.0025,96.95445270620985,96.95445270620985,0.020522737807679936,0.02031498406577584
CD--EG,CD,EG,4166.513540836489,10,4320.9,4192.5,4271.5,4193.117999966231,277.73586572697286,77137.2111111111,4177.0,4860.0,4185.0,4204.0,19.0,10.0,0.06427731855099005,2,0,4187.1,4513.405,154.38645916351106,154.38645916351106,0.03705411194523941,0.03638410912537906
CD--ES,CD,ES,5319.383374111961,10,5736.6,5765.0,5750.125,5761.782666668152,74.81116969484646,5596.711111111113,5565.0,5800.0,5727.0,5785.0,58.0,20.0,0.013041029476492426,1,0,5687.49,5775.5,417.21662588803974,417.21662588803974,0.07843326877294149,0.07550931082332682
CD--ET,CD,ET,2986.3101212320603,10,3021.0,3024.0,3020.5,3020.559328571338,12.01850425154663,144.44444444444443,3005.0,3041.0,3010.5,3026.5,16.0,9.5,0.003978319844934336,0,0,3013.5975,3028.2,34.68987876793972,34.68987876793972,0.011616301509110425,0.011549350263817199
CD--FI,CD,FI,7201.843348896968,10,6993.1,6952.5,6980.375,6982.105855546187,210.8308695508216,44449.65555555555,6715.0,7373.0,6831.5,7144.75,313.25,189.5,0.03014841337186964,0,0,6865.4875,7120.724999999999,208.7433488969673,-208.7433488969673,-0.028984711105794654,-0.029413065300656824
CD--FJ,CD,FJ,16916.81804347587,10,16622.5,16542.5,16604.375,16595.313287204208,415.04517826376446,172262.50000000003,16045.0,17345.0,16301.25,16863.75,562.5,305.0,0.02496887822311713,0,0,16387.375,16889.5,294.31804347586876,-294.31804347586876,-0.017397955260822547,-0.017551078302087502
CD--FR,CD,FR,6026.854910819904,10,6030.7,6029.0,6030.25,6028.275771428572,14.944712926130245,223.34444444444443,6005.0,6060.0,6025.0,6030.0,5.0,4.0,0.002478105846109116,3,0,6022.597500000001,6039.9,3.8450891800957834,3.8450891800957834,0.0006379926573630907,0.0006377892265680747
CD--GB,CD,GB,6358.423890884738,10,6375.2,6375.0,6375.25,6375.25,1.0327955589886446,1.0666666666666669,6373.0,6377.0,6375.0,6375.75,0.75,0.0,0.00016200206409032575,2,0,6374.7,6375.8,16.776109115261534,16.776109115261534,0.0026384068447074284,0.0026349323594303123
CD--GH,CD,GH,2043.3208669383591,10,1965.7,1923.5,1935.25,1933.96735713749,115.82750584861573,13416.011111111111,1890.0,2285.0,1916.25,1958.75,42.5,27.5,0.05892430475078381,1,0,1916.0,2043.0,77.62086693835909,-77.62086693835909,-0.037987605468280415,-0.03872794427082357
CD--GR,CD,GR,4764.590999785643,10,4875.0,4870.0,4881.875,4881.875000001347,51.42416206847171,2644.4444444444443,4760.0,4935.0,4861.25,4913.75,52.5,35.0,0.01054854606532753,1,0,4844.975,4902.0125,110.40900021435664,110.40900021435664,0.02317281802768042,0.022908405280365984
CD--IN,CD,IN,7547.89499645099,10,8117.0,8092.5,8117.5,8115.578085730782,178.00998723542327,31687.555555555555,7865.0,8365.0,7976.0,8261.75,285.75,141.0,0.021930514627993503,0,0,8014.58,8221.555,569.1050035490098,569.1050035490098,0.07539916808813611,0.0726919118094852
CD--IT,CD,IT,5126.896411493344,10,5420.8,5420.0,5420.125,5420.103249999975,6.268084945889684,39.288888888888884,5415.0,5432.0,5415.25,5423.75,8.5,5.0,0.0011563025652836635,0,0,5417.2,5424.9,293.903588506656,293.903588506656,0.057325829296607296,0.055742917944950746
CD--JP,CD,JP,13367.324967431796,10,12856.3,12707.5,12841.625,12831.965928574007,527.6869968709356,278453.56666666677,12290.0,13540.0,12391.25,13399.5,1008.25,392.5,0.041045012707461366,0,0,12555.9625,13166.8575,511.02496743179654,-511.02496743179654,-0.0382294115447077,-0.038979330294963664
CD--KE,CD,KE,2414.0111493842605,10,2415.5,2415.0,2415.0,2415.1111111111113,1.5811388300841898,2.5000000000000004,2415.0,2420.0,2415.0,2415.0,0.0,0.0,0.0006545803477889422,1,0,2415.0,2416.5,1.4888506157394659,1.4888506157394659,0.0006167538273877589,0.0006165637129112005
CD--KR,CD,KR,12211.448901968513,10,12107.5,11987.5,12120.625,12119.158142857179,281.11138559494725,79023.61111111111,11675.0,12435.0,11925.0,12405.0,480.0,195.0,0.023217954622750135,0,0,11949.4625,12267.0,103.94890196851338,-103.94890196851338,-0.008512413457485506,-0.008548850977095937
CD--MA,CD,MA,4841.287191069289,10,4839.0,4845.0,4840.0,4842.19257142871,31.605203509689492,998.888888888889,4785.0,4885.0,4823.75,4857.5,33.75,20.0,0.0065313501776585025,0,0,4821.5,4858.0,2.2871910692892925,-2.2871910692892925,-0.00047243449500547464,-0.00047254612734217826
CD--MX,CD,MX,12740.378395838092,10,12509.0,12400.0,12472.5,12422.637333333596,290.7155922126565,84515.55555555558,12215.0,13095.0,12305.0,12680.0,375.0,120.0,0.023240514206783632,0,0,12347.85,12699.5875,231.37839583809182,-231.37839583809182,-0.018161030124009218,-0.018327965870499386
CD--MY,CD,MY,9644.319780377728,10,9670.5,9662.5,9670.625,9669.051214395451,56.14712815451918,3152.5000000000005,9560.0,9780.0,9652.5,9688.75,36.25,22.5,0.0058060212144686605,2,0,9639.5,9703.0,26.18021962227249,26.18021962227249,0.0027145739895040187,0.002710896187804883
CD--NG,CD,NG,1716.2920067157297,10,1709.2,1676.5,1707.0,1696.0665333357715,79.77161845613459,6363.511111111113,1621.0,1815.0,1642.25,1794.25,152.0,46.0,0.04667190408152035,0,0,1665.4925,1754.2125,7.092006715729667,-7.092006715729667,-0.0041321678875034925,-0.004140728885020333
CD--NL,CD,NL,6357.542309053761,10,6247.5,6202.5,6241.875,6206.49266666459,103.92973053409159,10801.38888888889,6140.0,6400.0,6182.5,6341.25,158.75,30.0,0.016635411049874604,0,0,6193.5,6313.5125,110.04230905376062,-110.04230905376062,-0.017308938533849728,-0.017460489547918852
CD--NO,CD,NO,7134.842377574261,10,6923.5,6899.0,6914.375,6910.799642858109,91.98460016038916,8461.166666666666,6790.0,7130.0,6874.0,6952.5,78.5,37.5,0.01328585255440011,1,0,6876.297500000001,6983.525,211.34237757426126,-211.34237757426126,-0.02962116980166764,-0.030068737131961072
CD--NZ,CD,NZ,14541.358911281312,10,14160.0,14115.0,14164.375,14161.9205555819,302.86594027354374,91727.77777777777,13735.0,14550.0,13962.5,14456.25,493.75,275.0,0.02138883758993953,0,0,13984.4875,14333.0,381.3589112813115,-381.3589112813115,-0.026225809679001184,-0.026575839670831915
CD--PE,CD,PE,10175.188038895794,10,10086.6,10078.0,10082.625,10081.833333333187,116.08062332323647,13474.71111111111,9890.0,10315.0,10057.5,10121.25,63.75,40.0,0.011508399591858155,2,0,10016.4775,10153.630000000001,88.58803889579394,-88.58803889579394,-0.008706280272871248,-0.008744401354124874
CD--PH,CD,PH,11824.345636785823,10,11655.9,11597.0,11641.125,11602.246333332738,106.72753471652321,11390.766666666666,11575.0,11855.0,11586.25,11712.5,126.25,15.0,0.00915652456837509,0,0,11595.297499999999,11721.1175,168.4456367858238,-168.4456367858238,-0.014245662462858442,-0.014348105993511816
CD--PK,CD,PK,7384.78330799907,10,7179.0,7183.0,7162.25,7167.801266680828,212.53548723291678,45171.33333333333,6932.0,7560.0,6997.25,7335.0,337.75,189.0,0.0296051660722826,0,0,7058.67,7299.2325,205.78330799906962,-205.78330799906962,-0.027865855965762555,-0.028261475778286162
CD--PL,CD,PL,6292.977025299909,10,6169.7,6210.0,6168.875,6189.036333333294,91.36501883470865,8347.566666666666,6035.0,6311.0,6082.25,6219.5,137.25,35.0,0.014808664738108603,0,0,6119.1975,6222.202499999999,123.27702529990893,-123.27702529990893,-0.01958961947648837,-0.01978403933495511
CD--PT,CD,PT,5390.912322607045,10,5727.9,5777.0,5742.375,5772.075399999139,92.58923623546458,8572.766666666668,5545.0,5795.0,5707.0,5782.25,75.25,13.0,0.01616460417176707,2,0,5671.3,5777.4,336.98767739295454,336.98767739295454,0.06251032426919295,0.060634338728465874
CD--RU,CD,RU,6966.165532290185,10,6915.8,6925.0,6917.5,6921.897571428569,26.848546412132713,720.8444444444443,6878.0,6940.0,6888.75,6938.75,50.0,15.0,0.0038822039983997096,0,0,6899.6775,6930.305,50.365532290185,-50.365532290185,-0.007230022320992265,-0.007256285598326646
CD--SA,CD,SA,4676.260309873395,10,4710.3,4737.5,4717.25,4718.586157143706,149.3869323453546,22316.455555555556,4455.0,4910.0,4598.75,4821.25,222.5,106.5,0.031714950713405646,0,0,4622.8,4797.1125,34.03969012660491,34.03969012660491,0.007279254761488352,0.0072528888586481325
CD--SE,CD,SE,7064.796550280582,10,6986.5,6987.5,6987.5,6983.333333334624,88.50768955921916,7833.611111111112,6840.0,7125.0,6950.0,7008.75,58.75,37.5,0.012668387541575775,3,0,6932.475,7042.5,78.29655028058187,-78.29655028058187,-0.011082633409658808,-0.011144503337144356
CD--SG,CD,SG,9867.490584125751,10,10282.6,10287.5,10254.5,10254.49999998433,255.13142582685583,65092.04444444444,9960.0,10830.0,10088.75,10405.0,316.25,167.5,0.024811956686718907,0,0,10143.59,10441.0125,415.10941587424895,415.10941587424895,0.042068387330620106,0.04120757201309396
CD--SN,CD,SN,4185.9629702863585,10,4202.1,4200.0,4201.375,4200.5,4.148627617792553,17.211111111111116,4198.0,4212.0,4200.0,4204.0,4.0,0.5,0.0009872748430052958,1,0,4200.1,4204.7,16.137029713641823,16.137029713641823,0.0038550340335518785,0.0038476224317301713
CD--TH,CD,TH,9613.840894279354,10,9666.2,9620.0,9656.25,9648.806625000294,251.89715714508924,63452.17777777778,9375.0,10037.0,9476.25,9843.75,367.5,202.5,0.02605958465013027,0,0,9531.6875,9816.25,52.35910572064677,52.35910572064677,0.005446221369421941,0.0054314443342096804
CD--TR,CD,TR,5219.37025970274,10,5103.1,5145.0,5102.625,5113.065400003438,170.44024694237504,29049.877777777783,4850.0,5360.0,4957.5,5177.5,220.0,105.0,0.03339935469467089,0,0,5001.86,5205.6,116.27025970274008,-116.27025970274008,-0.02227668356859627,-0.022528556507557463
CD--TZ,CD,TZ,2274.6043678822007,10,2037.7,2010.0,2031.625,2015.55036001391,86.72696620236792,7521.5666666666675,1944.0,2180.0,1989.75,2109.25,119.5,43.0,0.042561204398276445,0,0,1986.1,2092.5125,236.90436788220063,-236.90436788220063,-0.10415190053590438,-0.1099844122274623
CD--UA,CD,UA,6240.732681787017,10,6113.0,6122.5,6119.375,6122.481124996535,90.68259663978162,8223.333333333334,5960.0,6215.0,6061.25,6190.0,128.75,67.5,0.014834385185634161,0,0,6060.4875,6161.0,127.7326817870171,-127.7326817870171,-0.020467577814988414,-0.020679941394964693
CD--US,CD,US,10513.299742462244,10,10158.1,10137.5,10150.75,10151.067555555195,94.85362993112656,8997.211111111108,10035.0,10340.0,10102.5,10218.75,116.25,80.0,0.009337733427621953,0,0,10101.3,10216.5125,355.1997424622441,-355.1997424622441,-0.03378575244341462,-0.03436968100016716
CD--VN,CD,VN,10243.1517893653,10,10423.8,10441.0,10436.0,10445.769628572052,112.47300910786454,12650.17777777778,10185.0,10565.0,10398.75,10492.0,93.25,51.0,0.010790019868748878,1,0,10347.49,10479.8,180.64821063469935,180.64821063469935,0.017635998601744134,0.017482288962423535
CD--ZA,CD,ZA,2738.097820784533,10,2777.5,2777.0,2777.5,2777.5000000000014,2.273030282830976,5.166666666666666,2775.0,2780.0,2775.25,2780.0,4.75,2.0,0.0008183727390930606,0,0,2776.2,2778.9,39.402179215467186,39.402179215467186,0.01439034753118407,0.014287789209164441
CL--CN,CL,CN,19057.093797293513,10,19063.5,19065.5,19064.875,19065.375,5.082650227325635,25.83333333333333,19050.0,19066.0,19065.0,19066.0,1.0,0.5,0.0002666168451399604,2,0,19060.3,19065.7,6.406202706486511,6.406202706486511,0.00033615842869998987,0.00033610194011451255
CL--CO,CL,CO,4226.284712338569,10,4251.0,4251.0,4251.0,4251.0,1.0540925533894598,1.1111111111111112,4250.0,4252.0,4250.0,4252.0,2.0,1.0,0.00024796343293094795,0,0,4250.4,4251.6,24.71528766143092,24.71528766143092,0.005847994005059584,0.00583096086233412
CL--DE,CL,DE,12506.572379251478,10,12499.2,12500.5,12499.875,12500.264499999937,8.40370288755036,70.62222222222225,12480.0,12513.0,12496.25,12502.75,6.5,2.5,0.0006723392607167146,2,0,12493.3975,12503.7,7.372379251477469,-7.372379251477469,-0.0005894803970197555,-0.00058965420889817
CL--DZ,CL,DZ,10901.817648733382,10,10268.7,10250.5,10260.875,10251.166666673813,179.66144086401326,32278.233333333334,10035.0,10565.0,10155.25,10348.75,193.5,97.5,0.017496025871241078,0,0,10168.6875,10376.4475,633.1176487333814,-633.1176487333814,-0.05807450364086209,-0.059829098447491576
CL--EG,CL,EG,12800.08972667518,10,13188.8,13280.5,13235.875,13249.489300000876,284.3303243295258,80843.73333333334,12490.0,13511.0,13125.0,13320.25,195.25,97.5,0.02155846811912576,1,0,13010.135,13330.822499999998,388.71027332481935,388.71027332481935,0.030367777228526252,0.029915803779325248
CL--ES,CL,ES,10681.935581817292,10,10708.0,10710.0,10708.25,10709.510439981,5.734883511361751,32.888888888888886,10700.0,10714.0,10702.5,10711.5,9.0,3.0,0.0005355699954577653,0,0,10704.4,10711.2,26.064418182708323,26.064418182708323,0.0024400463739057718,0.002437074294445101
CL--ET,CL,ET,12358.215563097187,10,11733.7,11827.5,11742.375,11758.03742920792,211.65698140571166,44798.677777777775,11413.0,11985.0,11575.0,11886.0,311.0,130.0,0.018038383579409022,0,0,11614.25,11854.0425,624.5155630971858,-624.5155630971858,-0.05053444487261163,-0.05185602624154216
CL--FI,CL,FI,13464.23646254886,10,13031.5,13110.0,13049.375,13101.104400109605,208.91319303055568,43644.72222222222,12595.0,13325.0,12911.25,13121.25,210.0,30.0,0.016031400301619588,1,0,12903.975,13142.525,432.7364625488608,-432.7364625488608,-0.032139695685865964,-0.032667515844855735
CL--FJ,CL,FJ,10733.957780178063,10,10398.5,10282.5,10390.0,10396.553944430709,447.40020612919307,200166.94444444444,9830.0,11035.0,10118.75,10741.25,622.5,417.5,0.043025456183987405,0,0,10149.475,10662.525,335.45778017806333,-335.45778017806333,-0.031252012263131755,-0.03175077549158335
CL--FR,CL,FR,11627.359613785839,10,11640.0,11640.0,11640.0,11640.0,0.0,0.0,11640.0,11640.0,11640.0,11640.0,0.0,0.0,0.0,0,0,11640.0,11640.0,12.640386214161481,12.640386214161481,0.0010871243888573429,0.001086533897058793
CL--GB,CL,GB,11650.639354956376,10,11641.5,11640.0,11641.875,11641.87499999207,5.296749527356901,28.055555555555557,11630.0,11650.0,11640.0,11645.0,5.0,2.5,0.00045498857770535597,1,0,11638.5,11644.5,9.139354956376337,-9.139354956376337,-0.0007844509368053096,-0.0007847587794436343
CL--GH,CL,GH,8563.209240922586,10,8594.5,8595.0,8596.25,8596.5064285631,224.97468993447043,50613.61111111111,8245.0,8930.0,8433.75,8757.5,323.75,175.0,0.026176588508286747,0,0,8462.45,8729.0,31.290759077413895,31.290759077413895,0.0036540925483729836,0.003647432571381077
CL--GR,CL,GR,12547.17636965568,10,12300.0,12335.0,12302.5,12324.829833335054,115.01207666057411,13227.777777777776,12110.0,12470.0,12240.0,12368.75,128.75,42.5,0.009350575338258057,0,0,12232.4875,12360.0,247.1763696556809,-247.1763696556809,-0.019699760517709525,-0.019896387419586402
CL--IN,CL,IN,16925.380558989717,10,16334.0,16335.0,16333.75,16333.333333333316,6.99205898780101,48.888888888888886,16325.0,16345.0,16330.0,16335.0,5.0,5.0,0.0004280677719971232,2,0,16330.0,16338.0,591.3805589897165,-591.3805589897165,-0.03494045861648953,-0.035565478631019436
CL--IT,CL,IT,11893.206088021416,10,11883.6,11883.0,11883.5,11883.42857142857,0.9660917830792959,0.9333333333333333,11883.0,11885.0,11883.0,11884.5,1.5,0.0,8.129622194278635e-05,0,0,11883.0,11884.2,9.606088021415417,-9.606088021415417,-0.000807695414535065,-0.0008080217762221261
CL--JP,CL,JP,17234.770240707647,10,17240.0,17240.0,17240.0,17240.0,0.0,0.0,17240.0,17240.0,17240.0,17240.0,0.0,0.0,0.0,0,0,17240.0,17240.0,5.229759292353265,5.229759292353265,0.00030344235631298645,0.0003033963269925364
CL--KE,CL,KE,11550.217666588273,10,11553.3,11699.0,11601.0,11671.596966664758,470.4678640578027,221340.0111111111,10650.0,12075.0,11401.25,11856.25,455.0,203.5,0.040721513685077225,1,0,11248.895,11801.8925,3.0823334117267223,3.0823334117267223,0.00026686366445223786,0.0002668280626783137
CL--KR,CL,KR,18360.580038729033,10,18412.0,18430.0,18421.875,18429.33333333335,36.83295625749672,1356.6666666666667,18315.0,18430.0,18420.0,18430.0,10.0,0.0,0.0020004864358840278,2,0,18389.0,18429.0,51.41996127096718,51.41996127096718,0.0028005630084945075,0.002796648738315952
CL--MA,CL,MA,10010.797136549785,10,9907.2,9897.5,9912.75,9918.021857143794,128.02499755907047,16390.4,9690.0,10080.0,9863.75,10007.25,143.5,95.0,0.012922419811760181,0,0,9832.49,9979.4175,103.59713654978441,-103.59713654978441,-0.010348540194821,-0.010402458644304844
CL--MX,CL,MX,6588.132055113714,10,6540.5,6570.0,6565.625,6570.833333333585,90.96550017573819,8274.722222222224,6290.0,6590.0,6561.25,6582.5,21.25,12.5,0.013908034580802413,2,0,6482.5,6577.0125,47.63205511371416,-47.63205511371416,-0.00722997880358851,-0.007256241764000765
CL--MY,CL,MY,16560.585837942457,10,16378.5,16325.0,16382.5,16340.456333333288,185.45814142879308,34394.72222222222,16075.0,16650.0,16285.0,16536.25,251.25,65.0,0.011323267785743083,0,0,16278.4625,16491.525,182.08583794245715,-182.08583794245715,-0.010995132643512815,-0.01105602587862626
CL--NG,CL,NG,9486.770070583298,10,8686.4,8615.0,8649.25,8625.007314281836,253.37289164830207,64197.822222222225,8430.0,9240.0,8521.25,8730.0,208.75,112.0,0.029168918268592522,1,0,8551.0875,8844.3125,800.370070583298,-800.370070583298,-0.08436697259745929,-0.08813961968608128
CL--NL,CL,NL,11991.522122394139,10,11909.9,11910.0,11915.125,11914.665499999996,53.73070713185235,2886.9888888888886,11804.0,11974.0,11885.75,11956.25,70.5,42.5,0.004511432264910062,0,0,11878.19,11939.5025,81.6221223941393,-81.6221223941393,-0.006806652363315094,-0.006829923279653586
CL--NO,CL,NO,12709.777899866678,10,12281.7,12293.5,12284.625,12281.700000000643,86.7884400904483,7532.2333333333345,12160.0,12380.0,12201.25,12363.75,162.5,84.0,0.007066484288856453,0,0,12232.195000000002,12330.212500000001,428.0778998666774,-428.0778998666774,-0.033680989804799645,-0.034261260988974675
CL--NZ,CL,NZ,9368.814614614528,10,9356.3,9350.0,9352.875,9348.525525000005,23.457052954992733,550.2333333333333,9340.0,9400.0,9340.75,9350.0,9.25,8.5,0.0025070864503054344,2,0,9344.0,9372.0,12.51461461452891,-12.51461461452891,-0.0013357735347871234,-0.0013366664755215189
CL--PE,CL,PE,2457.690639615083,10,2464.1,2465.0,2464.5,2464.5714285714284,1.6633299933166197,2.766666666666666,2460.0,2465.0,2463.5,2465.0,1.5,0.0,0.000675025361518047,1,0,2462.9,2465.0,6.4093603849169085,6.4093603849169085,0.0026078792349230437,0.002604484618423573
CL--PH,CL,PH,17614.831522245775,10,17281.5,17255.0,17280.625,17263.119500044562,42.36416200306837,1794.7222222222222,17235.0,17335.0,17250.0,17327.5,77.5,12.5,0.0024514169489377874,0,0,17256.4875,17306.5,333.331522245775,-333.331522245775,-0.01892334433200854,-0.019104682135226925
CL--PK,CL,PK,16686.183395308064,10,16360.0,16370.0,16363.125,16368.116500000453,57.10613899670605,3261.1111111111113,16255.0,16440.0,16341.25,16395.0,53.75,32.5,0.0034905952931971913,1,0,16325.4875,16394.0,326.18339530806406,-326.18339530806406,-0.019548112805699028,-0.019741704213841377
CL--PL,CL,PL,12969.852106776598,10,12445.2,12468.5,12442.25,12442.249999997995,112.34253176978186,12620.844444444447,12294.0,12620.0,12352.5,12512.25,159.75,99.0,0.009026976807908418,0,0,12384.2925,12510.4125,524.6521067765971,-524.6521067765971,-0.040451664556951455,-0.04129258914602961
CL--PT,CL,PT,10205.486707859607,10,9989.0,9920.0,9972.5,9928.876666669412,177.19731625758018,31398.88888888889,9795.0,10315.0,9883.75,10047.5,163.75,50.0,0.017739244795032555,1,0,9894.0,10097.0,216.48670785960712,-216.48670785960712,-0.02121277642671202,-0.021441000652381283
CL--RU,CL,RU,14117.451542029348,10,14112.0,14112.0,14112.0,14112.0,0.0,0.0,14112.0,14112.0,14112.0,14112.0,0.0,0.0,0.0,0,0,14112.0,14112.0,5.451542029348275,-5.451542029348275,-0.0003861562416643244,-0.0003862308191854268
CL--SA,CL,SA,13945.02643694258,10,14037.9,14097.5,14075.625,14091.687928412517,186.97204187911208,34958.544444444444,13554.0,14220.0,14055.0,14120.0,65.0,32.5,0.013319089171394018,3,0,13912.1875,14122.0125,92.87356305741923,92.87356305741923,0.006659977553816784,0.0066378978825023865
CL--SE,CL,SE,13069.967683612713,10,12286.3,12242.5,12272.25,12264.463666669099,90.19121662088584,8134.455555555554,12195.0,12490.0,12234.0,12317.5,83.5,35.0,0.0073407955707483815,1,0,12238.7925,12344.3025,783.6676836127135,-783.6676836127135,-0.05995942014418947,-0.06183223459051471
CL--SG,CL,SG,16399.740324894206,10,16308.5,16312.5,16311.875,16311.874999999995,26.775818277775276,716.9444444444446,16250.0,16340.0,16295.0,16330.0,35.0,17.5,0.0016418320678036162,0,0,16293.5,16323.0,91.24032489420642,-91.24032489420642,-0.005563522536738399,-0.005579056571005161
CL--SN,CL,SN,7761.929265291671,10,8110.6,8121.0,8107.375,8107.375000002932,135.15193096824197,18266.044444444444,7932.0,8315.0,7980.5,8214.5,234.0,112.5,0.01666361686783246,0,0,8035.9775,8184.0125,348.6707347083293,348.6707347083293,0.044920627693355725,0.04394092817167076
CL--TH,CL,TH,17650.722889818095,10,17098.1,17140.0,17165.75,17164.521122216567,289.54425875464665,83835.87777777777,16335.0,17320.0,17055.25,17280.25,225.0,111.5,0.016934294380933943,1,0,16898.555,17232.34,552.6228898180962,-552.6228898180962,-0.03130879643104472,-0.03180939324659105
CL--TR,CL,TR,13360.362129212648,10,13130.3,13142.5,13145.0,13141.1136666638,160.69920140851147,25824.233333333334,12818.0,13325.0,13020.0,13262.5,242.5,145.0,0.012238806532106005,0,0,13031.9975,13223.0,230.06212921264887,-230.06212921264887,-0.017219752502786904,-0.017369736728768282
CL--TZ,CL,TZ,11140.599699425393,10,10107.0,9970.0,10021.25,9995.448125004927,372.5676672319629,138806.66666666666,9835.0,11065.0,9898.75,10105.0,206.25,112.5,0.036862339688529026,1,0,9922.0,10369.1125,1033.5996994253928,-1033.5996994253928,-0.09277774332729176,-0.09736781294020018
CL--UA,CL,UA,13538.164347903667,10,13017.9,13049.5,13037.375,13047.41324999686,154.9963798860405,24023.87777777778,12715.0,13165.0,12971.25,13147.5,176.25,95.0,0.01190640424999735,0,0,12922.667500000001,13104.5275,520.2643479036669,-520.2643479036669,-0.03842946019370993,-0.03918735231121874
CL--US,CL,US,8036.760399006705,10,8044.2,8045.0,8044.75,8045.401557142852,7.4803446147591055,55.95555555555555,8029.0,8055.0,8043.5,8048.75,5.25,3.5,0.0009299053497873133,2,0,8039.5,8048.5,7.439600993295244,7.439600993295244,0.0009256965025627408,0.0009252683097860346
CL--VN,CL,VN,18587.669739443674,10,18130.4,18332.5,18168.625,18276.10328571482,475.8319497936687,226416.04444444444,17385.0,18570.0,17707.5,18518.0,810.5,215.0,0.026244978036539107,0,0,17849.4725,18380.405000000002,457.26973944367273,-457.26973944367273,-0.02460070282362133,-0.024908356255574388
CL--ZA,CL,ZA,9240.225022987668,10,8462.9,8182.5,8421.75,8198.370866663083,489.5393412859345,239648.76666666663,8080.0,9175.0,8154.0,8928.0,774.0,51.0,0.057845341583373844,0,0,8179.42,8772.2175,777.3250229876685,-777.3250229876685,-0.08412403605473384,-0.08787433401694413
CN--CO,CN,CO,14959.442903499128,10,15237.9,15302.0,15264.875,15298.907420000156,112.60496337985185,12679.877777777776,14950.0,15310.0,15200.0,15305.0,105.0,5.5,0.0073897954035563864,1,0,15166.7,15293.605,278.45709650087156,278.45709650087156,0.018614135452580144,0.018443012706242587
CN--DE,CN,DE,7374.095211881501,10,7356.0,7356.0,7356.0,7356.0,0.0,0.0,7356.0,7356.0,7356.0,7356.0,0.0,0.0,0.0,0,0,7356.0,7356.0,18.0952118815012,-18.0952118815012,-0.0024538891025363105,-0.002456904822905817
CN--DZ,CN,DZ,9128.627104002482,10,9133.8,9130.0,9132.875,9132.17699999998,8.56089299599574,73.28888888888892,9125.0,9150.0,9128.5,9138.75,10.25,5.0,0.0009372761606336619,0,0,9129.0975,9139.3,5.1728959975171165,5.1728959975171165,0.0005666674669238094,0.0005665069715435746
CN--EG,CN,EG,7555.922022804329,10,7551.9,7552.0,7552.375,7551.909800000033,8.198238293140248,67.21111111111112,7540.0,7560.0,7546.25,7560.0,13.75,8.0,0.0010855861827010751,0,0,7547.4,7556.5,4.022022804329026,-4.022022804329026,-0.0005323007294398043,-0.0005324424517678836
CN--ES,CN,ES,9241.695750140318,10,9215.0,9215.0,9215.0,9215.0,0.0,0.0,9215.0,9215.0,9215.0,9215.0,0.0,0.0,0.0,0,0,9215.0,9215.0,26.695750140317614,-26.695750140317614,-0.0028886203205631704,-0.0028928004360263744
CN--ET,CN,ET,8323.256614917631,10,8313.3,8315.0,8314.125,8314.5552200095,5.578729445153459,31.12222222222222,8300.0,8320.0,8311.25,8315.0,3.75,1.5,0.0006710607634938544,1,0,8309.5,8316.1,9.956614917631669,-9.956614917631669,-0.0011962402913045596,-0.0011969563578372653
CN--FI,CN,FI,6335.706896287733,10,6310.7,6314.0,6311.375,6313.017400000005,6.32543366980566,40.0111111111111,6300.0,6316.0,6307.75,6315.0,7.25,2.0,0.0010023347124416722,0,0,6306.7,6314.2,25.00689628773307,-25.00689628773307,-0.003946978087383636,-0.003954787962438815
CN--FJ,CN,FJ,9087.647388686939,10,9290.5,9280.0,9281.875,9270.83333333279,98.72661467124477,9746.944444444443,9165.0,9485.0,9243.75,9285.0,41.25,32.5,0.010626620168047444,3,0,9238.475,9354.05,202.85261131306106,202.85261131306106,0.022321796020121656,0.022076311124931036
CN--FR,CN,FR,8235.539912036413,10,8215.0,8215.0,8215.0,8215.0,0.0,0.0,8215.0,8215.0,8215.0,8215.0,0.0,0.0,0.0,0,0,8215.0,8215.0,20.539912036412716,-20.539912036412716,-0.002494057737051727,-0.0024971730800244095
CN--GB,CN,GB,8159.495498560135,10,8140.2,8140.0,8140.125,8140.2,0.4216370213557839,0.17777777777777778,8140.0,8141.0,8140.0,8140.0,0.0,0.0,5.1796887220926254e-05,2,0,8140.0,8140.5,19.295498560135457,-19.295498560135457,-0.0023647906373059995,-0.0023675911706730283
CN--GH,CN,GH,11825.126110302292,10,11511.5,11445.0,11492.5,11443.333333333336,242.68234839440262,58894.72222222221,11225.0,11950.0,11416.25,11468.75,52.5,27.5,0.021081731172688408,4,0,11381.5,11656.1125,313.62611030229164,-313.62611030229164,-0.026522009776204766,-0.026880063337850917
CN--GR,CN,GR,7631.506142204527,10,7613.2,7615.0,7613.375,7614.333333333351,2.3944379994757297,5.733333333333334,7610.0,7615.0,7610.5,7615.0,4.5,0.0,0.00031451137491143405,0,0,7611.7,7614.5,18.306142204527532,-18.306142204527532,-0.0023987587592033837,-0.0024016403901431153
CN--IN,CN,IN,3786.344323933427,10,3783.7,3780.0,3783.125,3780.6666666666665,5.078276172963507,25.788888888888884,3780.0,3792.0,3780.0,3788.75,8.75,0.0,0.001342145564649287,0,0,3781.0,3786.9,2.644323933427131,-2.644323933427131,-0.0006983844328980855,-0.0006986284169091414
CN--IT,CN,IT,8143.606625822012,10,8130.0,8130.0,8130.0,8130.0,0.0,0.0,8130.0,8130.0,8130.0,8130.0,0.0,0.0,0.0,0,0,8130.0,8130.0,13.606625822011665,-13.606625822011665,-0.0016708353493975674,-0.0016722327515495323
CN--JP,CN,JP,2104.0237532057217,10,2099.8,2100.0,2100.0,2099.8888888888887,0.6324555320336759,0.4,2098.0,2100.0,2100.0,2100.0,0.0,0.0,0.00030119798649094,1,0,2099.4,2100.0,4.22375320572155,-4.22375320572155,-0.0020074646017119234,-0.0020094822594787717
CN--KE,CN,KE,9214.097058911791,10,9584.6,9575.0,9582.5,9576.965199964563,26.277155266293363,690.488888888889,9555.0,9631.0,9570.0,9602.5,32.5,10.0,0.0027416016595677817,0,0,9570.5,9601.515,370.5029410882089,370.5029410882089,0.040210444791208465,0.039423043443904786
CN--KR,CN,KR,958.3389564502992,10,952.9,953.0,953.125,953.1111111111111,1.1005049346146119,1.211111111111111,950.0,954.0,953.0,953.0,0.0,0.0,0.0011549007604309076,3,0,952.2,953.4,5.438956450299202,-5.438956450299202,-0.005675399516727539,-0.005691565792296527
CN--MA,CN,MA,9959.705404692048,10,10309.2,10311.0,10310.875,10311.267399999986,8.148619514985347,66.40000000000003,10290.0,10315.0,10310.0,10315.0,5.0,4.0,0.0007904221001615398,2,0,10303.9925,10313.2,349.4945953079532,349.4945953079532,0.0350908567178408,0.034489207132964134
CN--MX,CN,MX,12474.484204037479,10,12436.8,12437.0,12436.625,12436.741300000003,1.9321835661585915,3.7333333333333325,12435.0,12440.0,12435.0,12437.0,2.0,2.0,0.00015536018639510096,0,0,12435.797499999999,12437.9025,37.6842040374795,-37.6842040374795,-0.0030209027821192537,-0.0030254749192384213
CN--MY,CN,MY,4332.637278888493,10,4347.5,4350.0,4348.75,4349.571428571428,4.85912657903775,23.611111111111107,4335.0,4350.0,4346.25,4350.0,3.75,0.0,0.0011176829393991375,1,0,4344.5,4350.0,14.862721111507199,14.862721111507199,0.0034304097377198684,0.0034245393037338904
CN--NG,CN,NG,10936.133047329091,10,10540.0,10557.5,10552.5,10552.84635738132,133.60389215887386,17849.999999999996,10240.0,10740.0,10492.5,10608.75,116.25,67.5,0.01267589109666735,1,0,10448.4875,10612.5125,396.1330473290909,-396.1330473290909,-0.0362224056359517,-0.036894722230137615
CN--NL,CN,NL,7840.400371133997,10,7824.0,7824.0,7824.0,7824.0,0.0,0.0,7824.0,7824.0,7824.0,7824.0,0.0,0.0,0.0,0,0,7824.0,7824.0,16.400371133997396,-16.400371133997396,-0.0020917772508631887,-0.0020939680725706182
CN--NO,CN,NO,7040.101298011618,10,6916.8,6970.0,6935.375,6966.8820000009355,114.51909108189001,13114.62222222222,6700.0,6985.0,6960.0,6972.25,12.25,10.0,0.016556657859398857,2,0,6856.842500000001,6973.3,123.3012980116182,-123.3012980116182,-0.017514136912553088,-0.017669324057306077
CN--NZ,CN,NZ,10759.510305075924,10,10399.0,10430.0,10411.25,10419.069600000095,64.45497998172402,4154.444444444444,10250.0,10450.0,10386.25,10438.75,52.5,20.0,0.006198190208839698,1,0,10363.0,10433.0,360.5103050759244,-360.5103050759244,-0.03350620008290242,-0.03408039533922399
CN--PE,CN,PE,16647.408363779676,10,16625.7,16625.0,16625.25,16624.87065,2.584139659108574,6.677777777777776,16624.0,16631.0,16624.0,16625.0,1.0,1.0,0.00015543042753740136,2,0,16624.4,16627.302499999998,21.708363779674983,-21.708363779674983,-0.0013040086063429907,-0.0013048595654180685
CN--PH,CN,PH,2841.990869314639,10,2851.5,2850.0,2850.625,2850.1428571428573,5.296749527356901,28.055555555555557,2845.0,2865.0,2850.0,2850.0,0.0,0.0,0.0018575309582173948,3,0,2849.0,2855.0,9.509130685361015,9.509130685361015,0.0033459399141750907,0.0033403547122528836
CN--PK,CN,PK,3879.3914083676773,10,3815.0,3805.0,3815.0,3813.217333333324,29.154759474226502,850.0,3780.0,3850.0,3790.0,3847.5,57.5,20.0,0.007642138787477458,0,0,3798.0,3832.0,64.39140836767729,-64.39140836767729,-0.016598327312059267,-0.016737623082477622
CN--PL,CN,PL,6956.214835268704,10,7155.0,7175.0,7156.25,7154.999999999722,206.08789926199503,42472.22222222221,6950.0,7350.0,6950.0,7350.0,400.0,175.0,0.02880334021830818,0,0,7035.0,7275.0,198.7851647312964,198.7851647312964,0.02857662815751977,0.028175932107063244
CN--PT,CN,PT,9687.15424475197,10,9613.2,9605.0,9606.125,9605.666666666833,27.57132165453404,760.1777777777776,9595.0,9688.0,9600.0,9612.5,12.5,7.0,0.0028680690773659175,1,0,9601.3,9631.4025,73.95424475196887,-73.95424475196887,-0.007634259028345057,-0.007663549151284027
CN--RU,CN,RU,5806.057705333434,10,5796.0,5796.0,5796.0,5796.0,0.0,0.0,5796.0,5796.0,5796.0,5796.0,0.0,0.0,0.0,0,0,5796.0,5796.0,10.05770533343366,-10.05770533343366,-0.0017322778800828436,-0.0017337800083961196
CN--SA,CN,SA,6606.426919492859,10,6188.3,6190.0,6188.5,6189.555220009495,5.056349144063003,25.566666666666666,6180.0,6195.0,6186.25,6190.0,3.75,1.5,0.000817082097516766,2,0,6185.0,6191.1,418.1269194928591,-418.1269194928591,-0.06329093238875282,-0.06538253843465279
CN--SE,CN,SE,6720.436278900068,10,6710.8,6712.0,6711.625,6711.714285714285,3.9944405810520647,15.955555555555556,6700.0,6715.0,6711.25,6712.0,0.75,0.0,0.0005952256930696883,3,0,6708.1,6712.6,9.636278900067737,-9.636278900067737,-0.0014338769836003719,-0.0014349059689456986
CN--SG,CN,SG,4463.068886903711,10,4480.0,4480.0,4480.0,4480.0,0.0,0.0,4480.0,4480.0,4480.0,4480.0,0.0,0.0,0.0,0,0,4480.0,4480.0,16.931113096288755,16.931113096288755,0.0037936033535065704,0.003786425787137625
CN--SN,CN,SN,12308.087610438688,10,11968.5,11935.0,11926.875,11933.621142855716,167.29963140027138,27989.166666666668,11840.0,12430.0,11913.75,11950.0,36.25,20.0,0.01397832906381513,3,0,11895.5,12079.0125,339.587610438688,-339.587610438688,-0.027590607183416393,-0.027978377170342256
CN--TH,CN,TH,3289.9112641123884,10,3291.3,3290.5,3291.0,3290.8333333333335,1.7029386365926402,2.9000000000000004,3290.0,3295.0,3290.0,3292.0,2.0,0.5,0.0005174060816676208,0,0,3290.3975,3292.3,1.3887358876118014,1.3887358876118014,0.0004221195576794621,0.00042203049028281424
CN--TR,CN,TR,6847.206348764228,10,6428.5,6440.0,6348.125,6385.696000007638,428.2785308651369,183422.5,6000.0,7500.0,6126.25,6502.5,376.25,120.0,0.06662184504396622,1,0,6215.0,6700.5625,418.7063487642281,-418.7063487642281,-0.06114995334408105,-0.06309950724856499
CN--TZ,CN,TZ,9656.25374403827,10,9205.0,9152.0,9187.5,9173.246128564233,192.23423212320952,36954.0,8975.0,9575.0,9071.25,9270.25,199.0,116.5,0.020883675407192777,1,0,9101.8975,9323.6275,451.25374403826936,-451.25374403826936,-0.046731761198474255,-0.04785894714502104
CN--UA,CN,UA,6466.108332658287,10,6450.0,6450.0,6450.0,6450.0,0.0,0.0,6450.0,6450.0,6450.0,6450.0,0.0,0.0,0.0,0,0,6450.0,6450.0,16.1083326582866,-16.1083326582866,-0.002491194367550024,-0.002494302555378275
CN--US,CN,US,11169.116898963428,10,11158.4,11158.0,11157.75,11156.8139199747,8.044321668799125,64.71111111111114,11150.0,11172.0,11152.0,11158.0,6.0,4.0,0.0007209207116431679,2,0,11154.0,11163.4,10.71689896342832,-10.71689896342832,-0.0009595117555285793,-0.0009599723816073819
CN--VN,CN,VN,2322.1755294999916,10,2330.1,2330.0,2330.0,2330.1,0.31622776601683794,0.1,2330.0,2331.0,2330.0,2330.0,0.0,0.0,0.0001357142466060847,1,0,2330.0,2330.3,7.924470500008283,7.924470500008283,0.0034125200267331093,0.0034067105930543056
CN--ZA,CN,ZA,11648.376355581766,10,11709.0,11715.0,11716.25,11715.333333333334,30.166206257996713,910.0,11625.0,11735.0,11715.0,11718.75,3.75,0.0,0.0025763264376118125,2,0,11689.0,11721.5,60.62364441823411,60.62364441823411,0.005204471642022793,0.005190975187177413
CO--DE,CO,DE,9434.723265292183,10,9399.3,9391.0,9396.625,9391.574633333294,16.16615119453126,261.3444444444445,9385.0,9435.0,9390.0,9408.0,18.0,1.5,0.001719931398564921,0,0,9390.9975,9409.0025,35.423265292183714,-35.423265292183714,-0.0037545632549177577,-0.0037616293197384677
CO--DZ,CO,DZ,8561.364835153712,10,8432.4,8443.5,8435.5,8436.85780010043,44.90533252174945,2016.4888888888888,8345.0,8495.0,8412.0,8462.5,50.5,29.0,0.0053253323516139475,0,0,8406.2,8456.4,128.96483515371256,-128.96483515371256,-0.015063583626780121,-0.015178191798972663
CO--EG,CO,EG,11223.931381246066,10,11148.5,11100.0,11110.0,11101.586500032527,312.7570054282469,97816.94444444445,10825.0,11780.0,10891.25,11277.5,386.25,210.0,0.028053729688141623,0,0,10984.475,11330.525,75.43138124606594,-75.43138124606594,-0.006720584676070217,-0.006743269499240778
CO--ES,CO,ES,8024.515430689445,10,8020.9,8015.0,8020.625,8015.6,7.837941906733766,61.433333333333344,8014.0,8030.0,8015.0,8030.0,15.0,0.5,0.000977189829911078,0,0,8016.3,8025.5,3.61543068944502,-3.61543068944502,-0.0004505481633966267,-0.00045064969071683834
CO--ET,CO,ET,12426.953409430811,10,11687.3,11652.5,11677.75,11668.495400000356,86.75770859122548,7526.9,11606.0,11845.0,11615.0,11745.0,130.0,43.5,0.007423246480472435,0,0,11639.297499999999,11739.7,739.6534094308117,-739.6534094308117,-0.05952009193737614,-0.061364993507390775
CO--FI,CO,FI,10062.532890466686,10,9790.9,9693.0,9741.75,9713.307833335533,217.92937184122545,47493.21111111111,9635.0,10340.0,9668.5,9802.5,134.0,47.5,0.022258359480867483,1,0,9686.6825,9927.3,271.63289046668615,-271.63289046668615,-0.026994484730979915,-0.027365528498712616
CO--FJ,CO,FJ,12022.37001080766,10,13306.0,13067.5,13271.875,13105.477666631768,569.3163541574326,324121.1111111112,12735.0,14150.0,12885.0,13823.75,938.75,205.0,0.04278643876126804,0,0,13006.9375,13653.175,1283.6299891923409,1283.6299891923409,0.10677012835559092,0.10144597936836214
CO--FR,CO,FR,8632.37794115417,10,8629.5,8630.0,8630.0,8629.888888888889,1.5811388300841898,2.5000000000000004,8625.0,8630.0,8630.0,8630.0,0.0,0.0,0.00018322484849460453,1,0,8628.5,8630.0,2.8779411541690934,-2.8779411541690934,-0.0003333891511455656,-0.0003334447376635799
CO--GB,CO,GB,8501.996904262256,10,8497.7,8500.0,8500.0,8499.888888888889,7.273238618387273,52.900000000000006,8477.0,8500.0,8500.0,8500.0,0.0,0.0,0.0008559067298665842,1,0,8493.1,8500.0,4.296904262255339,-4.296904262255339,-0.0005053994150599134,-0.0005055271723917315
CO--GH,CO,GH,8186.029470285618,10,8048.6,8050.0,8047.0,8044.862299649843,131.83676775973132,17380.93333333333,7860.0,8250.0,7950.75,8126.25,175.5,98.5,0.01638008694179501,0,0,7975.69,8129.45,137.42947028561775,-137.42947028561775,-0.016788294103322193,-0.01693081488511907
CO--GR,CO,GR,10382.81703126424,10,10149.1,10257.5,10181.0,10256.813919999731,188.00263000524458,35344.98888888889,9780.0,10263.0,10090.0,10260.0,170.0,4.0,0.01852406912979915,1,0,10028.3975,10258.6025,233.71703126423927,-233.71703126423927,-0.02250998265311637,-0.022767199607619037
CO--IN,CO,IN,15225.968636419148,10,15923.0,15915.0,15947.5,15924.365833333564,178.53104305227518,31873.333333333332,15500.0,16150.0,15886.25,15997.5,111.25,37.5,0.011212148656175041,1,0,15815.4125,16015.025,697.0313635808525,697.0313635808525,0.045779114631407825,0.04476217186240508
CO--IT,CO,IT,9387.891649710753,10,9350.9,9350.0,9350.5,9350.0,3.984692933938295,15.877777777777778,9345.0,9360.0,9350.0,9350.0,0.0,0.0,0.00042612934946778335,4,0,9348.9,9353.4,36.991649710753336,-36.991649710753336,-0.003940357546829279,-0.003948141209298005
CO--JP,CO,JP,14327.518669903713,10,14303.2,14305.0,14304.0,14304.396750000007,7.8993670632526,62.40000000000001,14290.0,14310.0,14300.0,14310.0,10.0,5.0,0.0005522797040699004,0,0,14298.6,14308.0,24.31866990371236,-24.31866990371236,-0.0016973399556474487,-0.0016987820691789582
CO--KE,CO,KE,12348.95435955968,10,11569.0,11606.0,11581.875,11584.499999999356,129.4895963216951,16767.555555555555,11310.0,11725.0,11498.75,11627.5,128.75,74.0,0.011192808049243245,0,0,11487.17,11637.02,779.9543595596806,-779.9543595596806,-0.06315954669926328,-0.06524228520062994
CO--KR,CO,KR,14855.470153152684,10,14875.8,14875.0,14876.875,14876.607499999996,15.33912933933634,235.28888888888892,14850.0,14893.0,14865.0,14890.0,25.0,12.5,0.0010311465157730234,0,0,14867.0,14884.8,20.32984684731491,20.32984684731491,0.0013685091510214123,0.001367573595819799
CO--MA,CO,MA,7635.020568883151,10,7592.9,7582.5,7595.5,7595.499999999219,56.42979906239452,3184.3222222222216,7495.0,7670.0,7556.25,7645.5,89.25,45.0,0.007431916535499549,0,0,7557.679999999999,7627.2125,42.12056888315146,-42.12056888315146,-0.005516759058229079,-0.005532032572916982
CO--MX,CO,MX,3175.5874499646543,10,3195.4,3190.0,3193.75,3190.9999999995052,29.455050500720585,867.6,3160.0,3244.0,3179.5,3202.0,22.5,12.0,0.009217954090480249,2,0,3179.2,3213.4,19.812550035345794,19.812550035345794,0.006239018873678417,0.006219636770521776
CO--MY,CO,MY,19032.67962698383,10,19700.6,19773.0,19772.0,19772.53915000031,230.57907778267983,53166.711111111115,19045.0,19785.0,19762.5,19782.0,19.5,9.0,0.011704165242818993,1,0,19553.397500000003,19778.2025,667.920373016168,667.920373016168,0.035093343980277754,0.034491610071249804
CO--NG,CO,NG,9018.876991242843,10,8337.0,8350.0,8327.5,8328.695555553748,120.2820758790676,14467.777777777777,8190.0,8560.0,8242.5,8402.5,160.0,100.0,0.014427501005045893,0,0,8271.0,8411.025,681.8769912428434,-681.8769912428434,-0.07560553180899715,-0.07861638481552134
CO--NL,CO,NL,8857.739182265888,10,8825.1,8825.0,8825.0,8825.1,0.31622776601683794,0.1,8825.0,8826.0,8825.0,8825.0,0.0,0.0,3.5832768582433955e-05,1,0,8825.0,8825.3,32.63918226588794,-32.63918226588794,-0.0036848208774576435,-0.003691626553515811
CO--NO,CO,NO,9277.765385828061,10,9021.1,8990.0,9025.125,9025.125000003574,122.78024633013604,15074.988888888884,8815.0,9195.0,8978.0,9125.75,147.75,108.5,0.013610340904117684,0,0,8945.887499999999,9090.130000000001,256.6653858280606,-256.6653858280606,-0.02766456955466035,-0.028054441001848448
CO--NZ,CO,NZ,12107.72103768077,10,12600.9,12557.0,12598.0,12598.000000000036,163.7317928809185,26808.099999999995,12380.0,12845.0,12480.0,12757.5,277.5,147.0,0.012993658618108112,0,0,12510.4575,12698.01,493.17896231922896,493.17896231922896,0.04073260036173556,0.03992488858829946
CO--PE,CO,PE,1869.717421500606,10,1880.7,1880.0,1880.125,1880.125,2.6687491868330797,7.1222222222222245,1878.0,1888.0,1880.0,1880.0,0.0,0.0,0.0014190190816361352,3,0,1879.5974999999999,1882.5,10.982578499394094,10.982578499394094,0.005873924248178448,0.005856740014894999
CO--PH,CO,PH,17318.972788215247,10,17942.5,18115.0,17961.875,18018.07880001345,351.5901180509929,123615.61111111111,17415.0,18315.0,17581.25,18208.5,627.25,186.0,0.019595380691151895,0,0,17718.45,18134.215,623.5272117847526,623.5272117847526,0.03600255161836352,0.0353696067863466
CO--PK,CO,PK,14553.253604343023,10,15205.8,15170.0,15187.875,15166.500000000267,117.78020961849991,13872.177777777779,15105.0,15450.0,15141.75,15186.5,44.75,26.5,0.007745742388989722,2,0,15147.495,15288.5075,652.5463956569765,652.5463956569765,0.044838522944604074,0.043862349978801986
CO--PL,CO,PL,9952.660970335612,10,9642.3,9632.0,9638.0,9634.000000000007,36.914465698121354,1362.6777777777781,9595.0,9724.0,9626.25,9646.25,20.0,12.0,0.003828388008890136,3,0,9622.8975,9665.1,310.36097033561236,-310.36097033561236,-0.03118371772741564,-0.031680280244740205
CO--PT,CO,PT,7528.581774689585,10,7489.7,7498.0,7491.5,7494.833333332913,30.081555810828668,904.9,7440.0,7525.0,7480.5,7507.75,27.25,17.0,0.004016389950308914,0,0,7469.8,7507.405,38.881774689584745,-38.881774689584745,-0.005164555005605674,-0.00517793741582275
CO--RU,CO,RU,10916.0980038675,10,10906.0,10905.0,10905.625,10905.25,2.1081851067789197,4.444444444444445,10905.0,10910.0,10905.0,10905.0,0.0,0.0,0.0001933050712249147,2,0,10905.0,10907.5,10.098003867500665,-10.098003867500665,-0.0009250561751940126,-0.0009254843037066177
CO--SA,CO,SA,12862.1824864371,10,12548.0,12513.0,12533.75,12508.417971429182,119.25882217541252,14222.666666666664,12435.0,12775.0,12480.0,12530.5,50.5,33.0,0.009504209609133927,2,0,12485.995,12624.3575,314.1824864370992,-314.1824864370992,-0.024426840994395627,-0.024730125313220407
CO--SE,CO,SE,9693.22189855851,10,9535.0,9527.5,9531.875,9525.110214419576,52.228132053307995,2727.777777777778,9470.0,9625.0,9495.0,9545.0,50.0,27.5,0.00547751778220325,1,0,9506.5,9569.5125,158.22189855850957,-158.22189855850957,-0.016322941970619585,-0.016457628856584732
CO--SG,CO,SG,19316.524021455647,10,19672.0,19744.0,19744.0,19744.333333333496,233.39189741243757,54471.77777777778,19008.0,19760.0,19741.0,19747.0,6.0,3.5,0.011864167212913663,2,0,19522.995,19748.5,355.475978544353,355.475978544353,0.018402688710945685,0.018235408390082065
CO--SN,CO,SN,6296.585430647009,10,6099.3,6125.0,6082.25,6085.551833838703,132.27668812841597,17497.122222222224,5960.0,6375.0,5977.25,6147.5,170.25,102.5,0.021687191665997075,0,0,6026.389999999999,6174.5125,197.28543064700898,-197.28543064700898,-0.03133212958356332,-0.03183348083348511
CO--TH,CO,TH,17891.231905646808,10,17258.2,17215.0,17246.5,17232.776424999964,146.73619564071814,21531.511111111107,17105.0,17505.0,17154.0,17316.0,162.0,94.5,0.008502404401427618,0,0,17177.7375,17344.0,633.031905646807,-633.031905646807,-0.035382242485326586,-0.03602336231634645
CO--TR,CO,TR,11114.439440495353,10,10769.0,10777.5,10776.25,10781.666666667626,56.11496136405057,3148.8888888888882,10650.0,10830.0,10767.5,10798.75,31.25,20.0,0.005210786643518485,2,0,10732.5,10798.5,345.43944049535276,-345.43944049535276,-0.031080239569865078,-0.031573477093672565
CO--TZ,CO,TZ,12263.99655872549,10,10962.0,10927.5,10948.125,10952.161666661681,201.20746617470348,40484.444444444445,10725.0,11310.0,10793.75,11106.25,312.5,175.0,0.01835499600207111,0,0,10837.975,11075.5125,1301.99655872549,-1301.99655872549,-0.10616413275158301,-0.11223311434586614
CO--UA,CO,UA,10641.180470910898,10,10270.9,10253.5,10258.0,10252.000000000155,81.97892683150009,6720.544444444446,10170.0,10475.0,10245.0,10258.75,13.75,8.5,0.00798166926282021,4,0,10230.1875,10326.9025,370.28047091089866,-370.28047091089866,-0.03479693553954002,-0.03541677028762667
CO--US,CO,US,3810.5972373090326,10,3548.6,3495.0,3520.75,3496.1032499999656,118.55725292963827,14055.822222222221,3490.0,3830.0,3490.5,3501.5,11.0,5.0,0.03340958488689575,2,0,3493.6,3634.6075,261.9972373090327,-261.9972373090327,-0.06875490139546994,-0.07123277254567632
CO--VN,CO,VN,17168.46785762716,10,17604.1,17562.5,17586.25,17571.666666654794,245.08114302546142,60064.76666666668,17300.0,18051.0,17462.5,17686.25,223.75,127.5,0.013921821792960812,1,0,17475.4875,17742.18,435.6321423728368,435.6321423728368,0.025373967321102885,0.02505739221712249
CO--ZA,CO,ZA,11470.29193218006,10,10447.0,10482.5,10466.25,10467.306071421815,229.05845930193843,52467.77777777778,9960.0,10780.0,10351.25,10601.25,250.0,137.5,0.021925764267439307,1,0,10306.925,10569.525,1023.29193218006,-1023.29193218006,-0.08921237037648541,-0.09344552676498628
DE--DZ,DE,DZ,1929.5842635808192,10,1906.5,1895.0,1908.75,1906.4999999981326,75.06182636851955,5634.2777777777765,1800.0,1995.0,1856.5,1980.0,123.5,82.5,0.03937153232023055,0,0,1861.695,1952.2125,23.084263580819197,-23.084263580819197,-0.01196333532383844,-0.012035471926713148
DE--EG,DE,EG,2891.4189080361066,10,2892.1,2891.5,2891.875,2891.8217333333523,3.2128215360057304,10.322222222222221,2888.0,2898.0,2890.0,2894.5,4.5,2.0,0.0011108957283654543,0,0,2890.3,2894.1,0.6810919638933228,0.6810919638933228,0.00023555630835793708,0.00023552856932681148
DE--ES,DE,ES,1871.7316834419983,10,1869.8,1870.0,1869.875,1869.8,0.42163702135578396,0.1777777777777778,1869.0,1870.0,1870.0,1870.0,0.0,0.0,0.0002254984604534089,2,0,1869.5,1870.0,1.9316834419983024,-1.9316834419983024,-0.0010320301029718409,-0.0010325630127226886
DE--ET,DE,ET,5338.017839459692,10,5349.2,5350.0,5348.375,5348.7587,6.47731082746193,41.955555555555556,5340.0,5365.0,5345.5,5350.0,4.5,1.5,0.0012108933723663222,1,0,5346.0,5353.5,11.18216054030745,11.18216054030745,0.002094815131123521,0.0020926240652917407
DE--FI,DE,FI,1107.9778488106122,10,1101.9,1101.5,1101.75,1101.5714285690856,1.523883926754995,2.3222222222222233,1100.0,1105.0,1101.0,1102.0,1.0,0.5,0.001382960274757233,2,0,1101.1,1102.8,6.077848810612068,-6.077848810612068,-0.005485532781306497,-0.005500633565470068
DE--FJ,DE,FJ,15973.080004981164,10,16173.4,16180.0,16174.0,16174.000000000084,22.853154413924276,522.2666666666667,16130.0,16212.0,16160.25,16180.75,20.5,17.0,0.0014130086694154771,1,0,16159.5,16186.2,200.31999501883547,200.31999501883547,0.012541100085667022,0.012463111851898703
DE--FR,DE,FR,880.1220118488678,10,878.0,878.0,878.0,878.0,0.0,0.0,878.0,878.0,878.0,878.0,0.0,0.0,0.0,0,0,878.0,878.0,2.122011848867828,-2.122011848867828,-0.002411042810314593,-0.0024139540543952937
DE--GB,DE,GB,933.6780131656095,10,932.0,932.0,932.0,932.0,0.0,0.0,932.0,932.0,932.0,932.0,0.0,0.0,0.0,0,0,932.0,932.0,1.6780131656095136,-1.6780131656095136,-0.001797207540445615,-0.0017988244554957406
DE--GH,DE,GH,5355.487752609555,10,5223.2,5177.5,5215.75,5193.644666669652,100.91228314179047,10183.288888888888,5130.0,5376.0,5136.25,5311.25,175.0,45.0,0.019320011322903674,0,0,5167.49,5280.610000000001,132.28775260955535,-132.28775260955535,-0.024701345371408202,-0.02501154244878593
DE--GR,DE,GR,1803.6456298841938,10,1800.5,1801.0,1801.0,1800.888888888889,1.5811388300841898,2.5000000000000004,1796.0,1801.0,1801.0,1801.0,0.0,0.0,0.0008781665260117689,1,0,1799.5,1801.0,3.145629884193795,-3.145629884193795,-0.0017440398668533163,-0.001745562474965628
DE--IN,DE,IN,5791.273241523696,10,5783.8,5784.5,5784.5,5784.444444444444,2.4404006956964173,5.9555555555555575,5777.0,5785.0,5784.0,5785.0,1.0,0.5,0.0004219372550393197,1,0,5782.2,5784.8,7.473241523695833,-7.473241523695833,-0.001290431518601531,-0.0012912648423289122
DE--IT,DE,IT,1183.3475090566692,10,1183.7,1184.0,1184.0,1183.888888888889,0.9486832980505138,0.8999999999999999,1181.0,1184.0,1184.0,1184.0,0.0,0.0,0.0008014558571010507,1,0,1183.1,1184.0,0.3524909433308494,0.3524909433308494,0.0002978761020182863,0.0002978317457404121
DE--JP,DE,JP,8941.116372895822,10,8917.1,8918.0,8917.25,8917.571428573772,1.4491376746189437,2.0999999999999996,8915.0,8918.0,8915.75,8918.0,2.25,0.0,0.0001625122152514768,0,0,8916.2,8918.0,24.016372895821405,-24.016372895821405,-0.002686059759676638,-0.002689673691134116
DE--KE,DE,KE,6352.944306361189,10,6331.5,6330.0,6330.625,6330.0,15.994790818680103,255.83333333333334,6310.0,6360.0,6320.0,6340.0,20.0,10.0,0.0025262245626913216,0,0,6322.5,6341.0,21.444306361188865,-21.444306361188865,-0.0033754910049686297,-0.0033812008273210476
DE--KR,DE,KR,8148.703873526628,10,8128.2,8128.0,8128.375,8128.258700000002,1.9321835661585918,3.7333333333333334,8125.0,8130.0,8128.0,8130.0,2.0,2.0,0.00023771358556120566,0,0,8126.9,8129.3,20.503873526628013,-20.503873526628013,-0.0025162128658571888,-0.0025193838498143387
DE--MA,DE,MA,2611.9809662547964,10,2619.2,2621.0,2621.0,2621.6666666667593,11.28223776069663,127.28888888888889,2593.0,2631.0,2618.5,2625.0,6.5,4.0,0.004307512889697858,2,0,2611.6949999999997,2625.0,7.219033745203433,7.219033745203433,0.00276381560144157,0.0027600032858449406
DE--MX,DE,MX,9740.126910212532,10,9724.7,9724.5,9724.125,9724.125000004638,2.79085809185793,7.788888888888887,9722.0,9732.0,9723.0,9725.0,2.0,1.0,0.00028698654887635916,1,0,9723.4,9726.6,15.426910212530856,-15.426910212530856,-0.001583851047808805,-0.0015851066658627228
DE--MY,DE,MY,9615.08570758263,10,9599.3,9600.0,9598.5,9599.172466666692,4.3982319680121975,19.34444444444445,9595.0,9610.0,9595.75,9600.0,4.25,1.0,0.00045818257248051396,1,0,9597.0,9602.0025,15.785707582630494,-15.785707582630494,-0.0016417646251641418,-0.0016431137975909916
DE--NG,DE,NG,4846.239230895395,10,4840.0,4851.0,4835.25,4835.74633333317,57.59822528130147,3317.5555555555557,4773.0,4945.0,4783.75,4876.25,92.5,45.0,0.01190045976886394,0,0,4806.995,4874.92,6.23923089539494,-6.23923089539494,-0.0012874376600352383,-0.0012882671198944948
DE--NL,DE,NL,577.0085813772484,10,576.9,577.0,577.0,577.0,0.7378647873726218,0.5444444444444444,575.0,578.0,577.0,577.0,0.0,0.0,0.0012790167921175625,2,0,576.4,577.3,0.10858137724846983,-0.10858137724846983,-0.00018817983086022647,-0.00018819753890621753
DE--NO,DE,NO,839.4791498459016,10,839.0,839.0,839.0,839.0,0.0,0.0,839.0,839.0,839.0,839.0,0.0,0.0,0.0,0,0,839.0,839.0,0.4791498459015884,-0.4791498459015884,-0.0005707703949401759,-0.0005709333463701893
DE--NZ,DE,NZ,18133.546853189033,10,18173.0,18142.0,18159.375,18140.189100000425,81.12678691748833,6581.555555555556,18120.0,18335.0,18125.5,18150.0,24.5,14.0,0.004464138387579835,2,0,18132.397500000003,18228.6075,39.453146810967155,39.453146810967155,0.0021756993891147544,0.00217333598261933
DE--PE,DE,PE,11091.52456248637,10,11103.5,11140.0,11136.875,11138.190249930445,114.94080602157307,13211.388888888887,10780.0,11160.0,11125.0,11153.75,28.75,15.0,0.010351763499939035,1,0,11028.4875,11147.5,11.975437513630823,11.975437513630823,0.0010796926469544155,0.0010791101980547305
DE--PH,DE,PH,9877.59768324053,10,9743.5,9742.0,9743.0,9743.25264444438,13.930382462644575,194.05555555555554,9726.0,9765.0,9731.25,9755.0,23.75,13.0,0.0014297103158664314,0,0,9735.595000000001,9751.9,134.0976832405304,-134.0976832405304,-0.013575940986952318,-0.013668936702517514
DE--PK,DE,PK,5120.406237354785,10,5207.6,5201.5,5217.625,5217.32662221967,80.01138807833684,6401.822222222222,5040.0,5295.0,5170.0,5277.5,107.5,54.0,0.01536434981149413,0,0,5156.5775,5250.0175,87.19376264521543,87.19376264521543,0.017028680656060592,0.016885317903840118
DE--PL,DE,PL,517.9674462482383,10,517.3,517.0,517.25,517.3,0.48304589153964794,0.23333333333333334,517.0,518.0,517.0,517.75,0.75,0.0,0.000933782894915229,0,0,517.0,517.6,0.6674462482383205,-0.6674462482383205,-0.0012885872521000942,-0.0012894181945578744
DE--PT,DE,PT,2315.454518326916,10,2310.4,2310.0,2310.0,2310.1111111111113,1.2649110640673518,1.6,2310.0,2314.0,2310.0,2310.0,0.0,0.0,0.0005474857444889853,1,0,2310.0,2311.2,5.054518326915968,-5.054518326915968,-0.002182948655181629,-0.002185334760726916
DE--RU,DE,RU,1613.9333205348753,10,1608.5,1608.0,1608.375,1608.3749999978606,0.8498365855987975,0.7222222222222222,1608.0,1610.0,1608.0,1608.75,0.75,0.0,0.0005283410541490815,2,0,1608.1,1609.1,5.433320534875293,-5.433320534875293,-0.0033665086814581844,-0.0033721881219822714
DE--SA,DE,SA,4176.916396262325,10,4157.7,4151.0,4171.5,4154.34919999485,103.86642062444115,10788.233333333334,3920.0,4285.0,4131.25,4234.0,102.75,26.0,0.024981701571648064,1,0,4097.95,4212.8550000000005,19.21639626232536,-19.21639626232536,-0.004600617881536,-0.004611233294801745
DE--SE,DE,SE,814.5045168029693,10,810.0,810.0,810.0,810.0,0.0,0.0,810.0,810.0,810.0,810.0,0.0,0.0,0.0,0,0,810.0,810.0,4.504516802969306,-4.504516802969306,-0.005530376701470103,-0.0055457258519141595
DE--SG,DE,SG,9925.538516503066,10,9910.5,9910.0,9910.0,9910.111111111111,1.5811388300841898,2.5000000000000004,9910.0,9915.0,9910.0,9910.0,0.0,0.0,0.00015954178195693353,1,0,9910.0,9911.5,15.038516503065694,-15.038516503065694,-0.001515133559560657,-0.00151628253512661
DE--SN,DE,SN,5002.201564734814,10,5025.5,5025.0,5026.25,5025.333333333351,4.377975178854566,19.166666666666668,5015.0,5030.0,5025.0,5028.75,3.75,0.0,0.0008711521597561568,1,0,5022.5,5028.0,23.298435265185617,23.298435265185617,0.004657636235500389,0.004646823010893986
DE--TH,DE,TH,8612.78119439707,10,8601.5,8603.0,8601.625,8602.017400000002,3.3416562759605704,11.166666666666668,8597.0,8605.0,8598.0,8604.0,6.0,2.0,0.00038849692216015466,0,0,8599.5,8603.3,11.281194397070067,-11.281194397070067,-0.0013098201547728737,-0.001310678718983497
DE--TR,DE,TR,2040.6210846007348,10,2031.0,2030.0,2030.75,2030.5714285714287,1.4907119849998598,2.2222222222222223,2030.0,2034.0,2030.0,2031.75,1.75,0.0,0.0007339793131461643,0,0,2030.2,2032.0,9.621084600734775,-9.621084600734775,-0.004714782510745852,-0.004725932157049975
DE--TZ,DE,TZ,6841.237574953327,10,6753.3,6737.5,6748.5,6746.985642863111,126.24495589483521,15937.788888888888,6615.0,6930.0,6641.25,6870.75,229.5,102.5,0.018693817229330136,0,0,6683.995,6826.8075,87.93757495332648,-87.93757495332648,-0.012854044899022005,-0.012937372972866757
DE--UA,DE,UA,1208.4684314926021,10,1122.8,1120.0,1120.125,1120.1249999978606,11.60268168236215,134.62222222222215,1112.0,1155.0,1120.0,1120.0,0.0,0.0,0.010333702958997283,3,0,1118.4,1130.6,85.66843149260217,-85.66843149260217,-0.070890086377177,-0.0735282332563711
DE--US,DE,US,6726.290515021435,10,6715.5,6715.0,6715.375,6715.375,0.8498365855987975,0.7222222222222222,6715.0,6717.0,6715.0,6715.75,0.75,0.0,0.0001265485199313227,2,0,6715.1,6716.0,10.790515021434658,-10.790515021434658,-0.0016042297009528248,-0.0016055178552675127
DE--VN,DE,VN,8340.425219517292,10,8295.3,8291.0,8293.5,8290.99565,9.88882646671934,97.78888888888892,8290.0,8315.0,8290.0,8291.75,1.75,1.0,0.00119209992004139,2,0,8290.5,8300.4,45.12521951729286,-45.12521951729286,-0.005410421930490556,-0.005425111270867601
DE--ZA,DE,ZA,8785.190433813566,10,8691.0,8682.5,8688.75,8683.333333333425,30.804040139061126,948.888888888889,8650.0,8750.0,8676.25,8690.0,13.75,7.5,0.0035443608490462694,3,0,8674.5,8708.0,94.19043381356641,-94.19043381356641,-0.010721501659319097,-0.01077939110457575
DZ--EG,DZ,EG,2715.5414954485536,10,2715.3,2715.0,2715.25,2715.3,0.48304589153964794,0.23333333333333334,2715.0,2716.0,2715.0,2715.75,0.75,0.0,0.00017789779823210985,0,0,2715.0,2715.6,0.24149544855345084,-0.24149544855345084,-8.893086294509397e-05,-8.893481752879703e-05
DZ--ES,DZ,ES,711.8772255887199,10,712.8,714.5,713.25,713.7552199904953,3.4253953543107016,11.733333333333338,706.0,716.0,710.5,715.0,4.5,1.5,0.004805549038034093,0,0,710.7,714.7,0.922774411280102,0.922774411280102,0.0012962549975060248,0.0012954155843140764
DZ--ET,DZ,ET,4726.061150528088,10,4885.3,4879.0,4894.75,4894.245285714504,78.86563820124002,6219.788888888888,4715.0,4980.0,4851.25,4951.25,100.0,45.0,0.01614345858007492,0,0,4837.495,4926.3,159.23884947191254,159.23884947191254,0.03369377678367942,0.033138578243019225
DZ--FI,DZ,FI,3033.2458162220696,10,3122.0,3120.0,3121.5,3121.4999999998204,13.50719972623654,182.44444444444443,3103.0,3145.0,3114.25,3132.5,18.25,9.5,0.004326457311414651,0,0,3114.7975,3130.6025,88.7541837779304,88.7541837779304,0.029260465242633843,0.028840549449688776
DZ--FJ,DZ,FJ,17891.524863416074,10,17825.5,17932.5,17834.375,17837.789142863963,339.58675867393106,115319.16666666669,17320.0,18260.0,17500.0,18101.25,601.25,260.0,0.01905061617760686,0,0,17624.975,18021.5,66.02486341607437,-66.02486341607437,-0.003690287100742294,-0.0036971130083989817
DZ--FR,DZ,FR,1345.8479224292655,10,1339.2,1349.0,1350.25,1349.068942857358,54.822541997896366,3005.511111111111,1190.0,1400.0,1348.0,1350.0,2.0,1.0,0.04093678464597996,3,0,1302.2,1363.41,6.6479224292654635,-6.6479224292654635,-0.00493957921877675,-0.004951819263956769
DZ--GB,DZ,GB,1656.5822446092477,10,1660.0,1660.0,1660.0,1660.0,0.0,0.0,1660.0,1660.0,1660.0,1660.0,0.0,0.0,0.0,0,0,1660.0,1660.0,3.4177553907522906,3.4177553907522906,0.0020631365583412167,0.002061011214859234
DZ--GH,DZ,GH,3472.5242188720927,10,2807.8,2797.5,2806.625,2807.7999999960234,100.7668375784194,10153.955555555556,2710.0,2915.0,2713.5,2905.0,191.5,87.5,0.03588818205656364,0,0,2749.99,2866.8050000000003,664.7242188720925,-664.7242188720925,-0.19142392593247368,-0.21248051154353093
DZ--GR,DZ,GR,1833.1443937842616,10,1722.5,1704.0,1715.625,1704.666666666504,48.699190045740096,2371.6111111111113,1685.0,1815.0,1701.25,1709.25,8.0,4.5,0.028272388996075527,4,0,1698.5,1753.4025000000001,110.64439378426164,-110.64439378426164,-0.06035770785947324,-0.06225601641794773
DZ--IN,DZ,IN,6841.71964982002,10,6867.4,6845.0,6866.125,6864.309257142841,68.50660957568661,4693.155555555556,6765.0,6980.0,6830.0,6918.75,88.75,48.0,0.009975625356857998,0,0,6828.795,6908.9,25.68035017997954,25.68035017997954,0.0037534934920426177,0.0037464667131688724
DZ--IT,DZ,IT,992.0972539136368,10,988.3,995.0,990.625,994.4000000023948,11.13602761810113,124.01111111111112,962.0,996.0,982.5,995.0,12.5,0.5,0.011267861598807175,1,0,980.8,994.0,3.797253913636837,-3.797253913636837,-0.003827501687619218,-0.003834845316694435
DZ--JP,DZ,JP,10825.062201744677,10,10415.3,10415.0,10417.25,10416.710877777765,11.045863982102581,122.01111111111109,10390.0,10425.0,10411.25,10425.0,13.75,8.5,0.0010605420854034528,1,0,10408.0,10421.0,409.76220174467744,-409.76220174467744,-0.037853103668876474,-0.03858814108481745
DZ--KE,DZ,KE,5468.388996259568,10,5412.0,5417.5,5413.125,5414.166666665495,44.91968140779471,2017.777777777778,5340.0,5475.0,5387.5,5432.5,45.0,27.5,0.00830001504209067,0,0,5383.5,5438.0,56.38899625956765,-56.38899625956765,-0.010311811449064484,-0.010365346523814283
DZ--KR,DZ,KR,9964.003557283175,10,9997.2,9970.0,9987.125,9971.608666666723,57.71154323202788,3330.6222222222227,9950.0,10125.0,9960.0,10028.75,68.75,10.0,0.005772770698998507,0,0,9967.2,10032.51,33.19644271682591,33.19644271682591,0.0033316369796517202,0.003326099373290252
DZ--MA,DZ,MA,947.5149821768754,10,918.4,917.0,917.625,916.9883999999762,5.146735750831676,26.48888888888889,913.0,930.0,915.0,920.75,5.75,2.0,0.005604024118936929,1,0,915.6,921.8,29.1149821768754,-29.1149821768754,-0.030727727502508687,-0.031209723590145073
DZ--MX,DZ,MX,9769.285470457762,10,9405.3,9425.0,9413.5,9420.092799999897,81.93228911729489,6712.899999999998,9212.0,9533.0,9390.75,9435.0,44.25,16.0,0.008711289285540588,2,0,9352.077500000001,9449.4125,363.98547045776286,-363.98547045776286,-0.03725814662274451,-0.03796996814867407
DZ--MY,DZ,MY,10572.290569185669,10,10478.3,10497.5,10482.875,10485.01466666939,88.84449585902576,7893.344444444445,10325.0,10595.0,10405.0,10539.75,134.75,60.0,0.008478903625495143,0,0,10427.995,10526.314999999999,93.9905691856693,-93.9905691856693,-0.008890274871901192,-0.008930029158632377
DZ--NG,DZ,NG,3099.0147228469714,10,2713.9,2715.0,2713.75,2714.6666666666847,3.6953424138441564,13.655555555555557,2708.0,2721.0,2711.25,2715.0,3.75,0.0,0.0013616354375047557,1,0,2711.6,2715.8,385.1147228469713,-385.1147228469713,-0.12427005267441195,-0.13269751488226927
DZ--NL,DZ,NL,1738.248506848775,10,1731.8,1732.0,1731.875,1731.8352666691212,1.0327955589886446,1.0666666666666669,1730.0,1733.0,1731.0,1732.75,1.75,1.0,0.0005963711508191735,0,0,1731.2,1732.4,6.448506848774969,-6.448506848774969,-0.003709772695542421,-0.0037166709682358856
DZ--NO,DZ,NO,2632.9504054733866,10,2886.0,2913.0,2889.75,2896.703766669003,74.70832171407234,5581.333333333333,2770.0,2972.0,2816.5,2937.5,121.0,49.5,0.025886459360385427,0,0,2842.0,2927.7025,253.04959452661342,253.04959452661342,0.09610875844853478,0.09176641576371042
DZ--NZ,DZ,NZ,19142.8906277313,10,19485.5,19567.5,19509.375,19559.398666666682,199.64482351304667,39858.055555555555,19115.0,19665.0,19497.5,19593.75,96.25,40.0,0.010245814760362662,2,0,19350.0,19587.525,342.6093722687001,342.6093722687001,0.017897473215062926,0.017739199122219364
DZ--PE,DZ,PE,9941.552381823174,10,9857.0,9857.5,9868.125,9867.45937519859,83.40663442836347,6956.666666666667,9680.0,9945.0,9845.0,9927.5,82.5,62.5,0.008461665255997106,1,0,9807.4875,9901.5,84.55238182317407,-84.55238182317407,-0.00850494757516613,-0.0085413210248183
DZ--PH,DZ,PH,11385.615764278304,10,11443.7,11418.5,11432.875,11414.08469999734,127.60969137700056,16284.23333333333,11311.0,11663.0,11355.5,11475.5,120.0,66.5,0.011151086744409636,2,0,11371.8975,11519.225,58.08423572169704,58.08423572169704,0.0051015453994093934,0.005088576605239392
DZ--PK,DZ,PK,6243.845068536664,10,6282.7,6187.5,6272.75,6216.821400416091,171.59581061967165,29445.12222222222,6120.0,6525.0,6141.25,6442.5,301.25,65.0,0.02731243105984237,0,0,6184.975,6382.912499999999,38.85493146333556,38.85493146333556,0.0062229172948459754,0.006203634898840693
DZ--PL,DZ,PL,2223.061077794254,10,2256.6,2270.0,2259.75,2264.9487857162026,44.91028093135616,2016.933333333333,2175.0,2313.0,2241.25,2287.25,46.0,22.5,0.0199017464022672,0,0,2230.7925,2280.9025,33.538922205746076,33.538922205746076,0.015086819944247223,0.014974145726563462
DZ--PT,DZ,PT,1095.7494836242417,10,1068.8,1108.0,1072.625,1101.8596200380375,58.10488600606473,3376.177777777777,985.0,1122.0,1016.25,1113.75,97.5,10.5,0.05436460142783003,0,0,1034.66,1101.305,26.949483624241793,-26.949483624241793,-0.024594566574747668,-0.024902065263167558
DZ--RU,DZ,RU,3341.3300109822576,10,3479.8,3480.0,3480.0,3479.8888888888887,0.6324555320336759,0.4,3478.0,3480.0,3480.0,3480.0,0.0,0.0,0.00018175054084535773,1,0,3479.4,3480.0,138.4699890177426,138.4699890177426,0.04144157822263006,0.04060588626427289
DZ--SA,DZ,SA,4356.927852945174,10,4162.2,4122.5,4170.25,4145.934666657796,161.45367412632297,26067.28888888889,3830.0,4430.0,4114.0,4251.25,137.25,40.0,0.03879046516897866,1,0,4066.595,4253.245,194.72785294517416,-194.72785294517416,-0.044693843808669684,-0.04572340747766566
DZ--SE,DZ,SE,2735.695299839689,10,2975.7,2991.5,2990.875,2991.1666666666665,57.043940178700055,3254.0111111111105,2815.0,3015.0,2988.5,2993.0,4.5,2.5,0.019169923103370654,2,0,2937.8925,2997.505,240.00470016031068,240.00470016031068,0.08773078645650884,0.0840936788970409
DZ--SG,DZ,SG,10888.595168568347,10,10430.2,10412.5,10423.0,10416.833333333832,66.98722929700025,4487.288888888889,10345.0,10573.0,10408.0,10432.5,24.5,17.5,0.00642242999146711,4,0,10395.297499999999,10473.5025,458.395168568346,-458.395168568346,-0.04209865106304771,-0.04301048237113576
DZ--SN,DZ,SN,3179.4676163160534,10,3169.0,3170.0,3168.75,3168.9410000000103,6.782329983125268,46.0,3160.0,3180.0,3163.25,3174.0,10.75,5.0,0.0021402114178369416,0,0,3164.9,3172.9,10.467616316053409,-10.467616316053409,-0.0032922544209404146,-0.003297685814823178
DZ--TH,DZ,TH,9758.062670903257,10,9678.4,9582.5,9669.25,9632.290340005762,194.90122854638165,37986.48888888889,9477.0,9953.0,9527.5,9874.25,346.75,101.5,0.020137752990823033,0,0,9567.035,9798.065,79.6626709032571,-79.6626709032571,-0.008163779388381722,-0.008197285517701863
DZ--TR,DZ,TR,2617.4508653785942,10,2709.6,2727.5,2713.5,2722.055342859413,39.297158506266925,1544.2666666666669,2643.0,2745.0,2676.25,2739.0,62.75,17.0,0.014502937151707605,0,0,2684.8,2731.8025000000002,92.14913462140566,92.14913462140566,0.03520567886880925,0.034600130519167625
DZ--TZ,DZ,TZ,5847.445411357088,10,5322.2,5334.5,5330.25,5335.299785722009,110.53486126808843,12217.955555555556,5125.0,5455.0,5277.0,5416.25,139.25,77.5,0.020768641025908165,0,0,5258.195,5386.3,525.2454113570884,-525.2454113570884,-0.08982476524482651,-0.09411813234460334
DZ--UA,DZ,UA,2663.2115945563396,10,2808.4,2829.0,2820.375,2825.1268333332946,47.998148112424325,2303.8222222222225,2680.0,2841.0,2808.75,2830.0,21.25,7.5,0.017090922985480816,1,0,2774.8975,2830.7025,145.18840544366049,145.18840544366049,0.054516286178848364,0.05308216527342444
DZ--US,DZ,US,6808.566447806581,10,6436.5,6465.5,6463.25,6463.955914248727,112.22521998196305,12594.499999999998,6125.0,6534.0,6454.25,6473.75,19.5,11.0,0.0174357523470773,2,0,6360.8949999999995,6483.0025,372.066447806581,-372.066447806581,-0.05464681158049715,-0.05619667695415776
DZ--VN,DZ,VN,9710.302297086428,10,9648.9,9666.0,9647.375,9657.333333336275,180.3671872104852,32532.32222222222,9360.0,9950.0,9596.25,9719.25,123.0,72.5,0.01869303104089432,3,0,9540.1,9753.712500000001,61.40229708642801,-61.40229708642801,-0.006323417665879644,-0.006343495155019507
DZ--ZA,DZ,ZA,7401.6582042116315,10,7443.0,7445.0,7442.5,7442.499999930378,19.46506842754191,378.88888888888897,7410.0,7480.0,7430.0,7450.0,20.0,15.0,0.0026152181146771344,0,0,7432.0,7455.0,41.34179578836847,41.34179578836847,0.005585477557561966,0.005569936619972063
EG--ES,EG,ES,3355.0785607140415,10,3350.0,3350.0,3350.0,3350.0,0.0,0.0,3350.0,3350.0,3350.0,3350.0,0.0,0.0,0.0,0,0,3350.0,3350.0,5.078560714041487,-5.078560714041487,-0.0015136935312062103,-0.0015148403226660752
EG--ET,EG,ET,2452.617953664222,10,2480.0,2471.0,2476.5,2470.8706500046483,20.033305601755625,401.3333333333333,2470.0,2518.0,2470.0,2471.0,1.0,1.0,0.008077945807159526,2,0,2470.4,2494.2,27.382046335777886,27.382046335777886,0.01116441567871139,0.01110255360011888
EG--FI,EG,FI,3381.1971957220794,10,3401.4,3400.0,3398.875,3399.7552199905235,11.777568132306055,138.71111111111114,3390.0,3433.0,3396.25,3400.75,4.5,1.5,0.003462564865145544,1,0,3396.2,3409.7,20.202804277920677,20.202804277920677,0.00597504466864028,0.005957264877455959
EG--FJ,EG,FJ,16456.426551141787,10,16457.0,16515.0,16479.375,16515.0,149.09355750296152,22228.88888888889,16160.0,16575.0,16503.75,16526.25,22.5,15.0,0.0090595830043727,3,0,16355.4625,16531.525,0.5734488582129416,0.5734488582129416,3.4846499416554943e-05,3.484589229149525e-05
EG--FR,EG,FR,3214.633946258294,10,3210.0,3210.0,3210.0,3210.0,0.0,0.0,3210.0,3210.0,3210.0,3210.0,0.0,0.0,0.0,0,0,3210.0,3210.0,4.633946258294145,-4.633946258294145,-0.0014415159970819925,-0.001442555980822515
EG--GB,EG,GB,3513.224272125026,10,3510.0,3510.0,3510.0,3510.0,0.0,0.0,3510.0,3510.0,3510.0,3510.0,0.0,0.0,0.0,0,0,3510.0,3510.0,3.224272125025891,-3.224272125025891,-0.0009177530027354735,-0.0009181743958653939
EG--GH,EG,GH,4270.0929109249555,10,4268.0,4267.5,4268.75,4267.90216666669,8.232726023485645,67.77777777777776,4250.0,4280.0,4265.0,4273.75,8.75,2.5,0.0019289423672646778,1,0,4262.5,4272.5,2.092910924955504,-2.092910924955504,-0.0004901324089695635,-0.0004902525631212846
EG--GR,EG,GR,1119.9840833129142,10,1110.1,1110.0,1110.0,1110.1,0.31622776601683794,0.1,1110.0,1111.0,1110.0,1110.0,0.0,0.0,0.0002848642158515791,1,0,1110.0,1110.3,9.8840833129143,-9.8840833129143,-0.008825199804337549,-0.00886437252180186
EG--IN,EG,IN,4435.964091411309,10,4401.2,4400.0,4400.0,4400.111111111111,3.794733192202055,14.399999999999999,4400.0,4412.0,4400.0,4400.0,0.0,0.0,0.0008622042152599417,1,0,4400.0,4403.6,34.76409141130898,-34.76409141130898,-0.007836873945534742,-0.007867743629137496
EG--IT,EG,IT,2134.7872271725983,10,2130.0,2130.0,2130.0,2130.0,0.0,0.0,2130.0,2130.0,2130.0,2130.0,0.0,0.0,0.0,0,0,2130.0,2130.0,4.78722717259825,-4.78722717259825,-0.002242484455436177,-0.0022450025889905268
EG--JP,EG,JP,9586.616311745503,10,9561.0,9560.0,9560.625,9560.24999999786,2.1081851067789197,4.444444444444445,9560.0,9565.0,9560.0,9560.0,0.0,0.0,0.0002204983899988411,2,0,9560.0,9562.5,25.61631174550348,-25.61631174550348,-0.002672091060337778,-0.0026756674680672977
EG--KE,EG,KE,3517.610461321371,10,3514.8,3515.0,3515.0,3515.0,1.932183566158592,3.733333333333334,3510.0,3518.0,3515.0,3515.0,0.0,0.0,0.0005497278838507431,2,0,3513.5,3515.9,2.8104613213708944,-2.8104613213708944,-0.0007989688887595473,-0.0007992882345116681
EG--KR,EG,KR,8503.339014259222,10,8460.8,8464.5,8463.5,8464.369571428586,14.296852800529212,204.39999999999998,8425.0,8475.0,8460.75,8468.75,8.0,5.0,0.0016897755295633052,1,0,8450.9975,8467.9,42.53901425922231,-42.53901425922231,-0.005002624755744629,-0.0050151797724956705
EG--MA,EG,MA,3603.4430310091693,10,3433.5,3435.0,3434.0,3434.500000000018,4.428443418528808,19.611111111111114,3423.0,3440.0,3433.25,3435.0,1.75,0.5,0.001289775278441476,3,0,3430.6,3436.1,169.94303100916932,-169.94303100916932,-0.04716129256012564,-0.04830963682932131
EG--MX,EG,MX,12386.314913876035,10,12449.5,12480.0,12458.0,12476.331319999537,56.970265148681825,3245.611111111111,12338.0,12493.0,12427.0,12480.0,53.0,9.0,0.004576108691006211,1,0,12413.4,12480.807499999999,63.18508612396545,63.18508612396545,0.00510120133092862,0.005088234283071763
EG--MY,EG,MY,7957.843206792961,10,7882.6,7916.5,7911.875,7913.78107142862,107.61887484183349,11581.822222222221,7581.0,7950.0,7901.25,7924.25,23.0,12.5,0.013652712917290422,1,0,7811.0,7925.3025,75.24320679296034,-75.24320679296034,-0.009455226100550882,-0.009500210534076646
EG--NG,EG,NG,3387.4680508755546,10,3426.5,3427.5,3426.25,3426.268642857,8.834905520465714,78.05555555555556,3415.0,3440.0,3420.0,3433.75,13.75,7.5,0.0025784052299622686,0,0,3421.0,3431.5,39.03194912444542,39.03194912444542,0.011522455278761045,0.011456577358249636
EG--NL,EG,NL,3281.685911866004,10,3287.0,3288.0,3287.25,3287.872057133121,3.559026084010437,12.666666666666666,3282.0,3290.0,3283.5,3290.0,6.5,2.0,0.001082758163678259,0,0,3284.8,3289.0,5.314088133995938,5.314088133995938,0.0016193164966766386,0.0016180068173847065
EG--NO,EG,NO,3657.274374511535,10,3668.4,3665.0,3668.125,3665.6000000023946,4.835057163858332,23.37777777777778,3664.0,3675.0,3665.0,3673.75,8.75,0.5,0.0013180288855790896,0,0,3665.8,3671.0,11.125625488465175,11.125625488465175,0.003042053821830393,0.0030374361385600373
EG--NZ,EG,NZ,16524.182617665698,10,16196.0,16152.5,16165.875,16153.680399999868,115.76220837945728,13400.888888888889,16130.0,16503.0,16141.25,16169.0,27.75,16.0,0.007147580166674319,2,0,16145.192500000001,16280.4,328.18261766569776,-328.18261766569776,-0.019860747442650737,-0.020060622965704312
EG--PE,EG,PE,12429.606272791647,10,12423.1,12432.5,12426.625,12428.670857142943,55.68452807258644,3100.7666666666673,12328.0,12490.0,12391.25,12467.5,76.25,40.0,0.004482337586639924,0,0,12387.195000000002,12456.025,6.506272791646552,-6.506272791646552,-0.0005234496289628058,-0.000523586676546902
EG--PH,EG,PH,9188.405775476658,10,9033.8,9087.5,9099.125,9090.991467078793,307.4745879291852,94540.62222222224,8270.0,9275.0,8946.25,9261.75,315.5,168.0,0.03403601894321163,1,0,8825.285,9193.904999999999,154.6057754766589,-154.6057754766589,-0.01682618065141323,-0.016969349086687787
EG--PK,EG,PK,3959.781346765724,10,3489.2,3507.5,3504.0,3501.4493333296264,93.92526579975996,8821.955555555558,3290.0,3570.0,3444.0,3565.0,121.0,60.0,0.026918854121219752,0,0,3430.395,3542.2,470.581346765724,-470.581346765724,-0.11884023524432381,-0.126516324701832
EG--PL,EG,PL,2605.2551344227354,10,2630.8,2620.0,2626.625,2619.4235999999023,25.982045082453897,675.0666666666667,2615.0,2680.0,2618.0,2620.0,2.0,2.0,0.009876100457067773,2,0,2618.2,2649.0,25.544865577264773,25.544865577264773,0.009805130115567329,0.009757371758122897
EG--PT,EG,PT,3804.4459470065553,10,3791.0,3800.0,3796.875,3799.5714285714284,20.385179801894207,415.55555555555554,3735.0,3800.0,3792.5,3800.0,7.5,0.0,0.005377256608254869,1,0,3777.5,3800.0,13.445947006555343,-13.445947006555343,-0.003534272057968123,-0.0035405323521991282
EG--RU,EG,RU,2899.390144089835,10,2900.1,2900.0,2900.0,2900.1,0.31622776601683794,0.1,2900.0,2901.0,2900.0,2900.0,0.0,0.0,0.00010904029723693595,1,0,2900.0,2900.3,0.7098559101650608,0.7098559101650608,0.0002448293864873766,0.00024479942066406535
EG--SA,EG,SA,1646.868560351307,10,1450.7,1450.5,1450.5,1450.700000000005,169.81954474611507,28838.67777777778,1288.0,1615.0,1290.0,1611.0,321.0,160.5,0.11706041548639627,0,0,1354.0,1547.6,196.16856035130695,-196.16856035130695,-0.11911610013944321,-0.12682944395411036
EG--SE,EG,SE,3404.607659449505,10,3428.2,3429.5,3428.75,3429.1666666666665,2.616188916046478,6.844444444444445,3422.0,3430.0,3427.25,3430.0,2.75,0.5,0.0007631377737723814,1,0,3426.5,3429.6,23.59234055049501,23.59234055049501,0.00692953283031434,0.006905633959510757
EG--SG,EG,SG,8269.808521932006,10,8270.1,8272.5,8270.375,8270.12122500007,14.798273172532289,218.98888888888885,8250.0,8288.0,8258.5,8283.25,24.75,13.5,0.0017893705242418216,0,0,8261.1,8278.4,0.2914780679948308,0.2914780679948308,3.524604798549014e-05,3.524542685819427e-05
EG--SN,EG,SN,5253.120694234128,10,5181.9,5180.0,5181.125,5181.026357145069,41.69319155716221,1738.322222222222,5120.0,5250.0,5153.5,5210.0,56.5,32.5,0.00804592747007125,0,0,5157.9975,5206.5,71.22069423412813,-71.22069423412813,-0.013557787528525777,-0.01365053357130736
EG--TH,EG,TH,7278.235334714449,10,7261.0,7260.0,7259.375,7259.956499968266,11.972189997378647,143.33333333333334,7250.0,7285.0,7250.0,7265.0,15.0,10.0,0.00164883487086884,0,0,7254.5,7269.0,17.23533471444898,-17.23533471444898,-0.0023680650489883047,-0.0023708733493944963
EG--TR,EG,TR,1105.6067845732575,10,1100.0,1101.5,1100.25,1100.207266666483,4.988876515698588,24.888888888888886,1093.0,1105.0,1095.0,1104.75,9.75,3.5,0.004535342286998717,0,0,1097.1975,1102.7,5.606784573257528,-5.606784573257528,-0.005071228443502756,-0.0050841307613507586
EG--TZ,EG,TZ,4038.353951938408,10,3601.3,3625.0,3607.75,3621.128366669538,85.8979368527298,7378.455555555556,3440.0,3711.0,3558.25,3657.25,99.0,36.5,0.02385192481957343,0,0,3545.1875,3647.515,437.05395193840786,-437.05395193840786,-0.10822576652267496,-0.114542279920533
EG--UA,EG,UA,2264.232150700553,10,2273.7,2273.0,2273.125,2273.147828571426,3.4657049948186747,12.01111111111111,2270.0,2282.0,2272.0,2275.0,3.0,2.0,0.0015242578153752363,1,0,2271.8,2275.9,9.467849299446698,9.467849299446698,0.004181483465163829,0.004172765357810595
EG--US,EG,US,9366.819693047106,10,9390.8,9400.0,9405.75,9403.102866666512,64.0291600236434,4099.733333333334,9217.0,9445.0,9391.0,9421.75,30.75,11.0,0.00681828598454268,1,0,9347.6975,9418.5,23.980306952893443,23.980306952893443,0.0025601332937681912,0.002556861735088438
EG--VN,EG,VN,7437.521764642192,10,7676.0,7860.0,7695.625,7837.017600135467,267.31961727074537,71459.77777777778,7280.0,7915.0,7406.25,7881.0,474.75,40.0,0.03482538005090482,0,0,7515.49,7824.1175,238.47823535780844,238.47823535780844,0.03206420672158951,0.03156088093954111
EG--ZA,EG,ZA,6178.42759423283,10,6262.0,6262.5,6262.5,6262.5,7.52772652709081,56.666666666666664,6245.0,6275.0,6260.0,6265.0,5.0,2.5,0.0012021281582706498,2,0,6257.0,6266.0125,83.57240576716958,83.57240576716958,0.013526484609964372,0.013435818398743199
ES--ET,ES,ET,5435.390315315712,10,5421.6,5440.0,5442.625,5447.813714289085,107.96830810731248,11657.155555555559,5150.0,5525.0,5419.25,5485.0,65.75,40.0,0.019914473238031666,1,0,5354.1475,5473.705,13.790315315711268,-13.790315315711268,-0.0025371343207594957,-0.002540358300307591
ES--FI,ES,FI,2953.7168515011904,10,2947.7,2948.0,2947.75,2947.7,0.48304589153964794,0.23333333333333334,2947.0,2948.0,2947.25,2948.0,0.75,0.0,0.00016387213472865216,0,0,2947.4,2948.0,6.016851501190558,-6.016851501190558,-0.0020370441053388605,-0.00203912170159872
ES--FJ,ES,FJ,17527.210746850342,10,17261.0,17280.0,17272.5,17277.552200053513,63.848779680324874,4076.6666666666665,17100.0,17330.0,17255.0,17290.0,35.0,15.0,0.0036990197369981387,1,0,17220.975,17293.0,266.2107468503418,-266.2107468503418,-0.015188426196003843,-0.01530495173985176
ES--FR,ES,FR,1054.2206353287124,10,1053.0,1053.0,1053.0,1053.0,0.0,0.0,1053.0,1053.0,1053.0,1053.0,0.0,0.0,0.0,0,0,1053.0,1053.0,1.220635328712433,-1.220635328712433,-0.0011578556592490067,-0.0011585264919811125
ES--GB,ES,GB,1263.9687927349041,10,1263.0,1263.0,1263.0,1263.0,0.0,0.0,1263.0,1263.0,1263.0,1263.0,0.0,0.0,0.0,0,0,1263.0,1263.0,0.9687927349041274,-0.9687927349041274,-0.0007664688720738971,-0.0007667627595197886
ES--GH,ES,GH,3875.784925520151,10,3893.0,3893.5,3892.75,3892.749999999997,3.6209268304000717,13.111111111111109,3888.0,3900.0,3890.0,3895.0,5.0,2.5,0.0009301122091960112,0,0,3890.9975,3895.2,17.215074479849136,17.215074479849136,0.004441700148657961,0.004431864911248532
ES--GR,ES,GR,2374.062233299252,10,2327.7,2370.0,2334.625,2369.8,68.80253548299574,4733.788888888887,2228.0,2372.0,2263.5,2370.0,106.5,0.5,0.02955816277140342,0,0,2285.0,2356.6,46.36223329925224,-46.36223329925224,-0.019528651207606423,-0.019721854790124924
ES--IN,ES,IN,7287.614249142348,10,7225.1,7271.5,7272.625,7273.000000000165,154.80916567754565,23965.87777777778,6785.0,7285.0,7270.0,7278.75,8.75,6.0,0.021426577580593437,1,0,7125.3,7276.702499999999,62.51424914234758,-62.51424914234758,-0.008578150133248977,-0.008615154232888198
ES--IT,ES,IT,1365.1557413989822,10,1362.1,1362.0,1362.25,1362.1686,0.9944289260117533,0.988888888888889,1360.0,1363.0,1362.0,1363.0,1.0,1.0,0.0007300704250875511,1,0,1361.5,1362.6,3.0557413989822635,-3.0557413989822635,-0.002238382996397763,-0.0022408919202712894
ES--JP,ES,JP,10789.251153816349,10,10765.0,10765.0,10765.0,10765.0,0.0,0.0,10765.0,10765.0,10765.0,10765.0,0.0,0.0,0.0,0,0,10765.0,10765.0,24.25115381634896,-24.25115381634896,-0.002247714273271959,-0.0022502441747070936
ES--KE,ES,KE,6176.5987043900495,10,5799.0,5800.0,5798.125,5798.081499968254,11.254628677422755,126.66666666666666,5785.0,5820.0,5790.0,5800.0,10.0,10.0,0.0019407878388382057,1,0,5793.0,5806.5,377.59870439004953,-377.59870439004953,-0.06113376025573254,-0.06308225960741055
ES--KR,ES,KR,10019.900842150517,10,9982.2,9990.0,9983.375,9987.770300000067,13.5219985373629,182.84444444444443,9960.0,9995.0,9973.75,9990.0,16.25,3.5,0.0013546110614256275,0,0,9974.0,9989.5025,37.70084215051611,-37.70084215051611,-0.003762596331484712,-0.0037696927031755003
ES--MA,ES,MA,760.8123052479816,10,563.3,557.0,562.625,557.6666666666486,8.538149682454623,72.89999999999998,557.0,575.0,557.0,572.75,15.75,0.0,0.015157375612381722,0,0,558.8,567.8,197.51230524798166,-197.51230524798166,-0.2596071381674142,-0.3005743392901202
ES--MX,ES,MX,9078.13985240458,10,9064.1,9065.0,9064.25,9064.333333333334,1.1972189997378646,1.4333333333333331,9062.0,9065.0,9063.0,9065.0,2.0,0.0,0.00013208360452089722,0,0,9063.4,9064.8,14.039852404579506,-14.039852404579506,-0.00154655608228603,-0.0015477532346118874
ES--MY,ES,MY,11077.974673965115,10,11059.3,11064.0,11062.75,11065.0,21.076843533445263,444.2333333333334,11011.0,11080.0,11060.5,11072.5,12.0,7.5,0.0019058026758877384,2,0,11046.095000000001,11069.9,18.67467396511529,-18.67467396511529,-0.0016857480283831616,-0.001687170500435183
ES--NG,ES,NG,3642.923695107211,10,3678.6,3684.0,3678.875,3680.1136857142683,47.103196400150075,2218.711111111111,3585.0,3770.0,3660.25,3694.25,34.0,17.0,0.012804652965843004,2,0,3650.3875000000003,3705.8,35.67630489278872,35.67630489278872,0.009793316544265077,0.009745672827256949
ES--NL,ES,NL,1481.542258526469,10,1478.9,1481.0,1480.75,1480.75,6.314885412877876,39.87777777777779,1461.0,1482.0,1480.25,1481.0,0.75,0.0,0.004269988107970705,1,0,1474.8,1481.2,2.6422585264688223,-2.6422585264688223,-0.0017834513401573798,-0.0017850435829052937
ES--NO,ES,NO,2391.208799044871,10,2558.9,2595.0,2572.25,2594.6782666665804,75.854319440476,5753.877777777776,2415.0,2596.0,2592.25,2596.0,3.75,1.0,0.029643330900182112,2,0,2505.1,2595.3,167.69120095512926,167.69120095512926,0.07012821340491503,0.06777846690736973
ES--NZ,ES,NZ,19851.726976157825,10,19855.0,19855.0,19855.0,19855.0,0.0,0.0,19855.0,19855.0,19855.0,19855.0,0.0,0.0,0.0,0,0,19855.0,19855.0,3.273023842175462,3.273023842175462,0.00016487350677885128,0.0001648599166360923
ES--PE,ES,PE,9503.708312480001,10,9506.5,9506.5,9506.375,9506.37500000696,1.8408935028645435,3.388888888888889,9504.0,9510.0,9505.0,9507.75,2.75,1.5,0.00019364576898590896,0,0,9505.5,9507.5025,2.791687519998959,2.791687519998959,0.000293747180385681,0.0002937040451297026
ES--PH,ES,PH,11671.011912853837,10,11640.5,11640.0,11640.125,11640.125,1.6499158227686108,2.722222222222222,11639.0,11645.0,11640.0,11640.0,0.0,0.0,0.00014173925714261508,3,0,11639.8,11641.6,30.511912853837202,-30.511912853837202,-0.0026143331085313167,-0.0026177564451289894
ES--PK,ES,PK,6659.012517572479,10,6454.4,6402.0,6443.625,6436.311600028644,229.23360234582634,52548.04444444444,6155.0,6840.0,6272.5,6617.5,345.0,162.0,0.03551586550970289,0,0,6322.28,6591.01,204.6125175724792,-204.6125175724792,-0.03072715617105793,-0.031209134146602074
ES--PL,ES,PL,2294.1560974438808,10,2290.0,2290.0,2290.0,2290.0,0.0,0.0,2290.0,2290.0,2290.0,2290.0,0.0,0.0,0.0,0,0,2290.0,2290.0,4.156097443880753,-4.156097443880753,-0.0018116018559118203,-0.0018132447910834
ES--PT,ES,PT,504.8178933567692,10,502.9,503.0,503.0,502.9,0.31622776601683794,0.1,502.0,503.0,503.0,503.0,0.0,0.0,0.0006288084430639052,1,0,502.7,503.0,1.917893356769241,-1.917893356769241,-0.003799178638491348,-0.0038064138487058307
ES--RU,ES,RU,3447.7208209357696,10,3440.0,3440.0,3440.0,3440.0,0.0,0.0,3440.0,3440.0,3440.0,3440.0,0.0,0.0,0.0,0,0,3440.0,3440.0,7.720820935769552,-7.720820935769552,-0.0022393985292794073,-0.002241909731922069
ES--SA,ES,SA,4976.67214260894,10,4823.9,4797.5,4818.0,4806.1484999993845,52.3374732969706,2739.2111111111108,4775.0,4920.0,4790.0,4844.5,54.5,17.5,0.010849618212850723,0,0,4795.6,4859.0,152.77214260894016,-152.77214260894016,-0.030697650604898364,-0.031178693680568092
ES--SE,ES,SE,2599.80340123646,10,2590.2,2590.0,2590.125,2590.2,0.4216370213557839,0.17777777777777778,2590.0,2591.0,2590.0,2590.0,0.0,0.0,0.00016278164672835454,2,0,2590.0,2590.4,9.603401236460286,-9.603401236460286,-0.0036938951737246484,-0.003700734452081496
ES--SG,ES,SG,11394.820059047039,10,11383.5,11387.0,11384.375,11385.325485714184,20.84999333866134,434.7222222222222,11350.0,11410.0,11371.75,11400.75,29.0,16.0,0.0018315977808812175,0,0,11370.8975,11395.4025,11.32005904703874,-11.32005904703874,-0.0009934390353142136,-0.0009939328229316973
ES--SN,ES,SN,3146.0652951641023,10,3150.6,3150.0,3150.375,3150.25,1.2649110640673518,1.6,3150.0,3153.0,3150.0,3150.0,0.0,0.0,0.0004014825950826356,2,0,3150.0,3151.2,4.534704835897628,4.534704835897628,0.0014413892943887844,0.0014403514899735167
ES--TH,ES,TH,10195.38770323311,10,10188.5,10188.0,10188.375,10188.494200000001,2.9154759474226504,8.5,10185.0,10193.0,10185.75,10191.0,5.25,3.0,0.0002861535993936939,0,0,10186.8,10190.2,6.887703233109278,-6.887703233109278,-0.0006755705063501493,-0.0006757988069325519
ES--TR,ES,TR,3091.375943481574,10,3036.6,3124.5,3056.125,3100.7482000144328,173.6172034486598,30142.93333333333,2725.0,3192.0,2882.5,3180.0,297.5,64.5,0.05717486776284654,0,0,2932.775,3129.6825,54.775943481573904,-54.775943481573904,-0.017718952493330224,-0.01787781248452321
ES--TZ,ES,TZ,6547.695065885699,10,6260.5,6257.5,6259.375,6257.840914285249,87.52174333018942,7660.055555555557,6125.0,6405.0,6200.25,6311.25,111.0,64.0,0.013979992545354113,0,0,6209.3875,6315.005,287.19506588569857,-287.19506588569857,-0.043862009912773794,-0.04485303525148446
ES--UA,ES,UA,2867.9152687436067,10,2864.8,2865.0,2864.875,2864.8,0.4216370213557839,0.17777777777777778,2864.0,2865.0,2865.0,2865.0,0.0,0.0,0.0001471785190434878,2,0,2864.5,2865.0,3.1152687436065207,-3.1152687436065207,-0.001086248529570846,-0.0010868389250877396
ES--US,ES,US,6103.59738093071,10,6108.6,6111.5,6108.875,6110.806960012664,6.095535707019979,37.15555555555556,6100.0,6115.0,6102.5,6112.0,9.5,2.0,0.0009978613278034212,0,0,6104.8,6111.902499999999,5.002619069290631,5.002619069290631,0.0008196181296165057,0.0008192824260972452
ES--VN,ES,VN,10056.382163469798,10,10085.6,10073.0,10084.875,10080.1949,24.23587790400376,587.3777777777777,10052.0,10125.0,10072.0,10100.0,28.0,9.5,0.0024030179566911004,0,0,10071.9975,10100.705,29.217836530202476,29.217836530202476,0.002905402365906241,0.002901189841864808
ES--ZA,ES,ZA,8029.9477888894835,10,8015.3,8029.0,8020.375,8024.748633334957,51.47610017171939,2649.788888888889,7915.0,8075.0,7985.0,8048.75,63.75,28.5,0.006422230006577344,0,0,7982.995,8043.0075,14.647788889483309,-14.647788889483309,-0.0018241449726174436,-0.0018258107511138503
ET--FI,ET,FI,5790.019542298963,10,5935.3,5945.0,5946.0,5952.670857142059,80.31749498085706,6450.9,5760.0,6025.0,5928.25,5987.5,59.25,40.0,0.01353217107490052,1,0,5882.889999999999,5979.3,145.28045770103745,145.28045770103745,0.025091531494788866,0.024781907622757594
ET--FJ,ET,FJ,15572.54742661621,10,15862.5,15840.0,15876.875,15871.030857135303,225.58873592840973,50890.27777777778,15450.0,16160.0,15717.5,16030.0,312.5,160.0,0.014221512115266177,0,0,15727.45,15998.15,289.9525733837909,289.9525733837909,0.018619469598674086,0.01844824936254035
ET--FR,ET,FR,5564.644582105378,10,5586.0,5595.0,5587.5,5592.776100008875,13.703203194062977,187.7777777777778,5560.0,5600.0,5576.25,5595.0,18.75,2.5,0.002453133403878084,0,0,5577.5,5593.5,21.355417894622406,21.355417894622406,0.0038376966542115806,0.0038303514827688827
ET--GB,ET,GB,5886.122685458142,10,5896.0,5896.0,5895.875,5895.875,1.8257418583505538,3.3333333333333335,5893.0,5900.0,5895.0,5896.75,1.75,1.0,0.00030965771003231915,1,0,5895.0,5897.1,9.87731454185814,9.87731454185814,0.001678068071238197,0.0016766616881303243
ET--GH,ET,GH,4312.516347158949,10,4218.6,4235.0,4224.75,4231.110199999836,45.39505602057466,2060.711111111111,4124.0,4264.0,4202.5,4249.75,47.25,19.0,0.010760692177635863,1,0,4186.195,4242.5025,93.91634715894907,-93.91634715894907,-0.021777621137788937,-0.022018253544813453
ET--GR,ET,GR,3541.0060008455616,10,3368.2,3372.5,3377.0,3379.3333333333303,127.48141476745192,16251.51111111111,3124.0,3542.0,3336.25,3431.5,95.25,55.0,0.03784852881879103,1,0,3292.065,3441.7025,172.8060008455618,-172.8060008455618,-0.04880138604800366,-0.0500323907639055
ET--IN,ET,IN,4568.968215495237,10,5065.7,5029.0,5058.0,5033.2006999999085,62.45540631344717,3900.6777777777766,5018.0,5175.0,5025.75,5115.0,89.25,8.5,0.012329077188433419,0,0,5028.795,5106.505,496.7317845047628,496.7317845047628,0.1087185905168135,0.1032049255069597
ET--IT,ET,IT,4456.489579759943,10,4481.3,4481.0,4480.375,4480.374999979351,9.20205291105076,84.67777777777778,4470.0,4500.0,4474.25,4485.0,10.75,6.5,0.0020534338051571553,0,0,4476.2,4487.0,24.810420240057283,24.810420240057283,0.005567256423696999,0.005551816530376206
ET--JP,ET,JP,10415.439814966736,10,9795.4,9709.0,9764.0,9709.166666667114,191.32415773585242,36604.93333333334,9682.0,10160.0,9705.0,9713.75,8.75,4.5,0.019532041339389145,3,0,9702.4,9891.247499999998,620.0398149667362,-620.0398149667362,-0.05953083364523445,-0.061376415090255
ET--KE,ET,KE,1159.806608820494,10,1161.1,1160.0,1160.875,1160.6666666666486,1.5238839267549948,2.3222222222222224,1160.0,1164.0,1160.0,1162.0,2.0,0.0,0.0013124484770949917,0,0,1160.2,1162.0,1.2933911795059885,1.2933911795059885,0.0011151783147893494,0.0011145569653531753
ET--KR,ET,KR,9256.901270317068,10,9338.8,9292.0,9327.875,9311.605599995948,129.6309290940159,16804.17777777778,9190.0,9575.0,9242.5,9438.75,196.25,68.0,0.013880897877030871,0,0,9265.4625,9416.914999999999,81.89872968293093,81.89872968293093,0.008847315888044006,0.008808407709063253
ET--MA,ET,MA,5405.302959239058,10,5425.0,5455.0,5435.0,5441.062471429517,85.40882077787204,7294.666666666666,5240.0,5530.0,5395.25,5476.25,81.0,39.5,0.01574356143370913,1,0,5373.097500000001,5471.7,19.6970407609424,19.6970407609424,0.003644021604242381,0.003637398243087024
ET--MX,ET,MX,14431.004638352826,10,14016.3,13970.0,14024.375,14024.374999999998,201.93896217531778,40779.344444444425,13653.0,14315.0,13940.0,14152.25,212.25,164.5,0.014407437210627469,0,0,13899.1725,14134.1075,414.7046383528268,-414.7046383528268,-0.02873705945951118,-0.029158053795227297
ET--MY,ET,MY,6996.0854221014015,10,7194.5,7145.0,7196.25,7192.256728573729,117.89661195772808,13899.611111111113,7025.0,7350.0,7116.25,7301.75,185.5,83.5,0.016387047321944275,0,0,7128.7875,7264.4275,198.4145778985985,198.4145778985985,0.028360799779800442,0.02796607800495994
ET--NG,ET,NG,3425.380993916935,10,3463.5,3465.0,3463.75,3464.5714285714284,2.41522945769824,5.833333333333334,3460.0,3465.0,3461.25,3465.0,3.75,0.0,0.0006973377963615533,0,0,3462.0,3465.0,38.11900608306496,38.11900608306496,0.011128398899497526,0.011066933853108836
ET--NL,ET,NL,5692.490720486377,10,5524.2,5472.5,5518.125,5473.321733333494,98.25002120440823,9653.066666666666,5417.0,5680.0,5471.25,5598.75,127.5,2.0,0.01778538452706423,0,0,5472.597500000001,5586.4,168.2907204863768,-168.2907204863768,-0.029563635454112388,-0.03000944828495704
ET--NO,ET,NO,6109.632738802692,10,6103.1,6097.5,6104.5,6101.947471428444,68.62045370490249,4708.7666666666655,5975.0,6220.0,6070.5,6142.5,72.0,35.5,0.011243540775163848,0,0,6062.295,6144.6225,6.532738802691711,-6.532738802691711,-0.001069252290927709,-0.0010698243489777948
ET--NZ,ET,NZ,14423.0253472428,10,14098.1,14040.0,14094.5,14086.770000003735,208.9537162999394,43661.65555555556,13825.0,14400.0,13937.5,14268.75,331.25,150.0,0.014821409714779963,0,0,13987.585000000001,14219.77,324.92534724279903,-324.92534724279903,-0.022528237968112142,-0.022785875486798737
ET--PE,ET,PE,13010.580677525299,10,12937.0,12890.0,12940.0,12910.050333331508,275.118156434649,75690.0,12465.0,13385.0,12803.75,13097.5,293.75,135.0,0.02126599338599745,0,0,12774.9375,13091.5125,73.5806775252986,-73.5806775252986,-0.005655449157039019,-0.00567150176135808
ET--PH,ET,PH,8943.42800028437,10,9007.1,9010.0,9017.0,9016.99999999732,167.36882093813716,28012.32222222222,8710.0,9225.0,8913.0,9150.5,237.5,139.5,0.018581876623789805,0,0,8909.647500000001,9106.1275,63.67199971563059,63.67199971563059,0.007119417712493022,0.007094194304769569
ET--PK,ET,PK,4460.31441309416,10,4249.3,4244.5,4246.375,4240.313571167869,100.70865570214575,10142.233333333334,4115.0,4407.0,4167.25,4301.25,134.0,75.0,0.023700057821793175,0,0,4192.889999999999,4308.7225,211.01441309415986,-211.01441309415986,-0.047309313548543605,-0.04846499626821549
ET--PL,ET,PL,5054.603703831145,10,5299.4,5300.0,5299.875,5301.24575755871,105.01449635381034,11028.044444444446,5140.0,5455.0,5227.5,5381.75,154.25,84.5,0.019816299270447663,0,0,5235.4875,5357.8075,244.7962961688545,244.7962961688545,0.04843036378565361,0.04729415407142911
ET--PT,ET,PT,5784.177787414981,10,5562.8,5570.0,5560.0,5561.289777779951,83.19962606753577,6922.177777777779,5453.0,5695.0,5486.5,5627.25,140.75,80.0,0.014956429508077905,0,0,5515.1,5612.905,221.37778741498096,-221.37778741498096,-0.03827299152122317,-0.0390246435582528
ET--RU,ET,RU,5182.912971370709,10,5141.5,5140.0,5141.25,5140.333333333351,4.1163630117428225,16.94444444444444,5135.0,5150.0,5140.0,5143.75,3.75,0.0,0.0008006151924035442,1,0,5139.5,5144.0,41.412971370708874,-41.412971370708874,-0.007990288781514407,-0.008022382210417752
ET--SA,ET,SA,1928.2054708788808,10,1923.2,1957.0,1931.5,1953.0626400070919,73.23903027454388,5363.955555555554,1794.0,1986.0,1900.25,1968.0,67.75,18.0,0.03808185850381857,2,0,1874.6925,1961.7050000000002,5.005470878880715,-5.005470878880715,-0.0025959219359538528,-0.0025992971838212898
ET--SE,ET,SE,5846.588012893221,10,5796.7,5817.5,5799.125,5806.8000666671915,48.874101298926995,2388.6777777777775,5713.0,5861.0,5754.0,5830.0,76.0,23.0,0.00843136634618438,0,0,5768.0775,5824.6,49.88801289322146,-49.88801289322146,-0.008532842195004272,-0.008569455317742324
ET--SG,ET,SG,7265.102216993072,10,7379.0,7371.5,7379.375,7377.108666666634,19.994443672625096,399.7777777777777,7345.0,7410.0,7370.0,7396.25,26.25,10.0,0.0027096413704601023,0,0,7366.995,7390.81,113.89778300692797,113.89778300692797,0.015677382038826803,0.015555761367267103
ET--SN,ET,SN,6138.121973536205,10,6180.0,6180.0,6180.0,6179.445642857149,11.785113019775793,138.88888888888889,6160.0,6200.0,6172.5,6183.75,11.25,7.5,0.0019069762167921995,0,0,6173.5,6187.0,41.87802646379532,41.87802646379532,0.006822612298085235,0.006799443599800223
ET--TH,ET,TH,6750.299737881846,10,7025.8,6997.5,7018.5,7011.7076999923165,139.89186299900837,19569.733333333326,6850.0,7260.0,6911.25,7135.0,223.75,93.5,0.019911164991745903,0,0,6943.78,7111.525,275.50026211815384,275.50026211815384,0.04081304131905143,0.04000217822898295
ET--TR,ET,TR,3471.2514729888712,10,3351.5,3339.5,3333.75,3333.7500000091773,136.79445245411898,18712.72222222222,3190.0,3655.0,3242.5,3421.5,179.0,87.5,0.040815889140420406,0,0,3281.1,3439.14,119.75147298887123,-119.75147298887123,-0.03449806904532933,-0.03510717716251694
ET--TZ,ET,TZ,1714.3873971546066,10,1508.0,1453.0,1497.625,1469.8055333259606,113.58794928258112,12902.22222222222,1405.0,1694.0,1413.5,1608.0,194.5,45.5,0.07532357379481507,0,0,1448.0849999999998,1579.91,206.38739715460656,-206.38739715460656,-0.12038550767297444,-0.128271544394711
ET--UA,ET,UA,4651.905379290357,10,4839.5,4837.5,4852.5,4840.344166666272,91.84679272208331,8435.833333333336,4615.0,4960.0,4826.25,4876.25,50.0,12.5,0.018978570662688977,2,0,4779.9875,4884.5,187.5946207096431,187.5946207096431,0.040326405077968384,0.03953451494885539
ET--US,ET,US,11530.640207862776,10,11559.3,11560.0,11559.75,11560.0,4.643992535164831,21.56666666666667,11550.0,11565.0,11560.0,11560.0,0.0,0.0,0.0004017537857106253,4,0,11556.595000000001,11562.0,28.65979213722312,28.65979213722312,0.002485533467402784,0.0024824496380110683
ET--VN,ET,VN,7294.24449951952,10,7571.4,7598.0,7575.5,7581.6963710482005,136.71966452075088,18692.266666666666,7315.0,7795.0,7518.5,7638.75,120.25,79.0,0.018057382323051336,1,0,7485.485,7651.6025,277.15550048047953,277.15550048047953,0.03799646426696227,0.037292378444024894
ET--ZA,ET,ZA,4007.191456170527,10,4380.4,4357.5,4378.75,4382.500000038431,250.2768245141545,62638.48888888889,4032.0,4742.0,4256.25,4583.75,327.5,195.0,0.0571356096507521,0,0,4230.1849999999995,4531.447499999999,373.20854382947255,373.20854382947255,0.09313469244270384,0.08904943348002302
FI--FJ,FI,FJ,14881.524051042496,10,15221.8,15210.0,15218.5,15210.666666666666,18.623760212278412,346.84444444444443,15210.0,15260.0,15210.0,15233.75,23.75,0.0,0.0012234926363687878,0,0,15211.0,15233.105,340.2759489575037,340.2759489575037,0.02286566535728351,0.02260816393573961
FI--FR,FI,FR,1913.0642944778042,10,1909.5,1910.0,1910.0,1909.888888888889,1.5811388300841898,2.5000000000000004,1905.0,1910.0,1910.0,1910.0,0.0,0.0,0.0008280381409186644,1,0,1908.5,1910.0,3.5642944778041965,-3.5642944778041965,-0.001863133658441478,-0.001864871450784494
FI--GB,FI,GB,1825.9330131984918,10,1820.6,1820.0,1820.375,1820.25,1.2649110640673518,1.6,1820.0,1823.0,1820.0,1820.0,0.0,0.0,0.0006947770317847697,2,0,1820.0,1821.5,5.333013198491926,-5.333013198491926,-0.0029207058309056325,-0.002924979415465039
FI--GH,FI,GH,6421.808628793435,10,6379.0,6362.5,6384.0,6369.76143333177,125.51493934986385,15754.000000000002,6145.0,6573.0,6325.25,6455.0,129.75,55.5,0.019676272041050925,0,0,6303.2925000000005,6451.1075,42.808628793434764,-42.808628793434764,-0.006666132746699101,-0.006688450647618049
FI--GR,FI,GR,2469.446523502244,10,2465.8,2464.0,2463.875,2463.857142859486,7.568942389058652,57.28888888888889,2460.0,2487.0,2463.25,2464.0,0.75,0.5,0.0030695686548214175,2,0,2462.9,2470.8,3.646523502243781,-3.646523502243781,-0.0014766561930129067,-0.001477747524248801
FI--IN,FI,IN,5227.813402791738,10,5226.0,5228.0,5227.375,5227.883700000006,6.091888960832355,37.11111111111111,5211.0,5230.0,5226.25,5230.0,3.75,2.0,0.0011656886645297273,2,0,5222.2,5228.9,1.8134027917376443,-1.8134027917376443,-0.0003468759597978875,-0.0003469361351796173
FI--IT,FI,IT,2204.4886323251985,10,2200.5,2201.0,2200.625,2200.6782666666936,1.6499158227686108,2.722222222222222,2198.0,2202.0,2199.0,2202.0,3.0,1.0,0.0007497913305015273,0,0,2199.5,2201.5,3.988632325198523,-3.988632325198523,-0.001809323154001247,-0.0018109619561859159
FI--JP,FI,JP,7840.181225242526,10,7821.4,7822.0,7821.5,7821.571428573771,0.9660917830792959,0.9333333333333333,7820.0,7822.0,7820.5,7822.0,1.5,0.0,0.0001235190353490802,0,0,7820.8,7822.0,18.78122524252649,-18.78122524252649,-0.002395509070894661,-0.0023983828931779887
FI--KE,FI,KE,6893.053879094669,10,7289.0,7372.5,7311.25,7355.634166668058,154.62858726639132,23909.999999999996,6980.0,7420.0,7175.0,7391.25,216.25,37.5,0.021213964503552108,0,0,7190.9875,7365.5,395.94612090533064,395.94612090533064,0.05744132105309092,0.05585214203288812
FI--KR,FI,KR,7076.449214426985,10,7047.0,7047.5,7047.5,7047.365944444438,3.496029493900505,12.222222222222221,7040.0,7050.0,7045.0,7050.0,5.0,2.5,0.0004961018155102178,0,0,7045.0,7049.0,29.449214426985236,-29.449214426985236,-0.00416158069317394,-0.0041702641698060875
FI--MA,FI,MA,3705.568629466575,10,3798.6,3804.0,3803.25,3802.690928571516,81.00507528681288,6561.822222222223,3642.0,3918.0,3750.0,3847.0,97.0,52.5,0.021324981647663055,0,0,3746.29,3842.6124999999997,93.0313705334247,93.0313705334247,0.025105828507301666,0.024795854584930038
FI--MX,FI,MX,9855.858846180436,10,9532.4,9538.5,9528.625,9530.98464999952,61.19222899101559,3744.4888888888886,9465.0,9630.0,9476.25,9552.5,76.25,61.0,0.006419393750893332,0,0,9497.9,9566.2,323.458846180436,-323.458846180436,-0.032818940614778594,-0.03336956280835053
FI--MY,FI,MY,8971.024211314423,10,8411.2,8377.0,8401.25,8392.449849997418,110.65140457008818,12243.73333333333,8295.0,8607.0,8329.5,8471.25,141.75,69.0,0.01315524593043658,0,0,8351.797499999999,8474.205,559.8242113144224,-559.8242113144224,-0.06240360053965317,-0.06443570033277472
FI--NG,FI,NG,5852.2306591964625,10,6033.5,6037.5,6056.875,6054.455388887069,126.79927269332248,16078.055555555555,5730.0,6150.0,5998.75,6137.5,138.75,77.5,0.021015873488575865,1,0,5950.4875,6096.0,181.2693408035375,181.2693408035375,0.030974401277004106,0.030504375703303204
FI--NL,FI,NL,1506.1678883392688,10,1501.9,1502.0,1502.0,1501.9,0.31622776601683794,0.1,1501.0,1502.0,1502.0,1502.0,0.0,0.0,0.00021055181171638452,1,0,1501.7,1502.0,4.267888339268666,-4.267888339268666,-0.0028336073105200282,-0.00283762957585911
FI--NO,FI,NO,789.3307636306301,10,784.5,785.0,785.0,784.8888888888889,1.5811388300841898,2.5000000000000004,780.0,785.0,785.0,785.0,0.0,0.0,0.00201547333344065,1,0,783.5,785.0,4.830763630630145,-4.830763630630145,-0.006120075199413761,-0.006138879621880766
FI--NZ,FI,NZ,17068.725016057746,10,16768.0,16765.0,16773.125,16773.12500013729,84.89077950192497,7206.444444444444,16585.0,16910.0,16740.0,16811.5,71.5,43.5,0.0050626657622808305,1,0,16713.4925,16816.205,300.72501605774596,-300.72501605774596,-0.0176184815078357,-0.017775534375986047
FI--PE,FI,PE,11822.926389926623,10,11730.8,11645.0,11731.0,11716.213500000096,167.5568228658233,28075.28888888889,11475.0,11985.0,11632.5,11864.5,232.0,92.5,0.014283494976116149,0,0,11633.275,11833.247500000001,92.12638992662323,-92.12638992662323,-0.007792181638305456,-0.007822699321909874
FI--PH,FI,PH,8939.979930604915,10,8291.4,8293.5,8293.25,8293.425366666663,7.456540752922899,55.59999999999999,8271.0,8297.0,8291.5,8295.0,3.5,1.5,0.000899310219374641,1,0,8286.3,8294.6,648.5799306049157,-648.5799306049157,-0.07254825353517658,-0.07531451122876705
FI--PK,FI,PK,4543.885658949807,10,4753.7,4776.5,4761.875,4770.6674333331475,57.240331546520196,3276.4555555555553,4625.0,4817.0,4748.25,4782.25,34.0,14.5,0.012041216641041757,2,0,4717.297500000001,4783.7,209.81434105019252,209.81434105019252,0.046175092596560906,0.045140744173896456
FI--PL,FI,PL,915.2000736428832,10,943.5,945.0,943.75,944.5714285737715,2.41522945769824,5.833333333333334,940.0,945.0,941.25,945.0,3.75,0.0,0.0025598616403796925,0,0,942.0,945.0,28.29992635711676,28.29992635711676,0.03092211984257288,0.030453663716637578
FI--PT,FI,PT,3365.791975654019,10,3364.0,3364.0,3364.0,3364.0,1.0540925533894598,1.1111111111111112,3363.0,3365.0,3363.0,3365.0,2.0,1.0,0.0003133449920896135,0,0,3363.4,3364.6,1.7919756540190974,-1.7919756540190974,-0.0005324083208294215,-0.000532550100464841
FI--RU,FI,RU,895.568901558974,10,894.2,895.0,894.25,894.3333333333334,1.0327955589886446,1.0666666666666669,893.0,895.0,893.0,895.0,2.0,0.0,0.0011549939152187929,0,0,893.6,894.8,1.3689015589739029,-1.3689015589739029,-0.0015285273490302852,-0.001529696738740019
FI--SA,FI,SA,4292.210711697853,10,4247.4,4197.5,4235.125,4211.7513666675395,95.38250480157366,9097.822222222223,4160.0,4433.0,4180.5,4308.75,128.25,28.5,0.022456680510800412,0,0,4194.179999999999,4304.8125,44.81071169785355,-44.81071169785355,-0.010440007424548817,-0.010494886595530528
FI--SE,FI,SE,394.8329300638056,10,396.0,396.0,396.0,396.0,0.0,0.0,396.0,396.0,396.0,396.0,0.0,0.0,0.0,0,0,396.0,396.0,1.167069936194423,1.167069936194423,0.0029558576484636752,0.002951497690741251
FI--SG,FI,SG,9269.41231436185,10,9262.9,9261.0,9261.75,9262.256511111102,12.8101522239199,164.09999999999997,9250.0,9285.0,9250.75,9272.0,21.25,11.0,0.0013829526631961805,0,0,9255.5975,9270.7,6.512314361851168,-6.512314361851168,-0.0007025595734652036,-0.000702806484095403
FI--SN,FI,SN,6097.2656329221945,10,6018.8,6030.5,6020.375,6029.552857142864,93.97139044529575,8830.622222222222,5860.0,6165.0,5986.25,6082.5,96.25,50.0,0.015612977743951578,0,0,5961.59,6072.6025,78.46563292219435,-78.46563292219435,-0.012868987124083794,-0.012952509881521895
FI--TH,FI,TH,7892.355050494185,10,7896.8,7899.0,7897.125,7898.265660000002,4.157990967870047,17.28888888888889,7890.0,7901.0,7892.75,7900.0,7.25,1.5,0.0005265412531493829,0,0,7894.3,7899.1,4.444949505815202,4.444949505815202,0.000563196850290824,0.0005630383144665287
FI--TR,FI,TR,2318.7683066331742,10,2474.1,2464.0,2466.375,2465.7637333336547,60.14694967789767,3617.655555555555,2385.0,2625.0,2454.0,2481.25,27.25,12.0,0.02431063808168533,2,0,2442.8975,2514.9100000000003,155.33169336682568,155.33169336682568,0.06698888065809626,0.06484055113888326
FI--TZ,FI,TZ,7418.969801469933,10,7405.4,7412.5,7402.375,7408.610900000423,72.46639067718067,5251.377777777778,7275.0,7560.0,7378.5,7422.5,44.0,17.5,0.00978561464298764,2,0,7365.389999999999,7448.6175,13.569801469933736,-13.569801469933736,-0.0018290681635130968,-0.0018307429511986639
FI--UA,FI,UA,1140.0561693095046,10,1144.2,1143.0,1143.625,1143.5714285690856,2.2010098692292237,4.844444444444444,1143.0,1150.0,1143.0,1144.75,1.75,0.0,0.0019236233781062958,1,0,1143.2,1145.6,4.143830690495406,4.143830690495406,0.0036347601127453143,0.0036281703355522353
FI--US,FI,US,6946.711977616074,10,6945.0,6940.0,6939.375,6939.37499988385,38.890158709427304,1512.4444444444443,6902.0,7033.0,6915.0,6962.5,47.5,25.0,0.005599734875367503,0,0,6924.0,6969.305,1.711977616074364,-1.711977616074364,-0.000246444306542542,-0.0002464746789308101
FI--VN,FI,VN,7500.56964538643,10,7339.6,7290.0,7287.5,7288.184066666698,167.4536088327484,28040.711111111108,7280.0,7816.0,7282.75,7291.0,8.25,3.0,0.022815086494188834,1,0,7284.5,7446.3025,160.96964538642987,-160.96964538642987,-0.02146098936438003,-0.021694625147532263
FI--ZA,FI,ZA,9522.764258248177,10,9617.7,9613.5,9622.75,9626.999999998225,100.48001459660192,10096.233333333335,9445.0,9750.0,9586.25,9697.5,111.25,66.5,0.010447405782734117,0,0,9559.1825,9674.7075,94.93574175182403,94.93574175182403,0.009969347048531111,0.009919980935714136
FJ--FR,FJ,FR,16576.81749979109,10,16564.5,16540.0,16538.75,16538.333333333365,84.70373204423889,7174.722222222223,16530.0,16805.0,16535.0,16540.0,5.0,5.0,0.0051135701074127736,2,0,16535.5,16619.0,12.317499791090086,-12.317499791090086,-0.0007430557639453603,-0.0007433319667107458
FJ--GB,FJ,GB,16299.555426240808,10,16285.5,16290.0,16287.5,16288.965857142844,12.122064363978788,146.94444444444446,16260.0,16295.0,16281.25,16295.0,13.75,5.0,0.0007443470795479899,1,0,16277.5,16292.0,14.05542624080772,-14.05542624080772,-0.0008623196076979963,-0.0008626916191281223
FJ--GH,FJ,GH,18604.884835041765,10,18970.5,18950.0,18975.625,18966.265356665175,235.36555492349436,55396.94444444444,18550.0,19350.0,18850.0,19116.25,266.25,137.5,0.012406924167707459,0,0,18837.4875,19106.5,365.61516495823525,365.61516495823525,0.01965156829509687,0.019460969227018638
FJ--GR,FJ,GR,16718.893493199037,10,16455.3,16501.5,16459.125,16484.065333334813,118.38172719357212,14014.233333333332,16250.0,16630.0,16375.0,16520.0,145.0,40.0,0.007194139711434743,0,0,16384.3,16520.3175,263.59349319903777,-263.59349319903777,-0.015766204462410335,-0.01589181306055583
FJ--IN,FJ,IN,12028.323263938093,10,11717.2,11682.5,11712.75,11700.543333333104,85.12448400887831,7246.17777777778,11625.0,11845.0,11651.25,11797.5,146.25,50.0,0.007264916875096295,0,0,11670.0,11768.804999999998,311.12326393809235,-311.12326393809235,-0.02586588813013245,-0.026206292960075556
FJ--IT,FJ,IT,17055.863339691525,10,16768.0,16887.5,16810.0,16883.478333333886,243.8373775012081,59456.666666666664,16300.0,16900.0,16837.5,16900.0,62.5,12.5,0.014541828333802964,2,0,16596.0,16888.0,287.86333969152474,-287.86333969152474,-0.01687767625468856,-0.01702172736497305
FJ--JP,FJ,JP,7219.789289468397,10,7283.0,7295.0,7284.375,7289.713833332549,38.23901439919997,1462.2222222222224,7230.0,7325.0,7243.75,7315.0,71.25,22.5,0.0052504482217767354,0,0,7259.5,7304.5,63.21071053160267,63.21071053160267,0.008755201571299175,0.008717097041068336
FJ--KE,FJ,KE,15310.34174379079,10,16365.0,16427.5,16405.625,16424.713833333364,160.0,25600.0,15945.0,16460.0,16387.5,16450.0,62.5,22.5,0.00977696303085854,2,0,16252.45,16438.5125,1054.6582562092099,1054.6582562092099,0.06888535042902837,0.06661637692648337
FJ--KR,FJ,KR,8184.830871623246,10,8017.5,8135.0,8042.5,8123.9849000043705,179.30808372432318,32151.38888888889,7670.0,8165.0,7868.75,8150.0,281.25,22.5,0.022364587929444738,0,0,7909.4875,8120.0125,167.3308716232459,-167.3308716232459,-0.020444023126168793,-0.020655894814083402
FJ--MA,FJ,MA,18168.663542293107,10,17591.0,17400.0,17504.375,17419.232714880745,526.2857272116229,276976.66666666674,17150.0,18725.0,17251.25,17598.75,347.5,165.0,0.02991789706165783,2,0,17328.9875,17920.3375,577.6635422931067,-577.6635422931067,-0.031794498310149154,-0.03231091910283975
FJ--MX,FJ,MX,9915.918583166904,10,9524.7,9443.5,9472.125,9455.450533323341,294.45959919071333,86706.45555555554,9190.0,10280.0,9396.25,9540.0,143.75,66.0,0.03091536732817971,1,0,9381.395,9703.212500000001,391.21858316690304,-391.21858316690304,-0.03945358968870813,-0.04025297903268222
FJ--MY,FJ,MY,8728.573834583456,10,8446.0,8477.5,8456.25,8464.887833335155,105.35126429658492,11098.888888888887,8235.0,8575.0,8391.25,8518.75,127.5,52.5,0.012473509862252536,0,0,8382.4875,8504.5,282.5738345834561,-282.5738345834561,-0.03237342548033118,-0.03290903625830563
FJ--NG,FJ,NG,18616.55968810009,10,18831.0,18832.5,18838.75,18839.01885713716,227.99610133118992,51982.22222222222,18450.0,19150.0,18701.25,19025.0,323.75,180.0,0.01210748772402899,0,0,18698.4625,18962.5125,214.44031189991074,214.44031189991074,0.011518793777831215,0.011452957559660262
FJ--NL,FJ,NL,16165.585758358455,10,16256.0,16260.0,16256.875,16257.77610002663,21.447610589527216,459.99999999999994,16220.0,16285.0,16248.75,16260.0,11.25,7.5,0.0013193658089030028,4,0,16242.9875,16267.5,90.41424164154523,90.41424164154523,0.005593007453800202,0.005577424663718022
FJ--NO,FJ,NO,15261.03378993224,10,15607.6,15615.0,15610.125,15609.408477777777,28.729388747026587,825.3777777777779,15555.0,15640.0,15586.5,15631.25,44.75,24.5,0.0018407307175367503,0,0,15589.4825,15623.0,346.56621006776004,346.56621006776004,0.02270922237891846,0.02245520646680718
FJ--NZ,FJ,NZ,2591.8075392647534,10,2619.2,2617.5,2619.25,2619.0630333333324,5.094659513211414,25.95555555555556,2613.0,2625.0,2615.0,2624.75,9.75,3.5,0.0019451204616720427,0,0,2616.2,2622.1025,27.39246073524646,27.39246073524646,0.010568863744804593,0.010513403728378392
FJ--PE,FJ,PE,11096.316981305765,10,10959.0,10955.0,10950.0,10951.257857145252,127.58004023618533,16276.666666666666,10765.0,11225.0,10882.5,11008.75,126.25,75.0,0.011641576807754843,1,0,10888.0,11031.5125,137.31698130576478,-137.31698130576478,-0.012375005286628531,-0.01245221329210998
FJ--PH,FJ,PH,7270.00795998326,10,7172.4,7177.5,7174.25,7173.669366776381,48.851703029565805,2386.4888888888886,7095.0,7235.0,7135.0,7206.75,71.75,44.5,0.006811067847521862,0,0,7144.8775,7199.4,97.60795998326012,-97.60795998326012,-0.013426114595820177,-0.013517059817045745
FJ--PK,FJ,PK,12498.588968944085,10,12858.0,12752.5,12856.25,12802.952499998115,346.8364968620741,120295.55555555555,12285.0,13445.0,12660.0,13115.0,455.0,137.5,0.026974373686582214,0,0,12672.425,13054.0125,359.4110310559154,359.4110310559154,0.028756128547707527,0.028350430267419978
FJ--PL,FJ,PL,15740.327157401141,10,15730.0,15662.5,15712.5,15679.365833334758,134.01906995316418,17961.111111111113,15620.0,15980.0,15635.0,15771.25,136.25,37.5,0.008519966303443368,1,0,15662.4875,15815.5,10.327157401141449,-10.327157401141449,-0.0006560954736119061,-0.000656310798434721
FJ--PT,FJ,PT,17608.392189885468,10,18345.5,17365.0,18290.0,17407.94089978818,1316.705590141969,1733713.6111111108,17260.0,19875.0,17322.5,19875.0,2552.5,77.5,0.07177267396047908,0,0,17575.4875,19116.025,737.1078101145322,737.1078101145322,0.04186116495848714,0.04100869545069947
FJ--RU,FJ,RU,14698.654341884276,10,14719.1,14542.5,14678.625,14566.015842293167,426.4096752081396,181825.21111111113,14352.0,15410.0,14396.25,15107.5,711.25,165.5,0.028969819840081228,0,0,14500.48,14983.4,20.445658115724655,20.445658115724655,0.0013909884292920688,0.001390021901069327
FJ--SA,FJ,SA,14993.206576183224,10,14647.8,14692.0,14655.75,14664.49606667437,216.2605424533616,46768.62222222222,14282.0,14950.0,14491.25,14800.5,309.25,143.0,0.014764028895353679,0,0,14517.175000000001,14774.210000000001,345.4065761832244,-345.4065761832244,-0.02303753866313723,-0.023307050055339985
FJ--SE,FJ,SE,15161.365121374429,10,15520.7,15602.5,15539.375,15586.496500000107,164.55802759040486,27079.344444444447,15210.0,15682.0,15416.25,15626.25,210.0,42.5,0.010602487490281035,0,0,15418.5,15606.710000000001,359.33487862557195,359.33487862557195,0.023700694215125995,0.023424193086491737
FJ--SG,FJ,SG,8434.22672283059,10,8274.3,8272.5,8272.375,8273.333333333117,19.183615694417753,368.0111111111111,8250.0,8314.0,8265.0,8283.75,18.75,10.0,0.0023184578386591923,1,0,8263.5,8286.4025,159.92672283059073,-159.92672283059073,-0.0189616343129223,-0.01914371142810918
FJ--SN,FJ,SN,18292.51736528745,10,18931.0,18962.5,18976.25,18973.15349999672,225.10244581325878,50671.11111111111,18370.0,19130.0,18882.5,19093.75,211.25,122.5,0.011890679087911827,1,0,18786.3625,19040.525,638.482634712549,638.482634712549,0.03490403327013684,0.03430870094030182
FJ--TH,FJ,TH,9249.359232089999,10,8834.5,8850.0,8825.625,8831.257857395762,139.47221945606228,19452.499999999996,8620.0,9120.0,8766.25,8880.0,113.75,75.0,0.015787222758057873,1,0,8753.5,8921.5,414.85923208999884,-414.85923208999884,-0.044852753761652375,-0.045889765843849434
FJ--TR,FJ,TR,15929.245910545002,10,16072.8,16099.0,16083.5,16093.848000254857,123.75405717254957,15315.066666666666,15865.0,16195.0,16030.0,16177.5,147.5,80.0,0.007699595414149966,0,0,15998.75,16145.025,143.55408945499767,143.55408945499767,0.009011982755565742,0.00897161717366558
FJ--TZ,FJ,TZ,15125.289672800167,10,15735.9,15682.5,15718.625,15707.827799327575,282.92183844070195,80044.76666666665,15415.0,16195.0,15502.5,15899.25,396.75,212.0,0.01797938716188473,0,0,15572.39,15908.7375,610.6103271998327,610.6103271998327,0.040370157557900806,0.03957657055727472
FJ--UA,FJ,UA,15437.65678215794,10,15557.7,15495.0,15507.75,15490.000000000742,244.82785335369377,59940.67777777778,15340.0,16175.0,15432.5,15547.5,115.0,62.5,0.015736764004556827,2,0,15437.395,15721.5375,120.0432178420615,120.0432178420615,0.007775999916049524,0.007745922648635402
FJ--US,FJ,US,12497.831524726587,10,12198.3,12229.0,12195.0,12198.300000008912,216.16303003880094,46726.455555555556,11943.0,12480.0,11993.0,12370.0,377.0,223.5,0.017720750435618157,0,0,12076.145,12329.115,299.53152472658803,-299.53152472658803,-0.023966679670307113,-0.024258553469727828
FJ--VN,FJ,VN,9022.601376117009,10,8175.2,8182.5,8168.25,8180.3008333348425,81.35901233968421,6619.288888888888,8075.0,8331.0,8101.75,8215.0,113.25,37.5,0.009951929290987892,0,0,8129.7425,8220.335,847.401376117009,-847.401376117009,-0.09391985091573435,-0.09862751207901478
FJ--ZA,FJ,ZA,14189.452435443198,10,14191.0,14192.5,14206.875,14206.218722224674,170.25797419732731,28987.777777777774,13865.0,14390.0,14090.0,14346.25,256.25,127.5,0.011997602297042302,0,0,14080.4875,14288.5,1.5475645568021719,1.5475645568021719,0.00010906443105137585,0.00010905848395864447
FR--GB,FR,GB,341.1497977927973,10,343.2,343.0,343.125,343.2,0.4216370213557839,0.17777777777777778,343.0,344.0,343.0,343.0,0.0,0.0,0.001228546099521515,2,0,343.0,343.5,2.0502022072026875,2.0502022072026875,0.006009683196259463,0.0059916970748210875
FR--GH,FR,GH,4807.153141334028,10,4823.2,4822.5,4823.25,4823.08956,1.6193277068654826,2.6222222222222222,4821.0,4825.0,4822.0,4825.0,3.0,1.0,0.00033573720908639134,0,0,4822.3,4824.2,16.04685866597174,16.04685866597174,0.0033381209614467564,0.0033325618036621645
FR--GR,FR,GR,2101.148656258638,10,2097.6,2098.0,2097.625,2097.6,0.5163977794943223,0.2666666666666667,2097.0,2098.0,2097.0,2098.0,1.0,0.0,0.00024618505887410487,0,0,2097.3,2097.9,3.5486562586379478,-3.5486562586379478,-0.0016889125136708705,-0.0016903403342794843
FR--IN,FR,IN,6600.894573294016,10,6578.5,6580.0,6578.75,6579.857142857143,4.743416490252569,22.5,6570.0,6585.0,6580.0,6580.0,0.0,0.0,0.0007210483378053612,3,0,6575.9875,6581.0,22.394573294015572,-22.394573294015572,-0.003392657320209268,-0.0033984254319014175
FR--IT,FR,IT,1108.1927290162205,10,1106.5,1107.0,1106.625,1106.6250000021394,0.8498365855987975,0.7222222222222222,1105.0,1107.0,1106.25,1107.0,0.75,0.0,0.0007680402942600972,2,0,1106.0,1107.0,1.6927290162204827,-1.6927290162204827,-0.0015274680765350035,-0.001528635845201845
FR--JP,FR,JP,9737.965704971102,10,9714.3,9715.0,9714.625,9714.555555555555,1.2516655570345725,1.5666666666666667,9711.0,9715.0,9714.0,9715.0,1.0,0.0,0.00012884773550688909,1,0,9713.4975,9714.9,23.66570497110297,-23.66570497110297,-0.002430251418838119,-0.0024332092730088226
FR--KE,FR,KE,6470.452307387349,10,6480.7,6480.0,6480.25,6480.25,1.6363916944844772,2.6777777777777785,6480.0,6485.0,6480.0,6480.0,0.0,0.0,0.00025250230599849975,2,0,6480.0,6481.9,10.247692612651008,10.247692612651008,0.0015837675831334333,0.0015825147458822764
FR--KR,FR,KR,8989.261845586849,10,8965.0,8965.0,8965.0,8965.0,0.0,0.0,8965.0,8965.0,8965.0,8965.0,0.0,0.0,0.0,0,0,8965.0,8965.0,24.26184558684872,-24.26184558684872,-0.002698980851109564,-0.002702629666794755
FR--MA,FR,MA,1814.6775669616386,10,1814.3,1814.0,1814.25,1814.3,0.48304589153964794,0.23333333333333334,1814.0,1815.0,1814.0,1814.75,0.75,0.0,0.00026624367058350213,0,0,1814.0,1814.6,0.37756696163864945,-0.37756696163864945,-0.00020806283634773726,-0.0002080844844225375
FR--MX,FR,MX,9207.427444723564,10,9198.5,9200.0,9199.375,9199.75,3.3747427885527643,11.388888888888888,9190.0,9200.0,9200.0,9200.0,0.0,0.0,0.0003668796856610061,2,0,9196.4875,9200.0,8.927444723563895,-8.927444723563895,-0.000969591645132092,-0.0009700620031726575
FR--MY,FR,MY,10429.064210826338,10,10412.1,10408.0,10409.5,10408.655066666675,10.407796223131111,108.32222222222222,10405.0,10440.0,10406.5,10413.75,7.25,2.0,0.0009995866562106694,1,0,10407.5,10419.0025,16.964210826337876,-16.964210826337876,-0.001626628284513528,-0.001627952680696576
FR--NG,FR,NG,4437.067941067861,10,4493.5,4472.5,4471.25,4471.2686428575325,78.38827860223888,6144.722222222223,4450.0,4715.0,4465.0,4478.75,13.75,7.5,0.01744481553404671,1,0,4464.0,4544.0,56.432058932138716,56.432058932138716,0.012718322027441688,0.012638123448232416
FR--NL,FR,NL,428.39172758992953,10,430.4,430.0,430.375,430.4,0.5163977794943223,0.2666666666666667,430.0,431.0,430.0,431.0,1.0,0.0,0.0011998089672265854,0,0,430.1,430.7,2.0082724100704468,2.0082724100704468,0.004687934618552742,0.004676980474591641
FR--NO,FR,NO,1343.5166138500856,10,1342.4,1343.0,1342.5,1342.5000000021394,0.8432740427115678,0.7111111111111111,1341.0,1343.0,1342.0,1343.0,1.0,0.0,0.0006281838816385338,0,0,1341.9,1342.8,1.116613850085514,-1.116613850085514,-0.0008311127965032443,-0.0008314583622261939
FR--NZ,FR,NZ,18980.580816307895,10,18974.9,18977.0,18974.875,18975.879733333335,11.789354897062388,138.9888888888889,18960.0,18990.0,18962.5,18985.0,22.5,8.0,0.0006213131503756219,0,0,18967.5,18981.5,5.68081630789311,-5.68081630789311,-0.0002992962313888845,-0.00029934102944479015
FR--PE,FR,PE,10245.869499110875,10,10260.3,10260.0,10260.375,10260.444780000007,3.4657049948186747,12.01111111111111,10255.0,10265.0,10260.0,10262.25,2.25,1.5,0.0003377781346372596,2,0,10258.0,10262.3,14.430500889124232,14.430500889124232,0.001408421304836695,0.0014074304098399886
FR--PH,FR,PH,10757.705538010932,10,10740.0,10740.0,10740.0,10740.0,0.0,0.0,10740.0,10740.0,10740.0,10740.0,0.0,0.0,0.0,0,0,10740.0,10740.0,17.705538010932287,-17.705538010932287,-0.001645847058034086,-0.0016472029522371593
FR--PK,FR,PK,5940.239053946842,10,5908.3,5908.0,5907.875,5908.049755555563,3.5605867181937554,12.677777777777777,5905.0,5915.0,5905.0,5910.75,5.75,3.0,0.000602641490478438,0,0,5906.2,5910.4,31.93905394684225,-31.93905394684225,-0.00537672872367336,-0.005391235351725481
FR--PL,FR,PL,1370.8305434249735,10,1367.0,1367.0,1367.0,1367.0,0.0,0.0,1367.0,1367.0,1367.0,1367.0,0.0,0.0,0.0,0,0,1367.0,1367.0,3.8305434249734844,-3.8305434249734844,-0.0027943230790605247,-0.0027982344879884245
FR--PT,FR,PT,1453.915618536448,10,1453.0,1453.0,1453.0,1453.0,0.0,0.0,1453.0,1453.0,1453.0,1453.0,0.0,0.0,0.0,0,0,1453.0,1453.0,0.915618536447937,-0.915618536447937,-0.0006297604377959872,-0.0006299588201937481
FR--RU,FR,RU,2494.0210488381886,10,2485.2,2485.0,2485.0,2485.1111111111113,0.6324555320336759,0.4,2485.0,2487.0,2485.0,2485.0,0.0,0.0,0.00025448878642913084,1,0,2485.0,2485.6,8.821048838188744,-8.821048838188744,-0.0035368782642383593,-0.0035431478056014536
FR--SA,FR,SA,4695.389253154605,10,4675.7,4675.0,4675.75,4675.285714285715,2.6267851073127395,6.9,4671.0,4680.0,4675.0,4675.75,0.75,0.0,0.000561795048294959,3,0,4674.2,4677.2,19.689253154605467,-19.689253154605467,-0.004193316484118374,-0.004202133091535271
FR--SE,FR,SE,1549.2891494547255,10,1544.0,1544.0,1544.0,1544.0,0.0,0.0,1544.0,1544.0,1544.0,1544.0,0.0,0.0,0.0,0,0,1544.0,1544.0,5.289149454725475,-5.289149454725475,-0.003413920155954748,-0.003419760878332335
FR--SG,FR,SG,10742.404770656647,10,10740.0,10740.0,10740.0,10740.0,0.0,0.0,10740.0,10740.0,10740.0,10740.0,0.0,0.0,0.0,0,0,10740.0,10740.0,2.404770656647088,-2.404770656647088,-0.00022385775885263838,-0.00022388281874065514
FR--SN,FR,SN,4197.9762876720815,10,4200.0,4200.0,4200.0,4200.0,0.0,0.0,4200.0,4200.0,4200.0,4200.0,0.0,0.0,0.0,0,0,4200.0,4200.0,2.0237123279184743,2.0237123279184743,0.0004820685466617275,0.00048195238894908714
FR--TH,FR,TH,9456.38937182292,10,9443.0,9443.0,9443.0,9443.0,0.0,0.0,9443.0,9443.0,9443.0,9443.0,0.0,0.0,0.0,0,0,9443.0,9443.0,13.389371822919202,-13.389371822919202,-0.0014159074141781153,-0.0014169107582875805
FR--TR,FR,TR,2605.2100576102166,10,2597.7,2598.0,2597.75,2597.7,0.48304589153964794,0.23333333333333334,2597.0,2598.0,2597.25,2598.0,0.75,0.0,0.0001859513768101197,0,0,2597.4,2597.9,7.510057610216791,-7.510057610216791,-0.0028827071307661986,-0.0028868701333701753
FR--TZ,FR,TZ,6910.826312650359,10,6694.9,6714.0,6706.125,6702.432228766856,108.83979051799024,11846.099999999999,6455.0,6845.0,6653.0,6737.75,84.75,56.0,0.01625711967587122,1,0,6623.8875,6748.8125,215.92631265035925,-215.92631265035925,-0.03124464468960872,-0.031743170267520625
FR--UA,FR,UA,2030.3165458301612,10,2023.9,2024.0,2023.875,2023.888888888889,0.5676462121975467,0.32222222222222224,2023.0,2025.0,2024.0,2024.0,0.0,0.0,0.0002804714720082745,3,0,2023.5,2024.2,6.4165458301611125,-6.4165458301611125,-0.0031603672064532667,-0.003165371713728507
FR--US,FR,US,6177.576314828088,10,6165.1,6164.0,6164.875,6164.444780000001,2.8848262031225076,8.322222222222223,6162.0,6170.0,6163.25,6167.25,4.0,1.5,0.000467928533701401,0,0,6163.4,6166.8025,12.476314828087197,-12.476314828087197,-0.0020196132256820845,-0.002021655394530192
FR--VN,FR,VN,9212.23431863868,10,9190.0,9190.0,9190.0,9190.0,0.0,0.0,9190.0,9190.0,9190.0,9190.0,0.0,0.0,0.0,0,0,9190.0,9190.0,22.234318638680634,-22.234318638680634,-0.0024135641658283684,-0.0024164815068915863
FR--ZA,FR,ZA,8652.154951764032,10,8690.0,8690.0,8690.0,8690.0,0.0,0.0,8690.0,8690.0,8690.0,8690.0,0.0,0.0,0.0,0,0,8690.0,8690.0,37.845048235967624,37.845048235967624,0.004374060386915706,0.004364521989018974
GB--GH,GB,GH,5094.01108636096,10,5099.5,5100.0,5099.75,5099.75,1.0801234497346435,1.166666666666667,5097.0,5100.0,5100.0,5100.0,0.0,0.0,0.00021180967736731903,2,0,5098.8,5100.0,5.48891363904022,5.48891363904022,0.0010775229079765056,0.0010769427968524816
GB--GR,GB,GR,2394.3235623248843,10,2391.0,2391.0,2391.0,2391.0,0.0,0.0,2391.0,2391.0,2391.0,2391.0,0.0,0.0,0.0,0,0,2391.0,2391.0,3.3235623248842785,-3.3235623248842785,-0.0013881007467750537,-0.0013890650510876804
GB--IN,GB,IN,6724.002102971842,10,6710.0,6710.0,6710.0,6710.0,0.0,0.0,6710.0,6710.0,6710.0,6710.0,0.0,0.0,0.0,0,0,6710.0,6710.0,14.00210297184185,-14.00210297184185,-0.0020824060964605095,-0.0020845773188038603
GB--IT,GB,IT,1434.2026285343118,10,1434.3,1434.0,1434.25,1434.3,0.48304589153964794,0.23333333333333334,1434.0,1435.0,1434.0,1434.75,0.75,0.0,0.0003367816297424862,0,0,1434.1,1434.6,0.09737146568818389,0.09737146568818389,6.789240498582337e-05,6.789010040070671e-05
GB--JP,GB,JP,9584.855356731166,10,9559.8,9560.0,9559.875,9559.8,0.4216370213557839,0.17777777777777778,9559.0,9560.0,9560.0,9560.0,0.0,0.0,4.4105213640011706e-05,2,0,9559.5,9560.0,25.055356731167194,-25.055356731167194,-0.0026140568426597636,-0.0026174794551516696
GB--KE,GB,KE,6804.487905463708,10,6821.4,6819.0,6821.25,6819.666666666649,3.0983866769659336,9.600000000000001,6819.0,6825.0,6819.0,6825.0,6.0,0.0,0.0004542156561652936,0,0,6819.6,6823.2,16.91209453629199,16.91209453629199,0.002485432375111184,0.0024823487963596216
GB--KR,GB,KR,8880.920559408663,10,8857.4,8858.0,8857.625,8857.75,1.2649110640673518,1.6,8855.0,8858.0,8858.0,8858.0,0.0,0.0,0.00014280839344134303,2,0,8856.5,8858.0,23.520559408663757,-23.520559408663757,-0.002648437090651093,-0.0026519504047278785
GB--MA,GB,MA,2015.6973939359636,10,2077.8,2079.5,2078.375,2079.0058000000054,3.457680661303984,11.955555555555556,2070.0,2081.0,2075.75,2080.0,4.25,1.0,0.0016641065845143823,0,0,2075.4975,2079.6,62.102606064036536,62.102606064036536,0.030809488691539908,0.030344404925940753
GB--MX,GB,MX,8941.67963886513,10,8928.7,8929.0,8928.625,8928.666666666666,0.674948557710553,0.45555555555555566,8928.0,8930.0,8928.0,8929.0,1.0,0.5,7.559314992222304e-05,0,0,8928.3,8929.1,12.979638865128436,-12.979638865128436,-0.001451588447511837,-0.0014526430226852558
GB--MY,GB,MY,10548.649921719485,10,10579.9,10593.0,10580.625,10592.4,17.129895893826482,293.4333333333334,10560.0,10594.0,10560.0,10593.0,33.0,0.5,0.0016190980910808688,0,0,10569.9,10589.8,31.250078280514572,31.250078280514572,0.002962471834065818,0.002958092361625818
GB--NG,GB,NG,4755.038491838242,10,4900.6,4900.0,4900.75,4901.00000000004,6.8507907086214015,46.93333333333332,4890.0,4910.0,4900.0,4904.0,4.0,3.0,0.0013979493753053505,2,0,4897.0,4904.5,145.56150816175796,145.56150816175796,0.030612056750246322,0.03015285561150397
GB--NL,GB,NL,358.8427946807068,10,357.5,357.5,357.5,357.5,0.5270462766947299,0.2777777777777778,357.0,358.0,357.0,358.0,1.0,0.5,0.0014742553194258179,0,0,357.2,357.8,1.3427946807067883,-1.3427946807067883,-0.0037420137748664785,-0.003749032623635725
GB--NO,GB,NO,1156.4942725896335,10,1153.0,1153.0,1153.0,1153.0,0.0,0.0,1153.0,1153.0,1153.0,1153.0,0.0,0.0,0.0,0,0,1153.0,1153.0,3.4942725896335105,-3.4942725896335105,-0.0030214352742180908,-0.0030260090249608356
GB--NZ,GB,NZ,18806.422712162086,10,18816.0,18816.0,18816.0,18816.0,0.0,0.0,18816.0,18816.0,18816.0,18816.0,0.0,0.0,0.0,0,0,18816.0,18816.0,9.5772878379139,9.5772878379139,0.0005092562250937964,0.0005091265981495214
GB--PE,GB,PE,10161.714666151413,10,10173.6,10189.5,10175.125,10189.166666666666,21.030137105275056,442.2666666666667,10145.0,10190.0,10150.5,10190.0,39.5,0.5,0.002067128362160401,0,0,10161.1975,10185.9,11.885333848587834,11.885333848587834,0.0011696189313578922,0.0011689354600177239
GB--PH,GB,PH,10748.092828515446,10,10741.0,10741.0,10741.0,10741.0,0.9428090415820634,0.8888888888888888,10740.0,10742.0,10740.0,10742.0,2.0,1.0,8.777665409012787e-05,0,0,10740.4,10741.5,7.0928285154459445,-7.0928285154459445,-0.0006599150778292659,-0.0006601329176266772
GB--PK,GB,PK,6053.923906825333,10,6049.2,6050.0,6050.0,6049.888888890545,2.5298221281347035,6.4,6042.0,6050.0,6050.0,6050.0,0.0,0.0,0.00041820771806762937,1,0,6047.6,6050.0,4.723906825332961,-4.723906825332961,-0.0007803049556019559,-0.0007806095519762123
GB--PL,GB,PL,1451.4527915116341,10,1450.0,1450.0,1450.0,1450.0,0.0,0.0,1450.0,1450.0,1450.0,1450.0,0.0,0.0,0.0,0,0,1450.0,1450.0,1.452791511634132,-1.452791511634132,-0.001000922331150091,-0.0010014235884142602
GB--PT,GB,PT,1584.9632431063264,10,1584.7,1585.0,1584.875,1585.3333333333185,2.6687491868330793,7.122222222222222,1580.0,1588.0,1585.0,1586.0,1.0,1.0,0.0016840721820111561,3,0,1583.0,1586.1025,0.26324310632639936,-0.26324310632639936,-0.0001660878304095408,-0.00016610162452058256
GB--RU,GB,RU,2508.045616571664,10,2500.3,2500.0,2500.25,2500.3,0.48304589153964794,0.23333333333333334,2500.0,2501.0,2500.0,2500.75,0.75,0.0,0.00019319517319507575,0,0,2500.0,2500.6,7.745616571663959,-7.745616571663959,-0.0030883076928448034,-0.0030930863562392183
GB--SA,GB,SA,4954.835444629185,10,4937.3,4945.0,4938.5,4944.315542857006,15.513793146029045,240.67777777777775,4915.0,4950.0,4922.5,4947.25,24.75,4.0,0.003142161332313014,0,0,4927.6,4946.3,17.535444629184894,-17.535444629184894,-0.0035390569122113863,-0.0035453341889278263
GB--SE,GB,SE,1439.0693652990349,10,1432.1,1432.0,1432.0,1432.1,0.31622776601683794,0.1,1432.0,1433.0,1432.0,1432.0,0.0,0.0,0.00022081402556863204,1,0,1432.0,1432.3,6.969365299034962,-6.969365299034962,-0.004842966897281387,-0.004854732062372109
GB--SG,GB,SG,10859.201604289969,10,10850.1,10850.0,10849.875,10849.888888888889,1.1005049346146119,1.211111111111111,10849.0,10853.0,10850.0,10850.0,0.0,0.0,0.00010142809141064246,3,0,10849.6,10850.9,9.101604289968236,-9.101604289968236,-0.0008381467276906079,-0.0008384981690457976
GB--SN,GB,SN,4365.305947198292,10,4380.1,4380.0,4380.0,4380.0,14.50249020762373,210.32222222222217,4350.0,4411.0,4380.0,4380.0,0.0,0.0,0.0033109952301599802,4,0,4371.4,4389.3,14.794052801707949,14.794052801707949,0.0033890070892288672,0.00338327734647987
GB--TH,GB,TH,9543.363933383182,10,9536.6,9537.0,9536.75,9536.666666666666,0.699205898780101,0.4888888888888888,9535.0,9537.0,9536.25,9537.0,0.75,0.0,7.331815309230763e-05,1,0,9536.2,9536.9,6.763933383181211,-6.763933383181211,-0.0007087577745537526,-0.0007090090620868758
GB--TR,GB,TR,2839.1944811374397,10,2827.5,2827.5,2827.5,2827.5,4.249182927993988,18.055555555555557,2820.0,2835.0,2825.0,2830.0,5.0,2.5,0.0015028056332427897,0,0,2825.0,2830.0,11.694481137439652,-11.694481137439652,-0.004118943318301535,-0.004127449531105249
GB--TZ,GB,TZ,7248.407455210976,10,7438.1,7457.5,7446.0,7455.833333333038,82.50043770927657,6806.322222222223,7273.0,7540.0,7431.25,7478.75,47.5,25.0,0.011091601041835491,2,0,7390.3925,7481.5075,189.6925447890244,189.6925447890244,0.02617023752612747,0.025833656499538
GB--UA,GB,UA,2139.351912362843,10,2134.0,2134.0,2134.0,2134.0,0.0,0.0,2134.0,2134.0,2134.0,2134.0,0.0,0.0,0.0,0,0,2134.0,2134.0,5.351912362842995,-5.351912362842995,-0.0025016512392914293,-0.0025047855972244785
GB--US,GB,US,5912.468929291367,10,5900.0,5900.0,5900.0,5900.0,0.0,0.0,5900.0,5900.0,5900.0,5900.0,0.0,0.0,0.0,0,0,5900.0,5900.0,12.468929291367203,-12.468929291367203,-0.002108920899286934,-0.0021111478044287145
GB--VN,GB,VN,9249.152997948202,10,9230.8,9233.0,9231.5,9232.503480006333,5.116422361159972,26.177777777777784,9220.0,9236.0,9231.25,9233.0,1.75,1.0,0.0005542772415348586,3,0,9227.6,9233.4,18.352997948202756,-18.352997948202756,-0.00198428958330283,-0.0019862608940773747
GB--ZA,GB,ZA,8991.386014264714,10,9040.6,9042.5,9041.125,9043.499999999942,16.493769867572556,272.0444444444444,9012.0,9065.0,9040.0,9049.5,9.5,5.5,0.0018244109757729085,3,0,9030.8,9049.8025,49.21398573528677,49.21398573528677,0.005473459337326797,0.005458534394710783
GH--GR,GH,GR,4333.583803793776,10,4144.0,4156.0,4138.375,4134.92464998585,183.34787821091479,33616.44444444444,3910.0,4423.0,3977.5,4236.25,258.75,161.0,0.04424417910495048,0,0,4040.955,4255.7225,189.5838037937756,-189.5838037937756,-0.043747579919374606,-0.04473336304132556
GH--IN,GH,IN,8492.768279138134,10,8277.3,8236.5,8274.125,8274.82060000043,212.39274417403664,45110.677777777775,8015.0,8565.0,8100.0,8492.5,392.5,179.0,0.025659664887588543,0,0,8160.795,8409.3125,215.46827913813468,-215.46827913813468,-0.025370794546157205,-0.025698182416095314
GH--IT,GH,IT,4218.672595049595,10,4161.5,4148.5,4161.5,4161.499999997542,64.87637816990437,4208.944444444444,4075.0,4248.0,4111.25,4225.0,113.75,55.0,0.015589661941584614,0,0,4124.6875,4197.0075,57.17259504959475,-57.17259504959475,-0.013552271185178955,-0.013644941426270424
GH--JP,GH,JP,13827.443948540278,10,13582.3,13562.5,13567.25,13566.575742857432,68.24962352358517,4658.01111111111,13525.0,13760.0,13545.0,13592.5,47.5,27.0,0.005024894423152571,1,0,13551.1975,13624.91,245.14394854027887,-245.14394854027887,-0.017728797126395728,-0.017887834750984898
GH--KE,GH,KE,4185.899181902206,10,4286.2,4218.0,4259.625,4219.286933333671,148.82413185442144,22148.622222222217,4200.0,4585.0,4210.25,4232.5,22.25,8.0,0.03472169564052575,2,0,4213.595,4386.2074999999995,100.30081809779404,100.30081809779404,0.023961594328751643,0.023679020375637305
GH--KR,GH,KR,12769.069776916134,10,12394.0,12390.0,12393.75,12394.175500000267,34.944400282607674,1221.1111111111113,12340.0,12450.0,12376.25,12418.75,42.5,27.5,0.0028194610523323924,0,0,12373.0,12414.5,375.0697769161343,-375.0697769161343,-0.02937330467049242,-0.029813338443742326
GH--MA,GH,MA,3225.75627215081,10,3171.7,3170.0,3173.375,3173.3750000000714,11.499275339486978,132.23333333333335,3145.0,3185.0,3170.0,3180.0,10.0,7.5,0.0036255873315531035,1,0,3164.1949999999997,3177.705,54.0562721508104,-54.0562721508104,-0.016757705043464972,-0.016899704002437455
GH--MX,GH,MX,10742.674108313797,10,9755.6,9729.5,9724.875,9724.8750000001,210.10166851101187,44142.711111111115,9512.0,10245.0,9608.75,9819.25,210.5,132.5,0.021536519384867343,1,0,9647.8975,9890.2075,987.0741083137964,-987.0741083137964,-0.09188346387142993,-0.09638256486226686
GH--MY,GH,MY,11302.266760638768,10,10980.5,10995.0,10991.25,10988.814111114923,127.48529326945912,16252.499999999998,10750.0,11125.0,10898.75,11093.75,195.0,105.0,0.011610153751601395,0,0,10900.9875,11054.0,321.76676063876766,-321.76676063876766,-0.028469223692308466,-0.028882331502554752
GH--NG,GH,NG,940.6043456313404,10,915.8,915.0,915.125,915.1249999907168,3.794733192202055,14.399999999999999,912.0,925.0,913.25,917.25,4.0,2.0,0.004143626547501699,1,0,914.0,918.2,24.804345631340425,-24.804345631340425,-0.026370647495458435,-0.026724589340367956
GH--NL,GH,NL,5209.997387819868,10,5219.2,5221.0,5220.25,5221.666666666595,10.304260176149366,106.17777777777778,5200.0,5230.0,5220.0,5224.5,4.5,3.0,0.001974298776852653,2,0,5213.195,5224.8,9.202612180131837,9.202612180131837,0.0017663371965686695,0.00176477905755206
GH--NO,GH,NO,6102.669610187801,10,6108.1,6142.5,6141.375,6141.37500012799,122.96562301897407,15120.544444444446,5765.0,6185.0,6118.75,6165.0,46.25,27.5,0.020131566775097667,1,0,6025.49,6155.22,5.430389812199792,5.430389812199792,0.0008898384082818928,0.0008894427367904651
GH--NZ,GH,NZ,16013.257226333824,10,15699.5,15557.5,15662.5,15659.42587500932,443.2609590047129,196480.27777777778,15160.0,16535.0,15470.0,15943.75,473.75,347.5,0.028234081276773966,0,0,15463.475,15965.15,313.7572263338243,-313.7572263338243,-0.01959359185324583,-0.019788091092141583
GH--PE,GH,PE,8721.901447825489,10,8335.5,8282.5,8306.875,8286.027466665015,166.03898471276088,27568.94444444444,8150.0,8750.0,8262.0,8328.75,66.75,24.0,0.019919499095766405,3,0,8257.465,8455.5075,386.4014478254885,-386.4014478254885,-0.04430243223188731,-0.04531376768748799
GH--PH,GH,PH,13172.528062047224,10,13308.0,13302.5,13316.25,13316.250000013568,269.21903515332804,72478.88888888888,12835.0,13715.0,13127.5,13507.5,380.0,202.5,0.020229864378819358,0,0,13150.5,13477.5125,135.471937952776,135.471937952776,0.010284429633754104,0.010231904706296154
GH--PK,GH,PK,8135.24807147375,10,7147.8,7157.5,7136.625,7148.594785973231,137.1963718341139,18822.844444444443,6945.0,7440.0,7100.0,7191.0,91.0,52.5,0.019194209663688674,2,0,7068.9825,7234.3125,987.4480714737501,-987.4480714737501,-0.12137897490013083,-0.12940161749701892
GH--PL,GH,PL,5532.277420091532,10,5330.5,5322.5,5333.125,5322.5,83.4482540926478,6963.61111111111,5180.0,5460.0,5297.5,5347.5,50.0,27.5,0.015654864289025006,3,0,5279.9875,5379.0,201.7774200915319,-201.7774200915319,-0.03647275882419387,-0.037154518381772514
GH--PT,GH,PT,3782.929500075035,10,3809.3,3810.0,3809.125,3809.2999999999865,3.917198545446024,15.344444444444445,3805.0,3815.0,3805.25,3811.0,5.75,4.5,0.0010283250322752275,0,0,3807.1,3811.7,26.370499924965316,26.370499924965316,0.006970920268126132,0.006946735730706986
GH--RU,GH,RU,6496.545506137951,10,6209.5,6210.0,6204.375,6205.099428709715,62.691927532799454,3930.2777777777783,6120.0,6340.0,6172.5,6241.25,68.75,40.0,0.010096131336307183,0,0,6175.0,6247.5125,287.0455061379507,-287.0455061379507,-0.044184329328063585,-0.04519019762624121
GH--SA,GH,SA,5439.21139413924,10,5423.0,5441.5,5420.0,5422.054500016762,147.6512407292566,21800.888888888887,5185.0,5685.0,5310.0,5488.0,178.0,87.5,0.02722685611824758,0,0,5338.4775,5505.402499999999,16.21139413923993,-16.21139413923993,-0.0029804677488188334,-0.002984918187946452
GH--SE,GH,SE,6169.917069641088,10,6131.5,6130.0,6129.625,6128.66666666618,27.90957621398871,778.9444444444445,6095.0,6183.0,6112.75,6143.75,31.0,16.5,0.004551834985564497,0,0,6115.4,6147.1125,38.41706964108835,-38.41706964108835,-0.006226513129344721,-0.006245978706064945
GH--SG,GH,SG,11563.025739001863,10,11322.7,11333.5,11331.25,11331.25000000054,73.91744644459038,5463.788888888887,11155.0,11422.0,11295.0,11366.25,71.25,38.5,0.00652825266452263,1,0,11277.3775,11363.6,240.32573900186253,-240.32573900186253,-0.02078398374495081,-0.0210030108882238
GH--SN,GH,SN,2143.667997107388,10,2102.5,2100.0,2101.875,2100.4285714285716,4.249182927993988,18.055555555555557,2100.0,2110.0,2100.0,2103.75,3.75,0.0,0.0020210144722920273,2,0,2100.0,2105.0,41.167997107388146,-41.167997107388146,-0.01920446503980057,-0.019391266257331223
GH--TH,GH,TH,11025.064322158887,10,10976.8,10995.0,10979.75,10982.775071429021,223.11222885952859,49779.06666666666,10650.0,11280.0,10817.5,11147.5,330.0,182.5,0.02032579885390356,0,0,10846.08,11095.0625,48.26432215888781,-48.26432215888781,-0.004377690755226076,-0.004387300900485313
GH--TR,GH,TR,5045.437421948046,10,4889.3,4889.0,4889.125,4888.39592870553,40.68046214093444,1654.9,4820.0,4960.0,4863.75,4910.0,46.25,27.5,0.008320303957812865,0,0,4865.8,4914.3125,156.1374219480458,-156.1374219480458,-0.030946260728323745,-0.031435210144433706
GH--TZ,GH,TZ,4202.317885708757,10,4402.8,4417.5,4396.25,4396.249999992103,188.65771474639817,35591.733333333344,4148.0,4710.0,4256.25,4525.0,268.75,157.5,0.04284948549704692,0,0,4290.575000000001,4514.0025,200.4821142912433,200.4821142912433,0.04770750803337437,0.046604451556482955
GH--UA,GH,UA,5740.228417956023,10,5534.8,5553.5,5528.5,5542.203000001496,102.48555453764638,10503.28888888889,5380.0,5740.0,5474.5,5577.5,103.0,35.0,0.018516577751255037,1,0,5475.98,5599.4,205.4284179560227,-205.4284179560227,-0.035787498858655446,-0.0364435717956133
GH--US,GH,US,8483.047455588956,10,8265.6,8251.0,8252.625,8252.292842857034,48.813021942009605,2382.711111111111,8235.0,8400.0,8240.0,8263.75,23.75,11.5,0.00590556304950755,1,0,8245.2,8296.5025,217.44745558895556,-217.44745558895556,-0.025633176842090263,-0.02596743108942895
GH--VN,GH,VN,11449.241972047112,10,11100.0,11105.0,11106.25,11105.195571433778,132.45544324203684,17544.44444444444,10825.0,11325.0,11048.75,11165.0,116.25,65.0,0.011932922814597914,1,0,11017.4625,11179.5125,349.24197204711163,-349.24197204711163,-0.030503501707778786,-0.03097841617576134
GH--ZA,GH,ZA,4626.9652891296655,10,4690.8,4685.0,4687.875,4687.948055555427,19.11253224690253,365.288888888889,4670.0,4735.0,4681.25,4698.75,17.5,12.5,0.0040744717845362256,1,0,4681.0,4704.3025,63.834710870334675,63.834710870334675,0.013796237248700436,0.013701935517068314
GR--IN,GR,IN,5018.539102191491,10,4888.2,4825.5,4883.0,4836.525540000729,95.03075525557209,9030.844444444443,4803.0,5015.0,4813.25,4991.5,178.25,21.5,0.01944084842182646,0,0,4832.6975,4944.005,130.3391021914913,-130.3391021914913,-0.025971522695633662,-0.02631473828819313
GR--IT,GR,IT,1053.9826873522736,10,1051.0,1051.0,1051.0,1051.0,0.0,0.0,1051.0,1051.0,1051.0,1051.0,0.0,0.0,0.0,0,0,1051.0,1051.0,2.982687352273615,-2.982687352273615,-0.00282992063158691,-0.0028339324274743796
GR--JP,GR,JP,9529.986913901954,10,9499.3,9500.0,9499.75,9499.75,1.636391694484477,2.6777777777777776,9495.0,9500.0,9500.0,9500.0,0.0,0.0,0.00017226445048419117,2,0,9498.3,9500.0,30.68691390195454,-30.68691390195454,-0.0032200373598823867,-0.0032252328362652296
GR--KE,GR,KE,4550.99704740833,10,4333.0,4337.5,4339.375,4347.500000000409,182.2117205645979,33201.11111111111,4035.0,4580.0,4267.5,4447.5,180.0,112.5,0.042052093368243226,0,0,4232.5,4443.0125,217.99704740833022,-217.99704740833022,-0.047900942395133754,-0.04908619749786469
GR--KR,GR,KR,8536.453653913031,10,8491.0,8492.5,8490.625,8490.833333333512,11.737877907772672,137.77777777777777,8475.0,8510.0,8482.5,8495.0,12.5,7.5,0.0013823905202888555,0,0,8483.9875,8498.0,45.4536539130313,-45.4536539130313,-0.0053246530416288,-0.005338879529850251
GR--MA,GR,MA,2777.965823972774,10,2848.1,2847.5,2847.0,2847.5543571689345,13.118688958886098,172.10000000000002,2830.0,2875.0,2841.0,2855.0,14.0,7.5,0.004606119503839787,0,0,2840.5,2856.0,70.13417602722575,70.13417602722575,0.025246594260445843,0.024933163421988792
GR--MX,GR,MX,11298.129151635198,10,10771.0,10787.0,10775.625,10775.625000000486,42.56237253203298,1811.5555555555557,10680.0,10825.0,10747.75,10793.0,45.25,30.0,0.0039515711198619425,0,0,10746.8975,10793.4,527.1291516351976,-527.1291516351976,-0.0466563219945937,-0.04777981284059873
GR--MY,GR,MY,8741.0759144703,10,8359.1,8365.0,8345.125,8347.515899828259,98.55675184041596,9713.433333333334,8245.0,8585.0,8289.0,8386.25,97.25,49.5,0.011790354444906264,1,0,8304.6,8425.605,381.97591447030027,-381.97591447030027,-0.0436989585959279,-0.04468251863416376
GR--NG,GR,NG,3590.1434415502863,10,3435.6,3435.0,3439.5,3437.844385809409,37.232602201117594,1386.2666666666667,3355.0,3485.0,3420.0,3454.0,34.0,19.5,0.010837292525648386,1,0,3412.2975,3457.3025000000002,154.5434415502864,-154.5434415502864,-0.04304659244577477,-0.04400057465563018
GR--NL,GR,NL,2163.5846088708995,10,2164.4,2162.0,2162.375,2162.4444444427886,6.552353266829662,42.93333333333334,2162.0,2183.0,2162.0,2163.0,1.0,0.0,0.0030273300992559884,1,0,2162.1,2168.6,0.8153911291005898,0.8153911291005898,0.00037687046106605205,0.0003767994632312668
GR--NO,GR,NO,2606.9423466880603,10,2613.1,2613.0,2613.125,2613.0,1.1972189997378648,1.4333333333333336,2611.0,2615.0,2613.0,2613.0,0.0,0.0,0.00045816042238638584,4,0,2612.4,2613.8,6.157653311939612,6.157653311939612,0.002362021285112992,0.0023592360977563406
GR--NZ,GR,NZ,17522.839563811503,10,17651.1,17682.5,17660.625,17671.210333334606,73.63641912954637,5422.322222222222,17511.0,17715.0,17602.5,17713.25,110.75,32.5,0.004171775080847447,0,0,17606.094999999998,17691.9,128.26043618849508,128.26043618849508,0.007319614821640034,0.007292956448049178
GR--PE,GR,PE,11767.93414146203,10,11247.2,11195.0,11223.375,11212.942499999279,121.04893409049268,14652.844444444441,11140.0,11545.0,11176.25,11261.25,85.0,37.5,0.010762583940046649,1,0,11186.9875,11324.2,520.7341414620296,-520.7341414620296,-0.04425025966344628,-0.04525917809118284
GR--PH,GR,PH,9644.711437844597,10,9577.9,9587.5,9584.125,9585.08170000012,36.42175784396526,1326.544444444445,9493.0,9613.0,9564.0,9601.5,37.5,18.5,0.003802687211598081,1,0,9555.9,9596.8025,66.8114378445971,-66.8114378445971,-0.006927261460870428,-0.0069513663214926915
GR--PK,GR,PK,4438.915175919046,10,4281.8,4325.0,4297.25,4314.477071402518,162.57018996933806,26429.066666666666,4010.0,4430.0,4183.5,4412.5,229.0,97.5,0.03796772151182635,0,0,4182.4575,4367.02,157.11517591904612,-157.11517591904612,-0.03539494892161721,-0.036036534912310146
GR--PL,GR,PL,1599.730736035073,10,1598.0,1598.0,1598.0,1598.0,0.0,0.0,1598.0,1598.0,1598.0,1598.0,0.0,0.0,0.0,0,0,1598.0,1598.0,1.7307360350730505,-1.7307360350730505,-0.0010818920935173589,-0.0010824777612260122
GR--PT,GR,PT,2859.446251097273,10,2858.2,2860.0,2858.125,2859.110439993672,2.8205594401741574,7.955555555555556,2855.0,2862.0,2855.0,2860.0,5.0,1.0,0.0009868306767105723,0,0,2856.5,2859.9,1.2462510972732161,-1.2462510972732161,-0.00043583651792544954,-0.00043593152226586963
GR--RU,GR,RU,2231.411035554138,10,2228.2,2228.0,2228.375,2228.226088893797,1.813529401164726,3.28888888888889,2225.0,2230.0,2227.25,2230.0,2.75,2.0,0.0008138988426374321,0,0,2227.1,2229.2,3.211035554138107,-3.211035554138107,-0.0014390157182944529,-0.001440052095774803
GR--SA,GR,SA,2633.348280356521,10,2397.0,2408.0,2390.875,2403.5792142870255,82.19353854031215,6755.777777777778,2275.0,2568.0,2386.5,2417.25,30.75,17.5,0.03429017043817778,3,0,2350.8925,2443.7025,236.34828035652117,-236.34828035652117,-0.08975200208782208,-0.09403819142126478
GR--SE,GR,SE,2410.026741429502,10,2626.2,2626.5,2626.125,2626.1647333333317,1.1352924243950935,1.288888888888889,2625.0,2628.0,2625.0,2627.0,2.0,1.0,0.0004322947317017339,0,0,2625.6,2626.9,216.17325857049764,216.17325857049764,0.08969745225410858,0.08590009097292525
GR--SG,GR,SG,9057.615916728751,10,9051.7,9051.0,9051.75,9051.7,2.8303906287138374,8.011111111111111,9048.0,9055.0,9050.0,9054.75,4.75,3.0,0.0003126916080641026,0,0,9050.1,9053.202500000001,5.915916728750744,-5.915916728750744,-0.0006531428118766309,-0.0006533562025644805
GR--SN,GR,SN,4796.3210435787405,10,4696.5,4732.5,4707.5,4709.999999990231,115.10985091545284,13250.27777777778,4465.0,4840.0,4651.25,4747.5,96.25,80.0,0.024509709552954933,1,0,4631.0,4759.525,99.8210435787405,-99.8210435787405,-0.02081200208905527,-0.021031624334584945
GR--TH,GR,TH,7932.285448089226,10,7921.7,7922.0,7921.875,7922.0,1.2516655570345725,1.5666666666666667,7919.0,7923.0,7922.0,7922.0,0.0,0.0,0.00015800466529085583,4,0,7921.0,7922.3,10.585448089225793,-10.585448089225793,-0.0013344764454707914,-0.0013353676521136411
GR--TR,GR,TR,819.9324692614381,10,815.6,815.0,815.75,815.5,1.776388345929897,3.1555555555555554,812.0,818.0,815.0,816.75,1.75,0.5,0.002178014156363287,1,0,814.6,816.6,4.332469261438064,-4.332469261438064,-0.005283934255391272,-0.005297943607453943
GR--TZ,GR,TZ,5045.850144996306,10,4530.5,4510.0,4524.375,4521.029625013663,151.50082508026154,22952.500000000004,4360.0,4750.0,4400.0,4628.75,228.75,122.5,0.033440199774917016,0,0,4446.4625,4615.5,515.350144996306,-515.350144996306,-0.10213346218919137,-0.10773384331674773
GR--UA,GR,UA,1484.282875845914,10,1485.5,1485.0,1485.5,1485.4825999999982,3.4399612400917157,11.833333333333334,1481.0,1490.0,1482.75,1488.75,6.0,3.0,0.0023156925210984286,0,0,1483.4,1487.5,1.2171241540859228,1.2171241540859228,0.0008200082166900068,0.0008196721936342158
GR--US,GR,US,8271.005589450659,10,7651.7,7765.5,7662.0,7713.918266649965,286.49221435998726,82077.78888888888,7303.0,7918.0,7346.25,7909.75,563.5,151.0,0.03744164229648147,0,0,7474.255,7799.305,619.3055894506588,-619.3055894506588,-0.07487669821436932,-0.07782825112555557
GR--VN,GR,VN,7933.017363609639,10,7724.4,7822.0,7734.25,7771.72001470428,218.77192588528254,47861.15555555556,7425.0,7945.0,7493.0,7900.75,407.75,120.5,0.028322190187623966,0,0,7594.052500000001,7845.4,208.61736360963914,-208.61736360963914,-0.026297353711414947,-0.02664931323529336
GR--ZA,GR,ZA,7065.652015003433,10,7055.1,7041.0,7050.75,7052.666666663098,115.34243702028226,13303.87777777778,6870.0,7275.0,7006.75,7111.25,104.5,66.5,0.016348802571229643,1,0,6990.49,7123.8,10.552015003432643,-10.552015003432643,-0.001493424100284893,-0.0014945403695705718
IN--IT,IN,IT,5929.147771473219,10,5920.0,5920.0,5920.0,5920.0,0.0,0.0,5920.0,5920.0,5920.0,5920.0,0.0,0.0,0.0,0,0,5920.0,5920.0,9.147771473219109,-9.147771473219109,-0.0015428476107867616,-0.0015440390257672918
IN--JP,IN,JP,5855.550160203252,10,5832.9,5830.0,5832.375,5830.428571428572,4.677368680976279,21.87777777777778,5830.0,5840.0,5830.0,5836.75,6.75,0.0,0.0008018942003079566,0,0,5830.0,5835.6025,22.6501602032522,-22.6501602032522,-0.0038681523654586865,-0.00387565301550588
IN--KE,IN,KE,5427.9212039634995,10,5410.1,5410.0,5410.75,5410.5,3.9285281382896233,15.433333333333334,5400.0,5415.0,5410.0,5411.75,1.75,0.5,0.0007261470468733708,2,0,5407.4975,5412.0,17.8212039634991,-17.8212039634991,-0.003283246623124513,-0.0032886483039260726
IN--KR,IN,KR,4698.888249176968,10,4678.0,4685.0,4680.625,4684.75,14.757295747452437,217.77777777777777,4650.0,4685.0,4685.0,4685.0,0.0,0.0,0.00315461644879274,2,0,4667.5,4685.0,20.888249176968202,-20.888249176968202,-0.004445359853073091,-0.004455269845077273
IN--MA,IN,MA,7789.23277228102,10,7742.0,7690.0,7716.875,7692.809980000348,112.86570190570147,12738.666666666664,7660.0,8025.0,7684.0,7761.0,77.0,11.5,0.014578365009778025,1,0,7688.59,7826.045,47.23277228101961,-47.23277228101961,-0.006063854253926454,-0.006082314081099295
IN--MX,IN,MX,14673.684770062055,10,14452.6,14478.5,14456.0,14452.600000000037,149.5037717844529,22351.377777777776,14285.0,14593.0,14305.0,14593.0,288.0,114.5,0.010344420504577232,0,0,14365.885,14539.3175,221.0847700620543,-221.0847700620543,-0.0150667520480692,-0.015181408683161892
IN--MY,IN,MY,3828.30825419318,10,3870.0,3875.0,3870.625,3874.333333333351,6.666666666666667,44.44444444444445,3860.0,3875.0,3865.0,3875.0,10.0,0.0,0.0017226528854435831,0,0,3866.0,3874.0,41.69174580682011,41.69174580682011,0.0108903836991587,0.010831510519273975
IN--NG,IN,NG,7553.544289460008,10,7464.0,7442.5,7435.0,7440.833333333725,140.3923074815711,19710.000000000004,7320.0,7840.0,7422.5,7457.5,35.0,20.0,0.018809258772986483,3,0,7395.975,7556.5,89.54428946000826,-89.54428946000826,-0.01185460573587365,-0.011925431874904522
IN--NL,IN,NL,6368.270749342955,10,6366.1,6365.0,6365.625,6365.142857140514,4.201851443775179,17.655555555555555,6360.0,6376.0,6365.0,6365.0,0.0,0.0,0.0006600354131690012,3,0,6364.0,6368.8,2.1707493429548776,-2.1707493429548776,-0.00034086951205377757,-0.00034092762127141586
IN--NO,IN,NO,5995.942926158602,10,5968.1,5967.5,5967.0,5967.128255555556,7.922541679705237,62.76666666666667,5960.0,5985.0,5961.25,5970.75,9.5,5.5,0.0013274813893375172,0,0,5964.0,5973.3,27.842926158601585,-27.842926158601585,-0.004643627616455584,-0.004654442749129811
IN--NZ,IN,NZ,12641.150365211413,10,12052.5,11972.5,12025.625,12003.213499995456,212.2400370649547,45045.83333333334,11820.0,12500.0,11916.25,12128.75,212.5,92.5,0.0176096276345119,1,0,11941.4875,12185.525,588.6503652114134,-588.6503652114134,-0.04656620230002055,-0.047685287185887035
IN--PE,IN,PE,16782.759226615508,10,16939.4,16882.5,16922.375,16919.510356664672,206.87151138381094,42795.82222222222,16740.0,17275.0,16760.0,17120.5,360.5,137.5,0.012212446213195918,0,0,16821.8875,17062.629999999997,156.6407733844935,156.6407733844935,0.009333433869210222,0.009290146513306466
IN--PH,IN,PH,4759.988205994383,10,4763.7,4764.5,4764.0,4764.375,2.002775851439974,4.011111111111112,4760.0,4765.0,4764.0,4765.0,1.0,0.5,0.0004204244287927397,2,0,4762.4,4764.8,3.7117940056168663,3.7117940056168663,0.0007797905887545063,0.0007794867100376401
IN--PK,IN,PK,683.9640532615389,10,678.3,680.0,678.125,678.665659990504,2.9832867780352594,8.899999999999999,675.0,683.0,675.0,680.0,5.0,1.5,0.004398181893019696,0,0,676.7924999999999,679.9,5.664053261538925,-5.664053261538925,-0.008281214830705532,-0.00831569457832155
IN--PL,IN,PL,5273.3563545073075,10,5268.4,5270.0,5268.625,5268.844933333388,4.221637386396684,17.822222222222223,5260.0,5275.0,5265.5,5270.75,5.25,2.0,0.0008013129956716809,0,0,5265.6,5270.702499999999,4.9563545073078785,-4.9563545073078785,-0.0009398861321161281,-0.0009403281020427957
IN--PT,IN,PT,7792.049494202723,10,7609.7,7680.0,7600.0,7609.699999986545,223.63017586085192,50010.455555555556,7364.0,7933.0,7380.0,7688.75,308.75,251.5,0.02938751538968053,0,0,7492.1,7740.717500000001,182.34949420272278,-182.34949420272278,-0.023401993832096502,-0.023680168962330418
IN--RU,IN,RU,4347.028704133428,10,4340.0,4340.0,4340.0,4340.0,0.0,0.0,4340.0,4340.0,4340.0,4340.0,0.0,0.0,0.0,0,0,4340.0,4340.0,7.028704133427709,-7.028704133427709,-0.0016168984867167718,-0.001618207077837825
IN--SA,IN,SA,3053.56116017884,10,3034.0,3034.5,3033.625,3033.798142857197,6.765927710061479,45.77777777777777,3025.0,3046.0,3030.0,3038.75,8.75,5.0,0.002230035501009057,0,0,3030.1974999999998,3038.1,19.561160178840055,-19.561160178840055,-0.006406015518514914,-0.006426622087066038
IN--SE,IN,SE,5576.990338548147,10,5747.5,5747.5,5747.5,5747.5,173.4174475394881,30073.61111111111,5580.0,5915.0,5585.0,5910.0,325.0,162.5,0.03017267464801881,0,0,5648.4875,5846.5,170.5096614518534,170.5096614518534,0.0305737774500506,0.03011571262365194
IN--SG,IN,SG,4141.530296031338,10,4150.0,4150.0,4150.0,4150.0,0.0,0.0,4150.0,4150.0,4150.0,4150.0,0.0,0.0,0.0,0,0,4150.0,4150.0,8.469703968661634,8.469703968661634,0.002045066283054312,0.0020429779816616782
IN--SN,IN,SN,9687.105127662475,10,9549.5,9525.0,9540.0,9538.333333353985,202.2436649193245,40902.5,9260.0,9915.0,9440.0,9650.0,210.0,125.0,0.021178455931653437,0,0,9437.9,9678.5,137.60512766247484,-137.60512766247484,-0.014204979284216702,-0.014306835732153992
IN--TH,IN,TH,2916.5977506210074,10,2916.8,2915.0,2916.625,2915.666666666649,2.3944379994757297,5.733333333333334,2915.0,2920.0,2915.0,2919.5,4.5,0.0,0.0008209126438136758,0,0,2915.5,2918.1,0.20224937899274664,0.20224937899274664,6.934428271765736e-05,6.934187851413654e-05
IN--TR,IN,TR,4224.800548051528,10,4316.0,4275.0,4313.125,4297.006999993241,129.181181980108,16687.777777777777,4165.0,4490.0,4208.75,4447.5,238.75,85.0,0.029930765055632066,0,0,4243.475,4392.0125,91.19945194847242,91.19945194847242,0.021586688155144623,0.0213569952628316
IN--TZ,IN,TZ,5878.312198256734,10,5584.5,5585.0,5583.75,5596.552857139334,118.07365874270556,13941.388888888889,5380.0,5795.0,5575.0,5647.5,72.5,50.0,0.021143103007020426,3,0,5509.5,5650.0,293.8121982567336,-293.8121982567336,-0.049982407934009744,-0.05127477659480567
IN--UA,IN,UA,4584.987256027431,10,4568.8,4569.0,4570.375,4570.375000000008,12.994015716646047,168.84444444444446,4540.0,4585.0,4565.0,4578.75,13.75,7.5,0.0028440762818784026,1,0,4561.0,4575.5,16.18725602743052,-16.18725602743052,-0.0035304909530884153,-0.003536737843667724
IN--US,IN,US,12068.739151501237,10,12017.9,12035.0,12029.25,12033.999999999935,44.88367681512338,2014.544444444444,11900.0,12045.0,12028.0,12039.0,11.0,7.0,0.00373473542092407,2,0,11988.797499999999,12037.8,50.83915150123721,-50.83915150123721,-0.004212465847761181,-0.004221363277557593
IN--VN,IN,VN,3006.513807803295,10,3002.5,3003.0,3002.625,3002.8571428571427,1.35400640077266,1.833333333333333,3000.0,3004.0,3003.0,3003.0,0.0,0.0,0.00045095966720155205,3,0,3001.6,3003.2,4.013807803295094,-4.013807803295094,-0.0013350372091681087,-0.0013359291652944479
IN--ZA,IN,ZA,7970.766596356072,10,8034.5,8035.0,8035.0,8036.4826000177245,11.654755824698059,135.83333333333334,8015.0,8050.0,8035.0,8042.5,7.5,5.0,0.0014505888138276258,2,0,8027.5,8041.0,63.733403643927886,63.733403643927886,0.007995893854559026,0.00796409608389481
IT--JP,IT,JP,9880.684200947846,10,9855.4,9855.0,9855.375,9855.285714288057,0.9660917830792959,0.9333333333333333,9854.0,9857.0,9855.0,9855.75,0.75,0.0,9.802664357400977e-05,2,0,9854.9,9856.0,25.28420094784633,-25.28420094784633,-0.002558952440299715,-0.002562232155380248
IT--KE,IT,KE,5373.367125832121,10,5393.9,5400.0,5395.5,5395.645999999855,14.79076288318715,218.76666666666662,5365.0,5410.0,5382.5,5403.0,20.5,10.0,0.0027421277523104154,0,0,5384.8975,5402.005,20.532874167878617,20.532874167878617,0.003821230466306337,0.003813948110977868
IT--KR,IT,KR,8990.221254368656,10,8966.0,8966.0,8966.0,8966.0,0.0,0.0,8966.0,8966.0,8966.0,8966.0,0.0,0.0,0.0,0,0,8966.0,8966.0,24.221254368656446,-24.221254368656446,-0.002694177783098109,-0.0026978136119093243
IT--MA,IT,MA,1903.2092760976723,10,1713.4,1729.0,1727.125,1728.2119999990368,56.39976359288515,3180.9333333333334,1565.0,1752.0,1712.5,1748.75,36.25,20.0,0.03291686914490787,1,0,1676.9975,1739.7,189.80927609767218,-189.80927609767218,-0.09973116381970136,-0.10506185339484189
IT--MX,IT,MX,10254.982173131564,10,10247.0,10245.0,10246.875,10245.666666666648,2.581988897471611,6.666666666666666,10245.0,10250.0,10245.0,10250.0,5.0,0.0,0.00025197510466200946,0,0,10245.5,10248.5,7.9821731315641955,-7.9821731315641955,-0.0007783702591388005,-0.0007786733465553655
IT--MY,IT,MY,9712.850057099384,10,9613.5,9612.5,9611.875,9612.449988888899,13.583077707206124,184.49999999999997,9600.0,9640.0,9600.5,9622.25,21.75,11.5,0.0014129170132840406,0,0,9606.1975,9621.605,99.35005709938378,-99.35005709938378,-0.010228723445263745,-0.010281396329011875
IT--NG,IT,NG,3667.9438428379826,10,3741.8,3736.5,3736.0,3737.3844857136896,56.8053205645778,3226.8444444444453,3650.0,3880.0,3730.0,3748.75,18.75,11.0,0.01518128188694687,2,0,3709.495,3781.01,73.85615716201755,73.85615716201755,0.02013557467795721,0.019935534814522662
IT--NL,IT,NL,1294.6009270853822,10,1297.0,1297.0,1297.0,1297.0,0.0,0.0,1297.0,1297.0,1297.0,1297.0,0.0,0.0,0.0,0,0,1297.0,1297.0,2.3990729146178182,2.3990729146178182,0.0018531370281180042,0.001851422088048013
IT--NO,IT,NO,2008.243997050136,10,2003.1,2003.0,2002.625,2002.625,2.1832697191750423,4.766666666666668,2001.0,2009.0,2002.0,2003.0,1.0,0.5,0.00108994544414909,1,0,2002.1,2004.5,5.143997050136022,-5.143997050136022,-0.0025614402720445938,-0.0025647263728115744
IT--NZ,IT,NZ,18548.183630194897,10,18479.0,18505.0,18483.75,18503.326142909118,55.065617423417876,3032.2222222222226,18400.0,18520.0,18425.0,18520.0,95.0,15.0,0.0029799024526986242,0,0,18445.975,18508.0,69.18363019489698,-69.18363019489698,-0.0037299409782784224,-0.003736914554214268
IT--PE,IT,PE,10857.151296366306,10,10795.1,10872.5,10871.25,10871.25000000093,251.7739065113778,63390.100000000006,10080.0,10901.0,10855.0,10883.75,28.75,15.0,0.023322980473675814,1,0,10633.0975,10882.105,62.051296366305905,-62.051296366305905,-0.005715246538663725,-0.005731641055809141
IT--PH,IT,PH,10405.066890561595,10,10401.0,10400.0,10401.25,10400.1428571452,5.676462121975467,32.22222222222222,10390.0,10410.0,10400.0,10400.0,0.0,0.0,0.0005457611885372048,3,0,10397.975,10404.0,4.066890561594846,-4.066890561594846,-0.00039085674358171695,-0.000390933147988182
IT--PK,IT,PK,5309.570036872611,10,5289.1,5289.5,5288.625,5286.499999999522,29.034270937788136,842.9888888888888,5240.0,5342.0,5275.0,5295.0,20.0,14.5,0.005489453959612814,2,0,5272.9975,5306.3025,20.470036872610763,-20.470036872610763,-0.0038553097012480157,-0.0038627605641154282
IT--PL,IT,PL,1318.2845538649813,10,1316.0,1316.0,1316.0,1316.0,0.0,0.0,1316.0,1316.0,1316.0,1316.0,0.0,0.0,0.0,0,0,1316.0,1316.0,2.2845538649812624,-2.2845538649812624,-0.0017329747650333515,-0.001734478102883528
IT--PT,IT,PT,1866.7033208698376,10,1862.1,1862.5,1862.25,1862.2857142857142,1.1005049346146119,1.211111111111111,1860.0,1863.0,1861.25,1863.0,1.75,0.5,0.0005910020592957478,0,0,1861.4,1862.7,4.603320869837717,-4.603320869837717,-0.0024660163285576,-0.0024690619548971074
IT--RU,IT,RU,2380.4991270140295,10,2375.0,2375.0,2375.0,2375.0,0.0,0.0,2375.0,2375.0,2375.0,2375.0,0.0,0.0,0.0,0,0,2375.0,2375.0,5.499127014029455,-5.499127014029455,-0.0023100731067804527,-0.0023127454419794684
IT--SA,IT,SA,3687.31508886442,10,3668.9,3670.0,3669.25,3669.714285714286,3.9285281382896238,15.433333333333337,3660.0,3675.0,3669.25,3670.0,0.75,0.0,0.0010707645720214843,3,0,3666.4,3671.0,18.415088864419886,-18.415088864419886,-0.004994172838668683,-0.005006685397144089
IT--SE,IT,SE,1980.1731729298174,10,1975.4,1975.5,1975.5,1975.4444444444443,0.6992058987801011,0.488888888888889,1974.0,1976.0,1975.0,1976.0,1.0,0.5,0.0003539566157639471,0,0,1975.0,1975.8,4.773172929817292,-4.773172929817292,-0.0024104825754986967,-0.0024133924657224006
IT--SG,IT,SG,10029.704091564545,10,9524.6,9528.5,9525.125,9526.569140000007,9.57078889120432,91.60000000000001,9510.0,9535.0,9517.25,9530.0,12.75,5.5,0.0010048494310736743,0,0,9518.3,9529.9,505.10409156454443,-505.10409156454443,-0.05036081692473468,-0.051673173821801484
IT--SN,IT,SN,4165.994598971797,10,4170.4,4180.0,4174.25,4179.833333333308,25.85085427344069,668.2666666666668,4120.0,4190.0,4174.25,4185.0,10.75,5.5,0.0061986510342990336,2,0,4155.797500000001,4183.5,4.405401028202505,4.405401028202505,0.0010574668121964908,0.001056908088020582
IT--TH,IT,TH,8841.845377807338,10,8817.8,8815.0,8816.75,8815.2,5.513619500836089,30.400000000000006,8814.0,8830.0,8815.0,8818.75,3.75,0.5,0.0006252828937871227,2,0,8814.9,8821.4025,24.04537780733881,-24.04537780733881,-0.002719497659130265,-0.0027232022107598983
IT--TR,IT,TR,1726.7217900116748,10,1769.8,1828.5,1787.25,1802.4410749681842,222.02142038801372,49293.51111111112,1425.0,1975.0,1644.0,1965.0,321.0,144.5,0.12545000586959754,0,0,1639.49,1887.7125,43.07820998832517,43.07820998832517,0.024947973806500646,0.024641854040227458
IT--TZ,IT,TZ,5825.804280617088,10,5416.9,5425.0,5412.125,5419.980040145312,58.580334204881034,3431.6555555555547,5337.0,5535.0,5372.25,5439.25,67.0,23.0,0.010814365080559182,0,0,5381.889999999999,5451.702499999999,408.90428061708826,-408.90428061708826,-0.07018846856519798,-0.07277336774318784
IT--UA,IT,UA,1678.2650237565786,10,1671.9,1671.5,1672.0,1671.900000000004,2.9981475762358474,8.988888888888887,1668.0,1675.0,1670.0,1675.0,5.0,3.5,0.0017932577165116618,0,0,1670.1975,1673.6,6.365023756578466,-6.365023756578466,-0.0037926213479270313,-0.00379983157247921
IT--US,IT,US,7232.448171181223,10,7215.6,7215.0,7215.5,7215.5,0.8432740427115678,0.7111111111111111,7215.0,7217.0,7215.0,7216.0,1.0,0.0,0.00011686818043011915,0,0,7215.1,7216.1,16.848171181222824,-16.848171181222824,-0.0023295253256507106,-0.0023322428910173116
IT--VN,IT,VN,8746.234564268761,10,8726.7,8725.0,8727.125,8726.929233333336,6.532823109328598,42.67777777777778,8715.0,8735.0,8725.0,8732.75,7.75,6.5,0.0007486017749353819,0,0,8722.9975,8730.2,19.534564268760732,-19.534564268760732,-0.0022334827776705002,-0.0022359807204308086
IT--ZA,IT,ZA,7658.184796684193,10,7680.6,7728.5,7690.75,7728.017399999949,71.29469358467945,5082.933333333333,7550.0,7730.0,7628.75,7730.0,101.25,1.5,0.009282438036700185,0,0,7638.19,7717.76,22.415203315807048,22.415203315807048,0.002926960358218606,0.0029226851499612
JP--KE,JP,KE,11264.009284773352,10,11263.5,11260.0,11263.125,11262.068833333335,8.181958472422385,66.94444444444446,11250.0,11280.0,11260.0,11268.75,8.75,2.5,0.00072641350134704,0,0,11258.5,11268.0,0.5092847733521921,-0.5092847733521921,-4.521345468355051e-05,-4.521447684260953e-05
JP--KR,JP,KR,1158.5480184415178,10,1156.0,1157.0,1156.375,1156.7500000021394,2.1081851067789197,4.444444444444445,1152.0,1157.0,1157.0,1157.0,0.0,0.0,0.0018236895387360897,2,0,1154.5,1157.0,2.5480184415177973,-2.5480184415177973,-0.002199320529627593,-0.0022017425869287803
JP--MA,JP,MA,11544.941282910848,10,11415.0,11565.0,11470.625,11563.965857139638,327.0406023042943,106955.55555555558,10795.0,11590.0,11550.0,11578.75,28.75,15.0,0.028650074665290782,2,0,11184.4875,11573.0,129.9412829108478,-129.9412829108478,-0.011255257149136878,-0.01131907687940159
JP--MX,JP,MX,11318.783890147193,10,11298.7,11311.0,11303.25,11310.62500000214,25.66904750862408,658.9,11250.0,11311.0,11310.25,11311.0,0.75,0.0,0.0022718584889079344,2,0,11280.5,11311.0,20.083890147192506,-20.083890147192506,-0.0017743858653114833,-0.0017759619525782955
JP--MY,JP,MY,5316.516912091379,10,5338.6,5340.0,5339.0,5339.253728571434,3.0258148581093915,9.155555555555557,5332.0,5342.0,5338.0,5340.0,2.0,1.5,0.0005667805900628238,1,0,5336.6,5340.1025,22.083087908621565,22.083087908621565,0.004153675850893636,0.004145073153007892
JP--NG,JP,NG,12973.378381681048,10,13493.5,13555.0,13532.5,13550.788857142508,142.73226684951095,20372.500000000004,13110.0,13565.0,13521.25,13560.0,38.75,10.0,0.010577853547968351,2,0,13399.9875,13556.5,520.1216183189517,520.1216183189517,0.040091455210570684,0.039308646989459996
JP--NL,JP,NL,9314.952522971289,10,9292.4,9293.0,9292.375,9292.672466666667,1.837873166945363,3.3777777777777778,9290.0,9295.0,9290.5,9293.75,3.25,1.0,0.00019778239926664402,0,0,9291.3,9293.5,22.552522971289363,-22.552522971289363,-0.002421109814105155,-0.0024240454397430567
JP--NO,JP,NO,8428.362013784,10,8384.0,8385.0,8383.75,8384.006960012659,3.2998316455372216,10.888888888888888,8380.0,8390.0,8380.75,8385.0,4.25,2.0,0.00039358678978258847,0,0,8382.0975,8386.0,44.36201378400074,-44.36201378400074,-0.005263420544994359,-0.005277321140820085
JP--NZ,JP,NZ,9244.785239978763,10,9243.0,9277.5,9255.625,9280.833333333949,108.53058964590991,11778.888888888889,9040.0,9345.0,9262.5,9300.0,37.5,22.5,0.011741922497664169,2,0,9175.0,9298.5125,1.7852399787625473,-1.7852399787625473,-0.00019310778264943756,-0.0001931264303580479
JP--PE,JP,PE,15493.501413507556,10,15486.0,15485.0,15485.625,15485.25,2.1081851067789197,4.444444444444445,15485.0,15490.0,15485.0,15485.0,0.0,0.0,0.00013613490293031897,2,0,15485.0,15487.5,7.501413507556208,-7.501413507556208,-0.0004841651546251721,-0.0004842824004193495
JP--PH,JP,PH,2993.700049787857,10,2995.4,2995.0,2995.25,2995.249999997861,0.8432740427115679,0.7111111111111112,2995.0,2997.0,2995.0,2995.0,0.0,0.0,0.0002815230161953555,2,0,2995.0,2996.0,1.6999502121429941,1.6999502121429941,0.0005678425306047136,0.0005676813690417482
JP--PK,JP,PK,5982.697041375959,10,5830.0,5830.0,5830.0,5830.0,0.0,0.0,5830.0,5830.0,5830.0,5830.0,0.0,0.0,0.0,0,0,5830.0,5830.0,152.6970413759591,-152.6970413759591,-0.025523111118600172,-0.025854476189118458
JP--PL,JP,PL,8602.084790962797,10,8605.0,8615.0,8607.5,8614.333333333352,16.49915822768611,272.22222222222223,8575.0,8615.0,8602.5,8615.0,12.5,0.0,0.0019173920078659047,2,0,8594.5,8613.5,2.915209037202658,2.915209037202658,0.000338895640771331,0.0003388382286143951
JP--PT,JP,PT,11169.099580139571,10,11145.9,11150.0,11146.625,11149.57142857143,6.6072350915913045,43.65555555555555,11136.0,11150.0,11140.25,11150.0,9.75,0.0,0.0005927951167327272,0,0,11141.8,11150.0,23.19958013957148,-23.19958013957148,-0.0020771217924159266,-0.002079282001749803
JP--RU,JP,RU,7500.447385335149,10,7480.0,7480.0,7480.0,7480.0,0.0,0.0,7480.0,7480.0,7480.0,7480.0,0.0,0.0,0.0,0,0,7480.0,7480.0,20.447385335149193,-20.447385335149193,-0.002726155425758716,-0.002729878154826071
JP--SA,JP,SA,8708.898067343061,10,8680.7,8684.0,8681.5,8681.499999962882,11.508933728002589,132.45555555555558,8660.0,8695.0,8671.25,8689.0,17.75,8.0,0.001325807104035687,0,0,8673.9975,8686.9025,28.198067343060757,-28.198067343060757,-0.0032378456062999383,-0.003243098770740169
JP--SE,JP,SE,8189.5682624323,10,8185.0,8170.0,8170.0,8170.111111111111,47.43416490252569,2249.9999999999995,8170.0,8320.0,8170.0,8170.0,0.0,0.0,0.0057952553332346595,1,0,8170.0,8215.0,4.568262432299889,-4.568262432299889,-0.0005578148060937118,-0.0005579704426529618
JP--SG,JP,SG,5313.463059765426,10,5309.2,5312.0,5311.25,5311.333333333333,6.81175454637056,46.39999999999999,5290.0,5312.0,5310.0,5312.0,2.0,0.0,0.0012830095958657726,1,0,5304.6,5311.8,4.263059765426078,-4.263059765426078,-0.0008023128640352832,-0.0008026348892560524
JP--SN,JP,SN,13935.316154449201,10,14001.0,13925.0,13986.875,13942.409166661377,229.33236433903815,52593.333333333336,13715.0,14400.0,13860.0,14112.5,252.5,87.5,0.016379713187560756,0,0,13870.4875,14140.05,65.68384555079865,65.68384555079865,0.004713480829771302,0.004702407162383953
JP--TH,JP,TH,4607.791688159286,10,4603.0,4603.0,4603.0,4603.0,0.0,0.0,4603.0,4603.0,4603.0,4603.0,0.0,0.0,0.0,0,0,4603.0,4603.0,4.791688159286423,-4.791688159286423,-0.001039909892541301,-0.0010404509739834484
JP--TR,JP,TR,8787.214872935936,10,8756.2,8747.5,8754.0,8749.775333333266,23.322854790002776,543.9555555555554,8730.0,8800.0,8741.25,8773.5,32.25,10.0,0.0026635817809098437,0,0,8742.8,8770.2,31.014872935935273,-31.014872935935273,-0.0035295452978462054,-0.0035357888384197735
JP--TZ,JP,TZ,11676.47018662645,10,11393.5,11400.0,11388.75,11389.754714285873,90.64736314115511,8216.944444444447,11245.0,11580.0,11346.25,11430.0,83.75,45.0,0.00795605943223374,1,0,11339.975,11450.0125,282.9701866264495,-282.9701866264495,-0.024234223365769143,-0.024532704326292905
JP--UA,JP,UA,8224.583581872374,10,8195.1,8195.0,8195.125,8195.099999999993,3.956710193526379,15.655555555555557,8190.0,8200.0,8192.0,8198.75,6.75,4.5,0.0004828141442479505,0,0,8192.7,8197.2075,29.48358187237318,-29.48358187237318,-0.0035848115079476247,-0.0035912523421128616
JP--US,JP,US,10926.417792606868,10,10904.5,10900.0,10903.75,10900.42857142857,7.245688373094719,52.49999999999999,10900.0,10915.0,10900.0,10911.25,11.25,0.0,0.0006644677310371607,0,0,10900.0,10909.0,21.917792606867806,-21.917792606867806,-0.0020059449512994116,-0.0020079595534447927
JP--VN,JP,VN,3673.3588744790786,10,3724.4,3724.0,3724.375,3724.4,0.5163977794943223,0.2666666666666667,3724.0,3725.0,3724.0,3725.0,1.0,0.0,0.000138652609680572,0,0,3724.1,3724.7,51.04112552092147,51.04112552092147,0.01389494663195946,0.01379929687477589
JP--ZA,JP,ZA,13501.046885089567,10,13531.2,13530.5,13532.625,13532.625000000031,14.053864632588116,197.5111111111111,13501.0,13550.0,13526.25,13540.0,13.75,9.5,0.0010386266282804272,1,0,13522.8975,13539.0,30.153114910433942,30.153114910433942,0.0022333908745798643,0.0022309005643820746
KE--KR,KE,KR,10114.909688283768,10,10106.0,10100.0,10105.625,10103.671699973369,13.703203194062977,187.7777777777778,10090.0,10125.0,10095.0,10118.75,23.75,7.5,0.0013559472782567758,0,0,10098.0,10114.0,8.909688283767537,-8.909688283767537,-0.0008808470424691725,-0.0008812352161897932
KE--MA,KE,MA,6004.034142085109,10,5782.0,5805.0,5778.75,5780.888285716912,96.00925881277169,9217.77777777778,5650.0,5940.0,5700.0,5837.5,137.5,70.0,0.016604852786712504,0,0,5719.0,5838.0,222.03414208510912,-222.03414208510912,-0.036980826029746734,-0.03768195671737332
KE--MX,KE,MX,14829.575444959697,10,14328.9,14330.0,14329.875,14329.875000000113,23.454210709380096,550.1,14285.0,14365.0,14313.75,14345.5,31.75,20.0,0.0016368465624981747,0,0,14314.6975,14342.404999999999,500.6754449596974,-500.6754449596974,-0.03376195406388845,-0.03434505076261098
KE--MY,KE,MY,7236.589136086184,10,7343.4,7355.0,7343.5,7343.003656949012,66.86669990029085,4471.155555555557,7254.0,7432.0,7279.0,7383.0,104.0,56.0,0.00910568672553461,0,0,7305.384999999999,7382.81,106.81086391381541,106.81086391381541,0.014759835318159666,0.014651969045809529
KE--NG,KE,NG,3444.024949628264,10,3485.0,3482.5,3485.0,3484.6304285539986,7.0710678118654755,50.00000000000001,3475.0,3495.0,3480.0,3490.0,10.0,5.0,0.0020290008068480562,0,0,3481.0,3489.0125,40.97505037173596,40.97505037173596,0.011897431340083255,0.011827213298021352
KE--NL,KE,NL,6651.25998464762,10,6672.7,6673.5,6674.0,6673.729699999981,9.463966751139116,89.56666666666668,6650.0,6685.0,6670.0,6678.75,8.75,3.5,0.001418311440816928,1,0,6666.8949999999995,6677.2,21.440015352380215,21.440015352380215,0.003223451707175463,0.0032182675243756266
KE--NO,KE,NO,7154.024015085028,10,7117.5,7125.0,7120.625,7123.276428570018,69.17168656482377,4784.722222222222,6970.0,7240.0,7102.5,7145.0,42.5,25.0,0.009718536925159645,2,0,7074.0,7156.5125,36.52401508502771,-36.52401508502771,-0.0051053805533798746,-0.005118457536314695
KE--NZ,KE,NZ,13676.249196022416,10,13696.3,13742.5,13729.75,13731.35578650419,414.8657212480523,172113.56666666662,12750.0,14375.0,13583.25,13865.0,281.75,157.5,0.030290350039649562,2,0,13440.0425,13929.025,20.0508039775832,20.0508039775832,0.0014661040238587312,0.0014650303426452253
KE--PE,KE,PE,12580.253595968305,10,12907.8,12901.5,12907.25,12907.800000000094,46.45858370635075,2158.3999999999996,12845.0,12975.0,12877.5,12950.0,72.5,48.5,0.003599264298048525,0,0,12881.3975,12935.0,327.5464040316947,327.5464040316947,0.026036550180249637,0.025703370071417906
KE--PH,KE,PH,9425.033674849916,10,9248.7,9181.0,9197.75,9197.054166667325,232.9000978006569,54242.455555555556,9035.0,9870.0,9130.0,9280.0,150.0,62.5,0.025181928033200005,1,0,9136.4875,9414.05,176.33367484991504,-176.33367484991504,-0.018709076373960326,-0.018886305149018425
KE--PK,KE,PK,5427.814219869003,10,5150.4,5180.0,5173.75,5177.623300023002,82.39363513713369,6788.711111111111,4920.0,5194.0,5170.5,5184.0,13.5,6.5,0.015997521578349973,2,0,5095.295,5183.0,277.4142198690033,-277.4142198690033,-0.0511097485344107,-0.052462133566010385
KE--PL,KE,PL,6115.97738809343,10,6208.0,6162.5,6195.625,6174.825999995104,124.12359431899588,15406.666666666668,6065.0,6450.0,6140.0,6288.75,148.75,50.0,0.019994135682827947,0,0,6143.9875,6291.0,92.02261190657009,92.02261190657009,0.015046264246450534,0.014934191993364468
KE--PT,KE,PT,6454.518927958417,10,6236.1,6141.0,6217.0,6143.233966663987,186.01759176068387,34602.544444444444,6085.0,6540.0,6115.0,6397.5,282.5,31.5,0.029829154721810726,0,0,6146.665,6347.0599999999995,218.41892795841704,-218.41892795841704,-0.033839691291679824,-0.03442550749416062
KE--RU,KE,RU,6323.293987631122,10,6377.0,6350.0,6372.5,6354.447800000182,43.21779468896785,1867.7777777777776,6340.0,6450.0,6350.0,6400.0,50.0,5.0,0.006777135751759111,0,0,6355.0,6406.0,53.706012368877964,53.706012368877964,0.00849336002310367,0.008457494377667034
KE--SA,KE,SA,3062.992722793242,10,3047.3,3092.5,3069.375,3091.6666666708907,144.08566124975022,20760.67777777777,2738.0,3180.0,3050.0,3126.25,76.25,45.0,0.04728305754266079,2,0,2961.3675000000003,3121.0125,15.692722793241956,-15.692722793241956,-0.005123330093625314,-0.005136499348800391
KE--SE,KE,SE,6920.326031054763,10,6978.5,6972.5,6975.625,6974.0015002079945,55.43013620766234,3072.5,6910.0,7070.0,6931.25,7018.75,87.5,42.5,0.007942987204651765,0,0,6948.5,7011.5125,58.17396894523699,58.17396894523699,0.008406246856605164,0.008371111132555984
KE--SG,KE,SG,7467.562130900984,10,7399.3,7401.5,7404.75,7403.260857142985,35.71196500396533,1275.3444444444447,7310.0,7445.0,7394.25,7413.0,18.75,10.0,0.004826397767892278,2,0,7377.797500000001,7416.6025,68.26213090098372,-68.26213090098372,-0.009141153391749242,-0.009183190106556173
KE--SN,KE,SN,6234.6746306605155,10,5792.7,5791.0,5794.0,5794.621142857501,25.069015847367357,628.4555555555556,5750.0,5825.0,5782.5,5815.0,32.5,20.0,0.004327691033087741,0,0,5777.2,5807.005,441.9746306605157,-441.9746306605157,-0.07088976680306601,-0.07352788929915861
KE--TH,KE,TH,7217.238507509993,10,7249.9,7243.0,7242.375,7242.374999958651,34.180728813502824,1168.3222222222223,7220.0,7340.0,7230.0,7253.75,23.75,13.0,0.0047146483142530005,1,0,7233.6,7273.2074999999995,32.66149249000682,32.66149249000682,0.004525483321081945,0.004515274110922913
KE--TR,KE,TR,4581.087860826578,10,4550.5,4602.5,4546.25,4549.534285715075,153.8298121662739,23663.611111111113,4315.0,4820.0,4430.0,4627.5,197.5,100.0,0.03380503508763299,0,0,4463.4875,4640.5125,30.587860826578435,-30.587860826578435,-0.006676986287064876,-0.006699377084356953
KE--TZ,KE,TZ,554.7964784891632,10,670.1,667.5,669.5,668.81013333315,11.855144218626968,140.54444444444442,650.0,695.0,665.0,674.25,9.25,4.0,0.017691604564433618,2,0,663.7,677.6,115.30352151083684,115.30352151083684,0.20783030531274194,0.18882561391049793
KE--UA,KE,UA,5762.3271818541925,10,5720.6,5755.0,5743.25,5745.42950000174,131.24379350404854,17224.933333333334,5415.0,5845.0,5673.25,5805.75,132.5,70.0,0.0229423126077769,1,0,5636.995,5786.320000000001,41.72718185419217,-41.72718185419217,-0.007241376710713824,-0.007267722743796259
KE--US,KE,US,12147.187581604869,10,12131.0,12134.0,12131.875,12133.268642831044,22.305953365762143,497.5555555555555,12085.0,12170.0,12125.75,12140.0,14.25,7.5,0.0018387563569171662,2,0,12117.1975,12143.702500000001,16.187581604868683,-16.187581604868683,-0.0013326197110335562,-0.0013335084383254664
KE--VN,KE,VN,7897.709339783662,10,8210.0,8165.0,8214.375,8192.637333333703,192.39715867617863,37016.66666666666,7925.0,8460.0,8073.75,8403.75,330.0,120.0,0.02343448948552724,0,0,8095.975,8322.025,312.29066021633844,312.29066021633844,0.03954192877714754,0.03878016302642657
KE--ZA,KE,ZA,2855.2050138214963,10,2915.0,2915.0,2915.0,2915.0,0.4714045207910317,0.2222222222222222,2914.0,2916.0,2915.0,2915.0,0.0,0.0,0.00016171681673791824,2,0,2914.7,2915.2,59.79498617850368,59.79498617850368,0.020942449277389082,0.02072617057855877
KR--MA,KR,MA,10756.784508836095,10,10649.0,10677.5,10663.75,10657.924055555332,181.88518967255752,33082.222222222226,10350.0,10830.0,10490.0,10822.5,332.5,147.5,0.01708002532374472,0,0,10536.975,10757.5,107.78450883609548,-107.78450883609548,-0.01002014205523561,-0.010070681570813138
KR--MX,KR,MX,12067.859883839203,10,12095.6,12096.5,12095.75,12095.776100000003,4.765617600176404,22.711111111111112,12090.0,12100.0,12090.75,12100.0,9.25,3.5,0.0003939959654896329,0,0,12092.6,12098.3,27.740116160797697,27.740116160797697,0.0022986773485782807,0.002296039431508544
KR--MY,KR,MY,4601.299368792894,10,4611.6,4611.0,4611.375,4611.0639714285735,2.011080417199781,4.044444444444446,4610.0,4615.0,4610.0,4612.5,2.5,1.0,0.0004360916855754578,0,0,4610.5,4612.9,10.300631207106562,10.300631207106562,0.002238635303098923,0.0022361332924526437
KR--NG,KR,NG,11887.41498494817,10,11779.8,11822.5,11787.875,11793.31385713828,196.02539518020504,38425.955555555556,11465.0,12030.0,11651.25,11921.0,269.75,155.0,0.016640808433097766,0,0,11658.975,11885.324999999999,107.61498494816988,-107.61498494816988,-0.009052850016965997,-0.009094076061090984
KR--NL,KR,NL,8579.921511952483,10,8555.7,8553.0,8555.125,8553.160866666676,5.4984846397287805,30.233333333333338,8551.0,8565.0,8552.0,8558.5,6.5,1.0,0.0006426691725666843,0,0,8552.9,8559.3,24.221511952482615,-24.221511952482615,-0.002823045865715695,-0.0028270381751142994
KR--NO,KR,NO,7736.93982941218,10,7702.8,7704.5,7706.0,7705.795328571397,22.38451845956635,501.0666666666667,7650.0,7730.0,7696.5,7715.0,18.5,10.5,0.0029060235835756286,1,0,7688.1,7715.0,34.139829412180006,-34.139829412180006,-0.0044125752771653395,-0.004422339421388167
KR--NZ,KR,NZ,9994.193199560701,10,9737.1,9657.5,9721.375,9662.734733331252,140.2049690037173,19657.43333333333,9630.0,9970.0,9646.25,9847.5,201.25,17.0,0.014399047868843629,0,0,9665.8025,9827.147500000001,257.09319956070067,-257.09319956070067,-0.025724257519056295,-0.026060912242554152
KR--PE,KR,PE,16309.70237354757,10,16292.0,16295.0,16292.5,16293.146750000007,7.1492035298424055,51.11111111111111,16280.0,16300.0,16290.0,16295.0,5.0,5.0,0.0004388168137639581,2,0,16287.5,16295.5,17.70237354757046,-17.70237354757046,-0.0010853891225067135,-0.0010859785838488458
KR--PH,KR,PH,2612.8130222238005,10,2619.0,2620.0,2620.0,2619.8888888888887,3.1622776601683795,10.000000000000002,2610.0,2620.0,2620.0,2620.0,0.0,0.0,0.001207437060010836,1,0,2617.0,2620.0,6.1869777761994555,6.1869777761994555,0.0023679374389115816,0.0023651382929850864
KR--PK,KR,PK,4828.37891716201,10,4308.4,4310.0,4308.25,4308.249999968283,12.465062285354925,155.37777777777774,4290.0,4328.0,4300.0,4315.0,15.0,10.0,0.0028931998619800684,0,0,4300.9975,4315.5,519.9789171620105,-519.9789171620105,-0.10769223503022832,-0.11394417791758038
KR--PL,KR,PL,7760.66724715256,10,7696.6,7725.0,7725.0,7725.0,90.1605974543943,8128.933333333333,7440.0,7726.0,7725.0,7725.0,0.0,0.0,0.01171434106675601,2,0,7639.5,7725.3,64.0672471525595,-64.0672471525595,-0.008255378708070004,-0.008289643053949775
KR--PT,KR,PT,10442.178115737892,10,10415.8,10425.0,10419.375,10421.61786002307,19.6514065088934,386.1777777777778,10370.0,10433.0,10410.0,10429.25,19.25,6.5,0.001886691997627969,1,0,10401.89,10425.605,26.378115737892585,-26.378115737892585,-0.0025261124111775972,-0.0025293084165817375
KR--RU,KR,RU,6623.6510029551755,10,6601.0,6601.0,6601.0,6601.0,0.0,0.0,6601.0,6601.0,6601.0,6601.0,0.0,0.0,0.0,0,0,6601.0,6601.0,22.6510029551755,-22.6510029551755,-0.0034197156439959835,-0.003425576236393117
KR--SA,KR,SA,7561.8622427533055,10,7485.3,7483.5,7484.125,7484.124999944334,15.290156601189176,233.78888888888895,7465.0,7515.0,7473.25,7493.75,20.5,12.0,0.002042691221619598,0,0,7476.297500000001,7494.205,76.56224275330533,-76.56224275330533,-0.010124786764884082,-0.010176391035378665
KR--SE,KR,SE,7449.1900939572515,10,7416.9,7415.5,7416.25,7416.055975006961,3.4140233677518315,11.655555555555557,7414.0,7425.0,7415.0,7417.75,2.75,1.5,0.00046030327599830544,1,0,7415.1975,7419.3,32.290093957251884,-32.290093957251884,-0.004334712035801779,-0.004344134137943144
KR--SG,KR,SG,4664.185115043959,10,4651.0,4650.0,4650.0,4650.111111111111,3.1622776601683795,10.000000000000002,4650.0,4660.0,4650.0,4650.0,0.0,0.0,0.0006799134939084884,1,0,4650.0,4653.0,13.185115043958831,-13.185115043958831,-0.002826885022515785,-0.002830888208124651
KR--SN,KR,SN,13134.589981893088,10,13002.5,13040.0,13035.625,13036.552199998869,137.92610743115716,19023.611111111106,12620.0,13120.0,13015.0,13048.75,33.75,15.0,0.01060766063688961,2,0,12911.9875,13059.5,132.0899818930884,-132.0899818930884,-0.010056650574946252,-0.010107560293764454
KR--TH,KR,TH,3719.513508661133,10,3720.0,3720.0,3720.0,3720.0,0.0,0.0,3720.0,3720.0,3720.0,3720.0,0.0,0.0,0.0,0,0,3720.0,3720.0,0.4864913388669265,0.4864913388669265,0.00013079434655475757,0.00013078579371994048
KR--TR,KR,TR,7765.002447792769,10,7392.8,7392.0,7394.25,7394.117999999984,15.859101838096354,251.51111111111115,7360.0,7414.0,7386.25,7403.75,17.5,10.0,0.0021452091004891725,0,0,7383.0,7401.1025,372.2024477927689,-372.2024477927689,-0.04793333296354193,-0.04912021824300485
KR--TZ,KR,TZ,10537.870724122911,10,10311.5,10302.5,10311.25,10311.499999999249,138.66526441598688,19228.05555555556,10145.0,10480.0,10185.0,10443.75,258.75,125.0,0.013447632683507432,0,0,10227.4875,10395.525,226.37072412291127,-226.37072412291127,-0.02148163799397459,-0.021715726858584816
KR--UA,KR,UA,7313.668925959538,10,7233.8,7233.5,7233.375,7233.422274999994,4.157990967870047,17.28888888888889,7230.0,7241.0,7230.0,7235.0,5.0,3.5,0.0005748003771005622,0,0,7231.5,7236.3,79.86892595953759,-79.86892595953759,-0.01092050060894149,-0.010980566979237159
KR--US,KR,US,11188.89291648359,10,11152.7,11150.0,11152.125,11151.482599982292,13.275290329530778,176.23333333333338,11135.0,11175.0,11150.0,11157.5,7.5,5.0,0.001190320759056621,4,0,11145.5,11160.8,36.192916483589215,-36.192916483589215,-0.003234718283009881,-0.0032399612936898393
KR--VN,KR,VN,2740.7404572606933,10,2717.5,2707.5,2718.25,2716.8986200515074,22.177315737783356,491.8333333333333,2686.0,2743.0,2701.25,2741.75,40.5,14.5,0.008160925754474095,0,0,2704.295,2730.4025,23.240457260693347,-23.240457260693347,-0.008479627174884574,-0.008515783754698714
KR--ZA,KR,ZA,12439.33130876874,10,12422.5,12427.5,12425.625,12429.166666666686,31.024184114977142,962.5000000000001,12360.0,12460.0,12420.0,12440.0,20.0,12.5,0.0024974187252950002,2,0,12402.4875,12438.5125,16.8313087687402,-16.8313087687402,-0.0013530718292610684,-0.0013539880575236278
MA--MX,MA,MX,9030.70859335305,10,9035.1,9036.0,9037.625,9039.74195714299,45.15516458710884,2038.9888888888886,8946.0,9104.0,9025.0,9063.25,38.25,25.5,0.004997749287457675,1,0,9007.3975,9060.81,4.39140664694969,4.39140664694969,0.00048627486996778246,0.0004861566766580418
MA--MY,MA,MY,11510.602148512982,10,11300.1,11315.5,11290.125,11313.15916000025,113.51500145599944,12885.655555555555,11135.0,11545.0,11253.75,11325.0,71.25,17.0,0.010045486451978251,2,0,11235.1975,11368.6025,210.50214851298188,-210.50214851298188,-0.018287674771226108,-0.018456961377475073
MA--NG,MA,NG,3128.743164350726,10,3131.6,3130.0,3131.375,3130.6155142857324,14.99036727739221,224.71111111111114,3110.0,3155.0,3121.0,3138.75,17.75,11.0,0.004786807790711525,0,0,3122.6,3140.6,2.856835649273762,2.856835649273762,0.0009130936926446661,0.0009126770761862074
MA--NL,MA,NL,2242.2927982728406,10,2261.9,2289.0,2279.0,2287.448457141775,69.1704015055894,4784.544444444444,2081.0,2306.0,2280.0,2295.0,15.0,8.0,0.03058066294070887,2,0,2217.8250000000003,2292.0,19.607201727159463,19.607201727159463,0.008744264684015486,0.00870625501858768
MA--NO,MA,NO,3151.447797422512,10,3141.9,3138.0,3140.625,3139.152142979549,38.54996757456483,1486.1,3084.0,3210.0,3120.0,3164.25,44.25,25.0,0.012269635435425962,0,0,3119.4975,3164.7,9.547797422511849,-9.547797422511849,-0.003029654316444888,-0.0030342530097329113
MA--NZ,MA,NZ,19184.614067775434,10,19612.7,19555.0,19589.0,19558.15127995075,148.15011156106348,21948.455555555556,19450.0,19965.0,19550.0,19627.5,77.5,14.0,0.007553784617164566,2,0,19539.185,19715.2,428.08593222456693,428.08593222456693,0.0223140236604304,0.02206870844124878
MA--PE,MA,PE,8994.063367057093,10,8986.1,8975.0,8975.0,8976.666666667646,130.73250892141894,17090.98888888888,8810.0,9251.0,8926.25,9033.75,107.5,67.5,0.014548303370919414,1,0,8912.0,9062.202500000001,7.96336705709291,-7.96336705709291,-0.0008854025963682495,-0.000885794796767686
MA--PH,MA,PH,12306.704272957739,10,11821.1,11850.0,11816.5,11828.692933333292,148.65354949606075,22097.877777777783,11575.0,12104.0,11748.5,11887.5,139.0,62.0,0.0125752721401613,1,0,11737.1975,11906.9,485.60427295773843,-485.60427295773843,-0.03945851482145272,-0.04025810647402012
MA--PK,MA,PK,7189.637834826475,10,7310.0,7302.5,7308.75,7306.475000004132,179.93826101687705,32377.777777777774,7015.0,7615.0,7186.25,7395.0,208.75,125.0,0.024615357184251306,0,0,7203.0,7416.5375,120.36216517352477,120.36216517352477,0.01674106094614288,0.0166024739751969
MA--PL,MA,PL,3003.7613829081456,10,2954.4,2955.5,2953.5,2953.626114285713,45.75587393985607,2093.6,2871.0,3045.0,2929.0,2970.0,41.0,22.0,0.015487365942274598,1,0,2927.6875,2979.1025,49.361382908145515,-49.361382908145515,-0.01643319046213831,-0.016569713070902815
MA--PT,MA,PT,561.1139331622182,10,543.0,543.0,543.0,543.0,0.0,0.0,543.0,543.0,543.0,543.0,0.0,0.0,0.0,0,0,543.0,543.0,18.113933162218245,-18.113933162218245,-0.03228209476128175,-0.03281465438461601
MA--RU,MA,RU,4154.088683247983,10,4199.7,4209.0,4204.5,4206.46016666657,25.122146051287544,631.1222222222224,4137.0,4224.0,4192.5,4214.0,21.5,7.5,0.0059818906234463285,1,0,4184.675,4212.0,45.611316752017046,45.611316752017046,0.010979861103098705,0.010920020060604217
MA--SA,MA,SA,5250.266926333236,10,5082.7,5117.5,5091.5,5103.594333326763,113.98640269786567,12992.899999999998,4850.0,5245.0,5037.5,5145.0,107.5,45.0,0.022426348731553244,1,0,5011.74,5144.505,167.56692633323655,-167.56692633323655,-0.03191588707476718,-0.03243630196278062
MA--SE,MA,SE,3357.2928975060963,10,3476.0,3480.0,3477.5,3474.1666666686046,54.76211180085086,2998.888888888889,3380.0,3560.0,3441.25,3492.5,51.25,32.5,0.015754347468599213,0,0,3443.9875,3510.5375,118.70710249390368,118.70710249390368,0.03535798219514391,0.03474724343288608
MA--SG,MA,SG,11826.42016648286,10,11483.4,11479.0,11475.25,11475.250000001532,95.98055358595649,9212.266666666665,11352.0,11680.0,11422.0,11538.75,116.75,61.5,0.008358199974394038,0,0,11429.8,11543.015,343.0201664828601,-343.0201664828601,-0.029004564496618354,-0.029433511522271298
MA--SN,MA,SN,2391.787943560576,10,2296.8,2296.5,2297.25,2297.1437222222066,3.3598941782277745,11.288888888888891,2290.0,2300.0,2295.0,2300.0,5.0,2.5,0.0014628588376122318,0,0,2294.6,2298.5,94.98794356057579,-94.98794356057579,-0.039714199503477036,-0.04052432997619677
MA--TH,MA,TH,10705.56891983213,10,10259.9,10230.0,10263.125,10243.791857137952,140.74835700639636,19810.100000000002,10014.0,10480.0,10192.5,10306.25,113.75,55.0,0.013718297157515802,3,0,10183.6525,10338.5,445.668919832131,-445.668919832131,-0.04162963436782203,-0.042520972766599836
MA--TR,MA,TR,3564.835480066176,10,3438.6,3427.5,3433.125,3430.8333333335836,46.60042918257299,2171.6000000000004,3370.0,3551.0,3425.0,3440.0,15.0,12.5,0.013552151800899491,3,0,3414.585,3467.8025000000002,126.23548006617602,-126.23548006617602,-0.03541130601175251,-0.03605349234872884
MA--TZ,MA,TZ,6314.658277637436,10,6075.1,6051.5,6065.75,6062.999999998168,145.47351801769437,21162.54444444445,5855.0,6370.0,6027.5,6123.75,96.25,57.5,0.023945863939308712,2,0,5991.757500000001,6161.715,239.55827763743582,-239.55827763743582,-0.037936855345886436,-0.0386751915369811
MA--UA,MA,UA,3528.2254241343594,10,3666.7,3673.5,3668.5,3668.185088886608,73.16047809818875,5352.455555555555,3554.0,3765.0,3602.5,3731.25,128.75,67.0,0.01995267627517625,0,0,3623.3875000000003,3707.205,138.47457586564042,138.47457586564042,0.03924765546963734,0.03849704316503619
MA--US,MA,US,6156.291767126741,10,6139.7,6138.5,6139.75,6139.69999999996,13.515834335244636,182.6777777777778,6124.0,6155.0,6128.5,6152.5,24.0,13.5,0.002201383509820453,0,0,6131.8,6147.6,16.591767126741615,-16.591767126741615,-0.002695091096126737,-0.002698729392632249
MA--VN,MA,VN,10647.136952745917,10,10261.8,10244.0,10252.25,10250.088966663334,97.05760030918638,9420.177777777777,10135.0,10465.0,10195.0,10320.0,125.0,56.5,0.009458145774541151,0,0,10207.3,10322.515,385.3369527459181,-385.3369527459181,-0.03619160291223068,-0.03686276233432986
MA--ZA,MA,ZA,7578.285436291664,10,7626.5,7650.0,7633.75,7642.499999999666,106.5898160655552,11361.388888888889,7425.0,7770.0,7591.25,7687.5,96.25,57.5,0.013976242846070307,1,0,7561.425,7688.525,48.214563708335845,48.214563708335845,0.00636219948610553,0.006342046129571365
MX--MY,MX,MY,16634.32204066329,10,16596.9,16591.5,16597.5,16596.38214000003,10.918384088825192,119.21111111111112,16580.0,16609.0,16590.0,16609.0,19.0,6.5,0.0006578568340367895,0,0,16590.3,16603.3,37.4220406632885,-37.4220406632885,-0.002249688359514068,-0.002252222710084342
MX--NG,MX,NG,11398.49344176858,10,10162.2,10056.0,10132.75,10085.634599999976,216.83624133330562,47017.955555555556,9980.0,10580.0,10013.25,10207.0,193.75,63.0,0.021337529406359412,2,0,10051.3925,10295.56,1236.2934417685792,-1236.2934417685792,-0.1084611267343728,-0.11480623829349006
MX--NL,MX,NL,9230.824470291544,10,9215.3,9216.5,9215.625,9215.320055555547,9.274217547109359,86.01111111111113,9204.0,9224.0,9207.25,9224.0,16.75,7.5,0.0010063934486245006,0,0,9209.6,9220.6,15.524470291544276,-15.524470291544276,-0.0016818075505073444,-0.001683223376479755
MX--NO,MX,NO,9207.206656401106,10,9450.0,9451.0,9454.0,9458.262828196985,98.40957496323438,9684.444444444447,9293.0,9575.0,9400.0,9529.5,129.5,77.0,0.010413711636321097,0,0,9394.577500000001,9505.2275,242.79334359889435,242.79334359889435,0.02636992441459948,0.026028231877700772
MX--NZ,MX,NZ,11096.668791733968,10,11221.0,11142.5,11155.625,11155.625000008085,261.39115006697017,68325.33333333331,11032.0,11933.0,11100.0,11236.25,136.25,82.5,0.02329481775839677,1,0,11109.887499999999,11393.6075,124.33120826603226,124.33120826603226,0.01120437228500935,0.011142068258909954
MX--PE,MX,PE,4242.004305490678,10,4244.6,4245.0,4244.75,4244.75,0.8432740427115678,0.7111111111111111,4243.0,4245.0,4245.0,4245.0,0.0,0.0,0.00019866984938782635,2,0,4244.0,4245.0,2.5956945093221293,2.5956945093221293,0.0006119028464828212,0.000611715710271621
MX--PH,MX,PH,14235.182311520231,10,14223.7,14224.0,14223.375,14223.714285714286,4.029061098237818,16.233333333333334,14217.0,14233.0,14223.25,14224.0,0.75,0.0,0.00028326392557757955,3,0,14221.4,14226.2,11.482311520230724,-11.482311520230724,-0.000806614995786765,-0.0008069404847036926
MX--PK,MX,PK,14066.453084225219,10,14591.0,14395.0,14504.375,14411.861999991124,495.1756141904495,245198.88888888888,14150.0,15725.0,14321.25,14643.75,322.5,110.0,0.03393705806253509,2,0,14340.9375,14892.5375,524.5469157747812,524.5469157747812,0.03729063130797576,0.03661215160918561
MX--PL,MX,PL,10192.871677759145,10,10177.8,10175.0,10177.875,10176.241300000003,5.329165037789691,28.4,10170.0,10185.0,10175.0,10183.25,8.25,1.5,0.0005236067753138882,0,0,10174.8975,10181.0,15.071677759146041,-15.071677759146041,-0.0014786488278894412,-0.0014797431079044358
MX--PT,MX,PT,8683.463178335352,10,7990.6,7891.5,7981.625,7990.599999965836,545.2642988088946,297313.15555555554,7428.0,8625.0,7489.25,8537.75,1048.5,447.0,0.06823821725638808,0,0,7675.67,8322.44,692.8631783353521,-692.8631783353521,-0.07979111146161112,-0.08315458195250933
MX--RU,MX,RU,10735.215575427284,10,10728.0,10730.0,10728.125,10729.333333333352,2.581988897471611,6.666666666666666,10725.0,10730.0,10725.0,10730.0,5.0,0.0,0.0002406775631498519,0,0,10726.5,10729.5,7.215575427284421,-7.215575427284421,-0.0006721407107837446,-0.000672366698620668
MX--SA,MX,SA,13896.334176917055,10,13877.8,13874.0,13876.75,13873.666666666652,16.98888525543163,288.6222222222222,13854.0,13910.0,13870.5,13876.0,5.5,3.0,0.001224177121404807,3,0,13868.3975,13888.4025,18.534176917055447,-18.534176917055447,-0.0013337457692865669,-0.0013346359998239708
MX--SE,MX,SE,9597.983316257523,10,9569.4,9568.0,9569.25,9568.906200000001,4.501851470969102,20.26666666666667,9565.0,9575.0,9565.25,9574.25,9.0,3.0,0.0004704423966987588,0,0,9566.8,9572.0,28.58331625752362,-28.58331625752362,-0.0029780543803517383,-0.0029824976079395023
MX--SG,MX,SG,16619.715449178875,10,16582.2,16590.5,16588.625,16589.844933333334,25.275372290916792,638.8444444444443,16512.0,16601.0,16585.0,16592.0,7.0,2.0,0.0015242472223780193,1,0,16565.9975,16592.5,37.515449178874405,-37.515449178874405,-0.002257285889977612,-0.002259837400153942
MX--SN,MX,SN,8626.492575918614,10,9046.0,9038.5,9037.125,9037.124999999909,38.29418290608176,1466.4444444444443,9013.0,9150.0,9026.25,9045.0,18.75,10.0,0.004233272485748591,1,0,9028.6,9071.3,419.5074240813865,419.5074240813865,0.04863012636821451,0.04748467082962763
MX--TH,MX,TH,15755.522525889133,10,16266.9,16300.0,16303.625,16303.625,191.03429011567533,36494.10000000001,15750.0,16490.0,16294.0,16315.0,21.0,11.5,0.011743742822275624,2,0,16140.98,16358.4175,511.3774741108664,511.3774741108664,0.03245703043301687,0.03194142797301165
MX--TR,MX,TR,11768.795374105772,10,11551.4,11496.0,11536.125,11530.01162905647,190.56302544477686,36314.26666666667,11315.0,11910.0,11449.0,11637.5,188.5,139.0,0.016496963610019292,0,0,11447.895,11664.0775,217.39537410577213,-217.39537410577213,-0.01847218574163462,-0.0186449271461457
MX--TZ,MX,TZ,14938.231690550672,10,14539.3,14507.5,14531.625,14522.063499995424,187.29184000733545,35078.23333333334,14290.0,14850.0,14385.75,14646.25,260.5,132.5,0.012881764597149481,0,0,14432.8,14658.3125,398.931690550673,-398.931690550673,-0.02670541592971953,-0.027068484067091846
MX--UA,MX,UA,10833.717889250147,10,10813.3,10815.0,10812.375,10814.666666666666,7.73232752079792,59.788888888888906,10804.0,10830.0,10807.5,10815.0,7.5,0.0,0.000715075649505509,1,0,10808.6,10818.0,20.41788925014771,-20.41788925014771,-0.0018846613377672997,-0.00188643954651179
MX--US,MX,US,3030.093510534221,10,3023.7,3030.0,3030.5,3030.285714288057,23.147114050975965,535.7888888888889,2958.0,3035.0,3030.0,3030.75,0.75,0.0,0.007655228379460914,3,0,3008.8975,3031.8,6.39351053422115,-6.39351053422115,-0.0021100043652098185,-0.0021122335607138944
MX--VN,MX,VN,14772.36666926787,10,14562.2,14582.5,14564.625,14572.813200000503,116.94519134097723,13676.177777777775,14350.0,14755.0,14485.5,14630.0,144.5,54.0,0.00803073651927437,0,0,14490.9975,14631.9075,210.16666926787002,-210.16666926787002,-0.014227014125305762,-0.014329188337812384
MX--ZA,MX,ZA,14607.47105898857,10,14349.3,14337.5,14342.25,14336.333333333565,59.0142167428983,3482.677777777778,14285.0,14470.0,14330.0,14342.25,12.25,7.5,0.004112689590634965,4,0,14317.3,14386.0125,258.17105898857153,-258.17105898857153,-0.01767390521918634,-0.017831953673179038
MY--NG,MY,NG,10420.365898604718,10,9991.7,9951.5,9987.0,9984.637085726887,188.1046103753027,35383.34444444444,9741.0,10280.0,9837.5,10132.5,295.0,146.0,0.01882608668948254,0,0,9887.39,10108.814999999999,428.66589860471686,-428.66589860471686,-0.041137317324156056,-0.0420074023846148
MY--NL,MY,NL,10191.674131483782,10,10215.9,10210.0,10213.375,10210.444779990505,13.101738646284911,171.65555555555557,10207.0,10245.0,10210.0,10213.75,3.75,1.5,0.0012824850131936405,2,0,10209.4,10224.005,24.225868516217815,24.225868516217815,0.0023770254232697713,0.002374204767301357
MY--NO,MY,NO,9756.41766681565,10,9479.5,9503.0,9486.25,9481.481800004623,188.74100420064175,35623.16666666667,9220.0,9685.0,9304.25,9645.5,341.25,163.0,0.01991043875738612,0,0,9372.0525,9593.4125,276.9176668156506,-276.9176668156506,-0.028383129574036818,-0.0287937184540582
MY--NZ,MY,NZ,8841.078241919804,10,8628.5,8662.5,8635.0,8657.242833333301,84.62498974232663,7161.388888888888,8480.0,8725.0,8558.75,8682.5,123.75,27.5,0.009807613112629846,0,0,8576.475,8677.5,212.578241919804,-212.578241919804,-0.02404437966761433,-0.024338164573796797
MY--PE,MY,PE,19013.09740368873,10,19808.5,19767.5,19793.75,19772.54807151399,90.4633136200035,8183.611111111111,19750.0,19985.0,19753.75,19795.0,41.25,17.5,0.004566893688063382,2,0,19763.0,19864.5125,795.402596311269,795.402596311269,0.04183445650243989,0.040983059790890404
MY--PH,MY,PH,2466.062114353582,10,2479.0,2480.0,2479.375,2479.1763333333347,5.163977794943222,26.666666666666664,2470.0,2485.0,2475.0,2483.75,8.75,5.0,0.0020830890661328043,0,0,2476.0,2482.0,12.93788564641818,12.93788564641818,0.00524637460310262,0.005232660325776245
MY--PK,MY,PK,4494.739093847033,10,4426.7,4460.0,4434.375,4434.374999999885,80.3534552945782,6456.677777777777,4250.0,4542.0,4386.25,4460.0,73.75,47.5,0.018151999298479275,1,0,4373.4925,4470.1075,68.03909384703275,-68.03909384703275,-0.015137495731437063,-0.015253237128642669
MY--PL,MY,PL,9097.205754114833,10,9416.2,9415.0,9417.125,9415.333333333334,9.186947262284683,84.40000000000003,9395.0,9430.0,9415.0,9420.25,5.25,0.0,0.0009756533699671505,2,0,9410.5,9421.2,318.9942458851674,318.9942458851674,0.035065079817600084,0.03446430379134899
MY--PT,MY,PT,11578.724073923351,10,11190.0,11145.0,11159.375,11157.355000001222,118.48581724784148,14038.88888888889,11110.0,11515.0,11132.5,11191.25,58.75,25.0,0.010588544883631947,1,0,11138.4875,11272.0125,388.72407392335117,-388.72407392335117,-0.03357227199141946,-0.03414876015133685
MY--RU,MY,RU,8120.2776123462945,10,8162.2,8075.0,8146.5,8081.8743999985645,168.19155745756086,28288.399999999998,8035.0,8415.0,8043.5,8313.5,270.0,36.0,0.02060615489176458,0,0,8072.884999999999,8266.1,41.9223876537053,41.9223876537053,0.005162679117024933,0.005149398179725766
MY--SA,MY,SA,6341.828455301534,10,6355.2,6353.0,6355.0,6353.934340000011,7.598245411496875,57.73333333333332,6346.0,6366.0,6350.25,6362.0,11.75,4.5,0.001195595010620732,0,0,6350.8,6360.202499999999,13.371544698466096,13.371544698466096,0.0021084683688168794,0.00210624866894939
MY--SE,MY,SE,9341.491142366964,10,9292.4,9277.5,9281.75,9275.999999999733,55.03776481249539,3029.1555555555556,9245.0,9425.0,9262.5,9287.75,25.25,15.0,0.005922879429694739,2,0,9265.6,9327.0075,49.09114236696405,-49.09114236696405,-0.0052551719654604576,-0.005269028950198992
MY--SG,MY,SG,316.8988719686071,10,313.2,315.0,315.0,314.8888888888889,5.692099788303083,32.400000000000006,297.0,315.0,315.0,315.0,0.0,0.0,0.018174009541197585,1,0,309.6,315.0,3.6988719686071363,-3.6988719686071363,-0.011672089413349369,-0.011740742992342785
MY--SN,MY,SN,13043.639094479997,10,13094.0,13070.0,13092.5,13071.666666659852,167.312083644109,27993.33333333333,12835.0,13365.0,13010.0,13147.5,137.5,75.0,0.012777767194448527,2,0,13005.0,13195.0,50.36090552000314,50.36090552000314,0.0038609551487295926,0.0038535207910694817
MY--TH,MY,TH,1177.7394610704162,10,1185.0,1185.0,1185.0,1185.0,0.0,0.0,1185.0,1185.0,1185.0,1185.0,0.0,0.0,0.0,0,0,1185.0,1185.0,7.260538929583845,7.260538929583845,0.006164809085181653,0.006145884387923862
MY--TR,MY,TR,7987.759450740217,10,8036.9,8023.5,8039.0,8038.999999997441,109.11100362067572,11905.21111111111,7865.0,8192.0,7955.0,8126.25,171.25,85.0,0.013576254976505334,0,0,7973.679999999999,8101.215,49.14054925978235,49.14054925978235,0.0061519816117182324,0.006133135427598227
MY--TZ,MY,TZ,7402.73482591565,10,7586.3,7580.0,7570.25,7577.345222209066,212.84530115138136,45303.12222222223,7345.0,7956.0,7395.0,7719.25,324.25,195.0,0.028056536276100517,0,0,7469.9975,7722.1525,183.56517408435047,183.56517408435047,0.024796940374214357,0.02449448601261121
MY--UA,MY,UA,8411.290456319653,10,8412.9,8397.5,8406.0,8397.99999999984,74.88576485406139,5607.877777777777,8316.0,8565.0,8377.5,8419.75,42.25,24.0,0.008901302149563337,2,0,8374.4975,8459.8275,1.609543680346178,1.609543680346178,0.00019135514208011684,0.0001913368360200869
MY--US,MY,US,15344.127499182949,10,15402.4,15637.5,15442.25,15633.449333335991,403.0663579224752,162462.4888888889,14781.0,15705.0,15042.5,15653.75,611.25,20.0,0.026169061829486005,0,0,15153.065,15643.5125,58.27250081705097,58.27250081705097,0.003797707026362619,0.003790513942764479
MY--VN,MY,VN,2027.1201148112582,10,2045.1,2045.0,2044.75,2044.75,1.8529256146249726,3.4333333333333327,2043.0,2050.0,2044.25,2045.0,0.75,0.0,0.0009060317904381071,2,0,2044.2,2046.4,17.97988518874172,17.97988518874172,0.00886966936856418,0.008830564910181552
MY--ZA,MY,ZA,8519.437119588007,10,8518.0,8505.0,8520.0,8515.590000000702,86.41630504585218,7467.777777777777,8370.0,8650.0,8466.25,8573.75,107.5,50.0,0.010145140296531132,0,0,8471.975,8569.0,1.4371195880066807,-1.4371195880066807,-0.00016868715242964065,-0.00016870138170759817
NG--NL,NG,NL,4803.701354562851,10,4817.6,4816.5,4818.875,4819.333333333007,21.188046944759524,448.9333333333334,4780.0,4845.0,4811.25,4831.0,19.75,12.5,0.004398050262528961,1,0,4804.1,4830.1,13.898645437149753,13.898645437149753,0.0028933200487053523,0.0028891424543915946
NG--NO,NG,NO,5646.7717130159035,10,5423.8,5407.5,5429.75,5416.167299995042,112.31384598525686,12614.4,5215.0,5585.0,5378.25,5518.75,140.5,52.5,0.020707593566366176,0,0,5357.27,5492.515,222.97171301590333,-222.97171301590333,-0.03948658177591097,-0.04028732683040934
NG--NZ,NG,NZ,16223.187399540882,10,15488.5,15405.0,15460.625,15429.16666666378,310.97561533556507,96705.83333333333,15125.0,16075.0,15322.5,15566.25,243.75,142.5,0.020077839386355364,2,0,15314.5,15667.55,734.6873995408823,-734.6873995408823,-0.045286254879954975,-0.0463437267632134
NG--PE,NG,PE,9643.897366310626,10,8857.3,8755.0,8825.375,8803.499571424372,234.6737925054455,55071.78888888889,8635.0,9335.0,8695.0,8969.5,274.5,115.0,0.026494958114261176,0,0,8730.48,9000.849999999999,786.597366310627,-786.597366310627,-0.08156426146326234,-0.08508334026200869
NG--PH,NG,PH,12235.34688266842,10,11908.5,11910.0,11903.75,11902.499999998357,86.31499161662346,7450.277777777778,11780.0,12075.0,11853.75,11945.0,91.25,52.5,0.007248183366219378,0,0,11861.5,11962.5,326.8468826684202,-326.8468826684202,-0.026713331939236185,-0.027076617310446614
NG--PK,NG,PK,7205.476952378416,10,6750.5,6820.0,6757.5,6769.713357166305,226.95092470008186,51506.722222222226,6450.0,6995.0,6507.75,6937.25,429.5,167.5,0.03361986885417108,0,0,6615.6575,6878.6,454.9769523784162,-454.9769523784162,-0.06314321111362868,-0.0652248484608331
NG--PL,NG,PL,4940.545235260267,10,4934.0,4930.0,4932.5,4929.605571376373,26.225517683694594,687.7777777777778,4900.0,4980.0,4915.0,4942.5,27.5,15.0,0.005315265035203606,0,0,4920.5,4949.0125,6.5452352602669635,-6.5452352602669635,-0.001324800188763409,-0.0013256785123547461
NG--PT,NG,PT,3682.00110841764,10,3809.4,3812.0,3809.875,3810.2267142857,7.848566748139433,61.599999999999994,3795.0,3820.0,3805.0,3815.0,10.0,5.0,0.0020603157316478795,0,0,3805.0,3814.1025,127.39889158236019,127.39889158236019,0.034600449003425356,0.03401531257464269
NG--RU,NG,RU,5807.769283957347,10,5412.3,5420.0,5409.75,5413.326142857135,71.05248451360131,5048.455555555554,5310.0,5535.0,5361.25,5456.25,95.0,45.0,0.013127964915766182,0,0,5371.384999999999,5452.0125,395.4692839573472,-395.4692839573472,-0.06809314637372767,-0.07052241175220758
NG--SA,NG,SA,4500.0833361671885,10,4485.5,4465.0,4475.625,4468.742800002435,86.6413424539476,7506.722222222223,4385.0,4665.0,4425.0,4516.25,91.25,46.0,0.019315871687425615,1,0,4441.8724999999995,4541.7125,14.583336167188463,-14.583336167188463,-0.00324068135582782,-0.0032459437358596504
NG--SE,NG,SE,5648.083214797142,10,5487.0,5425.0,5472.5,5434.307833334179,141.89589297948143,20134.44444444445,5360.0,5730.0,5392.5,5553.75,161.25,47.5,0.02586037779833815,0,0,5407.0,5579.6,161.08321479714232,-161.08321479714232,-0.028519979021401125,-0.028934575503643315
NG--SG,NG,SG,10690.478531487915,10,10219.6,10255.0,10227.25,10234.642600006438,260.669735702308,67948.7111111111,9821.0,10557.0,9990.25,10427.25,437.0,197.0,0.025506843291548398,0,0,10064.147500000001,10361.4075,470.8785314879151,-470.8785314879151,-0.04404653450273358,-0.045046043373552745
NG--SN,NG,SN,2792.475346325268,10,2632.5,2630.0,2632.5,2632.5000000694145,16.029486718059456,256.9444444444445,2610.0,2655.0,2618.75,2647.5,28.75,15.0,0.006089073777040629,0,0,2623.5,2642.0125,159.97534632526822,-159.97534632526822,-0.05728800669119113,-0.05899445836456802
NG--TH,NG,TH,10098.775445297742,10,9852.0,9842.5,9828.75,9823.333333332406,179.074782640599,32067.77777777778,9640.0,10250.0,9730.0,9883.75,153.75,97.5,0.018176490320807856,1,0,9758.95,9955.5125,246.7754452977424,-246.7754452977424,-0.0244361751218706,-0.02473969319856328
NG--TR,NG,TR,4240.937563878063,10,4158.5,4157.5,4156.25,4156.666666665892,50.50027502675384,2550.2777777777774,4090.0,4245.0,4123.75,4185.0,61.25,32.5,0.012143867987676768,0,0,4130.0,4189.0,82.43756387806297,-82.43756387806297,-0.019438523353944206,-0.01962993602919807
NG--TZ,NG,TZ,3557.1927842916293,10,3493.8,3489.0,3489.125,3489.9492222221597,63.60433248695494,4045.5111111111114,3415.0,3610.0,3445.0,3536.25,91.25,55.0,0.018204915131648902,0,0,3456.0,3533.515,63.39278429162914,-63.39278429162914,-0.017821014529088287,-0.017981720972490924
NG--UA,NG,UA,5050.317778330715,10,4945.4,4867.5,4931.125,4870.885000004255,146.53190778803094,21471.600000000002,4835.0,5170.0,4846.25,5070.5,224.25,25.0,0.029629940507953038,0,0,4873.615,5038.407499999999,104.91777833071501,-104.91777833071501,-0.02077449042531212,-0.020993316118669947
NG--US,NG,US,8912.837189115719,10,8565.4,8561.0,8564.25,8562.049057142924,24.373026985675054,594.0444444444444,8525.0,8615.0,8554.75,8569.5,14.75,9.0,0.0028455211648813895,3,0,8552.695000000002,8580.11,347.43718911571887,-347.43718911571887,-0.038981660019550925,-0.039761785927090405
NG--VN,NG,VN,10509.155498205999,10,10268.0,10162.5,10253.75,10192.269199996912,195.39418847265875,38178.88888888889,10085.0,10565.0,10106.25,10453.75,347.5,70.0,0.019029430120048575,0,0,10160.975,10383.0,241.1554982059988,-241.1554982059988,-0.02294718145974394,-0.02321456643518803
NG--ZA,NG,ZA,4454.133473532923,10,4520.9,4522.0,4521.125,4521.684066666668,6.026792034094276,36.32222222222222,4510.0,4530.0,4516.25,4525.0,8.75,3.0,0.0013330956300945114,0,0,4517.1,4524.3,66.7665264670768,66.7665264670768,0.014989790239518581,0.014878553565838263
NL--NO,NL,NO,916.4123574186069,10,914.4,915.0,914.25,914.3294666666666,2.118699810942761,4.488888888888891,912.0,918.0,912.25,915.0,2.75,2.0,0.0023170382884325907,0,0,913.2,915.7,2.012357418606939,-2.012357418606939,-0.0021959082091335402,-0.0021983227509540415
NL--NZ,NL,NZ,18559.7377139544,10,18581.6,18580.0,18580.875,18580.333333333332,3.40587727318528,11.599999999999998,18579.0,18590.0,18580.0,18581.5,1.5,0.0,0.00018329300346500195,2,0,18579.9,18583.8,21.86228604559801,21.86228604559801,0.0011779415411221326,0.0011772483123202763
NL--PE,NL,PE,10520.554598873148,10,10515.4,10515.0,10515.0,10515.111111111111,1.2649110640673518,1.6,10515.0,10519.0,10515.0,10515.0,0.0,0.0,0.00012029129315740265,1,0,10515.0,10516.2,5.154598873148643,-5.154598873148643,-0.0004899550517708211,-0.0004900751189671843
NL--PH,NL,PH,10403.669642766034,10,10410.2,10410.0,10410.125,10410.2,0.4216370213557839,0.17777777777777778,10410.0,10411.0,10410.0,10410.0,0.0,0.0,4.050229787667709e-05,2,0,10410.0,10410.5,6.530357233967152,6.530357233967152,0.0006276974815812125,0.0006275005619167973
NL--PK,NL,PK,5697.10532452438,10,5617.9,5625.0,5612.375,5612.748899993527,142.52364326275443,20312.988888888885,5430.0,5850.0,5490.0,5703.0,213.0,114.5,0.02536955860067898,0,0,5533.9975,5698.5075,79.20532452438056,-79.20532452438056,-0.013902731301705919,-0.014000279449642633
NL--PL,NL,PL,1094.9218044055763,10,1095.0,1095.0,1095.0,1095.0,0.0,0.0,1095.0,1095.0,1095.0,1095.0,0.0,0.0,0.0,0,0,1095.0,1095.0,0.07819559442373247,0.07819559442373247,7.141660172361276e-05,7.141405167962594e-05
NL--PT,NL,PT,1863.734590183404,10,1863.7,1864.0,1863.75,1863.7,0.48304589153964794,0.23333333333333334,1863.0,1864.0,1863.25,1864.0,0.75,0.0,0.00025918650616496645,0,0,1863.4,1864.0,0.03459018340390685,-0.03459018340390685,-1.8559607996814044e-05,-1.8559780228448662e-05
NL--RU,NL,RU,2153.7587182460625,10,2155.6,2158.0,2155.75,2157.3565333333863,4.880801391392834,23.82222222222222,2150.0,2160.0,2150.0,2160.0,10.0,2.0,0.0022642426198704927,0,0,2152.6,2158.6,1.8412817539374373,1.8412817539374373,0.0008549155197091463,0.0008545502875830641
NL--SA,NL,SA,4668.278240051819,10,4736.1,4685.0,4732.625,4706.451300006166,110.78552853750048,12273.433333333334,4610.0,4890.0,4659.75,4850.75,191.0,51.5,0.023391720727497407,0,0,4677.985,4802.8125,67.82175994818135,67.82175994818135,0.014528217141450531,0.014423693737694145
NL--SE,NL,SE,1131.6300553848139,10,1125.0,1125.0,1125.0,1125.0,0.0,0.0,1125.0,1125.0,1125.0,1125.0,0.0,0.0,0.0,0,0,1125.0,1125.0,6.630055384813886,-6.630055384813886,-0.005858854095704729,-0.005876084514664223
NL--SG,NL,SG,10501.875707111722,10,10512.0,10512.0,10512.0,10512.0,0.0,0.0,10512.0,10512.0,10512.0,10512.0,0.0,0.0,0.0,0,0,10512.0,10512.0,10.124292888278433,10.124292888278433,0.0009640461542905525,0.000963581760237677
NL--SN,NL,SN,4622.391187616452,10,4649.8,4650.0,4650.0,4649.888888890545,0.6324555320336759,0.4,4648.0,4650.0,4650.0,4650.0,0.0,0.0,0.00013601779260047226,1,0,4649.4,4650.0,27.40881238354814,27.40881238354814,0.005929574385001708,0.005912063645533067
NL--TH,NL,TH,9184.527369269523,10,9180.2,9180.0,9180.0,9180.111111111111,0.6324555320336759,0.4,9180.0,9182.0,9180.0,9180.0,0.0,0.0,6.889343718368618e-05,1,0,9180.0,9180.6,4.327369269522023,-4.327369269522023,-0.00047115862314275994,-0.0004712696532433746
NL--TR,NL,TR,2538.4405504203605,10,2589.3,2594.0,2590.25,2592.385533333137,18.30634376991272,335.1222222222222,2557.0,2614.0,2580.25,2601.5,21.25,9.0,0.007069997207705835,0,0,2578.8,2599.2,50.85944957963966,50.85944957963966,0.02003570639903993,0.019837632957043
NL--TZ,NL,TZ,7113.778557184179,10,6986.7,6987.5,6989.375,6989.98921428936,99.44294846795322,9888.899999999998,6812.0,7140.0,6935.0,7055.0,120.0,67.5,0.0142331785346377,0,0,6924.5375,7045.0,127.07855718417886,-127.07855718417886,-0.017863721250620416,-0.018025203525741714
NL--UA,NL,UA,1785.0113835275376,10,1780.2,1780.5,1780.375,1780.6293499953595,1.8737959096740262,3.5111111111111115,1777.0,1782.0,1780.0,1781.75,1.75,1.0,0.0010525760643040254,2,0,1779.0,1781.2,4.8113835275376005,-4.8113835275376005,-0.002695435766930152,-0.0026990749949248128
NL--US,NL,US,6206.190650303078,10,6187.2,6187.5,6187.125,6187.1847857142875,3.7947331922020555,14.400000000000002,6182.0,6193.0,6184.25,6190.0,5.75,2.5,0.0006133199496059697,0,0,6185.1,6189.4,18.990650303077928,-18.990650303077928,-0.0030599527750812044,-0.003064644002975563
NL--VN,NL,VN,8893.9631609998,10,8292.5,8290.5,8291.625,8290.625,4.527692569068709,20.500000000000004,8290.0,8302.0,8290.0,8291.0,1.0,0.5,0.0005459985009428651,2,0,8290.3,8295.304999999998,601.4631609997996,-601.4631609997996,-0.06762600093029698,-0.070021258234987
NL--ZA,NL,ZA,8939.953838554835,10,9321.5,9250.0,9327.5,9321.500000001266,248.37303933129832,61689.16666666666,9000.0,9595.0,9133.75,9588.75,455.0,242.5,0.0266451793521749,0,0,9168.95,9472.5,381.5461614451651,381.5461614451651,0.04267876191929454,0.0417931342539007
NO--NZ,NO,NZ,17661.515954076174,10,17513.4,17550.0,17518.625,17521.29144999964,92.54332318793543,8564.266666666666,17365.0,17620.0,17434.25,17576.0,141.75,67.0,0.005284143752094706,0,0,17454.1,17562.1125,148.11595407617278,-148.11595407617278,-0.008386366972195752,-0.008421730400278533
NO--PE,NO,PE,11033.614836586856,10,10841.4,10851.0,10871.75,10871.135333335806,145.54052509333766,21182.04444444445,10470.0,10970.0,10833.0,10941.25,108.25,70.0,0.01342451390902814,1,0,10747.075,10912.904999999999,192.2148365868561,-192.2148365868561,-0.017420839809405196,-0.017574368315778157
NO--PH,NO,PH,9696.528062913647,10,9196.7,9187.5,9191.125,9188.167057142726,39.25146847925282,1540.6777777777777,9154.0,9284.0,9172.75,9206.5,33.75,19.0,0.00426799487634182,1,0,9176.4975,9221.7075,499.82806291364614,-499.82806291364614,-0.051547116624695875,-0.05292316572197699
NO--PK,NO,PK,5312.256150502484,10,5274.0,5277.5,5276.0,5275.538785714431,40.41176946275814,1633.111111111111,5197.0,5335.0,5250.0,5294.5,44.5,27.5,0.007662451547735711,0,0,5250.1975,5297.8,38.25615050248416,-38.25615050248416,-0.007201488297748129,-0.007227544184068049
NO--PL,NO,PL,1063.2419616955133,10,971.8,962.0,962.125,961.926085714186,31.371607829019187,984.1777777777779,960.0,1061.0,961.0,962.75,1.75,1.0,0.03228195907493228,1,0,961.3,991.9,91.44196169551333,-91.44196169551333,-0.08600296544889383,-0.08992795200687602
NO--PT,NO,PT,2741.1243604470806,10,2763.4,2763.5,2763.0,2763.0069600000174,5.168279318217149,26.711111111111116,2755.0,2775.0,2760.5,2764.75,4.25,2.0,0.001870261025626818,1,0,2760.4,2766.5,22.27563955291953,22.27563955291953,0.008126460759805275,0.008093618883074102
NO--RU,NO,RU,1648.9149949297591,10,1643.4,1644.0,1643.5,1643.5714285714287,1.1737877907772674,1.377777777777778,1641.0,1645.0,1643.0,1644.0,1.0,0.5,0.0007142435139206933,1,0,1642.6,1644.0025,5.514994929759041,-5.514994929759041,-0.0033446205212015615,-0.003350226267302638
NO--SA,NO,SA,4801.67564551418,10,4636.3,4625.0,4636.25,4636.300000001955,91.96019670367055,8456.677777777779,4515.0,4758.0,4560.0,4727.0,167.0,94.0,0.019834824472892296,0,0,4585.495,4692.6,165.37564551418018,-165.37564551418018,-0.03444123629397528,-0.03504831546901596
NO--SE,NO,SE,419.02432565533144,10,416.1,416.0,416.0,416.1,0.31622776601683794,0.1,416.0,417.0,416.0,416.0,0.0,0.0,0.0007599802115280893,1,0,416.0,416.3,2.9243256553314154,-2.9243256553314154,-0.006978892336997208,-0.007003358704669517
NO--SG,NO,SG,10056.000762360305,10,9668.6,9670.0,9668.875,9669.004971428576,4.087922591134905,16.71111111111112,9660.0,9675.0,9667.0,9670.75,3.75,2.0,0.00042280398311388465,1,0,9666.1,9670.9025,387.4007623603047,-387.4007623603047,-0.03852433701182174,-0.03928602577839902
NO--SN,NO,SN,5518.823019077122,10,5118.7,5107.5,5129.625,5129.624999994708,117.14573070420543,13723.12222222222,4870.0,5280.0,5084.25,5194.5,110.25,81.5,0.02288583638505977,1,0,5046.3,5185.6175,400.1230190771221,-400.1230190771221,-0.07250151303892187,-0.07526411581068802
NO--TH,NO,TH,8681.465564165668,10,8615.0,8649.5,8649.625,8649.270299999476,114.25604773684606,13054.444444444445,8291.0,8662.0,8640.75,8660.0,19.25,10.5,0.013262454757614167,1,0,8539.4925,8655.4025,66.46556416566818,-66.46556416566818,-0.0076560303873135106,-0.0076854882377441714
NO--TR,NO,TR,2704.0156611690363,10,2902.7,2915.0,2905.25,2912.7138333337803,43.56616934171641,1898.011111111111,2830.0,2955.0,2869.5,2932.5,63.0,22.5,0.01500884326376009,0,0,2873.895,2924.7124999999996,198.6843388309635,198.6843388309635,0.07347751038729769,0.07090338831501074
NO--TZ,NO,TZ,7652.737178326697,10,7498.5,7495.0,7490.625,7492.50000000362,143.08214423889515,20472.499999999996,7280.0,7780.0,7442.5,7538.75,96.25,50.0,0.01908143551895648,2,0,7415.9875,7582.0125,154.23717832669718,-154.23717832669718,-0.020154511350985893,-0.020360384391759138
NO--UA,NO,UA,1632.1575353448625,10,1633.4,1633.0,1633.25,1632.778257142879,4.6475800154489,21.6,1627.0,1641.0,1630.0,1634.75,4.75,3.0,0.0028453410159476555,0,0,1630.8,1636.2,1.24246465513761,1.24246465513761,0.0007612406451164573,0.0007609510484158235
NO--US,NO,US,6247.236504991629,10,6058.8,6057.0,6057.375,6059.01988567523,25.685274640021532,659.7333333333332,6014.0,6115.0,6057.0,6065.0,8.0,8.0,0.004239333637027387,3,0,6043.1,6074.7,188.43650499162868,-188.43650499162868,-0.030163177725233435,-0.030627446095033515
NO--VN,NO,VN,8283.764374187,10,8293.0,8310.0,8300.875,8309.453874999997,65.29590764784234,4263.555555555556,8172.0,8351.0,8282.75,8342.5,59.75,32.5,0.007873617225110617,2,0,8249.4925,8327.822499999998,9.235625813000297,9.235625813000297,0.0011149068703329356,0.0011142858232317215
NO--ZA,NO,ZA,9623.202914754816,10,9611.5,9642.5,9626.875,9636.552199946444,71.76543581542425,5150.277777777778,9430.0,9670.0,9600.0,9645.0,45.0,15.0,0.007466621840027493,1,0,9567.5,9647.0125,11.702914754816447,-11.702914754816447,-0.0012161143081450463,-0.0012168543752152407
NZ--PE,NZ,PE,10603.194453734135,10,10755.2,10755.0,10754.625,10755.333333333516,11.173381065928275,124.84444444444448,10740.0,10775.0,10750.0,10761.5,11.5,6.0,0.0010388817563530455,0,0,10749.0,10761.9,152.00554626586563,152.00554626586563,0.01433582557870885,0.01423403927168048
NZ--PH,NZ,PH,8297.851486247824,10,8447.0,8450.0,8450.625,8451.66666666678,28.69378562220979,823.3333333333334,8385.0,8480.0,8445.0,8460.0,15.0,10.0,0.003396920282018443,2,0,8428.5,8463.5,149.14851375217586,149.14851375217586,0.017974353240638535,0.01781472453065912
NZ--PK,NZ,PK,13275.521678301031,10,13301.5,13360.0,13273.75,13290.081142874837,483.3451147989395,233622.5,12675.0,14150.0,12898.75,13608.75,710.0,320.0,0.03633763972476334,0,0,13027.475,13599.5625,25.978321698969012,25.978321698969012,0.0019568588209554756,0.0019549466668703163
NZ--PL,NZ,PL,17691.173617194832,10,17727.8,17741.5,17729.125,17737.41089999989,47.36571662195254,2243.511111111111,17645.0,17800.0,17700.0,17750.0,50.0,17.5,0.0026718327498027133,0,0,17698.99,17753.7025,36.62638280516694,36.62638280516694,0.0020703195614771505,0.002068179403298924
NZ--PT,NZ,PT,19574.147927995775,10,19071.3,19114.0,19060.375,19071.29999999929,431.32613337628095,186042.2333333333,18600.0,19630.0,18640.0,19487.5,847.5,480.0,0.02261650403361496,0,0,18828.0825,19329.51,502.84792799577554,-502.84792799577554,-0.025689390406444263,-0.026025125157646548
NZ--RU,NZ,RU,16540.092712129524,10,16550.5,16540.0,16548.75,16540.428571428572,16.906606203887677,285.83333333333326,16540.0,16575.0,16540.0,16566.25,26.25,0.0,0.0010215163411309432,0,0,16540.0,16561.0,10.407287870475557,10.407287870475557,0.0006292158122453248,0.0006290179389751847
NZ--SA,NZ,SA,14909.574515612963,10,14755.4,14847.5,14769.875,14802.511166677928,202.52966860849466,41018.26666666667,14430.0,14965.0,14587.5,14922.25,334.75,102.5,0.013725799951780004,0,0,14622.3775,14870.91,154.17451561296366,-154.17451561296366,-0.01034063818866968,-0.010394474040709442
NZ--SE,NZ,SE,17431.595018365642,10,17427.1,17430.0,17427.625,17428.078885714287,5.933895104491746,35.2111111111111,17415.0,17435.0,17425.0,17430.0,5.0,3.0,0.00034049813821529376,1,0,17423.1,17430.2,4.495018365643773,-4.495018365643773,-0.00025786615400988236,-0.00025789940720330825
NZ--SG,NZ,SG,8524.39955416985,10,8431.6,8415.5,8427.0,8417.235500000024,29.383290792179455,863.377777777778,8410.0,8490.0,8415.0,8435.0,20.0,2.5,0.0034849009431400274,2,0,8416.59,8450.0025,92.79955416984922,-92.79955416984922,-0.010886344965429829,-0.010946034816957056
NZ--SN,NZ,SN,16831.97657147853,10,16565.0,16140.0,16485.0,16335.612500082765,1210.094119388148,1464327.7777777775,15125.0,18645.0,15743.75,16942.5,1198.75,687.5,0.0730512598483639,0,0,15854.875,17314.825,266.9765714785317,-266.9765714785317,-0.01586127275930971,-0.015988408898867126
NZ--TH,NZ,TH,9738.52130758697,10,9642.2,9622.5,9639.625,9640.26075000089,67.20747312944033,4516.844444444444,9565.0,9740.0,9588.0,9703.75,115.75,55.0,0.006970138882147261,0,0,9603.279999999999,9682.0025,96.32130758696985,-96.32130758696985,-0.009890752871478446,-0.009939991306814609
NZ--TR,NZ,TR,16822.326113303774,10,16791.3,16760.0,16763.75,16756.920875005322,225.31264697945582,50765.788888888885,16543.0,17260.0,16608.75,16857.5,248.75,147.5,0.013418415904632507,1,0,16661.785,16921.1125,31.026113303774764,-31.026113303774764,-0.0018443414480734661,-0.0018460443398934149
NZ--TZ,NZ,TZ,13304.17710041557,10,13173.6,12980.0,13150.125,13095.105699996184,358.32269751657594,128395.15555555558,12745.0,13790.0,12948.75,13383.25,434.5,157.5,0.027200059020812527,0,0,12969.9525,13396.112500000001,130.57710041557038,-130.57710041557038,-0.009814744604646887,-0.009863226697538594
NZ--UA,NZ,UA,17096.747525416675,10,17312.7,17290.5,17309.625,17293.878199999857,38.6926636744257,1497.1222222222223,17280.0,17370.0,17280.0,17349.5,69.5,10.5,0.002234929483813946,0,0,17290.7975,17335.7125,215.95247458332597,215.95247458332597,0.012631202178208623,0.012552094001714208
NZ--US,NZ,US,14074.670366616207,10,14241.6,14247.5,14262.0,14261.499857144798,171.4611715034437,29398.93333333333,13880.0,14440.0,14165.0,14380.0,215.0,115.0,0.01203945985728034,0,0,14139.4775,14333.212500000001,166.92963338379377,166.92963338379377,0.011860287241947431,0.011790505249623018
NZ--VN,NZ,VN,9897.357844060565,10,9576.9,9607.0,9583.625,9588.097399997294,140.80913007014533,19827.211111111104,9350.0,9750.0,9452.5,9672.5,220.0,103.0,0.014702996801694216,0,0,9496.3975,9647.0225,320.45784406056555,-320.45784406056555,-0.032378120414517826,-0.03291388828045989
NZ--ZA,NZ,ZA,11827.417766624114,10,11622.5,11650.0,11632.5,11646.358749999781,72.08212908435303,5195.833333333333,11485.0,11680.0,11626.25,11668.75,42.5,25.0,0.006201947006612435,2,0,11573.9875,11659.5125,204.91776662411394,-204.91776662411394,-0.017325655579899533,-0.017477501189621825
PE--PH,PE,PH,18061.562360216984,10,18128.0,18135.0,18128.75,18134.333333333332,9.189365834726814,84.44444444444444,18115.0,18135.0,18120.0,18135.0,15.0,0.0,0.0005069155910595109,0,0,18122.5,18133.5,66.4376397830165,66.4376397830165,0.0036783993797432674,0.0036716506134535946
PE--PK,PE,PK,16162.263423580987,10,16223.1,16230.0,16260.125,16251.810611108378,293.1618627614748,85943.8777777778,15620.0,16530.0,16104.5,16468.75,364.25,232.5,0.018070643881963052,0,0,16044.550000000001,16384.5025,60.836576419013,60.836576419013,0.0037641124157308014,0.0037570458718840867
PE--PL,PE,PL,11605.331422578916,10,11489.3,11459.0,11478.0,11471.687375000543,99.5635475462782,9912.9,11394.0,11675.0,11413.0,11541.25,128.25,57.5,0.00866576271367953,0,0,11435.0975,11550.314999999999,116.03142257891705,-116.03142257891705,-0.00999811365603661,-0.010048430457373926
PE--PT,PE,PT,8998.891148044428,10,9545.7,9527.0,9542.0,9538.017257142346,56.574532943523074,3200.6777777777775,9490.0,9631.0,9496.25,9601.25,105.0,36.0,0.0059267034312332325,0,0,9515.387499999999,9580.705,546.8088519555731,546.8088519555731,0.060764025584907934,0.05898942734133737
PE--RU,PE,RU,12642.025820968918,10,12640.0,12640.0,12640.625,12640.142857142857,4.08248290463863,16.666666666666668,12630.0,12645.0,12640.0,12640.0,0.0,0.0,0.00032298124245558785,3,0,12637.5,12642.0,2.0258209689181967,-2.0258209689181967,-0.00016024496371127745,-0.0001602578043072298
PE--SA,PE,SA,13973.306966781403,10,14188.3,14202.5,14190.875,14194.50000000004,167.84122788450335,28170.677777777786,13915.0,14441.0,14101.25,14272.75,171.5,98.5,0.01182955166471694,0,0,14088.1825,14290.5,214.99303321859588,214.99303321859588,0.015385980836869652,0.015268816893468042
PE--SE,PE,SE,11441.259792616573,10,11376.2,11398.5,11372.5,11380.00000000555,162.40470710200762,26375.288888888885,11142.0,11640.0,11267.0,11453.75,186.75,106.0,0.01427583086637081,0,0,11276.4925,11464.5025,65.05979261657194,-65.05979261657194,-0.005686418610873358,-0.005702647842562243
PE--SG,PE,SG,18810.963551971927,10,19362.5,19369.5,19363.0,19362.500000015214,391.86512702430895,153558.27777777778,18985.0,19736.0,18986.5,19734.5,748.0,366.5,0.020238353881177996,0,0,19138.094999999998,19586.7025,551.5364480280732,551.5364480280732,0.029319946663245562,0.028898338225181237
PE--SN,PE,SN,7204.605952041671,10,6577.0,6480.0,6506.875,6480.2452857178905,285.70769833675973,81628.8888888889,6380.0,7335.0,6436.25,6526.25,90.0,45.0,0.04344042851402763,2,0,6449.9875,6751.5375,627.6059520416711,-627.6059520416711,-0.08711176658645953,-0.09114182273336224
PE--TH,PE,TH,19698.995438807557,10,19745.7,19745.5,19745.25,19746.14130000888,7.242620765686656,52.45555555555556,19735.0,19760.0,19745.0,19749.0,4.0,2.5,0.00036679483460635255,3,0,19741.5,19750.6,46.70456119244409,46.70456119244409,0.0023709108079914996,0.0023681046335460444
PE--TR,PE,TR,12558.030392220066,10,12100.4,12149.5,12095.875,12097.679300004058,120.61527450718853,14548.044444444444,11955.0,12282.0,11977.5,12185.75,208.25,86.5,0.009967874988197789,0,0,12027.785,12166.3025,457.6303922200659,-457.6303922200659,-0.036441255350327585,-0.0371218229295708
PE--TZ,PE,TZ,12329.431436465999,10,11446.0,11457.5,11451.25,11451.249999996806,169.0463447302741,28576.666666666664,11135.0,11715.0,11346.25,11565.0,218.75,112.5,0.014769032389504987,0,0,11351.4875,11540.5,883.4314364659986,-883.4314364659986,-0.07165224455145011,-0.07434887991738261
PE--UA,PE,UA,12276.18489244182,10,11596.3,11603.0,11597.25,11600.155833333334,27.988291202651947,783.3444444444443,11545.0,11640.0,11578.75,11614.25,35.5,12.5,0.0024135535647277105,0,0,11579.5,11613.1025,679.8848924418198,-679.8848924418198,-0.05538242527288834,-0.05697511622304154
PE--US,PE,US,5639.750595100949,10,5628.8,5629.0,5628.875,5628.8,0.4216370213557839,0.17777777777777778,5628.0,5629.0,5629.0,5629.0,0.0,0.0,7.490708878549316e-05,2,0,5628.5,5629.0,10.950595100948703,-10.950595100948703,-0.0019416807385881738,-0.0019435682443182023
PE--VN,PE,VN,18964.769886212795,10,18910.0,18922.0,18910.25,18909.99999999999,87.47317048990253,7651.555555555555,18805.0,19013.0,18820.0,18993.5,173.5,89.5,0.004625762585399393,0,0,18861.3725,18963.2,54.76988621279452,-54.76988621279452,-0.002887980531343631,-0.0028921587935506463
PE--ZA,PE,ZA,10927.706572983134,10,9985.5,9905.0,9966.25,9950.23121428747,221.1893356882791,48924.72222222222,9700.0,10425.0,9847.5,10071.25,223.75,122.5,0.02215105259509079,1,0,9869.9875,10124.5625,942.2065729831338,-942.2065729831338,-0.08622180387901124,-0.09016741080628497
PH--PK,PH,PK,5243.043281285031,10,4807.7,4770.5,4769.625,4769.625000001331,135.31202623730252,18309.344444444447,4730.0,5190.0,4757.0,4782.5,25.5,14.5,0.028144856425588644,1,0,4757.597500000001,4894.21,435.3432812850315,-435.3432812850315,-0.08303255531744,-0.08668330933782362
PH--PL,PH,PL,9401.353126559421,10,9408.5,9407.5,9407.5,9407.118000000055,14.45491073803102,208.94444444444446,9390.0,9435.0,9396.25,9415.0,18.75,10.0,0.001536367193285967,0,0,9400.5975,9417.3025,7.146873440578929,7.146873440578929,0.0007601962551952821,0.0007599074523773723
PH--PT,PH,PT,12158.658514091412,10,11360.6,11360.0,11360.5,11360.142857142857,4.427188724235732,19.60000000000001,11352.0,11370.0,11360.0,11360.0,0.0,0.0,0.0003896967347002563,3,0,11357.8,11363.4,798.0585140914118,-798.0585140914118,-0.06563705306522861,-0.06789032208786883
PH--RU,PH,RU,8263.687185942246,10,8237.0,8232.5,8236.25,8233.30433333335,8.51143022320247,72.44444444444446,8230.0,8250.0,8230.0,8243.75,13.75,2.5,0.0010333167686296552,0,0,8232.5,8242.5,26.687185942246288,-26.687185942246288,-0.003229452584754798,-0.00323467852106227
PH--SA,PH,SA,7777.541785883041,10,7780.7,7785.0,7782.5,7784.8,8.340663442836346,69.56666666666665,7761.0,7786.0,7779.0,7785.0,6.0,0.5,0.0010719682602897357,1,0,7775.4,7784.6,3.1582141169592433,3.1582141169592433,0.0004060684216048437,0.00040598599813551097
PH--SE,PH,SE,9334.537508472053,10,9294.5,9299.0,9299.375,9299.208985657171,30.797727188868986,948.5,9225.0,9325.0,9282.75,9315.0,32.25,16.5,0.0033135431910128557,1,0,9275.99,9310.11,40.03750847205265,-40.03750847205265,-0.004289179665914299,-0.0042984045846902194
PH--SG,PH,SG,2390.7414869355152,10,2394.5,2395.0,2395.0,2394.8888888888887,1.5811388300841898,2.5000000000000004,2390.0,2395.0,2395.0,2395.0,0.0,0.0,0.0006603210816805971,1,0,2393.5,2395.0,3.7585130644847595,3.7585130644847595,0.0015721118678132249,0.00157087739360236
PH--SN,PH,SN,14418.882901521349,10,14447.2,14455.0,14454.375,14458.326142856786,134.87673384736647,18191.73333333333,14152.0,14685.0,14422.5,14502.5,80.0,45.0,0.009335839044753757,2,0,14365.38,14525.05,28.317098478652042,28.317098478652042,0.00196388989854854,0.0019619639878871837
PH--TH,PH,TH,2210.5386059799803,10,2208.0,2208.0,2208.0,2208.0,0.0,0.0,2208.0,2208.0,2208.0,2208.0,0.0,0.0,0.0,0,0,2208.0,2208.0,2.538605979980275,-2.538605979980275,-0.001148410605954948,-0.001149070534709379
PH--TR,PH,TR,8825.320128288235,10,8360.2,8355.0,8363.375,8363.3749999985,53.31624726312067,2842.6222222222227,8265.0,8430.0,8326.75,8407.5,80.75,42.5,0.0063773889695366934,0,0,8327.4925,8390.2075,465.1201282882339,-465.1201282882339,-0.05270291859412118,-0.05414252706614723
PH--TZ,PH,TZ,9678.483597737211,10,9440.0,9480.0,9441.25,9439.999999999845,150.037032465692,22511.111111111113,9230.0,9640.0,9323.75,9543.75,220.0,142.5,0.015893753439162286,0,0,9352.4875,9520.0,238.4835977372113,-238.4835977372113,-0.024640595329723736,-0.024949255733372606
PH--UA,PH,UA,8803.13834931306,10,8474.6,8482.5,8475.25,8474.59999999995,218.80849059292822,47877.15555555556,8230.0,8714.0,8248.75,8698.5,449.75,226.5,0.025819329595842662,0,0,8339.5975,8590.6275,328.53834931305937,-328.53834931305937,-0.0373205936651781,-0.03803483399778687
PH--US,PH,US,13794.409050888704,10,13741.5,13717.5,13735.0,13720.96520000001,46.96629997491109,2205.8333333333335,13700.0,13835.0,13715.0,13773.75,58.75,10.0,0.003417843756133689,0,0,13716.0,13768.5,52.90905088870386,-52.90905088870386,-0.0038355431315338006,-0.003842917690088567
PH--VN,PH,VN,1753.51520467526,10,1750.0,1750.0,1750.0,1750.0,0.0,0.0,1750.0,1750.0,1750.0,1750.0,0.0,0.0,0.0,0,0,1750.0,1750.0,3.5152046752600654,-3.5152046752600654,-0.002004661645298399,-0.0020066736688551627
PH--ZA,PH,ZA,10977.236086385761,10,10896.5,10950.0,10913.125,10930.869999991464,245.75337682770956,60394.72222222221,10450.0,11210.0,10738.75,11041.25,302.5,150.0,0.022553423285248436,0,0,10739.4625,11039.5125,80.73608638576115,-80.73608638576115,-0.007354864717348299,-0.007382045088828686
PK--PL,PK,PL,4602.495627474602,10,4699.7,4760.0,4709.0,4728.641500003363,128.58983025280205,16535.344444444443,4485.0,4840.0,4585.5,4796.25,210.75,67.5,0.027361284816648308,0,0,4621.49,4769.7125,97.20437252539796,97.20437252539796,0.02111992718583726,0.02089999279960423
PK--PT,PK,PT,7163.814796154422,10,6964.9,6942.5,6940.5,6943.333333332601,123.78785616260319,15323.433333333336,6830.0,7295.0,6923.75,6960.0,36.25,20.0,0.017773098847449813,2,0,6905.995,7047.915,198.91479615442222,-198.91479615442222,-0.027766602266323364,-0.028159382220979443
PK--RU,PK,RU,3663.3667982996626,10,3806.2,3813.5,3807.125,3810.575399999937,14.75578982411085,217.73333333333332,3785.0,3820.0,3792.5,3818.75,26.25,6.5,0.0038767773170382143,0,0,3797.2,3814.5,142.8332017003372,142.8332017003372,0.03898959879382886,0.03824870128144687
PK--SA,PK,SA,2746.9203972212576,10,2730.9,2729.0,2732.125,2730.8333333333007,24.830313015434267,616.5444444444444,2682.0,2770.0,2722.25,2744.0,21.75,12.5,0.009092355273145947,1,0,2715.6949999999997,2745.1,16.020397221257554,-16.020397221257554,-0.005832130132880276,-0.005849203418603127
PK--SE,PK,SE,4893.339704305134,10,5125.6,5120.5,5127.625,5127.62499999944,56.154944375164135,3153.377777777778,5042.0,5193.0,5081.25,5180.0,98.75,42.5,0.010955779689239139,0,0,5092.8925,5157.1025,232.26029569486673,232.26029569486673,0.047464576287341215,0.04637255485554852
PK--SG,PK,SG,4805.798234579985,10,4730.3,4730.5,4730.625,4730.66666666667,3.1989581637360205,10.233333333333333,4723.0,4735.0,4730.0,4731.75,1.75,1.0,0.0006762696158247935,2,0,4728.3,4732.0,75.49823457998446,-75.49823457998446,-0.015709821947317525,-0.015834529008276442
PK--SN,PK,SN,9176.75777699108,10,8698.5,8580.0,8656.25,8630.941666652183,278.4386028472984,77528.05555555556,8425.0,9310.0,8497.5,8872.5,375.0,125.0,0.03200995606682743,0,0,8554.0,8887.0,478.2577769910804,-478.2577769910804,-0.05211620363242211,-0.053523361911703295
PK--TH,PK,TH,3537.00596976539,10,3045.0,3002.5,3027.5,3027.1707142770115,126.65438536952968,16041.333333333334,2915.0,3315.0,2951.0,3115.0,164.0,75.0,0.041594215228088566,0,0,2974.8975,3117.005,492.0059697653901,-492.0059697653901,-0.1391023860211423,-0.14977969686480588
PK--TR,PK,TR,3630.164700361784,10,3209.0,3167.5,3185.0,3178.8476666641145,100.98954841412495,10198.888888888889,3140.0,3470.0,3143.75,3231.25,87.5,27.5,0.03147072247246025,1,0,3159.9875,3281.5125,421.16470036178407,-421.16470036178407,-0.11601806946109376,-0.12331865712025294
PK--TZ,PK,TZ,5918.593677349072,10,5331.5,5330.0,5324.375,5335.309071426941,111.2567101596823,12378.055555555555,5170.0,5550.0,5298.75,5383.75,85.0,52.5,0.020867806463412228,3,0,5270.4875,5398.525,587.0936773490721,-587.0936773490721,-0.09919479345168197,-0.10446624169743123
PK--UA,PK,UA,3917.0789197104828,10,3924.9,3924.0,3918.0,3916.499999987605,107.30273891088603,11513.877777777776,3765.0,4140.0,3865.25,3960.0,94.75,53.5,0.02733897396389361,1,0,3864.1949999999997,3991.22,7.82108028951734,7.82108028951734,0.0019966614024961764,0.0019946707234856395
PK--US,PK,US,11400.093863122374,10,11174.3,11175.0,11175.0,11175.0,28.662984259610276,821.5666666666665,11125.0,11218.0,11160.0,11185.0,25.0,15.0,0.002565080967900475,0,0,11156.5,11191.3025,225.79386312237511,-225.79386312237511,-0.019806316143833255,-0.02000509025713174
PK--VN,PK,VN,3505.121440740511,10,3265.3,3285.5,3269.125,3275.666666655483,137.45467939975302,18893.78888888889,3035.0,3465.0,3193.75,3329.5,135.75,77.5,0.042095574495376535,0,0,3179.885,3343.7025,239.82144074051075,-239.82144074051075,-0.06842029435928611,-0.07087352562238013
PK--ZA,PK,ZA,8112.013533205837,10,7937.1,7942.5,7922.0,7922.583343179135,138.78796777819034,19262.1,7770.0,8225.0,7828.25,8007.5,179.25,91.0,0.017485979485982326,0,0,7859.5825,8020.91,174.91353320583676,-174.91353320583676,-0.021562283209938332,-0.02179814589382346
PL--PT,PL,PT,2764.3828082154164,10,2760.0,2760.0,2760.0,2760.0,0.0,0.0,2760.0,2760.0,2760.0,2760.0,0.0,0.0,0.0,0,0,2760.0,2760.0,4.382808215416389,-4.382808215416389,-0.0015854563276805245,-0.0015867144935845488
PL--RU,PL,RU,1153.7042757281965,10,1151.0,1151.0,1151.0,1151.0,0.0,0.0,1151.0,1151.0,1151.0,1151.0,0.0,0.0,0.0,0,0,1151.0,1151.0,2.704275728196535,-2.704275728196535,-0.0023439938510149377,-0.002346745305036821
PL--SA,PL,SA,3759.573078472261,10,3709.6,3704.0,3721.875,3712.056860190264,129.9369077668081,16883.599999999995,3436.0,3885.0,3676.25,3775.0,98.75,55.5,0.035027201791785666,1,0,3634.7925,3779.725,49.97307847226102,-49.97307847226102,-0.013292221597822503,-0.013381353900694282
PL--SE,PL,SE,811.0678916510533,10,810.0,810.0,810.0,810.0,0.0,0.0,810.0,810.0,810.0,810.0,0.0,0.0,0.0,0,0,810.0,810.0,1.0678916510532872,-1.0678916510532872,-0.0013166489045441433,-0.0013175164482970775
PL--SG,PL,SG,9407.779211369656,10,9414.2,9413.5,9413.875,9413.815214285718,4.315347288715269,18.62222222222222,9408.0,9423.0,9411.25,9416.0,4.75,2.5,0.00045838704177893696,0,0,9411.8,9416.8025,6.420788630344759,6.420788630344759,0.0006824978016687503,0.0006822650059598894
PL--SN,PL,SN,5374.182544640709,10,5254.0,5275.0,5255.625,5256.048214287116,85.66082989195107,7337.777777777777,5115.0,5380.0,5187.5,5318.75,131.25,62.5,0.01630392651160089,0,0,5203.5,5302.5,120.18254464070924,-120.18254464070924,-0.0223629442510394,-0.022616786466317318
PL--TH,PL,TH,8098.393477126799,10,8113.8,8115.0,8113.5,8114.258699991125,10.325803708294199,106.62222222222223,8095.0,8135.0,8109.75,8115.0,5.25,2.5,0.0012726224097579677,2,0,8108.3,8120.0,15.406522873201538,15.406522873201538,0.0019024171790017253,0.0019006098752409515
PL--TR,PL,TR,1643.9711830727663,10,1531.5,1482.0,1521.125,1504.5867142882564,123.97961301941722,15370.944444444447,1412.0,1734.0,1429.0,1643.5,214.5,65.0,0.0809530610639355,0,0,1462.89,1606.7075,112.47118307276628,-112.47118307276628,-0.06841432759334933,-0.07086712064512249
PL--TZ,PL,TZ,6625.089583909204,10,6626.4,6607.0,6616.75,6611.021500002219,145.81357961452014,21261.600000000002,6460.0,6870.0,6500.0,6691.25,191.25,110.0,0.02200494682097672,0,0,6544.3975,6705.215,1.310416090796025,1.310416090796025,0.0001977959805975635,0.0001977764215517802
PL--UA,PL,UA,692.6191579526396,10,689.3,689.0,689.25,689.3,0.48304589153964794,0.23333333333333334,689.0,690.0,689.0,689.75,0.75,0.0,0.0007007774431156942,0,0,689.0,689.6,3.319157952639671,-3.319157952639671,-0.0047921832864845915,-0.004803702613361783
PL--US,PL,US,7193.4756064615285,10,7215.8,7215.5,7215.375,7215.8333333333085,7.82872204698116,61.28888888888889,7205.0,7230.0,7212.0,7220.0,8.0,4.5,0.001084941662321733,0,0,7210.9975,7220.4,22.324393538471668,22.324393538471668,0.003103422428849111,0.003098616753589621
PL--VN,PL,VN,7841.5860049775565,10,7828.6,7830.5,7832.5,7832.120420000067,23.16222979095253,536.4888888888889,7771.0,7855.0,7825.5,7842.5,17.0,8.5,0.0029586681898363092,1,0,7813.7,7839.8025,12.98600497755615,-12.98600497755615,-0.0016560431740866072,-0.0016574159293545145
PL--ZA,PL,ZA,8664.282423992168,10,8650.2,8631.0,8655.5,8655.499999997046,99.62797465237027,9925.733333333334,8443.0,8815.0,8624.0,8711.25,87.25,57.5,0.011517418632213158,1,0,8588.887499999999,8708.220000000001,14.082423992167605,-14.082423992167605,-0.0016253422156660223,-0.0016266645173143887
PT--RU,PT,RU,3914.4159356158557,10,3907.5,3910.0,3908.125,3909.5714285714284,4.249182927993988,18.055555555555557,3900.0,3910.0,3906.25,3910.0,3.75,0.0,0.0010874428478551473,2,0,3905.0,3910.0,6.9159356158556875,-6.9159356158556875,-0.0017667860875309875,-0.0017683486948703948
PT--SA,PT,SA,5439.2308630361285,10,5028.3,5027.5,5028.125,5028.153133333327,7.631076813486635,58.23333333333333,5018.0,5040.0,5023.5,5034.75,11.25,7.0,0.0015176256017911888,0,0,5023.9975,5033.1,410.93086303612836,-410.93086303612836,-0.07554944318115421,-0.07855571058149795
PT--SE,PT,SE,2995.36350558735,10,2989.0,2990.0,2989.0,2989.7034800000056,2.943920288775949,8.666666666666666,2985.0,2993.0,2986.25,2990.0,3.75,1.0,0.0009849181293997821,0,0,2987.0,2990.6,6.363505587350119,-6.363505587350119,-0.002124451865518179,-0.0021267117145768876
PT--SG,PT,SG,11895.612616239241,10,11637.0,11648.5,11626.875,11646.666666666195,180.3083778173136,32511.111111111113,11370.0,11985.0,11583.25,11701.5,118.25,68.0,0.015494403868463832,3,0,11531.3925,11748.6025,258.6126162392411,-258.6126162392411,-0.02174016795790721,-0.021979967298531716
PT--SN,PT,SN,2783.0075400457886,10,2794.5,2795.0,2794.625,2794.5555555555557,0.7071067811865476,0.5000000000000001,2793.0,2795.0,2794.0,2795.0,1.0,0.0,0.0002530351695067266,0,0,2794.0,2794.9,11.492459954211427,11.492459954211427,0.004129510893823285,0.004121007864575551
PT--TH,PT,TH,10700.203395730496,10,10275.9,10277.5,10271.125,10260.333333337498,160.84322940193798,25870.544444444444,10010.0,10580.0,10201.75,10300.0,98.25,74.0,0.015652471258180596,3,0,10183.4675,10368.2,424.30339573049605,-424.30339573049605,-0.039653769189078966,-0.04046140244668257
PT--TR,PT,TR,3591.021107942153,10,3845.0,3880.5,3879.25,3880.666666666291,117.15516776196147,13725.333333333336,3513.0,3903.0,3876.25,3884.5,8.25,5.0,0.030469484463449017,3,0,3766.0899999999997,3886.6,253.97889205784713,253.97889205784713,0.07072609278072181,0.06833700971864155
PT--TZ,PT,TZ,6791.6053069734035,10,6956.0,6927.5,6942.875,6931.66666665783,174.00255425966853,30276.88888888889,6732.0,7285.0,6857.5,7035.75,178.25,105.5,0.025014743280573393,0,0,6856.4,7065.1,164.39469302659654,164.39469302659654,0.02420557226106784,0.023917260630095083
PT--UA,PT,UA,3358.8699560469204,10,3362.2,3360.0,3360.625,3360.1428571428573,6.545566777937907,42.844444444444434,3357.0,3380.0,3360.0,3360.0,0.0,0.0,0.001946810653125307,3,0,3359.4,3366.5,3.3300439530794392,3.3300439530794392,0.0009914179461114336,0.0009909268159229094
PT--US,PT,US,5747.733844579292,10,5736.9,5741.5,5739.25,5741.1782666666595,10.857153299911436,117.8777777777778,5710.0,5745.0,5734.75,5743.0,8.25,2.0,0.0018925122104117968,1,0,5730.097500000001,5741.902499999999,10.833844579292418,-10.833844579292418,-0.0018848897447660794,-0.001886668384819394
PT--VN,PT,VN,10555.511894474732,10,10079.1,10075.5,10075.25,10075.333333333434,20.967964983649598,439.6555555555557,10055.0,10134.0,10072.25,10078.0,5.75,3.0,0.0020803410010466804,2,0,10068.9,10092.710000000001,476.4118944747315,-476.4118944747315,-0.04513394511204224,-0.04618420500011657
PT--ZA,PT,ZA,8125.504330805197,10,7920.1,7945.5,7915.125,7929.947285711772,136.60523009346636,18660.98888888889,7713.0,8167.0,7867.5,7985.0,117.5,65.0,0.017247917336077365,1,0,7836.2,8000.805,205.40433080519688,-205.40433080519688,-0.025278963919380785,-0.02560396576391272
RU--SA,RU,SA,3534.752218874367,10,3522.7,3524.5,3522.625,3522.683811111146,5.716448003592596,32.67777777777778,3515.0,3531.0,3518.25,3525.0,6.75,5.5,0.0016227461900225953,0,0,3519.3,3526.1,12.0522188743671,-12.0522188743671,-0.003409636129517757,-0.003415462185709756
RU--SE,RU,SE,1229.9731142543035,10,1230.0,1230.0,1230.0,1230.0,0.0,0.0,1230.0,1230.0,1230.0,1230.0,0.0,0.0,0.0,0,0,1230.0,1230.0,0.026885745696517915,0.026885745696517915,2.1858807631594414e-05,2.185856873124878e-05
RU--SG,RU,SG,8423.25704331817,10,8250.0,8250.0,8250.0,8250.0,0.0,0.0,8250.0,8250.0,8250.0,8250.0,0.0,0.0,0.0,0,0,8250.0,8250.0,173.25704331816996,-173.25704331816996,-0.020568889495733458,-0.020783375358021935
RU--SN,RU,SN,6512.783222072082,10,6620.5,6617.5,6610.625,6606.880500130348,105.130870822989,11052.499999999998,6470.0,6850.0,6565.0,6623.75,58.75,37.5,0.015879596831506533,3,0,6562.0,6677.5125,107.71677792791797,107.71677792791797,0.016539285011492707,0.016404000670014254
RU--TH,RU,TH,7067.659230722097,10,7065.0,7065.0,7065.0,7065.0,0.0,0.0,7065.0,7065.0,7065.0,7065.0,0.0,0.0,0.0,0,0,7065.0,7065.0,2.6592307220971634,-2.6592307220971634,-0.00037625338677024355,-0.00037632418783578765
RU--TR,RU,TR,1794.0390917111781,10,1698.0,1698.0,1698.0,1698.0,103.30107023216706,10671.111111111111,1600.0,1796.0,1600.0,1796.0,196.0,98.0,0.0608369082639382,0,0,1639.2,1756.8,96.03909171117812,-96.03909171117812,-0.053532329454189745,-0.05501846576153752
RU--TZ,RU,TZ,6867.0776383606935,10,6841.5,6857.5,6843.75,6846.92242883907,72.76484193772582,5294.722222222222,6730.0,6935.0,6791.25,6890.0,98.75,55.0,0.010635802373416037,0,0,6798.9875,6884.5,25.577638360693527,-25.577638360693527,-0.0037246758676226957,-0.003731629745446338
RU--UA,RU,UA,758.4899016199972,10,755.1,755.0,755.0,755.1,0.31622776601683794,0.1,755.0,756.0,755.0,755.0,0.0,0.0,0.0004187892544256892,1,0,755.0,755.3,3.389901619997204,-3.389901619997204,-0.004469277195064809,-0.004479294271591564
RU--US,RU,US,7841.159346134234,10,7824.4,7825.0,7825.25,7825.142857140514,3.4058772731852804,11.600000000000001,7815.0,7827.0,7825.0,7825.0,0.0,0.0,0.0004352892583693677,3,0,7822.2,7825.8,16.759346134233965,-16.759346134233965,-0.0021373556376579035,-0.002139643042131271
RU--VN,RU,VN,6741.157984103333,10,6729.8,6729.0,6729.75,6729.8,5.094659513211414,25.95555555555556,6725.0,6735.0,6725.0,6735.0,10.0,4.0,0.0007570298542618523,0,0,6726.995,6732.6050000000005,11.357984103332456,-11.357984103332456,-0.001684871372265165,-0.0016862923643859494
RU--ZA,RU,ZA,9069.35134739535,10,9191.8,9185.0,9189.125,9186.941999999843,15.266521105565166,233.06666666666666,9180.0,9225.0,9180.5,9195.0,14.5,5.0,0.0016608848218591754,1,0,9183.7,9201.11,122.4486526046494,122.4486526046494,0.01350136828030328,0.01341103696357305
SA--SE,SA,SE,4455.253572286667,10,4598.0,4607.5,4597.5,4597.595388888797,25.849994627121728,668.2222222222222,4565.0,4635.0,4572.75,4614.5,41.75,22.5,0.005622008400852921,0,0,4582.797500000001,4612.6025,142.7464277133331,142.7464277133331,0.03204002317651883,0.031537448455152446
SA--SG,SA,SG,6650.377147627449,10,6633.6,6632.5,6634.0,6633.7186111111205,13.68860028555797,187.3777777777777,6614.0,6650.0,6623.25,6645.0,21.75,12.5,0.0020635251274659264,0,0,6625.3,6641.3,16.777147627448358,-16.777147627448358,-0.00252273626818799,-0.0025259237292049185
SA--SN,SA,SN,6769.35265921719,10,6808.8,6830.0,6819.125,6819.124999999998,109.34634068967385,11956.622222222224,6585.0,6950.0,6738.75,6887.5,148.75,71.5,0.016059561257442404,0,0,6737.995,6868.202499999999,39.44734078280999,39.44734078280999,0.005827343140277713,0.00581042985079248
SA--TH,SA,TH,5743.87829967849,10,5659.1,5670.0,5659.625,5661.253666666601,24.168160873347396,584.1,5624.0,5690.0,5636.25,5678.0,41.75,15.0,0.004270672169310914,0,0,5645.995,5672.405,84.77829967848993,-84.77829967848993,-0.014759766007444018,-0.014869775168729834
SA--TR,SA,TR,2136.6388154460656,10,2088.1,2090.0,2088.5,2091.3333333336486,27.440643011578445,752.9888888888889,2045.0,2128.0,2077.5,2104.5,27.0,15.0,0.01314144102848448,0,0,2071.79,2103.7025,48.538815446065655,-48.538815446065655,-0.02271737043021575,-0.022979385692997924
SA--TZ,SA,TZ,3613.574172900528,10,3600.7,3580.0,3600.0,3598.6384000151675,108.74235605319575,11824.899999999998,3454.0,3753.0,3507.5,3696.0,188.5,88.0,0.03020033772688526,0,0,3534.5899999999997,3661.015,12.874172900528265,-12.874172900528265,-0.0035627255134476677,-0.0035690871342902762
SA--UA,SA,UA,3186.9350881907417,10,3137.6,3134.0,3136.25,3135.867366666676,14.041209191360819,197.15555555555554,3121.0,3165.0,3127.25,3148.0,20.75,8.5,0.004475143163998221,0,0,3129.9,3146.605,49.33508819074177,-49.33508819074177,-0.015480418278224125,-0.015601491083720572
SA--US,SA,US,10867.268528060538,10,10890.4,10796.0,10868.0,10804.626500013452,266.3949448969831,70966.26666666665,10630.0,11330.0,10696.25,11042.5,346.25,107.5,0.024461447228474903,0,0,10753.797499999999,11065.1275,23.131471939461335,23.131471939461335,0.002128545170272844,0.0021262830274818797
SA--VN,SA,VN,6031.190406332703,10,6135.8,6182.5,6146.0,6149.725874992892,203.3982410062694,41370.84444444445,5835.0,6355.0,5985.0,6310.0,325.0,152.5,0.03314942485189696,0,0,6012.7875,6250.5125,104.6095936672973,104.6095936672973,0.01734476722165131,0.01719606376858186
SA--ZA,SA,ZA,5917.429203536842,10,6044.7,6082.5,6068.375,6070.856124998261,129.8880287016475,16870.900000000005,5735.0,6165.0,6012.75,6137.5,124.75,67.5,0.021487919781237697,1,0,5964.65,6111.402499999999,127.27079646315815,127.27079646315815,0.021507785236718764,0.021279756623607968
SE--SG,SE,SG,9642.063064390362,10,9301.5,9247.5,9290.0,9289.13000001899,272.30548613235425,74150.27777777777,9045.0,9650.0,9050.0,9527.5,477.5,200.0,0.02927543795434653,0,0,9149.5,9464.5,340.56306439036234,-340.56306439036234,-0.03532055973042893,-0.03595941907837403
SE--SN,SE,SN,5745.792432019775,10,5572.5,5590.0,5563.125,5572.499999998815,163.74522893812815,26812.5,5395.0,5825.0,5412.5,5661.25,248.75,175.0,0.02938451842765871,0,0,5481.5,5668.55,173.29243201977533,-173.29243201977533,-0.03015988378801549,-0.0306240497178816
SE--TH,SE,TH,8272.314412775979,10,8282.7,8281.0,8282.75,8281.988399999997,5.271516754112509,27.788888888888888,8274.0,8291.0,8280.0,8284.75,4.75,2.0,0.0006364490750736486,0,0,8279.6,8285.9025,10.385587224021947,10.385587224021947,0.0012554633087908476,0.0012546758737260154
SE--TR,SE,TR,2396.709100197568,10,2537.3,2481.0,2534.625,2487.8508200594374,77.76610229828074,6047.566666666666,2466.0,2630.0,2478.5,2625.0,146.5,9.5,0.030649155518969275,0,0,2492.0,2583.1,140.59089980243198,140.59089980243198,0.058659976628303634,0.05700393539105412
SE--TZ,SE,TZ,7432.885078261827,10,7359.7,7383.5,7361.5,7361.500000009775,146.70382105150196,21522.01111111111,7130.0,7575.0,7246.25,7452.5,206.25,132.5,0.019933396884587954,0,0,7272.9925,7446.407499999999,73.18507826182758,-73.18507826182758,-0.00984611997780838,-0.009894913566320749
SE--UA,SE,UA,1268.7278771135018,10,1263.2,1265.0,1264.0,1264.5714285714287,3.359894178227774,11.28888888888889,1255.0,1265.0,1262.75,1265.0,2.25,0.0,0.0026598275635115374,1,0,1260.9,1264.7075,5.527877113501745,-5.527877113501745,-0.004357023450984844,-0.004366542938811994
SE--US,SE,US,6652.678579380046,10,6557.3,6628.5,6575.625,6626.1101999990915,174.35598960492038,30400.011111111104,6233.0,6735.0,6567.5,6644.0,76.5,19.0,0.02658960084256026,2,0,6445.675,6647.51,95.37857938004618,-95.37857938004618,-0.014336868712652336,-0.014440634594177437
SE--VN,SE,VN,7892.32864786669,10,8171.6,8214.5,8172.875,8174.696657146057,141.29339058222865,19963.82222222222,8008.0,8325.0,8019.25,8293.75,274.5,103.0,0.017290786453354134,0,0,8088.384999999999,8251.314999999999,279.27135213331076,279.27135213331076,0.035385165087974166,0.0347734976719668
SE--ZA,SE,ZA,9472.211944742652,10,9588.3,9590.0,9589.75,9590.26648571432,29.458256718429364,867.7888888888888,9535.0,9630.0,9573.5,9612.5,39.0,21.0,0.0030723127893817846,0,0,9571.99,9605.0,116.08805525734715,116.08805525734715,0.012255643764578064,0.012181151379720754
SG--SN,SG,SN,13335.9357376055,10,13356.7,13367.5,13385.25,13376.13840001312,285.0029434545857,81226.67777777778,12820.0,13665.0,13152.25,13617.75,465.5,244.0,0.02133782621864575,0,0,13174.695000000002,13511.5075,20.764262394501202,20.764262394501202,0.0015570157807486163,0.0015558048884337767
SG--TH,SG,TH,1425.9530991897677,10,1433.2,1433.5,1433.375,1433.4285714285713,1.3984117975602022,1.955555555555556,1430.0,1435.0,1433.0,1434.0,1.0,0.5,0.0009757269031260132,1,0,1432.3,1434.0,7.246900810232319,7.246900810232319,0.0050821452783755905,0.0050692747661841625
SG--TR,SG,TR,8304.654710456407,10,8273.0,8293.5,8281.375,8291.603939999859,58.93876294746759,3473.7777777777783,8146.0,8333.0,8271.25,8302.5,31.25,15.5,0.007124230986035004,2,0,8236.885,8304.404999999999,31.654710456406974,-31.654710456406974,-0.0038116829127826913,-0.0038189658889174493
SG--TZ,SG,TZ,7613.028423154926,10,7571.1,7427.5,7555.125,7453.30189999701,228.81503932701239,52356.322222222225,7365.0,7905.0,7390.75,7803.75,413.0,52.5,0.03022216577868637,0,0,7441.8975,7716.615000000001,41.92842315492544,-41.92842315492544,-0.0055074565369282865,-0.0055226784909077065
SG--UA,SG,UA,8722.82379061632,10,8510.8,8540.0,8520.875,8522.30187499997,145.58372924960477,21194.622222222228,8265.0,8676.0,8415.0,8637.75,222.75,112.5,0.017105763177328193,0,0,8426.8825,8597.702500000001,212.02379061632018,-212.02379061632018,-0.02430678364091308,-0.024607069481223518
SG--US,SG,US,15552.300405735941,10,15625.6,15630.0,15623.25,15621.000000001251,70.64811077131189,4991.155555555555,15525.0,15745.0,15571.25,15648.25,77.0,47.0,0.004521305471233866,0,0,15583.2775,15669.205,73.29959426405912,73.29959426405912,0.004713103036321562,0.004702031141231781
SG--VN,SG,VN,2194.5074422305775,10,2204.1,2204.0,2203.875,2203.6666666667174,3.0349812373573433,9.21111111111111,2200.0,2210.0,2202.25,2204.75,2.5,1.5,0.0013769707533039985,1,0,2202.6,2206.0,9.592557769422456,9.592557769422456,0.004371166661286065,0.004361640861446577
SG--ZA,SG,ZA,8639.510334138995,10,8655.7,8656.0,8656.5,8656.2674,4.9899899799498595,24.9,8645.0,8660.0,8655.0,8660.0,5.0,4.0,0.0005764975657601187,1,0,8652.4975,8658.2,16.18966586100578,16.18966586100578,0.0018739101216225613,0.0018721565424086998
SN--TH,SN,TH,12510.120375362725,10,12715.0,12585.0,12635.625,12637.783611098459,416.4999666533267,173472.22222222225,12340.0,13725.0,12411.25,12886.25,475.0,212.5,0.03275658408598715,1,0,12502.45,12977.5375,204.8796246372749,204.8796246372749,0.016377110570475587,0.016244452110404376
SN--TR,SN,TR,5615.258437383409,10,5269.8,5252.5,5267.875,5268.390966668567,103.11891732902897,10633.511111111113,5125.0,5430.0,5203.0,5356.0,153.0,99.5,0.019567899603216244,0,0,5211.8949999999995,5330.6050000000005,345.45843738340864,-345.45843738340864,-0.06152137808716511,-0.0634952022103998
SN--TZ,SN,TZ,6312.069329382219,10,6013.0,6015.0,6017.5,6019.166666661094,122.00182148002727,14884.444444444445,5810.0,6180.0,5961.25,6077.5,116.25,67.5,0.020289675948782185,0,0,5937.9875,6083.0125,299.0693293822187,-299.0693293822187,-0.04738055204654882,-0.04853977516825069
SN--UA,SN,UA,5842.247717044825,10,5918.7,5929.0,5903.375,5903.30687500115,123.58177679397376,15272.45555555555,5780.0,6180.0,5820.0,5939.0,119.0,87.5,0.02087988524405254,1,0,5853.087500000001,5988.73,76.45228295517518,76.45228295517518,0.013086107720513933,0.013001224339623944
SN--US,SN,US,6370.066844573844,10,6168.6,6172.5,6169.125,6170.460166666621,12.231107881136523,149.59999999999997,6150.0,6183.0,6159.0,6178.75,19.75,7.5,0.00198280126465268,0,0,6160.9975,6175.5025,201.46684457384345,-201.46684457384345,-0.03162711624375765,-0.032138055388087824
SN--VN,SN,VN,12678.789553826642,10,12367.1,12393.0,12371.375,12367.099999998012,193.83466608885465,37571.87777777778,12115.0,12585.0,12186.25,12558.75,372.5,187.0,0.015673413014276154,0,0,12253.9875,12475.31,311.6895538266417,-311.6895538266417,-0.024583541867572785,-0.02489076263505715
SN--ZA,SN,ZA,6672.5621271644495,10,6695.5,6705.0,6699.375,6703.701466666857,31.938308589459705,1020.0555555555555,6620.0,6740.0,6685.0,6709.5,24.5,6.0,0.004770115538714018,1,0,6676.6975,6712.8,22.93787283555048,22.93787283555048,0.003437640953865211,0.0034317457726823304
TH--TR,TH,TR,7141.388185297727,10,7476.0,7480.0,7476.5,7476.352666666683,10.790942704159097,116.44444444444444,7458.0,7490.0,7470.0,7480.0,10.0,10.0,0.0014434112766397935,0,0,7469.4,7482.0,334.61181470227257,334.61181470227257,0.046855290038868326,0.04579070842849741
TH--TZ,TH,TZ,7486.47678677552,10,7603.2,7557.5,7602.75,7598.324357838649,179.27371995545434,32139.066666666666,7345.0,7865.0,7467.75,7735.0,267.25,142.5,0.023578719480673183,0,0,7496.88,7705.7175,116.72321322447988,116.72321322447988,0.015591207526438269,0.015470913393067184
TH--UA,TH,UA,7426.114052483925,10,7436.5,7437.5,7436.875,7436.5,12.258783698955527,150.27777777777777,7420.0,7450.0,7426.25,7448.75,22.5,12.5,0.0016484614669475598,0,0,7429.5,7443.5,10.385947516075248,10.385947516075248,0.0013985709676248917,0.0013975938781624318
TH--US,TH,US,14169.831963403985,10,13862.2,13840.0,13850.625,13842.22390000001,46.16829118682119,2131.5111111111114,13837.0,13980.0,13840.0,13852.25,12.25,3.0,0.0033305168867006096,2,0,13840.1,13891.5,307.6319634039846,-307.6319634039846,-0.021710346615153715,-0.021949483691571643
TH--VN,TH,VN,985.0733602712637,10,991.0,991.0,991.0,991.0,1.0540925533894598,1.1111111111111112,990.0,992.0,990.0,992.0,2.0,1.0,0.0010636655432789705,0,0,990.4,991.6,5.926639728736291,5.926639728736291,0.006016445036239989,0.005998418498450264
TH--ZA,TH,ZA,8961.095963147978,10,9346.0,9372.5,9351.875,9346.249000022626,234.3880922269256,54937.77777777778,9025.0,9620.0,9146.25,9561.25,415.0,215.0,0.02507897413085016,0,0,9202.875,9489.6125,384.9040368520218,384.9040368520218,0.042952785957757714,0.04205590745592558
TR--TZ,TR,TZ,5114.021496230008,10,4801.3,4830.0,4822.25,4823.644124999479,101.82888697330547,10369.12222222222,4550.0,4885.0,4781.25,4872.5,91.25,47.5,0.0212086074549196,1,0,4737.29,4854.0,312.7214962300077,-312.7214962300077,-0.0611498204418073,-0.06309936569000107
TR--UA,TR,UA,1181.9288146082997,10,1111.3,1111.5,1110.875,1111.2999999999856,56.909382159515474,3238.677777777778,1056.0,1170.0,1056.5,1162.0,105.5,54.5,0.05120973828805496,0,0,1078.9,1144.5,70.62881460829976,-70.62881460829976,-0.0597572491129313,-0.06161719143320789
TR--US,TR,US,8744.489174947264,10,8409.9,8413.0,8413.625,8413.339388888882,24.5694028327014,603.6555555555556,8353.0,8437.0,8399.0,8427.5,28.5,17.5,0.0029214857290456963,1,0,8395.5,8422.705,334.58917494726484,-334.58917494726484,-0.03826286112925317,-0.03901411007159113
TR--VN,TR,VN,7117.1512309835825,10,7106.5,7132.5,7108.125,7121.467499999711,93.57260995255682,8755.833333333336,6945.0,7255.0,7056.25,7160.0,103.75,37.5,0.01316718637199139,0,0,7047.4875,7159.0125,10.651230983582536,-10.651230983582536,-0.0014965581927237688,-0.001497679154465108
TR--ZA,TR,ZA,7281.727679731044,10,7356.3,7405.0,7375.0,7398.400714285275,104.2657395525704,10871.344444444443,7133.0,7430.0,7330.0,7428.75,98.75,25.0,0.01417366604849862,1,0,7293.8925,7412.5,74.57232026895599,74.57232026895599,0.010241020201363858,0.010188936247373302
TZ--UA,TZ,UA,6293.284789300669,10,6133.0,6103.5,6120.625,6120.625000006669,128.94270906965707,16626.222222222223,5970.0,6395.0,6058.0,6217.75,159.75,92.5,0.021024410414097028,0,0,6061.8975,6209.6025,160.28478930066922,-160.28478930066922,-0.025469177808888036,-0.02579913181113625
TZ--US,TZ,US,12407.335072981457,10,12410.2,12413.0,12413.0,12413.166666669718,155.28597275135104,24113.733333333337,12140.0,12658.0,12333.25,12510.0,176.75,110.0,0.012512769556602717,0,0,12324.995,12500.005,2.8649270185433124,2.8649270185433124,0.00023090591184097653,0.00023087925717405687
TZ--VN,TZ,VN,8220.893096074053,10,8372.15,8330.0,8378.5625,8375.553988891612,140.7416960250231,19808.225,8151.0,8542.0,8278.5,8518.75,240.25,128.5,0.01681069928572984,0,0,8290.395,8456.7175,151.25690392594697,151.25690392594697,0.018399084157678783,0.01823186896536752
TZ--ZA,TZ,ZA,2303.9398317562473,10,2463.9,2463.0,2464.375,2462.8984142863815,40.06785910593843,1605.4333333333334,2396.0,2528.0,2435.75,2484.5,48.75,26.5,0.016261966437736284,0,0,2440.99,2487.7025,159.96016824375283,159.96016824375283,0.06942896947174979,0.06712483262859772
UA--US,UA,US,7852.866380313801,10,7836.5,7839.0,7836.625,7837.534799999986,9.033886821911768,81.6111111111111,7825.0,7847.0,7827.0,7843.75,16.75,6.0,0.0011527961235132736,0,0,7830.8,7841.4,16.36638031380062,-16.36638031380062,-0.0020841282050626992,-0.0020863030225078635
UA--VN,UA,VN,7204.7219267397495,10,7232.6,7234.0,7234.5,7236.833333332596,27.528571016713205,757.8222222222223,7185.0,7265.0,7226.25,7251.0,24.75,15.0,0.0038061791080266022,1,0,7216.1,7247.6,27.878073260250858,27.878073260250858,0.003869416966223723,0.003861950027994526
UA--ZA,UA,ZA,8436.439872482457,10,8269.5,8245.0,8262.5,8262.108499997834,110.36429575627155,12180.277777777777,8150.0,8445.0,8167.5,8340.0,172.5,90.0,0.013345945432767585,0,0,8206.975,8335.0125,166.93987248245685,-166.93987248245685,-0.019787952620509117,-0.01998635584615546
US--VN,US,VN,13362.734799118152,10,13317.5,13331.0,13323.75,13336.666666668805,97.80394220639121,9565.611111111113,13145.0,13440.0,13306.0,13385.0,79.0,48.5,0.007344016685293126,2,0,13257.195000000002,13373.115,45.234799118152296,-45.234799118152296,-0.0033851453162968915,-0.003390887883982947
US--ZA,US,ZA,13024.504641792455,10,13038.0,13050.0,13045.625,13050.0,49.51318567367238,2451.555555555556,12920.0,13095.0,13039.75,13060.75,21.0,12.5,0.003797605896124588,3,0,13006.285,13062.3025,13.495358207544996,13.495358207544996,0.0010361513607390247,0.0010356149264373529
VN--ZA,VN,ZA,9846.22426369883,10,10160.0,10180.0,10176.875,10179.829285716189,139.60261060914618,19488.888888888894,9845.0,10340.0,10130.0,10252.5,122.5,75.0,0.013740414430034074,1,0,10073.9625,10239.5,313.7757363011697,313.7757363011697,0.031867620307817035,0.03137038393591676
