id,place_a_id,place_b_id,true_distance_km,n,mean,median,trimmed_mean,robust,std,variance,min,max,q1,q3,iqr,mad,cv,outliers,missing_samples,mean_ci_low,mean_ci_high,absolute_error_km,signed_error_km,relative_error,log_ratio_error
AO--AR,AO,AR,7779.757280725595,10,7778.5,7780.0,7779.25,7778.833333333234,9.119576013536301,83.16666666666666,7760.0,7791.0,7775.75,7780.0,4.25,3.5,0.0011724080495643507,3,0,7772.7,7783.4,1.2572807255946827,-1.2572807255946827,-0.00016160924823575213,-0.0001616223084173908
AO--AU,AO,AU,13288.474497523322,10,11779.0,11762.0,11778.875,11778.874999737238,103.98611018357745,10813.11111111111,11603.0,11956.0,11740.0,11850.0,110.0,83.0,0.008828093232326806,0,0,11720.8975,11841.4175,1509.4744975233225,-1509.4744975233225,-0.1135927602378027,-0.12057879542071552
AO--BD,AO,BD,9121.283483960526,10,9991.2,10085.25,9999.25,10015.356677346,325.20883888493694,105760.78888888887,9483.0,10435.0,9802.625,10177.75,375.125,251.25,0.03254952747266964,0,0,9800.5975,10173.226250000002,869.916516039475,869.916516039475,0.0953721608991974,0.091094178492034
AO--BR,AO,BR,6675.278533941141,10,6226.0,6184.5,6191.875,6185.837819987975,114.93379736951954,13209.777777777776,6175.0,6550.0,6184.0,6196.75,12.75,3.5,0.018460295112354568,2,0,6183.5,6301.4275,449.2785339411412,-449.2785339411412,-0.06730483704263997,-0.06967685932756804
AO--CA,AO,CA,10620.756402433968,10,10775.7,10762.0,10773.375,10768.274642067618,238.51673596067286,56890.23333333334,10385.0,11185.0,10621.75,10915.5,293.75,162.5,0.022134686002827923,0,0,10632.855,10900.5025,154.94359756603262,154.94359756603262,0.014588753540239757,0.014483361464771463
AO--CD,AO,CD,549.1026827702303,10,551.5,551.5,552.0,551.9950285812486,3.719318934070233,13.833333333333334,543.0,556.0,550.0,554.0,4.0,2.0,0.0067440053201636135,1,0,549.0975,553.3,2.397317229769669,2.397317229769669,0.0043658814735254466,0.004356378661732115
AO--CL,AO,CL,8913.64308220524,10,8696.7,8661.5,8689.875,8690.40549999153,327.8316132813714,107473.56666666665,8118.0,9330.0,8562.5,8888.5,326.0,177.5,0.03769609314813336,0,0,8517.585000000001,8885.625,216.94308220524,-216.94308220524,-0.024338318261624643,-0.02463939022487203
AO--CN,AO,CN,11758.580047473492,10,11628.5,11625.0,11627.5,11628.499999999709,40.48662330531736,1639.1666666666667,11585.0,11680.0,11590.0,11668.75,78.75,37.5,0.0034816720389833048,0,0,11604.9875,11653.5,130.0800474734915,-130.0800474734915,-0.011062564267820856,-0.011124209489673789
AO--CO,AO,CO,9801.95415219586,10,9126.4,9143.5,9108.125,9106.940714276983,291.27352551625194,84840.26666666666,8737.0,9662.0,8895.25,9266.0,370.75,225.0,0.03191548973486281,0,0,8961.5425,9301.225,675.5541521958603,-675.5541521958603,-0.06892035421778839,-0.07141045672589516
AO--DE,AO,DE,6798.792115651933,10,6587.4,6571.0,6562.375,6562.374999998791,114.10735685699187,13020.488888888889,6490.0,6885.0,6517.5,6607.5,90.0,44.0,0.0173220628559055,1,0,6533.597500000001,6663.3225,211.39211565193364,-211.39211565193364,-0.03109259881108504,-0.03158623286618413
AO--DZ,AO,DZ,5158.666122203358,10,4824.7,4826.5,4823.75,4823.927044444445,11.076000080253602,122.67777777777779,4812.0,4845.0,4814.0,4830.0,16.0,9.0,0.0022956867950864514,0,0,4818.5,4831.5025,333.9661222033583,-333.9661222033583,-0.06473885192258098,-0.06692948593460582
AO--EG,AO,EG,4715.419795274749,10,5288.2,5285.0,5284.875,5284.598442857132,13.538422688366946,183.2888888888889,5278.0,5325.0,5281.25,5286.5,5.25,3.5,0.002560119263334773,1,0,5282.1,5297.820000000001,572.7802047252508,572.7802047252508,0.12146961025595752,0.11463997720211927
AO--ES,AO,ES,5722.316302190526,10,5873.6,5784.0,5855.875,5784.706499999296,151.826801908549,23051.377777777776,5771.0,6118.0,5778.5,6002.5,224.0,7.5,0.02584901966571591,0,0,5780.2,5969.805,151.2836978094747,151.2836978094747,0.026437493109488317,0.026094062402606897
AO--ET,AO,ET,3446.282530254973,10,3710.8,3510.5,3656.375,3512.82676666695,366.3488926025451,134211.51111111112,3465.0,4392.0,3496.25,3786.25,290.0,15.5,0.09872504381873048,2,0,3508.515,3936.115,264.51746974502703,264.51746974502703,0.07675443537284701,0.07395136416611771
AO--FI,AO,FI,7720.979613051022,10,7900.9,7847.5,7884.875,7873.355029288848,297.60355807311475,88567.87777777779,7515.0,8415.0,7682.25,8098.5,416.25,202.0,0.03766704528257727,0,0,7736.58,8088.912499999999,179.92038694897747,179.92038694897747,0.02330279264626631,0.02303542816603608
AO--FJ,AO,FJ,16614.26463120842,10,16507.5,16585.0,16528.375,16522.000000005108,673.6748721255182,453837.83333333326,15370.0,17478.0,16058.75,16805.25,746.5,438.5,0.0408102300242628,0,0,16097.88,16892.27,106.76463120842163,-106.76463120842163,-0.006426082259931851,-0.006446818409072957
AO--FR,AO,FR,6480.8047195500585,10,6502.96,6503.5,6503.075,6503.081525000001,1.8572380927962535,3.449333333333465,6500.0,6505.0,6501.625,6504.450000000001,2.8250000000007276,1.5,0.0002855988800171389,0,0,6501.75,6504.0605,22.15528044994153,22.15528044994153,0.003418600221529233,0.0034127700912699346
AO--GB,AO,GB,6807.150235507682,10,6831.5,6830.0,6830.375,6830.1378857142845,5.254627590144816,27.611111111111114,6827.0,6845.0,6828.5,6831.5,3.0,2.0,0.0007691762556019639,1,0,6828.9,6835.0,24.349764492318172,24.349764492318172,0.003577086394436269,0.0035707038370106424
AO--GH,AO,GH,2181.7570144061915,10,2409.2,2409.0,2409.0,2409.1666666665114,9.975525605756877,99.5111111111111,2395.0,2425.0,2405.0,2414.25,9.25,5.0,0.004140596714991233,0,0,2403.1,2414.8,227.44298559380832,227.44298559380832,0.10424762431929728,0.09916422009467252
AO--GR,AO,GR,5296.817859625665,10,5476.2,5489.0,5484.25,5490.375857141486,115.11713840934179,13251.955555555554,5248.0,5640.0,5439.25,5547.0,107.75,65.0,0.02102135393326427,1,0,5406.8949999999995,5540.22,179.382140374335,179.382140374335,0.033866020151769434,0.03330519336945373
AO--IN,AO,IN,8015.072192343541,10,8402.85,8411.5,8392.0,8390.500000005582,165.4606448675938,27377.224999999995,8172.5,8720.0,8295.0,8470.5,175.5,111.5,0.01969101493750261,0,0,8304.69125,8502.18375,387.7778076564591,387.7778076564591,0.04838107484881881,0.047247140843691235
AO--IT,AO,IT,5617.9698794223505,10,5584.9,5490.0,5586.125,5562.463419997142,176.16119512158934,31032.766666666674,5335.0,5825.0,5476.0,5768.0,292.0,94.5,0.03154240812218471,0,0,5479.525000000001,5683.0975,33.06987942235082,-33.06987942235082,-0.005886446551356578,-0.005903839968392179
AO--JP,AO,JP,13857.461409152482,10,13568.9,13560.0,13574.125,13570.320966666499,39.65532050613694,1572.5444444444447,13481.0,13615.0,13560.0,13599.5,39.5,16.5,0.0029225154954445045,1,0,13544.295,13590.105,288.56140915248216,-288.56140915248216,-0.020823540519614585,-0.02104340807638624
AO--KE,AO,KE,2743.2396541926637,10,3175.5,3170.5,3175.0,3172.8557666663764,18.869434425958705,356.05555555555554,3150.0,3205.0,3161.25,3187.5,26.25,10.5,0.005942193174605166,0,0,3165.1,3186.8025000000002,432.2603458073363,432.2603458073363,0.1575729430517257,0.1463255227479873
AO--KR,AO,KR,12699.236686021166,10,12441.6,12405.0,12421.125,12409.833333330384,140.777365604939,19818.266666666663,12267.0,12780.0,12377.25,12447.5,70.25,40.0,0.011315053176837304,3,0,12366.692500000001,12533.2,257.6366860211656,-257.6366860211656,-0.02028757258337914,-0.02049619179148619
AO--MA,AO,MA,5195.819618732341,10,5537.2,5547.5,5540.25,5540.885471428762,71.47773546123763,5109.0666666666675,5415.0,5635.0,5485.0,5584.5,99.5,54.5,0.01290864253796822,0,0,5495.597500000001,5578.6075,341.3803812676588,341.3803812676588,0.06570289315604602,0.06363457503516358
AO--MX,AO,MX,12679.078203838877,10,12174.8,12156.5,12162.5,12171.684754845808,294.1865621222923,86545.73333333334,11833.0,12615.0,11895.0,12436.25,541.25,278.0,0.024163564257506678,0,0,12004.050000000001,12336.4375,504.27820383887774,-504.27820383887774,-0.03977246576854429,-0.04058500777939823
AO--MY,AO,MY,9903.39358541899,10,9901.2,9956.75,9912.5,9930.122516665511,220.6128081302423,48670.01111111111,9564.0,10148.0,9744.75,10079.75,335.0,143.25,0.022281421255023866,0,0,9765.297499999999,10024.651249999999,2.1935854189887323,-2.1935854189887323,-0.00022149835812023086,-0.00022152289250451808
AO--NG,AO,NG,2080.1823760601865,10,2324.1,2310.5,2322.875,2320.7564004487826,126.04888822287255,15888.322222222218,2138.0,2520.0,2254.25,2417.0,162.75,98.0,0.054235569993921325,0,0,2249.4925,2395.4100000000003,243.91762393981344,243.91762393981344,0.1172578071744783,0.11087729665617278
AO--NL,AO,NL,6826.04260195697,10,6850.5,6849.5,6853.375,6850.798533333449,23.80126047082381,566.5,6795.0,6883.0,6845.0,6862.5,17.5,6.0,0.0034743829604881116,1,0,6836.097500000001,6862.9,24.45739804302957,24.45739804302957,0.0035829542048298724,0.0035765507154606967
AO--NO,AO,NO,7625.360370993152,10,7557.0,7599.0,7566.0,7582.774133333685,130.13753408520455,16935.777777777777,7341.0,7701.0,7463.0,7645.75,182.75,76.0,0.017220793183168527,0,0,7479.570000000001,7627.3025,68.36037099315217,-68.36037099315217,-0.008964870860817912,-0.009005297107683934
AO--NZ,AO,NZ,14143.139009143959,10,12431.98,12512.75,12449.037499999999,12488.816942855685,307.0751800817224,94295.16622222225,11867.5,12860.0,12381.275,12623.625,242.35000000000036,139.0,0.02470042423505527,2,0,12239.8525,12599.724,1711.1590091439593,-1711.1590091439593,-0.1209886297545152,-0.12895744594776104
AO--PE,AO,PE,9845.778856925126,10,9887.6,9834.0,9900.5,9897.73006665826,147.56708455629408,21776.044444444447,9620.0,10052.0,9820.5,10042.5,222.0,119.0,0.014924459379049928,0,0,9799.755,9975.322499999998,41.82114307487427,41.82114307487427,0.004247621613546495,0.0042386259333612045
AO--PH,AO,PH,12162.128893919244,10,12246.6,12312.0,12291.0,12291.000000006832,281.6369609582126,79319.37777777779,11595.0,12543.0,12127.5,12458.25,330.75,158.0,0.02299715520701359,1,0,12066.33,12390.7075,84.47110608075673,84.47110608075673,0.006945421053956281,0.006921412718377343
AO--PK,AO,PK,7881.321787923071,10,7811.7,7805.0,7798.25,7814.841200576797,276.00968179475956,76181.34444444443,7413.0,8318.0,7680.25,7969.0,288.75,166.0,0.03533285735432231,0,0,7655.4825,7973.402499999999,69.62178792307077,-69.62178792307077,-0.008833770501511002,-0.00887301956794083
AO--PL,AO,PL,6809.113037552695,10,6845.1,6893.5,6868.25,6869.684424600755,143.74703861683938,20663.21111111111,6525.0,6980.0,6787.75,6946.25,158.5,85.5,0.020999991032539973,1,0,6753.695,6922.42,35.986962447305814,35.986962447305814,0.0052851174960432306,0.005271200277125175
AO--PT,AO,PT,5753.282352388308,10,5783.8,5785.0,5784.25,5784.027014285713,6.511528238439883,42.400000000000006,5770.0,5794.0,5780.75,5785.0,4.25,3.5,0.0011258218192952527,2,0,5779.9,5787.5025,30.517647611692155,30.517647611692155,0.005304388997877644,0.005290370278532907
AO--RU,AO,RU,7506.107188793741,10,7495.0,7561.0,7518.0,7549.1059333320745,151.7036584924701,23014.0,7181.0,7625.0,7453.0,7590.0,137.0,47.0,0.020240648231150116,1,0,7394.075000000001,7575.6025,11.107188793741443,-11.107188793741443,-0.0014797535545887147,-0.0014808494711375897
AO--SA,AO,SA,5193.3979905841725,10,5363.9,5356.5,5364.0,5367.208142594849,94.52624562052124,8935.21111111111,5194.0,5533.0,5336.5,5412.25,75.75,55.0,0.017622671119991284,2,0,5307.7925000000005,5420.1050000000005,170.50200941582716,170.50200941582716,0.03283053017021876,0.032303120696483556
AO--SE,AO,SE,7571.629355004058,10,7646.1,7623.5,7642.625,7642.624999995156,144.07440207522407,20757.43333333333,7445.0,7875.0,7542.5,7756.75,214.25,123.5,0.018842861337835505,0,0,7564.47,7733.5025,74.47064499594217,74.47064499594217,0.009835484742359296,0.009787431192035151
AO--SG,AO,SG,10108.617908587756,10,10382.95,10332.0,10384.8125,10374.85773333268,138.7504654646847,19251.691666666666,10156.0,10595.0,10316.5,10495.0,178.5,82.0,0.013363299010848043,0,0,10305.59,10470.0775,274.33209141224506,274.33209141224506,0.027138437113068327,0.026776719440494097
AO--SN,AO,SN,4274.775841417532,10,4832.2,4873.5,4848.875,4876.819999999945,212.82898716523033,45296.177777777775,4431.0,5100.0,4791.25,4972.5,181.25,100.0,0.044043911089199604,2,0,4702.3949999999995,4939.952499999999,557.4241585824675,557.4241585824675,0.1303984534537894,0.12257018424657719
AO--TH,AO,TH,9957.692589929997,10,10184.27,10160.5,10171.15,10166.003581428151,70.81718325692172,5015.073444444434,10123.5,10350.0,10136.25,10211.125,74.875,30.649999999999636,0.006953584621865064,1,0,10149.119499999999,10228.32375,226.57741007000368,226.57741007000368,0.02275400731883776,0.02249899599993215
AO--TR,AO,TR,5765.533175593958,10,5988.2,5934.0,5979.5,5972.924114285717,156.24325763230732,24411.95555555556,5761.0,6285.0,5887.25,6082.5,195.25,88.0,0.026091856924001757,0,0,5900.195,6085.165,222.666824406042,222.666824406042,0.03862033529676172,0.03789323176342394
AO--TZ,AO,TZ,2502.0333905971356,10,2880.4,2850.5,2880.375,2878.5480714218643,70.77695795792425,5009.377777777777,2781.0,2980.0,2834.5,2945.0,110.5,52.5,0.024571919857632362,0,0,2841.79,2923.2174999999997,378.36660940286447,378.36660940286447,0.1512236450659691,0.1408254158745023
AO--UA,AO,UA,6776.4600893004845,10,6694.1,6652.5,6685.25,6671.9703202243045,148.04837797903164,21918.32222222222,6475.0,6984.0,6630.5,6785.0,154.5,66.0,0.0221162483349564,0,0,6603.9875,6784.407499999999,82.3600893004841,-82.3600893004841,-0.012153851452696434,-0.012228313453724163
AO--US,AO,US,10643.935912153609,10,10497.1,10523.0,10504.75,10508.027671428019,79.71260878932517,6354.100000000001,10313.0,10620.0,10477.75,10530.0,52.25,25.5,0.007593774355710165,2,0,10448.242499999998,10537.702500000001,146.83591215360866,-146.83591215360866,-0.013795264586847654,-0.013891303527354248
AO--VN,AO,VN,10634.256207680037,10,10640.9,10588.5,10617.375,10601.333333318173,319.2273484524783,101906.09999999999,10235.0,11235.0,10461.75,10774.0,312.25,167.0,0.03000003274652316,0,0,10472.0375,10831.140000000001,6.643792319962813,6.643792319962813,0.0006247538323521565,0.0006245587549225538
AO--ZA,AO,ZA,2450.091998989052,10,2490.5,2490.0,2490.5,2490.2857142833714,1.509230856356236,2.2777777777777772,2488.0,2493.0,2490.0,2490.75,0.75,0.0,0.0006059951240137467,3,0,2489.6,2491.4,40.40800101094783,40.40800101094783,0.016492442335888133,0.016357919071795395
AR--AU,AR,AU,11758.30968994146,10,11807.2,11800.0,11808.0,11800.333333333316,28.662015126489468,821.5111111111111,11750.0,11858.0,11800.0,11824.0,24.0,0.0,0.0024275031443940533,1,0,11789.99,11824.4,48.89031005854122,48.89031005854122,0.004157936926968677,0.00414931659416313
AR--BD,AR,BD,16776.827494420908,10,17053.1,17027.5,17052.625,17036.50043333333,149.65475082483832,22396.544444444444,16850.0,17260.0,16957.5,17195.5,238.0,100.5,0.008775809138798127,0,0,16975.4975,17145.109999999997,276.27250557909065,276.27250557909065,0.016467505889952338,0.016333386915164644
AR--BR,AR,BR,2333.5144810867555,10,2347.7,2348.0,2347.75,2347.7,0.48304589153964794,0.23333333333333334,2347.0,2348.0,2347.25,2348.0,0.75,0.0,0.00020575281830712951,0,0,2347.4,2348.0,14.185518913244323,14.185518913244323,0.006079036161214605,0.006060633364076514
AR--CA,AR,CA,9031.715831568095,10,8982.6,8977.5,8980.125,8978.333333333301,14.292189008919054,204.26666666666662,8970.0,9015.0,8975.0,8983.75,8.75,4.5,0.0015910971220937204,2,0,8975.6,8992.1,49.11583156809502,-49.11583156809502,-0.005438150677462964,-0.005452991246813509
AR--CD,AR,CD,8250.16360355336,10,7931.4,7872.5,7915.125,7886.1285600002975,105.57798592088746,11146.71111111111,7843.0,8150.0,7860.0,8004.0,144.0,26.0,0.013311393438849064,0,0,7876.087500000001,8001.415,318.76360355335964,-318.76360355335964,-0.038637246346977606,-0.03940346605243187
AR--CL,AR,CL,1139.660312749686,10,1137.9,1138.0,1138.0,1137.9,0.31622776601683794,0.1,1137.0,1138.0,1138.0,1138.0,0.0,0.0,0.00027790470693104657,1,0,1137.7,1138.0,1.7603127496859088,-1.7603127496859088,-0.0015445942356619928,-0.0015457883511127168
AR--CN,AR,CN,19261.112952664003,10,19268.7,19270.0,19270.25,19270.14285714286,6.766748767974831,45.78888888888889,19250.0,19275.0,19270.0,19270.0,0.0,0.0,0.0003511782719111736,3,0,19264.2,19271.6,7.58704733599734,7.58704733599734,0.000393904929307212,0.00039382736912735517
AR--CO,AR,CO,4640.374060415398,10,4679.2,4682.5,4679.625,4681.695666666648,6.729701991090606,45.28888888888887,4670.0,4685.0,4672.75,4685.0,12.25,2.5,0.001438216359867201,0,0,4674.9,4683.0,38.825939584601656,38.825939584601656,0.008366984876457572,0.008332175689012143
AR--DE,AR,DE,11887.678205229642,10,11913.0,11910.0,11913.125,11913.0,11.105554165971787,123.33333333333331,11900.0,11925.0,11902.5,11925.0,22.5,10.0,0.0009322214526963642,0,0,11906.5,11919.5,25.321794770357883,25.321794770357883,0.0021300875017981466,0.0021278220818736053
AR--DZ,AR,DZ,10143.842601055805,10,9829.7,9817.5,9819.0,9818.934749999988,43.19220608705542,1865.566666666667,9800.0,9945.0,9805.5,9832.5,27.0,15.0,0.004394051302385161,1,0,9809.49,9856.612500000001,314.14260105580433,-314.14260105580433,-0.030968796876156904,-0.03145846624362858
AR--EG,AR,EG,11806.270501311932,10,11804.5,11800.0,11803.75,11800.42857142857,7.245688373094719,52.49999999999999,11800.0,11815.0,11800.0,11811.25,11.25,0.0,0.0006138073084920767,0,0,11800.0,11809.0,1.7705013119320938,-1.7705013119320938,-0.0001499627940707739,-0.00014997403961484936
AR--ES,AR,ES,10020.91071488952,10,10063.9,10065.0,10066.25,10066.29350000004,13.939950581771164,194.32222222222222,10034.0,10075.0,10065.0,10075.0,10.0,10.0,0.001385143988093201,2,0,10054.7,10071.0,42.989285110479614,42.989285110479614,0.00428995790238947,0.0042807822656906625
AR--ET,AR,ET,11225.784843590129,10,10240.8,10215.0,10260.375,10236.189533335204,247.49356894001647,61253.06666666669,9745.0,10580.0,10126.0,10412.5,286.5,111.0,0.024167405763223234,0,0,10090.255,10385.304999999998,984.9848435901295,-984.9848435901295,-0.08774307162608334,-0.09183360887510926
AR--FI,AR,FI,12925.656160584465,10,12632.6,12630.5,12632.625,12632.666666666664,8.87192826341101,78.71111111111111,12620.0,12645.0,12630.0,12638.75,8.75,7.0,0.0007023042179290891,0,0,12627.1,12638.0025,293.05616058446503,-293.05616058446503,-0.022672439754208483,-0.02293341164021828
AR--FJ,AR,FJ,11642.45746949547,10,11450.2,11468.5,11470.25,11473.666666668098,111.33213572210157,12394.844444444445,11175.0,11565.0,11442.5,11511.25,68.75,39.0,0.009723160793881466,1,0,11369.4875,11506.2,192.2574694954692,-192.2574694954692,-0.01651347836135155,-0.016651345732290577
AR--FR,AR,FR,11025.630755006467,10,11088.1,11086.0,11088.25,11086.80433333319,9.314862675674112,86.76666666666668,11075.0,11100.0,11082.0,11097.5,15.5,5.0,0.0008400774411913774,0,0,11082.6,11093.2,62.46924499353372,62.46924499353372,0.005665820521439826,0.0056498301310390475
AR--GB,AR,GB,11102.268069921352,10,11131.5,11130.0,11131.25,11129.25870000887,10.814085465005556,116.94444444444444,11115.0,11150.0,11126.25,11130.0,3.75,2.5,0.0009714850168445902,3,0,11126.0,11138.0,29.231930078647565,29.231930078647565,0.0026329692180504737,0.0026295090269857677
AR--GH,AR,GH,7539.559525025004,10,7649.8,7766.5,7687.75,7761.422633333414,259.49557906745844,67337.95555555557,7130.0,7866.0,7542.25,7815.0,272.75,58.5,0.03392187757424487,1,0,7494.075000000001,7793.1,110.24047497499578,110.24047497499578,0.01462160682054303,0.014515741824095218
AR--GR,AR,GR,11672.738469495696,10,11114.4,11130.0,11119.875,11128.782666666657,47.474437566149454,2253.8222222222225,11025.0,11160.0,11092.0,11150.0,58.0,20.0,0.004271435036182741,0,0,11085.5525,11140.404999999999,558.3384694956967,-558.3384694956967,-0.04783268904334656,-0.0490145128292246
AR--IN,AR,IN,15794.7526620095,10,15900.0,15900.0,15900.0,15897.034800000152,31.269438398822864,977.7777777777778,15850.0,15950.0,15885.0,15900.0,15.0,10.0,0.001966631345837916,3,0,15882.0,15919.025,105.24733799050045,105.24733799050045,0.006663436917480054,0.006641334353402634
AR--IT,AR,IT,11131.20670997276,10,11147.0,11150.0,11147.5,11149.57142857143,4.83045891539648,23.333333333333336,11140.0,11150.0,11142.5,11150.0,7.5,0.0,0.00043334160898864983,0,0,11144.0,11150.0,15.7932900272408,15.7932900272408,0.0014188300009819377,0.0014178244127561381
AR--JP,AR,JP,18370.21725262342,10,18352.5,18350.0,18350.0,18350.11111111111,7.905694150420948,62.5,18350.0,18375.0,18350.0,18350.0,0.0,0.0,0.0004307693311767306,1,0,18350.0,18357.5,17.71725262342079,-17.71725262342079,-0.0009644552581919312,-0.0009649206444179381
AR--KE,AR,KE,10410.808770079677,10,9920.6,10034.5,9928.875,9938.452971404564,300.3916702499514,90235.15555555554,9520.0,10255.0,9601.25,10158.75,557.5,214.0,0.030279586945341146,0,0,9732.4875,10086.4025,490.20877007967647,-490.20877007967647,-0.047086521413064505,-0.04823116792066905
AR--KR,AR,KR,19431.621304450513,10,19430.0,19430.0,19430.0,19430.0,0.0,0.0,19430.0,19430.0,19430.0,19430.0,0.0,0.0,0.0,0,0,19430.0,19430.0,1.62130445051298,-1.62130445051298,-8.343639602227352e-05,-8.343987703198337e-05
AR--MA,AR,MA,9305.417619305188,10,9413.0,9440.5,9429.375,9451.314042854527,140.91999306146892,19858.44444444445,9130.0,9565.0,9419.75,9497.5,77.75,54.5,0.014970784347335484,2,0,9324.495,9493.0,107.58238069481195,107.58238069481195,0.01156126302935825,0.011494942306027966
AR--MX,AR,MX,7372.308131811268,10,7383.0,7380.0,7382.5,7382.482600000058,6.749485577105529,45.55555555555555,7375.0,7395.0,7380.0,7388.75,8.75,5.0,0.0009141928182453649,0,0,7379.0,7387.0,10.69186818873186,10.69186818873186,0.0014502741878892444,0.0014492235559594457
AR--MY,AR,MY,15967.59980860726,10,15909.5,15920.0,15916.875,15916.724666666763,49.241468522194,2424.722222222222,15800.0,15960.0,15881.25,15948.75,67.5,30.0,0.0030950984331496274,0,0,15880.5,15936.0125,58.09980860725955,-58.09980860725955,-0.003638606259153684,-0.0036452420885788985
AR--NG,AR,NG,8446.362395848217,10,8103.8,8092.5,8104.375,8103.481286031347,95.95925061075549,9208.177777777777,7945.0,8258.0,8039.25,8170.75,131.5,65.0,0.011841265901275388,0,0,8050.4925,8158.1175,342.5623958482165,-342.5623958482165,-0.040557387878194996,-0.04140277551401077
AR--NL,AR,NL,11420.79314209203,10,11442.7,11442.0,11442.125,11442.0,2.9078437983419185,8.455555555555556,11440.0,11450.0,11442.0,11442.0,0.0,0.0,0.0002541221738175359,4,0,11441.3975,11444.7,21.906857907970334,21.906857907970334,0.0019181555637525097,0.001916318252493068
AR--NO,AR,NO,12224.016263540156,10,11760.4,11786.5,11761.75,11760.399999994888,150.89083618445633,22768.044444444437,11565.0,11945.0,11612.75,11889.25,276.5,148.5,0.012830417008303828,0,0,11670.88,11847.2075,463.61626354015607,-463.61626354015607,-0.037926672670009175,-0.0386646073855702
AR--NZ,AR,NZ,10003.231625456845,10,10317.1,10317.0,10317.375,10318.056842857126,11.278790321267218,127.21111111111108,10300.0,10332.0,10313.0,10326.75,13.75,8.5,0.0010932132402775216,0,0,10310.695000000002,10324.0025,313.86837454315537,313.86837454315537,0.03137669768081783,0.030894509477440525
AR--PE,AR,PE,3130.6695211171427,10,3138.2,3138.0,3138.375,3138.199999997605,1.5491933384829668,2.4000000000000004,3135.0,3140.0,3138.0,3139.5,1.5,0.5,0.0004936566625718459,1,0,3137.3,3139.0025,7.530478882857096,7.530478882857096,0.0024053892728255564,0.002402500954807498
AR--PH,AR,PH,17788.20333536327,10,19987.2,19996.0,19988.875,19995.666666666668,21.570556063506775,465.2888888888889,19947.0,20014.0,19987.75,19996.0,8.25,0.0,0.0010792185030172698,3,0,19974.8,19997.8175,2198.996664636732,2198.996664636732,0.12362106634260735,0.1165565650421165
AR--PK,AR,PK,15601.725953155386,10,15174.0,15199.0,15178.125,15176.576788898286,256.5363305438216,65810.88888888889,14815.0,15500.0,14968.75,15393.0,424.25,226.5,0.01690630885355355,0,0,15018.4975,15324.6175,427.7259531553864,-427.7259531553864,-0.027415297156202164,-0.027798109242454797
AR--PL,AR,PL,12308.20746555706,10,12244.2,12234.0,12249.0,12244.53388888889,68.40207924065207,4678.844444444445,12130.0,12320.0,12208.75,12310.0,101.25,75.0,0.005586488234482618,0,0,12203.0975,12284.62,64.00746555705882,-64.00746555705882,-0.005200388906034897,-0.005213957991881152
AR--PT,AR,PT,9574.20669056964,10,9584.7,9584.5,9584.625,9584.699999999999,4.2176876234364356,17.788888888888888,9580.0,9590.0,9580.5,9589.0,8.5,4.5,0.00044004378054988004,0,0,9582.1,9587.3,10.493309430361478,10.493309430361478,0.0010959977959006393,0.0010953976287975155
AR--RU,AR,RU,13459.503231297233,10,13476.0,13476.0,13476.0,13476.0,0.0,0.0,13476.0,13476.0,13476.0,13476.0,0.0,0.0,0.0,0,0,13476.0,13476.0,16.49676870276744,16.49676870276744,0.0012256595521599703,0.0012249090446729816
AR--SA,AR,SA,12854.981363911493,10,12713.5,12455.0,12673.875,12510.227500034835,678.530806637072,460404.0555555556,11950.0,13794.0,12272.0,13162.5,890.5,262.5,0.05337088973430385,0,0,12337.8,13093.4625,141.48136391149274,-141.48136391149274,-0.011005956360907785,-0.011066969987174404
AR--SE,AR,SE,12541.33572639846,10,12202.4,12225.0,12228.75,12225.804333333506,119.3121023944251,14235.37777777778,11874.0,12320.0,12220.0,12237.5,17.5,5.0,0.009777757030946788,2,0,12123.175000000001,12254.0,338.93572639846025,-338.93572639846025,-0.027025488655488983,-0.02739739308528356
AR--SG,AR,SG,15887.309757265864,10,15879.2,15880.0,15880.875,15880.63237777779,14.823404916999783,219.73333333333335,15850.0,15895.0,15873.0,15892.75,19.75,11.0,0.0009335108139578683,0,0,15870.2,15887.3025,8.109757265863664,-8.109757265863664,-0.0005104550354823142,-0.0005105853620063699
AR--SN,AR,SN,6965.255742849274,10,6966.7,6965.0,6966.0,6966.2064999999975,12.074306973441121,145.7888888888889,6954.0,6985.0,6955.25,6975.0,19.75,10.0,0.001733145818456532,0,0,6959.7,6973.1,1.4442571507261164,1.4442571507261164,0.00020735163273923304,0.0002073301383606285
AR--TH,AR,TH,16880.505738924476,10,17038.5,17045.0,17039.0,17040.52237142855,15.529541740394874,241.16666666666666,17013.0,17060.0,17030.5,17048.75,18.25,9.0,0.0009114383156025985,0,0,17028.897500000003,17046.9025,157.99426107552426,157.99426107552426,0.009359569169258238,0.009316039801696784
AR--TR,AR,TR,12466.927062320188,10,11981.9,11914.5,11974.75,11972.929299991772,198.87430424488954,39550.98888888889,11756.0,12265.0,11805.75,12185.0,379.25,141.5,0.01659789384362159,0,0,11863.789999999999,12097.1375,485.02706232018863,-485.02706232018863,-0.038905101465310205,-0.03968212511133083
AR--TZ,AR,TZ,10004.640819282862,10,9384.9,9427.0,9374.875,9403.94583332948,177.623478177858,31550.1,9125.0,9725.0,9270.0,9462.5,192.5,62.5,0.018926517936031072,0,0,9284.724999999999,9487.9375,619.7408192828625,-619.7408192828625,-0.06194533421813397,-0.06394705258892727
AR--UA,AR,UA,12807.053139985803,10,12818.4,12818.0,12818.375,12818.433542857143,2.2211108331943574,4.933333333333333,12815.0,12822.0,12818.0,12820.0,2.0,2.0,0.00017327520074224222,0,0,12817.1,12819.7,11.346860014196864,11.346860014196864,0.0008859852372104268,0.000885592983960191
AR--US,AR,US,8360.953336333787,10,8373.7,8370.0,8372.5,8372.500000000005,10.011659869039367,100.23333333333335,8362.0,8395.0,8366.25,8380.0,13.75,6.5,0.0011956076607759253,0,0,8368.1975,8380.2075,12.746663666213863,12.746663666213863,0.0015245466818743394,0.0015233857403715806
AR--VN,AR,VN,17861.954046251605,6,18892.666666666668,19215.0,18892.666666666668,19027.26860012927,1155.7243039179657,1335698.6666666663,17450.0,19996.0,17917.5,19800.0,1882.5,778.0,0.06117316969113054,0,4,18050.0,19733.666666666668,1030.7126204150627,1030.7126204150627,0.057704359654388505,0.05610086116845672
AR--ZA,AR,ZA,8148.626185145644,10,8120.6,8115.0,8117.625,8115.571428571428,11.364662579925351,129.15555555555554,8115.0,8150.0,8115.0,8119.0,4.0,0.0,0.001399485577411195,2,0,8115.2,8128.110000000001,28.026185145643467,-28.026185145643467,-0.0034393754859847634,-0.0034453037347369144
AU--BD,AU,BD,8995.963141163435,10,9087.8,9118.5,9105.75,9117.695057143423,85.33567705114771,7282.177777777778,8882.0,9150.0,9101.0,9136.25,35.25,21.0,0.009390135902104768,2,0,9034.4825,9129.9,91.83685883656472,91.83685883656472,0.010208674423791335,0.010156917852991679
AU--BR,AU,BR,14075.358195321549,10,14162.5,14100.0,14153.125,14147.122999997844,151.64377116562795,22995.833333333336,13920.0,14480.0,14100.0,14240.0,140.0,65.0,0.010707415439761904,1,0,14077.475,14247.0125,87.14180467845108,87.14180467845108,0.006191089666720936,0.006172003606256178
AU--CA,AU,CA,16104.729525959248,10,16241.8,16248.0,16242.875,16243.283557142886,38.49617585625298,1481.955555555555,16160.0,16315.0,16231.25,16250.0,18.75,13.5,0.002370191472389328,2,0,16218.495,16263.307499999999,137.07047404075092,137.07047404075092,0.00851119379681644,0.008475177802009914
AU--CD,AU,CD,13504.360503430844,10,13131.7,13187.5,13149.5,13157.666666711297,320.8890600953683,102969.78888888887,12521.0,13600.0,12981.5,13291.25,309.75,189.5,0.024436216186431936,0,0,12957.2725,13303.675000000001,372.66050343084316,-372.66050343084316,-0.02759556836002468,-0.02798347912565111
AU--CL,AU,CL,11345.088282272682,10,11343.0,11340.0,11342.5,11340.42857142857,4.83045891539648,23.333333333333336,11340.0,11350.0,11340.0,11347.5,7.5,0.0,0.0004258537349375368,0,0,11340.975,11346.0,2.088282272681681,-2.088282272681681,-0.0001840692836163061,-0.000184086226446082
AU--CN,AU,CN,8980.130816239809,10,8965.7,8965.0,8965.625,8965.625,3.2676869155073254,10.677777777777779,8960.0,8972.0,8964.25,8967.75,3.5,2.0,0.000364465341859233,0,0,8963.8,8967.6,14.430816239808337,-14.430816239808337,-0.001606971717350868,-0.0016082642813291964
AU--CO,AU,CO,14436.399681031653,10,14302.2,14311.0,14303.625,14303.624999999958,28.650382972037992,820.8444444444445,14250.0,14343.0,14285.0,14318.75,33.75,23.5,0.0020032150978197753,0,0,14284.4875,14319.0075,134.1996810316523,-134.1996810316523,-0.009295924468479535,-0.009339401221848771
AU--DE,AU,DE,16060.205223180863,10,16098.9,16094.0,16097.375,16094.428571426228,8.949860334105779,80.10000000000001,16094.0,16116.0,16094.0,16098.5,4.5,0.0,0.000555929929007931,2,0,16094.6,16104.8,38.69477681913668,38.69477681913668,0.002409357556856477,0.002406459708639702
AU--DZ,AU,DZ,16979.37379367375,10,17040.7,17064.0,17031.25,17036.127888889,146.7893804817713,21547.12222222222,16875.0,17282.0,16900.0,17140.0,240.0,135.0,0.008614046399606314,0,0,16954.9,17129.3175,61.32620632625185,61.32620632625185,0.003611806128509936,0.0036052992198433807
AU--EG,AU,EG,14263.93286552806,10,14392.2,14391.0,14392.75,14392.628511111105,9.461031186456957,89.51111111111113,14375.0,14405.0,14390.0,14400.0,10.0,9.0,0.0006573721311861256,0,0,14386.4,14397.6025,128.26713447194015,128.26713447194015,0.008992410135491171,0.008952219178156726
AU--ES,AU,ES,17574.421466877073,10,17640.2,17640.0,17639.25,17638.699371428578,9.953223933312596,99.06666666666668,17628.0,17660.0,17632.5,17641.5,9.0,6.0,0.000564235322349667,1,0,17634.8,17646.0,65.77853312292791,65.77853312292791,0.003742856244053454,0.0037358691865623313
AU--ET,AU,ET,12442.084906893078,10,11841.2,11852.0,11841.5,11841.499999995336,194.478676351819,37821.955555555556,11565.0,12115.0,11685.0,12000.25,315.25,170.5,0.016423899296677615,0,0,11722.32,11949.9075,600.8849068930776,-600.8849068930776,-0.04829455122591066,-0.04949969461384095
AU--FI,AU,FI,15202.304817605685,10,15203.2,15201.5,15202.375,15200.999999999987,16.63196387148019,276.62222222222226,15183.0,15230.0,15190.75,15210.0,19.25,10.0,0.0010939778383156301,0,0,15193.9,15213.3025,0.8951823943152704,0.8951823943152704,5.8884649732754057e-05,5.88829160997622e-05
AU--FJ,AU,FJ,3459.5502950524574,10,3272.2,3266.0,3270.0,3267.5956285712928,31.442363496121317,988.6222222222223,3232.0,3330.0,3248.5,3284.5,36.0,19.0,0.00960893695254609,0,0,3254.6974999999998,3292.205,187.35029505245757,-187.35029505245757,-0.05415452271943824,-0.05567606652744129
AU--FR,AU,FR,16917.63537856836,10,16955.0,16960.0,16960.0,16959.888888890546,15.811388300841896,250.0,16910.0,16960.0,16960.0,16960.0,0.0,0.0,0.0009325501799375935,1,0,16945.0,16960.0,37.364621431639534,37.364621431639534,0.0022086196206222695,0.00220618420558579
AU--GB,AU,GB,16976.59127449891,10,16917.2,16910.0,16915.25,16910.42857142623,12.585706178041818,158.39999999999998,16910.0,16940.0,16910.0,16919.0,9.0,0.0,0.0007439591763437103,2,0,16911.2,16925.0,59.39127449891021,-59.39127449891021,-0.0034984216524152154,-0.00350455543933799
AU--GH,AU,GH,15466.274445812925,10,15805.5,15650.0,15701.875,15633.333333324004,624.8214411600592,390401.8333333333,15185.0,17255.0,15489.5,15778.0,288.5,171.5,0.03953189972857924,2,0,15472.852499999999,16218.91,339.2255541870745,339.2255541870745,0.0219332429005817,0.02169616958992548
AU--GR,AU,GR,15201.661293550262,10,15318.2,15314.0,15316.5,15315.113028571446,10.347302385968367,107.06666666666668,15310.0,15340.0,15310.0,15323.0,13.0,4.0,0.0006754907486498654,0,0,15312.6,15324.605,116.53870644973904,116.53870644973904,0.007666182280957931,0.00763694642875621
AU--IN,AU,IN,10338.502325503718,10,10314.3,10342.5,10320.25,10318.788250005851,125.27307948815039,15693.344444444445,10141.0,10440.0,10200.5,10435.0,234.5,95.0,0.012145572601936185,0,0,10242.2725,10382.6025,24.202325503718384,-24.202325503718384,-0.0023409895110256393,-0.0023437339108818302
AU--IT,AU,IT,16216.420011411574,10,16314.8,16315.0,16314.875,16314.8,0.4216370213557839,0.17777777777777778,16314.0,16315.0,16315.0,16315.0,0.0,0.0,2.5843836354462448e-05,2,0,16314.5,16315.0,98.37998858842548,98.37998858842548,0.006066689720616202,0.006048361449135486
AU--JP,AU,JP,7916.886601720884,10,7973.9,7973.0,7973.5,7973.116300000004,3.5418137224371984,12.544444444444444,7971.0,7980.0,7971.0,7974.75,3.75,2.0,0.0004441758389793198,0,0,7972.0,7976.1,57.01339827911579,57.01339827911579,0.007201492347600742,0.0071756854264109155
AU--KE,AU,KE,11938.438068840167,10,11919.8,11952.5,11925.75,11922.292188886013,178.10097011402144,31719.955555555556,11652.0,12140.0,11776.25,12075.75,299.5,165.5,0.014941607251297962,0,0,11806.195000000002,12022.210000000001,18.63806884016776,-18.63806884016776,-0.001561181515764103,-0.0015624014294631677
AU--KR,AU,KR,8383.398878278069,10,8342.0,8341.0,8341.0,8340.99565000464,3.6514837167011076,13.333333333333334,8340.0,8352.0,8340.0,8341.75,1.75,1.0,0.0004377228142772845,1,0,8340.4,8344.5,41.39887827806888,-41.39887827806888,-0.004938197368293672,-0.004950430554794304
AU--MA,AU,MA,17823.98557196807,10,17812.6,17825.0,17819.5,17821.879025000006,127.01286024126323,16132.266666666665,17600.0,17970.0,17737.0,17921.0,184.0,101.5,0.007130506508946657,0,0,17737.2775,17882.602499999997,11.385571968072327,-11.385571968072327,-0.0006387781185134323,-0.0006389822241792241
AU--MX,AU,MX,13179.187255642872,10,13373.5,13404.5,13364.25,13365.114071416252,707.47661916608,500523.1666666666,12450.0,14371.0,12851.25,13961.5,1110.25,577.5,0.052901381027111824,0,0,12948.665,13787.1425,194.3127443571284,194.3127443571284,0.014743909513382959,0.014636274761117911
AU--MY,AU,MY,6520.550088731684,10,6460.2,6485.5,6463.0,6468.3313666675695,101.31995525726082,10265.733333333334,6313.0,6585.0,6361.5,6542.0,180.5,71.5,0.015683718036169286,0,0,6398.36,6517.415,60.35008873168408,-60.35008873168408,-0.009255367708312905,-0.00929846474944643
AU--NG,AU,NG,15163.69563184826,10,14760.4,14713.5,14777.125,14763.890999997031,189.24011789845784,35811.822222222225,14392.0,14995.0,14673.75,14936.25,262.5,105.0,0.01282079875196186,0,0,14647.49,14863.4025,403.2956318482611,-403.2956318482611,-0.026596130761238745,-0.026956206617639124
AU--NL,AU,NL,16620.528265072542,10,16600.6,16600.0,16600.0,16600.0,6.2574400161372346,39.15555555555555,16590.0,16616.0,16600.0,16600.0,0.0,0.0,0.00037694059348079194,2,0,16597.0,16604.8,19.92826507254358,-19.92826507254358,-0.0011990151428834023,-0.0011997345366400504
AU--NO,AU,NO,15966.082912956443,10,15930.6,15919.0,15925.125,15925.999999999574,73.27300548860633,5368.933333333333,15814.0,16091.0,15904.5,15951.0,46.5,32.0,0.004599513231680309,2,0,15890.8925,15975.404999999999,35.482912956442306,-35.482912956442306,-0.0022223931286018813,-0.0022248663091432525
AU--NZ,AU,NZ,2331.7654440152487,10,2326.4,2326.0,2326.375,2326.4,0.5163977794943223,0.2666666666666667,2326.0,2327.0,2326.0,2327.0,1.0,0.0,0.00022197291071798586,0,0,2326.1,2326.7,5.365444015248613,-5.365444015248613,-0.002301022184293733,-0.0023036736039378602
AU--PE,AU,PE,12870.966935523227,10,12794.3,12800.0,12796.625,12800.505299999957,32.18712648111216,1036.0111111111116,12735.0,12835.0,12785.0,12815.0,30.0,16.5,0.0025157395466037344,1,0,12773.0,12812.0025,76.66693552322795,-76.66693552322795,-0.0059565793236272735,-0.00597439050661675
AU--PH,AU,PH,6269.920053818219,10,6060.1,6117.5,6063.875,6077.938833333751,203.03226344598536,41222.100000000006,5780.0,6310.0,5867.0,6206.25,339.25,147.5,0.033503120979189345,0,0,5939.1975,6184.8175,209.82005381821818,-209.82005381821818,-0.03346455010864823,-0.03403730238109651
AU--PK,AU,PK,10988.77817833369,10,10569.0,10554.0,10556.875,10557.499999999247,270.03785742825846,72920.44444444444,10125.0,11110.0,10437.25,10682.0,244.75,135.0,0.025549991241201483,1,0,10419.179999999998,10735.322499999998,419.77817833369045,-419.77817833369045,-0.03820062353805239,-0.03894939844202097
AU--PL,AU,PL,15552.021357649579,10,15602.0,15600.0,15601.375,15600.142857142857,6.164414002968976,37.99999999999999,15594.0,15615.0,15600.0,15600.0,0.0,0.0,0.00039510408940962545,3,0,15598.8,15605.9,49.97864235042107,49.97864235042107,0.00321364285716069,0.0032084901433240887
AU--PT,AU,PT,18058.241733092265,10,17930.5,18037.0,17975.0,18028.88050000061,221.3560480312205,48998.49999999999,17430.0,18075.0,17958.75,18048.25,89.5,22.5,0.012345224507471653,2,0,17790.100000000002,18042.5025,127.74173309226535,-127.74173309226535,-0.007073874355008484,-0.007099012825273205
AU--RU,AU,RU,14468.762247285287,10,14469.3,14470.0,14469.0,14469.107244444445,2.3118054512532935,5.344444444444444,14467.0,14474.0,14467.0,14470.0,3.0,2.0,0.00015977313700409098,0,0,14468.0975,14470.7,0.5377527147120418,0.5377527147120418,3.7166462861253946e-05,3.7165772205469694e-05
AU--SA,AU,SA,12623.318465753277,10,12687.9,12625.0,12678.375,12685.33763333391,338.6589402005767,114689.87777777779,12297.0,13155.0,12390.0,13026.0,636.0,299.5,0.026691488757050158,0,0,12505.045,12898.105,64.5815342467231,64.5815342467231,0.005116050460259801,0.0051030079393204
AU--SE,AU,SE,15597.07886628645,10,15611.4,15615.0,15611.5,15612.189757142847,7.618690467819548,58.04444444444445,15600.0,15622.0,15606.25,15616.5,10.25,4.5,0.0004880209633869831,0,0,15606.9975,15615.5,14.321133713548988,14.321133713548988,0.000918193325578711,0.0009177720439459959
AU--SG,AU,SG,6204.591664762586,10,6025.2,6016.5,6024.0,6021.53735993468,80.81089035519904,6530.400000000001,5910.0,6150.0,6015.0,6042.75,27.75,18.0,0.013412150692956091,4,0,5977.2,6075.9,179.39166476258652,-179.39166476258652,-0.028912726969833685,-0.029338935193004193
AU--SN,AU,SN,17367.8662451382,10,17368.3,17399.5,17348.25,17368.29999999825,479.22994944436067,229661.3444444445,16834.0,18063.0,16881.25,17801.0,919.75,478.0,0.027592219701661112,0,0,17086.6,17632.3625,0.4337548617986613,0.4337548617986613,2.4974562544209056e-05,2.4974250685049564e-05
AU--TH,AU,TH,7462.848367041455,10,7297.219999999999,7303.6,7297.775,7297.774999999842,28.98803584622839,840.306222222222,7255.0,7335.0,7270.25,7321.0,50.75,23.5,0.003972476620716984,0,0,7279.599999999999,7313.402499999999,165.62836704145593,-165.62836704145593,-0.022193719997438063,-0.02244370627429146
AU--TR,AU,TR,14491.126052008547,10,14410.35,14418.0,14407.25,14411.92033333359,43.67051509759061,1907.1138888888893,14343.0,14502.5,14378.25,14425.0,46.75,15.0,0.00303049649020257,1,0,14386.49,14434.1025,80.77605200854669,-80.77605200854669,-0.005574173581724569,-0.005589767262203253
AU--TZ,AU,TZ,11694.349880853746,10,11409.7,11413.5,11396.25,11396.249999999558,243.97907469471411,59525.78888888889,11082.0,11845.0,11198.75,11569.5,370.75,178.0,0.02138347850466832,0,0,11277.5275,11559.15,284.64988085374534,-284.64988085374534,-0.02434080421347582,-0.024641938193153193
AU--UA,AU,UA,14887.737081531282,10,14914.4,14915.0,14914.0,14915.0,7.411702458499891,54.93333333333334,14902.0,14930.0,14915.0,14915.0,0.0,0.0,0.000496949421934499,4,0,14910.297499999999,14918.7,26.66291846871718,26.66291846871718,0.0017909315782983156,0.0017893297725370238
AU--US,AU,US,15945.723803950415,10,16029.8,16007.5,16012.875,16014.14765000001,117.98945338932252,13921.511111111111,15915.0,16280.0,15937.5,16091.25,153.75,81.0,0.007360631660365227,0,0,15969.08,16106.304999999998,84.07619604958381,84.07619604958381,0.005272648459441814,0.005258796717463518
AU--VN,AU,VN,7727.631084944442,10,7741.6,7745.0,7742.375,7742.375000000012,8.617811013631401,74.26666666666668,7725.0,7752.0,7735.25,7747.0,11.75,6.0,0.001113182160487677,0,0,7736.3,7746.1,13.968915055558682,13.968915055558682,0.0018076581169582467,0.001806026269276772
AU--ZA,AU,ZA,10839.833274898414,10,10283.2,10260.0,10272.375,10259.97100000004,51.39130925231101,2641.0666666666675,10245.0,10408.0,10255.0,10291.5,36.5,5.0,0.004997598923711589,1,0,10257.0,10317.5025,556.6332748984132,-556.6332748984132,-0.05135072291078478,-0.05271611971390686
BD--BR,BD,BR,15592.505750516311,10,16360.0,16197.0,16357.5,16352.598679959125,362.9833176454379,131756.88888888888,15925.0,16815.0,16120.0,16736.25,616.25,259.0,0.02218724435485562,0,0,16152.4375,16557.135,767.4942494836887,767.4942494836887,0.04922199560248838,0.04804893295638017
BD--CA,BD,CA,12219.959997048985,10,12019.05,12024.0,12009.4375,12011.416666662712,211.13956021761737,44579.91388888887,11740.0,12375.0,11866.875,12132.25,265.375,145.25,0.017567075618923074,0,0,11900.635,12138.65375,200.90999704898604,-200.90999704898604,-0.016441133776011058,-0.0165777891323062
BD--CD,BD,CD,8699.546891941973,10,9320.02,9349.0,9322.4,9331.533333321677,207.90297844053228,43223.64844444443,9015.0,9606.0,9209.150000000001,9462.75,253.59999999999854,141.89999999999964,0.022307138658557844,0,0,9193.1125,9438.277,620.4731080580277,620.4731080580277,0.07132246262535191,0.06889383169966874
BD--CL,BD,CL,17886.203807894904,10,17082.2,17082.5,17082.125,17082.12500000037,39.00940057644226,1521.7333333333338,17025.0,17140.0,17047.75,17113.75,66.0,35.0,0.0022836286061773225,0,0,17059.9,17104.22,804.0038078949037,-804.0038078949037,-0.04495105929297414,-0.04599269300084027
BD--CN,BD,CN,3026.7986717227063,10,3025.3,3025.0,3025.25,3025.3,0.48304589153964794,0.23333333333333334,3025.0,3026.0,3025.0,3025.75,0.75,0.0,0.00015966875732642975,0,0,3025.0,3025.6,1.498671722706149,-1.498671722706149,-0.0004951342607313813,-0.0004952568801764713
BD--CO,BD,CO,16454.083310734804,10,16641.4,16638.0,16665.5,16665.50000000195,171.28222324572974,29337.600000000002,16255.0,16835.0,16576.5,16778.75,202.25,97.5,0.010292536880654856,1,0,16531.49,16736.4075,187.31668926519706,187.31668926519706,0.011384206930749513,0.011319894484235378
BD--DE,BD,DE,7083.361209694893,10,7174.35,7175.5,7177.1875,7170.203685598498,68.40323660308609,4679.002777777776,7048.0,7278.0,7136.25,7192.625,56.375,33.0,0.009534415884795986,2,0,7134.6875,7212.50375,90.98879030510761,90.98879030510761,0.012845425725370688,0.012763623026546805
BD--DZ,BD,DZ,8249.865357774017,10,8415.23,8366.5,8402.162499999999,8373.646540002488,130.47056756219,17022.56899999999,8290.0,8645.0,8330.25,8446.425,116.17499999999927,43.69999999999982,0.015504100014163608,2,0,8344.3135,8495.0835,165.3646422259826,165.3646422259826,0.020044526189770616,0.019846279470635757
BD--EG,BD,EG,5856.065710330734,10,5677.4,5691.0,5697.625,5696.9930251346,90.91901157990372,8266.266666666668,5440.0,5753.0,5677.25,5736.25,59.0,41.5,0.016014198678955812,1,0,5614.79,5720.5075,178.66571033073433,-178.66571033073433,-0.03050951255815806,-0.030984616166192896
BD--ES,BD,ES,8668.474277763522,10,8225.3,8236.0,8225.625,8225.624999818443,45.811328050797414,2098.677777777778,8162.0,8286.0,8182.5,8263.75,81.25,39.0,0.00556956318320273,0,0,8198.1975,8251.7,443.1742777635227,-443.1742777635227,-0.051124830456076784,-0.052478027966339685
BD--ET,BD,ET,5724.1496250866285,10,5959.4,5965.0,5969.125,5969.125000000616,80.93783622838784,6550.933333333331,5771.0,6070.0,5937.5,6009.0,71.5,40.0,0.013581541133065048,1,0,5910.884999999999,5999.1175,235.25037491337116,235.25037491337116,0.041097873102821085,0.04027580356383626
BD--FI,BD,FI,6394.878508271938,10,6701.1,6701.5,6683.75,6688.3965111067255,136.83928123491765,18724.988888888885,6561.0,6980.0,6571.75,6770.75,199.0,111.0,0.02042042071225883,0,0,6626.2525000000005,6792.702499999999,306.2214917280626,306.2214917280626,0.047885427585834084,0.04677425509977896
BD--FJ,BD,FJ,10616.636231096905,10,11597.8,11587.5,11572.0,11572.685777778614,276.04500438233697,76200.84444444443,11252.0,12150.0,11367.0,11747.75,380.75,220.0,0.023801497213466086,0,0,11451.52,11756.304999999998,981.163768903094,981.163768903094,0.09241757441299472,0.08839319837979717
BD--FR,BD,FR,7923.795839306774,10,7907.35,7907.0,7907.4375,7907.344779999995,2.135025370653317,4.5583333333333345,7904.0,7910.0,7906.125,7909.5,3.375,1.5,0.0002700051686915739,0,0,7906.1,7908.6,16.44583930677345,-16.44583930677345,-0.0020755001315395124,-0.0020776569667955527
BD--GB,BD,GB,8015.217428089591,10,7998.75,8002.5,7999.0625,8001.320879987348,6.223834116612614,38.736111111111114,7990.0,8005.0,7992.75,8003.375,10.625,2.0,0.0007781008428332694,0,0,7994.84875,8002.15,16.467428089590612,-16.467428089590612,-0.0020545204465545717,-0.002056633868896265
BD--GH,BD,GH,9833.431322059829,10,9996.6,10030.0,9993.625,9993.624999980055,246.12155984842576,60575.822222222225,9545.0,10472.0,9849.75,10099.25,249.5,137.0,0.024620526964010337,0,0,9853.72,10143.41,163.16867794017162,163.16867794017162,0.0165932595241833,0.016457095597689646
BD--GR,BD,GR,6434.574552380038,10,6229.1,6263.5,6245.625,6256.978333331706,88.80997191256796,7887.21111111111,6014.0,6312.0,6208.0,6281.5,73.5,25.0,0.014257271822986941,1,0,6176.797500000001,6275.3075,205.4745523800375,-205.4745523800375,-0.03193288860163039,-0.032453864151776986
BD--IN,BD,IN,1425.4260591415405,10,1423.6,1424.0,1423.625,1423.6,0.5163977794943223,0.2666666666666667,1423.0,1424.0,1423.0,1424.0,1.0,0.0,0.00036274078357285917,0,0,1423.3,1423.9,1.8260591415405543,-1.8260591415405543,-0.0012810619883295063,-0.0012818832497046102
BD--IT,BD,IT,7320.0470436892765,10,7275.35,7277.75,7276.6875,7277.795657162361,9.345379131480493,87.33611111111111,7255.0,7285.0,7274.75,7281.5,6.75,4.0,0.0012845263982462002,2,0,7269.99625,7280.2,44.69704368927614,-44.69704368927614,-0.006106114267094792,-0.006124832820131878
BD--JP,BD,JP,4901.783530903048,10,4857.6,4902.0,4864.875,4898.036114165377,90.80406256207802,8245.377777777778,4725.0,4932.0,4772.25,4919.5,147.25,24.0,0.018693194697397483,0,0,4800.8,4911.8025,44.18353090304754,-44.18353090304754,-0.009013766239266726,-0.009054636009245779
BD--KE,BD,KE,6417.460535353122,10,6903.2,6898.5,6896.125,6896.124999996426,106.11817312160376,11261.066666666668,6758.0,7105.0,6828.25,6966.5,138.25,80.5,0.015372316189825553,0,0,6843.195,6965.5075,485.7394646468774,485.7394646468774,0.07569029244059847,0.072962588003648
BD--KR,BD,KR,3797.612686267932,10,3716.2,3715.0,3715.375,3715.3447142856553,7.465476095557023,55.73333333333334,3707.0,3732.0,3710.75,3719.5,8.75,5.0,0.0020089005154612302,0,0,3712.1974999999998,3721.1025,81.41268626793226,-81.41268626793226,-0.02143785925360909,-0.02167098803428886
BD--MA,BD,MA,9196.660288262383,10,9125.5,9108.0,9102.875,9101.833333331862,225.20521505704278,50717.38888888889,8838.0,9594.0,9027.5,9167.75,140.25,76.5,0.024678671311932802,1,0,9001.655,9257.9425,71.16028826238289,-71.16028826238289,-0.007737622792613547,-0.007767713516804414
BD--MX,BD,MX,15118.666153073525,10,15412.0,15751.0,15417.5,15464.419733336368,934.3433820365806,872997.5555555556,14350.0,16430.0,14366.25,16275.75,1909.5,654.0,0.060624408385451634,0,0,14853.047499999999,15931.775000000001,293.3338469264745,293.3338469264745,0.019402098303946055,0.01921627729322402
BD--MY,BD,MY,2578.596726870454,10,2631.4,2630.0,2631.125,2630.6666666666665,2.065591117977289,4.266666666666666,2630.0,2635.0,2630.0,2632.0,2.0,0.0,0.0007849780033355965,0,0,2630.4,2632.7,52.80327312954614,52.80327312954614,0.020477522746890124,0.020270677299460162
BD--NG,BD,NG,8893.098615055616,10,8889.1,8870.0,8878.25,8888.666666654131,240.01641147591926,57607.87777777779,8540.0,9325.0,8788.5,9037.0,248.5,147.5,0.02700120501242187,0,0,8757.577500000001,9035.61,3.9986150556160283,-3.9986150556160283,-0.00044963125100699463,-0.00044973236544849557
BD--NL,BD,NL,7656.49679159308,10,7725.45,7714.0,7723.0,7719.220616666663,26.353842224616887,694.525,7695.5,7775.0,7709.125,7739.25,30.125,12.25,0.0034113018949856497,0,0,7711.7,7742.45375,68.95320840691966,68.95320840691966,0.00900584304856381,0.008965532284896582
BD--NO,BD,NO,7181.762061567684,10,7426.25,7427.5,7422.0625,7423.303771429475,53.85951375775892,2900.847222222222,7356.0,7530.0,7391.25,7456.375,65.125,36.0,0.0072525855926960335,0,0,7394.833750000001,7459.9625,244.4879384323158,244.4879384323158,0.034042890357042443,0.033476255261788906
BD--NZ,BD,NZ,11267.899459200993,10,11695.26,11736.5,11706.075,11703.639916677366,230.25907727311565,53019.24266666664,11340.0,11964.0,11481.5,11882.625,401.125,188.75,0.019688239275836163,0,0,11555.378250000002,11816.01,427.36054079900714,427.36054079900714,0.03792725896662476,0.03722570422127905
BD--PE,BD,PE,18167.538095071344,10,17196.5,17181.5,17176.25,17176.24999999999,136.74408376395832,18698.94444444445,17015.0,17540.0,17136.25,17217.5,81.25,45.0,0.007951855538275715,1,0,17128.9975,17283.622499999998,971.0380950713443,-971.0380950713443,-0.05344907438695705,-0.05493050564592605
BD--PH,BD,PH,3362.196759695326,10,3369.6,3379.0,3391.375,3379.0,147.52114725993997,21762.488888888893,3005.0,3560.0,3358.25,3403.75,45.5,27.0,0.04378001758663935,3,0,3272.085,3453.105,7.403240304674,7.403240304674,0.002201905728249189,0.002199485086529804
BD--PK,BD,PK,2010.504192418624,10,1897.1,1899.0,1899.0,1899.0,12.520649610410263,156.76666666666668,1868.0,1911.0,1892.0,1905.75,13.75,7.5,0.006599889099367595,1,0,1889.1975,1903.6,113.404192418624,-113.404192418624,-0.056405847272668196,-0.05805912823834298
BD--PL,BD,PL,6568.012073729416,10,6835.82,6844.6,6837.4,6840.083914037012,72.16756427463334,5208.157333333334,6716.0,6943.0,6792.125,6877.25,85.125,51.0,0.010557265152481099,0,0,6793.66575,6876.608,267.80792627058327,267.80792627058327,0.04077457886256867,0.03996522330466044
BD--PT,BD,PT,9173.202508931836,10,8543.1,8464.0,8527.5,8486.173528856725,212.58329086632267,45191.655555555546,8274.0,8937.0,8445.25,8542.5,97.25,59.5,0.024883624312757976,3,0,8425.4775,8685.175,630.1025089318355,-630.1025089318355,-0.06868947985377107,-0.07116252332351387
BD--RU,BD,RU,5553.2737926347245,10,4963.0,4917.0,4921.375,4919.71229999939,138.47342304171184,19174.88888888889,4903.0,5356.0,4915.0,4932.25,17.25,6.5,0.027901153141590133,1,0,4915.0,5054.1,590.2737926347245,-590.2737926347245,-0.10629293902591319,-0.11237722979341092
BD--SA,BD,SA,4415.912406616781,10,4581.8,4517.0,4573.25,4551.3922000408365,273.77354794712284,74951.95555555557,4260.0,4972.0,4376.25,4848.5,472.25,191.0,0.059752400355127425,0,0,4431.27,4744.2074999999995,165.8875933832196,165.8875933832196,0.037565870449480496,0.03687746069719839
BD--SE,BD,SE,6768.471024295255,10,7171.8,7159.0,7160.625,7161.806667157665,120.56515066782588,14535.955555555554,7023.0,7410.0,7068.75,7248.5,179.75,100.0,0.016811002909705497,0,0,7106.092500000001,7245.2225,403.32897570474506,403.32897570474506,0.059589377609360505,0.057881453459299646
BD--SG,BD,SG,2874.5622395689315,10,2895.6,2895.5,2895.5,2895.5555555555557,0.6992058987801011,0.488888888888889,2895.0,2897.0,2895.0,2896.0,1.0,0.5,0.00024147185342592248,0,0,2895.2,2896.0,21.037760431068364,21.037760431068364,0.007318596251449813,0.007291945278713844
BD--SN,BD,SN,11109.021139047307,10,12322.119999999999,12382.5,12338.525,12371.587113338097,218.86964562903145,47903.92177777781,11943.0,12570.0,12242.5,12460.0,217.5,104.10000000000036,0.017762336808035586,0,0,12193.7795,12432.957499999999,1213.0988609526921,1213.0988609526921,0.10919943762540411,0.10363852775016534
BD--TH,BD,TH,1533.2161452123528,10,1540.0,1540.0,1540.0,1540.0,0.0,0.0,1540.0,1540.0,1540.0,1540.0,0.0,0.0,0.0,0,0,1540.0,1540.0,6.783854787647215,6.783854787647215,0.004424591280773162,0.0044148315547150015
BD--TR,BD,TR,5633.079801631459,10,5457.1,5457.0,5464.75,5463.84285555336,123.41479291847924,15231.211111111113,5240.0,5613.0,5370.5,5563.75,193.25,105.5,0.022615453797526018,0,0,5377.0825,5524.6025,175.97980163145894,-175.97980163145894,-0.031240424035976103,-0.03173881349734614
BD--TZ,BD,TZ,6793.0341997186615,10,6922.4,6884.5,6922.625,6922.399999998582,158.1175371537122,25001.155555555557,6718.0,7125.0,6781.75,7077.25,295.5,138.5,0.022841433195670894,0,0,6832.4875,7016.402499999999,129.36580028133812,129.36580028133812,0.019043890620585407,0.018864825560880913
BD--UA,BD,UA,5893.685382507589,10,6092.85,6133.0,6099.3125,6108.4160666648895,81.88408134538592,6705.002777777779,5944.0,6190.0,6025.75,6145.75,120.0,43.0,0.013439372599913985,0,0,6043.71625,6140.125,199.1646174924117,199.1646174924117,0.03379288247783479,0.03323444894069696
BD--US,BD,US,12949.493713794654,10,12634.8,12630.0,12632.25,12631.748428571347,23.696225672269225,561.5111111111111,12605.0,12685.0,12618.75,12645.0,26.25,15.0,0.001875472953451517,1,0,12621.995,12649.904999999999,314.6937137946552,-314.6937137946552,-0.024301622963021536,-0.024601780252850234
BD--VN,BD,VN,1616.977559772685,10,1866.5,1863.5,1865.25,1865.250000044493,25.140715096344326,632.0555555555555,1825.0,1918.0,1851.0,1880.25,29.25,14.0,0.013469442859011157,0,0,1852.5,1881.0025,249.52244022731497,249.52244022731497,0.15431410208462812,0.1435063165654264
BD--ZA,BD,ZA,8645.990655579606,10,8385.6,8382.5,8400.125,8400.166666663863,127.9376584295822,16368.044444444446,8115.0,8540.0,8351.5,8485.0,133.5,75.0,0.015256828185172462,1,0,8308.4875,8459.832499999999,260.39065557960566,-260.39065557960566,-0.030116925399585655,-0.030579756399494392
BR--CA,BR,CA,7334.346869539842,10,6832.95,6847.5,6841.5625,6840.9248625022765,79.07466584044334,6252.802777777778,6675.0,6922.0,6795.0,6891.375,96.375,61.75,0.011572551510027637,0,0,6783.847500000001,6875.868750000001,501.39686953984256,-501.39686953984256,-0.06836285199738586,-0.0708118662811112
BR--CD,BR,CD,7021.609682135122,10,6899.2,6842.5,6885.25,6874.893299995653,121.04067268668183,14650.844444444445,6770.0,7140.0,6817.5,6980.0,162.5,61.5,0.017544160581905416,0,0,6832.8875,6979.0125,122.40968213512224,-122.40968213512224,-0.017433279216098503,-0.017587028349635044
BR--CL,BR,CL,3009.3551850238605,10,2876.4,3013.5,2944.375,3011.554357144226,303.2374207338753,91952.9333333333,2170.0,3039.0,3002.0,3019.75,17.75,7.5,0.10542254927474458,2,0,2706.3925,3017.3025000000002,132.9551850238604,-132.9551850238604,-0.04418062237568884,-0.04518631932072674
BR--CN,BR,CN,16930.472630910997,10,16943.7,16895.0,16916.875,16896.223899999794,137.20710218093262,18825.788888888885,16800.0,17302.0,16890.0,16960.0,70.0,7.5,0.008097824098687572,1,0,16874.9875,17035.6,13.227369089003332,13.227369089003332,0.0007812758318898503,0.0007809707947955684
BR--CO,BR,CO,3659.609825431805,10,3660.4,3660.0,3660.25,3660.249999997861,0.8432740427115679,0.7111111111111112,3660.0,3662.0,3660.0,3660.0,0.0,0.0,0.00023037756603419514,2,0,3660.0,3661.0,0.7901745681951979,0.7901745681951979,0.00021591770868687173,0.00021589440181328537
BR--DE,BR,DE,9575.611395967344,10,9519.35,9514.5,9517.3125,9517.3125000001,26.96298903641393,727.0027777777777,9485.0,9570.0,9501.625,9537.5,35.875,20.0,0.002832440138918511,0,0,9504.19625,9534.3525,56.26139596734356,-56.26139596734356,-0.005875488638880791,-0.005892817231558087
BR--DZ,BR,DZ,7899.280557882734,10,7650.9,7593.5,7649.125,7650.387755567602,188.35749107599742,35478.544444444444,7404.0,7912.0,7533.25,7823.0,289.75,173.0,0.02461899790560554,0,0,7539.99,7771.45,248.38055788273414,-248.38055788273414,-0.03144344045798878,-0.03194839872614278
BR--EG,BR,EG,9874.469524339542,10,9728.3,9790.0,9746.0,9766.545357137164,166.90985591030866,27858.9,9435.0,9880.0,9607.25,9872.5,265.25,87.5,0.017157145226844226,0,0,9624.085000000001,9825.8175,146.16952433954248,-146.16952433954248,-0.01480277233923805,-0.01491342672594784
BR--ES,BR,ES,7719.290067297386,10,7319.2,7263.0,7283.375,7262.333333333597,142.1531255762993,20207.511111111115,7240.0,7685.0,7252.5,7271.0,18.5,11.5,0.019421948515725665,2,0,7254.6975,7406.405,400.09006729738576,-400.09006729738576,-0.051829904539066246,-0.053221367230259234
BR--ET,BR,ET,9928.94838833383,10,9173.9,9162.5,9163.25,9165.64361111325,135.34848026893803,18319.211111111108,9018.0,9415.0,9057.5,9264.0,206.5,112.5,0.01475364678805503,0,0,9097.3925,9256.112500000001,755.0483883338311,-755.0483883338311,-0.07604515189352648,-0.0790920742200541
BR--FI,BR,FI,10597.841046061912,10,10367.2,10420.0,10376.0,10407.618780172153,134.49394864536555,18088.622222222224,10134.0,10530.0,10265.75,10446.25,180.5,48.5,0.012973025372845661,0,0,10286.0925,10441.804999999998,230.64104606191177,-230.64104606191177,-0.02176302183241524,-0.022003329334584865
BR--FJ,BR,FJ,13707.79297949407,10,13970.1,14053.0,13998.875,14006.450627328973,346.43660635421054,120018.32222222222,13385.0,14325.0,13703.75,14256.25,552.5,252.0,0.024798434252740535,0,0,13759.4875,14153.8575,262.30702050593027,262.30702050593027,0.019135612924584124,0.018954829708112356
BR--FR,BR,FR,8706.397888002059,10,8725.9,8726.0,8726.0,8726.0,1.5238839267549946,2.322222222222222,8723.0,8728.0,8725.0,8727.0,2.0,1.0,0.0001746391692266694,0,0,8725.0,8726.8,19.50211199794103,19.50211199794103,0.0022399748149365094,0.0022374698114164173
BR--GB,BR,GB,8772.672472521588,10,8775.4,8775.0,8775.125,8775.124999999987,5.4812812776251905,30.04444444444444,8768.0,8785.0,8771.0,8779.75,8.75,4.5,0.0006246189663861694,0,0,8772.0,8778.6,2.7275274784115027,2.7275274784115027,0.00031091181016444706,0.0003108634871035467
BR--GH,BR,GH,5761.1782251059785,10,5625.7,5585.0,5592.75,5590.8333333328565,165.41869436204738,27363.344444444443,5465.0,6050.0,5557.5,5636.25,78.75,50.0,0.029404108708613572,1,0,5545.2925000000005,5734.02,135.4782251059787,-135.4782251059787,-0.0235157149826738,-0.0237966219671209
BR--GR,BR,GR,9543.526478721476,10,9490.0,9499.5,9497.0,9498.491700238488,89.60158728752769,8028.444444444444,9320.0,9604.0,9446.25,9561.5,115.25,68.5,0.00944168464568258,0,0,9439.0925,9540.314999999999,53.52647872147645,-53.52647872147645,-0.005608668749525727,-0.005624456391539887
BR--IN,BR,IN,14244.967094288088,10,14193.7,14195.0,14188.375,14199.166666660514,160.82153670036445,25863.56666666667,13960.0,14470.0,14125.0,14278.75,153.75,82.5,0.011330487237321095,0,0,14096.095000000001,14280.025,51.26709428808681,-51.26709428808681,-0.0035989619315192215,-0.0036054537756250904
BR--IT,BR,IT,8891.366226296563,10,8722.4,8724.5,8723.125,8724.166666666684,3.8355066303046734,14.71111111111111,8714.0,8725.0,8720.75,8725.0,4.25,0.5,0.0004397306510025536,1,0,8720.0,8724.3,168.96622629656304,-168.96622629656304,-0.019003404200902088,-0.01918628955623228
BR--JP,BR,JP,17673.237812688087,10,17377.4,17377.5,17377.375,17377.399999999987,7.604092465391398,57.82222222222223,17370.0,17385.0,17370.0,17384.75,14.75,7.5,0.00043758516610030256,0,0,17373.0,17381.8,295.83781268808525,-295.83781268808525,-0.01673931035295046,-0.016880995980472567
BR--KE,BR,KE,9414.754147935433,10,8286.6,8315.0,8278.0,8280.096444444442,192.1852115943252,36935.15555555555,8030.0,8612.0,8127.5,8371.5,244.0,180.0,0.023192287740970385,0,0,8176.195,8404.630000000001,1128.1541479354328,-1128.1541479354328,-0.11982831736321296,-0.12763829663278622
BR--KR,BR,KR,17539.5016131441,10,18302.0,18327.5,18318.75,18324.20035714294,64.4291169511977,4151.11111111111,18130.0,18340.0,18292.5,18338.75,46.25,12.5,0.0035203320375476834,1,0,18260.0,18331.0,762.4983868558993,762.4983868558993,0.043473207145434685,0.04255477125477606
BR--MA,BR,MA,7024.002442289389,10,7114.910000000001,7105.0,7110.1375,7102.459242853594,95.93651199274103,9203.814333333345,6985.0,7283.0,7042.0,7149.25,107.25,59.5,0.013483868663516618,0,0,7062.889999999999,7168.93025,90.9075577106114,90.9075577106114,0.012942415447250496,0.012859378090312639
BR--MX,BR,MX,6827.142656438756,10,6847.0,6847.5,6847.5,6847.365944444445,3.496029493900505,12.222222222222221,6840.0,6850.0,6845.0,6850.0,5.0,2.5,0.0005105928865051124,0,0,6845.0,6849.0,19.857343561244306,19.857343561244306,0.0029085877592606945,0.0029043660021370026
BR--MY,BR,MY,16422.814195799372,10,16212.5,16180.0,16205.625,16208.723277782812,178.1891940856372,31751.388888888887,16000.0,16480.0,16056.25,16375.0,318.75,157.5,0.010990852372282943,0,0,16113.9875,16316.025,210.3141957993721,-210.3141957993721,-0.012806221472880469,-0.01288892799114825
BR--NG,BR,NG,6701.782316617511,10,6540.3,6484.0,6532.625,6540.30000001738,382.42560641835223,146249.34444444446,6170.0,6972.0,6180.5,6918.0,737.5,314.0,0.05847218115657572,0,0,6316.595,6766.445,161.48231661751106,-161.48231661751106,-0.024095428497745295,-0.024390472449490105
BR--NL,BR,NL,9095.395184382438,10,9223.2,9226.5,9225.125,9225.039150000033,13.23967102646017,175.2888888888889,9195.0,9236.0,9217.75,9233.75,16.0,9.0,0.001435474783855947,0,0,9214.9925,9230.005,127.80481561756278,127.80481561756278,0.014051595673051618,0.01395378718123687
BR--NO,BR,NO,9890.673869295977,10,9447.3,9479.5,9450.375,9468.52200000463,143.67327904349895,20642.011111111115,9237.0,9633.0,9327.25,9544.75,217.5,90.0,0.015207866696675131,0,0,9358.4925,9523.9125,443.3738692959778,-443.3738692959778,-0.044827468295397084,-0.04586329334793667
BR--NZ,BR,NZ,12315.070951453863,10,12085.2,12100.0,12088.25,12090.348185714955,76.96579326774547,5923.733333333334,11933.0,12213.0,12049.0,12123.75,74.75,39.5,0.006368599052373603,1,0,12037.9625,12129.3,229.8709514538623,-229.8709514538623,-0.018665824367558738,-0.01884222948074638
BR--PE,BR,PE,3172.9910685849954,10,3169.5,3170.0,3170.375,3170.375,3.4075080500434787,11.61111111111111,3160.0,3172.0,3170.0,3171.0,1.0,0.5,0.0010750932481601132,1,0,3167.2,3170.9,3.491068584995446,-3.491068584995446,-0.0011002453235874686,-0.0011008510378037212
BR--PH,BR,PH,18834.978421995093,10,18748.5,18557.5,18729.375,18634.568599319082,397.742309095279,158198.94444444444,18335.0,19315.0,18412.25,19163.75,751.5,185.0,0.021214620321373924,0,0,18515.579999999998,19002.0125,86.4784219950925,-86.4784219950925,-0.004591373563460249,-0.004601946293708684
BR--PK,BR,PK,13831.892357763147,10,13735.0,13771.5,13736.875,13748.638479993515,188.4904948973997,35528.666666666664,13460.0,13995.0,13588.75,13833.0,244.25,126.0,0.013723370578623932,0,0,13613.7925,13840.6075,96.89235776314672,-96.89235776314672,-0.007004996515083918,-0.00702964668686831
BR--PL,BR,PL,10013.245328845951,10,9885.9,9860.0,9879.25,9879.250000001568,90.85574647025177,8254.766666666668,9765.0,10060.0,9841.25,9949.75,108.5,77.0,0.009190437539349151,0,0,9835.4,9942.5075,127.34532884595137,-127.34532884595137,-0.012717687888770444,-0.012799249939751138
BR--PT,BR,PT,7260.226545104273,10,7289.5,7290.0,7290.375,7290.375,3.4075080500434787,11.61111111111111,7280.0,7292.0,7290.0,7291.0,1.0,0.5,0.0004674542904236887,1,0,7287.3,7290.9,29.2734548957269,29.2734548957269,0.004032030503988422,0.0040239236530698105
BR--RU,BR,RU,11166.929191609152,10,11179.9,11180.0,11180.0,11179.9,0.31622776601683794,0.1,11179.0,11180.0,11180.0,11180.0,0.0,0.0,2.8285384128376637e-05,1,0,11179.7,11180.0,12.970808390848106,12.970808390848106,0.0011615376231269015,0.001160863560217698
BR--SA,BR,SA,11195.014360359984,10,10918.9,10960.0,10931.5,10958.333333332546,209.0191113005911,43688.988888888896,10557.0,11180.0,10873.75,11048.75,175.0,95.0,0.019142872569635323,2,0,10784.775,11034.55,276.11436035998486,-276.11436035998486,-0.024664047000928203,-0.024973300155392026
BR--SE,BR,SE,10211.465310360685,10,9929.0,9905.0,9920.625,9921.880250002972,115.1202270092735,13252.666666666666,9810.0,10115.0,9825.0,10026.25,201.25,85.0,0.01159434253291102,0,0,9862.695000000002,9997.445,282.4653103606852,-282.4653103606852,-0.0276615844813273,-0.02805137100289796
BR--SG,BR,SG,16541.57994188363,10,16509.5,16697.5,16544.375,16682.99550000018,325.17901052941426,105741.3888888889,16000.0,16740.0,16235.0,16728.75,493.75,42.5,0.01969647842329654,0,0,16307.9875,16664.0375,32.079941883628635,-32.079941883628635,-0.001939351742477848,-0.0019412347199659968
BR--SN,BR,SN,4752.903773023973,10,5035.3,5031.5,5045.5,5041.999999999795,106.6312962189494,11370.233333333334,4814.0,5175.0,5009.0,5101.75,92.75,57.0,0.02117675137905376,1,0,4967.7825,5091.335,282.3962269760268,282.3962269760268,0.05941551532745547,0.05771735541226363
BR--TH,BR,TH,16631.97836274269,10,16771.0,16740.0,16765.0,16740.66666666665,42.28212125447087,1787.7777777777776,16740.0,16850.0,16740.0,16800.0,60.0,0.0,0.0025211449081432753,0,0,16746.0,16799.0,139.0216372573086,139.0216372573086,0.008358695172952551,0.008323954736021835
BR--TR,BR,TR,10359.803932064284,10,10157.1,10270.0,10192.625,10234.07846666809,233.1320322144609,54350.54444444444,9680.0,10350.0,10118.75,10318.25,199.5,71.0,0.02295261759896633,2,0,10014.5,10276.0175,202.70393206428344,-202.70393206428344,-0.019566386911715698,-0.01976034284012999
BR--TZ,BR,TZ,9156.612898830454,10,8589.8,8587.5,8590.625,8593.999999997219,83.69893136182273,7005.511111111113,8445.0,8728.0,8557.75,8632.5,74.75,42.5,0.009743990705467267,1,0,8538.887499999999,8637.505,566.8128988304543,-566.8128988304543,-0.0619020269932839,-0.06390088659586002
BR--UA,BR,UA,10549.919782043095,10,10204.2,10217.0,10204.625,10214.081200000737,64.21284052967046,4123.288888888889,10080.0,10325.0,10167.5,10230.0,62.5,14.0,0.006292785375597348,1,0,10166.297499999999,10242.205,345.7197820430938,-345.7197820430938,-0.032769896756138346,-0.033318856051071384
BR--US,BR,US,6769.014727737269,10,6740.2,6740.0,6739.625,6738.499999999966,11.222992272810115,125.95555555555556,6725.0,6760.0,6735.25,6740.0,4.75,4.5,0.0016650829756995513,4,0,6734.097500000001,6746.8,28.814727737269095,-28.814727737269095,-0.00425685700153606,-0.004265943212269753
BR--VN,BR,VN,17204.186662884276,10,17295.7,17300.0,17298.375,17289.99999999987,345.402197123553,119302.67777777775,16740.0,17830.0,17133.75,17436.25,302.5,190.0,0.019970408663630437,0,0,17080.425,17491.609999999997,91.51333711572443,91.51333711572443,0.005319248094020752,0.005305150862894119
BR--ZA,BR,ZA,7905.896338955261,10,7406.7,7439.0,7411.875,7419.754714283978,77.02387797156008,5932.677777777779,7268.0,7504.0,7379.0,7445.0,66.0,45.0,0.010399216651350815,1,0,7359.12,7448.1,499.1963389552611,-499.1963389552611,-0.06314228236152516,-0.06522385711225762
CA--CD,CA,CD,10429.733240251062,10,10630.1,10530.5,10610.75,10539.57660000904,256.5369585675934,65811.21111111113,10325.0,11090.0,10472.5,10823.75,351.25,73.0,0.024133071049904833,0,0,10482.075,10801.05,200.36675974893842,200.36675974893842,0.019211110690316682,0.019028907160090997
CA--CL,CA,CL,8748.678780930806,10,8599.0,8605.5,8602.5,8603.333333333505,27.664658561661906,765.3333333333334,8540.0,8630.0,8590.5,8614.25,23.75,14.5,0.00321719485540899,1,0,8581.6975,8614.0,149.67878093080617,-149.67878093080617,-0.017108729749805863,-0.0172567750745989
CA--CN,CA,CN,10474.241950070254,10,10490.3,10520.5,10499.375,10509.466185611194,69.01215673906866,4762.67777777778,10351.0,10557.0,10482.5,10530.0,47.5,29.5,0.006578663788363409,2,0,10448.885,10525.702500000001,16.05804992974481,16.05804992974481,0.0015330990067149541,0.001531925010181634
CA--CO,CA,CO,4525.731196671247,10,4530.4,4534.5,4531.125,4531.125785740397,10.351596763570129,107.15555555555557,4510.0,4545.0,4525.0,4535.0,10.0,7.5,0.0022849189395130957,0,0,4524.889999999999,4536.0,4.6688033287528015,4.6688033287528015,0.001031613042371316,0.0010310812953101011
CA--DE,CA,DE,6146.549872089064,10,6140.3,6140.0,6140.0,6140.0,6.342975116877989,40.23333333333334,6130.0,6153.0,6137.0,6144.0,7.0,4.0,0.0010330073639525739,0,0,6136.797500000001,6144.0,6.249872089063501,-6.249872089063501,-0.001016809790715864,-0.0010173270924858137
CA--DZ,CA,DZ,6419.275105731327,10,6194.7,6149.5,6188.25,6152.682533327892,110.1756678118076,12138.677777777777,6065.0,6376.0,6125.75,6271.5,145.75,26.0,0.017785472712448964,0,0,6131.9975,6263.1275000000005,224.5751057313273,-224.5751057313273,-0.034984496229304725,-0.03561111168858727
CA--EG,CA,EG,8876.40462189037,10,8662.7,8690.0,8666.5,8684.373499999969,166.93448482030973,27867.12222222222,8418.0,8877.0,8512.5,8795.0,282.5,107.5,0.01927049128104514,0,0,8558.3975,8760.705,213.7046218903688,-213.7046218903688,-0.024075583639275002,-0.0243701378212062
CA--ES,CA,ES,5707.581780771725,10,5683.9,5683.5,5684.0,5684.000000000004,14.54838669940951,211.65555555555557,5660.0,5707.0,5673.5,5694.75,21.25,11.0,0.0025595782296327367,0,0,5675.797500000001,5693.0,23.681780771725244,-23.681780771725244,-0.004149179404052835,-0.004157811133586509
CA--ET,CA,ET,11136.890454729448,10,11482.3,11485.0,11481.375,11486.000000000418,72.87134782157754,5310.2333333333345,11360.0,11612.0,11466.25,11510.75,44.5,25.5,0.006346406889001119,3,0,11440.297499999999,11524.414999999999,345.40954527055146,345.40954527055146,0.031014900135240903,0.030543657049927293
CA--FI,CA,FI,6289.502387773958,10,6123.9,6133.5,6127.375,6128.183285714087,56.747882975686615,3220.3222222222225,6025.0,6195.0,6084.25,6168.75,84.5,45.0,0.009266624695975868,0,0,6086.99,6157.412499999999,165.60238777395807,-165.60238777395807,-0.026329966595746806,-0.026682807475687104
CA--FJ,CA,FJ,12653.111746459324,10,12560.0,12542.0,12562.125,12562.124999998987,326.5094859945794,106608.44444444444,11943.0,13160.0,12388.0,12723.25,335.25,192.0,0.025995978184281798,0,0,12371.9,12756.9525,93.11174645932442,-93.11174645932442,-0.007358802192304953,-0.007386011745820301
CA--FR,CA,FR,5663.62568366498,10,5651.7,5650.0,5651.5,5650.833333333409,5.012207320355197,25.12222222222222,5645.0,5660.0,5649.25,5653.5,4.25,2.5,0.0008868495002132451,2,0,5648.8,5654.6,11.92568366498017,-11.92568366498017,-0.002105662402686005,-0.002107882426724661
CA--GB,CA,GB,5378.074759985251,10,5386.5,5387.5,5386.375,5386.523200000102,5.359311730271176,28.722222222222225,5380.0,5394.0,5381.0,5390.0,9.0,4.0,0.0009949525165267197,0,0,5383.4,5389.6,8.425240014748852,8.425240014748852,0.0015665903489173432,0.0015653645263308297
CA--GH,CA,GH,8439.561227154014,10,8381.4,8394.0,8382.5,8388.986433330481,100.00577761087384,10001.155555555555,8234.0,8520.0,8300.0,8451.5,151.5,69.5,0.011931870285498108,0,0,8321.287499999999,8440.52,58.16122715401434,-58.16122715401434,-0.006891498928508568,-0.006915354973029153
CA--GR,CA,GR,7764.7115554242955,10,7627.0,7627.5,7626.875,7626.874999999977,8.055363982396381,64.88888888888889,7615.0,7640.0,7620.5,7632.25,11.75,6.5,0.0010561641513565465,0,0,7621.9975,7631.8025,137.7115554242955,-137.7115554242955,-0.017735566149664962,-0.017894725970612303
CA--IN,CA,IN,11362.94782650969,10,11156.5,11150.0,11155.0,11151.608666666712,21.21974971053565,450.2777777777777,11130.0,11195.0,11141.25,11173.75,32.5,10.0,0.0019020077721987763,0,0,11144.9875,11169.5,206.44782650968955,-206.44782650968955,-0.018168509585870667,-0.018335583708637408
CA--IT,CA,IT,6746.931142314486,10,6749.2,6726.5,6737.0,6726.33333333367,54.52787258722725,2973.2888888888892,6718.0,6878.0,6721.25,6730.0,8.75,5.0,0.008079160876433837,2,0,6722.6975,6788.5075,2.268857685513467,2.268857685513467,0.0003362799527156804,0.0003362234232852785
CA--JP,CA,JP,10343.49118277986,10,10314.8,10314.0,10313.875,10314.005799999999,3.7947331922020555,14.400000000000002,10312.0,10325.0,10312.5,10315.0,2.5,1.0,0.0003678920766473471,1,0,10313.1,10317.202500000001,28.691182779861265,-28.691182779861265,-0.0027738393423322257,-0.0027776935636578647
CA--KE,CA,KE,11852.842570511928,10,11876.0,11896.0,11878.75,11893.333333329523,178.92208111664448,32013.111111111106,11580.0,12150.0,11798.75,11982.25,183.5,104.0,0.015065853916861273,0,0,11772.8475,11975.5125,23.15742948807201,23.15742948807201,0.0019537447958419846,0.001951838718733378
CA--KR,CA,KR,10536.510102087088,10,10456.3,10465.0,10463.5,10464.000000000191,30.75006775060287,945.5666666666666,10375.0,10480.0,10453.5,10470.0,16.5,10.0,0.002940817282461566,1,0,10436.287499999999,10470.4025,80.21010208708867,-80.21010208708867,-0.007612587214356728,-0.007641710854719942
CA--MA,CA,MA,5854.797692873017,10,5689.9,5713.0,5702.875,5706.970699999758,61.19631434072552,3744.988888888888,5541.0,5735.0,5678.75,5730.0,51.25,22.0,0.01075525305202649,1,0,5652.389999999999,5721.7074999999995,164.89769287301715,-164.89769287301715,-0.028164541547480857,-0.028568770278865417
CA--MX,CA,MX,3598.308798337808,10,3614.9,3616.0,3615.25,3615.764500000019,6.297265720577111,39.655555555555566,3602.0,3625.0,3611.25,3618.0,6.75,2.5,0.0017420304076397994,0,0,3611.0,3618.2,16.591201662191907,16.591201662191907,0.004610833197488774,0.004600235868625928
CA--MY,CA,MY,14615.980355359012,10,14806.0,14797.5,14804.375,14798.275333333335,26.541372316525845,704.4444444444445,14775.0,14850.0,14790.0,14818.75,28.75,10.0,0.001792609233859641,0,0,14791.5,14822.5,190.0196446409882,190.0196446409882,0.013000814178798255,0.012917028996527663
CA--NG,CA,NG,8769.14706891505,10,8853.7,8845.0,8854.75,8854.145857137231,100.38819098324709,10077.788888888892,8713.0,8986.0,8777.25,8936.0,158.75,85.0,0.011338558002106133,0,0,8795.99,8909.3025,84.55293108495061,84.55293108495061,0.009642092944783033,0.009595904630607388
CA--NL,CA,NL,5650.389098226851,10,5643.3,5640.5,5642.75,5641.459399999827,11.450861200024312,131.1222222222222,5630.0,5661.0,5635.0,5651.75,16.75,7.0,0.0020291072953811263,0,0,5636.9975,5649.7,7.0890982268510925,-7.0890982268510925,-0.0012546212488403184,-0.0012554089449885151
CA--NO,CA,NO,5615.364370869781,10,5714.2,5697.0,5707.375,5704.045550217058,68.85863134793715,4741.511111111113,5641.0,5842.0,5661.5,5750.25,88.75,47.0,0.01205044124250764,0,0,5673.092500000001,5757.912499999999,98.83562913021888,98.83562913021888,0.017600928916196034,0.0174478264533394
CA--NZ,CA,NZ,14472.518850835871,10,14460.7,14440.5,14453.875,14444.283649933473,54.055629781837816,2922.0111111111114,14416.0,14560.0,14422.25,14467.5,45.25,21.0,0.003738106024040179,2,0,14431.887499999999,14495.2,11.818850835870762,-11.818850835870762,-0.0008166409011233145,-0.0008169745339551935
CA--PE,CA,PE,6365.101501579229,10,6180.6,6177.5,6179.5,6179.499999999777,30.52212312405544,931.5999999999998,6135.0,6235.0,6158.5,6200.0,41.5,22.5,0.004938375420518305,0,0,6164.097500000001,6199.1050000000005,184.50150157922872,-184.50150157922872,-0.028986419389141323,-0.029414824577641316
CA--PH,CA,PH,13148.893379643874,10,13213.8,13210.0,13216.625,13213.0,79.13392305312418,6262.177777777778,13045.0,13360.0,13202.5,13228.5,26.0,16.5,0.005988733222322434,3,0,13164.775,13257.3,64.90662035612513,64.90662035612513,0.004936280071797423,0.0049241365873549155
CA--PK,CA,PK,10699.32409267107,10,10817.6,10817.5,10819.0,10815.506142857523,83.83210734690034,7027.822222222223,10674.0,10950.0,10760.75,10855.5,94.75,55.0,0.007749603178792,0,0,10768.8925,10866.404999999999,118.27590732893077,118.27590732893077,0.011054521416913484,0.010993866790901403
CA--PL,CA,PL,6594.700288950723,10,6525.5830000000005,6530.0,6526.35375,6527.172685714175,16.418519387840345,269.5677788888893,6500.0,6545.0,6513.0,6538.75,25.75,12.0,0.002516023378729585,0,0,6515.639,6534.2,69.11728895072247,-69.11728895072247,-0.010480732394545205,-0.010536042066987819
CA--PT,CA,PT,5399.63090845621,10,5311.2,5316.0,5313.375,5315.840071428621,23.389456314046008,547.0666666666667,5260.0,5345.0,5309.5,5322.25,12.75,7.5,0.00440379882400324,3,0,5296.6,5324.402499999999,88.43090845621009,-88.43090845621009,-0.01637721354578531,-0.016512802525541954
CA--RU,CA,RU,7180.055639081386,10,7133.2,7141.5,7136.5,7138.194728571414,57.67109809562807,3325.9555555555553,7000.0,7240.0,7132.0,7142.75,10.75,6.5,0.008084884497228183,3,0,7095.7875,7166.902499999999,46.85563908138647,-46.85563908138647,-0.006525804455657556,-0.006547190609567517
CA--SA,CA,SA,10317.222965793204,10,10206.8,10185.0,10192.625,10187.647733332766,78.91176507129128,6227.0666666666675,10129.0,10398.0,10158.25,10238.75,80.5,32.0,0.007731293360435327,1,0,10168.795,10260.914999999999,110.42296579320464,-110.42296579320464,-0.010702779823535116,-0.010760466546259036
CA--SE,CA,SE,6012.504954934798,10,5967.5,5953.0,5966.125,5967.500000000004,58.23944825745977,3391.833333333334,5890.0,6056.0,5930.25,6019.0,88.75,60.5,0.009759438333885173,0,0,5932.7,6002.110000000001,45.00495493479775,-45.00495493479775,-0.0074852254213711176,-0.007513380306271524
CA--SG,CA,SG,14829.085234720038,10,14869.6,14862.5,14863.5,14863.54949995704,32.636720968190964,1065.1555555555558,14838.0,14950.0,14846.25,14879.5,33.25,17.5,0.002194862065434912,1,0,14852.6875,14891.4125,40.514765279962376,40.514765279962376,0.00273211493754876,0.002728389495547278
CA--SN,CA,SN,6388.706012444591,10,6312.1,6347.5,6315.375,6330.998033327176,117.85061165164424,13888.766666666666,6148.0,6450.0,6196.75,6407.5,210.75,71.5,0.018670586912698506,0,0,6236.4675,6378.205,76.6060124445903,-76.6060124445903,-0.011990849523419781,-0.012063319661185852
CA--TH,CA,TH,13440.553542475436,10,13662.0,13644.0,13650.375,13646.333333332364,81.82501654954513,6695.333333333334,13567.0,13850.0,13616.25,13681.25,65.0,35.0,0.005989241439726623,1,0,13619.4975,13709.6075,221.4464575245638,221.4464575245638,0.016475992363315903,0.016341735866693245
CA--TR,CA,TR,8182.193922543159,10,7872.85,7883.25,7880.4375,7877.749999995549,136.22327464701308,18556.780555555557,7622.0,8063.0,7801.5,7941.0,139.5,75.5,0.01730291757711795,0,0,7794.297500000001,7947.952499999999,309.34392254315844,-309.34392254315844,-0.03780696540213622,-0.03854018878074939
CA--TZ,CA,TZ,12166.73278626256,10,12274.24,12195.0,12265.925,12221.30628999828,158.0398979161064,24976.609333333337,12095.0,12520.0,12170.0,12417.475,247.47500000000036,54.94999999999982,0.012875737961462902,0,0,12194.74925,12372.802749999999,107.50721373743909,107.50721373743909,0.008836161328275848,0.008797350910616768
CA--UA,CA,UA,7237.438903984254,10,7295.6,7293.5,7292.625,7292.624999999842,25.639379434334558,657.3777777777779,7265.0,7350.0,7275.0,7308.5,33.5,18.5,0.0035143620037193044,0,0,7280.797500000001,7311.51,58.16109601574681,58.16109601574681,0.008036143280426004,0.008004025435344439
CA--US,CA,US,731.9154882007512,10,732.9,732.0,732.75,732.4285714285714,1.4491376746189437,2.0999999999999996,732.0,735.0,732.0,734.25,2.25,0.0,0.0019772652130153417,0,0,732.0,733.8,0.9845117992488213,0.9845117992488213,0.001345116772523862,0.0013442129133978636
CA--VN,CA,VN,12643.813172484095,10,12502.0,12460.0,12502.5,12502.500000651084,200.64064061567055,40256.666666666664,12150.0,12850.0,12388.75,12645.0,256.25,140.0,0.01604868345990006,0,0,12379.975,12616.5125,141.81317248409505,-141.81317248409505,-0.01121601296614488,-0.01127938675262452
CA--ZA,CA,ZA,13053.851270111287,10,12872.1,12890.5,12878.875,12886.880500255476,84.81149031168412,7192.98888888889,12725.0,12965.0,12838.75,12937.5,98.75,52.5,0.006588784294068887,0,0,12819.5975,12919.210000000001,181.75127011128643,-181.75127011128643,-0.0139231914283743,-0.014021028253619816
CD--CL,CD,CL,9377.485624065612,10,9213.6,9173.5,9207.125,9202.915856345031,282.8907130952792,80027.15555555555,8844.0,9635.0,8989.25,9424.25,435.0,235.0,0.030703602619527565,0,0,9060.6725,9376.0425,163.8856240656114,-163.8856240656114,-0.017476499632804423,-0.017631016575974653
CD--CN,CD,CN,11264.131510520167,10,11421.9,11391.5,11414.875,11413.914828574267,90.64025350557861,8215.655555555557,11315.0,11585.0,11347.5,11487.25,139.75,63.0,0.007935654620122625,0,0,11370.1975,11475.5075,157.76848947983308,157.76848947983308,0.014006271973341644,0.013909090527910953
CD--CO,CD,CO,9990.17825849726,10,9682.9,9661.0,9676.75,9676.74999999993,223.17429660842814,49806.766666666656,9370.0,10045.0,9500.5,9862.5,362.0,183.0,0.023048290967419692,0,0,9554.7825,9818.635,307.27825849726105,-307.27825849726105,-0.030758035597202884,-0.03124099299649734
CD--DE,CD,DE,6302.7657179686175,10,6158.32,6168.35,6151.5875,6158.190564285721,77.15533826134276,5952.946222222223,6045.0,6325.5,6131.625,6178.0,46.375,29.25,0.012528634150440828,3,0,6117.99675,6203.90425,144.44571796861783,-144.44571796861783,-0.022917830747986728,-0.02318452684023393
CD--DZ,CD,DZ,4724.24554729379,10,4680.2,4679.0,4676.75,4679.190411105935,199.21613053833434,39687.066666666666,4440.0,4948.0,4497.25,4827.75,330.5,174.5,0.04256573021202819,0,0,4564.4925,4792.202499999999,44.04554729379015,-44.04554729379015,-0.009323297625590386,-0.00936703160710117
CD--EG,CD,EG,4166.513540836489,10,4254.7,4200.0,4195.75,4197.287700000649,197.64111695472457,39062.01111111111,4165.0,4816.0,4185.25,4203.5,18.25,6.5,0.04645242131166112,1,0,4185.8,4385.9,88.18645916351124,88.18645916351124,0.021165528036615124,0.020944649486228366
CD--ES,CD,ES,5319.383374111961,10,5575.4,5552.5,5566.625,5559.911275003004,99.82006033079946,9964.044444444446,5475.0,5746.0,5495.0,5627.0,132.0,63.5,0.017903658989632937,0,0,5516.295,5637.005,256.016625888039,256.016625888039,0.048129004413181534,0.047006674137286826
CD--ET,CD,ET,2986.3101212320603,10,3064.65,3025.0,3028.75,3029.0945499998675,121.62785910765308,14793.336111111108,3008.5,3408.0,3015.0,3045.0,30.0,15.75,0.039687357155842616,1,0,3019.7,3146.9,78.33987876793981,78.33987876793981,0.02623300179407327,0.025894818231075884
CD--FI,CD,FI,7201.843348896968,10,7175.4,7190.0,7191.75,7191.750000002093,112.76642526331439,12716.26666666667,6915.0,7305.0,7133.5,7249.25,115.75,60.5,0.015715698813071662,1,0,7108.362499999999,7235.3,26.44334889696802,-26.44334889696802,-0.0036717473035591747,-0.003678504713762651
CD--FJ,CD,FJ,16916.81804347587,10,16434.8,16307.5,16423.75,16404.38870086651,387.397814483596,150077.06666666665,15873.0,17085.0,16252.5,16770.0,517.5,247.5,0.023571799747097378,0,0,16210.8975,16675.045,482.0180434758695,-482.0180434758695,-0.02849342247679754,-0.028907239705624196
CD--FR,CD,FR,6026.854910819904,10,6029.4,6029.0,6028.5,6028.666666666608,9.020963240019205,81.37777777777778,6016.0,6050.0,6025.75,6030.75,5.0,3.0,0.0014961626762230412,2,0,6024.3,6035.2,2.5450891800956015,2.5450891800956015,0.00042229143023278173,0.00042220229030120326
CD--GB,CD,GB,6358.423890884738,10,6376.5,6377.0,6376.875,6376.833333333336,2.9907264074877267,8.944444444444443,6370.0,6380.0,6375.25,6378.0,2.75,1.5,0.00046902319571672966,1,0,6374.6975,6378.1,18.076109115261715,18.076109115261715,0.002842860027179869,0.0028388267428465608
CD--GH,CD,GH,2043.3208669383591,10,2106.7,2100.5,2106.25,2106.6999999864156,173.58830605775262,30132.899999999994,1880.0,2337.0,1941.25,2270.75,329.5,166.0,0.08239820860006296,0,0,2011.195,2201.2524999999996,63.37913306164069,63.37913306164069,0.031017709497875277,0.03054638189784791
CD--GR,CD,GR,4764.590999785643,10,4860.8,4880.0,4864.125,4871.242285717159,67.2785255486474,4526.400000000001,4745.0,4950.0,4840.0,4898.75,58.75,40.0,0.013841039653688157,1,0,4819.495,4899.0025,96.20900021435682,96.20900021435682,0.020192499255169062,0.01999133424987207
CD--IN,CD,IN,7547.89499645099,10,8303.25,8316.0,8321.8125,8321.424894454001,187.99693407665515,35342.847222222226,7931.0,8527.0,8210.625,8460.0,249.375,140.75,0.022641367425605054,0,0,8179.634999999999,8400.726250000002,755.3550035490098,755.3550035490098,0.10007492206822918,0.09537828845599534
CD--IT,CD,IT,5126.896411493344,10,5403.3,5415.0,5410.375,5414.55522000002,28.166370807124665,793.3444444444445,5330.0,5420.0,5411.25,5415.0,3.75,1.5,0.005212808988419052,2,0,5385.5,5416.1025,276.403588506656,276.403588506656,0.053912458205128064,0.05250938993839168
CD--JP,CD,JP,13367.324967431796,10,13416.5,13503.0,13434.0,13481.385866672681,174.38096863540534,30408.72222222222,13123.0,13570.0,13277.0,13560.0,283.0,62.0,0.012997500736809551,0,0,13311.369999999999,13513.2,49.17503256820419,49.17503256820419,0.0036787489410195708,0.003671998893555558
CD--KE,CD,KE,2414.0111493842605,10,2415.2,2415.0,2415.0,2415.0,1.9888578520235065,3.955555555555556,2412.0,2420.0,2415.0,2415.0,0.0,0.0,0.0008234754273035387,4,0,2414.1,2416.5,1.188850615739284,1.188850615739284,0.0004924793392286208,0.000492358111078847
CD--KR,CD,KR,12211.448901968513,10,12053.25,11988.75,12033.0625,11998.948400000072,195.06313080641354,38049.625,11818.0,12450.0,11944.0,12073.0,129.0,52.0,0.01618344685511489,2,0,11945.7425,12183.755,158.19890196851338,-158.19890196851338,-0.012954965724256633,-0.013039613157190948
CD--MA,CD,MA,4841.287191069289,10,4852.9,4853.0,4853.625,4853.62499999994,35.71632057695131,1275.6555555555556,4780.0,4920.0,4840.0,4868.25,28.25,15.0,0.007359789111036971,2,0,4831.3975,4872.8025,11.612808930710344,11.612808930710344,0.0023987027566000347,0.0023958304614139494
CD--MX,CD,MX,12740.378395838092,10,12311.4,12207.0,12287.375,12240.773466669256,202.9609705227967,41193.15555555555,12130.0,12685.0,12155.5,12462.75,307.25,77.0,0.01648561256419227,0,0,12203.0,12436.94,428.9783958380922,-428.9783958380922,-0.033670773544546125,-0.034250688697483864
CD--MY,CD,MY,9644.319780377728,10,9981.75,9967.5,9977.375,9977.375000001359,243.23733837093715,59164.402777777774,9613.5,10385.0,9796.5,10165.0,368.5,195.5,0.024368205812701896,0,0,9844.87125,10130.7175,337.4302196222725,337.4302196222725,0.034987456586498294,0.03438930740379552
CD--NG,CD,NG,1716.2920067157297,10,1681.65,1668.5,1671.4375,1670.442500129739,65.61167325001449,4304.891666666667,1610.0,1835.0,1638.0,1698.75,60.75,37.5,0.03901624788155353,1,0,1647.3937500000002,1726.55125,34.64200671572962,-34.64200671572962,-0.020184214912251464,-0.02039069938717787
CD--NL,CD,NL,6357.542309053761,10,6242.6,6231.0,6239.75,6238.014525001421,81.5845846005509,6656.0444444444465,6138.0,6370.0,6172.25,6299.5,127.25,68.5,0.013069007240661085,0,0,6196.0,6290.83,114.94230905376025,-114.94230905376025,-0.018079676621274104,-0.018245111008336624
CD--NO,CD,NO,7134.842377574261,10,7196.8,7203.0,7196.625,7192.333333327785,102.40854999027724,10487.511111111113,7025.0,7370.0,7130.0,7231.0,101.0,59.0,0.014229734047115,0,0,7138.297500000001,7258.55,61.95762242573892,61.95762242573892,0.00868381095852654,0.008646323538266878
CD--NZ,CD,NZ,14541.358911281312,10,14448.6,14529.25,14422.0,14439.427400007638,359.2832216139982,129084.43333333333,13970.0,15140.0,14144.75,14637.5,492.75,203.0,0.024866299960826527,0,0,14237.133749999999,14664.074999999999,92.75891128131116,-92.75891128131116,-0.006378971308475716,-0.006399403884846771
CD--PE,CD,PE,10175.188038895794,10,10256.05,10285.0,10273.5,10268.468777772148,217.06533194716593,47117.35833333334,9870.0,10502.5,10087.25,10441.75,354.5,185.0,0.021164613271889853,0,0,10129.0125,10386.02,80.86196110420497,80.86196110420497,0.007946974620528001,0.007915563722382455
CD--PH,CD,PH,11824.345636785823,10,12041.9,12047.5,12059.75,12059.750000000317,239.66849790677307,57440.98888888889,11590.0,12351.0,11918.25,12243.75,325.5,182.5,0.019902880600799963,0,0,11896.97,12177.904999999999,217.5543632141762,217.5543632141762,0.018398850126417086,0.0182316391622459
CD--PK,CD,PK,7384.78330799907,10,7301.6,7267.5,7298.0,7272.233199997417,179.88959577103583,32360.26666666667,6978.0,7654.0,7225.0,7383.25,158.25,46.0,0.024637010486884495,2,0,7200.3949999999995,7410.0025,83.18330799906926,-83.18330799906926,-0.011264150148991715,-0.01132807115210164
CD--PL,CD,PL,6292.977025299909,10,6173.9,6170.0,6169.875,6169.8749999977745,83.27257785262938,6934.322222222221,6040.0,6340.0,6121.25,6220.0,98.75,53.0,0.013487840401145043,0,0,6127.867499999999,6221.412499999999,119.07702529990911,-119.07702529990911,-0.01892220880851447,-0.01910352471003449
CD--PT,CD,PT,5390.912322607045,10,5702.0,5727.5,5715.75,5718.252874996402,113.67693013291854,12922.444444444443,5474.0,5820.0,5642.25,5794.5,152.25,72.5,0.019936325873889608,0,0,5638.775000000001,5765.912499999999,311.0876773929549,311.0876773929549,0.05770594266361819,0.056102357813554805
CD--RU,CD,RU,6966.165532290185,10,6909.2,6930.0,6921.5,6922.687928573214,69.7277244398206,4861.955555555555,6740.0,6980.0,6887.5,6954.25,66.75,32.5,0.01009201129505885,1,0,6863.0,6943.0,56.965532290185365,-56.965532290185365,-0.008177458894155429,-0.008211077714260976
CD--SA,CD,SA,4676.260309873395,10,4709.7,4817.5,4725.25,4787.468160010639,194.07218015756692,37664.01111111111,4410.0,4885.0,4532.25,4856.25,324.0,64.0,0.041206909178411986,0,0,4583.9925,4814.0075,33.439690126604546,33.439690126604546,0.007150947105318414,0.007125500323443875
CD--SE,CD,SE,7064.796550280582,10,6912.357000000001,6921.0,6912.125,6918.958728572823,56.42195239640522,3183.4367122222166,6822.0,7004.57,6892.5,6945.0,52.5,26.5,0.008162476619249442,0,0,6879.1975,6944.731575,152.439550280581,-152.439550280581,-0.021577344682986912,-0.02181353940197919
CD--SG,CD,SG,9867.490584125751,10,10276.0,10202.0,10263.5625,10230.51898332422,273.9589385291161,75053.50000000001,9816.5,10835.0,10158.25,10361.875,203.625,75.75,0.02666007576188362,2,0,10124.74625,10449.824999999999,408.5094158742486,408.5094158742486,0.04139952426521034,0.040565504924212695
CD--SN,CD,SN,4185.9629702863585,10,4680.0,4839.0,4703.375,4809.402314306506,338.4356167229842,114538.66666666667,4193.0,4980.0,4346.25,4925.0,578.75,121.0,0.07231530271858637,0,0,4470.1975,4879.672500000001,494.03702971364146,494.03702971364146,0.11802231248114571,0.11156133203031174
CD--TH,CD,TH,9613.840894279354,10,9658.07,9665.0,9643.8375,9647.757500000993,272.3671625255553,74183.87122222224,9327.0,10103.0,9403.5,9881.175,477.6749999999993,237.5,0.02820099279934348,0,0,9504.47675,9812.7515,44.22910572064575,44.22910572064575,0.004600565601929605,0.004590015345722928
CD--TR,CD,TR,5219.37025970274,10,5192.9,5211.0,5210.25,5210.250000001418,146.399339707072,21432.766666666666,4857.0,5390.0,5132.5,5280.0,147.5,76.0,0.028192212387504478,1,0,5103.87,5276.2175,26.470259702740805,-26.470259702740805,-0.005071542807972464,-0.005084446728210337
CD--TZ,CD,TZ,2274.6043678822007,10,2125.8,2140.0,2123.125,2125.3013777677734,72.57609033896004,5267.288888888889,2033.0,2240.0,2056.75,2167.5,110.75,74.0,0.03414060134488665,0,0,2085.2975,2166.5175,148.8043678822005,-148.8043678822005,-0.06541989015027994,-0.06765793093487177
CD--UA,CD,UA,6240.732681787017,10,6084.937,6112.5,6090.546249999999,6090.379897886214,130.02945700878706,16907.659690000004,5885.0,6240.0,5970.3425,6194.0,223.65750000000025,101.81500000000005,0.021369072023060726,0,0,6011.721999999999,6162.2159249999995,155.7956817870172,-155.7956817870172,-0.02496432546160678,-0.02528121938351398
CD--US,CD,US,10513.299742462244,10,10355.8,10341.0,10354.75,10347.187785715363,113.97641081479193,12990.622222222219,10190.0,10530.0,10275.75,10412.5,136.75,82.5,0.011006045966008607,0,0,10291.387499999999,10420.935,157.4997424622452,-157.4997424622452,-0.014980999906824525,-0.01509434856139104
CD--VN,CD,VN,10243.1517893653,10,10506.9,10489.25,10514.375,10512.416666664292,158.06201314673933,24983.6,10243.0,10711.0,10432.75,10641.75,209.0,109.75,0.015043639241521222,0,0,10417.735,10600.1075,263.7482106346997,263.7482106346997,0.025748735941659072,0.025422820013451308
CD--ZA,CD,ZA,2738.097820784533,10,2776.2,2775.0,2776.0,2775.6,1.9321835661585918,3.7333333333333334,2774.0,2780.0,2775.0,2777.75,2.75,0.5,0.0006959814012530048,0,0,2775.2,2777.4025,38.102179215467004,38.102179215467004,0.013915565370323324,0.01381963283638814
CL--CN,CL,CN,19057.093797293513,10,19057.5,19063.5,19063.125,19063.61335714286,20.543990740738653,422.05555555555554,19000.0,19070.0,19062.0,19066.0,4.0,2.5,0.001078000301232515,1,0,19043.5975,19065.602499999997,0.4062027064865106,0.4062027064865106,2.1315039470719267e-05,2.1314812308555882e-05
CL--CO,CL,CO,4226.284712338569,10,4251.2,4252.0,4251.25,4251.333333333333,1.0327955589886446,1.0666666666666669,4250.0,4252.0,4250.0,4252.0,2.0,0.0,0.00024294212433869134,0,0,4250.6,4251.8,24.91528766143074,24.91528766143074,0.005895316893509556,0.005878007509093144
CL--DE,CL,DE,12506.572379251478,10,12493.7,12495.0,12495.5,12495.780449999984,10.791457526930992,116.45555555555558,12470.0,12503.0,12493.5,12502.0,8.5,7.0,0.0008637519331287762,2,0,12487.3975,12499.3,12.872379251477469,-12.872379251477469,-0.0010292491708465915,-0.0010297792115015613
CL--DZ,CL,DZ,10901.817648733382,10,10275.3,10286.0,10266.75,10267.74542891278,99.80319522829807,9960.677777777777,10155.0,10464.0,10187.0,10325.0,138.0,70.0,0.009712922759267181,0,0,10221.2,10333.702500000001,626.5176487333829,-626.5176487333829,-0.057469100008857174,-0.05918657506090102
CL--EG,CL,EG,12800.08972667518,10,13015.3,12883.0,12920.125,12915.630648734808,632.2032110010198,399680.89999999997,12470.0,14322.0,12481.0,13245.75,764.75,401.0,0.04857384854755709,0,0,12664.615000000002,13403.61,215.21027332481935,215.21027332481935,0.01681318474481664,0.016673407709919638
CL--ES,CL,ES,10681.935581817292,10,10710.4,10710.0,10711.25,10710.827533333306,4.087922591134905,16.71111111111112,10700.0,10714.0,10710.0,10713.5,3.5,1.0,0.0003816778636778183,1,0,10707.8,10712.4,28.46441818270796,28.46441818270796,0.0026647247556107596,0.0026611806712094595
CL--ET,CL,ET,12358.215563097187,10,12026.2,11967.5,12027.5,12022.478842841128,375.95915853838284,141345.28888888887,11450.0,12592.0,11787.75,12327.0,539.25,281.5,0.03126167522063352,0,0,11798.56,12236.505,332.0155630971858,-332.0155630971858,-0.02686597926715375,-0.027233466576496175
CL--FI,CL,FI,13464.23646254886,10,13357.2,13220.0,13312.875,13297.014000010417,365.8757530455751,133865.06666666665,12903.0,14166.0,13127.0,13550.0,423.0,170.0,0.027391650424158885,0,0,13179.842499999999,13586.640000000001,107.03646254886007,-107.03646254886007,-0.007949686775524547,-0.007981454007142307
CL--FJ,CL,FJ,10733.957780178063,10,10859.2,10987.5,10969.625,10998.390275033851,583.8886499629493,340925.9555555556,9470.0,11365.0,10802.5,11282.25,479.75,276.5,0.0537690299435455,1,0,10499.665,11149.445,125.2422198219374,125.2422198219374,0.011667850981603152,0.011600306499934935
CL--FR,CL,FR,11627.359613785839,10,11640.5,11640.0,11640.0,11640.111111111111,1.5811388300841898,2.5000000000000004,11640.0,11645.0,11640.0,11640.0,0.0,0.0,0.0001358308345933757,1,0,11640.0,11641.5,13.140386214161481,13.140386214161481,0.0011301264131008506,0.0011294883009658264
CL--GB,CL,GB,11650.639354956376,10,11644.5,11645.0,11644.375,11644.857142857143,2.8382310609877335,8.055555555555555,11640.0,11650.0,11645.0,11645.0,0.0,0.0,0.00024374005418761934,3,0,11643.0,11646.0,6.139354956376337,-6.139354956376337,-0.0005269543386702253,-0.0005270932279020806
CL--GH,CL,GH,8563.209240922586,10,8794.9,8785.0,8812.75,8810.728071428039,229.4609383364023,52652.322222222225,8340.0,9107.0,8705.25,8946.25,241.0,152.5,0.026090227101661454,1,0,8661.279999999999,8925.53,231.69075907741353,231.69075907741353,0.027056533661491092,0.026696976813542165
CL--GR,CL,GR,12547.17636965568,10,12146.3,12117.5,12137.875,12128.33333332993,133.98013949006688,17950.67777777778,11985.0,12375.0,12059.25,12213.0,153.75,85.5,0.011030531066256134,0,0,12065.295,12225.6075,400.87636965568163,-400.87636965568163,-0.03194952855091512,-0.032471053138058224
CL--IN,CL,IN,16925.380558989717,10,16549.8,16349.0,16516.625,16352.05646666736,338.9184759397654,114865.73333333335,16320.0,17045.0,16337.5,16862.25,524.75,19.0,0.020478705237511354,0,0,16340.4,16760.505,375.58055898971725,-375.58055898971725,-0.02219037602615275,-0.02244028640919574
CL--IT,CL,IT,11893.206088021416,10,11885.6,11883.0,11884.125,11883.428571426228,5.521674464226308,30.488888888888887,11883.0,11900.0,11883.0,11884.5,1.5,0.0,0.00046456842433081273,2,0,11883.0,11889.5,7.606088021415417,-7.606088021415417,-0.0006395321803997079,-0.0006397367683362732
CL--JP,CL,JP,17234.770240707647,10,17240.0,17240.0,17240.0,17240.0,0.0,0.0,17240.0,17240.0,17240.0,17240.0,0.0,0.0,0.0,0,0,17240.0,17240.0,5.229759292353265,5.229759292353265,0.00030344235631298645,0.0003033963269925364
CL--KE,CL,KE,11550.217666588273,10,11556.3,11508.5,11524.75,11524.018950001931,368.7832998147045,136001.1222222222,11105.0,12260.0,11270.25,11745.5,475.25,283.0,0.03191188354531334,0,0,11350.18,11783.304999999998,6.082333411726722,6.082333411726722,0.000526599029325768,0.0005264604247141162
CL--KR,CL,KR,18360.580038729033,10,18382.0,18415.0,18383.75,18401.313199999688,65.58285683859091,4301.111111111111,18300.0,18450.0,18315.0,18437.5,122.5,30.0,0.0035677759133168814,0,0,18341.0,18419.0,21.41996127096718,21.41996127096718,0.0011666277005293304,0.0011659477192388012
CL--MA,CL,MA,10010.797136549785,10,10056.3,10108.0,10061.625,10078.722000179678,101.86597949157401,10376.677777777777,9895.0,10175.0,9966.5,10131.75,165.25,50.0,0.010129568478622756,0,0,9992.185000000001,10114.015,45.502863450214136,45.502863450214136,0.004545378637639307,0.004535079601047419
CL--MX,CL,MX,6588.132055113714,10,6590.0,6590.0,6590.625,6590.333333333351,3.9157800414902435,15.333333333333334,6580.0,6595.0,6590.0,6591.5,1.5,0.0,0.0005942003097860764,2,0,6587.3,6592.0025,1.8679448862858408,1.8679448862858408,0.00028353179181281595,0.00028349160427047456
CL--MY,CL,MY,16560.585837942457,10,16388.4,16317.5,16359.125,16336.80783333507,169.9922874067461,28897.37777777777,16223.0,16788.0,16295.0,16412.5,117.5,47.5,0.010372720180539046,1,0,16301.3975,16490.8175,172.1858379424557,-172.1858379424557,-0.010397327704914612,-0.01045175752847768
CL--NG,CL,NG,9486.770070583298,10,8871.0,8870.5,8877.625,8863.50000000002,159.0303954175637,25290.666666666668,8574.0,9115.0,8794.0,8917.5,123.5,74.5,0.017926997567079665,2,0,8770.3825,8963.404999999999,615.7700705832976,-615.7700705832976,-0.06490829502579447,-0.06711067431668093
CL--NL,CL,NL,11991.522122394139,10,11888.3,11895.0,11889.25,11888.300000001404,72.00779278815746,5185.122222222221,11805.0,11964.0,11824.5,11955.25,130.75,62.0,0.00605703025564273,0,0,11844.6975,11930.3,103.22212239413966,-103.22212239413966,-0.008607924944021293,-0.008645187117366416
CL--NO,CL,NO,12709.777899866678,10,12179.2,12177.5,12173.0,12173.006711110454,70.49791171060002,4969.955555555555,12093.0,12315.0,12120.25,12218.0,97.75,54.0,0.005788386077131505,0,0,12139.1975,12217.8125,530.5778998666774,-530.5778998666774,-0.0417456468591983,-0.04264203192897172
CL--NZ,CL,NZ,9368.814614614528,10,9351.8,9346.5,9347.25,9346.33333333344,17.918333255821167,321.0666666666668,9340.0,9400.0,9342.75,9349.5,6.75,4.0,0.001916030417226755,2,0,9344.0,9363.804999999998,17.01461461452891,-17.01461461452891,-0.0018160904356019174,-0.0018177415271609643
CL--PE,CL,PE,2457.690639615083,10,2464.9,2465.0,2465.0,2464.9,0.31622776601683794,0.1,2464.0,2465.0,2465.0,2465.0,0.0,0.0,0.000128292330730187,1,0,2464.7,2465.0,7.20936038491709,7.20936038491709,0.0029333880630501978,0.0029290940755243213
CL--PH,CL,PH,17614.831522245775,10,17337.3,17112.5,17176.0,17139.630199722815,564.1398664240003,318253.7888888889,17050.0,18915.0,17094.0,17311.25,217.25,45.0,0.03253908431093655,1,0,17117.895,17713.3125,277.5315222457757,-277.5315222457757,-0.015755559279422064,-0.015880997413430818
CL--PK,CL,PK,16686.183395308064,10,16389.2,16352.5,16394.875,16392.010785479437,108.71655296636705,11819.288888888892,16183.0,16550.0,16350.0,16468.0,118.0,67.5,0.006633426461716682,0,0,16327.2825,16453.302499999998,296.98339530806334,-296.98339530806334,-0.01779816200459424,-0.017958454074115615
CL--PL,CL,PL,12969.852106776598,10,12653.1,12676.5,12662.25,12657.728388889635,157.53690925550677,24817.877777777776,12415.0,12818.0,12507.5,12799.75,292.25,132.5,0.01245045951233348,0,0,12556.275,12740.53,316.75210677659743,-316.75210677659743,-0.024422183396455084,-0.024725351107637364
CL--PT,CL,PT,10205.486707859607,10,9875.8,9877.0,9874.875,9875.204671428488,15.802953310483877,249.73333333333335,9854.0,9905.0,9863.25,9883.75,20.5,10.5,0.0016001694354365094,0,0,9866.6975,9885.3,329.68670785960785,-329.68670785960785,-0.03230484907747755,-0.032838168038328765
CL--RU,CL,RU,14117.451542029348,10,14115.4,14115.0,14115.25,14115.0,2.716206504995115,7.377777777777779,14112.0,14120.0,14115.0,14115.0,0.0,0.0,0.00019242858898756786,4,0,14113.995,14116.9,2.0515420293486386,-2.0515420293486386,-0.000145319572958402,-0.00014533013287057613
CL--SA,CL,SA,13945.02643694258,10,14000.1,14115.0,14037.375,14104.638739999587,267.14392708384327,71365.87777777777,13430.0,14272.0,14018.0,14119.5,101.5,25.5,0.019081572780468944,3,0,13835.3775,14137.3175,55.07356305741996,55.07356305741996,0.003949333714529316,0.003941555568405741
CL--SE,CL,SE,13069.967683612713,10,12343.3,12310.0,12331.125,12326.743266669055,137.01909842548716,18774.233333333337,12154.0,12630.0,12262.5,12425.0,162.5,73.0,0.011100686074671049,0,0,12267.195000000002,12425.51,726.6676836127135,-726.6676836127135,-0.055598276996799194,-0.05720364933025713
CL--SG,CL,SG,16399.740324894206,10,16333.4,16316.5,16322.625,16322.62499988086,70.75497626786873,5006.266666666666,16250.0,16503.0,16296.25,16356.0,59.75,37.5,0.004331919641217917,1,0,16297.289999999999,16378.212500000001,66.34032489420679,-66.34032489420679,-0.004045205813015503,-0.0040534097900416675
CL--SN,CL,SN,7761.929265291671,10,8407.1,8444.0,8405.75,8411.097399999662,163.15309783554014,26618.93333333333,8153.0,8672.0,8271.375,8516.75,245.375,103.0,0.019406584652917194,0,0,8316.13125,8500.90625,645.1707347083293,645.1707347083293,0.08311989360599843,0.07984566697552241
CL--TH,CL,TH,17650.722889818095,10,16933.2,17105.5,16964.625,17081.082271974225,412.25687784842756,169955.73333333334,16300.0,17315.0,16560.75,17232.0,671.25,159.5,0.024346070314437175,0,0,16667.9375,17153.6675,717.522889818094,-717.522889818094,-0.0406511899992493,-0.041500547601219004
CL--TR,CL,TR,13360.362129212648,10,13005.3,13068.5,13016.25,13034.77566666646,248.35505497841862,61680.23333333334,12513.0,13410.0,12867.5,13133.25,265.75,105.0,0.01909644952276523,0,0,12867.067500000001,13146.705,355.06212921264887,-355.06212921264887,-0.026575786328148977,-0.02693530653584025
CL--TZ,CL,TZ,11140.599699425393,10,10800.76,10794.75,10800.625,10783.166666672038,352.5479516636317,124290.05822222239,10237.4,11365.2,10587.125,10970.0,382.875,205.25,0.03264103189623987,0,0,10592.15375,11001.657500000001,339.8396994253926,-339.8396994253926,-0.03050461452653404,-0.030979564008059735
CL--UA,CL,UA,13538.164347903667,10,13169.220000000001,13050.0,13135.525,13059.103328685693,212.36772510592715,45100.05066666664,13025.0,13583.0,13032.3,13253.25,220.95000000000073,23.5,0.016126067079593714,0,0,13062.25625,13310.213750000003,368.9443479036654,-368.9443479036654,-0.027252169380023446,-0.02763039727161691
CL--US,CL,US,8036.760399006705,10,8050.1,8049.0,8046.5,8046.500000000096,28.171893006249253,793.6555555555556,8011.0,8118.0,8034.25,8055.0,20.75,13.5,0.0034995705651171107,1,0,8036.4,8070.4,13.33960099329579,13.33960099329579,0.0016598231539843447,0.0016584471699161948
CL--VN,CL,VN,18587.669739443674,10,18405.55,18745.0,18453.1875,18643.354578580696,681.8004941981847,464851.91388888884,17400.0,19030.0,17730.0,18916.25,1186.25,270.25,0.03704320132776172,0,0,17962.925,18769.325,182.11973944367492,-182.11973944367492,-0.009797879023921464,-0.009846194089749754
CL--ZA,CL,ZA,9240.225022987668,10,8752.2,8697.5,8714.875,8738.0057554442,636.2906044672775,404865.7333333334,8118.0,9685.0,8156.25,9282.5,1126.25,543.0,0.07270064720496303,0,0,8380.637499999999,9131.359999999999,488.0250229876674,-488.0250229876674,-0.05281527471177026,-0.05426114115616791
CN--CO,CN,CO,14959.442903499128,10,14937.7,14945.0,14940.625,14943.965857142877,16.720247207103927,279.56666666666666,14902.0,14950.0,14933.75,14948.75,15.0,5.0,0.0011193321064892137,1,0,14926.395,14946.5,21.74290349912735,-21.74290349912735,-0.0014534567656955674,-0.0014545140585909245
CN--DE,CN,DE,7374.095211881501,10,7354.0,7355.5,7353.75,7353.827533333336,3.681787005729087,13.555555555555555,7350.0,7360.0,7350.0,7356.0,6.0,3.0,0.0005006509390439335,0,0,7351.9,7356.1,20.0952118815012,-20.0952118815012,-0.002725108817299079,-0.00272882868590018
CN--DZ,CN,DZ,9128.627104002482,10,9112.2,9136.0,9113.375,9129.133399999382,71.6779836025912,5137.733333333333,8991.0,9224.0,9058.75,9148.75,90.0,23.0,0.007866155659729944,0,0,9070.1,9153.01,16.42710400248143,-16.42710400248143,-0.0017995152847550208,-0.001801136357440304
CN--EG,CN,EG,7555.922022804329,10,7553.1,7560.0,7553.875,7559.333333333333,9.338688939626971,87.21111111111112,7540.0,7560.0,7543.25,7560.0,16.75,0.0,0.0012364047794451245,0,0,7547.2,7558.1,2.8220228043282987,-2.8220228043282987,-0.00037348490307486314,-0.00037355466593207463
CN--ES,CN,ES,9241.695750140318,10,9216.5,9215.0,9215.0,9215.111111111111,4.743416490252569,22.5,9215.0,9230.0,9215.0,9215.0,0.0,0.0,0.0005146657071830488,1,0,9215.0,9219.5,25.195750140317614,-25.195750140317614,-0.0027263124454118787,-0.0027300356037217623
CN--ET,CN,ET,8323.256614917631,10,8317.7,8317.5,8317.375,8317.333333333332,2.4060109910158114,5.788888888888887,8315.0,8323.0,8316.25,8318.0,1.75,1.0,0.00028926397814489716,1,0,8316.4,8319.2,5.556614917630213,-5.556614917630213,-0.0006676010574600316,-0.0006678240022769457
CN--FI,CN,FI,6335.706896287733,10,6307.7,6307.0,6307.25,6307.166666666649,3.020301677353145,9.122222222222222,6304.0,6315.0,6307.0,6307.75,0.75,0.5,0.00047882773076607084,4,0,6306.1,6309.6,28.00689628773307,-28.00689628773307,-0.004420484840317202,-0.004430284072329786
CN--FJ,CN,FJ,9087.647388686939,10,9188.7,9194.5,9195.25,9195.464028571694,154.77729520543738,23956.01111111111,8845.0,9480.0,9159.25,9238.75,79.5,43.0,0.016844308248766135,2,0,9094.6975,9275.1025,101.05261131306179,101.05261131306179,0.0111197768785418,0.011058406689075298
CN--FR,CN,FR,8235.539912036413,10,8215.0,8215.0,8215.0,8215.0,0.0,0.0,8215.0,8215.0,8215.0,8215.0,0.0,0.0,0.0,0,0,8215.0,8215.0,20.539912036412716,-20.539912036412716,-0.002494057737051727,-0.0024971730800244095
CN--GB,CN,GB,8159.495498560135,10,8140.0,8140.0,8140.0,8140.0,0.0,0.0,8140.0,8140.0,8140.0,8140.0,0.0,0.0,0.0,0,0,8140.0,8140.0,19.495498560135275,-19.495498560135275,-0.002389301956668221,-0.0023921608934049073
CN--GH,CN,GH,11825.126110302292,10,11357.5,11420.0,11354.375,11358.020357624364,166.53744990908868,27734.72222222222,11120.0,11620.0,11245.0,11430.0,185.0,137.5,0.014663213727412607,0,0,11265.4625,11454.5,467.62611030229164,-467.62611030229164,-0.039545126702275606,-0.04034828038871751
CN--GR,CN,GR,7631.506142204527,10,7614.0,7614.5,7614.25,7614.428571426229,1.7638342073763937,3.111111111111111,7610.0,7616.0,7614.0,7615.0,1.0,0.5,0.00023165671229004382,2,0,7612.8,7615.0,17.50614220452735,-17.50614220452735,-0.0022939301729331136,-0.002296565261329397
CN--IN,CN,IN,3786.344323933427,10,3787.8,3790.0,3788.25,3789.872057133104,5.4528280124476085,29.733333333333338,3780.0,3792.0,3782.5,3792.0,9.5,2.0,0.0014395765384781689,0,0,3784.4,3790.605,1.4556760665732327,1.4556760665732327,0.0003844542233974669,0.0003843803398085225
CN--IT,CN,IT,8143.606625822012,10,8130.0,8130.0,8130.0,8130.0,0.0,0.0,8130.0,8130.0,8130.0,8130.0,0.0,0.0,0.0,0,0,8130.0,8130.0,13.606625822011665,-13.606625822011665,-0.0016708353493975674,-0.0016722327515495323
CN--JP,CN,JP,2104.0237532057217,10,2100.0,2100.0,2100.0,2100.0,0.0,0.0,2100.0,2100.0,2100.0,2100.0,0.0,0.0,0.0,0,0,2100.0,2100.0,4.023753205721732,-4.023753205721732,-0.001912408640630165,-0.0019142396288053267
CN--KE,CN,KE,9214.097058911791,10,9586.4,9582.5,9584.875,9583.669542794612,25.35174769342562,642.7111111111112,9555.0,9630.0,9566.0,9599.5,33.5,18.0,0.0026445535021932757,0,0,9572.2,9602.807499999999,372.3029410882082,372.3029410882082,0.04040579762811595,0.039610827075983464
CN--KR,CN,KR,958.3389564502992,10,952.5,953.0,952.625,952.6250000021392,1.0801234497346435,1.166666666666667,950.0,954.0,952.0,953.0,1.0,0.5,0.0011339878737371585,1,0,951.8,953.1,5.838956450299179,-5.838956450299179,-0.006092788372004363,-0.0061114251455829495
CN--MA,CN,MA,9959.705404692048,10,9899.5,9795.0,9886.875,9837.943428545037,303.64827972142007,92202.27777777777,9585.0,10315.0,9677.5,10212.75,535.25,180.0,0.030673092552292548,0,0,9718.4625,10081.7075,60.20540469204752,-60.20540469204752,-0.006044898141634247,-0.006063242502293756
CN--MX,CN,MX,12474.484204037479,10,12437.5,12440.0,12438.125,12439.57142857143,4.249182927993988,18.055555555555557,12430.0,12440.0,12436.25,12440.0,3.75,0.0,0.00034164284848192867,2,0,12435.0,12439.5,36.984204037478776,-36.984204037478776,-0.0029647882375375893,-0.002969191928345269
CN--MY,CN,MY,4332.637278888493,10,4347.6,4350.0,4348.25,4349.333333333333,3.470510689285432,12.044444444444443,4340.0,4350.0,4345.25,4350.0,4.75,0.0,0.0007982589680019854,0,0,4345.5,4349.5,14.962721111507562,14.962721111507562,0.0034534903681912054,0.003447540764327915
CN--NG,CN,NG,10936.133047329091,10,10606.8,10577.5,10600.375,10565.500000003494,299.28834108783974,89573.5111111111,10125.0,11140.0,10507.0,10600.0,93.0,58.5,0.02821664791339893,4,0,10440.9875,10782.804999999998,329.33304732909164,-329.33304732909164,-0.03011421367167108,-0.030576960470588457
CN--NL,CN,NL,7840.400371133997,10,7825.2,7824.0,7824.75,7824.25,2.5298221281347035,6.4,7824.0,7830.0,7824.0,7824.0,0.0,0.0,0.0003232916894309032,2,0,7824.0,7827.0,15.200371133997578,-15.200371133997578,-0.001938723842466105,-0.001940605600066974
CN--NO,CN,NO,7040.101298011618,10,6916.8,6969.0,6936.0,6967.664150000333,114.49483248892356,13109.066666666668,6700.0,6980.0,6960.0,6975.0,15.0,9.0,0.016553150660554527,2,0,6837.975,6973.0025,123.3012980116182,-123.3012980116182,-0.017514136912553088,-0.017669324057306077
CN--NZ,CN,NZ,10759.510305075924,10,10373.0,10410.0,10388.75,10408.251571428773,88.700494800073,7867.777777777777,10185.0,10435.0,10395.0,10421.25,26.25,15.0,0.008551093685536778,2,0,10314.9875,10417.5,386.5103050759244,-386.5103050759244,-0.035922666935277126,-0.03658376656762875
CN--PE,CN,PE,16647.408363779676,10,16617.0,16624.0,16618.125,16623.8,11.737877907772672,137.77777777777777,16600.0,16625.0,16606.0,16624.0,18.0,0.5,0.0007063776799526192,0,0,16609.7,16622.245,30.40836377967571,-30.40836377967571,-0.0018266124741576116,-0.001828282765015636
CN--PH,CN,PH,2841.990869314639,10,2850.5,2850.0,2850.625,2850.142857140514,2.8382310609877335,8.055555555555555,2845.0,2855.0,2850.0,2850.0,0.0,0.0,0.0009956958642300415,3,0,2849.0,2852.0125,8.509130685361015,8.509130685361015,0.0029940738998267915,0.0029896005872959716
CN--PK,CN,PK,3879.3914083676773,10,3858.8,3855.0,3858.375,3858.799999999303,59.13412250506846,3496.8444444444444,3790.0,3931.0,3800.0,3913.75,113.75,60.5,0.015324484944819234,0,0,3823.0,3894.2075,20.591408367677104,-20.591408367677104,-0.005307896574514842,-0.005322033504636429
CN--PL,CN,PL,6956.214835268704,10,6948.6,6950.0,6950.0,6950.0,4.788875998951459,22.933333333333337,6935.0,6951.0,6950.0,6950.0,0.0,0.0,0.0006891857351051232,2,0,6945.5,6950.3,7.614835268703246,-7.614835268703246,-0.0010946808643826338,-0.0010952804651008987
CN--PT,CN,PT,9687.15424475197,10,8684.0,8684.0,8684.375,8684.333333333334,1.4907119849998598,2.2222222222222223,8680.0,8685.0,8684.0,8685.0,1.0,0.5,0.0001716619052279894,1,0,8683.1,8684.7,1003.1542447519696,-1003.1542447519696,-0.10355510188097086,-0.10931845116217306
CN--RU,CN,RU,5806.057705333434,10,5794.8,5796.0,5795.25,5795.750000002139,2.5298221281347035,6.4,5790.0,5796.0,5796.0,5796.0,0.0,0.0,0.00043656763445411463,2,0,5793.585,5796.0,11.257705333433478,-11.257705333433478,-0.0019389585678923188,-0.0019408407814725808
CN--SA,CN,SA,6606.426919492859,10,6191.3,6194.0,6192.0,6192.356533333333,13.292019326565013,176.67777777777783,6162.0,6215.0,6186.25,6195.0,8.75,4.0,0.002146886651683009,2,0,6183.1,6198.8,415.1269194928591,-415.1269194928591,-0.06283682912891833,-0.06489787009985584
CN--SE,CN,SE,6720.436278900068,10,6711.6,6712.0,6712.625,6712.428571428572,4.247875285886398,18.044444444444444,6700.0,6715.0,6712.0,6713.0,1.0,0.5,0.0006329154427984978,3,0,6708.7,6713.5,8.836278900067555,-8.836278900067555,-0.0013148370929147158,-0.0013157022496484026
CN--SG,CN,SG,4463.068886903711,10,4480.5,4480.0,4480.0,4480.111111111111,1.5811388300841898,2.5000000000000004,4480.0,4485.0,4480.0,4480.0,0.0,0.0,0.00035289338914946765,1,0,4480.0,4481.5,17.431113096288755,17.431113096288755,0.0039056338895951314,0.0038980267023808355
CN--SN,CN,SN,12308.087610438688,10,11810.2,11785.0,11802.125,11794.603785711808,101.51277970996776,10304.844444444441,11715.0,11970.0,11720.0,11899.25,179.25,67.5,0.008595348064382292,0,0,11752.975,11870.7,497.88761043868726,-497.88761043868726,-0.04045206909450504,-0.04129301073775553
CN--TH,CN,TH,3289.9112641123884,10,3292.9,3292.0,3292.375,3292.440577777775,3.1073389830457114,9.655555555555557,3290.0,3300.0,3290.5,3294.5,4.0,2.0,0.0009436481469360477,0,0,3291.3,3294.7,2.9887358876117105,2.9887358876117105,0.0009084548632706255,0.0009080424678942602
CN--TR,CN,TR,6847.206348764228,10,7329.5,7487.5,7336.875,7463.393700006345,230.54440401411225,53150.72222222221,7060.0,7540.0,7062.75,7508.25,445.5,42.5,0.031454315303105565,0,0,7194.595,7463.0,482.2936512357719,482.2936512357719,0.07043655860069346,0.06806656395721718
CN--TZ,CN,TZ,9656.25374403827,10,9576.55,9582.75,9568.1875,9560.916666671794,148.20302328600152,21964.13611111111,9377.0,9843.0,9468.75,9616.25,147.5,95.25,0.015475617345077458,1,0,9493.1,9663.875,79.70374403827009,-79.70374403827009,-0.008254106214584393,-0.008288359968927779
CN--UA,CN,UA,6466.108332658287,10,6450.0,6450.0,6450.0,6450.0,0.0,0.0,6450.0,6450.0,6450.0,6450.0,0.0,0.0,0.0,0,0,6450.0,6450.0,16.1083326582866,-16.1083326582866,-0.002491194367550024,-0.002494302555378275
CN--US,CN,US,11169.116898963428,10,11159.3,11158.0,11158.5,11158.333333333334,6.183310871477621,38.23333333333334,11150.0,11175.0,11158.0,11159.5,1.5,0.0,0.0005540948689861929,2,0,11156.0,11163.5,9.816898963428685,-9.816898963428685,-0.0008789324216258997,-0.0008793189092076427
CN--VN,CN,VN,2322.1755294999916,10,2330.5,2330.0,2330.375,2330.1428571428573,1.35400640077266,1.833333333333333,2329.0,2333.0,2330.0,2330.0,0.0,0.0,0.0005809939501277237,3,0,2329.8,2331.4,8.324470500008374,8.324470500008374,0.003584772294022403,0.0035783623121384703
CN--ZA,CN,ZA,11648.376355581766,10,11714.9,11715.0,11715.0,11714.9,0.31622776601683794,0.1,11714.0,11715.0,11715.0,11715.0,0.0,0.0,2.6993637676534837e-05,1,0,11714.7,11715.0,66.52364441823374,66.52364441823374,0.005710980001633995,0.005694734179042242
CO--DE,CO,DE,9434.723265292183,10,9397.88,9404.2,9400.475,9403.433223999995,14.720265698085118,216.68622222222135,9365.0,9410.0,9393.35,9405.75,12.399999999999636,3.7999999999992724,0.001566338971989972,1,0,9387.74,9405.5405,36.84326529218379,-36.84326529218379,-0.003905071114032595,-0.003912715812787049
CO--DZ,CO,DZ,8561.364835153712,10,8462.95,8473.0,8469.1875,8473.90442499955,56.214099654801906,3160.0249999999996,8361.0,8515.0,8447.5,8508.875,61.375,35.5,0.006642376435498485,0,0,8429.94125,8492.85,98.41483515371146,-98.41483515371146,-0.011495227343847274,-0.011561808202895709
CO--EG,CO,EG,11223.931381246066,10,11511.7,11520.5,11515.875,11516.9438142146,33.68167982086931,1134.455555555555,11440.0,11550.0,11497.25,11532.0,34.75,20.5,0.0029258649739716384,1,0,11489.995,11530.4,287.7686187539348,287.7686187539348,0.02563884337664109,0.025315680274251295
CO--ES,CO,ES,8024.515430689445,10,8029.1,8030.0,8030.0,8029.888888888889,2.8460498941515415,8.100000000000001,8021.0,8030.0,8030.0,8030.0,0.0,0.0,0.0003544668635527695,1,0,8027.3,8030.0,4.5845693105557075,4.5845693105557075,0.0005713203931320516,0.000571157251770687
CO--ET,CO,ET,12426.953409430811,10,11844.3,11899.0,11851.75,11864.607171421269,145.6159713462473,21204.01111111112,11634.0,11995.0,11728.5,11966.75,238.25,91.0,0.012294181280974589,0,0,11757.2925,11927.5175,582.6534094308117,-582.6534094308117,-0.04688626328868637,-0.04802103647710138
CO--FI,CO,FI,10062.532890466686,10,9702.1,9671.5,9691.75,9675.268766666433,78.5881670482268,6176.099999999999,9633.0,9854.0,9647.0,9722.5,75.5,25.5,0.008100119257503714,1,0,9660.797499999999,9752.2,360.4328904666854,-360.4328904666854,-0.035819300606526425,-0.03647655443407629
CO--FJ,CO,FJ,12022.37001080766,10,13581.5,13545.0,13571.875,13578.270222235398,351.55250911729627,123589.16666666667,13155.0,14085.0,13302.5,13868.75,566.25,320.0,0.025884659950469114,0,0,13384.925,13790.025,1559.1299891923409,1559.1299891923409,0.12968574314305262,0.12193949063309614
CO--FR,CO,FR,8632.37794115417,10,8626.5,8625.0,8626.25,8625.428571426228,2.41522945769824,5.833333333333334,8625.0,8630.0,8625.0,8628.75,3.75,0.0,0.00027997791198032106,0,0,8625.0,8628.0,5.877941154169093,-5.877941154169093,-0.0006809179572810964,-0.0006811498872028401
CO--GB,CO,GB,8501.996904262256,10,8497.9,8500.0,8499.875,8499.777777777777,6.297265720577109,39.655555555555544,8480.0,8500.0,8500.0,8500.0,0.0,0.0,0.0007410378706006319,2,0,8493.9,8500.0,4.09690426225643,-4.09690426225643,-0.0004818755297596678,-0.0004819916690840337
CO--GH,CO,GH,8186.029470285618,10,8216.9,8256.5,8231.125,8248.166666665235,168.24218654467535,28305.433333333338,7885.0,8435.0,8168.75,8305.25,136.5,80.0,0.020475141056198246,1,0,8114.67,8308.515,30.87052971438152,30.87052971438152,0.0037711236963460892,0.003764030835823057
CO--GR,CO,GR,10382.81703126424,10,10174.4,10212.5,10201.0,10211.695749998373,127.3169273898801,16209.600000000004,9865.0,10271.0,10173.0,10258.75,85.75,45.0,0.012513458030928615,1,0,10093.7725,10240.702500000001,208.41703126424,-208.41703126424,-0.02007326437870037,-0.020277469682257826
CO--IN,CO,IN,15225.968636419148,10,14788.6,14781.5,14785.75,14782.089560006336,12.988884136488057,168.7111111111111,14780.0,14820.0,14781.0,14792.5,11.5,1.0,0.0008783038378540265,1,0,14782.4,14796.6025,437.36863641914715,-437.36863641914715,-0.028725176497014497,-0.02914581932265552
CO--IT,CO,IT,9387.891649710753,10,9344.6,9347.5,9346.375,9346.982928580126,7.919034733546198,62.7111111111111,9325.0,9350.0,9342.0,9350.0,8.0,2.5,0.0008474450199629944,1,0,9339.5,9348.6,43.29164971075261,-43.29164971075261,-0.004611434742334979,-0.004622100208893042
CO--JP,CO,JP,14327.518669903713,10,14308.4,14312.0,14309.0,14311.57142857143,5.796550698475776,33.6,14300.0,14312.0,14303.0,14312.0,9.0,0.0,0.000405115225914552,0,0,14304.8,14312.0,19.118669903713453,-19.118669903713453,-0.0013344020234204266,-0.0013352931306188235
CO--KE,CO,KE,12348.95435955968,10,11637.4,11609.0,11634.75,11616.676733334458,82.33832643429183,6779.6,11516.0,11780.0,11589.5,11697.0,107.5,27.0,0.007075319782278845,0,0,11589.9825,11687.0275,711.554359559681,-711.554359559681,-0.05762061619483161,-0.0593473425919642
CO--KR,CO,KR,14855.470153152684,10,14869.1,14867.5,14868.125,14866.913575000017,9.803060746521975,96.09999999999998,14860.0,14886.0,14861.0,14870.0,9.0,5.5,0.0006592907940979599,2,0,14863.9975,14875.005,13.629846847316003,13.629846847316003,0.0009174968349570158,0.0009170761920086521
CO--MA,CO,MA,7635.020568883151,10,7641.5,7637.5,7635.5,7635.775588888771,29.87845749402439,892.7222222222222,7615.0,7716.0,7621.0,7648.75,27.75,15.5,0.003910025190607131,1,0,7625.9,7662.202499999999,6.4794311168489,6.4794311168489,0.000848646190064778,0.000848286293488973
CO--MX,CO,MX,3175.5874499646543,10,3161.9,3160.0,3160.0,3160.0,6.367451958550174,40.54444444444445,3159.0,3180.0,3160.0,3160.0,0.0,0.0,0.0020138056100920884,2,0,3159.7,3166.0,13.687449964654206,-13.687449964654206,-0.0043102103721963485,-0.004319526107077727
CO--MY,CO,MY,19032.67962698383,10,19689.3,19760.0,19756.875,19759.335428571347,231.37610075372953,53534.9,19035.0,19803.0,19742.5,19777.5,35.0,20.0,0.011751362453400046,1,0,19540.7375,19773.6075,656.6203730161687,656.6203730161687,0.034499628317456496,0.033917858916258925
CO--NG,CO,NG,9018.876991242843,10,8529.1,8565.0,8523.875,8523.875000598067,221.535775891841,49078.100000000006,8150.0,8950.0,8387.75,8632.5,244.75,129.5,0.02597410933062586,0,0,8408.195000000002,8664.612500000001,489.776991242843,-489.776991242843,-0.054305762426786294,-0.05583597827180778
CO--NL,CO,NL,8857.739182265888,10,8821.7,8823.5,8821.75,8823.425366666668,6.019413038937712,36.23333333333334,8812.0,8831.0,8817.0,8825.0,8.0,1.5,0.0006823416165747772,0,0,8818.1,8825.2,36.039182265887575,-36.039182265887575,-0.004068666002047311,-0.0040769655432556715
CO--NO,CO,NO,9277.765385828061,10,8887.3,8911.0,8894.375,8897.601774998091,90.27371956690632,8149.344444444446,8726.0,8992.0,8838.75,8953.0,114.25,66.5,0.010157609123907861,0,0,8833.385,8936.7,390.4653858280617,-390.4653858280617,-0.04208614570319961,-0.04299742750047061
CO--NZ,CO,NZ,12107.72103768077,10,12416.0,12485.5,12451.625,12454.36638571426,336.19604069319104,113027.77777777777,11707.0,12840.0,12224.75,12622.0,397.25,190.5,0.027077645030057267,0,0,12202.7825,12595.512499999999,308.2789623192293,308.2789623192293,0.025461353243919804,0.025142612051200434
CO--PE,CO,PE,1869.717421500606,10,1880.5,1880.0,1880.375,1880.375,0.8498365855987975,0.7222222222222222,1880.0,1882.0,1880.0,1880.75,0.75,0.0,0.00045192054538622573,2,0,1880.0,1881.0,10.782578499394049,10.782578499394049,0.005766956212420656,0.005750390977253608
CO--PH,CO,PH,17318.972788215247,10,17493.7,17498.5,17495.125,17494.36645555543,34.615507122290346,1198.2333333333336,17441.0,17535.0,17466.75,17526.25,59.5,31.5,0.001978741325293697,0,0,17472.4825,17513.605,174.7272117847533,174.7272117847533,0.010088774543467556,0.010038222578168804
CO--PK,CO,PK,14553.253604343023,10,15076.2,15133.5,15093.375,15095.117628571768,256.7912251875701,65941.73333333334,14620.0,15395.0,14882.25,15252.75,370.5,191.0,0.017032887941760527,0,0,14925.6425,15230.349999999999,522.946395656978,522.946395656978,0.03593329779540974,0.03530275739716377
CO--PL,CO,PL,9952.660970335612,10,9752.9,9711.0,9743.0,9716.429939997994,111.96571895996658,12536.32222222222,9622.0,9963.0,9690.75,9815.25,124.5,34.5,0.011480248844955509,0,0,9692.6,9818.342499999999,199.760970335612,-199.760970335612,-0.020071111728914435,-0.020275272939028643
CO--PT,CO,PT,7528.581774689585,10,7511.0,7493.0,7494.375,7496.666666667173,76.92420511993174,5917.333333333333,7440.0,7715.0,7488.5,7511.0,22.5,15.0,0.010241539757679635,3,0,7476.1975,7562.6225,17.581774689584563,-17.581774689584563,-0.002335336882265516,-0.0023380680343777186
CO--RU,CO,RU,10916.0980038675,10,10903.9,10904.0,10904.0,10903.946377777778,1.1972189997378646,1.4333333333333331,10902.0,10905.0,10903.0,10905.0,2.0,1.0,0.00010979732020083315,0,0,10903.2,10904.6,12.19800386750103,-12.19800386750103,-0.0011174326085364348,-0.0011180574018400914
CO--SA,CO,SA,12862.1824864371,10,12464.8,12462.5,12457.25,12457.250000214925,121.78469161233323,14831.51111111111,12270.0,12720.0,12395.0,12513.25,118.25,67.5,0.009770288461293661,1,0,12396.295,12539.5025,397.38248643709994,-397.38248643709994,-0.03089541661037164,-0.03138274372064441
CO--SE,CO,SE,9693.22189855851,10,9547.8,9528.5,9543.625,9543.907199999881,62.62551840548352,3921.955555555555,9475.0,9654.0,9495.0,9603.5,108.5,48.0,0.006559156916303602,0,0,9512.5875,9582.1,145.4218985585103,-145.4218985585103,-0.01500243160430859,-0.015116106446911075
CO--SG,CO,SG,19316.524021455647,10,19531.6,19738.0,19566.625,19737.19566666675,337.44471152076653,113868.93333333335,19033.0,19750.0,19221.5,19741.5,520.0,5.0,0.017276859628538706,0,0,19321.2975,19739.82,215.07597854435153,215.07597854435153,0.011134300265692622,0.011072770252304376
CO--SN,CO,SN,6296.585430647009,10,6794.1,6820.0,6787.375,6794.100000024878,344.77801231774885,118871.87777777777,6360.0,7282.0,6451.25,7080.5,629.25,332.0,0.05074667907710349,0,0,6613.4925,6998.305,497.5145693529912,497.5145693529912,0.07901339143775721,0.07604709717002693
CO--TH,CO,TH,17891.231905646808,10,17569.8,17627.5,17582.125,17614.146533333314,138.6913439580455,19235.288888888885,17330.0,17711.0,17482.5,17665.5,183.0,54.0,0.007893734929142365,0,0,17485.0925,17646.505,321.43190564680845,-321.43190564680845,-0.017965890070731155,-0.01812923606873468
CO--TR,CO,TR,11114.439440495353,10,10846.0,10810.0,10817.25,10807.30425000084,131.30710397977543,17241.55555555556,10747.0,11175.0,10765.0,10839.0,74.0,45.0,0.012106500459134743,2,0,10781.3825,10931.51,268.43944049535276,-268.43944049535276,-0.024152314827259415,-0.024448765021547577
CO--TZ,CO,TZ,12263.99655872549,10,11479.9,11511.5,11490.75,11482.888600495184,215.36658669967045,46382.76666666667,11155.0,11718.0,11312.0,11676.5,364.5,201.0,0.01876031905327315,0,0,11347.705,11604.5225,784.0965587254905,-784.0965587254905,-0.0639348319261903,-0.0660701809177035
CO--UA,CO,UA,10641.180470910898,10,10309.25,10277.0,10288.0625,10281.130716666372,121.39358622998901,14736.402777777777,10168.0,10620.0,10256.25,10322.0,65.75,27.75,0.01177521024613711,1,0,10251.43625,10388.1675,331.9304709108983,-331.9304709108983,-0.03119301207401519,-0.03168987379859815
CO--US,CO,US,3810.5972373090326,10,3578.6,3501.0,3560.125,3501.741300000842,134.47692904154394,18084.044444444444,3490.0,3815.0,3500.0,3624.5,124.5,2.5,0.037578083340285014,2,0,3500.1949999999997,3658.8,231.9972373090327,-231.9972373090327,-0.06088211974689419,-0.06281426957739389
CO--VN,CO,VN,17168.46785762716,10,17290.3,17327.5,17319.75,17323.858928580885,285.81814342534506,81692.01111111112,16715.0,17630.0,17155.0,17505.0,350.0,187.5,0.01653054854024193,0,0,17128.024999999998,17454.0125,121.83214237283755,121.83214237283755,0.007096273434714975,0.007071213371912604
CO--ZA,CO,ZA,11470.29193218006,10,10751.8,10799.5,10753.5,10771.333333329581,235.7280919477637,55567.73333333333,10340.0,11150.0,10658.5,10828.75,170.25,108.0,0.021924523516784512,2,0,10609.665,10902.835,718.4919321800608,-718.4919321800608,-0.06263937626245779,-0.06468720020304394
DE--DZ,DE,DZ,1929.5842635808192,10,1914.4,1925.0,1916.5,1917.5539249959152,68.46604998099423,4687.599999999999,1814.0,1998.0,1855.25,1973.75,118.5,55.5,0.03576371185802039,0,0,1874.8775,1954.915,15.184263580819106,-15.184263580819106,-0.00786918916546353,-0.007900314630167986
DE--EG,DE,EG,2891.4189080361066,10,2891.4,2890.0,2890.75,2890.35465714286,3.5339622081862854,12.488888888888885,2888.0,2900.0,2890.0,2891.0,1.0,1.0,0.0012222322086830897,3,0,2889.7,2893.7,0.018908036106495274,-0.018908036106495274,-6.5393624057531964e-06,-6.5393837875232175e-06
DE--ES,DE,ES,1871.7316834419983,10,1869.9,1870.0,1870.0,1869.9,0.31622776601683794,0.1,1869.0,1870.0,1870.0,1870.0,0.0,0.0,0.0001691148008004909,1,0,1869.7,1870.0,1.831683441998166,-1.831683441998166,-0.0009786036418584388,-0.000979082787023326
DE--ET,DE,ET,5338.017839459692,10,5351.4,5350.0,5350.625,5349.709314285727,5.910442735813733,34.93333333333333,5345.0,5364.0,5348.0,5350.75,2.75,2.0,0.001104466632248334,2,0,5348.4,5355.2,13.382160540307268,13.382160540307268,0.002506953131813024,0.0025038159668668
DE--FI,DE,FI,1107.9778488106122,10,1101.4,1101.0,1101.25,1101.3333333333333,0.6992058987801011,0.488888888888889,1101.0,1103.0,1101.0,1101.75,0.75,0.0,0.0006348337559289096,1,0,1101.0,1101.8,6.577848810612068,-6.577848810612068,-0.005936805341075394,-0.005954498230820328
DE--FJ,DE,FJ,15973.080004981164,10,16218.7,16209.0,16220.25,16219.763333087822,57.02640713836977,3252.0111111111105,16135.0,16290.0,16183.5,16276.25,92.75,50.0,0.003516089892430945,0,0,16185.495,16254.0025,245.61999501883656,245.61999501883656,0.015377121691135372,0.015260091950885258
DE--FR,DE,FR,880.1220118488678,10,878.0,878.0,878.0,878.0,0.0,0.0,878.0,878.0,878.0,878.0,0.0,0.0,0.0,0,0,878.0,878.0,2.122011848867828,-2.122011848867828,-0.002411042810314593,-0.0024139540543952937
DE--GB,DE,GB,933.6780131656095,10,932.0,932.0,932.0,932.0,0.0,0.0,932.0,932.0,932.0,932.0,0.0,0.0,0.0,0,0,932.0,932.0,1.6780131656095136,-1.6780131656095136,-0.001797207540445615,-0.0017988244554957406
DE--GH,DE,GH,5355.487752609555,10,5236.3,5230.0,5232.875,5234.106222222568,68.26427404661322,4660.011111111112,5155.0,5345.0,5177.0,5292.75,115.75,60.0,0.013036738545654989,0,0,5196.29,5275.705,119.18775260955499,-119.18775260955499,-0.022255256311897766,-0.02250664128722084
DE--GR,DE,GR,1803.6456298841938,10,1801.1,1801.0,1801.0,1801.1,0.31622776601683794,0.1,1801.0,1802.0,1801.0,1801.0,0.0,0.0,0.00017557479652259062,1,0,1801.0,1801.3,2.545629884193886,-2.545629884193886,-0.00141138028558156,-0.0014123772208837493
DE--IN,DE,IN,5791.273241523696,10,5780.7,5782.0,5780.875,5781.678266666619,4.083843505544475,16.677777777777784,5775.0,5785.0,5777.0,5784.0,7.0,2.0,0.0007064617616455576,0,0,5778.097500000001,5783.0025,10.573241523696197,-10.573241523696197,-0.001825719679031127,-0.0018273883365141539
DE--IT,DE,IT,1183.3475090566692,10,1182.9,1184.0,1183.0,1183.3333333333514,1.4491376746189437,2.0999999999999996,1181.0,1184.0,1181.25,1184.0,2.75,0.0,0.0012250720049192185,0,0,1182.1,1183.7,0.4475090566691051,-0.4475090566691051,-0.00037817213730043385,-0.0003782436624162241
DE--JP,DE,JP,8941.116372895822,10,8917.0,8918.0,8917.5,8917.625,2.0,4.0,8912.0,8918.0,8917.25,8918.0,0.75,0.0,0.000224290680722216,2,0,8915.8,8917.9,24.11637289582177,-24.11637289582177,-0.002697244045377639,-0.0027008881622878657
DE--KE,DE,KE,6352.944306361189,10,6339.6,6340.0,6339.5,6339.333333333281,7.366591251499344,54.266666666666666,6330.0,6350.0,6334.25,6344.25,10.0,5.5,0.0011619962223956312,0,0,6335.3,6343.9,13.3443063611885,-13.3443063611885,-0.0021004916331199184,-0.0021027007597136564
DE--KR,DE,KR,8148.703873526628,10,8129.8,8130.0,8130.0,8129.888888888889,0.6324555320336759,0.4,8128.0,8130.0,8130.0,8130.0,0.0,0.0,7.779472213752809e-05,1,0,8129.4,8130.0,18.90387352662765,-18.90387352662765,-0.0023198626211025086,-0.0023225576712971583
DE--MA,DE,MA,2611.9809662547964,10,2656.7,2626.0,2623.375,2623.4748666689334,112.44361549979912,12643.566666666666,2605.0,2975.0,2612.5,2630.75,18.25,13.0,0.042324543794857956,1,0,2616.6974999999998,2730.1075,44.71903374520343,44.71903374520343,0.017120734922247183,0.01697582675785474
DE--MX,DE,MX,9740.126910212532,10,9602.8,9550.0,9594.125,9550.666666666666,84.33109351439322,7111.733333333334,9550.0,9725.0,9550.0,9682.0,132.0,0.0,0.008781927512224895,0,0,9550.9,9655.0,137.3269102125323,-137.3269102125323,-0.014099088387497799,-0.014199424751500777
DE--MY,DE,MY,9615.08570758263,10,9596.4,9595.0,9596.125,9595.666666666666,1.8973665961010275,3.5999999999999996,9595.0,9600.0,9595.0,9598.0,3.0,0.0,0.00019771649744706636,0,0,9595.3,9597.7,18.68570758263013,-18.68570758263013,-0.001943374001117249,-0.0019452648024579024
DE--NG,DE,NG,4846.239230895395,10,4868.9,4871.0,4871.125,4869.833333332734,28.266391508094717,798.9888888888892,4812.0,4908.0,4857.0,4882.25,25.25,14.0,0.005805498471542796,1,0,4851.4,4885.5,22.660769104604697,22.660769104604697,0.00467594933410208,0.004665051043047123
DE--NL,DE,NL,577.0085813772484,10,577.5,577.5,577.5,577.5,0.5270462766947299,0.2777777777777778,577.0,578.0,577.0,578.0,1.0,0.5,0.0009126342453588396,0,0,577.2,577.8,0.4914186227515529,0.4914186227515529,0.0008516660559511908,0.0008513035941987685
DE--NO,DE,NO,839.4791498459016,10,839.1,839.0,839.0,839.1,0.31622776601683794,0.1,839.0,840.0,839.0,839.0,0.0,0.0,0.00037686541057899885,1,0,839.0,839.3,0.37914984590156564,-0.37914984590156564,-0.00045164891346159583,-0.0004517509375526628
DE--NZ,DE,NZ,18133.546853189033,10,18142.5,18145.5,18141.875,18142.44845714286,14.554495296413865,211.83333333333331,18120.0,18170.0,18134.0,18150.0,16.0,8.0,0.0008022320681501373,0,0,18134.2,18151.4025,8.953146810967155,8.953146810967155,0.0004937339001273555,0.000493612053650187
DE--PE,DE,PE,11091.52456248637,10,11122.1,11130.0,11130.5,11131.499999999729,38.65933838601541,1494.544444444445,11022.0,11155.0,11124.25,11140.0,15.75,10.0,0.0034759027868851576,2,0,11097.6,11140.4025,30.575437513631186,30.575437513631186,0.002756648767387947,0.0027528561794644157
DE--PH,DE,PH,9877.59768324053,10,9744.1,9742.0,9741.5,9741.500000000058,17.64117657955702,311.2111111111111,9725.0,9784.0,9730.75,9750.5,19.75,10.5,0.0018104469965986615,1,0,9734.0975,9756.0,133.49768324053002,-133.49768324053002,-0.013515197472259634,-0.01360735908390971
DE--PK,DE,PK,5120.406237354785,10,5210.9,5230.0,5225.0,5225.499999999366,77.18585074711268,5957.655555555555,5014.0,5295.0,5200.25,5239.5,39.25,23.5,0.014812383800708647,1,0,5161.485,5246.6075,90.4937626452147,90.4937626452147,0.017673160770924304,0.017518806431048257
DE--PL,DE,PL,517.9674462482383,10,517.3,517.0,517.25,517.3,0.48304589153964794,0.23333333333333334,517.0,518.0,517.0,517.75,0.75,0.0,0.000933782894915229,0,0,517.0,517.6,0.6674462482383205,-0.6674462482383205,-0.0012885872521000942,-0.0012894181945578744
DE--PT,DE,PT,2315.454518326916,10,2309.8,2311.0,2311.125,2311.0574888888937,4.565571644870382,20.84444444444445,2297.0,2312.0,2310.25,2312.0,1.75,1.0,0.001976609076487307,1,0,2306.9,2311.6,5.654518326915877,-5.654518326915877,-0.0024420770445543784,-0.002445063778246828
DE--RU,DE,RU,1613.9333205348753,10,1609.0,1609.0,1609.0,1609.0,0.4714045207910317,0.2222222222222222,1608.0,1610.0,1609.0,1609.0,0.0,0.0,0.00029297981404041745,2,0,1608.7,1609.3,4.933320534875293,-4.933320534875293,-0.0030567065393013486,-0.003061387808680124
DE--SA,DE,SA,4176.916396262325,10,4231.1,4261.5,4233.0,4238.46865000359,63.67355983626346,4054.322222222223,4145.0,4302.0,4168.25,4274.5,106.25,39.5,0.01504893758981434,0,0,4195.6975,4266.6075,54.183603737675185,54.183603737675185,0.012972154239467392,0.012888736477545867
DE--SE,DE,SE,814.5045168029693,10,810.0,810.0,810.0,810.0,0.0,0.0,810.0,810.0,810.0,810.0,0.0,0.0,0.0,0,0,810.0,810.0,4.504516802969306,-4.504516802969306,-0.005530376701470103,-0.0055457258519141595
DE--SG,DE,SG,9925.538516503066,10,9911.1,9910.0,9910.625,9910.2,4.148627617792553,17.211111111111116,9905.0,9921.0,9910.0,9911.5,1.5,0.5,0.0004185839733019093,3,0,9908.9,9913.702500000001,14.43851650306533,-14.43851650306533,-0.001454683438995133,-0.001455742518156855
DE--SN,DE,SN,5002.201564734814,10,5026.8,5027.0,5026.625,5026.566457142861,3.8528488738133038,14.844444444444443,5020.0,5035.0,5025.0,5027.0,2.0,2.0,0.0007664615409034184,2,0,5024.8,5029.1,24.5984352651858,24.5984352651858,0.004917521804519658,0.004905470287088956
DE--TH,DE,TH,8612.78119439707,10,8602.6,8602.5,8602.625,8602.599999999997,2.118699810942761,4.488888888888891,8600.0,8605.0,8600.5,8604.75,4.25,2.5,0.0002462859845794017,0,0,8601.4,8603.8,10.181194397069703,-10.181194397069703,-0.0011821029894144928,-0.0011828022242526273
DE--TR,DE,TR,2040.6210846007348,10,2032.7,2033.0,2032.75,2032.8391333333386,1.567021236472421,2.4555555555555553,2030.0,2035.0,2031.5,2033.75,2.25,1.0,0.000770906300227491,0,0,2031.7,2033.6,7.92108460073473,-7.92108460073473,-0.003881702811222574,-0.003889256172518385
DE--TZ,DE,TZ,6841.237574953327,10,6895.5,6910.0,6906.25,6909.500000000165,42.99676990451983,1848.7222222222222,6780.0,6925.0,6902.75,6915.0,12.25,6.5,0.00623548254724383,2,0,6866.389999999999,6914.2,54.26242504667334,54.26242504667334,0.007931667984362251,0.007900377653298051
DE--UA,DE,UA,1208.4684314926021,10,1139.7,1122.5,1134.125,1123.7791199997089,34.04914748484085,1159.344444444444,1120.0,1204.0,1122.0,1129.75,7.75,2.0,0.029875535215267923,2,0,1123.0,1163.7025,68.76843149260208,-68.76843149260208,-0.056905443038892535,-0.05858872888240892
DE--US,DE,US,6726.290515021435,10,6715.0,6715.0,6715.0,6715.0,0.0,0.0,6715.0,6715.0,6715.0,6715.0,0.0,0.0,0.0,0,0,6715.0,6715.0,11.290515021434658,-11.290515021434658,-0.0016785648785493587,-0.001679975247059418
DE--VN,DE,VN,8340.425219517292,10,8318.6,8314.0,8315.375,8314.423599999998,12.78193169195399,163.37777777777777,8310.0,8353.0,8312.25,8316.75,4.5,2.0,0.001536548420642174,2,0,8312.8975,8327.3025,21.82521951729177,-21.82521951729177,-0.0026167993768733675,-0.002620229181075654
DE--ZA,DE,ZA,8785.190433813566,10,8726.5,8733.0,8723.375,8724.478333332576,39.28598845503176,1543.388888888889,8678.0,8800.0,8690.0,8750.75,60.75,25.0,0.004501918117805737,0,0,8704.6,8747.41,58.690433813566415,-58.690433813566415,-0.006680610312972972,-0.006703025477144538
DZ--EG,DZ,EG,2715.5414954485536,10,2714.8,2716.0,2715.125,2715.629350000003,2.616188916046478,6.844444444444445,2710.0,2717.0,2715.0,2716.0,1.0,1.0,0.0009636764829992919,2,0,2713.2,2716.2,0.7414954485534508,-0.7414954485534508,-0.0002730562025276548,-0.00027309348916018764
DZ--ES,DZ,ES,711.8772255887199,10,714.6,715.5,715.5,715.4195666666728,3.565264521898917,12.711111111111112,705.0,717.0,714.25,716.75,2.5,1.5,0.004989175093617292,1,0,712.2,716.2,2.72277441128017,2.72277441128017,0.0038247808939644696,0.0038174850170240616
DZ--ET,DZ,ET,4726.061150528088,10,4805.0,4811.5,4815.875,4815.767657015526,74.10652992670603,5491.7777777777765,4630.0,4893.0,4782.75,4848.75,66.0,36.0,0.015422794989949227,1,0,4759.6925,4841.1050000000005,78.93884947191236,78.93884947191236,0.016702883639813204,0.016564924568992754
DZ--FI,DZ,FI,3033.2458162220696,10,3086.3,3106.5,3094.5,3101.616171427578,49.94674942153671,2494.6777777777775,2977.0,3130.0,3085.0,3118.5,33.5,18.0,0.01618337472751732,2,0,3049.87,3111.7,53.054183777930575,53.054183777930575,0.017490894900173293,0.01733968979351675
DZ--FJ,DZ,FJ,17891.524863416074,10,17855.6,17727.5,17825.75,17814.782285719393,367.3675725119643,134958.93333333335,17420.0,18530.0,17591.25,18096.25,505.0,260.0,0.02057436168551963,0,0,17659.785,18086.6275,35.92486341607582,-35.92486341607582,-0.0020079263053499508,-0.002009944891941853
DZ--FR,DZ,FR,1345.8479224292655,10,1355.1,1348.0,1348.25,1348.25,21.758523234202574,473.4333333333332,1348.0,1417.0,1348.0,1348.0,0.0,0.0,0.016056765725188233,2,0,1348.0,1368.9,9.2520775707344,9.2520775707344,0.006874534199996632,0.006851012329500517
DZ--GB,DZ,GB,1656.5822446092477,10,1660.0,1660.0,1660.0,1660.0,0.0,0.0,1660.0,1660.0,1660.0,1660.0,0.0,0.0,0.0,0,0,1660.0,1660.0,3.4177553907522906,3.4177553907522906,0.0020631365583412167,0.002061011214859234
DZ--GH,DZ,GH,3472.5242188720927,10,2752.3,2741.5,2747.75,2745.9660429961787,42.64074733553967,1818.2333333333336,2711.0,2830.0,2716.0,2780.0,64.0,28.5,0.01549276871545241,0,0,2729.3975,2779.5025,720.2242188720925,-720.2242188720925,-0.2074065358444146,-0.2324448443415762
DZ--GR,DZ,GR,1833.1443937842616,10,1669.3,1670.5,1669.625,1669.6250000003636,23.916753774521972,572.011111111111,1626.0,1710.0,1653.75,1682.5,28.75,17.0,0.014327414949093616,0,0,1654.7925,1681.9,163.84439378426168,-163.84439378426168,-0.08937888053980768,-0.09362836344441904
DZ--IN,DZ,IN,6841.71964982002,10,6771.3,6739.5,6763.375,6755.624533332415,72.52593405886691,5260.011111111111,6690.0,6916.0,6722.0,6819.25,97.25,36.0,0.010710784348480632,0,0,6731.59,6818.5025,70.41964982001991,-70.41964982001991,-0.010292682749997274,-0.010346018704778916
DZ--IT,DZ,IT,992.0972539136368,10,986.8,995.0,988.625,994.2587000001605,12.890995996344804,166.17777777777778,963.0,996.0,984.0,995.0,11.0,1.0,0.013063433316117557,2,0,978.2975,994.1,5.297253913636837,-5.297253913636837,-0.005339450233069558,-0.005353756043631005
DZ--JP,DZ,JP,10825.062201744677,10,10415.6,10420.0,10416.125,10416.4402499304,18.560411872824616,344.488888888889,10390.0,10437.0,10400.0,10432.5,32.5,15.0,0.0017819820147494734,0,0,10404.5,10425.9,409.46220174467635,-409.46220174467635,-0.03782539020225521,-0.03855933772058233
DZ--KE,DZ,KE,5468.388996259568,10,5387.1,5386.5,5387.75,5386.917642855665,60.89599512465678,3708.322222222222,5294.0,5475.0,5341.75,5427.5,85.75,47.5,0.011304040230301418,0,0,5352.7875,5425.902499999999,81.28899625956728,-81.28899625956728,-0.014865254888628034,-0.014976850098531024
DZ--KR,DZ,KR,9964.003557283175,10,9965.3,9961.0,9963.125,9959.999999999789,32.5202501015393,1057.5666666666666,9925.0,10023.0,9944.0,9972.5,28.5,17.0,0.0032633488305960985,1,0,9947.2,9985.1025,1.2964427168244583,1.2964427168244583,0.00013011263086882635,0.00013010416695462818
DZ--MA,DZ,MA,947.5149821768754,10,905.2,915.0,915.375,915.3546571476313,33.118641947465846,1096.8444444444444,811.0,918.0,915.0,916.0,1.0,1.0,0.036587098925614056,2,0,883.8974999999999,916.2,42.31498217687533,-42.31498217687533,-0.04465890563509451,-0.045686835396064655
DZ--MX,DZ,MX,9769.285470457762,10,9506.8,9498.0,9503.5,9501.81499999714,120.24678327875922,14459.288888888888,9355.0,9685.0,9398.25,9590.0,191.75,100.0,0.01264850246968057,0,0,9438.3925,9578.3475,262.48547045776286,-262.48547045776286,-0.026868441018692384,-0.027235996294500006
DZ--MY,DZ,MY,10572.290569185669,10,10324.15,10338.0,10333.3125,10349.183614286007,113.44701406383511,12870.225000000002,10125.0,10450.0,10313.0,10403.75,90.75,59.5,0.010988508890691738,2,0,10255.38125,10386.755,248.14056918566894,-248.14056918566894,-0.023470842724367343,-0.023750670149952028
DZ--NG,DZ,NG,3099.0147228469714,10,2850.1,2837.5,2843.875,2844.4975555557216,44.55820163935404,1985.433333333333,2805.0,2945.0,2814.0,2876.25,62.25,30.0,0.01563390815738186,0,0,2825.3925,2879.4025,248.91472284697147,-248.91472284697147,-0.08032060029011447,-0.08373014824803125
DZ--NL,DZ,NL,1738.248506848775,10,1749.3,1733.0,1732.625,1732.6809749998245,53.31676826081808,2842.6777777777784,1731.0,1901.0,1731.25,1733.0,1.75,1.5,0.03047891628698227,1,0,1731.9,1783.3,11.051493151225031,11.051493151225031,0.006357832673338517,0.0063377069142832
DZ--NO,DZ,NO,2632.9504054733866,10,2847.7799999999997,2853.0,2849.275,2850.0789426233387,63.67086897126156,4053.9795555555584,2742.6,2941.0,2813.425,2899.875,86.44999999999982,49.0,0.022358071540379373,0,0,2808.629,2883.022,214.82959452661316,214.82959452661316,0.08159272353935139,0.07843469878703146
DZ--NZ,DZ,NZ,19142.8906277313,10,19357.5,19330.0,19358.75,19341.90859999967,131.98084877907266,17418.944444444445,19130.0,19575.0,19304.5,19441.5,137.0,55.0,0.006818073035209746,0,0,19277.99,19435.8,214.6093722687001,214.6093722687001,0.01121091774707247,0.011148541174829378
DZ--PE,DZ,PE,9941.552381823174,10,9757.5,9835.5,9781.875,9816.300833332436,147.09879522129185,21638.055555555555,9445.0,9875.0,9693.75,9853.5,159.75,37.5,0.015075459412891812,1,0,9666.4975,9837.7,184.05238182317407,-184.05238182317407,-0.01851344485793685,-0.018686963635487167
DZ--PH,DZ,PH,11385.615764278304,10,11657.1,11578.0,11645.625,11602.901900336356,147.4414761486363,21738.988888888885,11516.0,11890.0,11545.0,11793.25,248.25,52.5,0.012648212346864684,0,0,11577.09,11751.8125,271.4842357216967,271.4842357216967,0.02384449302895522,0.023564652808662042
DZ--PK,DZ,PK,6243.845068536664,10,6333.65,6390.75,6331.6875,6331.687499993949,194.711474580553,37912.558333333334,6043.0,6640.0,6155.75,6453.5,297.75,171.0,0.03074237992003868,0,0,6210.6725,6453.27125,89.80493146333538,89.80493146333538,0.014382953208732079,0.01428049975750471
DZ--PL,DZ,PL,2223.061077794254,10,2223.8,2221.5,2223.875,2223.8000000004313,30.531586558477073,932.1777777777779,2185.0,2262.0,2201.0,2251.0,50.0,27.5,0.013729466030433074,0,0,2206.795,2240.905,0.7389222057463485,0.7389222057463485,0.00033238952052523695,0.00033233429136654633
DZ--PT,DZ,PT,1095.7494836242417,10,1102.2,1116.5,1115.875,1116.1666666667293,44.78231297683893,2005.4555555555564,975.0,1120.0,1115.0,1117.0,2.0,1.5,0.04062993374781249,2,0,1073.05,1117.55125,6.450516375758298,6.450516375758298,0.005886853219791551,0.005869593403586215
DZ--RU,DZ,RU,3341.3300109822576,10,3435.2,3480.0,3444.0,3479.5714285714284,72.27232450176822,5223.288888888887,3320.0,3480.0,3373.5,3480.0,106.5,0.0,0.02103875305710533,0,0,3390.0,3480.0,93.86998901774223,93.86998901774223,0.028093600066204497,0.027706213536173484
DZ--SA,DZ,SA,4356.927852945174,10,3972.1,3945.0,3964.25,3964.8100750121316,153.30177211413223,23501.43333333333,3822.0,4185.0,3831.25,4100.5,269.25,115.5,0.03859464064704621,0,0,3884.4975,4057.45,384.8278529451741,-384.8278529451741,-0.08832550501956099,-0.09247226601519368
DZ--SE,DZ,SE,2735.695299839689,10,2911.6,2895.0,2912.75,2911.6000000005615,71.93237565009699,5174.2666666666655,2823.0,2991.0,2852.75,2990.0,137.25,66.0,0.024705445682819408,0,0,2870.4925,2953.4025,175.90470016031077,175.90470016031077,0.06429981444593581,0.062317131721086064
DZ--SG,DZ,SG,10888.595168568347,10,10413.380000000001,10410.0,10402.975,10406.09505706991,61.35959220493203,3764.999555555555,10345.0,10565.0,10382.95,10422.75,39.79999999999927,21.0,0.0058923800154159385,1,0,10382.697,10453.7,475.2151685683457,-475.2151685683457,-0.04364338660878214,-0.04462440892799434
DZ--SN,DZ,SN,3179.4676163160534,10,3166.6,3168.5,3167.0,3168.0173999999975,4.141926551202419,17.155555555555562,3160.0,3170.0,3164.25,3170.0,5.75,1.5,0.001308004342576397,0,0,3164.1,3168.8,12.8676163160535,-12.8676163160535,-0.004047097775118336,-0.004055309438410195
DZ--TH,DZ,TH,9758.062670903257,10,9611.3,9637.0,9621.75,9619.361773334218,167.242319205796,27969.993333333365,9338.0,9801.0,9487.8,9748.150000000001,260.3500000000022,135.40000000000055,0.017400592969296143,0,0,9507.455000000002,9706.856,146.76267090325746,-146.76267090325746,-0.015040144325048934,-0.015154394300530834
DZ--TR,DZ,TR,2617.4508653785942,10,2635.0,2638.5,2629.875,2629.2178248384535,59.563225045138196,3547.7777777777783,2571.0,2740.0,2585.0,2643.75,58.75,50.5,0.02260463948582095,1,0,2601.6875,2675.2025,17.549134621405756,17.549134621405756,0.006704666304735928,0.006682289991068288
DZ--TZ,DZ,TZ,5847.445411357088,10,5261.139999999999,5257.5,5256.5875,5259.166666670022,152.61119225010995,23290.17600000002,5045.2,5513.5,5180.0,5345.0,165.0,100.0,0.029007247906368196,0,0,5168.447,5348.72175,586.3054113570888,-586.3054113570888,-0.10026693198680374,-0.1056571507461127
DZ--UA,DZ,UA,2663.2115945563396,10,2725.2,2746.0,2733.75,2736.2230571508667,92.84610923458237,8620.400000000001,2547.0,2835.0,2667.25,2798.5,131.25,61.0,0.03406946618031057,0,0,2669.4925,2777.925,61.98840544366021,61.98840544366021,0.02327580939132505,0.023009059029843584
DZ--US,DZ,US,6808.566447806581,10,6476.96,6478.5,6476.45,6476.814853333334,27.47148824994141,754.6826666666689,6440.0,6518.0,6453.0,6498.75,45.75,26.800000000000182,0.004241416999632762,0,0,6460.6975,6491.862499999999,331.60644780658095,-331.60644780658095,-0.04870429779141098,-0.04993032658862541
DZ--VN,DZ,VN,9710.302297086428,10,9467.6,9440.5,9450.5,9454.833333320143,196.76110726801,38714.933333333334,9209.0,9863.0,9371.5,9563.5,192.0,107.0,0.020782575020914486,1,0,9351.7,9591.605,242.70229708642728,-242.70229708642728,-0.024994309101916426,-0.02531197118277682
DZ--ZA,DZ,ZA,7401.6582042116315,10,7459.7,7465.0,7461.5,7462.532314330723,20.412686686905715,416.6777777777778,7420.0,7485.0,7451.0,7471.75,20.75,13.0,0.0027363951213729394,0,0,7447.8825,7472.0025,58.04179578836829,58.04179578836829,0.007841728729832704,0.00781114217203237
EG--ES,EG,ES,3355.0785607140415,10,3451.5,3350.5,3434.0,3350.714285714286,163.0025562171751,26569.833333333332,3350.0,3693.0,3350.0,3597.75,247.75,0.5,0.047226584446523286,0,0,3350.6,3552.7,96.42143928595851,96.42143928595851,0.028738951276728885,0.028333733001752074
EG--ET,EG,ET,2452.617953664222,10,2469.7,2470.0,2470.0,2470.125,1.5670212364724212,2.4555555555555557,2466.0,2471.0,2470.0,2470.75,0.75,0.5,0.0006344986178371549,2,0,2468.7,2470.5,17.082046335777704,17.082046335777704,0.006964821532948926,0.006940679196677096
EG--FI,EG,FI,3381.1971957220794,10,3400.3,3399.5,3399.75,3399.1329142662184,7.572611467944493,57.34444444444445,3390.0,3415.0,3395.25,3402.5,7.25,4.0,0.0022270421633222045,1,0,3395.9975,3404.9,19.102804277920768,19.102804277920768,0.005649716113005714,0.005633816325008961
EG--FJ,EG,FJ,16456.426551141787,10,16427.3,16405.0,16421.625,16425.925000000014,127.62623380620285,16288.455555555554,16275.0,16625.0,16312.5,16539.75,227.25,125.0,0.007769154627126969,0,0,16353.8,16500.1,29.126551141787786,-29.126551141787786,-0.0017699195539973966,-0.001771487712227004
EG--FR,EG,FR,3214.633946258294,10,3210.0,3210.0,3210.0,3210.0,0.0,0.0,3210.0,3210.0,3210.0,3210.0,0.0,0.0,0.0,0,0,3210.0,3210.0,4.633946258294145,-4.633946258294145,-0.0014415159970819925,-0.001442555980822515
EG--GB,EG,GB,3513.224272125026,10,3510.0,3510.0,3510.0,3510.0,0.0,0.0,3510.0,3510.0,3510.0,3510.0,0.0,0.0,0.0,0,0,3510.0,3510.0,3.224272125025891,-3.224272125025891,-0.0009177530027354735,-0.0009181743958653939
EG--GH,EG,GH,4270.0929109249555,10,4268.5,4270.0,4268.75,4268.5465713937565,12.03005495507906,144.72222222222223,4250.0,4285.0,4260.0,4275.0,15.0,10.0,0.002818333127580897,0,0,4261.0,4275.5,1.592910924955504,-1.592910924955504,-0.0003730389380708954,-0.000373108534404238
EG--GR,EG,GR,1119.9840833129142,10,1110.3,1110.0,1110.25,1110.3,0.48304589153964794,0.23333333333333334,1110.0,1111.0,1110.0,1110.75,0.75,0.0,0.0004350588953793101,0,0,1110.0,1110.6,9.684083312914254,-9.684083312914254,-0.008646625837992914,-0.00868422480018324
EG--IN,EG,IN,4435.964091411309,10,4400.0,4400.0,4400.0,4400.0,0.0,0.0,4400.0,4400.0,4400.0,4400.0,0.0,0.0,0.0,0,0,4400.0,4400.0,35.9640914113088,-35.9640914113088,-0.008107390111867828,-0.008140433718542449
EG--IT,EG,IT,2134.7872271725983,10,2130.0,2130.0,2130.0,2130.0,0.0,0.0,2130.0,2130.0,2130.0,2130.0,0.0,0.0,0.0,0,0,2130.0,2130.0,4.78722717259825,-4.78722717259825,-0.002242484455436177,-0.0022450025889905268
EG--JP,EG,JP,9586.616311745503,10,9561.3,9560.0,9561.0,9560.42857142857,2.1628170930011112,4.677777777777777,9560.0,9565.0,9560.0,9562.25,2.25,0.0,0.00022620533745422813,0,0,9560.2925,9562.8,25.31631174550421,-25.31631174550421,-0.002640797432821705,-0.00264429048935407
EG--KE,EG,KE,3517.610461321371,10,3515.5,3515.0,3515.375,3515.6666666666592,3.689323936863109,13.61111111111111,3510.0,3522.0,3515.0,3517.5,2.5,2.0,0.001049445011197016,3,0,3513.3,3517.7,2.1104613213710763,-2.1104613213710763,-0.0005999701628639952,-0.0006001502169837816
EG--KR,EG,KR,8503.339014259222,10,8465.3,8480.0,8477.875,8483.177657142209,58.41242257526315,3412.0111111111123,8315.0,8515.0,8476.25,8494.5,18.25,14.0,0.006900218843427067,2,0,8429.4825,8493.5025,38.03901425922231,-38.03901425922231,-0.0044734208756624675,-0.004483456563247999
EG--MA,EG,MA,3603.4430310091693,10,3434.1,3434.0,3433.875,3434.073914285719,2.685351208149711,7.211111111111113,3430.0,3440.0,3433.25,3435.0,1.75,1.0,0.0007819665147053701,2,0,3432.6,3435.6,169.3430310091694,-169.3430310091694,-0.04699478514073906,-0.048134903297512056
EG--MX,EG,MX,12386.314913876035,10,12425.9,12461.0,12428.5,12450.70453333281,74.46468215797935,5544.988888888889,12338.0,12493.0,12341.75,12493.0,151.25,32.0,0.0059926992940534975,0,0,12386.692500000001,12470.0,39.585086123965084,39.585086123965084,0.0031958727352894155,0.003190776788464389
EG--MY,EG,MY,7957.843206792961,10,7827.85,7926.0,7847.3125,7910.47871666822,169.974516063765,28891.336111111108,7540.0,7960.0,7691.75,7946.25,254.5,32.25,0.021714074243089097,0,0,7722.17875,7915.115000000001,129.99320679296034,-129.99320679296034,-0.016335230968360342,-0.01647012185355341
EG--NG,EG,NG,3387.4680508755546,10,3433.6,3435.0,3433.625,3433.524528571415,5.834761729877617,34.044444444444444,3424.0,3443.0,3430.25,3435.0,4.75,4.5,0.0016993131785524283,1,0,3430.0975,3437.2,46.13194912444533,46.13194912444533,0.013618416006173596,0.013526518768750705
EG--NL,EG,NL,3281.685911866004,10,3286.8,3289.0,3287.125,3288.503479999989,3.8239014399199966,14.622222222222224,3281.0,3290.0,3283.5,3289.0,5.5,1.0,0.0011634116587318961,0,0,3284.4,3288.8,5.11408813399612,5.11408813399612,0.0015583722121317181,0.0015571592101981102
EG--NO,EG,NO,3657.274374511535,10,3669.7,3670.5,3669.75,3669.7000000000003,3.653004851412662,13.344444444444443,3665.0,3674.0,3666.25,3672.75,6.5,3.5,0.0009954505413011041,0,0,3667.6974999999998,3671.6,12.425625488464902,12.425625488464902,0.0033975097890008503,0.0033917512919649307
EG--NZ,EG,NZ,16524.182617665698,10,16404.45,16475.0,16409.25,16451.095080203715,135.67044425535153,18406.469444444447,16230.5,16540.0,16260.0,16518.75,258.75,57.0,0.00827034397711301,0,0,16320.14875,16484.955,119.73261766569703,-119.73261766569703,-0.007245902592343243,-0.007272281648488532
EG--PE,EG,PE,12429.606272791647,10,12442.5,12450.0,12453.75,12452.499999999849,46.91896086753082,2201.3888888888887,12315.0,12480.0,12450.0,12458.75,8.75,7.5,0.003770862838459379,4,0,12410.9875,12463.5125,12.893727208353084,12.893727208353084,0.0010373399547319046,0.001036802289436704
EG--PH,EG,PH,9188.405775476658,10,8658.8,8356.5,8622.5,8378.55613338022,469.8034577234281,220715.2888888889,8288.0,9320.0,8291.0,9145.5,854.5,67.0,0.05425734024615745,0,0,8396.5925,8937.404999999999,529.6057754766589,-529.6057754766589,-0.057638483586581156,-0.059366302642916605
EG--PK,EG,PK,3959.781346765724,10,3440.0,3440.5,3441.25,3440.666666666667,10.718623460542352,114.8888888888889,3415.0,3455.0,3438.0,3444.25,6.25,3.5,0.0031158789129483583,2,0,3433.6,3445.8,519.7813467657238,-519.7813467657238,-0.13126516371674704,-0.1407173368934513
EG--PL,EG,PL,2605.2551344227354,10,2619.3,2620.0,2619.75,2620.0,2.1628170930011117,4.67777777777778,2614.0,2621.0,2620.0,2620.0,0.0,0.0,0.0008257233203531904,4,0,2617.8975,2620.4,14.044865577264773,14.044865577264773,0.005390975107079788,0.005376495815798624
EG--PT,EG,PT,3804.4459470065553,10,3800.0,3801.5,3800.125,3800.806959999998,3.9440531887330774,15.555555555555555,3794.0,3805.0,3796.25,3802.0,5.75,2.0,0.0010379087338771257,0,0,3797.6,3802.2,4.445947006555343,-4.445947006555343,-0.0011686187866734022,-0.0011693021540568743
EG--RU,EG,RU,2899.390144089835,10,2900.5,2900.5,2900.5,2900.5,0.5270462766947299,0.2777777777777778,2900.0,2901.0,2900.0,2901.0,1.0,0.5,0.00018170876631433544,0,0,2900.2,2900.8,1.1098559101651517,1.1098559101651517,0.00038278943329772314,0.0003827161881136622
EG--SA,EG,SA,1646.868560351307,10,1546.8,1611.0,1570.75,1610.7142857142858,135.34630479707315,18318.622222222224,1290.0,1612.0,1610.25,1611.0,0.75,0.0,0.0875008435460778,2,0,1450.6,1611.1,100.06856035130704,-100.06856035130704,-0.06076293078906103,-0.06268736176582493
EG--SE,EG,SE,3404.607659449505,10,3426.1,3430.0,3427.5,3429.5,7.385421074281712,54.544444444444444,3410.0,3431.0,3426.75,3430.0,3.25,0.5,0.0021556350002281638,2,0,3421.1974999999998,3429.8025000000002,21.4923405504951,21.4923405504951,0.006312721670246792,0.006292879902726958
EG--SG,EG,SG,8269.808521932006,10,8279.0,8285.5,8280.0,8284.695666666657,10.85254706406647,117.77777777777777,8262.0,8288.0,8270.0,8288.0,18.0,2.5,0.0013108524053709954,0,0,8272.4975,8285.202500000001,9.191478067994467,9.191478067994467,0.0011114499257894716,0.0011108327226052302
EG--SN,EG,SN,5253.120694234128,10,5365.0,5361.0,5357.25,5357.256655555041,131.0318027554125,17169.333333333332,5192.0,5600.0,5249.5,5458.75,209.25,111.5,0.024423448789452473,0,0,5290.6925,5443.205,111.87930576587223,111.87930576587223,0.021297684229618398,0.021074058126143123
EG--TH,EG,TH,7278.235334714449,10,7272.4,7269.5,7272.25,7270.614466666905,14.276632033579284,203.82222222222217,7254.0,7292.0,7261.25,7286.25,25.0,9.0,0.001963125245253188,0,0,7264.1,7281.705,5.8353347144493455,-5.8353347144493455,-0.0008017513100486035,-0.0008020728845234684
EG--TR,EG,TR,1105.6067845732575,10,1105.25,1104.5,1105.8125,1105.8125000158657,6.787447564765745,46.069444444444436,1091.0,1115.0,1102.875,1110.0,7.125,5.0,0.006141097095467763,1,0,1101.3474999999999,1109.1512500000001,0.3567845732575279,-0.3567845732575279,-0.0003227047610740194,-0.00032275684146009225
EG--TZ,EG,TZ,4038.353951938408,10,3705.5,3695.0,3702.75,3702.690000009791,111.58380009860053,12450.944444444445,3568.0,3865.0,3604.0,3782.25,178.25,100.0,0.030113021211334648,0,0,3640.965,3772.3225,332.85395193840804,-332.85395193840804,-0.08242317436752623,-0.08601896889950691
EG--UA,EG,UA,2264.232150700553,10,2274.8,2273.5,2274.25,2273.6666666666924,3.425395354310701,11.733333333333334,2272.0,2282.0,2273.0,2274.75,1.75,1.0,0.0015058006656895994,2,0,2273.0,2277.0,10.567849299447062,10.567849299447062,0.004667299373952168,0.004656441304362283
EG--US,EG,US,9366.819693047106,10,9420.9,9417.5,9420.5,9420.388142857211,18.87649920462537,356.3222222222223,9400.0,9445.0,9404.5,9440.5,36.0,15.0,0.0020036832154704297,0,0,9410.4975,9433.105,54.08030695289381,54.08030695289381,0.005773603925891417,0.005757000551628935
EG--VN,EG,VN,7437.521764642192,10,7721.6,7830.5,7745.625,7812.882285696723,235.92852024854193,55662.266666666656,7321.0,7930.0,7524.0,7895.5,371.5,80.0,0.03055435664221689,0,0,7579.3975,7850.845,284.0782353578088,284.0782353578088,0.03819528121696534,0.037483899242663155
EG--ZA,EG,ZA,6178.42759423283,10,6277.1,6275.5,6277.5,6276.586080000001,9.218941852994242,84.9888888888889,6260.0,6291.0,6273.5,6281.75,8.25,4.0,0.0014686625755514872,1,0,6271.9,6282.5,98.67240576716995,98.67240576716995,0.015970472140723047,0.015844285880338142
ES--ET,ES,ET,5435.390315315712,10,5430.8,5431.5,5427.25,5428.67337777818,58.91953081204153,3471.511111111111,5360.0,5530.0,5376.25,5475.0,98.75,54.0,0.010849143922081743,0,0,5398.889999999999,5467.202499999999,4.59031531571145,-4.59031531571145,-0.0008445235851373857,-0.0008448803960846691
ES--FI,ES,FI,2953.7168515011904,10,2948.3,2948.0,2948.25,2948.1428571428573,0.9486832980505139,0.9000000000000001,2947.0,2950.0,2948.0,2948.0,0.0,0.0,0.0003217729871622677,3,0,2947.8,2948.9,5.4168515011901945,-5.4168515011901945,-0.001833910213308749,-0.0018355938854278293
ES--FJ,ES,FJ,17527.210746850342,10,17339.0,17300.0,17318.75,17306.434666665682,117.70490407984047,13854.444444444447,17220.0,17620.0,17265.0,17380.0,115.0,40.0,0.00678844824268069,1,0,17278.975,17411.05,188.21074685034182,-188.21074685034182,-0.010738202990122857,-0.010796273581868151
ES--FR,ES,FR,1054.2206353287124,10,1053.0,1053.0,1053.0,1053.0,0.0,0.0,1053.0,1053.0,1053.0,1053.0,0.0,0.0,0.0,0,0,1053.0,1053.0,1.220635328712433,-1.220635328712433,-0.0011578556592490067,-0.0011585264919811125
ES--GB,ES,GB,1263.9687927349041,10,1263.3,1263.0,1263.25,1263.3,0.48304589153964794,0.23333333333333334,1263.0,1264.0,1263.0,1263.75,0.75,0.0,0.00038236831436685504,0,0,1263.0,1263.6,0.6687927349041729,-0.6687927349041729,-0.0005291212399770386,-0.0005292612740191929
ES--GH,ES,GH,3875.784925520151,10,3894.2,3894.5,3894.0,3893.7782571574867,4.732863826479693,22.4,3887.0,3903.0,3890.75,3895.0,4.25,3.0,0.0012153622891684281,1,0,3891.2975,3897.1,18.415074479848954,18.415074479848954,0.004751314852017376,0.004740062982313489
ES--GR,ES,GR,2374.062233299252,10,2284.9,2228.0,2281.375,2228.7343400094214,74.53776075102992,5555.877777777777,2226.0,2372.0,2227.0,2371.5,144.5,1.5,0.03262189187755697,0,0,2241.5,2328.3,89.16223329925197,-89.16223329925197,-0.03755682224696467,-0.03828025066363945
ES--IN,ES,IN,7287.614249142348,10,7271.5,7281.0,7272.25,7278.396979983986,15.414639506362485,237.6111111111111,7250.0,7287.0,7255.0,7283.0,28.0,4.5,0.0021198706602987673,0,0,7262.3975,7279.902499999999,16.114249142347944,-16.114249142347944,-0.0022111830554484096,-0.002213631330422681
ES--IT,ES,IT,1365.1557413989822,10,1362.6,1363.0,1362.625,1362.6,0.5163977794943223,0.2666666666666667,1362.0,1363.0,1362.0,1363.0,1.0,0.0,0.00037897972955696637,0,0,1362.3,1362.9,2.5557413989822635,-2.5557413989822635,-0.0018721244188323852,-0.001873879033999383
ES--JP,ES,JP,10789.251153816349,10,10766.0,10765.0,10765.0,10765.111111111111,3.1622776601683795,10.000000000000002,10765.0,10775.0,10765.0,10765.0,0.0,0.0,0.00029372818690027677,1,0,10765.0,10768.0,23.25115381634896,-23.25115381634896,-0.0021550294348393786,-0.0021573548522678793
ES--KE,ES,KE,6176.5987043900495,10,5792.0,5790.0,5792.5,5792.27577144809,6.306962642808167,39.77777777777778,5780.0,5800.0,5790.0,5797.25,7.25,4.0,0.0010889092960649459,0,0,5788.2,5795.6,384.59870439004953,-384.59870439004953,-0.062267070081255885,-0.06429009341829879
ES--KR,ES,KR,10019.900842150517,10,9989.5,9991.0,9991.5,9991.477055555555,7.919736247011148,62.72222222222222,9968.0,9995.0,9990.0,9993.75,3.75,2.5,0.0007928060710757443,1,0,9984.5,9993.0,30.400842150516837,-30.400842150516837,-0.003034046207586229,-0.003038658256924089
ES--MA,ES,MA,760.8123052479816,10,564.8,562.5,564.5,564.4946999809284,7.435649863252633,55.28888888888889,557.0,575.0,557.75,572.5,14.75,5.5,0.013165102449101688,0,0,560.5,569.2,196.01230524798166,-196.01230524798166,-0.25763556122307035,-0.29791499901175617
ES--MX,ES,MX,9078.13985240458,10,9064.1,9064.0,9064.125,9064.1,0.8755950357709131,0.7666666666666666,9063.0,9065.0,9063.25,9065.0,1.75,1.0,9.660032830296588e-05,0,0,9063.6,9064.6,14.039852404579506,-14.039852404579506,-0.00154655608228603,-0.0015477532346118874
ES--MY,ES,MY,11077.974673965115,10,11065.1,11065.0,11064.125,11065.0,10.969148655306949,120.32222222222224,11048.0,11090.0,11065.0,11065.0,0.0,0.0,0.0009913284701726101,4,0,11059.7,11071.804999999998,12.874673965114198,-12.874673965114198,-0.0011621866220159894,-0.0011628624845911868
ES--NG,ES,NG,3642.923695107211,10,3707.2,3736.5,3721.75,3720.5991111238086,113.65913953571882,12918.400000000001,3468.0,3830.0,3639.25,3788.75,149.5,80.0,0.030659025554520616,0,0,3638.3875000000003,3769.0175,64.27630489278863,64.27630489278863,0.01764415350755706,0.01749030250867137
ES--NL,ES,NL,1481.542258526469,10,1479.1,1481.0,1481.0,1481.0,6.367451958550174,40.54444444444445,1461.0,1482.0,1481.0,1481.0,0.0,0.0,0.004304950279595818,2,0,1475.0,1481.3,2.442258526469004,-2.442258526469004,-0.00164845687823853,-0.00164981707830456
ES--NO,ES,NO,2391.208799044871,10,2593.5,2593.5,2593.375,2593.5,1.7795130420052185,3.1666666666666665,2591.0,2597.0,2593.0,2594.0,1.0,0.5,0.0006861434517082007,3,0,2592.5,2594.6,202.29120095512917,202.29120095512917,0.0845978824751444,0.08120930306734327
ES--NZ,ES,NZ,19851.726976157825,10,19855.0,19855.0,19855.0,19855.0,0.0,0.0,19855.0,19855.0,19855.0,19855.0,0.0,0.0,0.0,0,0,19855.0,19855.0,3.273023842175462,3.273023842175462,0.00016487350677885128,0.0001648599166360923
ES--PE,ES,PE,9503.708312480001,10,9507.7,9508.0,9507.625,9507.62500000214,1.4944341180973262,2.233333333333333,9505.0,9511.0,9507.0,9508.0,1.0,0.5,0.00015718145483106598,2,0,9506.9,9508.6,3.9916875199996866,3.9916875199996866,0.00042001368189698284,0.0004199255008411813
ES--PH,ES,PH,11671.011912853837,10,11641.0,11640.0,11640.0,11640.111111111111,3.1622776601683795,10.000000000000002,11640.0,11650.0,11640.0,11640.0,0.0,0.0,0.0002716500008734971,1,0,11640.0,11643.0,30.011912853837202,-30.011912853837202,-0.0025714919218601485,-0.002574803886223663
ES--PK,ES,PK,6659.012517572479,10,6501.55,6548.25,6524.6875,6527.470912495532,320.0790223609719,102450.58055555556,5932.0,6886.0,6290.75,6745.25,454.5,244.75,0.04923118677253453,0,0,6299.6425,6677.0125,157.46251757247865,-157.46251757247865,-0.023646526742058308,-0.023930592911738185
ES--PL,ES,PL,2294.1560974438808,10,2290.0,2290.0,2290.0,2290.0,0.0,0.0,2290.0,2290.0,2290.0,2290.0,0.0,0.0,0.0,0,0,2290.0,2290.0,4.156097443880753,-4.156097443880753,-0.0018116018559118203,-0.0018132447910834
ES--PT,ES,PT,504.8178933567692,10,502.5,502.5,502.5,502.5,0.5270462766947299,0.2777777777777778,502.0,503.0,502.0,503.0,1.0,0.5,0.0010488483118303083,0,0,502.2,502.8,2.3178933567692184,-2.3178933567692184,-0.004591543578925989,-0.004602117093394069
ES--RU,ES,RU,3447.7208209357696,10,3440.0,3440.0,3440.0,3440.0,0.0,0.0,3440.0,3440.0,3440.0,3440.0,0.0,0.0,0.0,0,0,3440.0,3440.0,7.720820935769552,-7.720820935769552,-0.0022393985292794073,-0.002241909731922069
ES--SA,ES,SA,4976.67214260894,10,4786.3,4786.5,4785.375,4785.684066666753,6.111010100175293,37.34444444444445,4780.0,4800.0,4781.0,4788.0,7.0,3.0,0.0012767712220661666,1,0,4783.0,4790.1025,190.3721426089396,-190.3721426089396,-0.03825290016174144,-0.03900375285907923
ES--SE,ES,SE,2599.80340123646,10,2590.1,2590.0,2590.0,2590.1,0.31622776601683794,0.1,2590.0,2591.0,2590.0,2590.0,0.0,0.0,0.0001220909486185236,1,0,2590.0,2590.3,9.703401236460195,-9.703401236460195,-0.0037323596206718097,-0.0037393422547231147
ES--SG,ES,SG,11394.820059047039,10,11370.6,11365.5,11373.125,11368.493433333777,33.23050807114851,1104.2666666666664,11310.0,11411.0,11351.0,11402.5,51.5,15.5,0.0029224938060567174,0,0,11350.4975,11389.202500000001,24.220059047038376,-24.220059047038376,-0.002125532384147532,-0.002127794534189385
ES--SN,ES,SN,3146.0652951641023,10,3004.6,2943.0,2994.25,2943.763342857208,101.03926629451213,10208.933333333336,2940.0,3152.0,2940.5,3098.75,158.25,3.0,0.033628192203458744,0,0,2943.295,3067.4,141.46529516410237,-141.46529516410237,-0.04496578484291229,-0.046008111753571716
ES--TH,ES,TH,10195.38770323311,10,10188.4,10189.0,10188.25,10188.839133333333,2.716206504995115,7.377777777777779,10185.0,10193.0,10185.75,10190.0,4.25,1.0,0.0002665979452117227,0,0,10186.8,10190.0,6.987703233109642,-6.987703233109642,-0.0006853788631200103,-0.0006856138425858139
ES--TR,ES,TR,3091.375943481574,10,3027.0,2995.0,3011.25,2995.25,68.9283041363351,4751.11111111111,2995.0,3185.0,2995.0,2995.0,0.0,0.0,0.022771160930404724,2,0,2995.0,3072.0,64.37594348157381,-64.37594348157381,-0.020824365802973883,-0.021044250910891824
ES--TZ,ES,TZ,6547.695065885699,10,6185.0,6210.0,6181.875,6181.875000012884,115.01207666057411,13227.777777777776,6035.0,6360.0,6075.0,6271.25,196.25,97.5,0.01859532363145903,0,0,6114.4875,6253.5125,362.69506588569857,-362.69506588569857,-0.05539278513066143,-0.05698608353389861
ES--UA,ES,UA,2867.9152687436067,10,2865.0,2865.0,2865.0,2865.0,0.0,0.0,2865.0,2865.0,2865.0,2865.0,0.0,0.0,0.0,0,0,2865.0,2865.0,2.9152687436067026,-2.9152687436067026,-0.0010165114623082434,-0.0010170284604707582
ES--US,ES,US,6103.59738093071,10,6113.9,6112.5,6109.25,6109.540088888853,19.404753140518032,376.5444444444444,6100.0,6165.0,6100.25,6115.75,15.5,8.0,0.0031738748001305275,1,0,6104.5,6125.9,10.302619069289904,10.302619069289904,0.0016879584982912002,0.0016865354974310858
ES--VN,ES,VN,10056.382163469798,10,9912.0,10087.5,9975.125,10082.982742854141,381.8481373530582,145807.99999999997,9185.0,10134.0,10015.0,10116.75,101.75,36.0,0.03852382338105914,2,0,9644.3625,10104.4025,144.3821634697979,-144.3821634697979,-0.014357266969653535,-0.01446132976621657
ES--ZA,ES,ZA,8029.9477888894835,10,7994.4,8002.5,7995.125,7995.005499999823,35.31823576819457,1247.3777777777782,7945.0,8038.0,7963.25,8026.25,63.0,30.0,0.004417871981411309,0,0,7973.1975,8014.6025,35.547788889483854,-35.547788889483854,-0.004426901621785015,-0.004436729365798743
ET--FI,ET,FI,5790.019542298963,10,5801.2,5782.5,5796.5,5795.481285709314,85.90666770138134,7379.955555555555,5690.0,5950.0,5730.25,5857.5,127.25,65.0,0.014808430618041326,0,0,5756.097500000001,5852.005,11.180457701037085,11.180457701037085,0.0019309879041613416,0.001929125943581938
ET--FJ,ET,FJ,15572.54742661621,10,15942.3,15960.0,15941.0,15941.000000608405,208.92904164917917,43651.34444444445,15645.0,16250.0,15770.25,16115.0,344.75,195.0,0.01310532618563063,0,0,15814.785,16066.147500000001,369.75257338379015,369.75257338379015,0.023743872036749637,0.02346637036673831
ET--FR,ET,FR,5564.644582105378,10,5591.1,5590.0,5591.375,5591.365944444442,3.348299734359383,11.211111111111114,5585.0,5595.0,5590.0,5594.5,4.5,2.5,0.0005988624303552759,0,0,5589.1,5593.1,26.45541789462277,26.45541789462277,0.004754197236549003,0.004742931732376014
ET--GB,ET,GB,5886.122685458142,10,5899.1,5900.0,5899.5,5899.75,1.9119507199599983,3.655555555555556,5895.0,5900.0,5900.0,5900.0,0.0,0.0,0.00032410888439931483,2,0,5898.0,5900.0,12.977314541858505,12.977314541858505,0.0022047305561468133,0.002202303704116138
ET--GH,ET,GH,4312.516347158949,10,4275.2,4247.5,4274.5,4274.499999809227,74.60384261774546,5565.733333333334,4161.0,4395.0,4231.25,4340.0,108.75,61.5,0.01745037486380648,0,0,4231.8975,4318.1,37.31634715894961,-37.31634715894961,-0.008653033207290522,-0.008690688075712326
ET--GR,ET,GR,3541.0060008455616,10,3527.1,3524.5,3554.5,3544.4976995050392,223.56975048814928,49983.43333333333,3020.0,3815.0,3453.75,3654.5,200.75,101.5,0.06338628065213611,1,0,3389.9975,3652.205,13.90600084556172,-13.90600084556172,-0.003927132809783742,-0.0039348642440542305
ET--IN,ET,IN,4568.968215495237,10,5193.4,5216.5,5205.5,5205.499999999171,59.87245703252132,3584.711111111111,5040.0,5250.0,5177.25,5219.5,42.25,25.0,0.011528566455986699,1,0,5151.595,5224.1,624.4317845047626,624.4317845047626,0.1366680079732355,0.12810118266172396
ET--IT,ET,IT,4456.489579759943,10,4483.0,4482.0,4482.5,4482.3333333333885,16.950909513454825,287.33333333333326,4450.0,4520.0,4480.0,4485.0,5.0,3.0,0.0037811531370633114,2,0,4473.097500000001,4493.405,26.5104202400571,26.5104202400571,0.005948722591085949,0.005931098799014908
ET--JP,ET,JP,10415.439814966736,10,9769.5,9714.5,9750.5,9718.683299999839,119.54287933624487,14290.5,9650.0,10041.0,9710.0,9796.25,86.25,11.5,0.012236335466118518,1,0,9706.89,9843.6375,645.9398149667359,-645.9398149667359,-0.06201752652235923,-0.06402401514233323
ET--KE,ET,KE,1159.806608820494,10,1161.6,1162.0,1161.5,1161.5804333333294,1.505545305418162,2.2666666666666666,1160.0,1164.0,1160.0,1162.75,2.75,1.5,0.0012960961651327153,0,0,1160.7,1162.5,1.7933911795059885,1.7933911795059885,0.0015462846701053382,0.0015450904029243272
ET--KR,ET,KR,9256.901270317068,10,9281.4,9250.0,9263.0,9261.052714604086,121.03736796727054,14650.04444444445,9160.0,9550.0,9192.0,9343.75,151.75,65.0,0.01304085245407703,0,0,9222.0,9356.615,24.498729682931298,24.498729682931298,0.002646536780238574,0.0026430408684550493
ET--MA,ET,MA,5405.302959239058,10,5371.8,5378.0,5374.625,5371.66672857094,55.16802616653156,3043.511111111111,5268.0,5453.0,5344.25,5395.5,51.25,33.5,0.010269933014358607,0,0,5337.795,5400.91,33.50295923905742,-33.50295923905742,-0.0061981649301991884,-0.006217453297407939
ET--MX,ET,MX,14431.004638352826,10,14176.6,14192.5,14184.25,14185.238628572264,118.96983744723796,14153.822222222225,13962.0,14330.0,14107.75,14271.75,164.0,96.0,0.008391986615072582,0,0,14105.7,14249.904999999999,254.4046383528257,-254.4046383528257,-0.017629031708347075,-0.01778627384630854
ET--MY,ET,MY,6996.0854221014015,10,7271.5,7314.0,7274.625,7292.96629998247,187.56820981534514,35181.833333333336,7007.0,7511.0,7109.0,7410.0,301.0,123.5,0.02579498175278074,0,0,7159.545,7378.7074999999995,275.4145778985985,275.4145778985985,0.03936695470134393,0.0386118304192525
ET--NG,ET,NG,3425.380993916935,10,3470.0,3470.0,3470.5,3470.650314285708,4.8074017006186525,23.11111111111111,3460.0,3476.0,3468.5,3473.0,4.5,3.0,0.0013854183575269892,1,0,3466.9,3472.6,44.61900608306496,44.61900608306496,0.013025998031256363,0.012941889331354045
ET--NL,ET,NL,5692.490720486377,10,5490.8,5476.0,5476.375,5476.3749999995935,62.055172584116185,3850.844444444445,5435.0,5662.0,5468.0,5484.5,16.5,9.5,0.011301663252006298,2,0,5464.0,5531.402499999999,201.69072048637645,-201.69072048637645,-0.03543101436433148,-0.03607392442930771
ET--NO,ET,NO,6109.632738802692,10,5895.12,5898.5,5892.0,5892.000000006298,101.10000329706551,10221.210666666657,5760.0,6055.2,5812.0,5958.5,146.5,88.0,0.017149778680852216,0,0,5837.98,5955.371999999999,214.51273880269218,-214.51273880269218,-0.035110578323359315,-0.03574177314508847
ET--NZ,ET,NZ,14423.0253472428,10,14060.6,14134.0,14090.125,14115.27446668085,312.59921091817665,97718.26666666669,13470.0,14415.0,13849.75,14305.0,455.25,191.0,0.02223228104904319,0,0,13884.39,14235.807499999999,362.42534724279903,-362.42534724279903,-0.025128247265549086,-0.025449352292836482
ET--PE,ET,PE,13010.580677525299,10,12593.0,12585.0,12603.125,12600.833333338713,247.22009986604604,61117.77777777778,12130.0,12975.0,12488.75,12742.5,253.75,157.5,0.019631549262768683,0,0,12437.9625,12734.0875,417.5806775252986,-417.5806775252986,-0.03209546813284319,-0.032621820673413585
ET--PH,ET,PH,8943.42800028437,10,8921.3,8942.5,8908.5,8908.50000000791,161.47311437718253,26073.56666666667,8705.0,9240.0,8798.75,8994.5,195.75,117.5,0.018099729229729137,0,0,8831.4325,9015.849999999999,22.1280002843705,-22.1280002843705,-0.0024742190895556946,-0.0024772850278533963
ET--PK,ET,PK,4460.31441309416,10,4401.9,4399.0,4406.75,4403.833333343995,179.20345358775253,32113.877777777776,4122.0,4643.0,4299.25,4518.5,219.25,116.5,0.04071047810894217,0,0,4296.7825,4513.91,58.41441309416041,-58.41441309416041,-0.01309647878693776,-0.013182993857290874
ET--PL,ET,PL,5054.603703831145,10,5387.75,5383.5,5394.3125,5394.3124996423585,107.4634950938121,11548.402777777777,5178.0,5545.0,5342.5,5465.25,122.75,77.0,0.019945894871479207,0,0,5321.78,5443.2325,333.14629616885486,333.14629616885486,0.06590947890065962,0.06382840553452505
ET--PT,ET,PT,5784.177787414981,10,5745.9,5749.5,5749.25,5749.250000002047,59.17666582173904,3501.8777777777777,5631.0,5834.0,5711.75,5785.25,73.5,37.5,0.01029893764627631,0,0,5709.3,5780.702499999999,38.2777874149815,-38.2777874149815,-0.006617671313330829,-0.00663966518598343
ET--RU,ET,RU,5182.912971370709,10,5140.9,5140.5,5141.0,5141.000000034799,9.085397319019375,82.54444444444445,5126.0,5155.0,5136.25,5148.0,11.75,7.5,0.0017672775815556372,0,0,5136.1,5146.402499999999,42.01297137070924,-42.01297137070924,-0.008106053796924589,-0.008139086481926652
ET--SA,ET,SA,1928.2054708788808,10,1900.0,1948.5,1923.75,1949.6666666609026,138.96762212832166,19311.999999999996,1580.0,2030.0,1937.75,1963.0,25.25,13.5,0.07314085375174824,3,0,1813.6825000000001,1968.905,28.20547087888076,-28.20547087888076,-0.014627834691302187,-0.014735876370177911
ET--SE,ET,SE,5846.588012893221,10,5847.3,5847.5,5847.875,5847.875000172416,59.11392015046503,3494.4555555555553,5758.0,5932.0,5799.25,5895.0,95.75,54.0,0.010109609589120624,0,0,5812.8925,5883.005,0.7119871067789063,0.7119871067789063,0.00012177822436073702,0.00012177080999473756
ET--SG,ET,SG,7265.102216993072,10,7365.35,7362.5,7364.625,7362.822342808633,22.683878269231947,514.5583333333334,7334.0,7402.5,7349.0,7375.75,26.75,14.0,0.003079809957331552,0,0,7352.3,7378.95375,100.24778300692833,100.24778300692833,0.013798537173014413,0.013704204140309135
ET--SN,ET,SN,6138.121973536205,10,6177.5,6180.0,6178.75,6179.695666666691,12.518874638809281,156.7222222222222,6150.0,6195.0,6174.0,6184.5,10.5,5.0,0.002026527663101462,1,0,6169.7,6183.8,39.37802646379532,39.37802646379532,0.006415321597317401,0.006394831010829011
ET--TH,ET,TH,6750.299737881846,10,7166.4,7160.0,7174.125,7164.294999999916,115.42019850191828,13321.82222222222,6911.0,7360.0,7140.5,7195.75,55.25,25.0,0.01610574326048201,3,0,7100.3575,7231.202499999999,416.1002621181533,416.1002621181533,0.06164174603729819,0.05981652696023473
ET--TR,ET,TR,3471.2514729888712,10,3376.5,3360.0,3370.875,3371.493857404012,119.86682424906215,14368.055555555553,3163.0,3635.0,3347.75,3415.0,67.25,55.0,0.035500318154616364,2,0,3307.28,3450.8075000000003,94.75147298887123,-94.75147298887123,-0.027296055536790837,-0.027675513945632634
ET--TZ,ET,TZ,1714.3873971546066,10,1612.05,1665.25,1619.875,1638.5701500069026,135.1989172376104,18278.747222222228,1407.0,1754.5,1503.0,1724.0,221.0,76.75,0.08386769469781359,0,0,1533.19875,1684.4175,102.3373971546066,-102.3373971546066,-0.059693274299879626,-0.06154915300734042
ET--UA,ET,UA,4651.905379290357,10,4700.8,4752.5,4713.875,4729.699500000284,139.9307765369085,19580.62222222222,4452.0,4845.0,4596.0,4813.5,217.5,77.5,0.029767438848048947,0,0,4616.8925,4777.2225,48.89462070964328,48.89462070964328,0.010510665356031403,0.010455812339270334
ET--US,ET,US,11530.640207862776,10,11560.5,11561.0,11561.25,11561.0,4.222953153106642,17.833333333333332,11550.0,11565.0,11560.0,11562.0,2.0,1.0,0.0003652915663774614,1,0,11557.8,11562.6,29.85979213722385,29.85979213722385,0.002589604011480852,0.0025862567644635223
ET--VN,ET,VN,7294.24449951952,10,7440.1,7390.5,7436.0,7414.101333335171,109.30533178009001,11947.655555555557,7285.0,7628.0,7381.25,7507.75,126.5,40.0,0.014691379387385923,0,0,7378.8975,7506.6050000000005,145.85550048048026,145.85550048048026,0.019995970863067165,0.019798677154130126
ET--ZA,ET,ZA,4007.191456170527,10,4422.2,4424.5,4429.0,4440.83333334018,316.00766516723047,99860.84444444445,3940.0,4850.0,4325.0,4594.5,269.5,150.5,0.07145937885379008,0,0,4229.83,4606.3125,415.0085438294727,415.0085438294727,0.10356593848053262,0.0985466988764744
FI--FJ,FI,FJ,14881.524051042496,10,15274.8,15285.0,15280.0,15286.021750015869,27.935640318417615,780.3999999999999,15215.0,15293.0,15285.0,15290.0,5.0,5.0,0.0018288711026277016,2,0,15256.295,15288.5,393.2759489575037,393.2759489575037,0.026427128539294572,0.026083964737047594
FI--FR,FI,FR,1913.0642944778042,10,1910.0,1910.0,1910.0,1910.0,0.0,0.0,1910.0,1910.0,1910.0,1910.0,0.0,0.0,0.0,0,0,1910.0,1910.0,3.0642944778041965,-3.0642944778041965,-0.001601772865998022,-0.0016030570756798625
FI--GB,FI,GB,1825.9330131984918,10,1820.1,1820.0,1820.0,1820.1,0.31622776601683794,0.1,1820.0,1821.0,1820.0,1820.0,0.0,0.0,0.00017374197352718968,1,0,1820.0,1820.3,5.833013198491926,-5.833013198491926,-0.0031945384394327925,-0.0031996518702915363
FI--GH,FI,GH,6421.808628793435,10,6234.0,6212.5,6229.875,6229.288714282836,115.95688854052612,13445.999999999998,6071.0,6430.0,6152.5,6319.25,166.75,85.0,0.018600720009709033,0,0,6166.889999999999,6302.407499999999,187.80862879343476,-187.80862879343476,-0.02924544153361376,-0.02968161456229091
FI--GR,FI,GR,2469.446523502244,10,2512.8,2464.0,2505.0,2464.496520006404,79.50653362390344,6321.288888888887,2460.0,2628.0,2464.0,2587.25,123.25,1.0,0.03164061350839837,0,0,2463.8,2562.3,43.35347649775622,43.35347649775622,0.01755594870557108,0.01740362326573557
FI--IN,FI,IN,5227.813402791738,10,5228.5,5229.0,5229.25,5229.250000000003,3.5039660069381067,12.27777777777778,5219.0,5232.0,5229.0,5230.0,1.0,1.0,0.0006701665883022104,2,0,5226.1,5230.1,0.6865972082623557,0.6865972082623557,0.00013133544665073577,0.0001313268229060693
FI--IT,FI,IT,2204.4886323251985,10,2201.9,2202.0,2202.0,2201.9,0.31622776601683794,0.1,2201.0,2202.0,2202.0,2202.0,0.0,0.0,0.00014361586176340338,1,0,2201.7,2202.0,2.5886323251984322,-2.5886323251984322,-0.0011742552387163166,-0.0011749452165920867
FI--JP,FI,JP,7840.181225242526,10,7822.6,7823.0,7822.625,7822.6,0.5163977794943222,0.2666666666666666,7822.0,7823.0,7822.0,7823.0,1.0,0.0,6.601357342754611e-05,0,0,7822.3,7822.9,17.58122524252576,-17.58122524252576,-0.0022424513844043073,-0.002244969443631209
FI--KE,FI,KE,6893.053879094669,10,7184.5,7246.5,7213.375,7216.648150478784,228.71002990200884,52308.27777777778,6725.0,7413.0,7056.5,7369.75,313.25,149.0,0.031833813056163805,0,0,7036.8525,7307.3425,291.44612090533064,291.44612090533064,0.04228113199422852,0.04141170731993648
FI--KR,FI,KR,7076.449214426985,10,7041.8,7041.0,7041.75,7041.666666666591,5.533734925185902,30.62222222222222,7034.0,7050.0,7040.0,7044.0,4.0,3.0,0.0007858409675347073,0,0,7038.6,7044.8,34.649214426985054,-34.649214426985054,-0.0048964125053486685,-0.004908439207584186
FI--MA,FI,MA,3705.568629466575,10,3846.0,3814.0,3838.5,3817.9575999966905,93.2964212723201,8704.222222222223,3757.0,3995.0,3777.5,3917.5,140.0,44.0,0.02425803985239732,0,0,3792.2825000000003,3903.8175,140.4313705334248,140.4313705334248,0.037897387574127916,0.03719692395551939
FI--MX,FI,MX,9855.858846180436,10,9492.8,9481.5,9490.375,9486.08546666643,28.739442505997843,825.9555555555556,9460.0,9545.0,9472.5,9512.25,39.75,14.0,0.0030274989998733616,0,0,9477.4,9509.112500000001,363.0588461804364,-363.0588461804364,-0.036836855300655724,-0.037532468553180695
FI--MY,FI,MY,8971.024211314423,10,8363.3,8375.5,8363.75,8367.978333332883,44.33471175801943,1965.5666666666664,8293.0,8430.0,8324.0,8390.75,66.75,25.0,0.005301102645847863,0,0,8336.7825,8389.4,607.7242113144239,-607.7242113144239,-0.0677430131721137,-0.07014676536519698
FI--NG,FI,NG,5852.2306591964625,10,5899.0,5842.5,5882.125,5854.117200000038,157.40535074909127,24776.44444444445,5743.0,6190.0,5782.5,5962.5,180.0,66.0,0.02668339561774729,0,0,5814.085,5995.0525,46.76934080353749,46.76934080353749,0.007991711797969208,0.00795994719272308
FI--NL,FI,NL,1506.1678883392688,10,1501.9,1502.0,1502.0,1501.9,0.31622776601683794,0.1,1501.0,1502.0,1502.0,1502.0,0.0,0.0,0.00021055181171638452,1,0,1501.7,1502.0,4.267888339268666,-4.267888339268666,-0.0028336073105200282,-0.00283762957585911
FI--NO,FI,NO,789.3307636306301,10,784.1,785.0,784.375,784.5,1.728840330651992,2.988888888888889,780.0,786.0,783.25,785.0,1.75,0.5,0.0022048722492692156,1,0,782.9975,785.0,5.230763630630122,-5.230763630630122,-0.0066268336059404805,-0.006648888558091847
FI--NZ,FI,NZ,17068.725016057746,10,16820.7,16842.0,16837.125,16845.09445695662,93.15465038788396,8677.78888888889,16600.0,16910.0,16820.75,16882.5,61.75,38.0,0.005538095940590104,2,0,16757.8875,16866.5025,248.02501605774523,-248.02501605774523,-0.014530963257326527,-0.014637571713310768
FI--PE,FI,PE,11822.926389926623,10,11691.9,11657.0,11680.375,11669.778628569617,115.53493940026205,13348.322222222223,11574.0,11902.0,11609.75,11754.5,144.75,68.0,0.009881622268430456,0,0,11631.195000000002,11761.7175,131.02638992662287,-131.02638992662287,-0.011082399196721724,-0.011144266499449699
FI--PH,FI,PH,8939.979930604915,10,8299.1,8295.0,8298.5,8297.137666666667,9.515484456634063,90.54444444444445,8288.0,8315.0,8292.0,8306.5,14.5,5.0,0.0011465682371141525,0,0,8293.8,8305.3,640.879930604915,-640.879930604915,-0.07168695406249648,-0.07438626909587387
FI--PK,FI,PK,4543.885658949807,10,4813.7,4811.0,4813.0,4813.500000001328,90.62014737965896,8212.011111111111,4638.0,4995.0,4783.25,4847.5,64.25,34.0,0.018825466352215336,2,0,4762.0675,4866.7074999999995,269.8143410501925,269.8143410501925,0.059379650216055964,0.05768350116152143
FI--PL,FI,PL,915.2000736428832,10,941.5,940.0,941.25,940.4285714285714,2.41522945769824,5.833333333333334,940.0,945.0,940.0,943.75,3.75,0.0,0.0025652994771091235,0,0,940.5,943.0,26.29992635711676,26.29992635711676,0.028736805333102668,0.028331647005239855
FI--PT,FI,PT,3365.791975654019,10,3364.8,3365.0,3364.875,3364.8,0.4216370213557839,0.17777777777777778,3364.0,3365.0,3365.0,3365.0,0.0,0.0,0.00012530819702680215,2,0,3364.5,3365.0,0.9919756540189155,-0.9919756540189155,-0.0002947228055667823,-0.00029476624486805483
FI--RU,FI,RU,895.568901558974,10,893.2,893.0,893.0,893.1111111111111,0.6324555320336759,0.4,893.0,895.0,893.0,893.0,0.0,0.0,0.0007080782938128927,1,0,893.0,893.6,2.368901558973903,-2.368901558973903,-0.002645136018959797,-0.0026486405726174164
FI--SA,FI,SA,4292.210711697853,10,4260.3,4248.5,4252.875,4249.467250002258,88.2106695486562,7781.122222222222,4163.0,4417.0,4186.0,4308.5,122.5,65.0,0.020705271823265075,0,0,4208.99,4313.505,31.910711697853003,-31.910711697853003,-0.007434563175308373,-0.007462337284651814
FI--SE,FI,SE,394.8329300638056,10,396.0,396.0,396.0,396.0,0.0,0.0,396.0,396.0,396.0,396.0,0.0,0.0,0.0,0,0,396.0,396.0,1.167069936194423,1.167069936194423,0.0029558576484636752,0.002951497690741251
FI--SG,FI,SG,9269.41231436185,10,9264.2,9265.0,9264.25,9265.0,9.840957496323437,96.84444444444445,9248.0,9280.0,9260.75,9269.25,8.5,5.0,0.001062256589486781,0,0,9258.4,9270.0025,5.212314361850076,-5.212314361850076,-0.0005623133576412622,-0.0005624715150894647
FI--SN,FI,SN,6097.2656329221945,10,6055.7,6079.5,6057.0,6058.1463285714335,77.60734501321379,6022.899999999999,5914.0,6187.0,6002.5,6092.5,90.0,44.5,0.012815586144163976,0,0,6009.375,6098.202499999999,41.56563292219471,-41.56563292219471,-0.006817093993373196,-0.0068404365246030035
FI--TH,FI,TH,7892.355050494185,10,7899.4,7900.0,7899.75,7899.793171423696,1.8973665961010275,3.5999999999999996,7895.0,7901.0,7898.5,7900.75,2.25,1.0,0.00024019122922007085,1,0,7898.2,7900.4,7.044949505814657,7.044949505814657,0.0008926295713690089,0.0008922314145131951
FI--TR,FI,TR,2318.7683066331742,10,2481.9,2466.5,2485.375,2472.3426333360835,93.9603344206716,8828.544444444444,2316.0,2620.0,2430.5,2556.0,125.5,41.5,0.037858227334168014,0,0,2426.3975,2535.4475,163.13169336682586,163.13169336682586,0.07035273550193173,0.06798825349571086
FI--TZ,FI,TZ,7418.969801469933,10,7412.8,7406.5,7414.625,7409.680985989905,93.52337794488723,8746.622222222219,7250.0,7561.0,7357.25,7463.75,106.5,56.5,0.01261647123150324,0,0,7355.5,7467.0025,6.169801469933191,-6.169801469933191,-0.0008316250955369514,-0.0008319710875237233
FI--UA,FI,UA,1140.0561693095046,10,1144.9,1144.0,1144.375,1144.354657142857,3.5730472522297636,12.766666666666664,1140.0,1154.0,1144.0,1145.0,1.0,1.0,0.0031208378480476577,2,0,1143.1,1147.3,4.843830690495452,4.843830690495452,0.004248764947633417,0.004239764430890611
FI--US,FI,US,6946.711977616074,10,6933.8,6930.0,6933.75,6931.1990428570025,36.62361108477547,1341.2888888888886,6873.0,6995.0,6914.25,6950.5,36.25,20.5,0.005281896086529099,0,0,6912.9975,6953.9,12.911977616074182,-12.911977616074182,-0.001858717859280705,-0.0018604474188286895
FI--VN,FI,VN,7500.56964538643,10,7286.8,7289.0,7287.5,7287.8333333334585,6.44291169511977,41.51111111111111,7274.0,7294.0,7283.75,7290.0,6.25,4.0,0.0008841894514903346,1,0,7282.8975,7290.3,213.76964538643006,-213.76964538643006,-0.028500454697853367,-0.028914478201656938
FI--ZA,FI,ZA,9522.764258248177,10,9692.5,9660.5,9682.875,9673.64193333343,73.32613601044461,5376.722222222223,9620.0,9842.0,9641.25,9734.25,93.0,33.0,0.007565244881139501,0,0,9651.785,9737.304999999998,169.7357417518233,169.7357417518233,0.017824209142298788,0.017667220645563475
FJ--FR,FJ,FR,16576.81749979109,10,16548.5,16535.0,16540.625,16537.068833333327,30.00462927246024,900.2777777777778,16530.0,16630.0,16535.0,16547.5,12.5,2.5,0.0018131328683844601,1,0,16535.5,16568.0,28.317499791090086,-28.317499791090086,-0.0017082591270276672,-0.0017097198654336988
FJ--GB,FJ,GB,16299.555426240808,10,16283.0,16282.5,16284.375,16284.320055555536,10.593499054713803,112.22222222222223,16260.0,16295.0,16280.0,16290.0,10.0,7.5,0.0006505864432054169,1,0,16276.0,16288.5,16.55542624080772,-16.55542624080772,-0.0010156980241408905,-0.0010162141949244055
FJ--GH,FJ,GH,18604.884835041765,10,19280.55,19282.5,19280.0625,19280.55000000188,178.05967320598515,31705.247222222224,19035.0,19530.0,19116.625,19442.5,325.875,170.0,0.009235196776336005,0,0,19175.74625,19389.5125,675.6651649582345,675.6651649582345,0.03631654648491232,0.03567264396748244
FJ--GR,FJ,GR,16718.893493199037,10,16504.5,16417.5,16457.5,16434.4887854027,245.98385222521327,60508.05555555556,16300.0,17085.0,16338.75,16585.0,246.25,92.5,0.014904047515841939,1,0,16376.4875,16657.0125,214.39349319903704,-214.39349319903704,-0.012823425981285705,-0.012906355834291769
FJ--IN,FJ,IN,12028.323263938093,10,11636.95,11616.0,11616.8125,11616.812499995904,135.04000436084775,18235.80277777778,11485.0,11950.0,11537.5,11695.625,158.125,83.5,0.01160441562100445,1,0,11567.39875,11718.11,391.37326393809235,-391.37326393809235,-0.03253764097872741,-0.03307876023940453
FJ--IT,FJ,IT,17055.863339691525,10,16883.04,16885.0,16885.05,16887.83333333325,24.189400800993365,585.1271111110984,16840.0,16910.0,16881.25,16898.0,16.75,11.0,0.0014327633412580534,2,0,16867.86,16896.7,172.82333969152387,-172.82333969152387,-0.010132781686245006,-0.010184467764182957
FJ--JP,FJ,JP,7219.789289468397,10,7329.9,7315.0,7326.375,7312.500000000345,125.38957071640544,15722.544444444442,7115.0,7573.0,7304.0,7320.25,16.25,11.0,0.01710658681788366,4,0,7259.0725,7405.8125,110.11071053160231,110.11071053160231,0.015251236028760877,0.015136105045987405
FJ--KE,FJ,KE,15310.34174379079,10,16448.0,16460.0,16456.875,16460.296519993663,36.206199591905374,1310.888888888889,16350.0,16475.0,16460.0,16461.5,1.5,1.0,0.002201252407095414,3,0,16424.5,16463.7,1137.6582562092099,1137.6582562092099,0.07430652269212702,0.07167535824609426
FJ--KR,FJ,KR,8184.830871623246,10,7755.2,7692.0,7760.25,7735.413866721963,317.27478451476236,100663.28888888888,7305.0,8165.0,7498.25,8081.0,582.75,216.0,0.040911231756081384,0,0,7561.995,7938.03,429.6308716232461,-429.6308716232461,-0.05249111171163884,-0.05391896129028194
FJ--MA,FJ,MA,18168.663542293107,10,17851.1,17400.0,17760.75,17490.433999467383,774.1424574614446,599296.5444444445,17180.0,19245.0,17326.25,18098.25,772.0,150.0,0.04336665289317995,0,0,17467.059999999998,18339.732500000002,317.5635422931082,-317.5635422931082,-0.01747864071310926,-0.01763319574282096
FJ--MX,FJ,MX,9915.918583166904,10,10496.7,10790.0,10529.375,10617.747333394114,599.6267450117059,359552.2333333334,9577.0,11155.0,9907.5,10917.5,1010.0,330.0,0.05712526270272618,0,0,10136.395,10841.0375,580.781416833097,580.781416833097,0.058570611684833886,0.056919518564643216
FJ--MY,FJ,MY,8728.573834583456,10,8477.67,8456.5,8465.875,8461.166666665227,105.66677234484716,11165.466777777756,8335.7,8714.0,8431.25,8504.75,73.5,42.5,0.012464128981765882,1,0,8419.318,8544.5035,250.90383458345605,-250.90383458345605,-0.028745112241515415,-0.029166344871774396
FJ--NG,FJ,NG,18616.55968810009,10,18616.0,18616.5,18598.25,18598.544699999886,295.4044308702525,87263.77777777778,18250.0,19124.0,18349.75,18832.5,482.75,233.5,0.0158683084910965,0,0,18438.795,18785.965,0.5596881000892608,-0.5596881000892608,-3.0063991922579532e-05,-3.006444385348729e-05
FJ--NL,FJ,NL,16165.585758358455,10,16247.2,16247.5,16244.0,16246.453428571394,31.91238004286111,1018.4,16200.0,16320.0,16237.5,16253.75,16.25,10.0,0.001964177214711526,3,0,16230.2,16270.5,81.61424164154596,81.61424164154596,0.0050486411603951386,0.005035939504409598
FJ--NO,FJ,NO,15261.03378993224,10,15582.3,15623.5,15610.25,15621.776866666667,112.23591225628276,12596.900000000003,15286.0,15655.0,15592.5,15640.0,47.5,19.0,0.007202782147454661,2,0,15502.9975,15633.2075,321.26621006775895,321.26621006775895,0.021051405461122788,0.02083288606507633
FJ--NZ,FJ,NZ,2591.8075392647534,10,2628.8,2631.5,2629.75,2631.189866666569,9.670114327716664,93.51111111111112,2610.0,2640.0,2625.5,2635.0,9.5,4.0,0.0036785279700687246,1,0,2622.9975,2634.0,36.99246073524682,36.99246073524682,0.014272842475695893,0.014171944394511641
FJ--PE,FJ,PE,11096.316981305765,10,11112.0,11115.0,11115.375,11113.408214771296,204.42004685342275,41787.55555555555,10755.0,11442.0,10968.75,11221.25,252.5,137.5,0.018396332510207232,0,0,10999.9875,11225.1,15.683018694235216,15.683018694235216,0.0014133535226739447,0.001412355678677448
FJ--PH,FJ,PH,7270.00795998326,10,7127.6,7114.5,7115.5,7115.255885655231,47.08432152355318,2216.933333333333,7095.0,7257.0,7106.25,7126.25,20.0,12.0,0.0066059152482677444,1,0,7107.8975,7157.4175,142.4079599832594,-142.4079599832594,-0.019588418715237185,-0.019782814581994775
FJ--PK,FJ,PK,12498.588968944085,10,13221.15,13319.75,13202.8125,13207.156229496835,360.8351462618044,130202.00277777779,12735.0,13854.0,12928.0,13442.5,514.5,264.0,0.02729226627500667,0,0,13024.3575,13433.46125,722.561031055915,722.561031055915,0.057811408379882016,0.05620206459809065
FJ--PL,FJ,PL,15740.327157401141,10,15714.5,15687.5,15700.625,15694.690928571412,104.94575318282827,11013.61111111111,15595.0,15945.0,15642.5,15743.75,101.25,52.5,0.00667827504424756,1,0,15655.4875,15775.5,25.82715740114145,-25.82715740114145,-0.0016408272295024983,-0.0016421748608563041
FJ--PT,FJ,PT,17608.392189885468,10,17305.4,17350.0,17318.625,17347.293500000153,75.40586478812139,5686.044444444446,17150.0,17355.0,17277.5,17353.0,75.5,5.0,0.004357360407047591,1,0,17259.4,17343.844999999998,302.99218988546636,-302.99218988546636,-0.01720726041412854,-0.017357025841163852
FJ--RU,FJ,RU,14698.654341884276,10,15171.6,15190.0,15207.875,15198.958914030387,220.9747094629207,48829.822222222225,14620.0,15433.0,15129.0,15257.5,128.5,74.0,0.014565023429494629,1,0,15023.955,15285.6325,472.94565811572465,472.94565811572465,0.032176119467484256,0.03166931089760815
FJ--SA,FJ,SA,14993.206576183224,10,14669.1,14606.0,14637.25,14641.574666670276,282.1254449117744,79594.76666666666,14350.0,15243.0,14459.5,14846.0,386.5,220.0,0.019232634920463725,0,0,14508.395,14842.625,324.1065761832233,-324.1065761832233,-0.021616895260955588,-0.021853963013541866
FJ--SE,FJ,SE,15161.365121374429,10,15617.0,15645.0,15628.125,15637.645000001517,82.73787255879593,6845.555555555557,15430.0,15715.0,15605.0,15660.0,55.0,25.0,0.0052979363871931825,1,0,15566.0,15659.5,455.6348786255712,455.6348786255712,0.030052365006579724,0.029609640761458365
FJ--SG,FJ,SG,8434.22672283059,10,8276.0,8276.0,8276.5,8276.5,9.26162932629987,85.77777777777779,8260.0,8288.0,8272.0,8282.75,10.75,6.0,0.0011190948920130341,0,0,8270.3975,8281.202500000001,158.22672283059,-158.22672283059,-0.01876007463758194,-0.018938277084806648
FJ--SN,FJ,SN,18292.51736528745,10,19020.6,18992.5,19007.5,19010.264388890828,134.00431170509236,17957.155555555553,18873.0,19273.0,18901.25,19118.75,217.5,107.5,0.007045220009100258,0,0,18942.1725,19101.205,728.0826347125476,728.0826347125476,0.03980221093539502,0.03903051327354151
FJ--TH,FJ,TH,9249.359232089999,10,9163.72,9177.5,9172.525,9172.524999979398,208.8368198698048,43612.817333333296,8792.0,9465.0,9043.625,9335.0,291.375,160.0,0.022789524327435234,0,0,9042.30875,9290.4655,85.6392320899995,-85.6392320899995,-0.009258936748059285,-0.009302067137043213
FJ--TR,FJ,TR,15929.245910545002,10,16007.7,16045.0,16002.375,16002.374999995209,161.6794153048969,26140.233333333334,15783.0,16275.0,15867.5,16122.25,254.75,140.0,0.010100102782092174,0,0,15910.8675,16098.025,78.45408945499912,78.45408945499912,0.004925160292934099,0.004913071367991982
FJ--TZ,FJ,TZ,15125.289672800167,10,15948.16,15984.5,15973.95,15973.95000071217,289.3185487774102,83705.22266666667,15365.0,16325.0,15792.5,16159.5,367.0,224.55000000000018,0.01814118674363752,0,0,15755.384750000001,16105.085749999998,822.8703271998329,822.8703271998329,0.054403607798639515,0.052975306420570155
FJ--UA,FJ,UA,15437.65678215794,10,15857.0,15825.0,15857.5,15857.500000007087,284.4702679250212,80923.33333333333,15435.0,16275.0,15658.75,16071.25,412.5,237.5,0.01793972806489381,0,0,15682.925,16035.0625,419.34321784206077,419.34321784206077,0.02716365726738506,0.026801272941546328
FJ--US,FJ,US,12497.831524726587,10,12490.5,12500.0,12494.375,12499.166666667068,39.96178730292784,1596.9444444444446,12415.0,12535.0,12482.5,12513.75,31.25,17.5,0.0031993745088609612,2,0,12465.5,12511.0125,7.331524726587304,-7.331524726587304,-0.0005866237444537559,-0.0005867958754832322
FJ--VN,FJ,VN,9022.601376117009,10,8231.7,8205.5,8225.875,8215.203433336279,103.51602130427284,10715.56666666667,8115.0,8395.0,8151.5,8295.0,143.5,65.5,0.012575290803147931,0,0,8173.6975,8295.9275,790.9013761170081,-790.9013761170081,-0.08765779880407203,-0.09174013867588418
FJ--ZA,FJ,ZA,14189.452435443198,10,14393.4,14384.0,14399.25,14402.156850003421,171.07970851818362,29268.26666666667,14125.0,14615.0,14305.25,14545.0,239.75,151.0,0.01188598305599675,0,0,14285.887499999999,14489.01,203.9475645568018,203.9475645568018,0.014373180747085795,0.014270865813352565
FR--GB,FR,GB,341.1497977927973,10,343.1,343.0,343.0,343.1,0.31622776601683794,0.1,343.0,344.0,343.0,343.0,0.0,0.0,0.0009216781288744912,1,0,343.0,343.3,1.9502022072027216,1.9502022072027216,0.005716556831691888,0.005700279325418003
FR--GH,FR,GH,4807.153141334028,10,4823.7,4825.0,4824.0,4824.428571428572,2.057506581601462,4.233333333333334,4820.0,4825.0,4823.25,4825.0,1.75,0.0,0.0004265411575349757,2,0,4822.4,4824.8,16.54685866597174,16.54685866597174,0.003442132626001559,0.003436222046941875
FR--GR,FR,GR,2101.148656258638,10,2097.8,2098.0,2097.875,2097.8,0.4216370213557839,0.17777777777777778,2097.0,2098.0,2098.0,2098.0,0.0,0.0,0.0002009900950308818,2,0,2097.5,2098.0,3.348656258637675,-3.348656258637675,-0.0015937264832086573,-0.0015949978162112305
FR--IN,FR,IN,6600.894573294016,10,6582.4,6583.0,6583.0,6583.110871428576,3.4705106892854323,12.044444444444446,6574.0,6586.0,6582.0,6584.75,2.75,1.5,0.0005272409287319871,1,0,6580.3,6584.2,18.494573294015936,-18.494573294015936,-0.002801828311096123,-0.002805760779156372
FR--IT,FR,IT,1108.1927290162205,10,1106.3,1106.5,1106.375,1106.375,0.8232726023485646,0.6777777777777777,1105.0,1107.0,1106.0,1107.0,1.0,0.5,0.0007441675877687469,0,0,1105.8,1106.8,1.8927290162205281,-1.8927290162205281,-0.001707942099476475,-0.0017094022954409886
FR--JP,FR,JP,9737.965704971102,10,9712.4,9712.0,9712.375,9712.400000000001,1.776388345929897,3.1555555555555554,9710.0,9715.0,9711.25,9714.0,2.75,2.0,0.00018289901012416055,0,0,9711.3,9713.4,25.565704971102605,-25.565704971102605,-0.002625364038615545,-0.002628816350490642
FR--KE,FR,KE,6470.452307387349,10,6481.6,6480.0,6480.75,6480.428571428572,3.2041639575194445,10.26666666666667,6480.0,6490.0,6480.0,6482.25,2.25,0.0,0.000494347685373896,1,0,6480.3,6483.9,11.147692612651554,11.147692612651554,0.0017228614141741182,0.0017213789908770236
FR--KR,FR,KR,8989.261845586849,10,8965.1,8965.0,8965.0,8965.1,0.31622776601683794,0.1,8965.0,8966.0,8965.0,8965.0,0.0,0.0,3.527320007772785e-05,1,0,8965.0,8965.3,24.161845586848358,-24.161845586848358,-0.002687856467181482,-0.002691475239323527
FR--MA,FR,MA,1814.6775669616386,10,1814.3,1814.0,1814.25,1814.3,0.48304589153964794,0.23333333333333334,1814.0,1815.0,1814.0,1814.75,0.75,0.0,0.00026624367058350213,0,0,1814.1,1814.6,0.37756696163864945,-0.37756696163864945,-0.00020806283634773726,-0.0002080844844225375
FR--MX,FR,MX,9207.427444723564,10,9194.1,9192.5,9193.875,9193.159928571438,4.629614814791111,21.433333333333334,9190.0,9200.0,9190.0,9199.0,9.0,2.5,0.0005035419252336945,0,0,9191.5,9197.1,13.32744472356353,-13.32744472356353,-0.0014474667113669188,-0.0014485153032973215
FR--MY,FR,MY,10429.064210826338,10,10414.2,10410.0,10412.75,10411.354000000023,15.76775894736542,248.62222222222226,10400.0,10440.0,10401.25,10422.75,21.5,10.0,0.0015140633891576327,0,0,10405.7,10423.505,14.864210826337512,-14.864210826337512,-0.0014252679363990375,-0.0014262845968682093
FR--NG,FR,NG,4437.067941067861,10,4457.0,4457.5,4456.75,4457.333333333424,14.476033833738976,209.55555555555554,4433.0,4483.0,4450.5,4464.25,13.75,7.5,0.0032479322041146456,0,0,4448.2,4465.3,19.932058932138716,19.932058932138716,0.004492168972139224,0.004482109296360303
FR--NL,FR,NL,428.39172758992953,10,430.1,430.0,430.0,430.1,0.31622776601683794,0.1,430.0,431.0,430.0,430.0,0.0,0.0,0.0007352424227315459,1,0,430.0,430.3,1.7082724100704922,1.7082724100704922,0.003987640983828021,0.003979711416707759
FR--NO,FR,NO,1343.5166138500856,10,1343.4,1343.0,1343.375,1343.375,0.8432740427115678,0.7111111111111111,1342.0,1345.0,1343.0,1344.0,1.0,0.5,0.0006277162741637396,0,0,1342.9,1343.9,0.11661385008551406,-0.11661385008551406,-8.679747528490649e-05,-8.680124240379362e-05
FR--NZ,FR,NZ,18980.580816307895,10,18961.0,18961.0,18961.0,18961.0,1.0540925533894598,1.1111111111111112,18960.0,18962.0,18960.0,18962.0,2.0,1.0,5.559266670478666e-05,0,0,18960.4,18961.6,19.580816307894565,-19.580816307894565,-0.0010316236630162,-0.0010321561529582658
FR--PE,FR,PE,10245.869499110875,10,10260.6,10260.0,10260.375,10260.24999999786,1.2649110640673518,1.6,10260.0,10263.0,10260.0,10260.0,0.0,0.0,0.0001232784694917794,2,0,10260.0,10261.5,14.730500889125324,14.730500889125324,0.0014377013966851344,0.0014366688935344124
FR--PH,FR,PH,10757.705538010932,10,10740.0,10740.0,10740.0,10740.0,0.0,0.0,10740.0,10740.0,10740.0,10740.0,0.0,0.0,0.0,0,0,10740.0,10740.0,17.705538010932287,-17.705538010932287,-0.001645847058034086,-0.0016472029522371593
FR--PK,FR,PK,5940.239053946842,10,5903.7,5904.5,5904.25,5904.333333333361,5.657836257007718,32.011111111111106,5890.0,5913.0,5903.25,5905.0,1.75,1.0,0.0009583542959513048,2,0,5900.0,5906.6,36.539053946842614,-36.539053946842614,-0.00615110833335321,-0.006170104337933493
FR--PL,FR,PL,1370.8305434249735,10,1367.0,1367.0,1367.0,1367.0,0.0,0.0,1367.0,1367.0,1367.0,1367.0,0.0,0.0,0.0,0,0,1367.0,1367.0,3.8305434249734844,-3.8305434249734844,-0.0027943230790605247,-0.0027982344879884245
FR--PT,FR,PT,1453.915618536448,10,1453.1,1453.0,1453.0625,1453.1,0.21081851067789195,0.044444444444444446,1453.0,1453.5,1453.0,1453.0,0.0,0.0,0.00014508190123039844,2,0,1453.0,1453.25,0.815618536448028,-0.815618536448028,-0.0005609806553072539,-0.0005611380638266207
FR--RU,FR,RU,2494.0210488381886,10,2485.5,2485.0,2485.375,2485.4444444444443,0.7071067811865476,0.5000000000000001,2485.0,2487.0,2485.0,2486.0,1.0,0.0,0.0002844927705437729,0,0,2485.1,2486.0,8.521048838188563,-8.521048838188563,-0.0034165905865782475,-0.003422440460412949
FR--SA,FR,SA,4695.389253154605,10,4673.8,4675.0,4674.125,4674.571428573771,2.0976176963403033,4.4,4670.0,4675.0,4673.5,4675.0,1.5,0.0,0.00044880347818483955,2,0,4672.3,4675.0,21.589253154605103,-21.589253154605103,-0.004597968771194066,-0.00460857194412748
FR--SE,FR,SE,1549.2891494547255,10,1544.0,1544.0,1544.0,1544.0,0.0,0.0,1544.0,1544.0,1544.0,1544.0,0.0,0.0,0.0,0,0,1544.0,1544.0,5.289149454725475,-5.289149454725475,-0.003413920155954748,-0.003419760878332335
FR--SG,FR,SG,10742.404770656647,10,10740.0,10740.0,10740.0,10740.0,0.0,0.0,10740.0,10740.0,10740.0,10740.0,0.0,0.0,0.0,0,0,10740.0,10740.0,2.404770656647088,-2.404770656647088,-0.00022385775885263838,-0.00022388281874065514
FR--SN,FR,SN,4197.9762876720815,10,4200.0,4200.0,4200.0,4200.0,0.0,0.0,4200.0,4200.0,4200.0,4200.0,0.0,0.0,0.0,0,0,4200.0,4200.0,2.0237123279184743,2.0237123279184743,0.0004820685466617275,0.00048195238894908714
FR--TH,FR,TH,9456.38937182292,10,9442.7,9443.0,9443.0,9442.888888888889,0.9486832980505138,0.8999999999999999,9440.0,9443.0,9443.0,9443.0,0.0,0.0,0.00010046737670904654,1,0,9442.1,9443.0,13.689371822918474,-13.689371822918474,-0.0014476319961727166,-0.0014486808277078059
FR--TR,FR,TR,2605.2100576102166,10,2598.0,2598.0,2598.0,2598.0,0.0,0.0,2598.0,2598.0,2598.0,2598.0,0.0,0.0,0.0,0,0,2598.0,2598.0,7.210057610216609,-7.210057610216609,-0.002767553268556955,-0.00277139002469043
FR--TZ,FR,TZ,6910.826312650359,10,6862.1,6845.0,6863.0,6863.00000000003,84.65282039010867,7166.0999999999985,6732.0,6985.0,6821.0,6938.0,117.0,74.5,0.012336284867621962,0,0,6814.8975,6910.62,48.72631265035852,-48.72631265035852,-0.007050721642528385,-0.007075695438457812
FR--UA,FR,UA,2030.3165458301612,10,2023.9,2024.0,2024.0,2023.9,0.31622776601683794,0.1,2023.0,2024.0,2024.0,2024.0,0.0,0.0,0.00015624673453077618,1,0,2023.7,2024.0,6.4165458301611125,-6.4165458301611125,-0.0031603672064532667,-0.003165371713728507
FR--US,FR,US,6177.576314828088,10,6166.6,6167.0,6166.75,6166.746271428573,2.270584848790187,5.155555555555556,6162.0,6170.0,6165.25,6167.75,2.5,1.5,0.0003682069290679121,0,0,6165.3,6168.0,10.976314828087197,-10.976314828087197,-0.0017767995519117519,-0.0017783799325261172
FR--VN,FR,VN,9212.23431863868,10,9100.2,9190.0,9190.0,9190.0,284.3240717522486,80840.1777777778,8291.0,9191.0,9190.0,9190.0,0.0,0.0,0.031243716814163266,2,0,8920.3,9190.3,112.0343186386799,-112.0343186386799,-0.0121614707967215,-0.01223602657121795
FR--ZA,FR,ZA,8652.154951764032,10,8692.6,8690.0,8692.5,8690.333333333334,5.561774297230456,30.933333333333334,8685.0,8701.0,8690.0,8697.5,7.5,0.0,0.0006398286240285365,0,0,8689.5,8696.1,40.44504823596799,40.44504823596799,0.004674563558032661,0.004663671715687025
GB--GH,GB,GH,5094.01108636096,10,5100.0,5100.0,5100.0,5100.0,0.0,0.0,5100.0,5100.0,5100.0,5100.0,0.0,0.0,0.0,0,0,5100.0,5100.0,5.98891363904022,5.98891363904022,0.0011756773861516185,0.001174986818696752
GB--GR,GB,GR,2394.3235623248843,10,2391.0,2391.0,2391.0,2391.0,0.0,0.0,2391.0,2391.0,2391.0,2391.0,0.0,0.0,0.0,0,0,2391.0,2391.0,3.3235623248842785,-3.3235623248842785,-0.0013881007467750537,-0.0013890650510876804
GB--IN,GB,IN,6724.002102971842,10,6710.0,6710.0,6710.0,6710.0,0.0,0.0,6710.0,6710.0,6710.0,6710.0,0.0,0.0,0.0,0,0,6710.0,6710.0,14.00210297184185,-14.00210297184185,-0.0020824060964605095,-0.0020845773188038603
GB--IT,GB,IT,1434.2026285343118,10,1434.0,1434.0,1434.0,1434.0,0.6666666666666666,0.4444444444444444,1433.0,1435.0,1434.0,1434.0,0.0,0.0,0.00046490004649000463,4,0,1433.6,1434.4,0.20262853431177064,-0.20262853431177064,-0.00014128305880937308,-0.000141293040200837
GB--JP,GB,JP,9584.855356731166,10,9559.8,9560.0,9559.875,9559.8,0.4216370213557839,0.17777777777777778,9559.0,9560.0,9560.0,9560.0,0.0,0.0,4.4105213640011706e-05,2,0,9559.5,9560.0,25.055356731167194,-25.055356731167194,-0.0026140568426597636,-0.0026174794551516696
GB--KE,GB,KE,6804.487905463708,10,6820.2,6819.0,6819.75,6819.25,2.5298221281347035,6.4,6819.0,6825.0,6819.0,6819.0,0.0,0.0,0.0003709307832812386,2,0,6819.0,6822.0,15.71209453629217,15.71209453629217,0.002309078178194136,0.0023064163539635273
GB--KR,GB,KR,8880.920559408663,10,8858.0,8858.0,8858.0,8858.0,0.0,0.0,8858.0,8858.0,8858.0,8858.0,0.0,0.0,0.0,0,0,8858.0,8858.0,22.920559408663394,-22.920559408663394,-0.002580876526857432,-0.002584212730136321
GB--MA,GB,MA,2015.6973939359636,10,2064.6,2077.5,2068.875,2076.684066666794,26.75900679106839,716.0444444444443,2010.0,2085.0,2064.25,2080.0,15.75,3.0,0.012960867379186473,2,0,2047.7,2078.6025,48.90260606403626,48.90260606403626,0.02426088668425884,0.02397126632099898
GB--MX,GB,MX,8941.67963886513,10,8928.8,8929.0,8928.875,8928.8,0.4216370213557839,0.17777777777777778,8928.0,8929.0,8929.0,8929.0,0.0,0.0,4.722213750512767e-05,2,0,8928.5,8929.0,12.879638865129891,-12.879638865129891,-0.0014404048663461807,-0.0014414432466808922
GB--MY,GB,MY,10548.649921719485,10,10588.2,10594.5,10590.75,10594.285714288057,13.331666562486976,177.73333333333332,10561.0,10595.0,10593.25,10595.0,1.75,0.5,0.001259106039032789,2,0,10578.6,10594.6,39.55007828051566,39.55007828051566,0.003749302382201797,0.0037422912670877252
GB--NG,GB,NG,4755.038491838242,10,4819.0,4894.0,4826.75,4889.34917993987,106.6708332519563,11378.666666666664,4672.0,4904.0,4702.5,4899.5,197.0,9.5,0.022135470689345568,0,0,4749.355,4875.905,63.96150816175759,63.96150816175759,0.013451312386123465,0.013361646669791203
GB--NL,GB,NL,358.8427946807068,10,357.4,357.0,357.375,357.4,0.5163977794943223,0.2666666666666667,357.0,358.0,357.0,358.0,1.0,0.0,0.0014448734736830508,0,0,357.1,357.7,1.442794680706811,-1.442794680706811,-0.0040206873374469985,-0.004028792032370437
GB--NO,GB,NO,1156.4942725896335,10,1153.0,1153.0,1153.0,1153.0,0.0,0.0,1153.0,1153.0,1153.0,1153.0,0.0,0.0,0.0,0,0,1153.0,1153.0,3.4942725896335105,-3.4942725896335105,-0.0030214352742180908,-0.0030260090249608356
GB--NZ,GB,NZ,18806.422712162086,10,18818.3,18820.0,18818.5,18819.33333333335,2.359378449224852,5.566666666666667,18815.0,18820.0,18815.75,18820.0,4.25,0.0,0.00012537681136047635,0,0,18816.8,18819.5,11.877287837913173,11.877287837913173,0.0006315548692964424,0.0006313555224477692
GB--PE,GB,PE,10161.714666151413,10,10154.7,10150.0,10151.875,10150.296520000005,14.150382798120102,200.2333333333333,10143.0,10189.0,10150.0,10151.5,1.5,1.0,0.0013934811267807125,4,0,10147.9,10163.9,7.014666151411802,-7.014666151411802,-0.0006903033968054227,-0.0006905417658995553
GB--PH,GB,PH,10748.092828515446,10,10740.8,10740.0,10740.75,10740.666666666648,1.0327955589886444,1.0666666666666664,10740.0,10742.0,10740.0,10742.0,2.0,0.0,9.615629738833648e-05,0,0,10740.2,10741.4,7.292828515446672,-7.292828515446672,-0.0006785230302531706,-0.0006787533311866848
GB--PK,GB,PK,6053.923906825333,10,6049.8,6050.0,6049.875,6049.875,0.7888106377466155,0.6222222222222223,6048.0,6051.0,6050.0,6050.0,0.0,0.0,0.0001303862338832053,3,0,6049.3,6050.2,4.123906825332597,-4.123906825332597,-0.0006811956821398448,-0.0006814278013369335
GB--PL,GB,PL,1451.4527915116341,10,1450.1,1450.0,1450.0,1450.1,0.31622776601683794,0.1,1450.0,1451.0,1450.0,1450.0,0.0,0.0,0.00021807307497195914,1,0,1450.0,1450.3,1.3527915116342228,-1.3527915116342228,-0.0009320258430350606,-0.0009324604491848916
GB--PT,GB,PT,1584.9632431063264,10,1585.3,1585.0,1585.125,1585.2222222222222,0.6749485577105528,0.4555555555555555,1585.0,1587.0,1585.0,1585.0,0.0,0.0,0.0004257544677414703,2,0,1585.0,1585.8,0.3367568936735097,0.3367568936735097,0.00021246984441955196,0.00021244727589877469
GB--RU,GB,RU,2508.045616571664,10,2500.427,2500.0,2500.375,2500.427,0.5567375204408835,0.3099566666666632,2500.0,2501.27,2500.0,2501.0,1.0,0.0,0.00022265697836444876,0,0,2500.1,2500.7546749999997,7.618616571664006,-7.618616571664006,-0.003037670655320122,-0.0030422937414744584
GB--SA,GB,SA,4954.835444629185,10,4937.2,4945.5,4938.625,4945.125785723035,15.360844884170778,235.95555555555555,4915.0,4948.0,4922.5,4947.75,25.25,2.5,0.003111246229476379,0,0,4927.6975,4944.44,17.63544462918526,-17.63544462918526,-0.0035592392171774896,-0.0035655883790142065
GB--SE,GB,SE,1439.0693652990349,10,1432.6,1433.0,1432.625,1432.6,0.5163977794943223,0.2666666666666667,1432.0,1433.0,1432.0,1433.0,1.0,0.0,0.0003604619429668591,0,0,1432.3,1432.9,6.469365299034962,-6.469365299034962,-0.004495520129212565,-0.004505655366678202
GB--SG,GB,SG,10859.201604289969,10,10849.9,10850.0,10850.0,10849.9,0.31622776601683794,0.1,10849.0,10850.0,10850.0,10850.0,0.0,0.0,2.9145684846573514e-05,1,0,10849.7,10850.0,9.301604289968964,-9.301604289968964,-0.0008565642879578118,-0.0008569313487698993
GB--SN,GB,SN,4365.305947198292,10,4374.8,4375.5,4374.75,4375.333333333322,17.567647031467313,308.6222222222223,4350.0,4400.0,4363.25,4385.0,21.75,12.0,0.004015645750998289,0,0,4363.8,4384.6025,9.494052801707767,9.494052801707767,0.0021748882934084306,0.002172526647454974
GB--TH,GB,TH,9543.363933383182,10,9537.7,9537.0,9537.5,9537.37499999786,1.2516655570345725,1.5666666666666667,9537.0,9540.0,9537.0,9537.75,0.75,0.0,0.00013123347945883938,2,0,9537.1,9538.5,5.663933383180847,-5.663933383180847,-0.0005934944347420426,-0.0005936706222783576
GB--TR,GB,TR,2839.1944811374397,10,2825.7,2825.0,2824.625,2824.9409999999793,8.781925883439362,77.12222222222222,2815.0,2845.0,2821.25,2828.75,7.5,5.0,0.003107876237194098,1,0,2820.6949999999997,2831.4025,13.494481137439834,-13.494481137439834,-0.004752925953854936,-0.004764257024499663
GB--TZ,GB,TZ,7248.407455210976,10,7443.8,7484.0,7452.875,7465.358833333693,104.02969661485022,10822.17777777778,7240.0,7575.0,7390.0,7505.0,115.0,47.5,0.013975348157506949,0,0,7380.475,7503.820000000001,195.3925447890242,195.3925447890242,0.0269566171598913,0.02659968775612922
GB--UA,GB,UA,2139.351912362843,10,2133.9,2134.0,2134.0,2133.9,0.31622776601683794,0.1,2133.0,2134.0,2134.0,2134.0,0.0,0.0,0.00014819240171368758,1,0,2133.7,2134.0,5.451912362842904,-5.451912362842904,-0.0025483943671620853,-0.002551647051343839
GB--US,GB,US,5912.468929291367,10,5900.0,5900.0,5900.0,5900.0,0.0,0.0,5900.0,5900.0,5900.0,5900.0,0.0,0.0,0.0,0,0,5900.0,5900.0,12.468929291367203,-12.468929291367203,-0.002108920899286934,-0.0021111478044287145
GB--VN,GB,VN,9249.152997948202,10,9232.8,9233.0,9232.875,9232.833333333334,1.6193277068654826,2.6222222222222222,9230.0,9235.0,9232.0,9233.75,1.75,1.0,0.0001753885827555544,0,0,9231.9,9233.8,16.352997948202756,-16.352997948202756,-0.0017680535668326,-0.0017696184183063962
GB--ZA,GB,ZA,8991.386014264714,10,9029.9,9030.0,9030.0,9030.0,10.535126429658492,110.98888888888888,9014.0,9045.0,9025.5,9034.5,9.0,5.0,0.0011666935879310393,0,0,9023.8,9036.005,38.51398573528604,38.51398573528604,0.004283431461421423,0.0042742836821661944
GH--GR,GH,GR,4333.583803793776,10,4078.8,4057.5,4080.0,4079.0036571430446,80.58370389435653,6493.733333333332,3940.0,4208.0,4035.75,4133.0,97.25,56.0,0.019756718616837435,0,0,4030.8925,4124.1050000000005,254.7838037937754,-254.7838037937754,-0.058792864134928804,-0.060592040490573845
GH--IN,GH,IN,8492.768279138134,10,8239.6,8291.0,8244.125,8245.349533335717,123.58550796018835,15273.377777777778,8048.0,8395.0,8121.5,8326.25,204.75,89.0,0.014998969362613275,0,0,8169.495,8308.215,253.16827913813358,-253.16827913813358,-0.029809865383943538,-0.03026321162505256
GH--IT,GH,IT,4218.672595049595,10,4259.2,4243.5,4252.0,4248.106742973321,49.15237080299948,2415.9555555555557,4213.0,4363.0,4223.0,4279.25,56.25,24.0,0.011540282401155025,0,0,4232.8,4290.1175,40.52740495040507,40.52740495040507,0.009606672249930462,0.009560821588372168
GH--JP,GH,JP,13827.443948540278,10,13611.4,13613.5,13616.875,13617.50000000205,93.58323686548901,8757.822222222221,13444.0,13735.0,13573.0,13661.5,88.5,55.0,0.006875357190699635,0,0,13556.5975,13665.9,216.0439485402785,-216.0439485402785,-0.015624286697114806,-0.015747632343248486
GH--KE,GH,KE,4185.899181902206,10,4243.9,4210.0,4208.625,4209.7621800123325,116.51938322299286,13576.76666666667,4195.0,4575.0,4202.5,4212.0,9.5,3.5,0.027455732515608962,1,0,4204.1975,4318.705,58.000818097793854,58.000818097793854,0.013856238666368557,0.01376111865461124
GH--KR,GH,KR,12769.069776916134,10,12380.15,12354.0,12364.75,12357.336928571094,74.58479514396126,5562.891666666667,12320.0,12563.5,12336.25,12378.75,42.5,22.5,0.006024546967844595,2,0,12343.495,12426.561249999999,388.91977691613465,-388.91977691613465,-0.03045795689982226,-0.030931439483970296
GH--MA,GH,MA,3225.75627215081,10,3155.1,3154.0,3155.375,3153.833333333341,19.444793647657974,378.0999999999999,3123.0,3185.0,3146.25,3160.0,13.75,7.5,0.006162972218838697,3,0,3143.3925,3166.9,70.65627215081031,-70.65627215081031,-0.02190378509399888,-0.02214723453675087
GH--MX,GH,MX,10742.674108313797,10,10385.9,10380.0,10406.875,10385.69805745232,243.0927806414662,59094.1,9840.0,10764.0,10332.0,10455.75,123.75,64.0,0.023406039018425577,3,0,10240.692500000001,10518.304999999998,356.7741083137971,-356.7741083137971,-0.03321092166778924,-0.03377492693547278
GH--MY,GH,MY,11302.266760638768,10,10933.890000000001,10945.0,10936.7375,10941.2399039455,183.10304597260097,33526.725444444426,10580.0,11265.0,10862.825,11024.75,161.92499999999927,97.94999999999982,0.01674637717889982,1,0,10830.6705,11040.260500000002,368.3767606387664,-368.3767606387664,-0.03259317519576462,-0.03313616382773668
GH--NG,GH,NG,940.6043456313404,10,914.6,915.0,914.625,914.6169111111551,3.0983866769659336,9.600000000000001,910.0,919.0,912.25,917.25,5.0,3.0,0.0033876959074632994,0,0,912.8,916.5,26.004345631340357,-26.004345631340357,-0.027646423017412335,-0.02803577833940815
GH--NL,GH,NL,5209.997387819868,10,5213.0,5213.0,5213.125,5213.0,15.376750126227728,236.44444444444446,5195.0,5230.0,5197.75,5228.0,30.25,15.5,0.002949693099218824,0,0,5203.9,5222.5025,3.0026121801320187,3.0026121801320187,0.0005763174060608246,0.0005761513989634265
GH--NO,GH,NO,6102.669610187801,10,6120.1,6164.5,6144.5,6162.666666664965,138.38308342343646,19149.877777777776,5790.0,6255.0,6142.25,6181.5,39.25,24.0,0.02261124547367469,3,0,6027.38,6189.7,17.430389812199792,17.430389812199792,0.002856190966507754,0.0028521198032599383
GH--NZ,GH,NZ,16013.257226333824,10,16127.715,15916.0,16070.26875,15964.672999957347,681.863354692289,464937.63447222236,15340.0,17375.0,15671.25,16406.112500000003,734.8625000000029,315.0,0.04227898091529327,0,0,15761.887125,16528.347875,114.45777366617585,114.45777366617585,0.007147688446417377,0.007122264796354269
GH--PE,GH,PE,8721.901447825489,10,8543.5,8453.0,8516.625,8511.97335709739,303.04134298071534,91834.05555555555,8170.0,9132.0,8356.25,8748.75,392.5,197.5,0.03547039772701063,0,0,8379.1625,8729.7075,178.4014478254885,-178.4014478254885,-0.020454421423205475,-0.020666510187245572
GH--PH,GH,PH,13172.528062047224,10,13266.9,13302.5,13285.5,13285.500000005199,267.225435416117,71409.43333333333,12780.0,13605.0,13065.0,13481.0,416.0,212.5,0.020142266499040246,0,0,13100.9375,13419.5175,94.37193795277562,94.37193795277562,0.007164299632405467,0.007138757957380707
GH--PK,GH,PK,8135.24807147375,10,7352.4,7376.5,7352.0,7350.396771419269,112.82257457323571,12728.933333333334,7195.0,7513.0,7246.75,7400.25,153.5,99.0,0.015344999533925754,0,0,7287.8724999999995,7416.702499999999,782.8480714737507,-782.8480714737507,-0.09622915793051323,-0.1011794440107803
GH--PL,GH,PL,5532.277420091532,10,5368.6,5344.0,5370.75,5368.599999999785,95.78007215607128,9173.822222222221,5230.0,5490.0,5308.75,5454.5,145.75,99.0,0.017840791296813187,0,0,5313.3,5424.820000000001,163.67742009153153,-163.67742009153153,-0.029585902452596725,-0.03003239389454446
GH--PT,GH,PT,3782.929500075035,10,3807.8,3810.0,3808.375,3808.8449333333265,4.685675570881488,21.955555555555556,3798.0,3813.0,3805.25,3811.0,5.75,2.0,0.0012305466597199138,0,0,3804.6,3810.3,24.870499924965316,24.870499924965316,0.0065744021728324584,0.006552885047536333
GH--RU,GH,RU,6496.545506137951,10,6221.5,6200.0,6218.375,6217.894285714375,132.3238871523623,17509.61111111111,6027.0,6441.0,6139.25,6321.25,182.0,100.0,0.021268807707524276,0,0,6147.4,6294.52,275.0455061379507,-275.0455061379507,-0.04233719380216565,-0.043259539798642506
GH--SA,GH,SA,5439.21139413924,10,5208.4,5210.5,5209.375,5214.333333328817,115.48852756875895,13337.599999999997,5026.0,5383.0,5159.25,5274.5,115.25,62.5,0.022173513472229275,0,0,5139.2675,5276.8175,230.8113941392403,-230.8113941392403,-0.04243471661865174,-0.043361379174433855
GH--SE,GH,SE,6169.917069641088,10,6153.35,6156.5,6151.0625,6151.737314285908,53.9011698491889,2905.3361111111108,6075.0,6250.0,6115.5,6182.0,66.5,38.0,0.008759646346979922,0,0,6122.28125,6184.3025,16.567069641087983,-16.567069641087983,-0.0026851365187071648,-0.002688747964033685
GH--SG,GH,SG,11563.025739001863,10,11357.5,11388.5,11364.75,11371.053185716131,100.86652346321625,10174.055555555555,11172.0,11485.0,11310.25,11433.75,123.5,64.5,0.008881049831672132,0,0,11293.287499999999,11410.6,205.52573900186326,-205.52573900186326,-0.017774390859360358,-0.01793425247250421
GH--SN,GH,SN,2143.667997107388,10,2125.9,2105.0,2105.875,2105.6304285720094,68.48430477123938,4690.100000000001,2092.0,2320.0,2101.0,2109.5,8.5,5.0,0.032214264439173704,1,0,2100.9975,2170.3,17.767997107388055,-17.767997107388055,-0.008288595590065133,-0.00832313699741791
GH--TH,GH,TH,11025.064322158887,10,11194.6,11192.5,11202.625,11198.168557146051,114.67751886631194,13150.93333333333,10960.0,11365.0,11137.75,11252.5,114.75,61.5,0.010244003257491285,1,0,11122.3925,11256.06,169.53567784111328,169.53567784111328,0.015377296030860294,0.015260263650351581
GH--TR,GH,TR,5045.437421948046,10,4898.6,4918.5,4904.75,4907.168185489332,69.76181699978228,4866.711111111113,4776.0,4972.0,4846.0,4958.75,112.75,46.5,0.014241174417135974,0,0,4851.9925,4935.405,146.83742194804563,-146.83742194804563,-0.02910301122937159,-0.029534904093360216
GH--TZ,GH,TZ,4202.317885708757,10,4568.9,4572.5,4564.0,4565.935766676681,124.87100010277274,15592.76666666667,4395.0,4782.0,4458.5,4657.0,198.5,89.5,0.027330648537453817,0,0,4491.3,4637.735,366.58211429124276,366.58211429124276,0.08723331367622503,0.08363622510373123
GH--UA,GH,UA,5740.228417956023,10,5779.7,5787.5,5778.0,5780.296971431167,112.80371349285349,12724.677777777777,5580.0,5993.0,5725.5,5836.25,110.75,62.0,0.019517226411899145,0,0,5712.59,5843.21,39.47158204397692,39.47158204397692,0.00687630860132774,0.006852774614380319
GH--US,GH,US,8483.047455588956,10,8309.8,8273.5,8298.0,8280.537471566777,81.6208034483584,6661.955555555554,8243.0,8471.0,8250.0,8356.75,106.75,28.5,0.009822234403759225,0,0,8264.1,8358.2175,173.24745558895665,-173.24745558895665,-0.020422785148374315,-0.02063421381976924
GH--VN,GH,VN,11449.241972047112,10,11216.6,11190.0,11206.375,11206.374999997917,99.54808999786094,9909.822222222221,11077.0,11438.0,11170.0,11264.0,94.0,68.0,0.008875068202294896,1,0,11164.18,11275.9,232.64197204711127,-232.64197204711127,-0.020319421374366774,-0.02052870062548969
GH--ZA,GH,ZA,4626.9652891296655,10,4686.3,4685.0,4685.875,4685.704342857157,7.196449741983118,51.788888888888884,4675.0,4701.0,4682.75,4689.25,6.5,4.0,0.001535635734371064,1,0,4682.2,4690.6050000000005,59.334710870334675,59.334710870334675,0.012823677542974515,0.012742150435231615
GR--IN,GR,IN,5018.539102191491,10,4805.5,4803.0,4803.75,4803.333333333286,7.442371187255369,55.38888888888889,4800.0,4825.0,4802.0,4805.0,3.0,2.0,0.0015487194230060074,2,0,4801.9,4810.305,213.0391021914911,-213.0391021914911,-0.042450421896376454,-0.043377780569505205
GR--IT,GR,IT,1053.9826873522736,10,1051.0,1051.0,1051.0,1051.0,0.0,0.0,1051.0,1051.0,1051.0,1051.0,0.0,0.0,0.0,0,0,1051.0,1051.0,2.982687352273615,-2.982687352273615,-0.00282992063158691,-0.0028339324274743796
GR--JP,GR,JP,9529.986913901954,10,9499.8,9500.0,9500.375,9500.166666666693,4.049691346263318,16.400000000000002,9490.0,9505.0,9499.25,9501.0,1.75,1.0,0.00042629227418085835,3,0,9497.2,9501.9,30.18691390195454,-30.18691390195454,-0.0031675713906720174,-0.0031725987641128077
GR--KE,GR,KE,4550.99704740833,10,4030.8,3955.0,3995.375,3960.7382333240907,195.99705213202682,38414.84444444444,3865.0,4480.0,3910.0,4103.75,193.75,59.5,0.04862485167510837,1,0,3926.1949999999997,4149.5125,520.19704740833,-520.19704740833,-0.11430397383021117,-0.1213814728315267
GR--KR,GR,KR,8536.453653913031,10,8502.7,8507.0,8504.75,8505.660257142898,16.673665197283743,278.0111111111111,8465.0,8524.0,8497.5,8512.25,14.75,7.0,0.001960984769224334,1,0,8491.895,8511.9,33.753653913030575,-33.753653913030575,-0.0039540604660294985,-0.003961898431128354
GR--MA,GR,MA,2777.965823972774,10,2819.75,2830.0,2825.75,2832.5000000017,51.290701994719385,2630.736111111111,2714.5,2877.0,2816.0,2851.75,35.75,21.0,0.018189804768053687,2,0,2789.4,2847.6025,41.78417602722584,41.78417602722584,0.015041285125484449,0.014929286667022512
GR--MX,GR,MX,11298.129151635198,10,10788.1,10786.0,10784.75,10784.48637499995,25.50577276705108,650.5444444444446,10761.0,10842.0,10768.0,10796.75,28.75,17.5,0.002364250680569431,1,0,10774.3,10803.705,510.0291516351972,-510.0291516351972,-0.04514279707639736,-0.046193475415941404
GR--MY,GR,MY,8741.0759144703,10,8420.3,8392.5,8416.75,8400.923066667767,82.9324356864604,6877.788888888889,8321.0,8548.0,8362.0,8494.5,132.5,42.0,0.00984910700170545,0,0,8371.8975,8473.807499999999,320.77591447030136,-320.77591447030136,-0.03669753215840135,-0.037387827359909115
GR--NG,GR,NG,3590.1434415502863,10,3424.0,3421.5,3420.25,3422.7078142891946,62.77118942813034,3940.222222222222,3333.0,3545.0,3391.25,3461.5,70.25,40.5,0.018332707192795075,0,0,3389.395,3461.5,166.1434415502863,-166.1434415502863,-0.0462776611172234,-0.0473826992860671
GR--NL,GR,NL,2163.5846088708995,10,2174.6,2182.5,2175.125,2182.1666666666665,10.637460014287036,113.15555555555555,2162.0,2183.0,2162.25,2183.0,20.75,0.5,0.004891685833848541,0,0,2168.5,2180.8,11.015391129100408,11.015391129100408,0.005091268945035139,0.005078352258300028
GR--NO,GR,NO,2606.9423466880603,10,2615.8,2616.0,2615.75,2615.777777777778,0.6324555320336759,0.4,2615.0,2617.0,2615.25,2616.0,0.75,0.0,0.0002417828320336707,0,0,2615.4,2616.2,8.857653311939885,8.857653311939885,0.003397717376908208,0.00339195817695698
GR--NZ,GR,NZ,17522.839563811503,10,17673.2,17704.5,17674.625,17682.897571208836,83.17024040417876,6917.288888888888,17540.0,17795.0,17625.0,17724.0,99.0,45.0,0.004706009121391641,0,0,17620.897500000003,17721.23,150.36043618849726,150.36043618849726,0.008580825935256775,0.008544219905976041
GR--PE,GR,PE,11767.93414146203,10,11257.0,11248.5,11261.0,11259.374699998434,64.6563565664231,4180.444444444443,11140.0,11342.0,11235.0,11314.0,79.0,64.5,0.005743657863233819,0,0,11219.69,11292.710000000001,510.9341414620303,-510.9341414620303,-0.043417488177627805,-0.044388229502076514
GR--PH,GR,PH,9644.711437844597,10,9563.1,9588.0,9590.875,9590.044085676074,96.84059066321313,9378.100000000002,9290.0,9614.0,9582.0,9599.5,17.5,11.0,0.010126485204924462,1,0,9500.6875,9599.7,81.61143784459637,-81.61143784459637,-0.008461781191748638,-0.008497785312079119
GR--PK,GR,PK,4438.915175919046,10,4545.3,4567.5,4549.125,4562.789233334003,77.50992767954882,6007.788888888889,4417.0,4643.0,4502.0,4598.5,96.5,35.5,0.01705276388347278,0,0,4498.0825,4588.31,106.38482408095388,106.38482408095388,0.023966401669058172,0.02368371520896729
GR--PL,GR,PL,1599.730736035073,10,1598.0,1598.0,1598.0,1598.0,0.0,0.0,1598.0,1598.0,1598.0,1598.0,0.0,0.0,0.0,0,0,1598.0,1598.0,1.7307360350730505,-1.7307360350730505,-0.0010818920935173589,-0.0010824777612260122
GR--PT,GR,PT,2859.446251097273,10,2854.5,2855.0,2854.875,2854.875,1.6499158227686108,2.722222222222222,2850.0,2856.0,2855.0,2855.0,0.0,0.0,0.0005780051927723282,3,0,2853.3975,2855.2,4.946251097273034,-4.946251097273034,-0.0017297933456084298,-0.001731291165646305
GR--RU,GR,RU,2231.411035554138,10,2229.3,2230.0,2229.375,2229.4285714285716,0.9486832980505138,0.8999999999999999,2228.0,2230.0,2228.25,2230.0,1.75,0.0,0.0004255521006820588,0,0,2228.7,2229.8,2.111035554137743,-2.111035554137743,-0.0009460540978338841,-0.000946501889457573
GR--SA,GR,SA,2633.348280356521,10,2289.1,2292.5,2289.625,2292.0174000000325,5.952590472502987,35.43333333333333,2280.0,2294.0,2283.75,2294.0,10.25,1.5,0.0026004064796221167,0,0,2285.495,2292.6025,344.24828035652126,-344.24828035652126,-0.13072645305766942,-0.14009741965768985
GR--SE,GR,SE,2410.026741429502,10,2436.4,2437.0,2437.25,2437.1227111111803,7.862710869809613,61.82222222222224,2421.0,2445.0,2432.0,2443.5,11.5,6.0,0.0032271839065053406,0,0,2431.5975,2440.9,26.37325857049791,26.37325857049791,0.0109431393922437,0.010883696510350281
GR--SG,GR,SG,9057.615916728751,10,8972.24,9051.0,9050.55,9050.517465555367,248.50651768783322,61755.48933333337,8265.0,9053.0,9048.25,9052.525000000001,4.275000000001455,1.8500000000003638,0.02769726597681663,1,0,8814.539999999999,9051.64,85.37591672875169,-85.37591672875169,-0.00942587072731453,-0.009470575388814557
GR--SN,GR,SN,4796.3210435787405,10,4701.5,4695.5,4689.75,4689.750000006941,132.72046647831758,17614.72222222222,4547.0,4950.0,4595.25,4781.5,186.25,94.5,0.028229387743979064,0,0,4627.87,4779.835,94.8210435787405,-94.8210435787405,-0.019769536425357895,-0.01996756805202344
GR--TH,GR,TH,7932.285448089226,10,7922.3,7922.0,7922.25,7922.253728564114,1.7029386365926402,2.9000000000000004,7920.0,7925.0,7921.25,7923.75,2.5,1.5,0.00021495508079631424,0,0,7921.2,7923.3,9.985448089225429,-9.985448089225429,-0.0012588362023243605,-0.0012596292021909935
GR--TR,GR,TR,819.9324692614381,10,813.5,813.0,813.5,813.4965199936785,1.509230856356236,2.2777777777777772,811.0,816.0,813.0,814.75,1.75,1.0,0.0018552315382375365,0,0,812.7,814.4,6.4324692614380865,-6.4324692614380865,-0.007845120790535584,-0.007876055648661536
GR--TZ,GR,TZ,5045.850144996306,10,4755.75,4767.5,4758.4375,4757.4999999976635,125.07625451877125,15644.069444444445,4545.0,4945.0,4673.5,4831.0,157.5,92.0,0.026300006206964464,0,0,4683.1325,4824.03375,290.10014499630597,-290.10014499630597,-0.057492818189216824,-0.059211739730612306
GR--UA,GR,UA,1484.282875845914,10,1482.1,1481.0,1482.0,1481.5999999976052,1.7919573407620817,3.2111111111111112,1480.0,1485.0,1481.0,1483.0,2.0,0.5,0.0012090664197841453,0,0,1481.1,1483.2,2.182875845914168,-2.182875845914168,-0.0014706602639137207,-0.001471742746158918
GR--US,GR,US,8271.005589450659,10,7910.5,7913.5,7912.875,7912.874999999975,15.400216448695344,237.16666666666666,7875.0,7927.0,7903.25,7919.5,16.25,9.0,0.0019468069589400599,1,0,7900.597500000001,7918.6,360.5055894506586,-360.5055894506586,-0.043586669789036206,-0.04456510559154014
GR--VN,GR,VN,7933.017363609639,10,7841.4,7901.0,7879.625,7889.362071442553,180.50066174086146,32580.48888888889,7402.0,7975.0,7782.25,7969.0,186.75,72.5,0.023018933065633875,1,0,7727.3925,7929.0275,91.61736360963914,-91.61736360963914,-0.011548867147311008,-0.011616073250818556
GR--ZA,GR,ZA,7065.652015003433,10,7309.5,7290.5,7312.125,7299.136900000282,87.31456541341389,7623.833333333333,7133.0,7465.0,7282.25,7362.25,80.0,19.5,0.011945354047939515,1,0,7258.59,7359.51,243.847984996567,243.847984996567,0.03451174562216938,0.03392957205120395
IN--IT,IN,IT,5929.147771473219,10,5920.0,5920.0,5920.0,5920.0,0.0,0.0,5920.0,5920.0,5920.0,5920.0,0.0,0.0,0.0,0,0,5920.0,5920.0,9.147771473219109,-9.147771473219109,-0.0015428476107867616,-0.0015440390257672918
IN--JP,IN,JP,5855.550160203252,10,5834.7,5834.5,5834.625,5834.7,4.1379007023153935,17.122222222222227,5830.0,5840.0,5830.75,5838.75,8.0,4.5,0.0007091882534346913,0,0,5832.2,5837.0,20.850160203252017,-20.850160203252017,-0.003560751702710764,-0.0035671062682261718
IN--KE,IN,KE,5427.9212039634995,10,5409.0,5410.0,5409.0,5409.0,4.320493798938574,18.66666666666667,5403.0,5415.0,5405.0,5411.5,6.5,5.0,0.0007987601772857411,0,0,5406.597500000001,5411.6,18.921203963499465,-18.921203963499465,-0.003485902475828701,-0.0034919923905489224
IN--KR,IN,KR,4698.888249176968,10,4684.4,4685.0,4684.875,4684.777777777777,1.577621275493231,2.4888888888888894,4680.0,4685.0,4685.0,4685.0,0.0,0.0,0.00033678193055529653,2,0,4683.4,4685.0,14.488249176968566,-14.488249176968566,-0.0030833355484685657,-0.0030880988212194744
IN--MA,IN,MA,7789.23277228102,10,7844.942,7886.5,7844.9125,7870.450866670607,112.48400911537007,12652.652306666658,7690.0,8000.12,7733.975,7918.25,184.27499999999964,49.0,0.014338411821957393,0,0,7779.6245,7908.059299999999,55.7092277189804,55.7092277189804,0.007152081514013653,0.007126626677005464
IN--MX,IN,MX,14673.684770062055,10,14294.8,14300.0,14299.75,14304.74432010139,50.34282471216728,2534.4000000000005,14200.0,14350.0,14300.0,14324.0,24.0,16.0,0.003521757891832504,2,0,14267.769999999999,14321.404999999999,378.8847700620554,-378.8847700620554,-0.02582069711863199,-0.026159903081356437
IN--MY,IN,MY,3828.30825419318,10,3868.0,3870.0,3869.375,3869.3967499999226,8.563488385776752,73.33333333333333,3850.0,3875.0,3865.0,3875.0,10.0,5.0,0.002213931847408674,0,0,3863.0,3873.0,39.69174580682011,39.69174580682011,0.010367959728254742,0.010314581068631316
IN--NG,IN,NG,7553.544289460008,10,7339.2,7336.5,7331.875,7332.030566670305,130.5141967586498,17033.955555555556,7165.0,7572.0,7224.25,7425.0,200.75,113.5,0.017783163935939858,0,0,7258.995,7416.0075,214.34428946000844,-214.34428946000844,-0.028376650913280288,-0.028787050559176745
IN--NL,IN,NL,6368.270749342955,10,6363.4,6364.0,6363.625,6363.879349995361,1.9550504398153574,3.8222222222222224,6360.0,6365.0,6363.0,6365.0,2.0,1.0,0.0003072336235055721,0,0,6362.2,6364.5,4.870749342955605,-4.870749342955605,-0.0007648464606279724,-0.0007651391049103327
IN--NO,IN,NO,5995.942926158602,10,5974.8,5972.5,5973.75,5973.404875034727,10.664583129843066,113.73333333333333,5965.0,5993.0,5965.0,5980.0,15.0,7.5,0.0017849272159474905,0,0,5969.0,5980.402499999999,21.142926158601767,-21.142926158601767,-0.0035262053723628963,-0.003532437088380184
IN--NZ,IN,NZ,12641.150365211413,10,11979.4,11960.0,11964.875,11963.239766665925,82.31133309305321,6775.155555555556,11890.0,12185.0,11932.0,12005.0,73.0,30.5,0.006871073099909278,1,0,11936.6,12034.5125,661.7503652114137,-661.7503652114137,-0.05234890386499619,-0.05376888652289725
IN--PE,IN,PE,16782.759226615508,10,16508.5,16750.0,16540.0,16624.89429898399,411.17075393185354,169061.38888888885,15750.0,17015.0,16167.5,16763.75,596.25,157.5,0.024906608954893147,0,0,16260.475,16730.5125,274.25922661550794,-274.25922661550794,-0.016341724439481002,-0.01647672318030406
IN--PH,IN,PH,4759.988205994383,10,4763.3,4764.5,4763.5,4764.2857142880575,2.3118054512532935,5.344444444444444,4760.0,4765.0,4761.0,4765.0,4.0,0.5,0.00048533694103946706,0,0,4761.9,4764.6,3.31179400561723,3.31179400561723,0.0006957567670958927,0.0006955148405646868
IN--PK,IN,PK,683.9640532615389,10,691.7,693.0,692.25,692.6666666666666,3.0930028559098792,9.566666666666668,684.0,695.0,690.75,693.0,2.25,0.0,0.004471595859346362,1,0,689.4,693.2,7.735946738461166,7.735946738461166,0.011310458059267395,0.011246973076183714
IN--PL,IN,PL,5273.3563545073075,10,5271.1,5271.0,5271.0,5271.053622219768,1.1972189997378646,1.4333333333333331,5270.0,5273.0,5270.0,5272.0,2.0,1.0,0.0002271288724816195,0,0,5270.4,5271.8025,2.256354507307151,-2.256354507307151,-0.0004278782535488185,-0.00042796981956910865
IN--PT,IN,PT,7792.049494202723,10,7517.9,7390.0,7463.125,7393.091266665526,246.11535235873984,60572.76666666667,7360.0,8114.0,7382.5,7613.0,230.5,13.0,0.032737247417329286,1,0,7385.4975,7688.175,274.14949420272296,-274.14949420272296,-0.035183233166920964,-0.03581707460188911
IN--RU,IN,RU,4347.028704133428,10,4340.0,4340.0,4340.0,4340.0,0.0,0.0,4340.0,4340.0,4340.0,4340.0,0.0,0.0,0.0,0,0,4340.0,4340.0,7.028704133427709,-7.028704133427709,-0.0016168984867167718,-0.001618207077837825
IN--SA,IN,SA,3053.56116017884,10,3049.9,3035.0,3044.25,3036.6055714282184,31.146428366668303,970.0999999999999,3030.0,3115.0,3031.0,3047.5,16.5,5.0,0.010212278555581593,2,0,3034.2975,3069.01,3.661160178839964,-3.661160178839964,-0.0011989804647061788,-0.0011996998168338604
IN--SE,IN,SE,5576.990338548147,10,5584.0,5585.0,5584.375,5584.571428573771,3.7416573867739413,14.0,5575.0,5590.0,5584.0,5585.0,1.0,0.5,0.0006700675835913219,3,0,5581.3,5585.9,7.00966145185339,7.00966145185339,0.0012568896530809142,0.001256100428523795
IN--SG,IN,SG,4141.530296031338,10,4150.0,4150.0,4150.0,4150.0,0.0,0.0,4150.0,4150.0,4150.0,4150.0,0.0,0.0,0.0,0,0,4150.0,4150.0,8.469703968661634,8.469703968661634,0.002045066283054312,0.0020429779816616782
IN--SN,IN,SN,9687.105127662475,10,9337.45,9357.25,9336.8125,9350.472142856157,133.22087966147714,17747.802777777775,9130.0,9550.0,9285.0,9413.75,128.75,75.0,0.01426737274753569,0,0,9258.692500000001,9410.27125,349.6551276624741,-349.6551276624741,-0.03609490379783324,-0.03676243714096978
IN--TH,IN,TH,2916.5977506210074,10,2916.9,2916.5,2916.75,2916.8026555555607,1.7919573407620817,3.2111111111111112,2915.0,2920.0,2915.25,2918.0,2.75,1.5,0.0006143362270774047,0,0,2915.9,2917.9,0.3022493789926557,0.3022493789926557,0.00010363080713763157,0.000103625437836453
IN--TR,IN,TR,4224.800548051528,10,4270.2,4269.5,4270.75,4270.726385667864,11.951754868823425,142.84444444444443,4251.0,4285.0,4260.75,4281.75,21.0,9.5,0.002798874729245334,0,0,4262.9,4276.5025,45.39945194847223,45.39945194847223,0.010745939703451895,0.010688612418086845
IN--TZ,IN,TZ,5878.312198256734,10,5669.65,5663.75,5667.6875,5664.583333340001,120.37442742450648,14490.002777777778,5480.0,5875.0,5602.75,5730.75,128.0,76.5,0.021231368325118214,0,0,5598.34875,5742.7175,208.66219825673397,-208.66219825673397,-0.0354969574971902,-0.03614229215422672
IN--UA,IN,UA,4584.987256027431,10,4579.9,4577.5,4579.625,4578.206500000005,11.219526628952657,125.87777777777778,4567.0,4595.0,4570.5,4591.25,20.75,7.5,0.0024497317908584596,0,0,4573.6,4586.705,5.087256027431067,-5.087256027431067,-0.0011095463833063774,-0.001110162385592319
IN--US,IN,US,12068.739151501237,10,12033.0,12032.5,12034.25,12034.352500000052,15.634719199411432,244.44444444444446,12003.0,12053.0,12028.0,12045.0,17.0,12.5,0.0012993201362429512,0,0,12023.3975,12042.1,35.73915150123685,-35.73915150123685,-0.002961299523719612,-0.002965692846594551
IN--VN,IN,VN,3006.513807803295,10,3002.3,3003.0,3002.375,3002.499999999982,1.2516655570345725,1.5666666666666667,3000.0,3004.0,3001.25,3003.0,1.75,0.5,0.00041690222730392446,0,0,3001.6,3003.0,4.2138078032949124,-4.2138078032949124,-0.0014015594381632742,-0.0014025425412849174
IN--ZA,IN,ZA,7970.766596356072,10,8050.2,8031.0,8044.875,8035.6891,35.56152727628866,1264.6222222222223,8023.0,8120.0,8030.0,8051.5,21.5,7.0,0.004417471277271205,2,0,8031.597500000001,8074.6025,79.4334036439277,79.4334036439277,0.009965591475259305,0.009916262426567825
IT--JP,IT,JP,9880.684200947846,10,9855.6,9856.0,9855.75,9855.75435,1.3498971154211057,1.822222222222222,9853.0,9857.0,9855.0,9856.75,1.75,1.0,0.00013696752256799237,0,0,9854.8,9856.3,25.084200947845602,-25.084200947845602,-0.002538710927067105,-0.002541938918100867
IT--KE,IT,KE,5373.367125832121,10,5403.4,5403.0,5403.875,5403.315933333334,6.65331997326648,44.266666666666666,5390.0,5413.0,5400.0,5408.75,8.75,3.0,0.0012313210151509199,0,0,5399.0,5407.3,30.032874167878617,30.032874167878617,0.005589209422058188,0.005573647749115125
IT--KR,IT,KR,8990.221254368656,10,8966.0,8966.0,8966.0,8966.0,0.0,0.0,8966.0,8966.0,8966.0,8966.0,0.0,0.0,0.0,0,0,8966.0,8966.0,24.221254368656446,-24.221254368656446,-0.002694177783098109,-0.0026978136119093243
IT--MA,IT,MA,1903.2092760976723,10,1741.19,1742.0,1742.7375,1742.6710222222878,11.322784306187442,128.20544444444462,1716.0,1754.0,1736.5,1749.875,13.375,8.0,0.006502899916831272,1,0,1734.1779999999999,1746.90075,162.01927609767222,-162.01927609767222,-0.08512951157419507,-0.088972766428768
IT--MX,IT,MX,10254.982173131564,10,10245.4,10245.0,10245.125,10245.125,1.776388345929897,3.1555555555555554,10243.0,10250.0,10245.0,10245.0,0.0,0.0,0.000173383991442979,3,0,10244.5975,10246.6,9.58217313156456,-9.58217313156456,-0.0009343919833103377,-0.000934828799625901
IT--MY,IT,MY,9712.850057099384,10,9603.1,9600.0,9600.375,9599.49999999996,10.877601859887235,118.32222222222225,9596.0,9632.0,9598.25,9600.0,1.75,1.5,0.0011327177536303106,2,0,9598.3,9609.9,109.75005709938341,-109.75005709938341,-0.0112994699242952,-0.011363793945174287
IT--NG,IT,NG,3667.9438428379826,10,3735.85,3718.5,3724.5625,3723.047650000125,51.24345486661362,2625.891666666667,3692.0,3870.0,3710.5,3739.5,29.0,16.75,0.01371667889947766,1,0,3710.5462500000003,3770.105,67.90615716201728,67.90615716201728,0.018513412438036822,0.01834412541297545
IT--NL,IT,NL,1294.6009270853822,10,1297.3,1297.0,1297.25,1297.3,0.48304589153964794,0.23333333333333334,1297.0,1298.0,1297.0,1297.75,0.75,0.0,0.0003723470990053557,0,0,1297.0974999999999,1297.6,2.6990729146177728,2.6990729146177728,0.0020848686712239333,0.0020826983485708714
IT--NO,IT,NO,2008.243997050136,10,2003.85,2003.0,2003.4375,2002.840487500007,2.74924231986439,7.558333333333332,2002.0,2009.0,2002.125,2003.0,0.875,0.75,0.0013719800982430772,2,0,2002.5,2005.60125,4.393997050136022,-4.393997050136022,-0.0021879796760703703,-0.002190376800813526
IT--NZ,IT,NZ,18548.183630194897,10,18514.2,18517.0,18516.5,18516.394688888886,9.211104409594132,84.84444444444446,18490.0,18520.0,18512.5,18520.0,7.5,3.0,0.0004975156587697082,1,0,18508.2,18518.6,33.98363019489625,-33.98363019489625,-0.0018321810303610394,-0.0018338615269881682
IT--PE,IT,PE,10857.151296366306,10,10854.2,10850.0,10853.375,10852.757933333092,20.36773046867138,414.84444444444443,10825.0,10890.0,10842.0,10870.5,28.5,13.0,0.0018764838006183207,0,0,10843.4,10866.4,2.9512963663055416,-2.9512963663055416,-0.00027182971718311483,-0.00027186666957732143
IT--PH,IT,PH,10405.066890561595,10,10408.4,10410.5,10408.5,10410.333333333352,6.203941399536982,38.48888888888888,10398.0,10418.0,10407.0,10411.0,4.0,0.5,0.0005960514007471833,3,0,10404.8,10411.7,3.33310943840479,3.33310943840479,0.00032033522450761404,0.00032028392813395184
IT--PK,IT,PK,5309.570036872611,10,5246.9,5254.5,5247.375,5253.999999999321,86.50041746848521,7482.322222222221,5110.0,5380.0,5225.25,5282.5,57.25,31.0,0.016486004587181996,3,0,5193.9,5301.0025,62.67003687261149,-62.67003687261149,-0.011803222565555375,-0.011873433621701545
IT--PL,IT,PL,1318.2845538649813,10,1316.05,1316.0,1316.0,1316.05,0.15811388300841897,0.025,1316.0,1316.5,1316.0,1316.0,0.0,0.0,0.00012014276281936018,1,0,1316.0,1316.15,2.234553864981308,-2.234553864981308,-0.0016950466865670118,-0.0016964849036617382
IT--PT,IT,PT,1866.7033208698376,10,1861.8,1861.5,1861.75,1861.7142857119427,0.9189365834726815,0.8444444444444444,1861.0,1863.0,1861.0,1862.75,1.75,0.5,0.0004935742740749176,0,0,1861.3,1862.3,4.903320869837671,-4.903320869837671,-0.002626727458519142,-0.0026301833602242744
IT--RU,IT,RU,2380.4991270140295,10,2375.0,2375.0,2375.0,2375.0,0.0,0.0,2375.0,2375.0,2375.0,2375.0,0.0,0.0,0.0,0,0,2375.0,2375.0,5.499127014029455,-5.499127014029455,-0.0023100731067804527,-0.0023127454419794684
IT--SA,IT,SA,3687.31508886442,10,3675.5,3674.0,3675.25,3674.6993714383293,3.5668224265054493,12.722222222222221,3672.0,3681.0,3673.0,3679.0,6.0,2.0,0.000970431894029506,0,0,3673.6974999999998,3677.6,11.815088864419977,-11.815088864419977,-0.003204252573939555,-0.003209397183911007
IT--SE,IT,SE,1980.1731729298174,10,1975.2,1975.0,1975.375,1975.3333333333333,0.9189365834726815,0.8444444444444444,1973.0,1976.0,1975.0,1976.0,1.0,0.5,0.0004652372334308837,1,0,1974.6,1975.7,4.973172929817338,-4.973172929817338,-0.0025114838428293364,-0.002514642908779562
IT--SG,IT,SG,10029.704091564545,10,9384.0,9514.0,9413.375,9503.499999999498,645.7904716959931,417045.3333333333,8250.0,10283.0,9457.5,9532.25,74.75,49.0,0.0688182514595048,4,0,8991.305,9754.535,645.7040915645448,-645.7040915645448,-0.06437917666061678,-0.06654498785093141
IT--SN,IT,SN,4165.994598971797,10,4141.3,4142.0,4140.375,4140.453428571467,14.944712926130247,223.3444444444445,4120.0,4170.0,4131.0,4148.75,17.75,10.0,0.003608700873187223,0,0,4133.3975,4150.202499999999,24.69459897179695,-24.69459897179695,-0.005927659862519214,-0.0059452981753952945
IT--TH,IT,TH,8841.845377807338,10,8815.9,8815.0,8815.625,8815.142857142857,2.1832697191750423,4.766666666666668,8814.0,8820.0,8815.0,8815.0,0.0,0.0,0.0002476513707250584,3,0,8814.8,8817.5,25.945377807338446,-25.945377807338446,-0.0029343849274338428,-0.0029386986757504708
IT--TR,IT,TR,1726.7217900116748,10,1601.2,1599.0,1599.875,1599.3706500000076,5.2451035367389185,27.511111111111113,1598.0,1615.0,1599.0,1600.0,1.0,1.0,0.0032757329107787397,2,0,1598.8,1604.6,125.52179001167474,-125.52179001167474,-0.07269369665557186,-0.07547134367460374
IT--TZ,IT,TZ,5825.804280617088,10,5435.8,5421.5,5427.875,5414.957414439273,75.21642846553611,5657.511111111111,5360.0,5575.0,5387.5,5433.75,46.25,31.5,0.013837232507733197,2,0,5396.3,5481.820000000001,390.0042806170877,-390.0042806170877,-0.06694428130973483,-0.06929035999269957
IT--UA,IT,UA,1678.2650237565786,10,1675.3,1676.0,1675.875,1675.875,2.2632326929023945,5.1222222222222245,1669.0,1677.0,1676.0,1676.0,0.0,0.0,0.0013509417375409745,3,0,1673.8,1676.2,2.965023756578603,-2.965023756578603,-0.001766719626880969,-0.0017682821165930498
IT--US,IT,US,7232.448171181223,10,7215.0,7215.0,7215.0,7215.0,0.0,0.0,7215.0,7215.0,7215.0,7215.0,0.0,0.0,0.0,0,0,7215.0,7215.0,17.448171181223188,-17.448171181223188,-0.0024124847863753866,-0.002415399516569416
IT--VN,IT,VN,8746.234564268761,10,8723.1,8725.0,8723.75,8724.833333333352,6.026792034094276,36.32222222222222,8710.0,8731.0,8724.25,8725.0,0.75,0.5,0.0006909002572588044,3,0,8719.4,8726.3,23.134564268761096,-23.134564268761096,-0.002645088477648814,-0.002648592905220803
IT--ZA,IT,ZA,7658.184796684193,10,7731.3,7730.0,7733.5,7732.862333333368,16.905291742199807,285.788888888889,7695.0,7750.0,7730.0,7745.0,15.0,15.0,0.002186604030654587,1,0,7721.3,7740.305,73.11520331580687,73.11520331580687,0.00954732815372436,0.00950204043922631
JP--KE,JP,KE,11264.009284773352,10,11280.0,11283.0,11278.75,11278.749999946665,14.643921757659198,214.44444444444446,11260.0,11310.0,11270.0,11283.0,13.0,11.5,0.0012982200139768792,1,0,11271.9,11289.9025,15.990715226647808,15.990715226647808,0.0014196290878651884,0.0014186223671590042
JP--KR,JP,KR,1158.5480184415178,10,1154.3,1154.5,1154.375,1154.4483749999781,3.368151487751767,11.344444444444441,1150.0,1158.0,1152.0,1157.0,5.0,2.5,0.0029179169087340962,0,0,1152.2,1156.3,4.248018441517843,-4.248018441517843,-0.0036666744700252388,-0.003673413198385083
JP--MA,JP,MA,11544.941282910848,10,11572.5,11570.0,11571.875,11571.60866666668,7.905694150420948,62.5,11565.0,11585.0,11565.0,11580.0,15.0,5.0,0.0006831448823003628,0,0,11568.0,11577.0,27.558717089152196,27.558717089152196,0.0023870816155596563,0.002384237062128017
JP--MX,JP,MX,11318.783890147193,10,11307.6,11311.0,11308.125,11310.42857142857,5.253570214625479,27.6,11300.0,11311.0,11302.5,11311.0,8.5,0.0,0.00046460524024775186,0,0,11304.3,11310.8,11.18389014719287,-11.18389014719287,-0.0009880823112921391,-0.0009885707864146424
JP--MY,JP,MY,5316.516912091379,10,5337.5,5337.0,5337.375,5337.375,1.0801234497346435,1.166666666666667,5336.0,5340.0,5337.0,5338.0,1.0,0.5,0.00020236504913061237,1,0,5336.9,5338.2,20.9830879086212,20.9830879086212,0.003946773471349121,0.0039390053934529965
JP--NG,JP,NG,12973.378381681048,10,13148.3,13172.5,13141.0,13141.000000513168,216.04374557019696,46674.9,12790.0,13565.0,13003.5,13211.25,207.75,163.5,0.01643130637194139,1,0,13021.355,13270.515,174.921618318951,174.921618318951,0.013483120061151353,0.013393031676154797
JP--NL,JP,NL,9314.952522971289,10,9293.6,9294.0,9293.625,9293.625,0.8432740427115678,0.7111111111111111,9292.0,9295.0,9293.0,9294.0,1.0,0.5,9.073707096405783e-05,0,0,9293.1,9294.1,21.352522971288636,-21.352522971288636,-0.0022922846808539174,-0.002294915987287693
JP--NO,JP,NO,8428.362013784,10,8386.3,8386.5,8386.625,8386.460557142858,2.9078437983419185,8.455555555555556,8380.0,8390.0,8385.0,8387.75,2.75,1.5,0.00034673739293155726,1,0,8384.6,8387.9,42.062013784001465,-42.062013784001465,-0.004990532408932122,-0.005003026701910785
JP--NZ,JP,NZ,9244.785239978763,10,9294.6,9295.0,9293.75,9294.599999999999,37.36367814394676,1396.0444444444445,9252.0,9344.0,9261.0,9330.0,69.0,37.0,0.004019933955624422,0,0,9273.7,9316.1025,49.81476002123782,49.81476002123782,0.0053884172242115004,0.005373951645236763
JP--PE,JP,PE,15493.501413507556,10,15479.0,15480.0,15480.0,15479.888888888889,3.1622776601683795,10.000000000000002,15470.0,15480.0,15480.0,15480.0,0.0,0.0,0.00020429469992689318,1,0,15477.0,15480.0,14.501413507556208,-14.501413507556208,-0.0009359674821414852,-0.0009364057732108114
JP--PH,JP,PH,2993.700049787857,10,2996.0,2996.0,2996.0,2996.0,1.0540925533894598,1.1111111111111112,2995.0,2997.0,2995.0,2997.0,2.0,1.0,0.00035183329552385177,0,0,2995.4,2996.6,2.299950212142903,2.299950212142903,0.0007682634111276061,0.0007679684478565645
JP--PK,JP,PK,5982.697041375959,10,5822.3,5829.0,5825.0,5825.8165285717,26.989915812309523,728.4555555555556,5771.0,5852.0,5802.5,5842.0,39.5,18.5,0.004635610637086636,0,0,5804.8949999999995,5837.1025,160.3970413759589,-160.3970413759589,-0.02681015606617935,-0.02717610387134404
JP--PL,JP,PL,8602.084790962797,10,8579.0,8575.0,8575.0,8575.111111111111,12.649110640673518,160.00000000000003,8575.0,8615.0,8575.0,8575.0,0.0,0.0,0.0014744271640836366,1,0,8575.0,8587.0,23.084790962797342,-23.084790962797342,-0.0026836274605255956,-0.002687234844060154
JP--PT,JP,PT,11169.099580139571,10,11150.0,11150.0,11150.0,11150.0,0.0,0.0,11150.0,11150.0,11150.0,11150.0,0.0,0.0,0.0,0,0,11150.0,11150.0,19.099580139571117,-19.099580139571117,-0.001710037590991954,-0.001711501374260907
JP--RU,JP,RU,7500.447385335149,10,7480.0,7480.0,7480.0,7480.0,0.0,0.0,7480.0,7480.0,7480.0,7480.0,0.0,0.0,0.0,0,0,7480.0,7480.0,20.447385335149193,-20.447385335149193,-0.002726155425758716,-0.002729878154826071
JP--SA,JP,SA,8708.898067343061,10,8686.8,8686.0,8686.75,8686.574633333334,2.2997584414213783,5.288888888888887,8684.0,8690.0,8685.0,8688.75,3.75,1.5,0.0002647417278424021,0,0,8685.5,8688.2,22.098067343062212,-22.098067343062212,-0.002537412560370449,-0.002540637247684268
JP--SE,JP,SE,8189.5682624323,10,8184.5,8170.0,8170.0,8170.111111109455,45.8530260724415,2102.5,8170.0,8315.0,8170.0,8170.0,0.0,0.0,0.0056024223926252675,1,0,8170.0,8213.5,5.068262432299889,-5.068262432299889,-0.0006188680855802057,-0.0006190596634789217
JP--SG,JP,SG,5313.463059765426,10,5310.6,5312.0,5312.25,5311.56645715263,8.796463936024395,77.3777777777778,5288.0,5320.0,5310.0,5312.0,2.0,2.0,0.001656397381844687,3,0,5304.795,5314.805,2.8630597654255325,-2.8630597654255325,-0.0005388312167078336,-0.0005389764384168883
JP--SN,JP,SN,13935.316154449201,10,14249.5,14261.0,14261.875,14271.483728573412,205.7869718368434,42348.27777777778,13885.0,14515.0,14148.0,14414.0,266.0,151.5,0.014441697732330496,0,0,14126.869999999999,14363.42,314.18384555079865,314.18384555079865,0.022545871372318133,0.022295469906368555
JP--TH,JP,TH,4607.791688159286,10,4603.0,4603.0,4603.0,4603.0,0.0,0.0,4603.0,4603.0,4603.0,4603.0,0.0,0.0,0.0,0,0,4603.0,4603.0,4.791688159286423,-4.791688159286423,-0.001039909892541301,-0.0010404509739834484
JP--TR,JP,TR,8787.214872935936,10,8767.2,8770.5,8768.25,8769.271750000005,9.138441393974746,83.5111111111111,8750.0,8776.0,8765.0,8774.25,9.25,5.0,0.0010423443509871733,1,0,8761.5,8771.9,20.014872935935273,-20.014872935935273,-0.0022777265863362247,-0.00228032455125612
JP--TZ,JP,TZ,11676.47018662645,10,11369.4,11367.5,11381.125,11378.178199999045,75.26427513177225,5664.711111111111,11195.0,11450.0,11349.75,11425.0,75.25,35.0,0.006619898599026532,1,0,11325.485,11410.5075,307.07018662644987,-307.07018662644987,-0.026298203285625668,-0.02665018575482962
JP--UA,JP,UA,8224.583581872374,10,8194.1,8193.5,8193.875,8193.875000007925,2.9608557321603275,8.76666666666667,8190.0,8200.0,8192.25,8196.0,3.75,2.5,0.000361339955841438,0,0,8192.4,8196.0,30.48358187237318,-30.48358187237318,-0.003706398210793478,-0.0037132839240375977
JP--US,JP,US,10926.417792606868,10,10907.5,10907.5,10907.5,10907.5,7.905694150420948,62.5,10900.0,10915.0,10900.0,10915.0,15.0,7.5,0.0007247943296283244,0,0,10903.0,10912.0,18.917792606867806,-18.917792606867806,-0.0017313810405152304,-0.0017328816129608276
JP--VN,JP,VN,3673.3588744790786,10,3724.3,3724.0,3724.25,3724.3,0.48304589153964794,0.23333333333333334,3724.0,3725.0,3724.0,3724.75,0.75,0.0,0.00012970112277197002,0,0,3724.0,3724.6,50.94112552092156,50.94112552092156,0.013867723590754675,0.013772446551899116
JP--ZA,JP,ZA,13501.046885089567,10,13525.5,13525.0,13524.875,13525.206755555548,8.605553762283725,74.05555555555557,13516.0,13540.0,13517.0,13531.5,14.5,8.0,0.0006362466276502698,0,0,13520.8,13531.3,24.453114910433214,24.453114910433214,0.0018112013919038392,0.0018095631444951898
KE--KR,KE,KR,10114.909688283768,10,10103.6,10100.0,10103.875,10103.875000055705,14.439144326755963,208.48888888888894,10080.0,10125.0,10095.0,10115.0,20.0,12.0,0.0014291088648358964,0,0,10095.49,10112.0,11.309688283767173,-11.309688283767173,-0.0011181205401040143,-0.0011187461032218517
KE--MA,KE,MA,6004.034142085109,10,6135.2,6048.5,6128.375,6073.314833301818,308.5942319616489,95230.39999999998,5685.0,6640.0,5961.25,6358.75,397.5,132.5,0.0502989685685306,0,0,5950.7325,6314.0675,131.1658579148907,131.1658579148907,0.0218462878143026,0.021611077156984796
KE--MX,KE,MX,14829.575444959697,10,14320.5,14325.0,14323.625,14324.589157142704,36.23764157152983,1313.1666666666667,14245.0,14371.0,14305.0,14342.5,37.5,21.5,0.0025304732077462257,1,0,14298.3,14340.1,509.07544495969705,-509.07544495969705,-0.034328389699970985,-0.03493145049459171
KE--MY,KE,MY,7236.589136086184,10,7345.6,7361.0,7348.875,7357.432700001265,64.9943587295595,4224.266666666666,7230.0,7435.0,7297.5,7391.5,94.0,31.5,0.008848066697010385,0,0,7303.3,7383.702499999999,109.01086391381614,109.01086391381614,0.015063845945076447,0.014951512924419433
KE--NG,KE,NG,3444.024949628264,10,3482.1,3480.0,3479.0,3477.8333333333217,18.107395665246223,327.8777777777777,3464.0,3525.0,3472.75,3480.0,7.25,6.5,0.005200136602982747,2,0,3472.9975,3493.9,38.07505037173587,38.07505037173587,0.011055393305395641,0.010994729146083711
KE--NL,KE,NL,6651.25998464762,10,6673.7,6674.0,6674.375,6674.341066666672,5.657836257007719,32.01111111111111,6662.0,6680.0,6670.5,6678.75,8.25,4.0,0.0008477810295649668,0,0,6670.4975,6677.0025,22.440015352380215,22.440015352380215,0.0033737991604862933,0.0033681206685750643
KE--NO,KE,NO,7154.024015085028,10,7112.6,7115.0,7129.25,7120.050666666365,89.00337072268667,7921.5999999999985,6888.0,7204.0,7101.25,7160.75,59.5,20.0,0.012513478998212561,1,0,7055.9975,7157.1125,41.42401508502735,-41.42401508502735,-0.005790309761007283,-0.005807138598804021
KE--NZ,KE,NZ,13676.249196022416,10,13883.1,13952.5,13895.75,13906.480728571443,328.9010151668398,108175.87777777777,13340.0,14325.0,13636.75,14123.5,486.75,236.5,0.02369074739552692,0,0,13684.66,14072.9425,206.8508039775843,206.8508039775843,0.01512481975231517,0.015011580058363543
KE--PE,KE,PE,12580.253595968305,10,12893.2,12857.5,12870.25,12868.684699831352,181.7530681385538,33034.17777777778,12630.0,13340.0,12842.0,12933.0,91.0,47.5,0.014096816006775183,2,0,12801.775,13012.824999999999,312.94640403169615,312.94640403169615,0.024876001238320712,0.024571630870740012
KE--PH,KE,PH,9425.033674849916,10,9711.5,9777.5,9760.0,9786.787356794553,242.96833355627047,59033.6111111111,9120.0,9915.0,9745.0,9860.0,115.0,72.5,0.025018620558746894,2,0,9561.925,9833.0,286.46632515008423,286.46632515008423,0.030394196459424948,0.029941444033985916
KE--PK,KE,PK,5427.814219869003,10,5176.7,5176.0,5183.875,5182.690377777377,52.364215940956385,2742.011111111111,5062.0,5234.0,5160.75,5218.75,58.0,41.0,0.010115366148503176,1,0,5144.162499999999,5206.1,251.11421986900314,-251.11421986900314,-0.04626433582597152,-0.04736872750663004
KE--PL,KE,PL,6115.97738809343,10,6339.5,6235.0,6296.25,6227.3231249827295,336.90956584157055,113508.05555555556,6065.0,6960.0,6123.75,6328.75,205.0,112.5,0.053144501276373615,2,0,6158.95,6585.0375,223.5226119065701,223.5226119065701,0.03654732477293382,0.03589531009831234
KE--PT,KE,PT,6454.518927958417,10,6105.6,6100.0,6104.0,6103.379119962012,11.606511582345107,134.7111111111111,6094.0,6130.0,6098.5,6113.75,15.25,6.0,0.0019009616716367116,0,0,6099.295,6113.3,348.91892795841704,-348.91892795841704,-0.05405808424343425,-0.0555741116498029
KE--RU,KE,RU,6323.293987631122,10,6373.4,6350.0,6368.0,6354.965199964699,41.29891039724898,1705.6000000000001,6340.0,6450.0,6346.25,6406.25,60.0,10.0,0.006479886778995353,0,0,6351.4875,6398.1050000000005,50.1060123688776,50.1060123688776,0.00792403650168552,0.007892806196015928
KE--SA,KE,SA,3062.992722793242,10,3145.6,3120.0,3127.625,3106.1216568996,188.640280840428,35585.155555555546,2885.0,3550.0,3047.5,3141.5,94.0,66.0,0.0599695704604616,3,0,3043.495,3262.0025,82.60727720675777,82.60727720675777,0.02696946570980604,0.026612198965779855
KE--SE,KE,SE,6920.326031054763,10,6988.3,6980.0,6985.625,6980.0,41.17456064664739,1695.3444444444442,6924.0,7074.0,6972.5,6985.0,12.5,7.5,0.00589192802922705,3,0,6966.597500000001,7015.702499999999,67.97396894523717,67.97396894523717,0.009822365108263101,0.009774439254715292
KE--SG,KE,SG,7467.562130900984,10,7386.8,7399.0,7389.625,7394.00076666638,37.07290115434723,1374.4,7311.0,7440.0,7366.25,7405.0,38.75,14.5,0.005018803968477179,0,0,7364.097500000001,7406.8125,80.76213090098372,-80.76213090098372,-0.010815059785949117,-0.010873967658154233
KE--SN,KE,SN,6234.6746306605155,10,5800.4,5800.0,5799.25,5799.196885714266,11.413442367080437,130.26666666666668,5785.0,5825.0,5792.0,5803.5,11.5,7.0,0.0019676991874836972,1,0,5794.4,5807.202499999999,434.27463066051587,-434.27463066051587,-0.06965473844053797,-0.07219951274202119
KE--TH,KE,TH,7217.238507509993,10,7247.6,7251.5,7248.25,7250.420880000065,11.692352676476666,136.71111111111105,7230.0,7260.0,7238.25,7255.0,16.75,6.0,0.0016132723489812718,0,0,7240.8,7254.1,30.36149249000755,30.36149249000755,0.00420680187559473,0.00419797802272902
KE--TR,KE,TR,4581.087860826578,10,4746.8,4772.5,4757.25,4765.368071424042,130.8933408033681,17133.066666666666,4460.0,4950.0,4710.25,4809.25,99.0,47.5,0.027575069689763226,1,0,4657.3724999999995,4811.0,165.71213917342175,165.71213917342175,0.036173097789816644,0.03553421268921682
KE--TZ,KE,TZ,554.7964784891632,10,675.2,680.0,680.5,679.8333333334227,23.059343731627173,531.7333333333335,612.0,696.0,677.75,681.0,3.25,2.0,0.03415187164044309,3,0,659.8,685.3025,120.40352151083687,120.40352151083687,0.2170228654636075,0.19640760221312029
KE--UA,KE,UA,5762.3271818541925,10,5677.2,5701.0,5687.125,5706.166666666977,144.59737203697722,20908.4,5430.0,5845.0,5646.25,5775.0,128.75,69.0,0.025469839363943005,2,0,5584.4875,5754.5,85.12718185419271,-85.12718185419271,-0.014773055949037698,-0.014883264296325515
KE--US,KE,US,12147.187581604869,10,12134.6,12140.0,12138.875,12138.833333333334,27.0522128895627,731.8222222222223,12065.0,12170.0,12132.5,12142.25,9.75,6.5,0.0022293452515585763,2,0,12117.387499999999,12148.605,12.58758160486832,-12.58758160486832,-0.001036254813742266,-0.0010367920969687134
KE--VN,KE,VN,7897.709339783662,10,8193.0,8167.5,8186.25,8186.25000000523,101.5567712059505,10313.777777777776,8060.0,8380.0,8112.25,8270.0,157.75,83.0,0.012395553668491455,0,0,8133.587500000001,8256.505,295.29066021633844,295.29066021633844,0.037389405903918364,0.03670737072176745
KE--ZA,KE,ZA,2855.2050138214963,10,2914.1,2915.0,2914.25,2914.4285714285716,1.286683937707919,1.6555555555555557,2912.0,2915.0,2913.25,2915.0,1.75,0.0,0.00044153733149443014,0,0,2913.3,2914.8,58.894986178503586,58.894986178503586,0.020627235485159323,0.02041737505020904
KR--MA,KR,MA,10756.784508836095,10,10470.2,10446.5,10452.875,10444.666666667003,103.16093145070849,10642.177777777775,10344.0,10735.0,10436.25,10450.0,13.75,9.0,0.009852813838389762,3,0,10421.385,10536.804999999998,286.58450883609476,-286.58450883609476,-0.0266422097236104,-0.027003545707306332
KR--MX,KR,MX,12067.859883839203,10,12092.9,12095.0,12094.25,12094.333333333334,4.629614814791111,21.433333333333334,12080.0,12095.0,12093.0,12095.0,2.0,0.0,0.00038283743475850385,1,0,12089.895,12094.8,25.04011616079697,25.04011616079697,0.0020749425666045144,0.002072792846460703
KR--MY,KR,MY,4601.299368792894,10,4612.5,4612.5,4612.5,4612.5,2.068278940998476,4.277777777777777,4610.0,4615.0,4610.5,4614.5,4.0,2.5,0.0004484073584820544,0,0,4611.3,4613.8,11.200631207106198,11.200631207106198,0.0024342322264601043,0.002431274282436577
KR--NG,KR,NG,11887.41498494817,10,11880.238000000001,11887.5,11884.125,11881.421299998801,100.4199725375606,10084.170884444424,11728.0,12001.38,11809.25,11970.0,160.75,95.5,0.00845269030280038,0,0,11823.385,11935.118049999997,7.176984948167956,-7.176984948167956,-0.0006037464795546758,-0.0006039288078508264
KR--NL,KR,NL,8579.921511952483,10,8551.25,8551.0,8551.1875,8551.25,0.42491829279939874,0.18055555555555555,8551.0,8552.0,8551.0,8551.375,0.375,0.0,4.9690781207355505e-05,2,0,8551.05,8551.55,28.671511952483343,-28.671511952483343,-0.003341698628890922,-0.0033472945738730166
KR--NO,KR,NO,7736.93982941218,10,7723.7300000000005,7701.15,7703.5375,7703.537499999626,87.05972471049208,7579.3956666666645,7645.0,7964.0,7692.5,7714.25,21.75,12.5,0.011271720361857817,2,0,7687.92575,7781.110000000001,13.209829412179715,-13.209829412179715,-0.0017073713513916964,-0.0017088305710471884
KR--NZ,KR,NZ,9994.193199560701,10,9730.5,9652.5,9713.75,9665.791199930889,125.64787657930749,15787.388888888889,9625.0,9970.0,9646.25,9790.5,144.25,20.0,0.012912787274991778,0,0,9667.5825,9809.4075,263.69319956070103,-263.69319956070103,-0.026384640990559576,-0.02673896195108156
KR--PE,KR,PE,16309.70237354757,10,16292.5,16295.0,16293.75,16294.57142857143,4.85912657903775,23.611111111111107,16280.0,16295.0,16291.25,16295.0,3.75,0.0,0.0002982431535392205,1,0,16289.5,16295.0,17.20237354757046,-17.20237354757046,-0.0010547325238424153,-0.0010552891456165996
KR--PH,KR,PH,2612.8130222238005,10,2622.5,2620.5,2622.25,2620.8333333333335,3.100179206289712,9.61111111111111,2620.0,2627.0,2620.0,2625.0,5.0,0.5,0.0011821465038282983,0,0,2620.8,2624.4,9.686977776199456,9.686977776199456,0.0037074898562602606,0.0037006340557254836
KR--PK,KR,PK,4828.37891716201,10,4309.3,4311.0,4309.875,4310.534800000211,9.672986439909169,93.56666666666665,4292.0,4322.0,4303.25,4315.75,12.5,6.0,0.002244676963754941,0,0,4303.4975,4314.8,519.0789171620099,-519.0789171620099,-0.10750583706614111,-0.11373530547985979
KR--PL,KR,PL,7760.66724715256,10,7725.7,7726.0,7725.625,7725.666666666667,0.6749485577105528,0.4555555555555555,7725.0,7727.0,7725.0,7726.0,1.0,0.5,8.736406509579105e-05,0,0,7725.3,7726.1,34.96724715256005,-34.96724715256005,-0.0045057011258136034,-0.00451588239113424
KR--PT,KR,PT,10442.178115737892,10,10422.2,10426.0,10422.75,10425.458699999981,8.363943780033171,69.95555555555558,10410.0,10430.0,10414.5,10427.0,12.5,2.5,0.0008025123083449915,0,0,10417.1,10427.0,19.97811573789113,-19.97811573789113,-0.0019132134614502682,-0.001915045992045944
KR--RU,KR,RU,6623.6510029551755,10,6600.9,6601.0,6601.0,6600.9,0.31622776601683794,0.1,6600.0,6601.0,6601.0,6601.0,0.0,0.0,4.790676514063809e-05,1,0,6600.7,6601.0,22.751002955175863,-22.751002955175863,-0.0034348130577872217,-0.003440725570958946
KR--SA,KR,SA,7561.8622427533055,10,7490.1,7490.0,7489.5,7488.588500000019,13.502674632169072,182.32222222222217,7469.0,7516.0,7481.25,7492.5,11.25,7.5,0.0018027362294454107,1,0,7482.9,7498.3,71.76224275330515,-71.76224275330515,-0.009490022490435665,-0.00953533968925383
KR--SE,KR,SE,7449.1900939572515,10,7416.7,7416.0,7416.75,7416.49999999993,5.056349144063003,25.566666666666666,7408.0,7425.0,7414.25,7419.5,5.25,3.0,0.0006817518767191613,0,0,7413.6,7419.6,32.4900939572517,-32.4900939572517,-0.004361560592151825,-0.004371099945301025
KR--SG,KR,SG,4664.185115043959,10,4655.4,4655.0,4655.25,4655.399999999983,5.738757124441958,32.93333333333333,4650.0,4662.0,4650.0,4660.0,10.0,5.0,0.0012327097831425781,0,0,4652.0,4658.8,8.785115043959195,-8.785115043959195,-0.0018835262381897116,-0.0018853023042630687
KR--SN,KR,SN,13134.589981893088,10,12776.1,12723.0,12782.625,12782.516928574829,183.39662543848024,33634.32222222222,12450.0,13050.0,12676.25,12936.25,260.0,122.5,0.014354664211964546,0,0,12665.1975,12883.7225,358.48998189308804,-358.48998189308804,-0.0272935799585134,-0.027672968900820966
KR--TH,KR,TH,3719.513508661133,10,3720.0,3720.0,3720.0,3720.0,0.0,0.0,3720.0,3720.0,3720.0,3720.0,0.0,0.0,0.0,0,0,3720.0,3720.0,0.4864913388669265,0.4864913388669265,0.00013079434655475757,0.00013078579371994048
KR--TR,KR,TR,7765.002447792769,10,7395.0,7396.5,7397.0,7396.89128576646,26.06402373643282,679.3333333333334,7341.0,7433.0,7381.25,7410.0,28.75,15.0,0.0035245468203425044,0,0,7377.6975,7408.610000000001,370.0024477927691,-370.0024477927691,-0.047650010451438254,-0.04882267567193532
KR--TZ,KR,TZ,10537.870724122911,10,10277.64,10245.0,10267.05,10257.627294998163,137.58684691657285,18930.140444444452,10125.0,10515.0,10164.8,10343.75,178.95000000000073,94.30000000000018,0.013387007806906338,0,0,10201.498,10361.649,260.23072412291185,-260.23072412291185,-0.0246948108337675,-0.02500484243364797
KR--UA,KR,UA,7313.668925959538,10,7270.3,7232.5,7256.625,7233.3043333331425,77.7275155055574,6041.566666666667,7230.0,7420.0,7230.0,7241.75,11.75,2.5,0.010691101537152168,2,0,7232.297500000001,7324.0,43.36892595953759,-43.36892595953759,-0.005929845389309536,-0.005947496736912988
KR--US,KR,US,11188.89291648359,10,11154.0,11150.0,11153.125,11152.228214346675,17.448336437736536,304.4444444444445,11135.0,11180.0,11140.0,11171.25,31.25,12.5,0.0015643120349414143,0,0,11143.9875,11165.0,34.89291648358994,-34.89291648358994,-0.0031185316316849673,-0.0031234043846471286
KR--VN,KR,VN,2740.7404572606933,10,2691.1,2688.5,2690.0,2688.8059750000016,6.15449248742557,37.87777777777779,2687.0,2704.0,2687.25,2690.0,2.75,1.5,0.0022869802264596523,2,0,2687.9975,2695.4,49.64045726069344,-49.64045726069344,-0.01811206060361802,-0.018278091806880697
KR--ZA,KR,ZA,12439.33130876874,10,12440.6,12440.0,12440.125,12440.166666666666,4.376706016578627,19.15555555555555,12435.0,12450.0,12440.0,12440.75,0.75,0.5,0.0003518082742455048,4,0,12438.1975,12443.5,1.2686912312601635,1.2686912312601635,0.00010199030798109195,0.00010198510732322842
MA--MX,MA,MX,9030.70859335305,10,8984.6,8994.5,8988.5,8987.495222222591,62.363094499515945,3889.155555555556,8877.0,9061.0,8937.25,9026.0,88.75,55.0,0.00694110973215457,0,0,8946.0925,9021.3,46.10859335305031,-46.10859335305031,-0.005105755863608312,-0.005118834772548468
MA--MY,MA,MY,11510.602148512982,10,11176.1,11170.0,11175.75,11175.528185714606,93.78041728776145,8794.766666666666,11015.0,11340.0,11124.25,11236.25,112.0,60.5,0.008391157674659448,0,0,11122.3975,11230.505,334.5021485129819,-334.5021485129819,-0.029060351856240216,-0.02949096695433696
MA--NG,MA,NG,3128.743164350726,10,3090.5,3101.5,3092.625,3096.6211429272594,34.986505334993886,1224.0555555555557,3033.0,3131.0,3072.25,3113.75,41.5,20.0,0.011320661813620413,0,0,3069.5975,3108.3,38.24316435072615,-38.24316435072615,-0.012223171523464546,-0.01229848885824489
MA--NL,MA,NL,2242.2927982728406,10,2273.4,2281.5,2277.875,2281.5,27.973002857914427,782.4888888888887,2211.0,2300.0,2274.75,2288.75,14.0,9.0,0.012304479131659376,2,0,2255.2975,2288.2025,31.107201727159463,31.107201727159463,0.0138729436901016,0.013777595237262115
MA--NO,MA,NO,3151.447797422512,10,3225.7,3201.5,3230.5,3218.410700007772,108.65035664920757,11804.900000000003,3038.0,3375.0,3167.75,3328.5,160.75,58.5,0.033682722091083354,0,0,3166.2,3291.11,74.25220257748788,74.25220257748788,0.023561298600032927,0.02328801548362738
MA--NZ,MA,NZ,19184.614067775434,10,19550.47,19546.5,19548.7125,19550.783333334457,104.46609285100865,10913.16455555556,19345.0,19770.0,19532.125,19579.9,47.775000000001455,27.100000000000364,0.005343405700784106,2,0,19488.09375,19614.201250000002,365.85593222456737,365.85593222456737,0.019070278449807278,0.018890719919130175
MA--PE,MA,PE,8994.063367057093,10,9106.18,9109.25,9113.725,9120.383333339318,253.2079549391062,64114.26844444444,8667.0,9485.0,8996.5,9245.849999999999,249.34999999999854,136.39999999999964,0.027806166245242923,0,0,8954.025,9251.140000000001,112.11663294290702,112.11663294290702,0.012465626310079267,0.012388570098887365
MA--PH,MA,PH,12306.704272957739,10,11845.2,11877.5,11867.375,11864.201066663476,148.32007431377738,21998.844444444447,11520.0,11993.0,11763.5,11966.75,203.25,104.0,0.012521533981171899,0,0,11748.0,11924.6075,461.50427295773807,-461.50427295773807,-0.03750023261482192,-0.03822145449796405
MA--PK,MA,PK,7189.637834826475,10,7229.6,7174.0,7206.5,7198.508449999689,182.46655705757271,33294.04444444444,7046.0,7598.0,7096.75,7321.25,224.5,113.0,0.025238817784880588,0,0,7131.6725,7340.402499999999,39.962165173525136,39.962165173525136,0.00555830016637961,0.005542909819118871
MA--PL,MA,PL,3003.7613829081456,10,2899.1,2918.5,2899.5,2904.1666666666633,96.19823283200164,9254.099999999997,2730.0,3065.0,2865.0,2931.0,66.0,53.5,0.03318210231865118,2,0,2842.69,2954.9025,104.6613829081457,-104.6613829081457,-0.03484344112807519,-0.03546495362919902
MA--PT,MA,PT,561.1139331622182,10,543.1,543.0,543.0,543.1,0.31622776601683794,0.1,543.0,544.0,543.0,543.0,0.0,0.0,0.0005822643454554188,1,0,543.0,543.3,18.013933162218223,-18.013933162218223,-0.032103877835823386,-0.0326305092777518
MA--RU,MA,RU,4154.088683247983,10,4122.6,4142.5,4138.625,4141.488100001414,71.30560208629394,5084.488888888887,3942.0,4175.0,4119.0,4168.5,49.5,26.0,0.017296269850651032,1,0,4072.6699999999996,4155.6025,31.488683247982408,-31.488683247982408,-0.007580166349111776,-0.007609041823199515
MA--SA,MA,SA,5250.266926333236,10,5152.3,5110.0,5136.625,5115.279428565526,139.71641914169493,19520.677777777775,5010.0,5420.0,5057.5,5168.75,111.25,60.0,0.027117291140208243,2,0,5072.295,5246.0,97.96692633323619,-97.96692633323619,-0.018659418217743046,-0.01883570150173056
MA--SE,MA,SE,3357.2928975060963,10,3478.8,3451.5,3474.125,3457.48561993302,60.71573107523288,3686.3999999999996,3415.0,3580.0,3447.75,3520.0,72.25,18.5,0.01745306745867336,0,0,3444.6825,3515.0,121.50710249390386,121.50710249390386,0.036191987474242474,0.03555244276321353
MA--SG,MA,SG,11826.42016648286,10,11371.7,11370.0,11373.875,11373.875000002292,122.08380545983795,14904.455555555558,11155.0,11571.0,11292.25,11453.75,161.5,92.0,0.010735756787449365,0,0,11299.895,11440.8,454.720166482859,-454.720166482859,-0.03844951896530591,-0.03920821295532724
MA--SN,MA,SN,2391.787943560576,10,2300.8,2300.0,2299.625,2300.1428571428573,5.788878225624642,33.511111111111106,2295.0,2316.0,2300.0,2300.75,0.75,0.5,0.0025160284360329632,3,0,2298.1,2304.8,90.98794356057579,-90.98794356057579,-0.03804181043956808,-0.0387842912563235
MA--TH,MA,TH,10705.56891983213,10,10460.8,10421.0,10436.625,10430.044928573494,165.01905613864383,27231.288888888885,10280.0,10835.0,10350.0,10517.0,167.0,82.5,0.015774993895174734,1,0,10375.3725,10568.425,244.76891983213136,-244.76891983213136,-0.022863700347460793,-0.023129128325276575
MA--TR,MA,TR,3564.835480066176,10,3324.5,3367.5,3339.75,3361.3978999992682,99.8546165404707,9970.944444444445,3115.0,3412.0,3303.25,3389.5,86.25,25.5,0.03003598030996261,1,0,3265.3675000000003,3375.9025,240.33548006617593,-240.33548006617593,-0.06741839319376233,-0.06979861729196597
MA--TZ,MA,TZ,6314.658277637436,10,6092.8,6085.0,6099.1875,6088.158285711809,142.50111110677932,20306.566666666666,5830.0,6304.5,6020.875,6160.0,139.125,80.0,0.02338844391852339,0,0,6010.316250000001,6176.95,221.858277637436,-221.858277637436,-0.03513385331128987,-0.0357658953586094
MA--UA,MA,UA,3528.2254241343594,10,3665.8,3685.0,3669.125,3676.8804999949884,80.68291847307789,6509.733333333334,3515.0,3790.0,3616.25,3706.25,90.0,37.5,0.022009634588105703,0,0,3616.4975,3712.5125,137.57457586564078,137.57457586564078,0.03899256972771073,0.03825156072261707
MA--US,MA,US,6156.291767126741,10,6156.2,6156.0,6156.75,6157.000000000253,12.890995996344804,166.17777777777778,6135.0,6173.0,6150.5,6167.0,16.5,10.0,0.0020939858997993574,0,0,6148.2,6163.8,0.09176712674161536,-0.09176712674161536,-1.490623417681921e-05,-1.4906345275782995e-05
MA--VN,MA,VN,10647.136952745917,10,10281.02,10296.0,10268.6,10269.86342836442,111.83529357447446,12507.13288888889,10135.0,10526.4,10197.5,10320.5,123.0,60.0,0.01087784028962831,1,0,10217.1795,10347.1905,366.11695274591693,-366.11695274591693,-0.034386422788662885,-0.03499154839114747
MA--ZA,MA,ZA,7578.285436291664,10,7558.5,7520.0,7553.125,7543.0301999956055,82.16007411010398,6750.277777777778,7470.0,7690.0,7488.75,7637.5,148.75,45.0,0.010869891395131835,0,0,7511.4875,7608.0125,19.785436291664155,-19.785436291664155,-0.002610806422903213,-0.0026142205216541357
MX--MY,MX,MY,16634.32204066329,10,16595.9,16591.0,16597.125,16596.71861111112,14.216187955988765,202.10000000000002,16570.0,16612.0,16590.0,16610.5,20.5,12.5,0.0008566084367819018,0,0,16587.3,16604.7,38.4220406632885,-38.4220406632885,-0.0023098050265808385,-0.0023124767410972087
MX--NG,MX,NG,11398.49344176858,10,10541.2,10470.0,10489.5,10490.3163333302,228.44586035013003,52187.51111111111,10356.0,11140.0,10420.0,10565.0,145.0,95.0,0.021671712931177665,1,0,10437.075,10683.3,857.2934417685792,-857.2934417685792,-0.07521111857003115,-0.07818980381150367
MX--NL,MX,NL,9230.824470291544,10,9220.1,9224.0,9221.625,9223.75,8.22529972435993,67.65555555555554,9204.0,9224.0,9224.0,9224.0,0.0,0.0,0.0008921052618040943,2,0,9214.4,9224.0,10.724470291543184,-10.724470291543184,-0.0011618106623150278,-0.0011624860875173713
MX--NO,MX,NO,9207.206656401106,10,9413.5,9430.0,9418.875,9419.333333325825,113.18446104577352,12810.722222222223,9218.0,9566.0,9335.25,9476.25,141.0,80.5,0.012023632128939662,0,0,9342.3925,9482.202500000001,206.29334359889435,206.29334359889435,0.022405638463156845,0.02215831955467888
MX--NZ,MX,NZ,11096.668791733968,10,11130.1,11138.0,11141.375,11140.166666666848,70.01658533677733,4902.322222222221,10960.0,11210.0,11123.0,11165.75,42.75,27.5,0.006290741802569368,1,0,11087.657500000001,11167.4075,33.43120826603263,33.43120826603263,0.0030127247098639103,0.003008195549237786
MX--PE,MX,PE,4242.004305490678,10,4243.9,4244.5,4244.25,4244.2857142880575,1.5951314818673865,2.5444444444444443,4240.0,4245.0,4243.25,4245.0,1.75,0.5,0.00037586453070698807,1,0,4242.8,4244.7,1.8956945093214017,1.8956945093214017,0.0004468865123186442,0.0004467866882800692
MX--PH,MX,PH,14235.182311520231,10,14224.7,14224.0,14224.0,14224.111111111111,2.2135943621178655,4.9,14224.0,14231.0,14224.0,14224.0,0.0,0.0,0.00015561624231919587,1,0,14224.0,14226.1,10.482311520230724,-10.482311520230724,-0.0007363665101603659,-0.0007366377611473146
MX--PK,MX,PK,14066.453084225219,10,14367.6,14361.5,14367.625,14352.454271426514,129.6844032428127,16818.044444444447,14150.0,14585.0,14300.0,14392.75,92.75,61.5,0.009026170219299861,3,0,14302.1975,14451.3,301.1469157747815,301.1469157747815,0.02140887357826557,0.0211829228559615
MX--PL,MX,PL,10192.871677759145,10,10181.4,10175.0,10178.375,10176.134340000002,12.384578223652905,153.37777777777777,10173.0,10214.0,10175.0,10184.5,9.5,1.5,0.00121639246308493,1,0,10175.6,10189.5,11.471677759145678,-11.471677759145678,-0.0011254608241735142,-0.0011260946308012186
MX--PT,MX,PT,8683.463178335352,10,7772.3,7481.5,7720.75,7490.234871426368,516.060515400622,266318.4555555556,7414.0,8543.0,7430.5,8249.0,818.5,59.5,0.06639740043495773,0,0,7465.74,8097.1050000000005,911.1631783353523,-911.1631783353523,-0.10493085070120896,-0.11085430190546111
MX--RU,MX,RU,10735.215575427284,10,10730.0,10730.0,10730.25,10730.0,2.211083193570267,4.88888888888889,10725.0,10733.0,10730.0,10730.0,0.0,0.0,0.00020606553528147874,4,0,10728.6,10731.205,5.215575427284421,-5.215575427284421,-0.0004858379778812061,-0.0004859560353909595
MX--SA,MX,SA,13896.334176917055,10,13910.7,13905.0,13900.0,13903.034800000356,45.648536547066755,2083.7888888888892,13875.0,14032.0,13882.5,13908.75,26.25,10.0,0.003281541298932962,1,0,13889.0,13942.1,14.365823082946008,14.365823082946008,0.0010337850903736046,0.0010332511025545332
MX--SE,MX,SE,9597.983316257523,10,9565.9,9564.5,9565.5,9564.666666666666,4.148627617792553,17.211111111111116,9560.0,9575.0,9564.0,9567.25,3.25,0.5,0.0004336892104028428,1,0,9563.6975,9568.5,32.08331625752362,-32.08331625752362,-0.0033427143182442674,-0.0033483136692535956
MX--SG,MX,SG,16619.715449178875,10,16581.5,16588.0,16587.625,16587.625000000007,25.40013123325678,645.1666666666665,16511.0,16603.0,16584.0,16591.0,7.0,3.5,0.0015318355536746845,2,0,16565.0,16591.805,38.21544917887513,-38.21544917887513,-0.0022994045412951538,-0.002302052231436614
MX--SN,MX,SN,8626.492575918614,10,9051.5,9076.0,9079.375,9079.375000000491,123.13790823480983,15162.944444444445,8730.0,9150.0,9032.0,9124.0,92.0,47.0,0.013604143869503378,1,0,8974.5875,9108.1,425.0074240813865,425.0074240813865,0.049267697194549376,0.0480924896078377
MX--TH,MX,TH,15755.522525889133,10,15648.2,15468.0,15572.75,15468.666666665744,388.1677186188694,150674.17777777778,15450.0,16450.0,15462.0,15477.0,15.0,8.0,0.02480590218803884,2,0,15463.195000000002,15920.04,107.32252588913252,-107.32252588913252,-0.006811740182706252,-0.006835045980520372
MX--TR,MX,TR,11768.795374105772,10,11830.0,11893.5,11860.625,11873.048214283801,164.05893250089534,26915.333333333332,11438.0,11977.0,11794.5,11933.0,138.5,62.5,0.013868041631521161,1,0,11721.0725,11914.807499999999,61.20462589422823,61.20462589422823,0.005200585442150976,0.00518710910073081
MX--TZ,MX,TZ,14938.231690550672,10,14967.119999999999,14981.65,14963.9625,14959.196769391589,204.03789299484976,41631.46177777776,14695.0,15264.5,14802.25,15084.8,282.5499999999993,175.14999999999964,0.01363240843895484,0,0,14858.59175,15083.48725,28.888309449326698,28.888309449326698,0.0019338506757530269,0.0019319831937683464
MX--UA,MX,UA,10833.717889250147,10,10805.5,10815.0,10808.625,10812.739142857183,25.30810146968753,640.5,10756.0,10830.0,10802.25,10822.5,20.25,10.0,0.002342149967117443,2,0,10787.7,10817.8,28.217889250146982,-28.217889250146982,-0.002604635780496595,-0.0026080337458617305
MX--US,MX,US,3030.093510534221,10,3033.1,3034.0,3033.25,3033.793171428567,2.2335820757001272,4.988888888888889,3030.0,3035.0,3030.75,3035.0,4.25,1.0,0.0007364023855791524,0,0,3031.8,3034.3025000000002,3.006489465778941,3.006489465778941,0.0009922101266270431,0.0009917182115212763
MX--VN,MX,VN,14772.36666926787,10,14457.4,14435.5,14431.75,14424.833333332854,161.94731653637652,26226.93333333333,14270.0,14850.0,14359.5,14460.0,100.5,60.0,0.011201690244191662,1,0,14376.195000000002,14566.4125,314.9666692678711,-314.9666692678711,-0.0213213411445521,-0.021551924392024354
MX--ZA,MX,ZA,14607.47105898857,10,14466.0,14435.5,14454.375,14433.639714285913,102.32301793829187,10470.0,14365.0,14660.0,14404.5,14457.5,53.0,30.0,0.0070733456337821006,2,0,14414.1975,14534.0025,141.4710589885708,-141.4710589885708,-0.00968484266833566,-0.009732045774108584
MY--NG,MY,NG,10420.365898604718,10,10013.380000000001,9997.75,10004.5375,10003.87122999667,126.73440995509738,16061.610666666686,9842.5,10255.0,9925.0,10095.5,170.5,84.85000000000036,0.012656506589692728,0,0,9946.00125,10090.42,406.98589860471657,-406.98589860471657,-0.03905677617896429,-0.03983995206825197
MY--NL,MY,NL,10191.674131483782,10,10230.5,10232.0,10231.25,10231.480442857133,9.640769909319713,92.94444444444444,10212.0,10243.0,10225.0,10237.0,12.0,6.5,0.0009423556922261584,0,0,10224.4,10235.9025,38.82586851621818,38.82586851621818,0.003809567301242354,0.00380232927640225
MY--NO,MY,NO,9756.41766681565,10,9652.5,9652.5,9651.875,9650.833333333687,19.895560643855536,395.8333333333333,9620.0,9690.0,9641.25,9658.75,17.5,10.0,0.0020611821438855774,1,0,9641.9875,9664.5,103.91766681565059,-103.91766681565059,-0.010651211373320365,-0.010708341557759887
MY--NZ,MY,NZ,8841.078241919804,10,8678.6,8698.0,8679.875,8682.892320000894,44.62236609095887,1991.155555555556,8615.0,8732.0,8636.25,8711.75,75.5,28.0,0.00514165488569111,0,0,8652.0925,8704.01,162.47824191980362,-162.47824191980362,-0.01837765004153183,-0.018548616938298037
MY--PE,MY,PE,19013.09740368873,10,19775.0,19785.0,19778.125,19780.468999999866,28.674417556808756,822.2222222222222,19725.0,19800.0,19752.5,19800.0,47.5,15.0,0.0014500337576135907,0,0,19758.0,19791.0,761.902596311269,761.902596311269,0.04007251318049064,0.03929043493467165
MY--PH,MY,PH,2466.062114353582,10,2479.0,2480.0,2479.375,2479.1763333456092,5.163977794943222,26.666666666666664,2470.0,2485.0,2475.0,2483.75,8.75,5.0,0.0020830890661328043,0,0,2476.0,2482.0,12.93788564641818,12.93788564641818,0.00524637460310262,0.005232660325776245
MY--PK,MY,PK,4494.739093847033,10,4314.5,4361.5,4324.125,4323.91245553875,165.1310927044867,27268.277777777777,4020.0,4532.0,4186.75,4442.25,255.5,141.5,0.03827351783624677,0,0,4211.9525,4408.5125,180.23909384703256,-180.23909384703256,-0.04010001249989496,-0.04092617963472624
MY--PL,MY,PL,9097.205754114833,10,9416.4,9415.0,9416.625,9415.98608,6.535373831014651,42.711111111111116,9406.0,9425.0,9413.0,9422.5,9.5,4.0,0.0006940416540306965,0,0,9412.6,9420.202500000001,319.1942458851663,319.1942458851663,0.03508706459022199,0.0344855435564379
MY--PT,MY,PT,11578.724073923351,10,11547.65,11599.5,11555.8125,11567.554666675791,204.10945456897494,41660.669444444444,11175.0,11855.0,11399.25,11672.125,272.875,110.0,0.017675410544047917,0,0,11422.54625,11662.85375,31.074073923351534,-31.074073923351534,-0.0026837217749522166,-0.0026873294122770792
MY--RU,MY,RU,8120.2776123462945,10,8368.0,8411.0,8383.875,8407.540600000257,88.52494940222596,7836.666666666666,8184.0,8425.0,8389.0,8414.5,25.5,7.0,0.010578985349214382,2,0,8313.785,8412.1,247.72238765370548,247.72238765370548,0.030506640225829412,0.030050565020803343
MY--SA,MY,SA,6341.828455301534,10,6350.5,6351.5,6350.0,6350.084044444432,15.21147227880618,231.38888888888889,6330.0,6375.0,6336.75,6362.5,25.75,14.0,0.0023953188376987923,0,0,6342.0,6359.702499999999,8.671544698466278,8.671544698466278,0.0013673571840652971,0.001366423202524895
MY--SE,MY,SE,9341.491142366964,10,9297.5,9292.5,9294.625,9294.62499999934,72.19456735486096,5212.055555555557,9194.0,9424.0,9245.25,9338.0,92.75,60.0,0.00776494405537628,0,0,9256.287499999999,9340.702500000001,43.991142366963686,-43.991142366963686,-0.004709220583365787,-0.004720343897783547
MY--SG,MY,SG,316.8988719686071,10,315.0,315.0,315.0,315.0,0.0,0.0,315.0,315.0,315.0,315.0,0.0,0.0,0.0,0,0,315.0,315.0,1.898871968607125,-1.898871968607125,-0.005992043950207662,-0.0060100682833577135
MY--SN,MY,SN,13043.639094479997,10,13052.5,12934.25,13049.875,13031.921907155487,342.45502543318656,117275.44444444445,12550.0,13576.0,12863.25,13294.875,431.625,239.75,0.026236738205951852,0,0,12846.192500000001,13248.40375,8.860905520003143,8.860905520003143,0.0006793277133643658,0.0006790970747401422
MY--TH,MY,TH,1177.7394610704162,10,1185.0,1185.0,1185.0,1185.0,0.0,0.0,1185.0,1185.0,1185.0,1185.0,0.0,0.0,0.0,0,0,1185.0,1185.0,7.260538929583845,7.260538929583845,0.006164809085181653,0.006145884387923862
MY--TR,MY,TR,7987.759450740217,10,7941.5,7911.5,7931.0,7921.693366665936,82.26279029224979,6767.166666666666,7857.0,8110.0,7880.5,7997.0,116.5,38.5,0.01035859601992694,0,0,7898.4825,7992.705,46.25945074021729,-46.25945074021729,-0.005791292417541501,-0.005808126978850525
MY--TZ,MY,TZ,7402.73482591565,10,7826.3,7851.5,7816.625,7810.820557140575,255.3007159323208,65178.455555555556,7492.0,8238.0,7601.25,7938.5,337.25,201.5,0.03262087013433178,0,0,7667.389999999999,7966.75,423.5651740843505,423.5651740843505,0.05721739114597549,0.05564035380752523
MY--UA,MY,UA,8411.290456319653,10,8448.0,8417.0,8446.0,8428.229939878542,78.57480512225277,6174.0,8348.0,8564.0,8402.75,8520.0,117.25,34.5,0.009300994924509087,0,0,8405.875,8492.41,36.70954368034654,36.70954368034654,0.004364317683592244,0.004354821668230468
MY--US,MY,US,15344.127499182949,10,15664.9,15655.0,15662.125,15656.927380000036,22.168295679490864,491.43333333333334,15647.0,15705.0,15651.25,15667.5,16.25,6.5,0.0014151571781173748,2,0,15653.595000000001,15679.9025,320.77250081705097,320.77250081705097,0.020905229106974742,0.02068971323571919
MY--VN,MY,VN,2027.1201148112582,10,2044.5,2045.0,2044.625,2044.625,0.8498365855987975,0.7222222222222222,2043.0,2045.0,2044.25,2045.0,0.75,0.0,0.0004156696432373673,2,0,2043.9,2045.0,17.37988518874181,17.37988518874181,0.008573682961238843,0.008537137678029345
MY--ZA,MY,ZA,8519.437119588007,10,8492.5,8477.5,8491.25,8491.249999999653,60.96492616433011,3716.7222222222217,8395.0,8600.0,8452.5,8540.0,87.5,38.5,0.007178678382611729,0,0,8456.975,8527.2,26.93711958800668,-26.93711958800668,-0.0031618426440489225,-0.003166851830127401
NG--NL,NG,NL,4803.701354562851,10,4785.8,4820.0,4787.375,4808.963233338912,134.58396800675942,18112.844444444443,4582.0,4977.0,4688.0,4869.5,181.5,65.5,0.02812151949658561,0,0,4703.3525,4861.912499999999,17.90135456285043,-17.90135456285043,-0.0037265752471990423,-0.0037335362278622386
NG--NO,NG,NO,5646.7717130159035,10,5264.7,5269.0,5272.75,5270.194274466897,133.4416643248194,17806.677777777782,5045.0,5420.0,5186.0,5386.75,200.75,116.5,0.02534648970023352,0,0,5183.675,5339.81,382.0717130159037,-382.0717130159037,-0.06766197261618032,-0.07005983972679644
NG--NZ,NG,NZ,16223.187399540882,10,15690.8,15667.5,15636.75,15636.750000008591,393.40502171567545,154767.51111111106,15264.0,16550.0,15399.0,15876.25,477.25,235.0,0.025072336765217546,0,0,15491.797499999999,15934.414999999999,532.387399540883,-532.387399540883,-0.03281644885369133,-0.033366986498720184
NG--PE,NG,PE,9643.897366310626,10,9044.8,9010.0,9019.125,9023.015999999934,192.4697956101742,37044.622222222235,8850.0,9445.0,8898.75,9148.5,249.75,140.0,0.021279607687309195,0,0,8937.192500000001,9171.705,599.097366310627,-599.097366310627,-0.06212191436249367,-0.06413531109099525
NG--PH,NG,PH,12235.34688266842,10,11774.1,11770.0,11785.75,11775.826000000656,100.08490839726481,10016.988888888889,11545.0,11910.0,11747.75,11823.75,76.0,30.0,0.008500429620715368,1,0,11708.09,11830.615,461.24688266841986,-461.24688266841986,-0.037697899952618755,-0.03842684430128479
NG--PK,NG,PK,7205.476952378416,10,6948.6,6976.0,6945.25,6948.443566666047,172.90279864067492,29895.377777777776,6739.0,7185.0,6771.0,7074.25,303.25,158.5,0.024883112949468225,0,0,6846.4,7048.835,256.8769523784158,-256.8769523784158,-0.035650235796483215,-0.03630122423974692
NG--PL,NG,PL,4940.545235260267,10,4888.4,4910.0,4896.75,4905.97364269919,68.11787169637968,4640.044444444444,4755.0,4955.0,4877.5,4935.0,57.5,32.5,0.01393459448825376,2,0,4842.884999999999,4923.0,52.14523526026733,-52.14523526026733,-0.010554550718028256,-0.010610645037811287
NG--PT,NG,PT,3682.00110841764,10,3781.38,3791.0,3781.475,3782.0986000007124,22.418732246841135,502.59955555555456,3752.0,3810.0,3757.75,3795.75,38.0,17.0,0.00592871709451077,0,0,3768.2565,3793.9025,99.37889158236021,99.37889158236021,0.02699045672614391,0.026632638523639996
NG--RU,NG,RU,5807.769283957347,10,5426.4,5423.0,5412.125,5417.17399999924,80.45454203047416,6472.9333333333325,5345.0,5622.0,5366.25,5447.5,81.25,30.0,0.014826504133582885,1,0,5385.1975,5476.202499999999,381.36928395734776,-381.36928395734776,-0.06566536398248367,-0.06792062224720496
NG--SA,NG,SA,4500.0833361671885,10,4377.6,4345.5,4366.375,4366.709785741789,165.21245581237378,27295.155555555557,4157.0,4688.0,4292.75,4479.0,186.25,127.5,0.03774041845129152,0,0,4287.9975,4471.305,122.4833361671881,-122.4833361671881,-0.027218015093807044,-0.027595286747021216
NG--SE,NG,SE,5648.083214797142,10,5402.7,5386.5,5397.375,5393.344299618927,149.52595464036037,22358.011111111107,5218.0,5630.0,5282.75,5510.0,227.25,122.0,0.027676153523305082,0,0,5321.695,5495.1,245.3832147971425,-245.3832147971425,-0.043445396511558966,-0.044417404968601956
NG--SG,NG,SG,10690.478531487915,10,10177.9,10176.5,10169.875,10169.295300000009,186.12089858177907,34640.98888888889,9940.0,10480.0,10017.25,10265.75,248.5,162.0,0.018286768250992746,0,0,10077.89,10293.404999999999,512.5785314879158,-512.5785314879158,-0.04794720180000908,-0.04913478543452891
NG--SN,NG,SN,2792.475346325268,10,2949.1,3050.5,2967.0,3044.68713331781,221.73079272948186,49164.544444444444,2610.0,3145.0,2740.0,3107.5,367.5,61.0,0.07518591866314532,0,0,2810.095,3074.32,156.6246536747317,156.6246536747317,0.056088106160306996,0.05457161566758549
NG--TH,NG,TH,10098.775445297742,10,9798.2,9852.5,9792.625,9792.920085704738,222.0964755335943,49326.84444444445,9456.0,10185.0,9650.0,9921.0,271.0,169.0,0.022667069005898457,0,0,9672.3925,9928.2275,300.5754452977417,-300.5754452977417,-0.02976355370271131,-0.030215478119753687
NG--TR,NG,TR,4240.937563878063,10,4240.6,4266.5,4245.125,4252.053842856896,128.96183759374534,16631.15555555555,4035.0,4410.0,4168.5,4328.25,159.75,93.5,0.030411224259242874,0,0,4168.58,4313.0125,0.33756387806261046,-0.33756387806261046,-7.95965215186828e-05,-7.959968948990307e-05
NG--TZ,NG,TZ,3557.1927842916293,10,3731.6,3723.0,3740.625,3731.1756854539426,138.53615653202837,19192.266666666666,3458.0,3933.0,3667.25,3803.5,136.25,73.0,0.037125135741244604,1,0,3650.9925,3811.3075000000003,174.4072157083706,174.4072157083706,0.04902945279731349,0.047865406043185586
NG--UA,NG,UA,5050.317778330715,10,4988.9,4968.5,4985.875,4979.4999999942775,108.4737039306967,11766.544444444446,4827.0,5175.0,4931.25,5040.25,109.0,64.0,0.02174301026893638,0,0,4926.675,5058.42,61.41777833071501,-61.41777833071501,-0.012161171044372475,-0.012235723128605911
NG--US,NG,US,8912.837189115719,10,8728.7,8757.5,8731.5,8732.534475004108,124.76293074823502,15565.788888888888,8545.0,8890.0,8637.5,8820.0,182.5,108.5,0.014293414912671418,0,0,8655.4925,8796.730000000001,184.13718911571777,-184.13718911571777,-0.02065977255150409,-0.020876171340967913
NG--VN,NG,VN,10509.155498205999,10,10248.6,10240.5,10259.625,10244.063499993374,229.1220926347639,52496.933333333334,9834.0,10575.0,10116.25,10362.0,245.75,132.5,0.022356428452155797,0,0,10104.177500000002,10385.25,260.55549820599845,-260.55549820599845,-0.02479319087537314,-0.02510571855414895
NG--ZA,NG,ZA,4454.133473532923,10,4523.4,4526.0,4524.25,4524.249999999773,16.741166825125024,280.26666666666665,4495.0,4545.0,4511.25,4535.0,23.75,13.5,0.003701014021560115,0,0,4513.1975,4533.3,69.2665264670768,69.2665264670768,0.01555106663926173,0.01543138796179416
NL--NO,NL,NO,916.4123574186069,10,912.6,912.0,912.375,912.25,1.2649110640673518,1.6,912.0,915.0,912.0,912.0,0.0,0.0,0.0013860520097165809,2,0,912.0,913.5,3.8123574186068936,-3.8123574186068936,-0.004160089492186377,-0.004168766738252751
NL--NZ,NL,NZ,18559.7377139544,10,18581.0,18580.0,18580.625,18580.25,2.1081851067789197,4.444444444444445,18580.0,18585.0,18580.0,18580.0,0.0,0.0,0.00011345918447763412,2,0,18580.0,18582.5,21.262286045599467,21.262286045599467,0.0011456134980621583,0.0011449577836676703
NL--PE,NL,PE,10520.554598873148,10,10516.2,10517.0,10516.25,10516.67826666667,3.359894178227774,11.28888888888889,10512.0,10520.0,10512.75,10519.0,6.25,2.0,0.0003194969835328135,0,0,10514.2,10518.1,4.354598873147552,-4.354598873147552,-0.00041391343319619015,-0.0004139991190064336
NL--PH,NL,PH,10403.669642766034,10,10410.6,10411.0,10410.625,10410.6,0.5163977794943222,0.2666666666666666,10410.0,10411.0,10410.0,10411.0,1.0,0.0,4.96030756627209e-05,0,0,10410.3,10410.9,6.930357233966788,6.930357233966788,0.0006661454536655402,0.000665923677267653
NL--PK,NL,PK,5697.10532452438,10,5804.0,5813.5,5807.5,5808.333333333724,44.22668877499196,1956.0000000000002,5715.0,5865.0,5781.75,5827.5,45.75,27.0,0.007620035970880765,0,0,5777.4975,5830.3,106.8946754756198,106.8946754756198,0.01876298038856142,0.018589126977467806
NL--PL,NL,PL,1094.9218044055763,10,1095.0,1095.0,1095.0,1095.0,0.0,0.0,1095.0,1095.0,1095.0,1095.0,0.0,0.0,0.0,0,0,1095.0,1095.0,0.07819559442373247,0.07819559442373247,7.141660172361276e-05,7.141405167962594e-05
NL--PT,NL,PT,1863.734590183404,10,1863.6,1864.0,1863.625,1863.6,0.5163977794943223,0.2666666666666667,1863.0,1864.0,1863.0,1864.0,1.0,0.0,0.0002770968982047233,0,0,1863.3,1863.9,0.13459018340404327,-0.13459018340404327,-7.221531655470251e-05,-7.221792420617284e-05
NL--RU,NL,RU,2153.7587182460625,10,2158.7,2158.0,2158.5,2158.4285714262282,1.1595018087284057,1.3444444444444443,2158.0,2161.0,2158.0,2159.5,1.5,0.0,0.0005371296654136312,0,0,2158.0,2159.4,4.941281753937346,4.941281753937346,0.0022942596643143643,0.0022916318690729028
NL--SA,NL,SA,4668.278240051819,10,4770.9,4818.5,4783.0,4794.352599994699,133.55851817753063,17837.87777777778,4552.0,4893.0,4662.5,4890.75,228.25,73.5,0.02799440738173733,0,0,4693.1,4842.015,102.62175994818062,102.62175994818062,0.02198278565911733,0.021744647861882918
NL--SE,NL,SE,1131.6300553848139,10,1125.0,1125.0,1125.0,1125.0,0.0,0.0,1125.0,1125.0,1125.0,1125.0,0.0,0.0,0.0,0,0,1125.0,1125.0,6.630055384813886,-6.630055384813886,-0.005858854095704729,-0.005876084514664223
NL--SG,NL,SG,10501.875707111722,10,10512.0,10512.0,10512.0,10512.0,0.0,0.0,10512.0,10512.0,10512.0,10512.0,0.0,0.0,0.0,0,0,10512.0,10512.0,10.124292888278433,10.124292888278433,0.0009640461542905525,0.000963581760237677
NL--SN,NL,SN,4622.391187616452,10,4649.0,4650.0,4649.25,4649.400000002394,1.7638342073763937,3.111111111111111,4645.0,4651.0,4648.0,4650.0,2.0,0.5,0.00037940077594673986,0,0,4647.9975,4649.9,26.608812383547956,26.608812383547956,0.00575650378852268,0.0057399984323930515
NL--TH,NL,TH,9184.527369269523,10,9181.8,9180.0,9181.0,9180.571428569085,3.2249030993194197,10.399999999999999,9180.0,9190.0,9180.0,9182.5,2.5,0.0,0.0003512277657234333,1,0,9180.2,9184.1,2.7273692695234786,-2.7273692695234786,-0.0002969525986333247,-0.00029699669778664346
NL--TR,NL,TR,2538.4405504203605,10,2596.3,2594.0,2596.125,2595.7114714283393,20.854256160314133,434.9,2566.0,2628.0,2580.75,2612.75,32.0,15.5,0.008032298332363028,0,0,2583.6924999999997,2608.6025,57.85944957963966,57.85944957963966,0.022793304956485294,0.022537418614179735
NL--TZ,NL,TZ,7113.778557184179,10,7098.0,7139.0,7103.125,7105.5512999939565,117.66241729815194,13844.444444444443,6910.0,7245.0,7022.0,7175.0,153.0,98.0,0.016576840983115234,0,0,7027.8,7169.5225,15.77855718417868,-15.77855718417868,-0.0022180276005701605,-0.0022204910671538977
NL--UA,NL,UA,1785.0113835275376,10,1780.0,1780.0,1780.125,1780.1250000000177,2.943920288775949,8.666666666666666,1774.0,1785.0,1778.5,1781.75,3.25,2.0,0.0016538878026831174,0,0,1778.1975,1781.7025,5.011383527537646,-5.011383527537646,-0.0028074798703155357,-0.0028114282336251352
NL--US,NL,US,6206.190650303078,10,6203.9,6202.5,6203.5,6202.995028581181,3.8715486421958967,14.98888888888889,6200.0,6211.0,6201.0,6205.0,4.0,2.0,0.000624050781314318,0,0,6201.8975,6206.2,2.2906503030781096,-2.2906503030781096,-0.00036909119170650136,-0.0003691593226252335
NL--VN,NL,VN,8893.9631609998,10,8290.65,8291.0,8290.9375,8290.9375,1.3550317749451897,1.8361111111111112,8287.0,8292.0,8290.625,8291.0,0.375,0.25,0.00016344095757813798,2,0,8289.7,8291.25,603.3131609998,-603.3131609998,-0.06783400718875696,-0.07024437628043374
NL--ZA,NL,ZA,8939.953838554835,10,9293.5,9247.0,9277.25,9253.493385712753,158.39770621234808,25089.833333333336,9127.0,9590.0,9192.5,9321.25,128.75,74.5,0.01704392384057116,2,0,9208.5725,9398.81,353.5461614451651,353.5461614451651,0.039546754695806874,0.03878480536679207
NO--NZ,NO,NZ,17661.515954076174,10,17453.1,17427.0,17453.0,17452.99999999762,131.6809696872626,17339.877777777772,17255.0,17652.0,17358.75,17576.25,217.5,102.5,0.007544847029310702,0,0,17379.875,17534.85,208.4159540761757,-208.4159540761757,-0.011800569929450168,-0.01187074930557603
NO--PE,NO,PE,11033.614836586856,10,10670.0,10631.0,10665.0,10666.874222222277,194.73743006075298,37922.66666666666,10415.0,10965.0,10529.75,10831.5,301.75,180.0,0.01825093065236673,0,0,10556.885,10782.515,363.61483658685574,-363.61483658685574,-0.03295518667020432,-0.03351044196581916
NO--PH,NO,PH,9696.528062913647,10,9257.9,9244.0,9250.6875,9250.784674843,64.75543735213797,4193.2666666666655,9188.0,9385.5,9205.75,9290.125,84.375,49.5,0.0069946140433724685,0,0,9223.18375,9296.404999999999,438.6280629136472,-438.6280629136472,-0.04523557917511423,-0.04629064869638192
NO--PK,NO,PK,5312.256150502484,10,5238.1,5245.0,5240.25,5239.385788990376,48.91591424747846,2392.7666666666664,5165.0,5294.0,5193.75,5280.75,87.0,41.5,0.009338484230442042,0,0,5208.2875,5265.9,74.1561505024838,-74.1561505024838,-0.013959445554120991,-0.014057794955673811
NO--PL,NO,PL,1063.2419616955133,10,961.6,961.0,961.25,961.25,1.349897115421106,1.8222222222222226,961.0,965.0,961.0,961.0,0.0,0.0,0.0014038031566359255,2,0,961.0,962.4,101.64196169551326,-101.64196169551326,-0.09559626628489015,-0.10047941019773542
NO--PT,NO,PT,2741.1243604470806,10,2771.7,2771.5,2771.25,2771.4002333333483,9.357706271660096,87.56666666666669,2760.0,2787.0,2763.5,2778.0,14.5,8.5,0.0033761612987192324,0,0,2766.4,2777.3075000000003,30.575639552919256,30.575639552919256,0.0111544153173453,0.011092663605313986
NO--RU,NO,RU,1648.9149949297591,10,1643.4,1644.0,1643.625,1643.5555555555557,0.9660917830792959,0.9333333333333333,1641.0,1644.0,1643.0,1644.0,1.0,0.0,0.000587861618035351,1,0,1642.7,1643.9,5.514994929759041,-5.514994929759041,-0.0033446205212015615,-0.003350226267302638
NO--SA,NO,SA,4801.67564551418,10,4679.2,4665.0,4677.75,4679.200000002371,79.96221329825454,6393.955555555555,4581.0,4789.0,4606.25,4756.25,150.0,78.5,0.01708886418581265,0,0,4633.285,4721.21,122.47564551418054,-122.47564551418054,-0.025506855222218038,-0.025837794663900796
NO--SE,NO,SE,419.02432565533144,10,416.6,417.0,416.625,416.6,0.5163977794943223,0.2666666666666667,416.0,417.0,416.0,417.0,1.0,0.0,0.001239552999266256,0,0,416.3,416.9,2.4243256553314154,-2.4243256553314154,-0.005785644190322127,-0.005802445866693479
NO--SG,NO,SG,10056.000762360305,10,9666.3,9666.5,9666.75,9666.59844284499,5.578729445153459,31.12222222222222,9655.0,9674.0,9663.25,9669.5,6.25,3.5,0.0005771318338095713,0,0,9662.9,9669.202500000001,389.7007623603058,-389.7007623603058,-0.038753056167115565,-0.03952393753494798
NO--SN,NO,SN,5518.823019077122,10,5361.7,5349.0,5350.875,5351.7358999928365,118.91925365090755,14141.788888888888,5220.0,5590.0,5266.0,5443.75,177.75,93.5,0.022179393410841255,0,0,5297.985,5430.6025,157.12301907712208,-157.12301907712208,-0.028470385539450905,-0.02888352739656609
NO--TH,NO,TH,8681.465564165668,10,8647.4,8660.5,8649.5,8657.664150000017,21.721469154323383,471.8222222222222,8613.0,8665.0,8629.0,8661.75,32.75,4.5,0.002511907527617941,0,0,8633.8925,8659.3,34.06556416566855,-34.06556416566855,-0.003923941633343611,-0.003931660491162906
NO--TR,NO,TR,2704.0156611690363,10,2690.1,2648.5,2672.75,2651.47023332885,103.02367581181414,10613.87777777778,2605.0,2914.0,2635.75,2680.5,44.75,19.5,0.03829734054935287,2,0,2637.495,2758.745,13.915661169036412,-13.915661169036412,-0.005146294590254039,-0.005159582372424758
NO--TZ,NO,TZ,7652.737178326697,10,7432.9,7429.0,7426.25,7431.235814280404,127.158212912541,16169.21111111111,7248.0,7671.0,7366.25,7501.25,135.0,80.5,0.0171074833392809,0,0,7358.475,7510.0425,219.83717832669754,-219.83717832669754,-0.028726607644294647,-0.029147292796794854
NO--UA,NO,UA,1632.1575353448625,10,1629.8,1630.0,1629.875,1629.8990714285692,3.4253953543107016,11.733333333333338,1624.0,1635.0,1628.0,1632.5,4.5,2.5,0.002101727423187325,0,0,1627.7,1631.8,2.3575353448625265,-2.3575353448625265,-0.0014444287967364604,-0.001445472989640198
NO--US,NO,US,6247.236504991629,10,6173.3,6155.5,6170.5,6170.5000000051905,82.52009856190591,6809.566666666666,6057.0,6312.0,6109.75,6243.5,133.75,64.0,0.01336725876952455,0,0,6126.6825,6222.8025,73.93650499162868,-73.93650499162868,-0.011835073785433348,-0.011905665798455407
NO--VN,NO,VN,8283.764374187,10,8236.77,8225.05,8235.15,8233.125352627489,84.01398097935846,7058.349000000006,8125.5,8361.0,8179.5,8291.0,111.5,65.95000000000073,0.01019986972798299,0,0,8187.037,8287.395750000001,46.994374186999266,-46.994374186999266,-0.005673069882750193,-0.005689222863994059
NO--ZA,NO,ZA,9623.202914754816,10,9604.3,9597.0,9603.25,9603.085619999883,32.41758781896025,1050.9,9552.0,9665.0,9591.0,9626.5,35.5,18.5,0.003375320202301079,0,0,9585.6975,9622.8,18.902914754817175,-18.902914754817175,-0.001964305951174967,-0.0019662377302611294
NZ--PE,NZ,PE,10603.194453734135,10,10767.4,10761.5,10767.25,10763.713459987584,9.991107156978261,99.82222222222222,10756.0,10780.0,10760.0,10778.75,18.75,3.5,0.0009279034081559394,0,0,10761.5975,10773.4025,164.20554626586454,164.20554626586454,0.015486422227033302,0.01536773141916043
NZ--PH,NZ,PH,8297.851486247824,10,8449.0,8448.0,8450.0,8450.000000000076,23.065125189341593,532.0000000000001,8410.0,8480.0,8432.75,8469.75,37.0,19.0,0.0027299236820146284,0,0,8435.09,8461.7,151.14851375217586,151.14851375217586,0.01821537948741032,0.018051466956007286
NZ--PK,NZ,PK,13275.521678301031,10,13068.6,13030.0,13036.625,13033.232057158019,382.2469242663845,146112.71111111107,12495.0,13898.0,12841.5,13195.0,353.5,194.0,0.029249263445693074,1,0,12862.369999999999,13321.1025,206.92167830103062,-206.92167830103062,-0.01558670787598849,-0.015709457789218274
NZ--PL,NZ,PL,17691.173617194832,10,17806.4,17840.0,17813.625,17831.500000000062,261.0377580180904,68140.71111111113,17415.0,18140.0,17668.5,17978.75,310.25,170.0,0.01465977165615118,0,0,17652.265,17949.815,115.22638280516912,115.22638280516912,0.006513213046147233,0.006492093727534617
NZ--PT,NZ,PT,19574.147927995775,10,18763.0,18637.5,18756.25,18651.791200000356,171.92052427405713,29556.666666666668,18610.0,18970.0,18635.0,18960.0,325.0,20.0,0.009162741793639457,0,0,18664.0,18863.5,811.1479279957748,-811.1479279957748,-0.041439756712762794,-0.04232286684164169
NZ--RU,NZ,RU,16540.092712129524,10,16542.4,16540.0,16541.5,16541.037999999997,23.046812264509718,531.1555555555556,16512.0,16580.0,16523.75,16555.5,31.75,20.0,0.0013931964082907991,0,0,16529.1925,16557.217500000002,2.307287870477012,2.307287870477012,0.00013949667094580333,0.00013948694218995534
NZ--SA,NZ,SA,14909.574515612963,10,14781.85,14835.0,14788.5625,14795.089874997715,135.58229358339287,18382.558333333334,14580.0,14930.0,14666.25,14886.25,220.0,92.5,0.00917221413986699,0,0,14703.0325,14860.5,127.72451561296293,-127.72451561296293,-0.008566610366996909,-0.008603514688031496
NZ--SE,NZ,SE,17431.595018365642,10,17406.9,17427.0,17424.75,17426.517399999986,58.960344488666465,3476.322222222222,17240.0,17431.0,17417.25,17430.0,12.75,3.0,0.003387182352323875,1,0,17368.495,17428.1,24.695018365640863,-24.695018365640863,-0.001416681510763794,-0.0014176859527769638
NZ--SG,NZ,SG,8524.39955416985,10,8416.9,8415.0,8416.25,8415.333333333316,3.5730472522297645,12.766666666666671,8414.0,8425.0,8415.0,8418.75,3.75,0.0,0.00042450869705351905,1,0,8415.2,8419.4,107.49955416984994,-107.49955416984994,-0.012610806601300708,-0.012690997719292331
NZ--SN,NZ,SN,16831.97657147853,10,18007.4,18130.0,18038.375,18069.925999967654,608.3712682236071,370115.6000000001,16982.0,18785.0,17671.25,18483.0,811.75,430.0,0.03378451460086448,0,0,17653.9525,18348.6,1175.4234285214698,1175.4234285214698,0.06983276286833733,0.0675023398735305
NZ--TH,NZ,TH,9738.52130758697,10,9688.9,9677.5,9680.375,9682.22338888924,57.450365050575996,3300.544444444444,9634.0,9812.0,9638.75,9719.25,80.5,42.5,0.005929503354413401,0,0,9657.3975,9729.307499999999,49.62130758697094,-49.62130758697094,-0.005095363661453672,-0.005108389292599047
NZ--TR,NZ,TR,16822.326113303774,10,16798.8,16771.5,16799.75,16798.45642882999,98.1719579785049,9637.733333333334,16640.0,16950.0,16747.5,16868.75,121.25,75.0,0.005843986354888737,0,0,16742.9825,16857.5,23.526113303774764,-23.526113303774764,-0.001398505363962084,-0.0013994841852863309
NZ--TZ,NZ,TZ,13304.17710041557,10,13666.320000000002,13727.5,13662.3125,13662.312499994068,452.64652827074207,204888.8795555557,12930.0,14434.7,13339.75,13936.25,596.5,347.75,0.033121317828848,0,0,13393.335500000001,13917.893,362.1428995844308,362.1428995844308,0.027220240444117274,0.026856358241630345
NZ--UA,NZ,UA,17096.747525416675,10,17247.2,17280.0,17277.125,17279.571428571428,95.84455006821085,9186.177777777777,16975.0,17280.0,17277.75,17280.0,2.25,0.0,0.005557107824354727,2,0,17184.5,17280.0,150.45247458332597,150.45247458332597,0.008800064126797076,0.0087615692359747
NZ--US,NZ,US,14074.670366616207,10,14265.3,14395.0,14291.375,14372.945899826633,220.07425514534359,48432.67777777779,13872.0,14450.0,14147.5,14425.75,278.25,47.5,0.015427243390979763,0,0,14119.744999999999,14374.005,190.62963338379268,190.62963338379268,0.013544163267649111,0.01345326096563531
NZ--VN,NZ,VN,9897.357844060565,10,9352.2,9350.0,9345.875,9357.833333333063,139.70429087500816,19517.28888888889,9135.0,9620.0,9315.0,9424.25,109.25,62.5,0.014938120535810628,2,0,9274.67,9437.01,545.1578440605645,-545.1578440605645,-0.05508114919657223,-0.05665622734130473
NZ--ZA,NZ,ZA,11827.417766624114,10,11651.2,11645.0,11643.625,11642.425757142752,42.85064501005531,1836.177777777778,11603.0,11760.0,11627.25,11650.0,22.75,15.5,0.0036777881256913714,1,0,11630.095000000001,11679.5325,176.2177666241132,-176.2177666241132,-0.014899090410197867,-0.015011196773247292
PE--PH,PE,PH,18061.562360216984,10,18079.5,18120.0,18105.625,18120.668499999785,103.04934093271372,10619.166666666668,17815.0,18135.0,18115.0,18131.25,16.25,10.0,0.005699789315673206,2,0,18015.0,18126.0,17.937639783016493,17.937639783016493,0.00099313887831357,0.0009926460421738916
PE--PK,PE,PK,16162.263423580987,10,16116.5,16142.0,16122.5,16125.43185715114,241.02063074443325,58090.94444444444,15655.0,16530.0,16001.25,16234.25,233.0,145.0,0.0149548990627266,0,0,15981.195000000002,16245.91,45.763423580987364,-45.763423580987364,-0.002831498434446863,-0.002835514709314589
PE--PL,PE,PL,11605.331422578916,10,11524.1,11501.0,11513.875,11507.062657355582,106.10524125707562,11258.322222222221,11402.0,11728.0,11444.5,11568.75,124.25,61.0,0.009207247529705193,0,0,11466.59,11590.1075,81.23142257891595,-81.23142257891595,-0.006999491838800486,-0.007024103193692019
PE--PT,PE,PT,8998.891148044428,10,9536.1,9530.0,9530.125,9531.04151111122,49.46030956456118,2446.322222222222,9485.0,9635.0,9493.5,9561.5,68.0,36.0,0.0051866391464604165,0,0,9507.9975,9566.307499999999,537.2088519555728,537.2088519555728,0.05969722748255656,0.05798323287226802
PE--RU,PE,RU,12642.025820968918,10,12642.8,12644.0,12642.875,12643.678266666695,2.485513584307633,6.177777777777777,12640.0,12645.0,12640.0,12645.0,5.0,1.0,0.00019659518336979413,0,0,12641.5,12644.3,0.7741790310810757,0.7741790310810757,6.123852632834922e-05,6.123665132632768e-05
PE--SA,PE,SA,13973.306966781403,10,13964.1,13915.0,13934.125,13919.67535713946,186.66633928542717,34844.32222222221,13778.0,14390.0,13835.75,13983.0,147.25,87.5,0.0133675882645804,1,0,13870.07,14085.220000000001,9.206966781403025,-9.206966781403025,-0.000658896766763276,-0.0006591139346372337
PE--SE,PE,SE,11441.259792616573,10,11344.0,11382.0,11347.5,11347.131978017207,119.03220852637602,14168.666666666664,11172.0,11488.0,11230.25,11442.25,212.0,97.0,0.010492966195907618,0,0,11272.5875,11409.212500000001,97.25979261657267,-97.25979261657267,-0.008500794001665592,-0.008537131831145196
PE--SG,PE,SG,18810.963551971927,10,18570.2,18985.0,18606.5,18978.328300025245,539.9849380615476,291583.7333333334,17850.0,19000.0,17975.25,18985.0,1009.75,7.5,0.02907803567336634,0,0,18241.6675,18886.5,240.76355197192606,-240.76355197192606,-0.012799107887627966,-0.012881722151952744
PE--SN,PE,SN,7204.605952041671,10,7350.0,7450.5,7354.75,7383.795902192163,595.722343975036,354885.11111111107,6472.0,8190.0,6954.25,7740.0,785.75,449.5,0.08105065904422258,0,0,6994.0625,7672.035,145.39404795832888,145.39404795832888,0.020180707859133715,0.019979776172169058
PE--TH,PE,TH,19698.995438807557,10,19718.4,19721.0,19719.25,19720.6666666668,11.01715833496904,121.37777777777778,19700.0,19730.0,19715.5,19725.0,9.5,5.0,0.0005587247613888063,2,0,19711.4,19724.505,19.404561192444817,19.404561192444817,0.000985053336994906,0.0009845684903302323
PE--TR,PE,TR,12558.030392220066,10,12130.6,12160.0,12140.125,12165.927400000002,153.39795739622264,23530.933333333334,11855.0,12330.0,12120.25,12217.0,96.75,57.0,0.012645537516381929,2,0,12027.4725,12211.125,427.4303922200652,-427.4303922200652,-0.034036419635109845,-0.034629146965958875
PE--TZ,PE,TZ,12329.431436465999,10,11859.4,11803.5,11839.875,11832.852542864557,307.8250585424563,94756.26666666665,11425.0,12450.0,11658.5,12011.5,353.0,203.0,0.025956208454260443,0,0,11693.0725,12048.5175,470.0314364659989,-470.0314364659989,-0.038122717895637585,-0.038868401833666334
PE--UA,PE,UA,12276.18489244182,10,11648.7,11608.0,11640.0,11622.607914136344,90.87237692989487,8257.78888888889,11565.0,11802.0,11574.5,11730.25,155.75,43.0,0.0078010745344883866,0,0,11598.095000000001,11702.5,627.4848924418184,-627.4848924418184,-0.05111399819565664,-0.05246661213532391
PE--US,PE,US,5639.750595100949,10,5627.9,5629.0,5628.625,5628.629349995359,2.9230881691191675,8.544444444444446,5620.0,5630.0,5628.0,5629.0,1.0,1.0,0.0005193923433463934,1,0,5625.8975,5629.2,11.85059510094925,-11.85059510094925,-0.002101262263484389,-0.0021034730124862267
PE--VN,PE,VN,18964.769886212795,10,18990.5,19003.0,19005.625,19005.6250000111,53.169017711863404,2826.9444444444443,18840.0,19020.0,19003.0,19010.0,7.0,3.5,0.002799769237874906,1,0,18955.7925,19009.9,25.730113787205482,25.730113787205482,0.0013567321903500146,0.0013558126608414322
PE--ZA,PE,ZA,10927.706572983134,10,10236.2,10271.5,10232.125,10263.83333333079,266.6199125680184,71086.17777777776,9810.0,10695.0,10163.75,10348.75,185.0,99.0,0.026046766629024283,3,0,10073.085000000001,10397.5225,691.5065729831331,-691.5065729831331,-0.06328011905926936,-0.06537099454397899
PH--PK,PH,PK,5243.043281285031,10,4759.7,4761.0,4760.5,4760.499999999932,14.055841015985727,197.5666666666667,4732.0,4781.0,4753.25,4765.0,11.75,7.0,0.0029530938958307724,1,0,4751.3975,4767.7,483.3432812850315,-483.3432812850315,-0.09218754363716937,-0.09671746757029012
PH--PL,PH,PL,9401.353126559421,10,9408.252,9408.76,9409.69,9409.69,9.59557397970544,92.0750400000001,9385.0,9420.0,9405.75,9414.25,8.5,4.260000000000218,0.001019910391399533,1,0,9402.1482,9413.1545,6.898873440579337,6.898873440579337,0.0007338170737454356,0.000733547961641221
PH--PT,PH,PT,12158.658514091412,10,11360.7,11360.0,11360.5,11360.142857142857,2.1108186931983415,4.455555555555554,11358.0,11365.0,11360.0,11360.0,0.0,0.0,0.0001858000557358562,3,0,11359.6,11362.0,797.9585140914114,-797.9585140914114,-0.0656288284736847,-0.06788151977462081
PH--RU,PH,RU,8263.687185942246,10,8233.8,8230.0,8233.125,8230.907966666662,6.545566777937908,42.84444444444444,8228.0,8245.0,8229.25,8239.0,9.75,1.5,0.0007949630520461887,0,0,8230.3,8237.9025,29.887185942247015,-29.887185942247015,-0.003616688927079614,-0.0036232449586685116
PH--SA,PH,SA,7777.541785883041,10,7781.5,7785.0,7782.375,7784.25870000004,7.412451985979028,54.944444444444436,7766.0,7790.0,7777.75,7785.75,8.0,1.5,0.0009525736665140434,0,0,7777.297500000001,7785.4,3.958214116959425,3.958214116959425,0.0005089286854291096,0.0005087992251479226
PH--SE,PH,SE,9334.537508472053,10,9239.11,9235.25,9240.3625,9240.362499784122,80.1289578672337,6420.649888888913,9118.0,9350.2,9179.0,9309.2,130.20000000000073,68.05000000000018,0.008672800504294644,0,0,9195.6355,9282.02675,95.42750847205207,-95.42750847205207,-0.010223056941540146,-0.01027567128158191
PH--SG,PH,SG,2390.7414869355152,10,2394.0,2395.0,2394.375,2394.75,2.1081851067789197,4.444444444444445,2390.0,2395.0,2395.0,2395.0,0.0,0.0,0.0008806119911357225,2,0,2392.5,2395.0,3.2585130644847595,3.2585130644847595,0.001362971731695494,0.0013620437288567688
PH--SN,PH,SN,14418.882901521349,10,14316.9,14358.5,14324.25,14350.953120157095,114.85880220707703,13192.544444444444,14125.0,14450.0,14243.25,14382.5,139.25,44.0,0.008022602812555584,0,0,14245.995,14380.304999999998,101.98290152134905,-101.98290152134905,-0.007072871193827973,-0.007098002517811342
PH--TH,PH,TH,2210.5386059799803,10,2207.9,2208.0,2208.0,2207.9,0.31622776601683794,0.1,2207.0,2208.0,2208.0,2208.0,0.0,0.0,0.00014322558359383935,1,0,2207.7,2208.0,2.638605979980184,-2.638605979980184,-0.0011936484496774633,-0.001194361415398307
PH--TR,PH,TR,8825.320128288235,10,8347.03,8341.5,8352.9125,8348.262966666132,53.75963066176032,2890.0978888888803,8236.0,8411.0,8324.25,8395.474999999999,71.22499999999854,26.5,0.006440569958627238,0,0,8313.325,8377.8015,478.290128288234,-478.290128288234,-0.05419521573559094,-0.055719090353765044
PH--TZ,PH,TZ,9678.483597737211,10,9308.369999999999,9331.5,9311.1,9323.071353334744,141.79554960889593,20105.977888888865,9056.2,9538.7,9234.25,9388.75,154.5,66.89999999999964,0.015233123480147001,0,0,9226.625,9387.4875,370.11359773721233,-370.11359773721233,-0.03824086635056584,-0.03899124048873574
PH--UA,PH,UA,8803.13834931306,10,8558.7,8537.5,8545.5,8538.666666668467,181.7960090015424,33049.78888888888,8268.0,8955.0,8497.0,8587.25,90.25,52.0,0.021241077383427665,2,0,8462.4025,8677.12,244.438349313059,-244.438349313059,-0.027767182522143753,-0.02815997904885524
PH--US,PH,US,13794.409050888704,10,13785.5,13795.0,13789.125,13797.468679999747,43.14124090318528,1861.1666666666665,13702.0,13840.0,13794.25,13807.75,13.5,9.0,0.003129465083107996,3,0,13758.887499999999,13809.0025,8.90905088870386,-8.90905088870386,-0.0006458450561990472,-0.0006460537039582512
PH--VN,PH,VN,1753.51520467526,10,1751.2,1750.0,1750.25,1750.3333333333333,3.1198290551460244,9.733333333333336,1750.0,1760.0,1750.0,1750.75,0.75,0.0,0.0017815378341400321,1,0,1750.0974999999999,1753.2025,2.31520467526002,-2.31520467526002,-0.0013203219847122917,-0.0013211943777616789
PH--ZA,PH,ZA,10977.236086385761,10,10822.2,10791.0,10820.25,10823.038085723165,186.83492416807113,34907.288888888885,10530.0,11130.0,10760.0,10950.0,190.0,159.0,0.017264042816439458,0,0,10714.62,10934.4125,155.03608638576043,-155.03608638576043,-0.014123417330710415,-0.014224101920485989
PK--PL,PK,PL,4602.495627474602,10,4792.7,4787.5,4792.5,4792.499999999998,64.5532510585038,4167.122222222222,4672.0,4915.0,4778.75,4816.75,38.0,23.0,0.013469078193607738,2,0,4755.7925000000005,4831.8025,190.20437252539796,190.20437252539796,0.041326355942626604,0.04049524284766286
PK--PT,PK,PT,7163.814796154422,10,6863.95,6849.75,6838.6875,6844.865492850917,187.3004790288707,35081.46944444444,6650.0,7280.0,6751.5,6936.75,185.25,96.75,0.027287564598936578,1,0,6765.342500000001,6974.3150000000005,299.86479615442204,-299.86479615442204,-0.04185825634624045,-0.042759554071038305
PK--RU,PK,RU,3663.3667982996626,10,3795.0,3813.5,3809.25,3810.4865400365243,56.42694391866354,3184.0,3641.0,3835.0,3798.25,3815.0,16.75,10.5,0.014868759925866545,1,0,3760.2975,3819.9075000000003,131.6332017003374,131.6332017003374,0.035932301881819326,0.035301796028250246
PK--SA,PK,SA,2746.9203972212576,10,2735.1,2737.5,2735.125,2736.4114999999874,14.685215543380886,215.6555555555556,2710.0,2760.0,2730.25,2743.75,13.5,7.5,0.005369169516061895,0,0,2726.2975,2743.6,11.820397221257736,-11.820397221257736,-0.004303145163294527,-0.0043124303389892125
PK--SE,PK,SE,4893.339704305134,10,5197.2,5181.5,5192.5,5186.632550000593,48.58623490477753,2360.6222222222223,5148.0,5284.0,5165.75,5212.25,46.5,27.0,0.009348540541979821,1,0,5170.3,5228.0075,303.8602956948662,303.8602956948662,0.06209670982530224,0.06024498253931798
PK--SG,PK,SG,4805.798234579985,10,4729.6,4730.0,4729.75,4729.703480000003,2.2211108331943574,4.933333333333333,4725.0,4733.0,4728.5,4730.0,1.5,1.0,0.00046961917142979473,2,0,4728.2,4730.8025,76.19823457998427,-76.19823457998427,-0.015855479331550383,-0.015982522116296097
PK--SN,PK,SN,9176.75777699108,10,8693.5,8742.5,8693.75,8716.6125000003,187.3210256929709,35089.166666666664,8350.0,9035.0,8573.75,8778.75,205.0,62.5,0.021547250899289227,0,0,8584.4875,8810.075,483.2577769910804,-483.2577769910804,-0.05266105837540514,-0.05409833892846382
PK--TH,PK,TH,3537.00596976539,10,3466.5,3465.5,3466.25,3465.6666666668975,11.825114516711174,139.83333333333334,3450.0,3485.0,3459.25,3471.0,11.75,6.5,0.0034112547286055603,0,0,3459.9,3473.7025,70.50596976539009,-70.50596976539009,-0.019933800046729,-0.020135158626258108
PK--TR,PK,TR,3630.164700361784,10,3377.7,3440.0,3395.625,3427.3132001045215,116.87795153730046,13660.455555555554,3137.0,3475.0,3325.0,3463.75,138.75,30.0,0.03460282190167879,0,0,3311.1974999999998,3443.505,252.46470036178425,-252.46470036178425,-0.06954634877492569,-0.07208301475291541
PK--TZ,PK,TZ,5918.593677349072,10,5561.2,5510.0,5557.125,5524.949628557187,185.0608308397839,34247.51111111111,5265.0,5890.0,5478.75,5573.75,95.0,49.0,0.03327713997694453,3,0,5458.3949999999995,5673.7275,357.3936773490723,-357.3936773490723,-0.060384898310699424,-0.062284953860277124
PK--UA,PK,UA,3917.0789197104828,10,4041.7,4024.5,4043.375,4027.803566668757,63.71647266515065,4059.7888888888897,3935.0,4135.0,4010.5,4089.75,79.25,19.5,0.015764770434507917,0,0,4003.2975,4078.915,124.62108028951707,124.62108028951707,0.03181479945743038,0.03131919306479035
PK--US,PK,US,11400.093863122374,10,11210.0,11210.0,11210.625,11210.625,31.57002798013753,996.6666666666666,11160.0,11255.0,11187.5,11233.25,45.75,24.5,0.002816238000012269,0,0,11193.6,11227.1025,190.0938631223744,-190.0938631223744,-0.016674762980443524,-0.016815351889711144
PK--VN,PK,VN,3505.121440740511,10,3396.8,3407.5,3399.5,3406.83333333071,81.84103833380632,6697.955555555556,3245.0,3527.0,3373.5,3438.0,64.5,35.0,0.02409356992869946,1,0,3348.0975,3442.8325,108.32144074051075,-108.32144074051075,-0.03090376255768935,-0.03139135577696802
PK--ZA,PK,ZA,8112.013533205837,10,7938.8,7880.0,7933.5,7897.261042867828,252.64371047869852,63828.84444444444,7565.0,8355.0,7786.0,8016.25,230.25,110.5,0.031823916773151925,0,0,7802.7,8084.81,173.21353320583694,-173.21353320583694,-0.021352717484605033,-0.021583984806074364
PL--PT,PL,PT,2764.3828082154164,10,2760.0,2760.0,2760.0,2760.0,0.0,0.0,2760.0,2760.0,2760.0,2760.0,0.0,0.0,0.0,0,0,2760.0,2760.0,4.382808215416389,-4.382808215416389,-0.0015854563276805245,-0.0015867144935845488
PL--RU,PL,RU,1153.7042757281965,10,1151.0,1151.0,1151.0,1151.0,0.0,0.0,1151.0,1151.0,1151.0,1151.0,0.0,0.0,0.0,0,0,1151.0,1151.0,2.704275728196535,-2.704275728196535,-0.0023439938510149377,-0.002346745305036821
PL--SA,PL,SA,3759.573078472261,10,3743.6,3737.5,3740.125,3736.3333333334504,72.45258986245956,5249.377777777778,3610.0,3905.0,3726.75,3743.0,16.25,9.0,0.01935372098046254,3,0,3700.895,3788.9075000000003,15.973078472261022,-15.973078472261022,-0.004248641571492431,-0.004257692694843909
PL--SE,PL,SE,811.0678916510533,10,810.0,810.0,810.0,810.0,0.0,0.0,810.0,810.0,810.0,810.0,0.0,0.0,0.0,0,0,810.0,810.0,1.0678916510532872,-1.0678916510532872,-0.0013166489045441433,-0.0013175164482970775
PL--SG,PL,SG,9407.779211369656,10,9409.713,9410.0,9409.825,9410.200000002395,2.664732840475924,7.1008011111108855,9405.03,9413.5,9410.0,9410.974999999999,0.9749999999985448,0.6499999999996362,0.00028318959786296605,3,0,9408.098175000001,9411.1105,1.93378863034377,1.93378863034377,0.0002055520848115476,0.00020553096187639623
PL--SN,PL,SN,5374.182544640709,10,5347.7,5369.0,5359.0,5364.0463750017125,125.48399632356842,15746.233333333332,5130.0,5475.0,5285.75,5450.0,164.25,82.5,0.023465040358204167,0,0,5272.179999999999,5421.8225,26.48254464070942,-26.48254464070942,-0.004927734482543505,-0.004939915800117432
PL--TH,PL,TH,8098.393477126799,10,8120.3,8119.0,8119.5,8119.5,7.071853442423076,50.011111111111106,8111.0,8136.0,8115.5,8124.0,8.5,4.0,0.0008708857360470765,0,0,8116.797500000001,8124.902499999999,21.90652287320154,21.90652287320154,0.0027050455050220256,0.0027013934539236065
PL--TR,PL,TR,1643.9711830727663,10,1739.7,1740.0,1740.25,1739.8742142856656,12.824022596500505,164.45555555555555,1715.0,1760.0,1733.0,1746.75,13.75,7.5,0.007371398859861186,0,0,1732.0,1747.1,95.72881692723377,95.72881692723377,0.05823022806780949,0.05659791663255223
PL--TZ,PL,TZ,6625.089583909204,10,6700.539999999999,6704.75,6698.8625,6699.079328576093,139.44283735240361,19444.304888888888,6493.0,6921.5,6592.1,6787.5,195.39999999999964,109.5,0.020810686504730013,0,0,6618.031499999999,6776.1355,75.45041609079544,75.45041609079544,0.011388588053819966,0.011324226283715202
PL--UA,PL,UA,692.6191579526396,10,689.2,689.0,689.125,689.2,0.42163702135578396,0.1777777777777778,689.0,690.0,689.0,689.0,0.0,0.0,0.0006117774540855831,2,0,689.0,689.5,3.41915795263958,-3.41915795263958,-0.004936562775344683,-0.004948787851193284
PL--US,PL,US,7193.4756064615285,10,7207.6,7205.0,7207.375,7206.56883333334,5.189733454940951,26.93333333333334,7201.0,7216.0,7204.0,7212.25,8.25,2.5,0.000720036274896075,0,0,7204.8975,7210.9,14.12439353847185,14.12439353847185,0.001963500581802854,0.001961575434142592
PL--VN,PL,VN,7841.5860049775565,10,7837.3,7835.0,7836.75,7836.082599999945,9.043720964784843,81.78888888888889,7825.0,7854.0,7832.75,7842.75,10.0,5.0,0.0011539332378223167,0,0,7832.2,7842.5,4.286004977556331,-4.286004977556331,-0.0005465737383784007,-0.000546723164254805
PL--ZA,PL,ZA,8664.282423992168,10,8610.2,8642.5,8623.75,8633.299128571429,107.94628293739439,11652.400000000003,8380.0,8732.0,8574.75,8686.25,111.5,48.5,0.012537023871384449,1,0,8545.8825,8670.605,54.082423992167605,-54.082423992167605,-0.006241996895485374,-0.006261559607518824
PT--RU,PT,RU,3914.4159356158557,10,3904.6,3903.0,3904.5,3903.9652000000287,4.880801391392834,23.82222222222222,3900.0,3910.0,3900.0,3910.0,10.0,3.0,0.0012500131617560913,0,0,3902.0,3907.5,9.815935615855778,-9.815935615855778,-0.0025076373531346344,-0.002510786741800199
PT--SA,PT,SA,5439.2308630361285,10,5018.5,5016.5,5018.125,5017.169871428602,6.802777210652851,46.27777777777778,5010.0,5030.0,5014.25,5020.0,5.75,3.5,0.001355539944336525,2,0,5014.8,5022.4,420.73086303612854,-420.73086303612854,-0.07735116850717391,-0.08050658112896551
PT--SE,PT,SE,2995.36350558735,10,2989.1,2990.0,2989.875,2989.777777777778,2.5144029554194813,6.322222222222222,2982.0,2990.0,2990.0,2990.0,0.0,0.0,0.0008411906444814431,2,0,2987.5,2990.0,6.26350558735021,-6.26350558735021,-0.0020910669358382337,-0.0020932562688637094
PT--SG,PT,SG,11895.612616239241,10,11702.7,11712.5,11708.5,11714.333333336881,172.99136137712514,29926.011111111104,11385.0,11974.0,11665.75,11773.0,107.25,60.5,0.014782175171295951,3,0,11592.58,11800.31,192.91261623924038,-192.91261623924038,-0.01621712327584429,-0.01635006001311487
PT--SN,PT,SN,2783.0075400457886,10,2793.3,2793.0,2793.375,2793.333333334989,0.6749485577105528,0.4555555555555555,2792.0,2794.0,2793.0,2794.0,1.0,0.5,0.00024163124537663437,0,0,2792.9,2793.7,10.292459954211608,10.292459954211608,0.00369832269805574,0.003691500717416638
PT--TH,PT,TH,10700.203395730496,10,10483.8,10461.0,10453.875,10458.500000001617,304.95675467551496,92998.62222222221,10052.0,11155.0,10319.75,10591.0,271.25,155.5,0.029088379659619124,1,0,10318.0975,10672.6825,216.4033957304964,-216.4033957304964,-0.020224231982061563,-0.020431541643057473
PT--TR,PT,TR,3591.021107942153,10,3151.5,3117.0,3120.875,3117.735500000097,100.00027777739197,10000.055555555555,3113.0,3435.0,3115.0,3123.75,8.75,2.5,0.03173100992460478,2,0,3116.2,3216.9075000000003,439.52110794215287,-439.52110794215287,-0.12239446517595715,-0.13055806326793795
PT--TZ,PT,TZ,6791.6053069734035,10,6792.0,6871.0,6804.625,6811.965671436014,180.24859376859382,32489.55555555556,6490.0,6993.0,6651.0,6926.25,275.25,115.5,0.02653836775155975,0,0,6684.1775,6890.902499999999,0.39469302659654204,0.39469302659654204,5.8114835706262824e-05,5.811314710452591e-05
PT--UA,PT,UA,3358.8699560469204,10,3376.4,3379.0,3377.625,3377.7562142857164,6.51835016617617,42.488888888888894,3360.0,3383.0,3375.0,3380.0,5.0,2.5,0.0019305621864045047,1,0,3372.2,3379.6,17.530043953079712,17.530043953079712,0.005219030263889988,0.005205458326529514
PT--US,PT,US,5747.733844579292,10,5726.2,5725.0,5726.0,5726.199999999936,15.894093941531308,252.62222222222223,5708.0,5746.0,5711.0,5742.25,31.25,16.0,0.00277567914874285,0,0,5717.1,5735.005,21.533844579292236,-21.533844579292236,-0.0037464929938606814,-0.003753528676992889
PT--VN,PT,VN,10555.511894474732,10,10075.1,10072.0,10072.0,10072.111111111111,9.803060746521977,96.10000000000002,10072.0,10103.0,10072.0,10072.0,0.0,0.0,0.0009729988532641837,1,0,10072.0,10081.3,480.4118944747315,-480.4118944747315,-0.04551289404791467,-0.046581144601045434
PT--ZA,PT,ZA,8125.504330805197,10,8001.1,7972.0,8012.125,7981.253840148685,150.0699466545147,22520.988888888885,7704.0,8210.0,7949.5,8113.5,164.0,42.0,0.018756164359214945,0,0,7915.362499999999,8097.005,124.40433080519688,-124.40433080519688,-0.015310351916687616,-0.015428765545585511
RU--SA,RU,SA,3534.752218874367,10,3536.4,3536.0,3536.0,3536.3999999998955,11.027239001672179,121.60000000000002,3525.0,3551.0,3525.25,3545.0,19.75,10.5,0.0031182103273589465,0,0,3529.7975,3542.6,1.6477811256331734,1.6477811256331734,0.0004661659498605266,0.0004660573282700063
RU--SE,RU,SE,1229.9731142543035,10,1226.0,1225.0,1225.625,1225.2499999978606,2.1081851067789197,4.444444444444445,1225.0,1230.0,1225.0,1225.0,0.0,0.0,0.001719563708628809,2,0,1225.0,1227.0,3.973114254303482,-3.973114254303482,-0.0032302447982468824,-0.0032354733015750987
RU--SG,RU,SG,8423.25704331817,10,8411.4,8410.0,8411.125,8410.666666666648,2.0655911179772892,4.2666666666666675,8410.0,8415.0,8410.0,8412.0,2.0,0.0,0.0002455704303656097,0,0,8410.4,8412.6,11.857043318170327,-11.857043318170327,-0.0014076554065954856,-0.0014086470842034926
RU--SN,RU,SN,6512.783222072082,10,6608.6,6614.5,6612.0,6612.333333334059,82.0964202765396,6739.822222222223,6445.0,6745.0,6581.5,6638.75,57.25,31.0,0.01242266444883025,2,0,6560.8975,6655.1175,95.81677792791834,95.81677792791834,0.014712109195219559,0.014604936000511265
RU--TH,RU,TH,7067.659230722097,10,7065.0,7065.0,7065.0,7065.0,0.0,0.0,7065.0,7065.0,7065.0,7065.0,0.0,0.0,0.0,0,0,7065.0,7065.0,2.6592307220971634,-2.6592307220971634,-0.00037625338677024355,-0.00037632418783578765
RU--TR,RU,TR,1794.0390917111781,10,1795.8,1796.0,1795.875,1795.8,0.42163702135578396,0.1777777777777778,1795.0,1796.0,1796.0,1796.0,0.0,0.0,0.00023479063445583248,2,0,1795.5,1796.0,1.7609082888218381,1.7609082888218381,0.000981532842265026,0.0009810514538781318
RU--TZ,RU,TZ,6867.0776383606935,10,6879.3,6877.5,6878.875,6877.817371350542,25.210447569741135,635.5666666666667,6840.0,6922.0,6863.0,6893.0,30.0,16.0,0.0036646820998853277,0,0,6864.9925,6894.205,12.222361639306655,12.222361639306655,0.0017798490541348201,0.0017782669997408456
RU--UA,RU,UA,758.4899016199972,10,755.2,755.0,755.125,755.2,0.4216370213557839,0.17777777777777778,755.0,756.0,755.0,755.0,0.0,0.0,0.00055831173378679,2,0,755.0,755.4025,3.289901619997181,-3.289901619997181,-0.0043374362835557154,-0.004346870249680486
RU--US,RU,US,7841.159346134234,10,7823.6,7825.0,7824.125,7824.75,2.9514591494904874,8.71111111111111,7818.0,7825.0,7825.0,7825.0,0.0,0.0,0.00037725077323616843,2,0,7821.5,7825.0,17.559346134233238,-17.559346134233238,-0.0022393813668498096,-0.0022418925309727364
RU--VN,RU,VN,6741.157984103333,10,6735.1,6735.0,6735.75,6735.888049986084,4.724639903973871,22.322222222222226,6725.0,6740.0,6735.0,6739.0,4.0,3.0,0.0007014951380044647,1,0,6732.1,6737.6,6.057984103332274,-6.057984103332274,-0.0008986563017241123,-0.0008990603353748511
RU--ZA,RU,ZA,9069.35134739535,10,9192.9,9191.5,9192.25,9192.317866666654,9.585289655392673,91.8777777777778,9181.0,9210.0,9185.5,9198.75,13.25,8.0,0.001042683990404842,0,0,9187.6975,9198.702500000001,123.54865260464976,123.54865260464976,0.013622655895907264,0.013530701684924117
SA--SE,SA,SE,4455.253572286667,10,4559.1,4565.0,4558.75,4564.562180012426,42.238607931606836,1784.1,4475.0,4646.0,4546.25,4566.75,20.5,3.5,0.009264681172074934,2,0,4535.3925,4582.8125,103.84642771333347,103.84642771333347,0.023308758082659278,0.0230412577396948
SA--SG,SA,SG,6650.377147627449,10,6650.5,6654.0,6651.75,6650.720799999781,30.78329272691781,947.611111111111,6607.0,6684.0,6623.5,6677.75,54.25,28.0,0.00462871855152512,0,0,6632.6,6668.5,0.12285237255127868,0.12285237255127868,1.8472993309124852e-05,1.847282268539812e-05
SA--SN,SA,SN,6769.35265921719,10,6592.7,6574.5,6588.375,6590.545777777752,126.22999291416882,15934.011111111111,6430.0,6790.0,6479.75,6689.25,209.5,120.0,0.019146934171761013,0,0,6519.795,6668.515,176.65265921719038,-176.65265921719038,-0.02609594567017558,-0.02644248703994973
SA--TH,SA,TH,5743.87829967849,10,5645.9,5646.5,5646.625,5646.830128583573,7.046669820245273,49.65555555555555,5630.0,5656.0,5645.0,5650.0,5.0,3.5,0.001248103901989988,1,0,5641.3,5649.6,97.97829967849066,-97.97829967849066,-0.017057864837417416,-0.017205026119413103
SA--TR,SA,TR,2136.6388154460656,10,1964.8,1992.5,1976.0,1984.8778746445696,114.7100693051835,13158.400000000001,1754.0,2086.0,1919.5,2050.0,130.5,72.5,0.05838256784669356,0,0,1893.09,2027.605,171.8388154460656,-171.8388154460656,-0.08042483090909816,-0.08384348831619073
SA--TZ,SA,TZ,3613.574172900528,10,3646.5,3657.5,3648.75,3648.5073333336986,99.53363473944094,9906.944444444445,3495.0,3780.0,3560.75,3718.75,158.0,90.0,0.02729566289303193,0,0,3587.975,3704.7124999999996,32.92582709947192,32.92582709947192,0.009111706450193924,0.009070445303222603
SA--UA,SA,UA,3186.9350881907417,10,3142.0,3131.0,3139.875,3133.558240025352,18.52325865259974,343.11111111111114,3126.0,3175.0,3130.0,3158.0,28.0,4.0,0.005895371945448676,0,0,3132.7975,3152.9,44.93508819074168,-44.93508819074168,-0.01409978143491207,-0.014200127710235943
SA--US,SA,US,10867.268528060538,10,11192.6,11365.0,11339.5,11335.953311107978,566.1162424802877,320487.5999999999,9640.0,11570.0,11184.5,11467.5,283.0,177.0,0.050579511684531536,1,0,10812.9925,11433.025,325.33147193946206,325.33147193946206,0.029936820931535716,0.029497461458815526
SA--VN,SA,VN,6031.190406332703,10,6061.54,6025.0,6052.175,6058.070122228626,200.20596172719507,40082.4271111111,5848.0,6350.0,5884.0,6234.6,350.60000000000036,173.5,0.0330288939324322,0,0,5951.27,6170.4105,30.349593667297086,30.349593667297086,0.0050321067024231645,0.005019487968330913
SA--ZA,SA,ZA,5917.429203536842,10,6062.2,6063.5,6063.625,6063.624999999468,80.89197185822034,6543.511111111112,5926.0,6187.0,6005.5,6113.25,107.75,56.5,0.013343665972455602,0,0,6014.3925,6107.1125,144.77079646315815,144.77079646315815,0.024465150571912002,0.02417067208303397
SE--SG,SE,SG,9642.063064390362,10,9462.1,9637.0,9489.625,9629.518166666867,290.6706612875357,84489.43333333332,9036.0,9668.0,9189.75,9645.0,455.25,17.5,0.03071946621654133,0,0,9281.095000000001,9634.465,179.96306439036198,-179.96306439036198,-0.018664373297348942,-0.01884075081102003
SE--SN,SE,SN,5745.792432019775,10,5735.5,5799.0,5754.75,5772.148066654995,170.88088769016204,29200.277777777774,5387.0,5930.0,5640.5,5843.75,203.25,83.0,0.029793546803271214,0,0,5626.2275,5827.820000000001,10.292432019775333,-10.292432019775333,-0.001791298962074986,-0.001792905256583146
SE--TH,SE,TH,8272.314412775979,10,8288.7,8290.0,8289.0,8290.0,4.854551129266914,23.566666666666674,8280.0,8295.0,8290.0,8290.0,0.0,0.0,0.0005856830539489804,4,0,8286.0,8291.202500000001,16.385587224021947,16.385587224021947,0.0019807742315397993,0.0019788150849198703
SE--TR,SE,TR,2396.709100197568,10,2577.2,2614.5,2585.0,2609.658757140955,70.66792451710717,4993.955555555556,2461.0,2631.0,2513.5,2630.0,116.5,16.5,0.027420427020451332,0,0,2533.895,2617.51,180.4908998024316,180.4908998024316,0.075307804266923,0.07260695014576965
SE--TZ,SE,TZ,7432.885078261827,10,7348.5,7374.0,7358.5,7366.9624666631125,93.71262217842138,8782.055555555555,7165.0,7452.0,7299.75,7412.5,112.75,51.0,0.012752619198261058,0,0,7285.8975,7399.2074999999995,84.3850782618274,-84.3850782618274,-0.011352937301374336,-0.011417873842191414
SE--UA,SE,UA,1268.7278771135018,10,1341.4,1265.5,1338.5,1276.0090600565638,104.64458365767857,10950.488888888887,1243.0,1463.0,1264.0,1462.75,198.75,13.5,0.07801146835968284,0,0,1281.0974999999999,1403.0,72.6721228864983,72.6721228864983,0.05727951927077975,0.05569911778539263
SE--US,SE,US,6652.678579380046,10,6620.5,6641.0,6640.0,6640.833333333341,150.93431242320835,22781.166666666668,6235.0,6850.0,6635.75,6645.0,9.25,5.0,0.022798023173960933,3,0,6519.8,6697.045,32.17857938004636,-32.17857938004636,-0.004836935829093525,-0.004848671662141873
SE--VN,SE,VN,7892.32864786669,10,8275.9,8291.0,8289.375,8290.110440000037,48.15357376837846,2318.766666666666,8140.0,8304.0,8286.0,8292.0,6.0,3.0,0.005818530162082488,2,0,8243.4975,8293.9025,383.57135213331003,383.57135213331003,0.04860052960883605,0.04745644621895257
SE--ZA,SE,ZA,9472.211944742652,10,9538.8,9561.0,9540.0,9549.880500001052,74.93967944657594,5615.955555555556,9421.0,9647.0,9493.75,9574.5,80.75,37.5,0.007856300524864338,0,0,9492.797499999999,9582.42,66.58805525734715,66.58805525734715,0.007029831642893656,0.007005237570617867
SG--SN,SG,SN,13335.9357376055,10,13604.7,13560.0,13595.375,13606.148585728924,499.711038723603,249711.12222222224,12866.0,14418.0,13344.75,13978.25,633.5,361.5,0.036730765009416085,0,0,13299.76,13890.4575,268.7642623945012,268.7642623945012,0.02015338613522432,0.019952994554402297
SG--TH,SG,TH,1425.9530991897677,10,1434.0,1434.0,1434.0,1434.0,0.6666666666666666,0.4444444444444444,1433.0,1435.0,1434.0,1434.0,0.0,0.0,0.00046490004649000463,4,0,1433.6,1434.4,8.046900810232273,8.046900810232273,0.0056431735481374205,0.00562731049495112
SG--TR,SG,TR,8304.654710456407,10,8276.2,8293.5,8296.75,8294.597035659515,92.88050865972306,8626.78888888889,8022.0,8366.0,8284.875,8304.0,19.125,11.25,0.01122260320675226,2,0,8215.8975,8317.4,28.454710456406247,-28.454710456406247,-0.003426356838241434,-0.0034322402417704865
SG--TZ,SG,TZ,7613.028423154926,10,7552.12,7527.0,7545.275,7543.522664996212,158.06748066710128,24985.328444444436,7383.0,7776.0,7419.35,7664.35,245.0,124.09999999999991,0.020930213061643787,0,0,7466.285,7634.751,60.90842315492591,-60.90842315492591,-0.008000551130174918,-0.008032727272191724
SG--UA,SG,UA,8722.82379061632,10,8540.9,8594.5,8556.75,8581.93949999826,145.96228584428545,21304.988888888893,8255.0,8700.0,8522.5,8628.75,106.25,47.5,0.017089801524931267,2,0,8448.195000000002,8621.1175,181.92379061631982,-181.92379061631982,-0.020856066221586006,-0.021076626034067104
SG--US,SG,US,15552.300405735941,10,15562.9,15555.0,15559.5,15553.333333333465,42.25701782610263,1785.6555555555556,15510.0,15643.0,15545.0,15560.0,15.0,10.0,0.0027152405930837204,3,0,15540.1,15588.0075,10.599594264058396,10.599594264058396,0.0006815451082818008,0.0006813129618873045
SG--VN,SG,VN,2194.5074422305775,10,2205.9,2206.0,2205.875,2205.8750000000036,1.9119507199599983,3.655555555555556,2203.0,2209.0,2204.25,2207.0,2.75,1.5,0.0008667440590960598,0,0,2204.8,2207.0,11.392557769422638,11.392557769422638,0.005191396278812719,0.005177967437391653
SG--ZA,SG,ZA,8639.510334138995,10,8655.0,8657.5,8655.5,8656.665228571432,6.342099196813483,40.22222222222223,8645.0,8661.0,8651.0,8660.0,9.0,3.0,0.0007327670937970518,0,0,8651.2,8658.5025,15.48966586100505,15.48966586100505,0.0017928870111767435,0.0017912817077247276
SN--TH,SN,TH,12510.120375362725,10,12631.2,12618.0,12626.25,12626.250000002434,207.57210259998277,43086.177777777775,12350.0,12952.0,12446.75,12813.25,366.5,177.0,0.0164332844543656,0,0,12513.195000000002,12759.24,121.07962463727563,121.07962463727563,0.00967853393926795,0.009631996961863412
SN--TR,SN,TR,5615.258437383409,10,5417.65,5395.0,5418.3125,5416.6028503937705,133.7148811630345,17879.66944444444,5190.0,5640.0,5341.25,5519.75,178.5,80.75,0.024681343601567932,0,0,5335.73875,5489.8025,197.60843738340918,-197.60843738340918,-0.03519133439484052,-0.0358254712863269
SN--TZ,SN,TZ,6312.069329382219,10,6126.6,6142.5,6131.75,6133.114999738811,98.6623872945849,9734.266666666668,5952.0,6260.0,6066.25,6205.75,139.5,75.0,0.016103938121402556,0,0,6066.2925000000005,6182.52,185.46932938221835,-185.46932938221835,-0.02938328457814496,-0.029823620418272082
SN--UA,SN,UA,5842.247717044825,10,5935.8,5920.0,5922.875,5922.87499999997,109.16735368740561,11917.511111111111,5790.0,6185.0,5863.75,5984.75,121.0,67.5,0.01839134635388753,1,0,5878.5,6008.6075,93.55228295517554,93.55228295517554,0.016013063376658213,0.01588620672782236
SN--US,SN,US,6370.066844573844,10,6269.5,6255.5,6264.375,6255.833333331791,87.44172662725477,7646.055555555556,6145.0,6435.0,6235.5,6282.5,47.0,28.0,0.01394716111767362,3,0,6219.4975,6322.6075,100.56684457384381,-100.56684457384381,-0.01578740804886667,-0.01591335653422318
SN--VN,SN,VN,12678.789553826642,10,12270.0,12233.5,12270.0,12255.332142860456,218.61381475103533,47791.99999999999,11910.0,12630.0,12126.25,12378.75,252.5,125.0,0.017816936817525292,0,0,12148.095000000001,12404.112500000001,408.7895538266421,-408.7895538266421,-0.032242001658846324,-0.03277322467488204
SN--ZA,SN,ZA,6672.5621271644495,10,6611.4,6619.0,6612.5,6613.9302142787565,88.57790042919534,7846.044444444444,6480.0,6734.0,6547.25,6679.75,132.5,72.5,0.013397752432040921,0,0,6561.570000000001,6665.2125,61.162127164449885,-61.162127164449885,-0.0091662132174768,-0.009208481441152288
TH--TR,TH,TR,7141.388185297727,10,7479.8,7481.0,7481.25,7481.166666666809,12.479316220584098,155.73333333333338,7453.0,7495.0,7476.25,7485.0,8.75,5.0,0.0016684023931902053,1,0,7471.7,7486.5,338.41181470227275,338.41181470227275,0.047387399469332195,0.04629887249618654
TH--TZ,TH,TZ,7486.47678677552,10,7618.839999999999,7559.95,7599.3,7576.46171666829,184.33267148766055,33978.53377777778,7410.0,7984.0,7485.25,7709.25,224.0,82.75,0.024194322428041613,0,0,7516.878999999999,7737.019,132.3632132244793,132.3632132244793,0.017680307706061705,0.017525829226103736
TH--UA,TH,UA,7426.114052483925,10,7431.65,7434.5,7432.8125,7432.642883356023,12.84101501699405,164.89166666666668,7409.0,7445.0,7421.25,7442.75,21.5,9.25,0.0017278821011476658,0,0,7424.047500000001,7438.8525,5.535947516074884,5.535947516074884,0.0007454703061318042,0.0007451925811583933
TH--US,TH,US,14169.831963403985,10,13952.1,13952.5,13953.125,13953.125000000065,20.28929657616438,411.65555555555557,13916.0,13980.0,13937.0,13968.0,31.0,17.5,0.0014542109486145008,0,0,13939.797499999999,13963.6025,217.731963403985,-217.731963403985,-0.015365881823180052,-0.01548516044362979
TH--VN,TH,VN,985.0733602712637,10,991.0,991.0,991.0,991.0,0.9428090415820634,0.8888888888888888,990.0,992.0,990.0,992.0,2.0,1.0,0.000951371384038409,0,0,990.4,991.6,5.926639728736291,5.926639728736291,0.006016445036239989,0.005998418498450264
TH--ZA,TH,ZA,8961.095963147978,10,9314.0,9270.0,9312.625,9299.15166666234,244.96122142086082,60006.0,9009.0,9630.0,9127.0,9549.5,422.5,175.0,0.02630032439562603,0,0,9175.567500000001,9449.545,352.9040368520218,352.9040368520218,0.03938179418045745,0.03862610773787674
TR--TZ,TR,TZ,5114.021496230008,10,4796.9,4820.0,4794.25,4796.900000001419,98.76847225259237,9755.21111111111,4675.0,4940.0,4696.25,4848.0,151.75,106.0,0.020590062801516058,0,0,4740.695,4851.6050000000005,317.12149623000823,-317.12149623000823,-0.0620102000869152,-0.06401620432812445
TR--UA,TR,UA,1181.9288146082997,10,1089.9,1057.0,1084.25,1058.3963666661723,55.46059662298791,3075.8777777777777,1049.0,1176.0,1055.25,1136.75,81.5,3.5,0.05088594974124957,0,0,1057.495,1125.505,92.02881460829963,-92.02881460829963,-0.0778632464754645,-0.08106174372954257
TR--US,TR,US,8744.489174947264,10,8414.4,8415.5,8414.875,8414.701466666762,20.282449994460183,411.3777777777779,8385.0,8440.0,8395.75,8431.5,35.75,18.0,0.0024104451885410944,0,0,8403.1975,8425.6025,330.08917494726484,-330.08917494726484,-0.0377482513092888,-0.03847916952639043
TR--VN,TR,VN,7117.1512309835825,10,7023.5,7019.5,7024.75,7023.000000001161,90.91785058807514,8266.055555555555,6885.0,7152.0,6972.75,7090.5,117.75,71.5,0.01294480680402579,0,0,6970.5,7078.132500000001,93.65123098358254,-93.65123098358254,-0.013158527610862645,-0.013245868062567117
TR--ZA,TR,ZA,7281.727679731044,10,7422.4,7427.5,7424.875,7426.353814285534,33.19370756969192,1101.8222222222225,7365.0,7460.0,7398.5,7449.5,51.0,23.5,0.004472098993545473,0,0,7403.0,7439.5,140.67232026895545,140.67232026895545,0.019318536267227075,0.019134302317988267
TZ--UA,TZ,UA,6293.284789300669,10,6197.3,6185.0,6188.375,6182.333333332501,123.27750988904847,15197.344444444445,6026.0,6440.0,6123.5,6238.5,115.0,63.0,0.01989213203960571,1,0,6127.4975,6271.912499999999,95.98478930066904,-95.98478930066904,-0.0152519379806003,-0.015369445125544015
TZ--US,TZ,US,12407.335072981457,10,12514.9,12525.5,12514.25,12514.666666665751,84.70005903185664,7174.099999999999,12385.0,12650.0,12454.5,12549.75,95.25,59.5,0.006767937341237776,0,0,12466.0825,12564.1325,107.56492701854222,107.56492701854222,0.008669462570796404,0.008632098575372484
TZ--VN,TZ,VN,8220.893096074053,10,8250.77,8248.5,8267.025,8262.700000006202,195.70242745329227,38299.44011111112,7811.0,8560.5,8219.75,8329.150000000001,109.40000000000146,65.60000000000036,0.023719292557336135,2,0,8137.818249999999,8366.44425,29.876903925947772,29.876903925947772,0.0036342649851773047,0.003627677001014746
TZ--ZA,TZ,ZA,2303.9398317562473,10,2432.7,2436.0,2434.125,2435.83333333333,9.718824803213378,94.45555555555556,2412.0,2442.0,2434.25,2437.0,2.75,1.5,0.003995077405028725,3,0,2426.6,2437.6,128.76016824375256,128.76016824375256,0.05588694915943237,0.054381123832962494
UA--US,UA,US,7852.866380313801,10,7841.9,7843.0,7842.625,7842.758699999999,3.8715486421958962,14.988888888888887,7833.0,7845.0,7840.75,7844.75,4.0,2.0,0.0004937003331075245,1,0,7839.4,7843.9,10.966380313800983,-10.966380313800983,-0.0013964812060590244,-0.0013974571946774967
UA--VN,UA,VN,7204.7219267397495,10,7255.4,7256.0,7254.25,7258.663071428551,48.41533274123441,2344.0444444444447,7175.0,7345.0,7242.5,7281.75,39.25,22.5,0.006673006690359513,2,0,7227.175,7281.705,50.67807326025013,50.67807326025013,0.007034008220659081,0.00700938498410373
UA--ZA,UA,ZA,8436.439872482457,10,8336.55,8334.25,8329.8125,8321.836692855035,133.51205729987254,17825.469444444447,8145.0,8582.0,8240.5,8371.5,131.0,87.25,0.016015264983700997,1,0,8261.23375,8418.71,99.88987248245758,-99.88987248245758,-0.011840287371486307,-0.011910941840610152
US--VN,US,VN,13362.734799118152,10,13172.9,13140.0,13141.125,13139.969549977606,104.7870327007222,10980.322222222223,13130.0,13470.0,13133.0,13145.0,12.0,7.0,0.007954742896455768,1,0,13135.9,13242.807499999999,189.83479911815266,-189.83479911815266,-0.01420628351695496,-0.014308158759328622
US--ZA,US,ZA,13024.504641792455,10,13093.5,13096.5,13094.0,13095.202514402508,30.52958492275248,932.0555555555555,13050.0,13133.0,13075.5,13120.0,44.5,24.0,0.002331659596192957,0,0,13075.0875,13111.4025,68.995358207545,68.995358207545,0.005297349888160486,0.005283368285466852
VN--ZA,VN,ZA,9846.22426369883,10,10201.5,10164.5,10185.0,10184.999999745147,113.94369954792,12983.166666666666,10060.0,10475.0,10142.0,10242.5,100.5,55.0,0.011169308390719012,1,0,10139.297499999999,10281.824999999999,355.2757363011697,355.2757363011697,0.03608243391438932,0.03544671008724694
