id,place_a_id,place_b_id,true_distance_km,n,mean,median,trimmed_mean,robust,std,variance,min,max,q1,q3,iqr,mad,cv,outliers,missing_samples,mean_ci_low,mean_ci_high,absolute_error_km,signed_error_km,relative_error,log_ratio_error
AO--AR,AO,AR,7779.757280725595,10,7775.5,7780.0,7776.25,7778.333333333331,16.574746520602424,274.7222222222222,7745.0,7800.0,7775.0,7780.0,5.0,5.0,0.002131663111131429,4,0,7765.0,7784.5,4.257280725594683,-4.257280725594683,-0.0005472253917409644,-0.0005473751742013657
AO--AU,AO,AU,13288.474497523322,10,12111.0,12150.0,12131.25,12123.720000005791,229.07786158131182,52476.66666666666,11700.0,12360.0,11960.0,12320.0,360.0,200.0,0.018914859349460144,0,0,11974.95,12241.025,1177.4744975233225,-1177.4744975233225,-0.08860870356057632,-0.09278294985844952
AO--BD,AO,BD,9121.283483960526,10,10227.5,10200.0,10230.625,10230.624999991034,177.68964829474763,31573.61111111111,9950.0,10480.0,10128.75,10355.0,226.25,150.0,0.017373712861867282,0,0,10126.0,10321.0375,1106.2165160394743,1106.2165160394743,0.1212786027300565,0.11446964374671227
AO--BR,AO,BR,6675.278533941141,10,6491.0,6502.5,6500.0,6497.713944459014,198.3655436029375,39348.8888888889,6160.0,6750.0,6340.0,6643.75,303.75,182.5,0.030560089909557463,0,0,6372.5,6602.55,184.27853394114118,-184.27853394114118,-0.027606119056179903,-0.027994329295652938
AO--CA,AO,CA,10620.756402433968,10,10745.0,10700.0,10746.25,10744.627142852929,236.7488120350343,56050.0,10330.0,11150.0,10632.5,10902.5,270.0,150.0,0.022033393395535998,0,0,10600.975,10886.0,124.2435975660319,124.2435975660319,0.011698187290837297,0.011630292482364874
AO--CD,AO,CD,549.1026827702303,10,555.5,557.5,555.625,556.6956666666374,4.972144630058766,24.722222222222225,550.0,560.0,550.0,560.0,10.0,2.5,0.008950755409646743,0,0,552.5,558.5,6.397317229769669,6.397317229769669,0.01165049348783932,0.011583149047859726
AO--CL,AO,CL,8913.64308220524,10,8213.0,8165.0,8203.75,8180.00000000167,139.04835290086842,19334.444444444445,8040.0,8460.0,8150.0,8237.5,87.5,50.0,0.016930275526709903,2,0,8142.0,8302.0,700.6430822052407,-700.6430822052407,-0.07860344819100623,-0.08186476882616192
AO--CN,AO,CN,11758.580047473492,10,11646.0,11650.0,11645.0,11646.133571306662,52.323778320929556,2737.777777777778,11550.0,11750.0,11625.0,11665.0,40.0,25.0,0.004492854054690843,2,0,11614.975,11677.0,112.5800474734915,-112.5800474734915,-0.009574289329065802,-0.009620417502919141
AO--CO,AO,CO,9801.95415219586,10,8983.5,9010.0,8996.875,8996.874999985997,273.4151300373359,74755.83333333331,8510.0,9350.0,8775.0,9196.25,421.25,220.0,0.030435256863954575,0,0,8820.975,9138.5,818.4541521958599,-818.4541521958599,-0.08349907982506811,-0.08719220769313571
AO--DE,AO,DE,6798.792115651933,10,6628.5,6585.0,6607.5,6586.666666666514,134.99074042318605,18222.499999999996,6510.0,6915.0,6562.5,6615.0,52.5,30.0,0.020365201844035008,2,0,6558.975,6718.5,170.29211565193327,-170.29211565193327,-0.025047407356358627,-0.025366432096021376
AO--DZ,AO,DZ,5158.666122203358,10,4826.0,4830.0,4826.25,4829.666666666667,9.66091783079296,93.33333333333334,4810.0,4840.0,4822.5,4830.0,7.5,0.0,0.0020018478721079485,2,0,4820.0,4831.0,332.6661222033581,-332.6661222033581,-0.06448684879440705,-0.06666007542389399
AO--EG,AO,EG,4715.419795274749,10,5281.0,5280.0,5281.25,5280.333333333333,3.1622776601683795,10.000000000000002,5275.0,5285.0,5280.0,5283.75,3.75,0.0,0.0005988028138928952,0,0,5279.0,5283.0,565.580204725251,565.580204725251,0.1199427048450724,0.11327752761014222
AO--ES,AO,ES,5722.316302190526,10,6145.5,6125.0,6154.375,6141.666666672546,182.5506018128185,33324.72222222222,5780.0,6440.0,6100.0,6210.0,110.0,75.0,0.0297047598751637,2,0,6033.9875,6252.55,423.1836978094743,423.1836978094743,0.0739532167502656,0.07134643531507243
AO--ET,AO,ET,3446.282530254973,10,3502.5,3500.0,3504.375,3503.916142857222,11.606990230986767,134.72222222222226,3475.0,3515.0,3500.0,3510.0,10.0,5.0,0.003313915840395936,1,0,3495.5,3509.0,56.21746974502685,56.21746974502685,0.016312495929017054,0.016180876598163235
AO--FI,AO,FI,7720.979613051022,10,7820.5,7765.0,7777.5,7770.8333333333085,186.09212175096982,34630.277777777774,7675.0,8310.0,7731.25,7817.5,86.25,50.0,0.02379542506885363,1,0,7734.0,7942.15,99.52038694897783,99.52038694897783,0.012889606233483028,0.012807242263438486
AO--FJ,AO,FJ,16614.26463120842,10,15751.0,15680.0,15713.75,15709.99999999411,380.7653112118044,144982.22222222225,15250.0,16550.0,15550.0,15925.0,375.0,220.0,0.024174040455323748,1,0,15542.9875,15986.125,863.2646312084216,-863.2646312084216,-0.05195924408155,-0.053357786176063945
AO--FR,AO,FR,6480.8047195500585,10,6500.0,6500.0,6500.0,6500.0,0.0,0.0,6500.0,6500.0,6500.0,6500.0,0.0,0.0,0.0,0,0,6500.0,6500.0,19.195280449941492,19.195280449941492,0.0029618668175630755,0.0029574891319914627
AO--GB,AO,GB,6807.150235507682,10,6829.5,6830.0,6830.0,6829.888888888889,1.5811388300841898,2.5000000000000004,6825.0,6830.0,6830.0,6830.0,0.0,0.0,0.00023151604511079723,1,0,6828.5,6830.0,22.349764492318172,22.349764492318172,0.003283277688765644,0.0032778995014146528
AO--GH,AO,GH,2181.7570144061915,10,2371.5,2400.0,2379.375,2393.7935000002667,50.61016586506004,2561.3888888888882,2265.0,2415.0,2358.75,2400.0,41.25,7.5,0.02134099340715161,1,0,2338.0,2397.025,189.7429855938085,189.7429855938085,0.08696797321650909,0.083392144242743
AO--GR,AO,GR,5296.817859625665,10,5372.5,5415.0,5383.75,5394.974833328717,128.13296045731386,16418.055555555555,5125.0,5530.0,5272.5,5468.75,196.25,67.5,0.023849783240077034,0,0,5295.5,5442.5,75.68214037433518,75.68214037433518,0.014288227834151686,0.014187113135232503
AO--IN,AO,IN,8015.072192343541,10,8493.0,8500.0,8496.25,8493.333333337152,196.99407774516132,38806.666666666664,8190.0,8770.0,8360.0,8602.5,242.5,142.5,0.02319487551456038,0,0,8379.0,8600.0375,477.92780765645875,477.92780765645875,0.05962863417662076,0.057918501622392246
AO--IT,AO,IT,5617.9698794223505,10,5660.5,5655.0,5650.625,5658.521555084902,202.62787457690897,41058.05555555555,5440.0,5960.0,5456.25,5837.5,381.25,190.0,0.03579681557758307,0,0,5545.475,5789.0375,42.53012057764954,42.53012057764954,0.007570371769601328,0.007541860309723639
AO--JP,AO,JP,13857.461409152482,10,13582.0,13585.0,13582.5,13582.0,18.135294011647257,328.88888888888886,13560.0,13600.0,13562.5,13600.0,37.5,15.0,0.0013352447365371268,0,0,13571.0,13593.0,275.4614091524818,-275.4614091524818,-0.019878201426600902,-0.020078430781597545
AO--KE,AO,KE,2743.2396541926637,10,3160.5,3160.0,3160.625,3159.9751428569207,13.426756040748554,180.27777777777777,3140.0,3180.0,3150.0,3168.75,18.75,10.0,0.0042483012310547555,0,0,3152.5,3168.0,417.2603458073363,417.2603458073363,0.15210495560226078,0.14159066541731113
AO--KR,AO,KR,12699.236686021166,10,12438.0,12440.0,12427.5,12437.55219994673,72.54117604658903,5262.222222222222,12350.0,12610.0,12407.5,12450.0,42.5,15.0,0.005832221904372811,1,0,12401.0,12485.0,261.23668602116595,-261.23668602116595,-0.020571054188534443,-0.020785585513662233
AO--MA,AO,MA,5195.819618732341,10,5736.5,5710.0,5733.75,5733.445500000001,98.37710890016821,9678.055555555555,5630.0,5865.0,5650.0,5830.0,180.0,70.0,0.01714932605250034,0,0,5682.9625,5795.5,540.680381267659,540.680381267659,0.10406065278293329,0.09899488546078149
AO--MX,AO,MX,12679.078203838877,10,11924.0,11915.0,11923.125,11910.83333333208,197.70629170003107,39087.777777777774,11585.0,12270.0,11835.0,11981.25,146.25,77.5,0.016580534359278018,2,0,11813.475,12040.0,755.078203838877,-755.078203838877,-0.05955308356803573,-0.06140007369257741
AO--MY,AO,MY,9903.39358541899,10,9566.0,9560.0,9561.25,9556.474999994045,170.63280914160546,29115.55555555556,9320.0,9850.0,9427.5,9657.5,230.0,125.0,0.017837425166381503,0,0,9471.0,9661.025,337.39358541898946,-337.39358541898946,-0.03406848193085473,-0.03466233955056025
AO--NG,AO,NG,2080.1823760601865,10,2182.0,2192.5,2191.25,2203.2583745116713,149.33556545950836,22301.111111111106,1940.0,2350.0,2123.75,2305.0,181.25,102.5,0.06843976418859228,0,0,2087.4875,2264.0125,101.81762393981353,101.81762393981353,0.04894648907306559,0.047786316743222354
AO--NL,AO,NL,6826.04260195697,10,6841.3,6847.5,6842.875,6842.706499999898,22.09097352112648,488.01111111111123,6800.0,6870.0,6830.0,6850.0,20.0,17.5,0.003229060781010404,0,0,6827.995,6853.5025,15.257398043029752,15.257398043029752,0.0022351747465882473,0.0022326804596011145
AO--NO,AO,NO,7625.360370993152,10,7504.0,7450.0,7482.5,7458.763714627063,156.29032812898777,24426.666666666664,7360.0,7820.0,7402.5,7582.5,180.0,70.0,0.020827602362604978,0,0,7414.0,7610.0,121.36037099315217,-121.36037099315217,-0.015915362040436365,-0.01604337144234331
AO--NZ,AO,NZ,14143.139009143959,10,12852.0,12830.0,12848.75,12848.75000000316,201.1660452903963,40467.77777777778,12530.0,13200.0,12746.25,12971.25,225.0,137.5,0.01565250897061907,0,0,12734.975,12966.5,1291.139009143959,-1291.139009143959,-0.0912908377913276,-0.09573018956653787
AO--PE,AO,PE,9845.778856925126,10,9880.5,9895.0,9881.875,9884.166666664338,128.02885959379975,16391.38888888889,9700.0,10050.0,9803.75,9950.0,146.25,87.5,0.012957730842953267,0,0,9799.0,9954.0125,34.72114307487391,34.72114307487391,0.0035265003997578563,0.0035202968774277034
AO--PH,AO,PH,12162.128893919244,10,12504.0,12515.0,12493.75,12496.666666667908,194.14771009036738,37693.33333333334,12240.0,12850.0,12375.0,12587.5,212.5,125.0,0.015526848215800335,0,0,12390.975,12624.0,341.87110608075636,341.87110608075636,0.028109478945884486,0.027721658391637823
AO--PK,AO,PK,7881.321787923071,10,7671.5,7682.5,7666.875,7666.874999992292,235.82067103816172,55611.38888888888,7320.0,8060.0,7472.5,7817.5,345.0,190.0,0.03073983849809838,0,0,7527.9,7808.025,209.8217879230706,-209.8217879230706,-0.0266226647723724,-0.026983465984099394
AO--PL,AO,PL,6809.113037552695,10,6783.5,6760.0,6783.125,6779.4067146268935,115.6155026129474,13366.944444444445,6620.0,6950.0,6716.25,6857.5,141.25,95.0,0.017043635676707806,0,0,6718.9875,6851.0,25.61303755269455,-25.61303755269455,-0.003761582075585617,-0.003768674617145995
AO--PT,AO,PT,5753.282352388308,10,5782.5,5780.0,5782.5,5780.333333333315,7.168604389202189,51.388888888888886,5770.0,5795.0,5780.0,5787.5,7.5,0.0,0.0012397067685606898,0,0,5778.5,5786.5,29.217647611691973,29.217647611691973,0.005078431028083146,0.005065579289975719
AO--RU,AO,RU,7506.107188793741,10,7531.0,7450.0,7503.75,7502.729571404349,299.4977276856853,89698.88888888889,7130.0,8150.0,7340.0,7687.5,347.5,195.0,0.039768653257958475,0,0,7368.875,7750.0,24.892811206258557,24.892811206258557,0.003316341024735476,0.003310854093516033
AO--SA,AO,SA,5193.3979905841725,10,5680.0,5665.0,5673.75,5671.666666666808,177.2004514666935,31399.999999999996,5450.0,5960.0,5567.5,5797.5,230.0,130.0,0.031197262582164348,0,0,5571.0,5788.0,486.6020094158275,486.6020094158275,0.09369626789590466,0.08956303098776838
AO--SE,AO,SE,7571.629355004058,10,7445.5,7465.0,7450.625,7450.625000007076,163.0345907400567,26580.27777777778,7160.0,7690.0,7342.5,7542.5,200.0,120.0,0.021897064097784795,0,0,7341.975,7536.5375,126.1293550040582,-126.1293550040582,-0.016658152306504522,-0.016798459682515927
AO--SG,AO,SG,10108.617908587756,10,10160.0,10142.5,10160.0,10162.500000004111,178.21647261437735,31761.111111111113,9870.0,10450.0,10105.0,10242.5,137.5,92.5,0.01754099139905289,2,0,10048.5,10253.0375,51.382091412244336,51.382091412244336,0.005082998672706066,0.005070123845010451
AO--SN,AO,SN,4274.775841417532,10,4620.0,4610.0,4618.75,4618.749999148807,193.33333333333334,37377.77777777778,4350.0,4900.0,4482.5,4792.5,310.0,180.0,0.04184704184704185,0,0,4514.95,4738.025,345.2241585824677,345.2241585824677,0.08075842369034958,0.07766303883580662
AO--TH,AO,TH,9957.692589929997,10,10115.0,10065.0,10105.625,10084.134600000385,94.80975102218595,8988.88888888889,10025.0,10280.0,10050.0,10165.0,115.0,35.0,0.009373183492059905,0,0,10066.9875,10178.0125,157.30741007000324,157.30741007000324,0.015797576461547416,0.015674093540014818
AO--TR,AO,TR,5765.533175593958,10,5978.0,5965.0,5972.5,5967.108499991869,119.05180945005974,14173.333333333332,5840.0,6160.0,5880.0,6052.5,172.5,90.0,0.019914989871204374,0,0,5910.0,6053.0,212.46682440604218,212.46682440604218,0.03685120143015292,0.03618842949195965
AO--TZ,AO,TZ,2502.0333905971356,10,2821.0,2842.5,2829.375,2838.333333335646,80.89087299153924,6543.333333333332,2645.0,2930.0,2816.25,2857.5,41.25,25.0,0.028674538458539255,3,0,2771.5,2862.0125,318.9666094028644,318.9666094028644,0.1274829547045892,0.1199876745017868
AO--UA,AO,UA,6776.4600893004845,10,6861.0,6860.0,6867.5,6864.925428468362,63.848779680324874,4076.6666666666665,6720.0,6950.0,6835.0,6895.0,60.0,30.0,0.009306045719330254,1,0,6820.95,6896.0,84.53991069951553,84.53991069951553,0.012475526983918584,0.012398348826356247
AO--US,AO,US,10643.935912153609,10,10496.5,10550.0,10508.125,10536.656600052755,86.47575125753784,7478.055555555557,10320.0,10580.0,10457.5,10550.0,92.5,15.0,0.008238532011388352,0,0,10444.0,10543.0,147.43591215360902,-147.43591215360902,-0.013851634712048732,-0.013948463804787746
AO--VN,AO,VN,10634.256207680037,10,10849.0,10825.0,10820.0,10818.33333334101,248.70553762319898,61854.444444444445,10550.0,11380.0,10735.0,10910.0,175.0,100.0,0.02292428220326288,1,0,10711.0,11013.075,214.74379231996318,214.74379231996318,0.020193588355044114,0.01999240179280601
AO--ZA,AO,ZA,2450.091998989052,10,2490.0,2490.0,2490.0,2490.0,0.0,0.0,2490.0,2490.0,2490.0,2490.0,0.0,0.0,0.0,0,0,2490.0,2490.0,39.90800101094783,39.90800101094783,0.01628836836633666,0.016157136017210624
AR--AU,AR,AU,11758.30968994146,10,11759.0,11800.0,11768.75,11799.666666666666,86.46772037394456,7476.666666666667,11600.0,11840.0,11762.5,11800.0,37.5,0.0,0.00735332259324301,2,0,11704.0,11804.0,0.69031005854049,0.69031005854049,5.8708273275963254e-05,5.870655001269101e-05
AR--BD,AR,BD,16776.827494420908,10,17118.0,16950.0,17060.0,16966.086666664873,311.29835635073096,96906.66666666667,16900.0,17800.0,16900.0,17272.5,372.5,50.0,0.018185439674654223,0,0,16959.875,17315.075,341.1725055790921,341.1725055790921,0.02033593691611529,0.0201319229901611
AR--BR,AR,BR,2333.5144810867555,10,2340.0,2340.0,2340.0,2340.0,0.0,0.0,2340.0,2340.0,2340.0,2340.0,0.0,0.0,0.0,0,0,2340.0,2340.0,6.485518913244505,6.485518913244505,0.0027792923360064575,0.0027754372443610812
AR--CA,AR,CA,9031.715831568095,10,8982.0,8980.0,8982.5,8982.587000063575,20.97617696340303,440.0,8950.0,9010.0,8972.5,9000.0,27.5,20.0,0.002335357043353711,0,0,8968.0,8995.0,49.71583156809538,-49.71583156809538,-0.005504583237033009,-0.00551978928297603
AR--CD,AR,CD,8250.16360355336,10,7995.0,8000.0,7997.5,7994.999999993265,135.01028767385756,18227.777777777774,7820.0,8150.0,7862.5,8122.5,260.0,140.0,0.016886840234378683,0,0,7914.0,8075.0,255.16360355335928,-255.16360355335928,-0.030928308311784253,-0.03141668459778621
AR--CL,AR,CL,1139.660312749686,10,850.0,850.0,850.0,850.0,0.0,0.0,850.0,850.0,850.0,850.0,0.0,0.0,0.0,0,0,850.0,850.0,289.660312749686,-289.660312749686,-0.25416372712919655,-0.2932491762297136
AR--CN,AR,CN,19261.112952664003,10,19259.8,19259.0,19259.75,19259.8,10.347302385968367,107.06666666666668,19250.0,19270.0,19250.0,19270.0,20.0,9.0,0.0005372486934427339,0,0,19254.0,19265.8,1.312952664004115,-1.312952664004115,-6.816598123020303e-05,-6.816830463624557e-05
AR--CO,AR,CO,4640.374060415398,10,4678.5,4685.0,4680.0,4684.571428571428,10.814085465005556,116.94444444444444,4660.0,4685.0,4673.75,4685.0,11.25,0.0,0.0023114428695106457,0,0,4672.0,4683.5,38.12593958460184,38.12593958460184,0.008216134968479,0.008182566276163834
AR--DE,AR,DE,11887.678205229642,10,11900.0,11900.0,11900.0,11900.0,0.0,0.0,11900.0,11900.0,11900.0,11900.0,0.0,0.0,0.0,0,0,11900.0,11900.0,12.321794770357883,12.321794770357883,0.001036518196205653,0.0010359813821332403
AR--DZ,AR,DZ,10143.842601055805,10,9775.0,9760.0,9775.0,9768.895600000307,52.546275901448155,2761.1111111111113,9700.0,9850.0,9750.0,9817.5,67.5,30.0,0.00537557809733485,0,0,9745.975,9810.0,368.84260105580506,-368.84260105580506,-0.03636123070535565,-0.03703877524562674
AR--EG,AR,EG,11806.270501311932,10,11800.0,11800.0,11800.0,11800.0,0.0,0.0,11800.0,11800.0,11800.0,11800.0,0.0,0.0,0.0,0,0,11800.0,11800.0,6.270501311932094,-6.270501311932094,-0.0005311161819674812,-0.0005312572741265774
AR--ES,AR,ES,10020.91071488952,10,10029.5,10030.0,10030.0,10029.888888888889,1.5811388300841898,2.5000000000000004,10025.0,10030.0,10030.0,10030.0,0.0,0.0,0.00015764881899239143,1,0,10028.5,10030.0,8.589285110479977,8.589285110479977,0.0008571361780239825,0.0008567690465830194
AR--ET,AR,ET,11225.784843590129,10,10327.5,10317.5,10328.125,10330.80292857376,144.40010003074406,20851.38888888889,10100.0,10550.0,10252.5,10437.5,185.0,107.5,0.013982096347687635,0,0,10241.5,10414.0125,898.2848435901287,-898.2848435901287,-0.08001978089781804,-0.08340311014608952
AR--FI,AR,FI,12925.656160584465,10,12626.0,12630.0,12626.25,12625.999999999995,23.664319132398465,560.0,12600.0,12650.0,12600.0,12650.0,50.0,20.0,0.001874253059749601,0,0,12611.0,12639.0,299.6561605844654,-299.6561605844654,-0.023183052129936568,-0.023456005936830702
AR--FJ,AR,FJ,11642.45746949547,10,11560.0,11525.0,11568.75,11545.39833334107,189.73665961010275,35999.99999999999,11200.0,11850.0,11462.5,11675.0,212.5,75.0,0.016413205848624806,0,0,11439.875,11670.0,82.45746949546992,-82.45746949546992,-0.007082479769543298,-0.00710767958466564
AR--FR,AR,FR,11025.630755006467,10,11076.5,11080.0,11078.125,11079.333333333352,6.258327785172862,39.166666666666664,11060.0,11080.0,11075.0,11080.0,5.0,0.0,0.0005650095052744876,1,0,11072.5,11079.5,50.86924499353336,50.86924499353336,0.004613726518134565,0.004603115905734521
AR--GB,AR,GB,11102.268069921352,10,11106.0,11100.0,11103.75,11100.428571426228,10.488088481701515,110.0,11100.0,11130.0,11100.0,11111.25,11.25,0.0,0.0009443623700433563,1,0,11100.0,11112.0,3.731930078647565,3.731930078647565,0.00033614123304752825,0.0003360847502404283
AR--GH,AR,GH,7539.559525025004,10,7456.0,7275.0,7443.75,7348.329600026626,352.1110935801686,123982.22222222223,7100.0,7910.0,7162.5,7815.0,652.5,160.0,0.04722520031922862,0,0,7260.95,7666.0,83.5595250250044,-83.5595250250044,-0.011082812563208365,-0.011144684498454523
AR--GR,AR,GR,11672.738469495696,10,11295.0,11175.0,11287.5,11183.043333328162,177.09068612185993,31361.111111111113,11150.0,11500.0,11150.0,11500.0,350.0,25.0,0.015678679603528988,0,0,11190.0,11400.0,377.73846949569634,-377.73846949569634,-0.032360741267598706,-0.03289592776177278
AR--IN,AR,IN,15794.7526620095,10,15910.0,15900.0,15906.25,15900.25,21.081851067789195,444.4444444444444,15900.0,15950.0,15900.0,15900.0,0.0,0.0,0.001325069206020691,2,0,15900.0,15925.0,115.24733799050045,115.24733799050045,0.0072965585759187206,0.007270067476912387
AR--IT,AR,IT,11131.20670997276,10,11150.0,11150.0,11150.0,11150.0,0.0,0.0,11150.0,11150.0,11150.0,11150.0,0.0,0.0,0.0,0,0,11150.0,11150.0,18.7932900272408,18.7932900272408,0.0016883425595181308,0.0016869189113976387
AR--JP,AR,JP,18370.21725262342,10,18372.5,18375.0,18375.0,18374.88888888889,7.905694150420948,62.5,18350.0,18375.0,18375.0,18375.0,0.0,0.0,0.00043030040279879974,1,0,18367.5,18375.0,2.2827473765792092,2.2827473765792092,0.00012426349374029387,0.0001242557736719988
AR--KE,AR,KE,10410.808770079677,10,9878.0,9850.0,9860.0,9856.80400000005,207.24649842907144,42951.11111111111,9650.0,10250.0,9735.0,10000.0,265.0,160.0,0.020980613325477977,0,0,9763.9,10000.0,532.8087700796768,-532.8087700796768,-0.05117842252668705,-0.05253450914090961
AR--KR,AR,KR,19431.621304450513,10,19422.0,19420.0,19421.25,19421.9999999999,22.01009869229224,484.4444444444445,19400.0,19450.0,19400.0,19445.0,45.0,20.0,0.001133256033997129,0,0,19410.0,19435.0,9.62130445051298,-9.62130445051298,-0.000495136473677025,-0.0004952590942184374
AR--MA,AR,MA,9305.417619305188,10,9414.0,9415.0,9411.25,9412.067555557474,87.20346578229815,7604.444444444445,9300.0,9550.0,9342.5,9487.5,145.0,80.0,0.009263168236912912,0,0,9361.975,9464.0,108.58238069481195,108.58238069481195,0.011668727308868435,0.011601172719895393
AR--MX,AR,MX,7372.308131811268,10,7398.0,7400.0,7400.0,7399.888888888889,6.324555320336759,40.00000000000001,7380.0,7400.0,7400.0,7400.0,0.0,0.0,0.0008549006921244605,1,0,7394.0,7400.0,25.69186818873186,25.69186818873186,0.0034849151350405836,0.0034788568891932943
AR--MY,AR,MY,15967.59980860726,10,15883.0,15875.0,15878.75,15878.016249999982,38.02046232695699,1445.5555555555557,15850.0,15950.0,15850.0,15900.0,50.0,25.0,0.0023937834368165326,0,0,15863.0,15906.025,84.59980860725955,-84.59980860725955,-0.005298216990737482,-0.005312302315812166
AR--NG,AR,NG,8446.362395848217,10,8057.0,8050.0,8058.75,8056.999999999538,78.46442930823282,6156.666666666666,7950.0,8150.0,8005.0,8137.5,132.5,75.0,0.009738665670625894,0,0,8012.0,8104.0,389.3623958482167,-389.3623958482167,-0.0460982346719585,-0.04719458419001859
AR--NL,AR,NL,11420.79314209203,10,11445.0,11445.0,11445.0,11445.0,5.270462766947299,27.777777777777775,11440.0,11450.0,11440.0,11450.0,10.0,5.0,0.0004605035183003319,0,0,11442.0,11448.0,24.206857907969606,24.206857907969606,0.00211954262780172,0.002117299566276736
AR--NO,AR,NO,12224.016263540156,10,11790.0,11825.0,11796.25,11805.994750001875,123.7380746218039,15311.111111111111,11600.0,11930.0,11712.5,11887.5,175.0,85.0,0.01049517172364749,0,0,11719.0,11859.05,434.0162635401557,-434.0162635401557,-0.03550520992308151,-0.03615084833376408
AR--NZ,AR,NZ,10003.231625456845,10,10315.0,10300.0,10312.5,10300.42857142857,24.1522945769824,583.3333333333334,10300.0,10350.0,10300.0,10337.5,37.5,0.0,0.002341473056420979,0,0,10304.875,10330.0,311.768374543155,311.768374543155,0.031166765523028328,0.030690943189253434
AR--PE,AR,PE,3130.6695211171427,10,3140.0,3140.0,3140.0,3140.0,0.0,0.0,3140.0,3140.0,3140.0,3140.0,0.0,0.0,0.0,0,0,3140.0,3140.0,9.330478882857278,9.330478882857278,0.00298034615915889,0.002975913732138765
AR--PH,AR,PH,17788.20333536327,10,19946.3,19945.0,19945.875,19946.299999999996,44.14131347791495,1948.455555555556,19900.0,19996.0,19900.0,19993.25,93.25,45.0,0.0022130075992998675,0,0,19921.4875,19972.415,2158.0966646367306,2158.0966646367306,0.1213217897249013,0.11450815885176208
AR--PK,AR,PK,15601.725953155386,10,15694.0,15550.0,15662.5,15569.362000001698,247.48512862167877,61248.88888888888,15490.0,16150.0,15500.0,15850.0,350.0,55.0,0.015769410514953407,0,0,15558.0,15839.025,92.27404684461362,92.27404684461362,0.0059143486510190605,0.005896927546943661
AR--PL,AR,PL,12308.20746555706,10,12252.0,12260.0,12252.5,12251.999999999181,50.94659513211413,2595.5555555555557,12200.0,12300.0,12200.0,12300.0,100.0,40.0,0.004158226830894069,0,0,12222.0,12282.0,56.20746555705955,-56.20746555705955,-0.004566665431530053,-0.004577124502310411
AR--PT,AR,PT,9574.20669056964,10,9581.0,9580.0,9581.25,9580.142857142857,5.676462121975467,32.22222222222222,9570.0,9590.0,9580.0,9580.0,0.0,0.0,0.0005924707360375187,3,0,9578.0,9584.0,6.79330943036075,6.79330943036075,0.0007095428007682345,0.0007092911942851316
AR--RU,AR,RU,13459.503231297233,10,13475.0,13475.0,13475.0,13475.0,0.0,0.0,13475.0,13475.0,13475.0,13475.0,0.0,0.0,0.0,0,0,13475.0,13475.0,15.49676870276744,15.49676870276744,0.0011513626050278717,0.0011507002954273687
AR--SA,AR,SA,12854.981363911493,10,12125.0,12150.0,12125.0,12125.870000009478,188.92973414591057,35694.444444444445,11850.0,12400.0,11950.0,12275.0,325.0,150.0,0.015581833743992624,0,0,12015.0,12235.0,729.9813639114927,-729.9813639114927,-0.056785874926338686,-0.058461954178085314
AR--SE,AR,SE,12541.33572639846,10,12067.0,12060.0,12065.0,12067.000000001864,168.13024052138204,28267.777777777774,11900.0,12250.0,11910.0,12227.5,317.5,160.0,0.013933060455903045,0,0,11970.975,12162.0,474.3357263984599,-474.3357263984599,-0.037821786829294664,-0.03855559269740627
AR--SG,AR,SG,15887.309757265864,10,15858.0,15850.0,15853.75,15850.25,17.511900715418264,306.6666666666667,15850.0,15900.0,15850.0,15850.0,0.0,0.0,0.0011042944075809222,2,0,15850.0,15869.025,29.30975726586439,-29.30975726586439,-0.001844853390137996,-0.0018465572280300664
AR--SN,AR,SN,6965.255742849274,10,6954.0,6950.0,6953.75,6953.750000000001,12.649110640673518,160.00000000000003,6930.0,6980.0,6950.0,6960.0,10.0,5.0,0.0018189690308705088,2,0,6946.975,6961.0,11.255742849273702,-11.255742849273702,-0.001615984145424834,-0.0016172912561739472
AR--TH,AR,TH,16880.505738924476,10,17220.5,17250.0,17231.875,17253.706499999596,91.48314963241408,8369.166666666664,17050.0,17300.0,17250.0,17268.75,18.75,12.5,0.005312456062972276,3,0,17162.95,17268.0,339.99426107552426,339.99426107552426,0.020141236662805498,0.019941085026941727
AR--TR,AR,TR,12466.927062320188,10,11803.5,11800.0,11801.875,11800.25,7.472170590486631,55.833333333333336,11800.0,11820.0,11800.0,11800.0,0.0,0.0,0.000633047027617794,2,0,11800.0,11808.5125,663.4270623201883,-663.4270623201883,-0.05321496299800438,-0.05468320522511498
AR--TZ,AR,TZ,10004.640819282862,10,9481.0,9455.0,9460.0,9459.999999999696,154.808124966216,23965.555555555555,9300.0,9830.0,9375.0,9550.0,175.0,105.0,0.01632824859890476,1,0,9397.0,9580.0,523.6408192828621,-523.6408192828621,-0.052339791976699565,-0.05375927133379692
AR--UA,AR,UA,12807.053139985803,10,12817.8,12820.0,12819.75,12819.75,6.285786435372357,39.51111111111112,12800.0,12820.0,12820.0,12820.0,0.0,0.0,0.0004903951095642276,2,0,12813.6,12820.0,10.7468600141965,10.7468600141965,0.0008391360523556329,0.0008387841745336083
AR--US,AR,US,8360.953336333787,10,8380.0,8375.0,8380.0,8380.000000000004,18.257418583505537,333.3333333333333,8360.0,8400.0,8362.5,8400.0,37.5,15.0,0.002178689568437415,0,0,8369.0,8391.0,19.046663666213135,19.046663666213135,0.0022780492726161955,0.002275458452303488
AR--VN,AR,VN,17861.954046251605,10,17331.5,17300.0,17326.875,17312.63690020571,74.76072944177757,5589.166666666668,17250.0,17450.0,17300.0,17378.75,78.75,32.5,0.004313575249792434,0,0,17290.0,17376.5375,530.4540462516052,-530.4540462516052,-0.029697425314053075,-0.030147323459663044
AR--ZA,AR,ZA,8148.626185145644,10,8125.0,8130.0,8126.875,8128.041928562731,10.274023338281628,105.55555555555557,8100.0,8135.0,8125.0,8130.0,5.0,2.5,0.0012644951800962004,2,0,8118.5,8130.0,23.62618514564383,-23.62618514564383,-0.0028994071649418225,-0.00290361858828651
AU--BD,AU,BD,8995.963141163435,10,9044.5,9107.5,9055.625,9090.634166663276,118.56667135226304,14058.055555555553,8850.0,9150.0,8970.0,9120.0,150.0,37.5,0.01310925660371088,0,0,8970.9625,9112.025,48.53685883656544,48.53685883656544,0.005395404369152211,0.005380901318160947
AU--BR,AU,BR,14075.358195321549,10,14095.0,14050.0,14075.0,14080.265555555112,200.62402647738878,40249.99999999999,13900.0,14450.0,13912.5,14237.5,325.0,150.0,0.014233701772074408,0,0,13980.0,14210.125,19.64180467845108,19.64180467845108,0.0013954745879916392,0.0013945018182072565
AU--CA,AU,CA,16104.729525959248,10,16237.0,16250.0,16243.75,16249.857142857143,55.98610938835136,3134.4444444444443,16100.0,16320.0,16250.0,16250.0,0.0,0.0,0.003448057485271378,3,0,16200.0,16266.0,132.27047404075165,132.27047404075165,0.00821314470556892,0.008179600377046698
AU--CD,AU,CD,13504.360503430844,10,12535.0,12500.0,12531.25,12531.250000018741,279.9305469417568,78361.11111111111,12150.0,12950.0,12287.5,12775.0,487.5,250.0,0.022331914395034447,0,0,12370.0,12695.0,969.3605034308439,-969.3605034308439,-0.07178129635865196,-0.07448790193491157
AU--CL,AU,CL,11345.088282272682,10,11338.0,11340.0,11341.25,11340.142857140514,13.98411797560202,195.55555555555554,11300.0,11350.0,11340.0,11340.0,0.0,0.0,0.0012333848981832792,3,0,11328.975,11344.0,7.088282272681681,-7.088282272681681,-0.0006247886394817666,-0.0006249839012395889
AU--CN,AU,CN,8980.130816239809,10,8963.0,8960.0,8963.75,8963.620777777773,6.749485577105529,45.55555555555555,8950.0,8970.0,8960.0,8970.0,10.0,5.0,0.0007530386675338089,0,0,8959.0,8967.0,17.130816239809064,-17.130816239809064,-0.0019076354888761117,-0.001909457342779421
AU--CO,AU,CO,14436.399681031653,10,14264.0,14325.0,14267.5,14284.402499998883,127.29667884294722,16204.444444444445,14100.0,14400.0,14135.0,14357.5,222.5,75.0,0.008924332504413013,0,0,14190.0,14338.0,172.39968103165302,-172.39968103165302,-0.011942013579616618,-0.012013892247611489
AU--DE,AU,DE,16060.205223180863,10,16098.0,16100.0,16098.75,16099.75,4.216370213557839,17.77777777777778,16090.0,16100.0,16100.0,16100.0,0.0,0.0,0.00026191888517566403,2,0,16095.0,16100.0,37.79477681913704,37.79477681913704,0.002353318422393824,0.0023505537052522056
AU--DZ,AU,DZ,16979.37379367375,10,17148.0,17155.0,17141.25,17145.273428573182,163.96476586280494,26884.444444444445,16900.0,17450.0,17050.0,17232.5,182.5,110.0,0.00956174281915121,0,0,17057.95,17245.025,168.62620632625112,168.62620632625112,0.009931238240899004,0.009882247585950014
AU--EG,AU,EG,14263.93286552806,10,14400.0,14400.0,14400.0,14400.0,0.0,0.0,14400.0,14400.0,14400.0,14400.0,0.0,0.0,0.0,0,0,14400.0,14400.0,136.06713447193943,136.06713447193943,0.009539243892599612,0.009494032599209223
AU--ES,AU,ES,17574.421466877073,10,17615.0,17630.0,17625.0,17630.057999999968,44.53463071962462,1983.3333333333333,17500.0,17650.0,17607.5,17640.0,32.5,10.0,0.0025282220107649515,1,0,17585.975,17636.0,40.57853312292718,40.57853312292718,0.002308954135384001,0.0023062925969105385
AU--ET,AU,ET,12442.084906893078,10,11743.0,11625.0,11691.25,11650.195571111175,264.54573223630814,69984.44444444444,11550.0,12350.0,11573.75,11740.0,166.25,65.0,0.02252795131025361,2,0,11610.475,11917.575,699.0849068930784,-699.0849068930784,-0.056187119130313615,-0.05782735190240669
AU--FI,AU,FI,15202.304817605685,10,15212.0,15210.0,15212.5,15211.608666666667,13.98411797560202,195.55555555555554,15190.0,15230.0,15202.5,15225.0,22.5,10.0,0.0009192820125954522,0,0,15204.0,15220.0,9.695182394314543,9.695182394314543,0.0006377442440890028,0.0006375409716478828
AU--FJ,AU,FJ,3459.5502950524574,10,3311.5,3305.0,3301.875,3301.6666666665815,51.372820310614316,2639.1666666666665,3260.0,3440.0,3282.5,3315.0,32.5,20.0,0.01551345925128018,1,0,3286.0,3344.0,148.0502950524574,-148.0502950524574,-0.04279466474708745,-0.04373734915138336
AU--FR,AU,FR,16917.63537856836,10,16924.0,16900.0,16922.5,16900.666666666668,30.983866769659336,960.0000000000001,16900.0,16960.0,16900.0,16960.0,60.0,0.0,0.0018307649946619792,0,0,16906.0,16942.0,6.364621431639534,6.364621431639534,0.00037621223588388595,0.00037614148580483676
AU--GB,AU,GB,16976.59127449891,10,16921.0,16910.0,16918.75,16910.639714285713,27.26414006223804,743.3333333333334,16900.0,16960.0,16900.0,16947.5,47.5,10.0,0.0016112605674746198,0,0,16906.0,16938.0,55.591274498910934,-55.591274498910934,-0.0032745840198448077,-0.0032799572032631975
AU--GH,AU,GH,15466.274445812925,10,15855.0,15800.0,15837.5,15816.666666672965,217.88121126481332,47472.22222222221,15600.0,16250.0,15762.5,15887.5,125.0,75.0,0.013742113608629033,2,0,15735.0,15980.0,388.7255541870745,388.7255541870745,0.02513375509719546,0.024823096854681315
AU--GR,AU,GR,15201.661293550262,10,15321.0,15320.0,15320.0,15320.99999999998,21.31770260709264,454.4444444444444,15300.0,15350.0,15300.0,15337.5,37.5,20.0,0.001391404125520047,0,0,15308.975,15334.025,119.33870644973831,119.33870644973831,0.007850372676068711,0.00781971882541127
AU--IN,AU,IN,10338.502325503718,10,10052.0,10167.5,10081.875,10163.105166664434,219.44627284751652,48156.66666666667,9650.0,10215.0,9922.5,10200.0,277.5,32.5,0.021831105535964637,0,0,9916.4625,10160.5,286.50232550371766,-286.50232550371766,-0.027712169179181234,-0.028103396113595344
AU--IT,AU,IT,16216.420011411574,10,16317.0,16315.0,16315.0,16315.0,8.232726023485645,67.77777777777776,16310.0,16340.0,16315.0,16315.0,0.0,0.0,0.0005045489994169054,2,0,16313.5,16322.5,100.5799885884262,100.5799885884262,0.006202354682331093,0.006183199245599823
AU--JP,AU,JP,7916.886601720884,10,7970.0,7970.0,7970.0,7970.0,0.0,0.0,7970.0,7970.0,7970.0,7970.0,0.0,0.0,0.0,0,0,7970.0,7970.0,53.113398279116154,53.113398279116154,0.006708874454204127,0.006686470105469069
AU--KE,AU,KE,11938.438068840167,10,12151.0,12150.0,12150.0,12150.111111111111,3.1622776601683795,10.000000000000002,12150.0,12160.0,12150.0,12150.0,0.0,0.0,0.00026024834665199404,1,0,12150.0,12153.0,212.56193115983297,212.56193115983297,0.017804835937008264,0.017648186524058796
AU--KR,AU,KR,8383.398878278069,10,8340.0,8340.0,8338.75,8338.517400017732,9.428090415820634,88.8888888888889,8330.0,8360.0,8332.5,8340.0,7.5,5.0,0.0011304664767171023,1,0,8335.0,8346.0,43.39887827806888,-43.39887827806888,-0.005176764091533112,-0.005190209958892384
AU--MA,AU,MA,17823.98557196807,10,17866.5,17900.0,17876.875,17880.550999999254,85.50665990955844,7311.388888888888,17700.0,17950.0,17800.0,17937.5,137.5,47.5,0.004785865161590599,0,0,17815.0,17911.0,42.51442803192913,42.51442803192913,0.002385236896667596,0.0023823967345508357
AU--MX,AU,MX,13179.187255642872,10,13670.5,13900.0,13704.375,13886.558333309064,500.1024894959032,250102.5,12920.0,14150.0,13210.0,13985.0,775.0,125.0,0.036582604110742344,0,0,13363.5,13936.05,491.3127443571284,491.3127443571284,0.03727944180675977,0.03660136431271281
AU--MY,AU,MY,6520.550088731684,10,6337.0,6325.0,6328.125,6328.333333333593,49.45255863507525,2445.5555555555557,6285.0,6460.0,6316.25,6343.75,27.5,17.5,0.007803780753523,1,0,6312.5,6372.0,183.5500887316839,-183.5500887316839,-0.028149479144233724,-0.02855327147565568
AU--NG,AU,NG,15163.69563184826,10,14950.5,14900.0,14947.5,14949.546944444919,173.37259170801929,30058.05555555556,14725.0,15200.0,14820.0,15100.0,280.0,162.5,0.011596441035953265,0,0,14855.5,15053.0,213.19563184826075,-213.19563184826075,-0.014059609017770487,-0.014159381600278928
AU--NL,AU,NL,16620.528265072542,10,16610.0,16600.0,16606.25,16600.24999999786,21.081851067789195,444.4444444444444,16600.0,16650.0,16600.0,16600.0,0.0,0.0,0.001269226433942757,2,0,16600.0,16625.0,10.528265072542126,-10.528265072542126,-0.0006334494851566726,-0.000633650199047651
AU--NO,AU,NO,15966.082912956443,10,15932.5,15907.5,15915.625,15909.912999999951,61.42972497994038,3773.6111111111113,15900.0,16100.0,15900.0,15930.0,30.0,7.5,0.0038556237238311867,1,0,15906.0,15974.0,33.58291295644267,-33.58291295644267,-0.002103390865469589,-0.002105606098915722
AU--NZ,AU,NZ,2331.7654440152487,10,2328.5,2330.0,2328.75,2329.5714285714284,2.41522945769824,5.833333333333334,2325.0,2330.0,2326.25,2330.0,3.75,0.0,0.0010372469219232295,0,0,2327.0,2329.5,3.265444015248704,-3.265444015248704,-0.0014004170203438995,-0.001401398520706208
AU--PE,AU,PE,12870.966935523227,10,13016.5,12815.0,12828.75,12817.412999999038,628.3843922667434,394866.9444444444,12735.0,14800.0,12800.0,12845.0,45.0,15.0,0.04827598757475077,2,0,12796.4875,13421.025,145.53306447677278,145.53306447677278,0.011307080905872641,0.011243633687169572
AU--PH,AU,PH,6269.920053818219,10,6266.0,6260.0,6262.5,6261.403714251045,23.309511649396118,543.3333333333334,6240.0,6320.0,6250.0,6273.75,23.75,10.0,0.003719998667315052,1,0,6254.0,6280.0,3.9200538182185483,-3.9200538182185483,-0.0006252159173594785,-0.0006254114463339929
AU--PK,AU,PK,10988.77817833369,10,10349.5,10387.5,10333.125,10381.612499995397,221.23956347010912,48946.94444444444,10050.0,10780.0,10185.0,10450.0,265.0,62.5,0.02137683593121495,0,0,10228.9625,10472.5125,639.2781783336904,-639.2781783336904,-0.05817554672221338,-0.059936377103523036
AU--PL,AU,PL,15552.021357649579,10,15600.0,15600.0,15600.0,15600.0,0.0,0.0,15600.0,15600.0,15600.0,15600.0,0.0,0.0,0.0,0,0,15600.0,15600.0,47.97864235042107,47.97864235042107,0.003085042210723418,0.0030802932326939505
AU--PT,AU,PT,18058.241733092265,10,18026.0,18045.0,18038.75,18051.636900000864,84.84626620475935,7198.888888888888,17850.0,18100.0,18035.0,18087.5,52.5,32.5,0.004706882625361108,2,0,17973.5,18070.5,32.24173309226535,-32.24173309226535,-0.0017854303629783299,-0.0017870261434883422
AU--RU,AU,RU,14468.762247285287,10,14456.0,14460.0,14457.5,14459.195666666687,12.427567921538166,154.44444444444446,14430.0,14470.0,14452.5,14463.75,11.25,5.0,0.0008596823410029168,1,0,14448.5,14462.5,12.76224728528723,-12.76224728528723,-0.0008820552212530659,-0.0008824444608637868
AU--SA,AU,SA,12623.318465753277,10,12750.0,12750.0,12752.5,12738.322857146673,173.97317800933186,30266.66666666667,12460.0,13020.0,12650.0,12830.0,180.0,100.0,0.013644955137986813,0,0,12652.95,12849.025,126.68153424672346,126.68153424672346,0.01003551756936237,0.009985496145121633
AU--SE,AU,SE,15597.07886628645,10,15600.0,15600.0,15600.0,15600.0,0.0,0.0,15600.0,15600.0,15600.0,15600.0,0.0,0.0,0.0,0,0,15600.0,15600.0,2.9211337135493523,2.9211337135493523,0.00018728723106372627,0.00018726969499978632
AU--SG,AU,SG,6204.591664762586,10,6140.0,6150.0,6150.0,6149.888888888889,31.622776601683793,1000.0,6050.0,6150.0,6150.0,6150.0,0.0,0.0,0.005150289348808435,1,0,6120.0,6150.0,64.59166476258633,-64.59166476258633,-0.010410300669650575,-0.010464866880476075
AU--SN,AU,SN,17367.8662451382,10,17585.0,17725.0,17618.75,17688.05928649559,565.7099767352329,320027.77777777775,16500.0,18400.0,17437.5,17925.0,487.5,225.0,0.032170029953666926,1,0,17260.0,17910.125,217.1337548617994,217.1337548617994,0.012502039789866633,0.012424534603803416
AU--TH,AU,TH,7462.848367041455,10,7392.5,7420.0,7401.875,7414.034800035669,51.921414978150715,2695.8333333333335,7280.0,7430.0,7385.0,7423.75,38.75,10.0,0.007023525867859414,2,0,7358.5,7418.5,70.34836704145528,-70.34836704145528,-0.00942647680638109,-0.009471187235251996
AU--TR,AU,TR,14491.126052008547,10,14474.0,14450.0,14455.0,14454.999999696443,116.25642156696358,13515.555555555555,14350.0,14750.0,14407.5,14517.5,110.0,65.0,0.008032086608191488,1,0,14415.95,14551.0,17.12605200854705,-17.12605200854705,-0.0011818303109835475,-0.001182529223143475
AU--TZ,AU,TZ,11694.349880853746,10,11281.0,11325.0,11301.25,11318.33333333749,334.71214830391534,112032.22222222222,10650.0,11750.0,11180.0,11450.0,270.0,165.0,0.029670432435414888,1,0,11085.925,11461.0,413.3498808537461,-413.3498808537461,-0.03534611885783338,-0.03598591437301521
AU--UA,AU,UA,14887.737081531282,10,14912.0,14915.0,14911.25,14911.647333333334,11.105554165971787,123.33333333333331,14900.0,14930.0,14900.0,14920.0,20.0,10.0,0.00074473941563652,0,0,14905.5,14918.5,24.262918468717544,24.262918468717544,0.001629725077481149,0.0016283985166576846
AU--US,AU,US,15945.723803950415,10,16008.0,16010.0,16007.5,16012.50000000048,52.185566331442004,2723.3333333333335,15920.0,16100.0,16000.0,16031.25,31.25,17.5,0.0032599679117592457,3,0,15978.0,16038.5125,62.27619604958454,62.27619604958454,0.003905510769862711,0.0038979040616307463
AU--VN,AU,VN,7727.631084944442,10,7747.0,7750.0,7748.75,7749.750000002139,6.749485577105529,45.55555555555555,7730.0,7750.0,7750.0,7750.0,0.0,0.0,0.0008712386184465637,2,0,7742.0,7750.0,19.36891505555832,19.36891505555832,0.002506449239443419,0.0025033133344464767
AU--ZA,AU,ZA,10839.833274898414,10,10314.0,10307.5,10314.375,10310.775333333138,24.013884872437167,576.6666666666666,10275.0,10350.0,10300.0,10327.5,27.5,10.0,0.002328280480166489,0,0,10300.5,10328.5,525.833274898414,-525.833274898414,-0.04850935079565066,-0.0497254197200244
BD--BR,BD,BR,15592.505750516311,10,16051.0,16000.0,16048.75,16031.08666667447,208.56387244412414,43498.88888888888,15700.0,16420.0,15942.5,16212.5,270.0,100.0,0.012993824213078571,0,0,15939.975,16186.025,458.4942494836887,458.4942494836887,0.029404783093859476,0.028980754712859883
BD--CA,BD,CA,12219.959997048985,10,11670.0,11700.0,11668.125,11670.000000000542,203.6200164794982,41461.11111111112,11440.0,11915.0,11452.5,11846.25,393.75,207.5,0.017448159081362314,0,0,11551.0,11787.0375,549.9599970489853,-549.9599970489853,-0.04500505706907354,-0.046049233875713705
BD--CD,BD,CD,8699.546891941973,10,8916.0,8950.0,8923.75,8923.820000000089,139.71796989332157,19521.111111111113,8650.0,9120.0,8842.5,9006.25,163.75,100.0,0.01567047665918815,0,0,8840.5,8997.5125,216.45310805802728,216.45310805802728,0.024880963427936546,0.024576472605347018
BD--CL,BD,CL,17886.203807894904,10,17154.0,17100.0,17148.75,17137.064999998183,124.02508706798888,15382.222222222223,17000.0,17350.0,17062.5,17237.5,175.0,75.0,0.0072300971824640825,0,0,17089.0,17223.0,732.2038078949045,-732.2038078949045,-0.04093679216445652,-0.04179829611891161
BD--CN,BD,CN,3026.7986717227063,10,3027.5,3027.5,3027.5,3027.5,2.6352313834736494,6.944444444444444,3025.0,3030.0,3025.0,3030.0,5.0,2.5,0.0008704315056890666,0,0,3026.0,3029.0,0.7013282772936691,0.7013282772936691,0.00023170628553715705,0.00023167944578175994
BD--CO,BD,CO,16454.083310734804,10,16609.0,16625.0,16617.5,16642.465999366632,218.7057891831449,47832.22222222222,16250.0,16900.0,16557.5,16757.5,200.0,130.0,0.013167908313754284,2,0,16480.975,16733.025,154.9166892651956,154.9166892651956,0.009415090852501425,0.009371045131768231
BD--DE,BD,DE,7083.361209694893,10,7145.0,7132.5,7145.625,7144.999999999929,80.69145624606803,6511.111111111111,7035.0,7250.0,7080.0,7221.25,141.25,75.0,0.011293415849694616,0,0,7100.0,7191.5,61.63879030510725,61.63879030510725,0.008701912620345146,0.008664269200920786
BD--DZ,BD,DZ,8249.865357774017,10,8368.5,8350.0,8370.625,8361.94400000003,132.9797394760236,17683.611111111113,8140.0,8580.0,8288.75,8430.0,141.25,80.0,0.01589051078162438,0,0,8290.4875,8447.0125,118.63464222598304,118.63464222598304,0.014380191322054873,0.014277777027959288
BD--EG,BD,EG,5856.065710330734,10,5266.0,5300.0,5276.25,5289.520214285822,78.66242926440664,6187.777777777778,5100.0,5350.0,5267.5,5300.0,32.5,22.5,0.0149377951508558,3,0,5215.95,5307.0,590.065710330734,-590.065710330734,-0.10076145649967591,-0.1062069365483607
BD--ES,BD,ES,8668.474277763522,10,8253.5,8250.0,8252.5,8250.0,13.550317749451896,183.6111111111111,8235.0,8280.0,8250.0,8250.0,0.0,0.0,0.0016417662506151203,4,0,8246.0,8262.5,414.97427776352197,-414.97427776352197,-0.04787166281706795,-0.04905544531128424
BD--ET,BD,ET,5724.1496250866285,10,6178.5,6155.0,6171.875,6167.288714283098,117.71080380888296,13855.833333333334,6030.0,6380.0,6081.25,6247.5,166.25,85.0,0.019051679826638013,0,0,6110.9875,6255.0125,454.3503749133715,454.3503749133715,0.07937430093059376,0.07638152225730509
BD--FI,BD,FI,6394.878508271938,10,6674.0,6680.0,6683.75,6690.628928702675,99.60477453973334,9921.111111111111,6450.0,6820.0,6672.5,6718.75,46.25,37.5,0.014924299451563282,3,0,6610.9875,6726.5,279.1214917280622,279.1214917280622,0.04364766138512428,0.04272194340347739
BD--FJ,BD,FJ,10616.636231096905,10,11650.0,11700.0,11650.0,11649.99999999636,201.38409955990954,40555.55555555556,11350.0,11950.0,11462.5,11787.5,325.0,175.0,0.017286188803425712,0,0,11530.0,11770.125,1033.3637689030948,1033.3637689030948,0.09733438599660188,0.09288395343841804
BD--FR,BD,FR,7923.795839306774,10,7915.0,7910.0,7914.375,7913.73135714284,11.055415967851333,122.22222222222223,7900.0,7935.0,7910.0,7920.0,10.0,7.5,0.0013967676522869657,0,0,7909.0,7921.5,8.795839306773814,-8.795839306773814,-0.001110053752665002,-0.0011106703186551045
BD--GB,BD,GB,8015.217428089591,10,8001.5,8000.0,8000.625,8000.25,3.3747427885527643,11.388888888888888,8000.0,8010.0,8000.0,8000.0,0.0,0.0,0.00042176376786262127,2,0,8000.0,8004.0,13.717428089590612,-13.717428089590612,-0.0017114230789943936,-0.0017128892365214138
BD--GH,BD,GH,9833.431322059829,10,10370.0,10385.0,10365.0,10368.540888892749,193.39079605813717,37400.0,10130.0,10650.0,10175.0,10530.0,355.0,180.0,0.01864906422932856,0,0,10250.975,10483.05,536.5686779401713,536.5686779401713,0.054565762485823226,0.05312908265818443
BD--GR,BD,GR,6434.574552380038,10,6129.0,6140.0,6132.5,6138.333333333334,45.81363212940979,2098.888888888889,6050.0,6180.0,6122.5,6150.0,27.5,15.0,0.00747489511003586,2,0,6101.0,6154.0,305.57455238003786,-305.57455238003786,-0.04748947267492784,-0.04865411973257033
BD--IN,BD,IN,1425.4260591415405,10,1422.7,1424.0,1422.75,1423.5058000038505,2.359378449224852,5.566666666666667,1420.0,1425.0,1420.0,1424.75,4.75,1.0,0.001658380859791138,0,0,1421.3,1424.0,2.726059141540418,-2.726059141540418,-0.0019124521570639593,-0.0019142832286207288
BD--IT,BD,IT,7320.0470436892765,10,7289.0,7282.5,7286.875,7288.131611271339,37.77124126457412,1426.666666666667,7250.0,7345.0,7252.5,7320.0,67.5,32.5,0.005181951058385804,0,0,7267.0,7312.0,31.047043689276506,-31.047043689276506,-0.004241372152934814,-0.004250392286000687
BD--JP,BD,JP,4901.783530903048,10,4767.0,4727.5,4750.0,4727.9021666665885,84.26809070526703,7101.111111111111,4720.0,4950.0,4725.0,4737.5,12.5,2.5,0.017677384246961827,2,0,4726.0,4824.5,134.7835309030479,-134.7835309030479,-0.0274968345813951,-0.02788194856567622
BD--KE,BD,KE,6417.460535353122,10,6925.0,6945.0,6931.25,6943.391333333445,36.59083066683358,1338.888888888889,6850.0,6950.0,6920.0,6950.0,30.0,5.0,0.005283874464524705,2,0,6902.0,6945.0,507.5394646468776,507.5394646468776,0.07908727476404342,0.07611556786508955
BD--KR,BD,KR,3797.612686267932,10,3723.5,3722.5,3722.5,3722.902166666636,8.181958472422385,66.94444444444446,3715.0,3740.0,3716.25,3728.75,12.5,7.5,0.0021973837712964644,0,0,3719.0,3728.0,74.11268626793208,-74.11268626793208,-0.019515598980359847,-0.019708542682242824
BD--MA,BD,MA,9196.660288262383,10,9547.0,9565.0,9552.5,9560.248571433556,147.27525250360293,21690.0,9300.0,9750.0,9460.0,9650.0,190.0,100.0,0.015426338378925623,0,0,9457.0,9633.025,350.3397117376171,350.3397117376171,0.0380942321186695,0.03738656301115349
BD--MX,BD,MX,15118.666153073525,10,15205.0,15070.0,15162.5,15173.118003344722,914.6614431337725,836605.5555555554,14350.0,16400.0,14352.5,15850.0,1497.5,720.0,0.06015530701307284,0,0,14649.0,15764.0,86.33384692647451,86.33384692647451,0.005710414268848936,0.005694171658640825
BD--MY,BD,MY,2578.596726870454,10,2630.0,2630.0,2630.0,2630.0,0.0,0.0,2630.0,2630.0,2630.0,2630.0,0.0,0.0,0.0,0,0,2630.0,2630.0,51.40327312954605,51.40327312954605,0.019934591785483367,0.01973849953953261
BD--NG,BD,NG,8893.098615055616,10,8860.0,8875.0,8862.5,8861.497777795159,219.5955878933414,48222.222222222226,8550.0,9150.0,8675.0,9025.0,350.0,200.0,0.024785055066968553,0,0,8729.875,8980.0,33.09861505561639,-33.09861505561639,-0.003721831555941809,-0.0037287748040945013
BD--NL,BD,NL,7656.49679159308,10,7703.0,7695.0,7701.875,7699.9420000002365,22.261077142752,495.5555555555556,7670.0,7745.0,7690.0,7713.75,23.75,10.0,0.0028899230355383617,0,0,7690.4875,7717.5,46.50320840691984,46.50320840691984,0.006073692665551808,0.0060553221413385035
BD--NO,BD,NO,7181.762061567684,10,7342.0,7330.0,7339.375,7330.775333332874,30.930028559098787,956.6666666666666,7310.0,7395.0,7321.25,7360.0,38.75,10.0,0.004212752459697465,0,0,7325.4875,7360.0125,160.2379384323158,160.2379384323158,0.02231178602947728,0.022066519648617295
BD--NZ,BD,NZ,11267.899459200993,10,11275.0,11295.0,11281.25,11276.113666666539,149.31324269616692,22294.444444444445,11050.0,11450.0,11150.0,11410.0,260.0,145.0,0.013242859662631213,0,0,11188.0,11362.025,7.100540799006922,7.100540799006922,0.0006301565633165865,0.0006299580980412721
BD--PE,BD,PE,18167.538095071344,10,17615.0,17600.0,17600.0,17601.435141471247,360.8092755644363,130183.33333333333,17150.0,18200.0,17352.5,17895.0,542.5,290.0,0.02048306985889505,0,0,17397.0,17838.1,552.5380950713443,-552.5380950713443,-0.03041348212288829,-0.03088556859347162
BD--PH,BD,PH,3362.196759695326,10,3206.0,3312.5,3212.5,3293.8843333097316,175.4644630054125,30787.777777777777,3000.0,3360.0,3003.75,3355.0,351.25,47.5,0.05473002589064645,0,0,3107.0,3305.0375,156.1967596953259,-156.1967596953259,-0.04645675754844285,-0.04757050368362823
BD--PK,BD,PK,2010.504192418624,10,2023.5,2025.0,2023.75,2024.258700000001,5.296749527356901,28.055555555555557,2015.0,2030.0,2021.25,2025.0,3.75,2.5,0.0026176177550565364,2,0,2020.0,2026.5,12.995807581376084,12.995807581376084,0.006463954479867167,0.0064431527190776956
BD--PL,BD,PL,6568.012073729416,10,6773.5,6775.0,6775.625,6775.8333333329965,60.46348760477958,3655.833333333334,6650.0,6880.0,6770.0,6783.75,13.75,7.5,0.008926476357094497,4,0,6739.5,6807.5,205.48792627058356,205.48792627058356,0.03128616755935779,0.030806729624471122
BD--PT,BD,PT,9173.202508931836,10,8710.5,8720.0,8716.875,8719.785375000243,41.59660776767473,1730.277777777778,8620.0,8750.0,8703.75,8740.0,36.25,22.5,0.004775455802499826,1,0,8684.4875,8731.5,462.70250893183584,-462.70250893183584,-0.05044067308895754,-0.05175726841628432
BD--RU,BD,RU,5553.2737926347245,10,5531.0,5555.0,5550.625,5550.833333332598,97.54770912510224,9515.555555555557,5280.0,5625.0,5532.5,5563.75,31.25,20.0,0.017636541154420943,4,0,5469.0,5575.5125,22.273792634724487,-22.273792634724487,-0.0040109300327072096,-0.004018995386173745
BD--SA,BD,SA,4415.912406616781,10,4627.0,4795.0,4638.75,4759.493333308678,302.87694604318176,91734.44444444444,4260.0,4900.0,4282.5,4887.5,605.0,100.0,0.06545860083059904,0,0,4451.925,4812.0,211.08759338321943,211.08759338321943,0.04780158072586015,0.046694236604950125
BD--SE,BD,SE,6768.471024295255,10,6936.0,6922.5,6930.625,6923.521714285009,53.21862664727663,2832.222222222222,6870.0,7045.0,6902.5,6940.0,37.5,20.0,0.007672812377058338,2,0,6908.0,6970.5125,167.52897570474488,167.52897570474488,0.02475137665558497,0.024450023807687012
BD--SG,BD,SG,2874.5622395689315,10,2896.9,2896.0,2896.75,2896.2068285714313,2.282785822435191,5.211111111111112,2895.0,2900.0,2895.0,2899.25,4.25,1.0,0.00078800988036701,0,0,2895.7,2898.2,22.337760431068546,22.337760431068546,0.007770839025012139,0.007740801565922051
BD--SN,BD,SN,11109.021139047307,10,11514.0,11560.0,11495.0,11495.000000000467,389.67792969180186,151848.88888888888,10930.0,12250.0,11255.0,11692.5,437.5,290.0,0.03384383617264216,0,0,11260.95,11743.025,404.97886095269314,404.97886095269314,0.036454954571040046,0.03580619278003891
BD--TH,BD,TH,1533.2161452123528,10,1540.0,1540.0,1540.0,1540.0,0.0,0.0,1540.0,1540.0,1540.0,1540.0,0.0,0.0,0.0,0,0,1540.0,1540.0,6.783854787647215,6.783854787647215,0.004424591280773162,0.0044148315547150015
BD--TR,BD,TR,5633.079801631459,10,5240.0,5250.0,5236.875,5244.398666669423,71.84087354084102,5161.111111111111,5140.0,5365.0,5178.75,5277.5,98.75,40.0,0.013710090370389507,0,0,5196.5,5281.0,393.0798016314593,-393.0798016314593,-0.06978062010014753,-0.07233482828763203
BD--TZ,BD,TZ,6793.0341997186615,10,6841.5,6845.0,6836.875,6839.328299856644,48.249928036791474,2328.055555555556,6780.0,6940.0,6806.25,6850.0,43.75,22.5,0.007052536437446682,1,0,6814.0,6869.5,48.46580028133849,48.46580028133849,0.007134632162362106,0.0071093010882167995
BD--UA,BD,UA,5893.685382507589,10,6083.0,6040.0,6078.75,6078.3228571436275,125.25973016097392,15689.999999999998,5930.0,6270.0,5982.5,6195.0,212.5,100.0,0.02059176889051026,0,0,6012.0,6153.05,189.31461749241134,189.31461749241134,0.03212160222435619,0.03161649173052008
BD--US,BD,US,12949.493713794654,10,12690.5,12637.5,12649.375,12643.154300173674,152.46948692917033,23246.94444444444,12600.0,13110.0,12622.5,12687.5,65.0,27.5,0.012014458605190523,1,0,12628.0,12794.55,258.99371379465447,-258.99371379465447,-0.020000296499527028,-0.02020300986810303
BD--VN,BD,VN,1616.977559772685,10,1867.5,1860.0,1866.25,1864.1376666666417,15.67907310185565,245.83333333333334,1845.0,1900.0,1860.0,1873.75,13.75,5.0,0.008395755342359116,1,0,1859.5,1877.0125,250.52244022731497,250.52244022731497,0.15493253985697455,0.14404193521776018
BD--ZA,BD,ZA,8645.990655579606,10,8429.0,8450.0,8447.5,8446.784071431657,121.76480060619599,14826.666666666668,8150.0,8560.0,8378.75,8502.5,123.75,72.5,0.014445936719207022,1,0,8352.975,8494.5125,216.99065557960603,-216.99065557960603,-0.025097257702860597,-0.025417564449914123
BR--CA,BR,CA,7334.346869539842,10,7104.5,7100.0,7104.375,7104.499999995601,213.39126817499664,45535.833333333336,6830.0,7380.0,6927.5,7303.75,376.25,197.5,0.030036071247096438,0,0,6978.9875,7231.0125,229.84686953984237,-229.84686953984237,-0.031338423669927,-0.03183997852686839
BR--CD,BR,CD,7021.609682135122,10,6804.5,6777.5,6794.375,6780.135071429416,71.12000812398404,5058.055555555556,6740.0,6950.0,6762.5,6797.5,35.0,17.5,0.010451908020278351,2,0,6767.9875,6845.5125,217.10968213512206,-217.10968213512206,-0.030920215159140493,-0.031408333183831336
BR--CL,BR,CL,3009.3551850238605,10,2945.5,3017.5,2996.25,3017.0978333337066,177.69277481716082,31574.722222222223,2460.0,3025.0,3003.75,3020.0,16.25,2.5,0.06032686294929921,2,0,2820.9625,3019.0,63.855185023860486,-63.855185023860486,-0.02121889278528423,-0.021447249587323677
BR--CN,BR,CN,16930.472630910997,10,16909.0,16900.0,16913.75,16901.482600017698,51.30518708885313,2632.222222222222,16800.0,16980.0,16900.0,16930.0,30.0,5.0,0.0030341940439324107,3,0,16877.975,16936.0,21.472630910997395,-21.472630910997395,-0.0012682830172025736,-0.0012690879687847344
BR--CO,BR,CO,3659.609825431805,10,3660.0,3660.0,3660.0,3660.0,0.0,0.0,3660.0,3660.0,3660.0,3660.0,0.0,0.0,0.0,0,0,3660.0,3660.0,0.390174568195107,0.390174568195107,0.00010661643913065772,0.00010661075600196232
BR--DE,BR,DE,9575.611395967344,10,9510.0,9500.0,9506.25,9500.666666666666,16.99673171197595,288.8888888888889,9500.0,9550.0,9500.0,9510.0,10.0,0.0,0.0017872483398502577,2,0,9501.0,9521.0,65.61139596734392,-65.61139596734392,-0.006851927595451022,-0.006875509835607127
BR--DZ,BR,DZ,7899.280557882734,10,7661.0,7645.0,7664.375,7652.500000009159,185.93308234714743,34571.11111111111,7345.0,7950.0,7567.5,7751.25,183.75,112.5,0.02427007993044608,0,0,7546.45,7772.0125,238.28055788273377,-238.28055788273377,-0.03016484300522183,-0.030629163168854397
BR--EG,BR,EG,9874.469524339542,10,9548.0,9500.0,9535.0,9506.37820022319,109.2194528867861,11928.888888888889,9450.0,9750.0,9485.0,9612.5,127.5,35.0,0.01143898752479955,0,0,9486.0,9613.05,326.46952433954175,-326.46952433954175,-0.03306198105476231,-0.03362088181345823
BR--ES,BR,ES,7719.290067297386,10,7269.0,7275.0,7270.0,7273.391333333511,12.866839377079188,165.55555555555554,7250.0,7280.0,7260.0,7280.0,20.0,5.0,0.001770097589362937,0,0,7261.0,7276.0,450.2900672973856,-450.2900672973856,-0.05833309324714072,-0.060103669110949345
BR--ET,BR,ET,9928.94838833383,10,9533.0,9530.0,9541.25,9543.333333349985,201.71762441591463,40690.0,9150.0,9850.0,9450.0,9650.0,200.0,120.0,0.021159931230034054,0,0,9406.95,9646.0,395.94838833383074,-395.94838833383074,-0.03987817972737741,-0.040695106453571155
BR--FI,BR,FI,10597.841046061912,10,10378.5,10360.0,10376.25,10371.77000000045,186.66741071280285,34844.722222222226,10125.0,10650.0,10247.5,10510.0,262.5,150.0,0.017985972029946798,0,0,10266.4875,10486.0,219.3410460619125,-219.3410460619125,-0.020696766927205252,-0.02091394684881425
BR--FJ,BR,FJ,13707.79297949407,10,14290.0,14300.0,14282.5,14282.02149999728,136.86976778431873,18733.333333333332,14120.0,14520.0,14170.0,14350.0,180.0,110.0,0.00957801034179977,0,0,14207.0,14374.025,582.2070205059299,582.2070205059299,0.04247270303665019,0.04159549021050324
BR--FR,BR,FR,8706.397888002059,10,8730.2,8730.0,8730.0,8730.111111111111,0.6324555320336759,0.4,8730.0,8732.0,8730.0,8730.0,0.0,0.0,7.244456393137337e-05,1,0,8730.0,8730.6,23.80211199794212,23.80211199794212,0.002733864487257453,0.002730134276786763
BR--GB,BR,GB,8772.672472521588,10,8780.0,8780.0,8780.0,8780.0,0.0,0.0,8780.0,8780.0,8780.0,8780.0,0.0,0.0,0.0,0,0,8780.0,8780.0,7.3275274784118665,7.3275274784118665,0.0008352674172395799,0.0008349187755363164
BR--GH,BR,GH,5761.1782251059785,10,5920.5,6097.5,5935.625,6075.609000010304,269.46912830807,72613.61111111111,5570.0,6150.0,5650.0,6142.5,492.5,52.5,0.04551458969817921,0,0,5757.0,6074.0375,159.32177489402147,159.32177489402147,0.027654373579302123,0.027278898029392932
BR--GR,BR,GR,9543.526478721476,10,9526.0,9525.0,9520.0,9520.788857142115,56.01587076693335,3137.777777777778,9450.0,9650.0,9492.5,9547.5,55.0,30.0,0.005880313958317588,1,0,9494.975,9560.025,17.52647872147645,-17.52647872147645,-0.0018364782410940019,-0.0018381666347077675
BR--IN,BR,IN,14244.967094288088,10,14286.0,14300.0,14282.5,14282.818999999889,89.21883209278185,7960.000000000001,14150.0,14450.0,14212.5,14337.5,125.0,55.0,0.006245193342627877,0,0,14231.0,14338.05,41.03290571191246,41.03290571191246,0.002880519515441053,0.002876378768863419
BR--IT,BR,IT,8891.366226296563,10,8771.0,8730.0,8730.0,8730.0,133.20410404087906,17743.333333333332,8720.0,9150.0,8730.0,8730.0,0.0,0.0,0.0151868776696932,2,0,8727.0,8856.0,120.36622629656267,-120.36622629656267,-0.013537427571094177,-0.013629893997022685
BR--JP,BR,JP,17673.237812688087,10,17536.0,17600.0,17540.0,17577.420666666887,138.58010118499857,19204.44444444444,17370.0,17670.0,17380.0,17660.0,280.0,65.0,0.00790260613509344,0,0,17451.0,17620.0,137.2378126880867,-137.2378126880867,-0.0077652897642536125,-0.007795596623125792
BR--KE,BR,KE,9414.754147935433,10,8510.0,8510.0,8502.5,8503.11811111114,301.1090610836324,90666.66666666667,8130.0,8950.0,8267.5,8745.0,477.5,255.0,0.035382968399956805,0,0,8340.9,8683.05,904.7541479354331,-904.7541479354331,-0.0960996042720709,-0.10103610637730438
BR--KR,BR,KR,17539.5016131441,10,18124.0,18130.0,18136.25,18135.304499675793,87.83823515733656,7715.555555555556,17950.0,18200.0,18107.5,18200.0,92.5,70.0,0.004846514850879307,1,0,18069.0,18169.0,584.4983868558993,584.4983868558993,0.03332468617112109,0.03278145456648146
BR--MA,BR,MA,7024.002442289389,10,7034.5,7065.0,7037.5,7043.1057142848,142.79842047056715,20391.38888888889,6800.0,7245.0,6950.0,7137.5,187.5,100.0,0.020299725704821543,0,0,6950.975,7116.0,10.497557710610636,10.497557710610636,0.0014945264892574671,0.001493410796027584
BR--MX,BR,MX,6827.142656438756,10,6848.0,6850.0,6850.0,6849.888888888889,6.324555320336759,40.00000000000001,6830.0,6850.0,6850.0,6850.0,0.0,0.0,0.0009235624007501109,1,0,6844.0,6850.0,20.857343561244306,20.857343561244306,0.0030550619213403295,0.0030504047026520664
BR--MY,BR,MY,16422.814195799372,10,16143.0,16115.0,16141.25,16138.239000000023,109.04127658827184,11890.0,16000.0,16300.0,16100.0,16225.0,125.0,75.0,0.006754709569985247,0,0,16080.0,16208.05,279.8141957993721,-279.8141957993721,-0.017038139289851005,-0.01718495845831822
BR--NG,BR,NG,6701.782316617511,10,6155.0,6150.0,6152.5,6150.428571428572,9.7182531580755,94.44444444444443,6150.0,6180.0,6150.0,6157.5,7.5,0.0,0.001578920090670268,1,0,6150.0,6161.025,546.7823166175112,-546.7823166175112,-0.08158759726673431,-0.08510874878974593
BR--NL,BR,NL,9095.395184382438,10,9238.5,9245.0,9235.625,9236.445611111722,49.78007187173956,2478.055555555556,9180.0,9320.0,9191.25,9277.5,86.25,42.5,0.005388328394408135,0,0,9209.5,9267.0125,143.10481561756205,143.10481561756205,0.01573376557219692,0.01561127305770064
BR--NO,BR,NO,9890.673869295977,10,9557.0,9615.0,9561.25,9598.739333334412,99.89438867568532,9978.888888888887,9430.0,9650.0,9452.5,9637.5,185.0,35.0,0.010452483904539638,0,0,9498.0,9613.025,333.67386929597706,-333.67386929597706,-0.03373621188054886,-0.03431840945972837
BR--NZ,BR,NZ,12315.070951453863,10,12103.0,12140.0,12103.75,12125.978333332645,113.43622780125305,12867.777777777776,11900.0,12300.0,12062.5,12150.0,87.5,25.0,0.009372571081653562,2,0,12030.0,12168.0,212.07095145386302,-212.07095145386302,-0.017220440896349595,-0.017370437184241867
BR--PE,BR,PE,3172.9910685849954,10,3170.0,3170.0,3170.0,3170.0,0.0,0.0,3170.0,3170.0,3170.0,3170.0,0.0,0.0,0.0,0,0,3170.0,3170.0,2.991068584995446,-2.991068584995446,-0.0009426653023417813,-0.0009431098906985293
BR--PH,BR,PH,18834.978421995093,10,18410.0,18400.0,18400.0,18400.11111111111,31.622776601683793,1000.0,18400.0,18500.0,18400.0,18400.0,0.0,0.0,0.0017176956328997172,1,0,18400.0,18430.0,424.9784219950925,-424.9784219950925,-0.022563255049913498,-0.022821700264971326
BR--PK,BR,PK,13831.892357763147,10,13994.0,14025.0,13996.25,13995.000000008456,211.19764308449194,44604.444444444445,13650.0,14320.0,13862.5,14102.5,240.0,150.0,0.015092013940581102,0,0,13868.95,14114.05,162.10764223685328,162.10764223685328,0.011719845560095789,0.011651700089599445
BR--PL,BR,PL,10013.245328845951,10,10038.0,10055.0,10047.5,10045.71022241759,98.97249898611005,9795.555555555555,9850.0,10150.0,9962.5,10122.5,160.0,80.0,0.009859782724258822,0,0,9979.975,10091.0,24.754671154048992,24.754671154048992,0.002472192614989293,0.0024691417739697544
BR--PT,BR,PT,7260.226545104273,10,7288.0,7290.0,7288.75,7289.75,4.216370213557839,17.77777777777778,7280.0,7290.0,7290.0,7290.0,0.0,0.0,0.0005785359788087046,2,0,7285.0,7290.0,27.7734548957269,27.7734548957269,0.003825425380762414,0.003818127047987339
BR--RU,BR,RU,11166.929191609152,10,11171.5,11175.0,11173.125,11175.02175,11.796892246124258,139.16666666666666,11150.0,11180.0,11171.25,11180.0,8.75,5.0,0.0010559810451706807,2,0,11164.5,11178.0,4.57080839084847,4.57080839084847,0.0004093165016469328,0.00040923275449968125
BR--SA,BR,SA,11195.014360359984,10,10876.0,10850.0,10873.75,10857.927333329873,141.27986409959487,19959.999999999996,10650.0,11120.0,10807.5,10962.5,155.0,70.0,0.012990057383191879,0,0,10788.975,10957.0,319.0143603599845,-319.0143603599845,-0.028496109972808138,-0.028910006027324988
BR--SE,BR,SE,10211.465310360685,10,9868.0,9815.0,9851.25,9857.276749359467,241.19148685916204,58173.333333333336,9620.0,10250.0,9650.0,10077.5,427.5,195.0,0.02444178018434962,0,0,9722.0,10018.0,343.4653103606852,-343.4653103606852,-0.033635261925847294,-0.0342139403872448
BR--SG,BR,SG,16541.57994188363,10,16501.0,16700.0,16533.75,16693.475285708617,346.10370956951294,119787.77777777777,16000.0,16740.0,16175.0,16722.5,547.5,35.0,0.020974711203533905,0,0,16280.0,16653.05,40.579941883628635,-40.579941883628635,-0.0024532083408114703,-0.0024562223867906786
BR--SN,BR,SN,4752.903773023973,10,5007.0,5030.0,5022.5,5025.862333332894,60.194130389377115,3623.3333333333335,4840.0,5050.0,5012.5,5030.0,17.5,5.0,0.012021995284477154,1,0,4968.0,5031.025,254.09622697602663,254.09622697602663,0.053461260549434855,0.052081181444974416
BR--TH,BR,TH,16631.97836274269,10,16743.0,16740.0,16741.25,16741.25,24.96664441476534,623.3333333333334,16700.0,16800.0,16732.5,16750.0,17.5,10.0,0.0014911691103604695,2,0,16730.0,16757.025,111.02163725730861,111.02163725730861,0.006675191299310987,0.006653010860937315
BR--TR,BR,TR,10359.803932064284,10,10286.0,10300.0,10293.75,10295.000000004431,137.2103008766713,18826.666666666668,10050.0,10460.0,10197.5,10375.0,177.5,100.0,0.013339519820792466,0,0,10204.0,10362.0,73.8039320642838,-73.8039320642838,-0.007124066492789087,-0.007149563823102954
BR--TZ,BR,TZ,9156.612898830454,10,8627.0,8725.0,8645.0,8663.634284748094,291.80663308278497,85151.1111111111,8160.0,8950.0,8376.25,8843.75,467.5,200.0,0.03382480967691955,0,0,8436.375,8785.5,529.6128988304536,-529.6128988304536,-0.057839389377058785,-0.05957951933945354
BR--UA,BR,UA,10549.919782043095,10,10116.5,10130.0,10123.125,10128.517400017736,35.5941630670598,1266.9444444444441,10030.0,10150.0,10118.75,10130.0,11.25,5.0,0.003518426636392013,3,0,10092.0,10134.0,433.41978204309453,-433.41978204309453,-0.04108275617230888,-0.04195050205824481
BR--US,BR,US,6769.014727737269,10,6745.0,6740.0,6743.75,6740.666666666667,7.0710678118654755,50.00000000000001,6740.0,6760.0,6740.0,6750.0,10.0,0.0,0.0010483421514996998,0,0,6741.0,6749.0,24.014727737268913,-24.014727737268913,-0.003547743460930023,-0.003554051627018299
BR--VN,BR,VN,17204.186662884276,10,17154.5,17140.0,17158.75,17163.33333333297,164.7970131876047,27158.05555555556,16875.0,17400.0,17100.0,17275.0,175.0,110.0,0.009606634596613407,0,0,17054.9375,17245.0,49.6866628842763,-49.6866628842763,-0.002888056486359138,-0.0028922349685609854
BR--ZA,BR,ZA,7905.896338955261,10,7528.5,7467.5,7516.875,7495.84278621101,170.2620529262662,28989.16666666667,7350.0,7800.0,7390.0,7662.5,272.5,102.5,0.02261566752025851,0,0,7431.9875,7632.0,377.39633895526094,-377.39633895526094,-0.04773605961612351,-0.048913034314588794
CA--CD,CA,CD,10429.733240251062,10,10259.0,10245.0,10253.75,10246.666666674217,191.0468238126164,36498.88888888889,9960.0,10600.0,10172.5,10325.0,152.5,100.0,0.018622363175028404,1,0,10150.975,10375.05,170.73324025106194,-170.73324025106194,-0.01636985686193371,-0.016505323381664695
CA--CL,CA,CL,8748.678780930806,10,8638.5,8627.5,8630.625,8622.499999999003,73.78836102138482,5444.722222222222,8560.0,8780.0,8592.5,8647.5,55.0,32.5,0.00854180251448571,2,0,8597.5,8685.025,110.17878093080617,-110.17878093080617,-0.012593762291394108,-0.012673735870658679
CA--CN,CA,CN,10474.241950070254,10,10344.0,10510.0,10406.25,10506.872714117386,371.99761050606526,138382.22222222222,9630.0,10560.0,10477.5,10535.0,57.5,35.0,0.03596264602726849,2,0,10078.975,10526.0,130.24195007025446,-130.24195007025446,-0.012434498906088462,-0.012512454184929465
CA--CO,CA,CO,4525.731196671247,10,4542.0,4535.0,4533.75,4533.333333333451,32.076297929918425,1028.8888888888891,4520.0,4630.0,4530.0,4535.0,5.0,5.0,0.007062152780695382,4,0,4528.5,4563.5125,16.268803328753165,16.268803328753165,0.0035947347780440763,0.003588289161218706
CA--DE,CA,DE,6146.549872089064,10,6137.0,6140.0,6136.875,6137.931166666736,5.374838498865699,28.888888888888886,6130.0,6145.0,6131.25,6140.0,8.75,2.5,0.0008758087826080658,0,0,6134.0,6140.0,9.549872089063683,-9.549872089063683,-0.0015536963479998434,-0.0015549045858227043
CA--DZ,CA,DZ,6419.275105731327,10,6180.5,6185.0,6183.75,6189.999999996121,93.6438287697949,8769.166666666666,6025.0,6310.0,6148.75,6231.25,82.5,47.5,0.015151497252616277,0,0,6129.475,6234.5,238.77510573132713,-238.77510573132713,-0.037196584006524556,-0.037906025101247284
CA--EG,CA,EG,8876.40462189037,10,8598.0,8575.0,8599.375,8599.374999999818,97.95690662508466,9595.555555555555,8435.0,8750.0,8562.5,8677.5,115.0,95.0,0.011392987511640458,0,0,8543.5,8659.5,278.4046218903695,-278.4046218903695,-0.031364570876341924,-0.03186697201970185
CA--ES,CA,ES,5707.581780771725,10,5682.0,5675.0,5678.75,5673.706500000018,26.583202716502512,706.6666666666665,5660.0,5730.0,5662.5,5680.0,17.5,10.0,0.004678493966297521,2,0,5668.0,5700.0,25.58178077172488,-25.58178077172488,-0.004482069947364986,-0.004492144537487344
CA--ET,CA,ET,11136.890454729448,10,11320.0,11265.0,11310.0,11302.624750002107,159.30404193798026,25377.777777777774,11150.0,11570.0,11197.5,11435.0,237.5,115.0,0.014072795224203204,0,0,11231.0,11417.0,183.1095452705522,183.1095452705522,0.01644171198548442,0.016308010568555104
CA--FI,CA,FI,6289.502387773958,10,6086.0,6077.5,6084.375,6085.190777666764,50.26595932305148,2526.6666666666665,6025.0,6160.0,6045.0,6126.25,81.25,45.0,0.008259276918017004,0,0,6055.5,6114.0125,203.5023877739577,-203.5023877739577,-0.0323558805175974,-0.03289090446641872
CA--FJ,CA,FJ,12653.111746459324,10,12788.5,12800.0,12760.625,12760.624998978288,340.13110217483296,115689.16666666666,12350.0,13450.0,12517.5,12978.75,461.25,220.0,0.026596637774159045,0,0,12601.9875,12991.0,135.38825354067558,135.38825354067558,0.01069999666908504,0.010643156802828346
CA--FR,CA,FR,5663.62568366498,10,5650.0,5650.0,5650.0,5650.0,0.0,0.0,5650.0,5650.0,5650.0,5650.0,0.0,0.0,0.0,0,0,5650.0,5650.0,13.625683664979988,-13.625683664979988,-0.002405823482346152,-0.0024087221256763607
CA--GB,CA,GB,5378.074759985251,10,5381.5,5380.0,5381.875,5381.595124999957,7.472170590486631,55.833333333333336,5370.0,5390.0,5380.0,5388.75,8.75,7.5,0.0013884921658434695,0,0,5377.0,5386.0,3.4252400147488515,3.4252400147488515,0.0006368896245611589,0.0006366868964366656
CA--GH,CA,GH,8439.561227154014,10,8254.0,8242.5,8248.75,8250.404624999264,139.00039967968118,19321.111111111113,8100.0,8450.0,8123.75,8350.0,226.25,122.5,0.01684036826746804,0,0,8178.5,8332.5125,185.56122715401398,-185.56122715401398,-0.021987070436431784,-0.022232388622062157
CA--GR,CA,GR,7764.7115554242955,10,7612.0,7620.0,7618.75,7621.595125000091,28.49951266639874,812.2222222222222,7540.0,7630.0,7620.0,7628.75,8.75,7.5,0.003744024259905247,2,0,7593.9875,7625.0,152.7115554242955,-152.7115554242955,-0.019667382920053714,-0.0198633597188108
CA--IN,CA,IN,11362.94782650969,10,11152.5,11150.0,11151.25,11150.142857140514,9.204467514322717,84.72222222222221,11140.0,11175.0,11150.0,11150.0,0.0,0.0,0.0008253277304929583,3,0,11148.0,11158.5,210.44782650968955,-210.44782650968955,-0.018520530915289077,-0.01869418338077547
CA--IT,CA,IT,6746.931142314486,10,6727.0,6730.0,6730.0,6729.888888888889,9.486832980505138,90.0,6700.0,6730.0,6730.0,6730.0,0.0,0.0,0.0014102620752943567,1,0,6721.0,6730.0,19.93114231448635,-19.93114231448635,-0.0029541048951107446,-0.0029584768752913783
CA--JP,CA,JP,10343.49118277986,10,10237.5,10310.0,10307.5,10307.528999981607,224.08145840296558,50212.49999999999,9600.0,10315.0,10300.0,10313.75,13.75,5.0,0.021888298745100423,1,0,10094.0,10311.0125,105.99118277986054,-105.99118277986054,-0.010247138118734773,-0.010300001480739058
CA--KE,CA,KE,11852.842570511928,10,11682.5,11680.0,11673.125,11678.745428570513,131.25992026001947,17229.16666666667,11490.0,11950.0,11622.5,11748.75,126.25,70.0,0.011235601991013864,1,0,11608.4625,11762.025,170.342570511928,-170.342570511928,-0.014371453050065344,-0.014475722590335837
CA--KR,CA,KR,10536.510102087088,10,10492.0,10500.0,10488.75,10490.08572235722,29.646060259145546,878.8888888888889,10460.0,10550.0,10465.0,10500.0,35.0,27.5,0.0028255871386909594,0,0,10476.0,10510.5125,44.510102087087944,-44.510102087087944,-0.004224368567565015,-0.00423331642070637
CA--MA,CA,MA,5854.797692873017,10,5708.5,5717.5,5710.625,5711.725625000393,46.010264555253805,2116.944444444445,5640.0,5760.0,5680.0,5748.75,68.75,37.5,0.008059957003635597,0,0,5682.0,5733.0125,146.29769287301679,-146.29769287301679,-0.0249876597873063,-0.02530515143598055
CA--MX,CA,MX,3598.308798337808,10,3596.5,3610.0,3596.875,3601.656600000415,27.99305469417568,783.6111111111111,3560.0,3630.0,3567.5,3618.75,51.25,15.0,0.00778341573590315,0,0,3580.0,3614.0,1.8087983378081844,-1.8087983378081844,-0.0005026801309114257,-0.0005028065169246435
CA--MY,CA,MY,14615.980355359012,10,14804.0,14800.0,14803.75,14801.608666666667,17.126976771553505,293.3333333333333,14780.0,14830.0,14792.5,14815.0,22.5,10.0,0.0011569154803805393,0,0,14795.0,14814.0,188.0196446409882,188.0196446409882,0.012863977651150165,0.012781939499530512
CA--NG,CA,NG,8769.14706891505,10,8777.0,8750.0,8780.0,8762.82599981878,115.85910984179593,13423.333333333334,8580.0,8950.0,8727.5,8852.5,125.0,50.0,0.013200308743510986,0,0,8712.0,8850.0,7.852931084949887,7.852931084949887,0.0008955182326439736,0.0008951174954186493
CA--NL,CA,NL,5650.389098226851,10,5648.5,5650.0,5648.125,5648.124999999931,14.346892811104896,205.83333333333334,5625.0,5675.0,5640.0,5657.5,17.5,10.0,0.0025399473862272987,0,0,5639.5,5657.5,1.8890982268512744,-1.8890982268512744,-0.000334330644139904,-0.00033438654508965494
CA--NO,CA,NO,5615.364370869781,10,5570.0,5595.0,5581.875,5586.332428574543,70.19813229550896,4927.777777777777,5415.0,5630.0,5528.75,5625.0,96.25,35.0,0.012602896282856185,0,0,5522.4875,5607.0,45.36437086978094,-45.36437086978094,-0.008078615718173657,-0.008111424553589819
CA--NZ,CA,NZ,14472.518850835871,10,14436.0,14400.0,14420.0,14418.10242879111,91.18966803073447,8315.555555555555,14340.0,14660.0,14400.0,14450.0,50.0,45.0,0.0063168237760276025,1,0,14391.0,14494.075,36.51885083587149,-36.51885083587149,-0.0025233237705378645,-0.002526512717590176
CA--PE,CA,PE,6365.101501579229,10,6228.5,6250.0,6223.125,6228.5073333359105,64.8095500507277,4200.277777777778,6140.0,6360.0,6181.25,6250.0,68.75,30.0,0.01040532231688652,1,0,6192.5,6269.0,136.60150157922908,-136.60150157922908,-0.02146100915206729,-0.021694645369196654
CA--PH,CA,PH,13148.893379643874,10,13150.5,13222.5,13215.625,13220.833333334587,250.84800621536186,62924.722222222226,12450.0,13330.0,13200.0,13240.0,40.0,22.5,0.01907516871718656,2,0,12987.4875,13250.0,1.606620356125859,1.606620356125859,0.0001221867353957792,0.00012217927120462563
CA--PK,CA,PK,10699.32409267107,10,10635.0,10655.0,10633.125,10633.125000001832,138.84443733105687,19277.777777777777,10435.0,10850.0,10505.0,10737.5,232.5,105.0,0.013055424290649447,0,0,10555.5,10715.0125,64.3240926710696,-64.3240926710696,-0.006011977215937496,-0.006030121911174567
CA--PL,CA,PL,6594.700288950723,10,6531.0,6530.0,6528.75,6530.0,37.32738047778511,1393.333333333333,6480.0,6600.0,6512.5,6547.5,35.0,20.0,0.005715415782848739,0,0,6509.4875,6554.0125,63.70028895072301,-63.70028895072301,-0.009659315231876641,-0.009706269022875158
CA--PT,CA,PT,5399.63090845621,10,5287.0,5277.5,5286.25,5284.912999999777,22.135943621178654,489.99999999999994,5260.0,5320.0,5271.25,5307.5,36.25,15.0,0.004186862799542019,0,0,5274.5,5300.0,112.63090845620991,-112.63090845620991,-0.02085900135874506,-0.021079623695041266
CA--RU,CA,RU,7180.055639081386,10,7152.5,7140.0,7143.125,7140.666666666667,31.024184114977142,962.5000000000001,7140.0,7240.0,7140.0,7148.75,8.75,0.0,0.004337530110447695,1,0,7141.0,7172.5,27.55563908138629,-27.55563908138629,-0.003837803001330467,-0.0038451862636604294
CA--SA,CA,SA,10317.222965793204,10,9822.5,9860.0,9831.875,9844.369666665754,85.4806670800155,7306.944444444444,9650.0,9920.0,9772.5,9880.0,107.5,35.0,0.008702536735048663,0,0,9767.975,9869.0,494.7229657932039,-494.7229657932039,-0.04795117517896628,-0.04913895892916718
CA--SE,CA,SE,6012.504954934798,10,5940.5,5945.0,5939.375,5940.229444444548,23.740495174092537,563.6111111111111,5910.0,5980.0,5920.0,5950.0,30.0,25.0,0.003996379963655002,0,0,5927.0,5954.5,72.00495493479775,-72.00495493479775,-0.011975866211253476,-0.012048154620914606
CA--SG,CA,SG,14829.085234720038,10,14821.0,14800.0,14810.0,14801.48260001783,62.08417225383974,3854.444444444444,14750.0,14980.0,14800.0,14830.0,30.0,5.0,0.004188932747712012,2,0,14790.975,14863.025,8.085234720037988,-8.085234720037988,-0.0005452281507633152,-0.0005453768416809309
CA--SN,CA,SN,6388.706012444591,10,6270.5,6295.0,6282.5,6287.804499996663,111.41638618763001,12413.611111111111,6065.0,6380.0,6222.5,6357.5,135.0,70.0,0.01776834162947612,0,0,6207.9875,6329.025,118.20601244459067,-118.20601244459067,-0.01850234025706248,-0.018675649636331896
CA--TH,CA,TH,13440.553542475436,10,13637.0,13635.0,13631.875,13633.251571480678,41.041983924323695,1684.4444444444446,13580.0,13735.0,13618.75,13647.5,28.75,15.0,0.0030096050395485587,1,0,13615.4875,13661.0,196.4464575245638,196.4464575245638,0.014615949923769505,0.01451016643273242
CA--TR,CA,TR,8182.193922543159,10,8059.0,8075.0,8068.125,8077.500000002934,161.6546387278207,26132.222222222226,7770.0,8275.0,8025.0,8133.75,108.75,57.5,0.020058895486762714,2,0,7955.9625,8147.025,123.1939225431588,-123.1939225431588,-0.01505634353198856,-0.015170841001437894
CA--TZ,CA,TZ,12166.73278626256,10,12170.0,12150.0,12175.0,12179.651999661128,219.5449840010015,48200.0,11820.0,12480.0,12150.0,12300.0,150.0,100.0,0.018039850780690345,2,0,12030.0,12286.075,3.267213737439306,3.267213737439306,0.00026853665604691443,0.00026850060653264856
CA--UA,CA,UA,7237.438903984254,10,7196.5,7177.5,7195.625,7195.6250000020855,102.41663276375897,10489.166666666668,7025.0,7375.0,7135.0,7272.5,137.5,60.0,0.014231450394463833,0,0,7137.5,7256.0,40.93890398425356,-40.93890398425356,-0.005656545710073828,-0.005672604551772653
CA--US,CA,US,731.9154882007512,10,734.5,735.0,735.0,734.8888888888889,1.5811388300841898,2.5000000000000004,730.0,735.0,735.0,735.0,0.0,0.0,0.0021526736965067255,1,0,733.5,735.0,2.584511799248844,2.584511799248844,0.003531161508280529,0.0035249415955254234
CA--VN,CA,VN,12643.813172484095,10,12289.5,12300.0,12299.375,12299.374999999021,247.09928279045158,61058.05555555556,11840.0,12660.0,12137.5,12457.5,320.0,185.0,0.02010653670128578,0,0,12143.475,12427.025,354.31317248409505,-354.31317248409505,-0.028022651683525638,-0.02842277899440321
CA--ZA,CA,ZA,13053.851270111287,10,12906.5,12925.0,12901.875,12901.874999999887,107.4980619980348,11555.833333333334,12750.0,13100.0,12820.0,12958.75,138.75,80.0,0.008328986324567838,0,0,12846.0,12968.0125,147.3512701112868,-147.3512701112868,-0.01128795380476482,-0.01135214628027243
CD--CL,CD,CL,9377.485624065612,10,9577.0,9600.0,9586.25,9591.724666666905,58.31904586934796,3401.1111111111113,9430.0,9650.0,9565.0,9600.0,35.0,10.0,0.006089490014550273,1,0,9537.975,9604.0,199.51437593438823,199.51437593438823,0.021275892486827264,0.021052720590946948
CD--CN,CD,CN,11264.131510520167,10,11311.0,11335.0,11311.25,11317.208800000037,101.56552345927015,10315.555555555557,11150.0,11470.0,11238.75,11357.5,118.75,60.0,0.008979358452769,0,0,11253.4875,11364.525,46.86848947983344,46.86848947983344,0.004160861353230872,0.004152228906954077
CD--CO,CD,CO,9990.17825849726,10,9826.0,9850.0,9841.25,9855.000000000327,120.75687236021899,14582.22222222222,9580.0,9950.0,9825.0,9892.5,67.5,40.0,0.012289524970508751,2,0,9755.95,9892.025,164.17825849726069,-164.17825849726069,-0.01643396686716946,-0.016570502448228344
CD--DE,CD,DE,6302.7657179686175,10,6124.0,6120.0,6126.25,6125.36477777873,50.0999001995014,2510.0000000000005,6045.0,6185.0,6082.5,6170.0,87.5,45.0,0.008180911201747453,0,0,6095.5,6152.5,178.76571796861754,-178.76571796861754,-0.028363059324729867,-0.02877306212065182
CD--DZ,CD,DZ,4724.24554729379,10,4859.0,4845.0,4855.0,4843.546571393449,59.104427358137336,3493.333333333333,4775.0,4975.0,4832.5,4850.0,17.5,10.0,0.012163907667861152,3,0,4828.0,4892.5,134.75445270621003,134.75445270621003,0.0285240153919184,0.0281247797574903
CD--EG,CD,EG,4166.513540836489,10,4254.0,4197.5,4192.5,4192.9601666683,199.0784323381672,39632.22222222222,4180.0,4820.0,4181.25,4200.0,18.75,7.5,0.04679793896054706,1,0,4186.9875,4381.5,87.48645916351143,87.48645916351143,0.020997521862354786,0.020780112012447588
CD--ES,CD,ES,5319.383374111961,10,5708.0,5775.0,5733.75,5774.195666666924,140.69667926271592,19795.555555555555,5410.0,5800.0,5740.0,5780.0,40.0,5.0,0.024649032807063057,2,0,5623.975,5779.025,388.6166258880394,388.6166258880394,0.07305670574137113,0.07051131010059843
CD--ET,CD,ET,2986.3101212320603,10,3032.5,3035.0,3032.5,3033.3333333331057,11.606990230986767,134.72222222222226,3015.0,3050.0,3026.25,3038.75,12.5,7.5,0.00382753181565928,0,0,3025.5,3039.5,46.18987876793972,46.18987876793972,0.015467207655206013,0.015348809695350444
CD--FI,CD,FI,7201.843348896968,10,7037.0,6995.0,7030.0,7007.374072022205,219.23097915719444,48062.222222222226,6730.0,7400.0,6912.5,7141.25,228.75,122.5,0.03115403995412739,0,0,6914.9875,7164.5,164.84334889696765,-164.84334889696765,-0.02288904949900292,-0.023155070950030537
CD--FJ,CD,FJ,16916.81804347587,10,16437.0,16450.0,16473.75,16457.41300008841,266.41863465022277,70978.88888888888,15800.0,16780.0,16450.0,16487.5,37.5,25.0,0.016208470806730105,4,0,16260.0,16575.0,479.81804347586876,-479.81804347586876,-0.02836337437943391,-0.028773386372172107
CD--FR,CD,FR,6026.854910819904,10,6028.5,6030.0,6029.375,6029.258699999997,13.954290459289652,194.7222222222222,6000.0,6050.0,6026.25,6030.0,3.75,2.5,0.0023147201558081864,4,0,6020.4875,6036.0,1.6450891800959653,1.6450891800959653,0.0002729598114503414,0.0002729225646987916
CD--GB,CD,GB,6358.423890884738,10,6378.0,6380.0,6378.75,6379.571428571428,3.496029493900505,12.222222222222221,6370.0,6380.0,6376.25,6380.0,3.75,0.0,0.000548138835669568,1,0,6376.0,6380.0,19.576109115261715,19.576109115261715,0.0030787675454172674,0.0030740378458950146
CD--GH,CD,GH,2043.3208669383591,10,2027.5,1960.0,1999.375,1957.4999999957445,177.53325197144213,31518.05555555556,1900.0,2380.0,1927.5,1978.75,51.25,30.0,0.08756263968998379,2,0,1939.0,2143.5625,15.820866938359131,-15.820866938359131,-0.007742722738433424,-0.007772853245008569
CD--GR,CD,GR,4764.590999785643,10,4853.5,4850.0,4851.25,4853.499999998528,64.16341983127492,4116.944444444444,4775.0,4950.0,4795.0,4907.5,112.5,70.0,0.013220030870768501,0,0,4818.5,4888.5,88.90900021435664,88.90900021435664,0.018660363548173728,0.018488395000699348
CD--IN,CD,IN,7547.89499645099,10,8137.5,8147.5,8136.25,8133.333333333369,69.69178175685025,4856.944444444445,8040.0,8245.0,8088.75,8150.0,61.25,45.0,0.008564274255834132,1,0,8097.0,8178.5125,589.6050035490098,589.6050035490098,0.0781151571168175,0.07521429156513422
CD--IT,CD,IT,5126.896411493344,10,5421.0,5420.0,5422.5,5422.482600017767,9.067647005823629,82.22222222222221,5400.0,5430.0,5420.0,5428.75,8.75,5.0,0.001672688988345993,1,0,5415.5,5425.5,294.1035885066558,294.1035885066558,0.05736483925193846,0.0557798121876083
CD--JP,CD,JP,13367.324967431796,10,13093.0,13520.0,13126.25,13503.855333337146,589.7466499363189,347801.1111111111,12350.0,13570.0,12465.0,13560.0,1095.0,45.0,0.045042896962981666,0,0,12729.0,13434.025,274.3249674317958,-274.3249674317958,-0.02052205419559727,-0.020735557619884215
CD--KE,CD,KE,2414.0111493842605,10,2412.5,2415.0,2413.75,2414.5714285714284,4.85912657903775,23.611111111111107,2400.0,2415.0,2411.25,2415.0,3.75,0.0,0.002014145732243627,1,0,2409.4875,2415.0,1.5111493842605341,-1.5111493842605341,-0.0006259910542028696,-0.0006261870684092452
CD--KR,CD,KR,12211.448901968513,10,11976.5,11955.0,11950.0,11950.000000001533,175.8005498664135,30905.833333333336,11750.0,12415.0,11890.0,11985.0,95.0,57.5,0.014678791789455475,1,0,11886.4875,12102.0,234.94890196851338,-234.94890196851338,-0.019240051189227766,-0.019427549859529124
CD--MA,CD,MA,4841.287191069289,10,4849.0,4850.0,4848.75,4850.0580000001955,14.491376746189438,209.99999999999997,4830.0,4870.0,4835.0,4860.0,25.0,10.0,0.0029885289227035345,0,0,4840.0,4857.0,7.7128089307107075,7.7128089307107075,0.001593131873056097,0.0015918641846914081
CD--MX,CD,MX,12740.378395838092,10,12889.5,12900.0,12888.125,12889.540857061986,462.3157290568139,213735.83333333334,12250.0,13540.0,12515.0,13250.0,735.0,390.0,0.03586762318606725,0,0,12627.9375,13165.625,149.12160416190818,149.12160416190818,0.01170464483304686,0.011636675336146757
CD--MY,CD,MY,9644.319780377728,10,9673.5,9680.0,9680.0,9681.666666666753,38.87658535531238,1511.388888888889,9580.0,9715.0,9672.5,9690.0,17.5,10.0,0.004018874797675338,2,0,9648.5,9692.5,29.18021962227249,29.18021962227249,0.0030256379181497466,0.0030210698875620464
CD--NG,CD,NG,1716.2920067157297,10,1705.0,1680.0,1700.625,1695.4549285682717,53.696678978623375,2883.3333333333335,1645.0,1800.0,1676.25,1731.25,55.0,32.5,0.03149365335989641,0,0,1676.0,1737.525,11.292006715729713,-11.292006715729713,-0.006579303913054938,-0.0066010429372731
CD--NL,CD,NL,6357.542309053761,10,6389.0,6405.0,6396.25,6399.655833332868,40.331955899344464,1626.6666666666667,6290.0,6430.0,6378.75,6410.0,31.25,12.5,0.006312718093495769,1,0,6363.4875,6409.5,31.45769094623938,31.45769094623938,0.0049480899091211014,0.00493588834531709
CD--NO,CD,NO,7134.842377574261,10,7090.5,7070.0,7101.875,7092.5251666716285,130.88268708189705,17130.27777777778,6830.0,7260.0,7025.0,7210.0,185.0,67.5,0.018458879780254855,0,0,7019.0,7164.5,44.34237757426126,-44.34237757426126,-0.006214906402646697,-0.0062342993253289205
CD--NZ,CD,NZ,14541.358911281312,10,14098.5,14050.0,14104.375,14098.9133333268,314.7313669358892,99055.83333333331,13650.0,14500.0,13938.75,14350.0,411.25,300.0,0.02232374840840438,0,0,13932.4875,14289.05,442.8589112813115,-442.8589112813115,-0.0304551255479801,-0.030928519190076848
CD--PE,CD,PE,10175.188038895794,10,10137.5,10140.0,10119.375,10136.322500000764,93.01284260191647,8651.388888888889,10050.0,10370.0,10068.75,10150.0,81.25,12.5,0.009175126273925176,1,0,10090.0,10198.0375,37.68803889579431,-37.68803889579431,-0.003703915716518217,-0.0037107921975244973
CD--PH,CD,PH,11824.345636785823,10,11725.0,11700.0,11704.375,11709.06872192149,160.27753706895078,25688.88888888889,11565.0,12050.0,11592.5,11820.0,227.5,122.5,0.013669725976029917,0,0,11633.4875,11825.5,99.34563678582344,-99.34563678582344,-0.008401787281721263,-0.008437281244792589
CD--PK,CD,PK,7384.78330799907,10,7243.0,7260.0,7248.75,7253.333333333062,165.2640984068295,27312.222222222226,6960.0,7480.0,7150.0,7350.0,200.0,110.0,0.02281707833864828,0,0,7142.975,7339.0,141.78330799906962,-141.78330799906962,-0.01919938637136345,-0.01938608815944314
CD--PL,CD,PL,6292.977025299909,10,6186.0,6160.0,6172.5,6160.689428536768,65.69288816573341,4315.555555555557,6140.0,6340.0,6150.0,6170.0,20.0,10.0,0.010619606880978566,2,0,6154.0,6227.0,106.97702529990875,-106.97702529990875,-0.016999430455541902,-0.01714557944097951
CD--PT,CD,PT,5390.912322607045,10,5765.5,5772.5,5768.75,5770.579214285958,37.52406635155038,1408.0555555555554,5685.0,5820.0,5751.25,5787.5,36.25,17.5,0.0065083802534993285,1,0,5742.5,5786.0,374.5876773929549,374.5876773929549,0.06948502497844453,0.06717724755210837
CD--RU,CD,RU,6966.165532290185,10,6871.0,6920.0,6908.75,6907.739249997454,153.90834213186034,23687.777777777777,6460.0,6980.0,6861.25,6963.75,102.5,55.0,0.022399700499470286,1,0,6763.95,6941.0125,95.16553229018518,-95.16553229018518,-0.01366110693882675,-0.01375527850231431
CD--SA,CD,SA,4676.260309873395,10,4848.0,4850.0,4851.25,4851.666666662288,74.65476095557023,5573.333333333332,4720.0,4950.0,4830.0,4887.5,57.5,35.0,0.015399084355521911,1,0,4802.0,4891.0,171.73969012660473,171.73969012660473,0.03672586185247125,0.036067537358212845
CD--SE,CD,SE,7064.796550280582,10,6932.5,6930.0,6932.5,6926.3042857150485,106.33411702950491,11306.944444444445,6735.0,7130.0,6880.0,6962.5,82.5,50.0,0.01533849506375837,2,0,6870.9875,6994.525,132.29655028058187,-132.29655028058187,-0.018726165621192253,-0.018903720367713858
CD--SG,CD,SG,9867.490584125751,10,10165.0,10150.0,10171.25,10164.825999999248,151.65750888103102,23000.000000000004,9830.0,10450.0,10142.5,10211.25,68.75,30.0,0.014919577853520022,2,0,10066.9875,10253.0375,297.5094158742486,297.5094158742486,0.030150463619683057,0.029704872756885457
CD--SN,CD,SN,4185.9629702863585,10,4283.0,4200.0,4200.0,4200.111111111111,262.4690457939755,68890.00000000001,4200.0,5030.0,4200.0,4200.0,0.0,0.0,0.06128158902497677,1,0,4200.0,4449.0,97.03702971364146,97.03702971364146,0.023181530845458775,0.022916920733990345
CD--TH,CD,TH,9613.840894279354,10,9667.5,9660.0,9673.125,9664.796999997832,106.56896567220893,11356.944444444445,9445.0,9845.0,9631.25,9710.0,78.75,35.0,0.011023425463895415,2,0,9601.475,9726.5125,53.65910572064604,53.65910572064604,0.005581443078860968,0.00556592454254626
CD--TR,CD,TR,5219.37025970274,10,5077.0,5050.0,5068.75,5059.751428560047,164.32014822020795,27001.111111111113,4850.0,5370.0,4950.0,5170.0,220.0,100.0,0.032365599413080155,0,0,4980.975,5175.0,142.37025970274044,-142.37025970274044,-0.0272772868408935,-0.027656218748021984
CD--TZ,CD,TZ,2274.6043678822007,10,2075.5,2050.0,2068.125,2058.4478000005697,48.445272673857914,2346.9444444444443,2035.0,2175.0,2045.0,2095.0,50.0,15.0,0.023341494904291937,1,0,2049.5,2104.0125,199.10436788220068,-199.10436788220068,-0.08753362593231073,-0.09160404454125971
CD--UA,CD,UA,6240.732681787017,10,6079.0,6070.0,6087.5,6085.934714281241,87.99621203968573,7743.333333333332,5900.0,6190.0,6040.0,6145.0,105.0,55.0,0.014475442020017392,0,0,6026.975,6131.0,161.7326817870171,-161.7326817870171,-0.025915656066958052,-0.026257383674967542
CD--US,CD,US,10513.299742462244,10,10084.0,10150.0,10116.25,10146.724666666283,160.9140557357664,25893.333333333336,9680.0,10230.0,10095.0,10157.5,62.5,10.0,0.01595736371834256,2,0,9967.95,10162.0,429.29974246224447,-429.29974246224447,-0.040833967734063795,-0.04169108846266107
CD--VN,CD,VN,10243.1517893653,10,10435.0,10365.0,10423.75,10417.903571425713,172.57848456088996,29783.333333333336,10230.0,10730.0,10325.0,10550.0,225.0,125.0,0.01653842688652515,0,0,10337.0,10542.025,191.84821063470008,191.84821063470008,0.01872941205790602,0.018556176345816015
CD--ZA,CD,ZA,2738.097820784533,10,2777.5,2777.5,2777.5,2777.5,2.6352313834736494,6.944444444444444,2775.0,2780.0,2775.0,2780.0,5.0,2.5,0.0009487781758681006,0,0,2776.0,2779.0,39.402179215467186,39.402179215467186,0.01439034753118407,0.014287789209164441
CL--CN,CL,CN,19057.093797293513,10,19026.0,19025.0,19025.0,19025.999999999996,27.568097504180443,760.0,19000.0,19060.0,19000.0,19050.0,50.0,25.0,0.0014489696995784948,0,0,19010.0,19042.025,31.09379729351349,-31.09379729351349,-0.0016316127539829513,-0.0016329452837180063
CL--CO,CL,CO,4226.284712338569,10,4250.0,4250.0,4250.0,4250.0,0.0,0.0,4250.0,4250.0,4250.0,4250.0,0.0,0.0,0.0,0,0,4250.0,4250.0,23.71528766143092,23.71528766143092,0.005611379562809511,0.005595694422006485
CL--DE,CL,DE,12506.572379251478,10,12500.0,12500.0,12500.0,12500.0,0.0,0.0,12500.0,12500.0,12500.0,12500.0,0.0,0.0,0.0,0,0,12500.0,12500.0,6.572379251478196,-6.572379251478196,-0.0005255140299177284,-0.0005256521608108279
CL--DZ,CL,DZ,10901.817648733382,10,10465.0,10442.5,10456.25,10447.238999999903,150.1110699893027,22533.333333333336,10270.0,10730.0,10365.0,10535.0,170.0,105.0,0.014344106066823,0,0,10383.45,10552.5375,436.81764873338216,-436.81764873338216,-0.04006833197986332,-0.040893176199301745
CL--EG,CL,EG,12800.08972667518,10,13082.0,13150.0,13115.0,13168.195999990927,334.1922267863878,111684.44444444444,12500.0,13400.0,13025.0,13315.0,290.0,160.0,0.025545958323374696,2,0,12862.0,13262.05,281.9102733248201,281.9102733248201,0.02202408571694022,0.02178505874152033
CL--ES,CL,ES,10681.935581817292,10,10700.0,10700.0,10700.0,10700.0,0.0,0.0,10700.0,10700.0,10700.0,10700.0,0.0,0.0,0.0,0,0,10700.0,10700.0,18.064418182708323,18.064418182708323,0.0016911184348890323,0.0016896901041995468
CL--ET,CL,ET,12358.215563097187,10,12085.0,11930.0,12037.5,11949.065000416922,400.8671156935231,160694.44444444444,11650.0,12900.0,11862.5,12325.0,462.5,125.0,0.03317063431473091,0,0,11883.925,12337.125,273.21556309718653,-273.21556309718653,-0.022108010796723303,-0.02235605553376655
CL--FI,CL,FI,13464.23646254886,10,13107.0,13090.0,13100.0,13098.333333336885,124.81541927537995,15578.888888888889,12930.0,13340.0,13050.0,13157.5,107.5,65.0,0.009522806078841836,1,0,13035.975,13175.05,357.2364625488608,-357.2364625488608,-0.026532248118378173,-0.02689058067477723
CL--FJ,CL,FJ,10733.957780178063,10,10537.5,10887.5,10596.875,10741.395833288585,711.8296066397413,506701.3888888889,9350.0,11250.0,9956.25,11100.0,1143.75,312.5,0.0675520385897738,0,0,10107.5,10917.625,196.45778017806333,-196.45778017806333,-0.018302455087055906,-0.018472017139448002
CL--FR,CL,FR,11627.359613785839,10,11640.0,11640.0,11640.0,11640.0,0.0,0.0,11640.0,11640.0,11640.0,11640.0,0.0,0.0,0.0,0,0,11640.0,11640.0,12.640386214161481,12.640386214161481,0.0010871243888573429,0.001086533897058793
CL--GB,CL,GB,11650.639354956376,10,11641.0,11640.0,11640.0,11640.111111111111,3.1622776601683795,10.000000000000002,11640.0,11650.0,11640.0,11640.0,0.0,0.0,0.0002716500008734971,1,0,11640.0,11643.0,9.639354956376337,-9.639354956376337,-0.0008273670364944903,-0.0008277094935057718
CL--GH,CL,GH,8563.209240922586,10,8631.0,8650.0,8622.5,8621.666666638672,274.52787755627946,75365.55555555558,8180.0,9150.0,8477.5,8730.0,252.5,150.0,0.031807192394424685,1,0,8464.975,8790.025,67.7907590774139,67.7907590774139,0.007916513210193406,0.007885342022827114
CL--GR,CL,GR,12547.17636965568,10,12237.0,12250.0,12240.0,12249.410000000476,90.19115502334164,8134.444444444443,12100.0,12350.0,12200.0,12300.0,100.0,50.0,0.007370364878919803,0,0,12180.0,12287.0,310.1763696556809,-310.1763696556809,-0.024720810524813938,-0.025031500794427102
CL--IN,CL,IN,16925.380558989717,10,16377.0,16300.0,16306.25,16300.42857142857,226.17839566737285,51156.666666666664,16300.0,17020.0,16300.0,16315.0,15.0,0.0,0.013810734302214866,1,0,16300.0,16522.0,548.3805589897165,-548.3805589897165,-0.03239989535706189,-0.03293639209937312
CL--IT,CL,IT,11893.206088021416,10,11885.0,11885.0,11885.0,11885.0,4.08248290463863,16.666666666666668,11880.0,11890.0,11881.25,11888.75,7.5,5.0,0.00034349877195108375,0,0,11882.5,11887.5,8.20608802141578,-8.20608802141578,-0.0006899811506403457,-0.0006902192971851782
CL--JP,CL,JP,17234.770240707647,10,17241.0,17240.0,17240.0,17240.11111111111,3.1622776601683795,10.000000000000002,17240.0,17250.0,17240.0,17240.0,0.0,0.0,0.0001834161394448338,1,0,17240.0,17243.0,6.229759292353265,6.229759292353265,0.0003614645977489675,0.0003613992851596006
CL--KE,CL,KE,11550.217666588273,10,11322.0,11305.0,11306.25,11311.666666677645,266.78330782365924,71173.33333333333,10850.0,11920.0,11252.5,11387.5,135.0,75.0,0.02356326689839774,2,0,11175.0,11489.05,228.21766658827255,-228.21766658827255,-0.01975873296729688,-0.019956546767816705
CL--KR,CL,KR,18360.580038729033,10,18375.0,18400.0,18377.5,18383.27642857134,47.19934086168765,2227.777777777778,18300.0,18430.0,18350.0,18400.0,50.0,25.0,0.0025686716115204166,0,0,18345.0,18403.0,14.419961270967178,14.419961270967178,0.0007853761286707893,0.0007850678822213236
CL--MA,CL,MA,10010.797136549785,10,9859.0,9870.0,9858.75,9865.173999997052,97.46224340168294,9498.88888888889,9670.0,10050.0,9832.5,9892.5,60.0,30.0,0.009885611461779383,2,0,9803.0,9914.025,151.79713654978514,-151.79713654978514,-0.015163341588010835,-0.015279480584562135
CL--MX,CL,MX,6588.132055113714,10,6584.0,6585.0,6586.25,6585.306777777738,16.964014199999298,287.7777777777778,6550.0,6600.0,6575.0,6600.0,25.0,15.0,0.0025765513669500756,0,0,6573.9875,6593.5,4.132055113714159,-4.132055113714159,-0.0006271967652055266,-0.0006273935353766937
CL--MY,CL,MY,16560.585837942457,10,16432.0,16380.0,16415.0,16417.25833333017,173.51272767917249,30106.666666666668,16250.0,16750.0,16282.5,16575.0,292.5,125.0,0.010559440584175541,0,0,16332.925,16542.0,128.58583794245715,-128.58583794245715,-0.007764570601593711,-0.0077948718325174535
CL--NG,CL,NG,9486.770070583298,10,8775.0,8850.0,8812.5,8816.6415,196.36983248735308,38561.11111111111,8300.0,8950.0,8705.0,8900.0,195.0,90.0,0.022378328488587246,1,0,8649.95,8876.05,711.7700705832976,-711.7700705832976,-0.0750276506426949,-0.07799143450320133
CL--NL,CL,NL,11991.522122394139,10,11968.5,11970.0,11967.5,11967.499999999995,68.02981372571554,4628.055555555555,11850.0,12095.0,11931.25,12003.75,72.5,45.0,0.005684071832369598,0,0,11930.4875,12008.5125,23.022122394138933,-23.022122394138933,-0.0019198665656585143,-0.0019217118716793433
CL--NO,CL,NO,12709.777899866678,10,12143.5,12140.0,12146.875,12145.833333331531,95.860141178003,9189.166666666668,11960.0,12300.0,12118.75,12187.5,68.75,42.5,0.007893946652777453,2,0,12085.9875,12199.0,566.2778998666781,-566.2778998666781,-0.04455450790155965,-0.045577563398471264
CL--NZ,CL,NZ,9368.814614614528,10,9352.0,9350.0,9351.25,9350.24999999786,4.216370213557839,17.77777777777778,9350.0,9360.0,9350.0,9350.0,0.0,0.0,0.0004508522469587082,2,0,9350.0,9355.0,16.814614614528182,-16.814614614528182,-0.001794743017787849,-0.0017963554986524424
CL--PE,CL,PE,2457.690639615083,10,2465.0,2465.0,2465.0,2465.0,0.0,0.0,2465.0,2465.0,2465.0,2465.0,0.0,0.0,0.0,0,0,2465.0,2465.0,7.3093603849169995,7.3093603849169995,0.002974076666566046,0.0029696628497442915
CL--PH,CL,PH,17614.831522245775,10,17248.0,17250.0,17250.0,17253.69571428572,63.56099432828282,4040.0000000000005,17150.0,17330.0,17212.5,17300.0,87.5,50.0,0.0036851225839681597,0,0,17210.0,17283.0,366.831522245775,-366.831522245775,-0.020825150770389336,-0.02104505257272116
CL--PK,CL,PK,16686.183395308064,10,16408.0,16360.0,16397.5,16387.582399999974,93.30952077181978,8706.666666666666,16300.0,16600.0,16350.0,16460.0,110.0,40.0,0.005686830861276193,0,0,16358.0,16467.025,278.18339530806406,-278.18339530806406,-0.016671481351828218,-0.016812014618362847
CL--PL,CL,PL,12969.852106776598,10,12588.0,12560.0,12575.0,12580.016777779965,156.04842553230426,24351.11111111111,12420.0,12860.0,12447.5,12695.0,247.5,135.0,0.012396601964752483,0,0,12504.0,12679.0,381.8521067765978,-381.8521067765978,-0.029441515881054994,-0.02988361634542105
CL--PT,CL,PT,10205.486707859607,10,10077.5,10107.5,10080.625,10080.624999397854,232.27438276505848,53951.38888888889,9700.0,10430.0,9885.0,10260.0,375.0,190.0,0.023048809999013493,0,0,9942.4875,10205.025,127.98670785960712,-127.98670785960712,-0.012540970511581777,-0.012620272193210115
CL--RU,CL,RU,14117.451542029348,10,14110.0,14110.0,14110.0,14110.0,0.0,0.0,14110.0,14110.0,14110.0,14110.0,0.0,0.0,0.0,0,0,14110.0,14110.0,7.451542029348275,-7.451542029348275,-0.0005278248703148822,-0.0005279642188983366
CL--SA,CL,SA,13945.02643694258,10,13596.0,13475.0,13551.25,13495.139285725103,309.8099776027593,95982.22222222223,13320.0,14230.0,13380.0,13777.5,397.5,125.0,0.022786847425916395,0,0,13423.975,13791.075,349.0264369425804,-349.0264369425804,-0.02502873971023491,-0.02534728504461609
CL--SE,CL,SE,13069.967683612713,10,12280.0,12250.0,12267.5,12267.500000138927,70.86763875156433,5022.222222222222,12200.0,12460.0,12250.0,12300.0,50.0,30.0,0.005770980354361916,1,0,12244.0,12328.075,789.9676836127128,-789.9676836127128,-0.06044144122890097,-0.062345132351928366
CL--SG,CL,SG,16399.740324894206,10,16305.0,16300.0,16300.0,16300.111111111111,15.811388300841896,250.0,16300.0,16350.0,16300.0,16300.0,0.0,0.0,0.0009697263600639004,1,0,16300.0,16315.0,94.74032489420642,-94.74032489420642,-0.005776940550113106,-0.00579369161559937
CL--SN,CL,SN,7761.929265291671,10,8100.0,8140.0,8110.0,8134.253666667465,77.1722460186015,5955.555555555555,7950.0,8170.0,8052.5,8150.0,97.5,15.0,0.009527437780074258,0,0,8053.975,8139.025,338.0707347083289,338.0707347083289,0.043554987832735065,0.042633141721968595
CL--TH,CL,TH,17650.722889818095,10,17133.0,17100.0,17141.25,17125.273799999937,133.33749993489786,17778.888888888887,16900.0,17300.0,17100.0,17257.5,157.5,65.0,0.007782495764600354,0,0,17053.0,17206.0,517.7228898180947,-517.7228898180947,-0.029331540302904288,-0.029770311119961732
CL--TR,CL,TR,13360.362129212648,10,13090.0,13100.0,13078.75,13092.761000001306,158.8150566609546,25222.222222222223,12830.0,13440.0,13012.5,13135.0,122.5,45.0,0.012132548255229535,1,0,13000.975,13188.05,270.36212921264814,-270.36212921264814,-0.020236137808083584,-0.020443693299332804
CL--TZ,CL,TZ,11140.599699425393,10,10381.5,10450.0,10396.25,10416.5545,140.8318540356233,19833.61111111111,10125.0,10520.0,10350.0,10450.0,100.0,70.0,0.013565655640863393,2,0,10292.375,10461.025,759.0996994253928,-759.0996994253928,-0.06813813617812203,-0.07057069006483505
CL--UA,CL,UA,13538.164347903667,10,12980.0,13050.0,12983.75,13020.405999997069,159.30404193798026,25377.777777777774,12750.0,13180.0,12825.0,13092.5,267.5,70.0,0.012273038670106337,0,0,12889.975,13076.025,558.1643479036666,-558.1643479036666,-0.04122895346517907,-0.04210297448443441
CL--US,CL,US,8036.760399006705,10,8053.5,8047.5,8046.25,8045.833333333448,32.493589111289836,1055.8333333333335,8025.0,8140.0,8037.5,8050.0,12.5,7.5,0.004034716472501376,1,0,8038.0,8075.5,16.739600993295426,16.739600993295426,0.0020828791903967103,0.0020807130049492737
CL--VN,CL,VN,18587.669739443674,10,17871.0,17975.0,17870.0,17870.105780330683,537.2450299651196,288632.2222222222,17100.0,18650.0,17452.5,18187.5,735.0,520.0,0.030062393260876254,0,0,17567.0,18196.0,716.6697394436742,-716.6697394436742,-0.038556190716197,-0.03931915634349801
CL--ZA,CL,ZA,9240.225022987668,10,8739.0,8625.0,8703.75,8694.634750000914,684.0638371770088,467943.33333333326,8070.0,9690.0,8130.0,9197.5,1067.5,515.0,0.07827712978338584,0,0,8375.0,9153.0,501.2250229876681,-501.2250229876681,-0.05424381135099301,-0.05577047184884621
CN--CO,CN,CO,14959.442903499128,10,15245.0,15275.0,15250.0,15266.956666668066,64.33419688539594,4138.888888888889,15150.0,15300.0,15200.0,15300.0,100.0,25.0,0.004220019474279826,0,0,15205.0,15280.0,285.5570965008719,285.5570965008719,0.019088752057342853,0.01890884765819222
CN--DE,CN,DE,7374.095211881501,10,7350.0,7350.0,7350.0,7350.0,0.0,0.0,7350.0,7350.0,7350.0,7350.0,0.0,0.0,0.0,0,0,7350.0,7350.0,24.0952118815012,-24.0952118815012,-0.0032675482468246166,-0.0032728983402351857
CN--DZ,CN,DZ,9128.627104002482,10,9131.0,9130.0,9130.0,9130.0,7.378647873726218,54.44444444444444,9120.0,9150.0,9130.0,9130.0,0.0,0.0,0.000808087599794789,2,0,9127.0,9136.0,2.372895997517844,2.372895997517844,0.0002599400731877238,0.0002599062946203987
CN--EG,CN,EG,7555.922022804329,10,7549.0,7550.0,7548.75,7549.8571428548,5.676462121975467,32.22222222222222,7540.0,7560.0,7550.0,7550.0,0.0,0.0,0.0007519488835574867,3,0,7546.0,7552.0,6.9220228043286625,-6.9220228043286625,-0.000916105643154798,-0.0009165255243861479
CN--ES,CN,ES,9241.695750140318,10,9219.5,9215.0,9220.625,9220.431166666665,10.124228365658293,102.5,9200.0,9230.0,9215.0,9230.0,15.0,7.5,0.0010981320424815113,0,0,9213.5,9225.5,22.195750140317614,-22.195750140317614,-0.0024016966951092944,-0.0024045853947306742
CN--ET,CN,ET,8323.256614917631,10,8310.5,8312.5,8310.625,8311.517400000048,7.975657409336932,63.61111111111111,8300.0,8320.0,8302.5,8315.0,12.5,5.0,0.0009597084903840842,0,0,8305.5,8314.5125,12.756614917630941,-12.756614917630941,-0.0015326470764781513,-0.001533822781456094
CN--FI,CN,FI,6335.706896287733,10,6301.0,6300.0,6300.0,6300.111111111111,3.1622776601683795,10.000000000000002,6300.0,6310.0,6300.0,6300.0,0.0,0.0,0.0005018691731738422,1,0,6300.0,6303.0,34.70689628773289,-34.70689628773289,-0.005477983255202135,-0.005493042426579171
CN--FJ,CN,FJ,9087.647388686939,10,9384.0,9390.0,9385.0,9384.000000001875,69.15361322607968,4782.2222222222235,9300.0,9460.0,9312.5,9450.0,137.5,60.0,0.007369310872344382,0,0,9343.975,9424.0,296.35261131306106,296.35261131306106,0.03261048747137631,0.03209004978543321
CN--FR,CN,FR,8235.539912036413,10,8215.0,8215.0,8215.0,8215.0,0.0,0.0,8215.0,8215.0,8215.0,8215.0,0.0,0.0,0.0,0,0,8215.0,8215.0,20.539912036412716,-20.539912036412716,-0.002494057737051727,-0.0024971730800244095
CN--GB,CN,GB,8159.495498560135,10,8140.0,8140.0,8140.0,8140.0,0.0,0.0,8140.0,8140.0,8140.0,8140.0,0.0,0.0,0.0,0,0,8140.0,8140.0,19.495498560135275,-19.495498560135275,-0.002389301956668221,-0.0023921608934049073
CN--GH,CN,GH,11825.126110302292,10,11725.0,11850.0,11746.25,11816.26833333495,230.95213549324217,53338.88888888889,11350.0,11930.0,11525.0,11887.5,362.5,75.0,0.01969741027660914,0,0,11577.0,11853.0,100.12611030229164,-100.12611030229164,-0.008467234037788377,-0.008503284707795752
CN--GR,CN,GR,7631.506142204527,10,7610.0,7615.0,7610.625,7614.333333333351,7.0710678118654755,50.00000000000001,7600.0,7615.0,7602.5,7615.0,12.5,0.0,0.0009291810528075527,0,0,7605.5,7613.5,21.50614220452735,-21.50614220452735,-0.002818073104284344,-0.0028220513480405876
CN--IN,CN,IN,3786.344323933427,10,3786.5,3787.5,3786.875,3787.198374999994,4.1163630117428225,16.94444444444444,3780.0,3790.0,3785.0,3790.0,5.0,2.5,0.001087115545158543,0,0,3784.0,3789.0,0.15567606657305078,0.15567606657305078,4.1115137254957144e-05,4.111429205093243e-05
CN--IT,CN,IT,8143.606625822012,10,8130.0,8130.0,8130.0,8130.0,0.0,0.0,8130.0,8130.0,8130.0,8130.0,0.0,0.0,0.0,0,0,8130.0,8130.0,13.606625822011665,-13.606625822011665,-0.0016708353493975674,-0.0016722327515495323
CN--JP,CN,JP,2104.0237532057217,10,2100.0,2100.0,2100.0,2100.0,0.0,0.0,2100.0,2100.0,2100.0,2100.0,0.0,0.0,0.0,0,0,2100.0,2100.0,4.023753205721732,-4.023753205721732,-0.001912408640630165,-0.0019142396288053267
CN--KE,CN,KE,9214.097058911791,10,9589.0,9600.0,9590.0,9599.333333333334,14.491376746189438,209.99999999999997,9570.0,9600.0,9572.5,9600.0,27.5,0.0,0.0015112500517456917,0,0,9580.0,9598.0,374.90294108820854,374.90294108820854,0.04068797394809357,0.03988200786135783
CN--KR,CN,KR,958.3389564502992,10,950.0,950.0,950.0,950.0,0.0,0.0,950.0,950.0,950.0,950.0,0.0,0.0,0.0,0,0,950.0,950.0,8.338956450299179,-8.338956450299179,-0.008701468717484668,-0.008739547551852498
CN--MA,CN,MA,9959.705404692048,10,10293.0,10300.0,10297.5,10299.75,16.36391694484477,267.7777777777778,10250.0,10300.0,10300.0,10300.0,0.0,0.0,0.0015898102540410736,2,0,10282.0,10300.0,333.2945953079525,333.2945953079525,0.033464302583782884,0.03291655922751236
CN--MX,CN,MX,12474.484204037479,10,12445.0,12445.0,12445.0,12445.0,5.270462766947299,27.777777777777775,12440.0,12450.0,12440.0,12450.0,10.0,5.0,0.00042350042321794284,0,0,12442.0,12448.0,29.484204037478776,-29.484204037478776,-0.0023635609741632403,-0.002366358593501145
CN--MY,CN,MY,4332.637278888493,10,4348.0,4350.0,4350.0,4349.888888888889,6.324555320336759,40.00000000000001,4330.0,4350.0,4350.0,4350.0,0.0,0.0,0.0014545895400958507,1,0,4344.0,4350.0,15.362721111507199,15.362721111507199,0.0035458128900761328,0.0035395413163958438
CN--NG,CN,NG,10936.133047329091,10,10690.0,10625.0,10687.5,10678.441666660634,176.0681686165901,31000.000000000004,10450.0,10950.0,10600.0,10862.5,262.5,125.0,0.016470361891168392,0,0,10590.0,10800.125,246.1330473290909,-246.1330473290909,-0.022506405716159743,-0.022763540306399984
CN--NL,CN,NL,7840.400371133997,10,7824.2,7824.5,7824.0,7824.428571428572,2.820559440174157,7.955555555555554,7820.0,7830.0,7824.0,7825.0,1.0,0.5,0.0003604917359185804,3,0,7822.597500000001,7825.7,16.200371133997578,-16.200371133997578,-0.002066268349463694,-0.0020684060270943472
CN--NO,CN,NO,7040.101298011618,10,6942.0,6970.0,6967.5,6968.517400000326,85.47904226573124,7306.666666666667,6700.0,6980.0,6962.5,6970.0,7.5,5.0,0.012313316373628815,2,0,6885.0,6973.0,98.10129801161838,-98.10129801161838,-0.013934642963067274,-0.014032641548941805
CN--NZ,CN,NZ,10759.510305075924,10,10355.0,10390.0,10363.75,10363.750000001099,76.48529270389177,5850.0,10200.0,10440.0,10300.0,10400.0,100.0,45.0,0.007386315084876077,0,0,10310.0,10395.025,404.5103050759244,-404.5103050759244,-0.037595605525382686,-0.03832054816977222
CN--PE,CN,PE,16647.408363779676,10,16680.0,16600.0,16651.25,16600.428571428572,163.50331291240963,26733.333333333336,16600.0,16990.0,16600.0,16615.0,15.0,0.0,0.00980235688923319,2,0,16602.0,16760.0,32.59163622032429,32.59163622032429,0.0019577603617410505,0.001955846446508581
CN--PH,CN,PH,2841.990869314639,10,2850.0,2850.0,2850.0,2850.0,0.0,0.0,2850.0,2850.0,2850.0,2850.0,0.0,0.0,0.0,0,0,2850.0,2850.0,8.009130685361015,8.009130685361015,0.002818140892652642,0.0028141773783555532
CN--PK,CN,PK,3879.3914083676773,10,3820.5,3850.0,3823.75,3849.3333333333335,38.40211221042694,1474.7222222222222,3765.0,3850.0,3781.25,3850.0,68.75,0.0,0.010051593302035582,0,0,3797.5,3842.5,58.891408367677286,-58.891408367677286,-0.015180579160084516,-0.015296983713413656
CN--PL,CN,PL,6956.214835268704,10,7070.0,6950.0,7050.0,6950.428571428572,193.2183566158592,37333.333333333336,6950.0,7350.0,6950.0,7250.0,300.0,0.0,0.027329329082865516,0,0,6950.0,7190.0,113.78516473129639,113.78516473129639,0.01635733907388746,0.016224999007130366
CN--PT,CN,PT,9687.15424475197,10,9594.5,9592.5,9594.375,9593.304333333353,4.972144630058766,24.722222222222225,9590.0,9600.0,9590.0,9600.0,10.0,2.5,0.0005182286341194191,0,0,9591.5,9597.5,92.6542447519696,-92.6542447519696,-0.009564650506330605,-0.009610685550558518
CN--RU,CN,RU,5806.057705333434,10,5792.0,5790.0,5791.25,5790.249999997861,4.216370213557839,17.77777777777778,5790.0,5800.0,5790.0,5790.0,0.0,0.0,0.0007279644705728314,2,0,5790.0,5795.0,14.05770533343366,-14.05770533343366,-0.0024212135061145324,-0.002424149383416918
CN--SA,CN,SA,6606.426919492859,10,6183.5,6180.0,6184.375,6184.108666666379,13.753787357185171,189.16666666666666,6160.0,6200.0,6176.25,6197.5,21.25,10.0,0.0022242722337163694,0,0,6175.9875,6191.5125,422.92691949285927,-422.92691949285927,-0.06401749760448802,-0.06615849670116936
CN--SE,CN,SE,6720.436278900068,10,6708.6,6711.0,6708.875,6710.458700008875,6.168017869984201,38.04444444444444,6700.0,6715.0,6702.5,6712.0,9.5,2.5,0.0009194195316435919,0,0,6704.9,6712.1025,11.836278900067555,-11.836278900067555,-0.0017612366829858248,-0.001762789483813559
CN--SG,CN,SG,4463.068886903711,10,4480.0,4480.0,4480.0,4480.0,0.0,0.0,4480.0,4480.0,4480.0,4480.0,0.0,0.0,0.0,0,0,4480.0,4480.0,16.931113096288755,16.931113096288755,0.0037936033535065704,0.003786425787137625
CN--SN,CN,SN,12308.087610438688,10,11843.0,11825.0,11837.5,11829.021666666,57.16448003592596,3267.777777777778,11780.0,11950.0,11800.0,11887.5,87.5,25.0,0.004826858062646792,0,0,11812.975,11878.0,465.087610438688,-465.087610438688,-0.03778715468715381,-0.038519599865292437
CN--TH,CN,TH,3289.9112641123884,10,3295.0,3295.0,3295.0,3295.0,5.270462766947299,27.777777777777775,3290.0,3300.0,3290.0,3300.0,10.0,5.0,0.001599533464930895,0,0,3292.0,3298.0,5.0887358876116195,5.0887358876116195,0.0015467699518590362,0.0015455749353353908
CN--TR,CN,TR,6847.206348764228,10,6862.0,7000.0,6872.5,6861.999999999819,463.26858060716546,214617.77777777775,6140.0,7500.0,6462.5,7050.0,587.5,500.0,0.06751218021089558,0,0,6596.95,7153.0,14.793651235771904,14.793651235771904,0.002160538251989709,0.0021582076455265624
CN--TZ,CN,TZ,9656.25374403827,10,9600.0,9650.0,9600.0,9610.838571425656,135.400640077266,18333.33333333333,9350.0,9850.0,9550.0,9650.0,100.0,50.0,0.014104233341381873,2,0,9520.0,9680.0,56.25374403826936,-56.25374403826936,-0.005825628191781952,-0.005842663356271757
CN--UA,CN,UA,6466.108332658287,10,6450.0,6450.0,6450.0,6450.0,0.0,0.0,6450.0,6450.0,6450.0,6450.0,0.0,0.0,0.0,0,0,6450.0,6450.0,16.1083326582866,-16.1083326582866,-0.002491194367550024,-0.002494302555378275
CN--US,CN,US,11169.116898963428,10,11155.0,11155.0,11155.0,11155.0,5.270462766947299,27.777777777777775,11150.0,11160.0,11150.0,11160.0,10.0,5.0,0.00047247537130858797,0,0,11152.0,11158.0,14.116898963427957,-14.116898963427957,-0.0012639225724943486,-0.0012647219963064639
CN--VN,CN,VN,2322.1755294999916,10,2330.0,2330.0,2330.0,2330.0,0.0,0.0,2330.0,2330.0,2330.0,2330.0,0.0,0.0,0.0,0,0,2330.0,2330.0,7.824470500008374,7.824470500008374,0.0033694569599108343,0.0033637930590890873
CN--ZA,CN,ZA,11648.376355581766,10,11711.5,11707.5,11708.125,11708.404874999984,15.820169966779048,250.27777777777777,11700.0,11750.0,11700.0,11715.0,15.0,7.5,0.0013508235466660162,1,0,11703.0,11721.5,63.12364441823411,63.12364441823411,0.005419093828298739,0.005404463371417355
CO--DE,CO,DE,9434.723265292183,10,9400.0,9400.0,9400.0,9400.0,0.0,0.0,9400.0,9400.0,9400.0,9400.0,0.0,0.0,0.0,0,0,9400.0,9400.0,34.72326529218299,-34.72326529218299,-0.0036803692398610748,-0.0036871584617464734
CO--DZ,CO,DZ,8561.364835153712,10,8334.5,8360.0,8344.375,8344.3749999997,104.52139600207329,10924.722222222223,8125.0,8465.0,8268.75,8412.5,143.75,80.0,0.01254081180659587,0,0,8269.475,8393.025,226.8648351537122,-226.8648351537122,-0.026498676265048926,-0.02685609440198228
CO--EG,CO,EG,11223.931381246066,10,10971.0,10845.0,10926.25,10860.021571651478,270.23446609688165,73026.66666666667,10800.0,11500.0,10803.75,10933.75,130.0,45.0,0.024631707783874,2,0,10831.0,11153.525,252.93138124606594,-252.93138124606594,-0.02253500780205107,-0.022792801372175202
CO--ES,CO,ES,8024.515430689445,10,8024.0,8030.0,8024.375,8029.333333333333,7.745966692414834,60.00000000000001,8015.0,8030.0,8015.0,8030.0,15.0,0.0,0.0009653497871902834,0,0,8019.5,8028.5,0.5154306894446563,-0.5154306894446563,-6.423200178211533e-05,-6.423406474543767e-05
CO--ET,CO,ET,12426.953409430811,10,11707.0,11650.0,11692.5,11649.883999999076,120.00462954032695,14401.111111111111,11600.0,11930.0,11630.0,11800.0,170.0,20.0,0.010250673062298364,0,0,11636.975,11780.0,719.953409430811,-719.953409430811,-0.05793482808782711,-0.059680822178778396
CO--FI,CO,FI,10062.532890466686,10,9653.5,9645.0,9650.625,9645.833333333334,49.10589464503104,2411.3888888888887,9590.0,9740.0,9630.0,9663.75,33.75,17.5,0.0050868487745409485,2,0,9627.9875,9682.5,409.0328904666858,-409.0328904666858,-0.04064909848435938,-0.04149836746341277
CO--FJ,CO,FJ,12022.37001080766,10,13754.0,13775.0,13756.25,13749.999999996993,251.58166334876898,63293.33333333333,13350.0,14140.0,13612.5,13815.0,202.5,130.0,0.01829152707203497,1,0,13606.95,13900.075,1731.6299891923409,1731.6299891923409,0.144033995596182,0.13456060894631083
CO--FR,CO,FR,8632.37794115417,10,8630.0,8630.0,8630.0,8630.0,0.0,0.0,8630.0,8630.0,8630.0,8630.0,0.0,0.0,0.0,0,0,8630.0,8630.0,2.3779411541690934,-2.3779411541690934,-0.0002754676834563104,-0.00027550563164779543
CO--GB,CO,GB,8501.996904262256,10,8500.0,8500.0,8500.0,8500.0,0.0,0.0,8500.0,8500.0,8500.0,8500.0,0.0,0.0,0.0,0,0,8500.0,8500.0,1.9969042622560664,-1.9969042622560664,-0.00023487473410569817,-0.00023490232149582697
CO--GH,CO,GH,8186.029470285618,10,8018.5,8050.0,8023.125,8020.7488888892185,109.08839433128429,11900.27777777778,7850.0,8150.0,7938.75,8102.5,163.75,100.0,0.013604588680087834,0,0,7954.5,8082.5375,167.52947028561812,-167.52947028561812,-0.020465290394290854,-0.02067760618075952
CO--GR,CO,GR,10382.81703126424,10,9995.0,9945.0,9992.5,9994.422555568763,166.14919667442138,27605.555555555555,9780.0,10230.0,9870.0,10150.0,280.0,155.0,0.01662323128308368,0,0,9896.95,10092.05,387.81703126423963,-387.81703126423963,-0.037351812142741574,-0.038067263260900625
CO--IN,CO,IN,15225.968636419148,10,15573.0,15750.0,15622.5,15708.500142289724,408.33129251190684,166734.44444444444,14800.0,15950.0,15600.0,15800.0,200.0,115.0,0.02622046442637301,2,0,15309.875,15780.025,347.0313635808525,347.0313635808525,0.022792071353068776,0.022536212501317553
CO--IT,CO,IT,9387.891649710753,10,9345.0,9345.0,9345.0,9345.0,5.270462766947299,27.777777777777775,9340.0,9350.0,9340.0,9350.0,10.0,5.0,0.0005639874549970358,0,0,9342.0,9348.0,42.89164971075297,-42.89164971075297,-0.004568826666429889,-0.004579295654481987
CO--JP,CO,JP,14327.518669903713,10,14300.0,14300.0,14300.0,14300.0,0.0,0.0,14300.0,14300.0,14300.0,14300.0,0.0,0.0,0.0,0,0,14300.0,14300.0,27.51866990371309,-27.51866990371309,-0.00192068637547956,-0.0019225332587907153
CO--KE,CO,KE,12348.95435955968,10,11631.0,11637.5,11628.75,11632.217428572003,53.53088412828202,2865.5555555555557,11550.0,11730.0,11603.75,11656.25,52.5,30.0,0.004602431788176598,0,0,11599.0,11664.0,717.9543595596806,-717.9543595596806,-0.05813887869817022,-0.059897444890480066
CO--KR,CO,KR,14855.470153152684,10,14850.0,14850.0,14850.0,14850.0,0.0,0.0,14850.0,14850.0,14850.0,14850.0,0.0,0.0,0.0,0,0,14850.0,14850.0,5.470153152684361,-5.470153152684361,-0.00036822484218202036,-0.00036829265359629464
CO--MA,CO,MA,7635.020568883151,10,7507.0,7507.5,7521.25,7512.942499998671,110.45863982102583,12201.111111111113,7250.0,7650.0,7481.25,7547.5,66.25,37.5,0.014714085496340193,2,0,7437.8375,7567.025,128.0205688831511,-128.0205688831511,-0.016767547346880025,-0.016909714101399673
CO--MX,CO,MX,3175.5874499646543,10,3198.1,3200.0,3198.875,3198.0999999989094,34.936291223374646,1220.5444444444443,3150.0,3240.0,3165.0,3232.75,67.75,40.0,0.01092407717812909,0,0,3177.0975,3218.2,22.512550035345612,22.512550035345612,0.007089255260659311,0.007064244625532763
CO--MY,CO,MY,19032.67962698383,10,19756.0,19750.0,19756.25,19753.27533333333,19.972202905260325,398.88888888888897,19725.0,19785.0,19742.5,19775.0,32.5,10.0,0.0010109436578892652,0,0,19745.0,19768.5,723.3203730161695,723.3203730161695,0.038004126964375134,0.03729976061669403
CO--NG,CO,NG,9018.876991242843,10,8235.0,8245.0,8230.0,8230.037749575942,151.74906186786717,23027.777777777777,8050.0,8460.0,8102.5,8325.0,222.5,135.0,0.018427329917166627,0,0,8155.0,8324.0,783.8769912428434,-783.8769912428434,-0.08691514387034803,-0.09092646061439401
CO--NL,CO,NL,8857.739182265888,10,8827.5,8827.5,8827.5,8827.5,2.6352313834736494,6.944444444444444,8825.0,8830.0,8825.0,8830.0,5.0,2.5,0.0002985252204444802,0,0,8826.0,8829.0,30.239182265888303,-30.239182265888303,-0.0034138713777473015,-0.0034197119330307037
CO--NO,CO,NO,9277.765385828061,10,8976.0,8955.0,8968.75,8968.22800000397,140.7282645542268,19804.444444444445,8800.0,9210.0,8870.0,9070.0,200.0,120.0,0.015678282592939706,0,0,8897.0,9061.05,301.76538582806097,-301.76538582806097,-0.03252565389172403,-0.033066370080106995
CO--NZ,CO,NZ,12107.72103768077,10,12433.5,12400.0,12431.875,12433.50000003965,396.4428640352156,157166.94444444447,11930.0,12950.0,12062.5,12807.5,745.0,440.0,0.03188505762940569,0,0,12206.8,12648.0125,325.7789623192293,325.7789623192293,0.026906711948959154,0.026551091327891074
CO--PE,CO,PE,1869.717421500606,10,1880.0,1880.0,1880.0,1880.0,0.0,0.0,1880.0,1880.0,1880.0,1880.0,0.0,0.0,0.0,0,0,1880.0,1880.0,10.282578499394049,10.282578499394049,0.0054995361230262335,0.005484468890857438
CO--PH,CO,PH,17318.972788215247,10,17932.5,18050.0,17955.625,18019.232333336244,225.79796771056692,50984.72222222222,17550.0,18130.0,17800.0,18115.0,315.0,77.5,0.01259154985141876,0,0,17797.5,18055.0125,613.5272117847526,613.5272117847526,0.03542515016838812,0.03481211548270921
CO--PK,CO,PK,14553.253604343023,10,15188.0,15225.0,15212.5,15206.155142858599,192.74623501150705,37151.11111111111,14750.0,15430.0,15112.5,15250.0,137.5,110.0,0.01269069232364413,1,0,15059.975,15287.0,634.7463956569773,634.7463956569773,0.04361542874973019,0.04269105833149102
CO--PL,CO,PL,9952.660970335612,10,9648.5,9655.0,9651.25,9652.53728566218,24.61368183213014,605.8333333333334,9600.0,9675.0,9636.25,9668.75,32.5,15.0,0.002551037138636072,0,0,9632.9875,9662.0,304.16097033561164,-304.16097033561164,-0.03056076874739109,-0.031037486766659555
CO--PT,CO,PT,7528.581774689585,10,7497.0,7500.0,7500.625,7500.624999999877,24.96664441476534,623.3333333333334,7440.0,7525.0,7485.0,7515.0,30.0,15.0,0.003330218009172381,0,0,7481.5,7509.5,31.581774689584563,-31.581774689584563,-0.004194916869437435,-0.004203740217327403
CO--RU,CO,RU,10916.0980038675,10,10900.0,10900.0,10900.0,10900.0,0.0,0.0,10900.0,10900.0,10900.0,10900.0,0.0,0.0,0.0,0,0,10900.0,10900.0,16.098003867500665,-16.098003867500665,-0.0014747031276008378,-0.0014757915724783817
CO--SA,CO,SA,12862.1824864371,10,12448.0,12475.0,12453.75,12470.97833333306,84.69553313683865,7173.333333333334,12300.0,12550.0,12435.0,12500.0,65.0,25.0,0.0068039470707614595,2,0,12389.975,12495.0,414.1824864370992,-414.1824864370992,-0.032201571302059036,-0.03273144820561633
CO--SE,CO,SE,9693.22189855851,10,9542.0,9550.0,9543.75,9543.749999883958,35.52776691859794,1262.2222222222222,9470.0,9600.0,9522.5,9550.0,27.5,25.0,0.003723304015782639,2,0,9520.0,9565.0,151.22189855850957,-151.22189855850957,-0.015600787864043219,-0.015723760815051835
CO--SG,CO,SG,19316.524021455647,10,19604.0,19750.0,19655.0,19740.000000000306,319.62478001556764,102160.0,19000.0,19800.0,19710.0,19750.0,40.0,30.0,0.01630405937643173,2,0,19375.0,19759.025,287.475978544353,287.475978544353,0.01488238661495421,0.014772730523491644
CO--SN,CO,SN,6296.585430647009,10,6345.0,6335.0,6347.5,6338.333333333375,288.26106994258595,83094.44444444442,5920.0,6750.0,6185.0,6510.0,325.0,175.0,0.045431216697019064,0,0,6178.975,6510.025,48.41456935299084,48.41456935299084,0.007689019689520194,0.007659609836716363
CO--TH,CO,TH,17891.231905646808,10,17471.0,17512.5,17482.5,17483.439642064375,219.2005677202705,48048.88888888889,17100.0,17750.0,17287.5,17637.5,350.0,162.5,0.01254653813292144,0,0,17338.45,17588.5,420.2319056468077,-420.2319056468077,-0.02348814815340774,-0.02376839167137421
CO--TR,CO,TR,11114.439440495353,10,10776.0,10780.0,10776.25,10779.666666666666,13.498971154211057,182.2222222222222,10750.0,10800.0,10772.5,10780.0,7.5,0.0,0.0012526884886981309,3,0,10768.0,10784.0,338.43944049535276,-338.43944049535276,-0.0304504282296282,-0.03092367433235358
CO--TZ,CO,TZ,12263.99655872549,10,11180.5,11195.0,11186.875,11190.00000000048,201.55575462442698,40624.72222222222,10850.0,11460.0,11070.0,11317.5,247.5,150.0,0.01802743657478887,0,0,11050.9875,11291.525,1083.49655872549,-1083.49655872549,-0.08834775462772065,-0.09249667152372745
CO--UA,CO,UA,10641.180470910898,10,10301.5,10280.0,10299.375,10284.211142857055,89.25774164992325,7966.944444444443,10170.0,10450.0,10250.0,10321.25,71.25,30.0,0.00866453833421572,2,0,10251.5,10359.5,339.6804709108983,-339.6804709108983,-0.031921314730020856,-0.03244190857319442
CO--US,CO,US,3810.5972373090326,10,3722.5,3805.0,3736.875,3787.3132001083186,136.20348339484158,18551.388888888887,3490.0,3840.0,3661.25,3817.5,156.25,30.0,0.036589250072489345,0,0,3639.9875,3802.025,88.09723730903261,-88.09723730903261,-0.023119010439225825,-0.023390446476991296
CO--VN,CO,VN,17168.46785762716,10,17450.0,17460.0,17436.25,17445.522000007622,196.75139417831608,38711.11111111111,17150.0,17860.0,17325.0,17542.5,217.5,90.0,0.011275151528843327,0,0,17341.975,17565.025,281.5321423728383,281.5321423728383,0.016398210062045022,0.016265211405694983
CO--ZA,CO,ZA,11470.29193218006,10,10556.5,10407.5,10529.375,10445.941666638733,361.99332406367205,131039.16666666669,10150.0,11180.0,10317.5,10722.5,405.0,125.0,0.0342910362396317,0,0,10351.0,10795.0,913.79193218006,-913.79193218006,-0.07966596993197744,-0.08301859867435647
DE--DZ,DE,DZ,1929.5842635808192,10,1848.0,1835.0,1843.125,1835.3198571423982,44.35964131705505,1967.7777777777776,1800.0,1935.0,1822.5,1847.5,25.0,15.0,0.024004134911826326,2,0,1824.5,1874.5,81.5842635808192,-81.5842635808192,-0.04228074674977888,-0.04320059902270214
DE--EG,DE,EG,2891.4189080361066,10,2894.0,2890.0,2893.75,2890.6666666666665,5.163977794943222,26.666666666666664,2890.0,2900.0,2890.0,2900.0,10.0,0.0,0.0017843738061310375,0,0,2891.0,2897.0,2.5810919638934138,2.5810919638934138,0.0008926731290024414,0.0008922749332995917
DE--ES,DE,ES,1871.7316834419983,10,1870.0,1870.0,1870.0,1870.0,0.0,0.0,1870.0,1870.0,1870.0,1870.0,0.0,0.0,0.0,0,0,1870.0,1870.0,1.731683441998257,-1.731683441998257,-0.0009251771807451582,-0.0009256054213056632
DE--ET,DE,ET,5338.017839459692,10,5348.5,5350.0,5349.375,5349.75,3.3747427885527643,11.388888888888888,5340.0,5350.0,5350.0,5350.0,0.0,0.0,0.000630969952052494,2,0,5346.5,5350.0,10.482160540307632,10.482160540307632,0.0019636803127223387,0.0019617548128357844
DE--FI,DE,FI,1107.9778488106122,10,1101.5,1100.0,1101.25,1100.4285714285713,2.41522945769824,5.833333333333334,1100.0,1105.0,1100.0,1103.75,3.75,0.0,0.002192673134542206,0,0,1100.4875,1103.0,6.477848810612159,-6.477848810612159,-0.0058465508291216965,-0.0058637088168036425
DE--FJ,DE,FJ,15973.080004981164,10,16180.0,16175.0,16180.0,16178.152142857243,41.899350299921785,1755.5555555555559,16110.0,16250.0,16152.5,16200.0,47.5,25.0,0.00258957665636105,0,0,16155.0,16206.0,206.91999501883583,206.91999501883583,0.012954295286463748,0.01287110607145863
DE--FR,DE,FR,880.1220118488678,10,878.0,878.0,878.0,878.0,0.0,0.0,878.0,878.0,878.0,878.0,0.0,0.0,0.0,0,0,878.0,878.0,2.122011848867828,-2.122011848867828,-0.002411042810314593,-0.0024139540543952937
DE--GB,DE,GB,933.6780131656095,10,931.4,932.0,931.5,931.5714285714286,0.9660917830792959,0.9333333333333333,930.0,932.0,930.5,932.0,1.5,0.0,0.0010372469219232295,0,0,930.8,932.0,2.2780131656095364,-2.2780131656095364,-0.0024398273639174555,-0.0024428085928100743
DE--GH,DE,GH,5355.487752609555,10,5251.5,5250.0,5253.125,5253.191071643866,75.57373147389832,5711.38888888889,5140.0,5350.0,5200.0,5318.75,118.75,62.5,0.014390884789850199,0,0,5206.975,5292.5375,103.98775260955517,-103.98775260955517,-0.019417046105443023,-0.019608033258379554
DE--GR,DE,GR,1803.6456298841938,10,1800.6,1801.0,1800.625,1800.6,0.5163977794943223,0.2666666666666667,1800.0,1801.0,1800.0,1801.0,1.0,0.0,0.00028679205792198287,0,0,1800.3,1800.9,3.045629884193886,-3.045629884193886,-0.0016885966033080655,-0.0016900238895191948
DE--IN,DE,IN,5791.273241523696,10,5823.5,5787.5,5817.5,5789.051214285038,63.24774919139635,4000.277777777778,5780.0,5915.0,5781.25,5883.75,102.5,7.5,0.010860779461045137,0,0,5785.4875,5863.0,32.226758476303985,32.226758476303985,0.005564710406899236,0.005549284606226199
DE--IT,DE,IT,1183.3475090566692,10,1183.8,1184.0,1184.0,1184.0,1.0327955589886444,1.0666666666666664,1181.0,1185.0,1184.0,1184.0,0.0,0.0,0.0008724409182198382,2,0,1183.1,1184.3,0.45249094333075845,0.45249094333075845,0.0003823821319330543,0.00038230904251714335
DE--JP,DE,JP,8941.116372895822,10,8916.9,8918.0,8917.375,8917.337199999998,3.178049716414141,10.100000000000001,8910.0,8920.0,8915.0,8919.5,4.5,2.0,0.0003564074640754232,0,0,8914.9,8918.6,24.216372895822133,-24.216372895822133,-0.00270842833107864,-0.0027121027592073893
DE--KE,DE,KE,6352.944306361189,10,6353.0,6350.0,6353.75,6353.74999999998,10.593499054713803,112.22222222222223,6330.0,6370.0,6350.0,6360.0,10.0,5.0,0.0016674797819477103,1,0,6347.0,6359.0,0.055693638811135315,0.055693638811135315,8.76658697532881e-06,8.766548548940557e-06
DE--KR,DE,KR,8148.703873526628,10,8130.0,8130.0,8130.0,8130.0,0.0,0.0,8130.0,8130.0,8130.0,8130.0,0.0,0.0,0.0,0,0,8130.0,8130.0,18.70387352662783,-18.70387352662783,-0.002295318840508202,-0.002297957122703658
DE--MA,DE,MA,2611.9809662547964,10,2616.5,2615.0,2616.875,2615.3333333333153,7.8351061823621055,61.388888888888886,2600.0,2630.0,2615.0,2618.75,3.75,0.0,0.0029944988275796315,3,0,2611.9875,2621.0,4.519033745203615,4.519033745203615,0.0017301174103436354,0.001728622481237105
DE--MX,DE,MX,9740.126910212532,10,9690.5,9725.0,9703.125,9724.857142857143,74.06641164072506,5485.833333333333,9550.0,9730.0,9725.0,9725.0,0.0,0.0,0.0076431981467132825,3,0,9638.0,9726.0,49.626910212531584,-49.626910212531584,-0.005095098931462354,-0.005108123206839183
DE--MY,DE,MY,9615.08570758263,10,9600.0,9600.0,9600.0,9600.0,0.0,0.0,9600.0,9600.0,9600.0,9600.0,0.0,0.0,0.0,0,0,9600.0,9600.0,15.085707582629766,-15.085707582629766,-0.0015689623620029622,-0.001570194472374856
DE--NG,DE,NG,4846.239230895395,10,4854.5,4855.0,4856.875,4856.875000000112,35.935899722824374,1291.388888888889,4780.0,4910.0,4835.0,4878.75,43.75,25.0,0.007402595472824055,0,0,4831.5,4875.5,8.26076910460506,8.26076910460506,0.0017045731155700282,0.0017031219796277244
DE--NL,DE,NL,577.0085813772484,10,576.4,577.0,576.5,576.5714285714286,0.9660917830792959,0.9333333333333333,575.0,577.0,575.5,577.0,1.5,0.0,0.0016760787353908672,0,0,575.8,577.0,0.6085813772484698,-0.6085813772484698,-0.001054718069869708,-0.0010552746763828472
DE--NO,DE,NO,839.4791498459016,10,839.7,840.0,839.875,839.7777777777778,0.6749485577105528,0.4555555555555555,838.0,840.0,840.0,840.0,0.0,0.0,0.0008037972582000153,2,0,839.2,840.0,0.2208501540984571,0.2208501540984571,0.0002630799754097494,0.00026304537594117343
DE--NZ,DE,NZ,18133.546853189033,10,18232.0,18175.0,18226.25,18183.043333334048,97.15966241192895,9439.999999999998,18150.0,18360.0,18150.0,18340.0,190.0,25.0,0.005329073190649899,0,0,18171.0,18290.05,98.45314681096716,98.45314681096716,0.005429337548139559,0.005414651826878313
DE--PE,DE,PE,11091.52456248637,10,10992.5,11025.0,10979.375,10986.05055556403,190.77692033716588,36395.833333333336,10780.0,11310.0,10796.25,11137.5,341.25,175.0,0.017355189478022823,0,0,10884.9375,11110.0,99.02456248636918,-99.02456248636918,-0.008927948716922915,-0.00896804166129445
DE--PH,DE,PH,9877.59768324053,10,9692.0,9737.5,9736.25,9736.98292857144,141.30738755556192,19967.777777777774,9290.0,9740.0,9731.25,9740.0,8.75,2.5,0.014579796487367099,1,0,9601.4875,9738.5,185.5976832405304,-185.5976832405304,-0.01878975933140472,-0.01896852977029023
DE--PK,DE,PK,5120.406237354785,10,5249.5,5275.0,5259.375,5270.087000001004,64.82669203345178,4202.5,5100.0,5320.0,5237.5,5283.75,46.25,15.0,0.012349117446128542,1,0,5208.975,5281.5125,129.09376264521507,129.09376264521507,0.02521162514478641,0.02489905483559399
DE--PL,DE,PL,517.9674462482383,10,517.1,517.0,517.0,517.1,0.31622776601683794,0.1,517.0,518.0,517.0,517.0,0.0,0.0,0.0006115408354609126,1,0,517.0,517.3,0.8674462482382523,-0.8674462482382523,-0.0016747119042352418,-0.0016761158018513632
DE--PT,DE,PT,2315.454518326916,10,2310.5,2310.0,2310.0,2310.1111111111113,1.5811388300841898,2.5000000000000004,2310.0,2315.0,2310.0,2310.0,0.0,0.0,0.0006843275611703916,1,0,2310.0,2311.5,4.954518326916059,-4.954518326916059,-0.0021397605902862037,-0.002142053148912951
DE--RU,DE,RU,1613.9333205348753,10,1608.5,1608.0,1608.375,1608.375,0.8498365855987975,0.7222222222222222,1608.0,1610.0,1608.0,1608.75,0.75,0.0,0.0005283410541490815,2,0,1608.1,1609.0,5.433320534875293,-5.433320534875293,-0.0033665086814581844,-0.0033721881219822714
DE--SA,DE,SA,4176.916396262325,10,4212.0,4215.0,4212.5,4212.0000000003665,61.65315167216605,3801.111111111111,4140.0,4280.0,4152.5,4271.25,118.75,62.5,0.014637500397000486,0,0,4173.5,4249.5,35.08360373767482,35.08360373767482,0.008399402910977356,0.00836432421619784
DE--SE,DE,SE,814.5045168029693,10,810.0,810.0,810.0,810.0,0.0,0.0,810.0,810.0,810.0,810.0,0.0,0.0,0.0,0,0,810.0,810.0,4.504516802969306,-4.504516802969306,-0.005530376701470103,-0.0055457258519141595
DE--SG,DE,SG,9925.538516503066,10,9910.0,9910.0,9910.0,9910.0,0.0,0.0,9910.0,9910.0,9910.0,9910.0,0.0,0.0,0.0,0,0,9910.0,9910.0,15.538516503065694,-15.538516503065694,-0.0015655086600318967,-0.0015667353491430078
DE--SN,DE,SN,5002.201564734814,10,5027.0,5030.0,5028.75,5029.75,6.749485577105529,45.55555555555555,5010.0,5030.0,5030.0,5030.0,0.0,0.0,0.0013426468225791782,2,0,5022.975,5030.0,24.798435265185617,24.798435265185617,0.004957504199753349,0.004945256238674702
DE--TH,DE,TH,8612.78119439707,10,8599.3,8600.0,8599.75,8599.75000000214,1.636391694484477,2.6777777777777776,8595.0,8600.0,8600.0,8600.0,0.0,0.0,0.00019029359302320852,2,0,8598.1975,8600.0,13.481194397070794,-13.481194397070794,-0.0015652544854896356,-0.0015664807760967499
DE--TR,DE,TR,2040.6210846007348,10,2030.0,2030.0,2030.0,2030.0,0.0,0.0,2030.0,2030.0,2030.0,2030.0,0.0,0.0,0.0,0,0,2030.0,2030.0,10.621084600734775,-10.621084600734775,-0.005204829392818355,-0.005218421701601577
DE--TZ,DE,TZ,6841.237574953327,10,6756.0,6715.0,6751.25,6745.437571416845,126.1568688401688,15915.555555555553,6630.0,6920.0,6650.0,6887.5,237.5,85.0,0.018673307998840854,0,0,6682.0,6830.0,85.23757495332666,-85.23757495332666,-0.012459379464527392,-0.01253764833340352
DE--UA,DE,UA,1208.4684314926021,10,1143.2,1120.0,1139.625,1121.1860799754954,41.675465737582876,1736.8444444444442,1110.0,1205.0,1120.0,1180.0,60.0,4.0,0.03645509599158754,0,0,1123.1775,1168.7075,65.26843149260208,-65.26843149260208,-0.05400921512859695,-0.055522451128440786
DE--US,DE,US,6726.290515021435,10,6715.0,6715.0,6715.0,6715.0,0.0,0.0,6715.0,6715.0,6715.0,6715.0,0.0,0.0,0.0,0,0,6715.0,6715.0,11.290515021434658,-11.290515021434658,-0.0016785648785493587,-0.001679975247059418
DE--VN,DE,VN,8340.425219517292,10,8295.5,8290.0,8295.0,8293.916142874534,10.65885130354632,113.6111111111111,8280.0,8315.0,8290.0,8300.0,10.0,5.0,0.0012848955823695162,0,0,8289.0,8302.5,44.925219517292135,-44.925219517292135,-0.005386442337755558,-0.005401001523295365
DE--ZA,DE,ZA,8785.190433813566,10,8698.0,8695.0,8695.0,8693.546571428546,22.997584414213787,528.8888888888889,8670.0,8750.0,8682.5,8700.0,17.5,10.0,0.0026440083253867312,1,0,8686.0,8712.0,87.19043381356641,-87.19043381356641,-0.00992470618257479,-0.009974284384452164
DZ--EG,DZ,EG,2715.5414954485536,10,2712.0,2710.0,2711.875,2710.666666666649,2.581988897471611,6.666666666666666,2710.0,2715.0,2710.0,2715.0,5.0,0.0,0.0009520608029025115,0,0,2710.5,2713.5,3.5414954485536327,-3.5414954485536327,-0.0013041581041900625,-0.0013050092584773972
DZ--ES,DZ,ES,711.8772255887199,10,716.0,715.0,715.0,715.0,5.163977794943222,26.666666666666664,710.0,730.0,715.0,715.0,0.0,0.0,0.007212259490144165,2,0,713.5,719.5,4.122774411280147,4.122774411280147,0.005791412146765375,0.005774706388360371
DZ--ET,DZ,ET,4726.061150528088,10,4807.5,4820.0,4808.125,4808.125000001061,94.90492318338625,9006.944444444443,4630.0,4980.0,4760.0,4850.0,90.0,57.5,0.019741013662690845,0,0,4751.975,4864.5,81.43884947191236,81.43884947191236,0.017231865369074294,0.017085080627534895
DZ--FI,DZ,FI,3033.2458162220696,10,3118.5,3120.0,3119.375,3119.3200555556314,9.44281031614353,89.16666666666669,3100.0,3130.0,3112.5,3123.75,11.25,7.5,0.003027997536040895,0,0,3112.0,3124.0,85.2541837779304,85.2541837779304,0.028106585797294567,0.027718844340488803
DZ--FJ,DZ,FJ,17891.524863416074,10,18151.0,18185.0,18157.5,18168.33333330321,407.4977845883882,166054.4444444444,17500.0,18750.0,17937.5,18347.5,410.0,225.0,0.022450431633980947,0,0,17936.825,18384.025,259.47513658392563,259.47513658392563,0.01450268429129206,0.014398526205606091
DZ--FR,DZ,FR,1345.8479224292655,10,1350.0,1350.0,1350.0,1350.0,0.0,0.0,1350.0,1350.0,1350.0,1350.0,0.0,0.0,0.0,0,0,1350.0,1350.0,4.152077570734491,4.152077570734491,0.003085101593975016,0.0030803524333074504
DZ--GB,DZ,GB,1656.5822446092477,10,1660.0,1660.0,1660.0,1660.0,0.0,0.0,1660.0,1660.0,1660.0,1660.0,0.0,0.0,0.0,0,0,1660.0,1660.0,3.4177553907522906,3.4177553907522906,0.0020631365583412167,0.002061011214859234
DZ--GH,DZ,GH,3472.5242188720927,10,2787.0,2720.0,2781.25,2724.913000001953,93.54737361952559,8751.111111111111,2710.0,2910.0,2715.0,2892.5,177.5,10.0,0.03356561665573218,0,0,2733.4875,2843.5,685.5242188720927,-685.5242188720927,-0.19741380496253447,-0.21991602159943358
DZ--GR,DZ,GR,1833.1443937842616,10,1704.0,1700.0,1702.5,1700.4285714285713,7.378647873726218,54.44444444444444,1700.0,1720.0,1700.0,1703.75,3.75,0.0,0.004330192414158579,2,0,1700.0,1708.5125,129.14439378426164,-129.14439378426164,-0.07044965700583013,-0.07305431191650034
DZ--IN,DZ,IN,6841.71964982002,10,6848.5,6847.5,6849.375,6855.149142860879,86.34716748876788,7455.833333333333,6720.0,6970.0,6812.5,6917.5,105.0,60.0,0.012608186827592594,0,0,6796.5,6899.025,6.780350179979905,6.780350179979905,0.0009910301104135817,0.0009905393642765119
DZ--IT,DZ,IT,992.0972539136368,10,995.0,995.0,995.0,995.0,4.714045207910317,22.222222222222225,990.0,1000.0,990.0,1000.0,10.0,5.0,0.004737733877296801,0,0,992.5,998.0,2.9027460863632086,2.9027460863632086,0.002925868482059014,0.002921596459760194
DZ--JP,DZ,JP,10825.062201744677,10,10411.0,10405.0,10410.0,10406.608666666663,12.649110640673518,160.00000000000003,10400.0,10430.0,10400.0,10423.75,23.75,5.0,0.001214975568213766,0,0,10403.5,10418.5,414.0622017446767,-414.0622017446767,-0.03825033002377966,-0.03900108049902942
DZ--KE,DZ,KE,5468.388996259568,10,5442.5,5450.0,5455.625,5455.8333333326045,52.55949010407159,2762.4999999999995,5300.0,5480.0,5450.0,5471.25,21.25,15.0,0.009657232908419218,1,0,5407.9875,5465.5125,25.888996259567648,-25.888996259567648,-0.004734300408635154,-0.004745542705790516
DZ--KR,DZ,KR,9964.003557283175,10,10035.0,9995.0,9998.75,9999.922666667333,137.61863568895345,18938.88888888889,9950.0,10410.0,9960.0,10045.0,85.0,40.0,0.013713865041250967,1,0,9976.0,10122.0,70.99644271682519,70.99644271682519,0.007125292791061925,0.007100027834864848
DZ--MA,DZ,MA,947.5149821768754,10,924.5,930.0,925.625,929.3333333333334,7.975657409336932,63.61111111111111,910.0,930.0,917.5,930.0,12.5,0.0,0.008626995575269802,0,0,920.0,929.0,23.014982176875378,-23.014982176875378,-0.024289834577601543,-0.024589698328267472
DZ--MX,DZ,MX,9769.285470457762,10,9420.5,9427.5,9413.125,9426.322500000286,59.27572109313485,3513.6111111111118,9350.0,9550.0,9375.0,9440.0,65.0,12.5,0.00629220541299664,1,0,9387.4875,9457.0375,348.78547045776213,-348.78547045776213,-0.03570224982292579,-0.0363551625836562
DZ--MY,DZ,MY,10572.290569185669,10,10451.0,10445.0,10452.5,10459.189571432295,135.51957628164115,18365.555555555555,10240.0,10650.0,10402.5,10555.0,152.5,105.0,0.012967139630814386,0,0,10371.0,10526.025,121.29056918566857,-121.29056918566857,-0.011472496749113752,-0.01153881354063201
DZ--NG,DZ,NG,3099.0147228469714,10,2781.0,2717.5,2775.0,2724.895600000079,90.79280441385944,8243.333333333334,2700.0,2910.0,2715.0,2880.0,165.0,10.0,0.0326475384443939,0,0,2731.4875,2837.525,318.0147228469714,-318.0147228469714,-0.10261800968625952,-0.10827365438050127
DZ--NL,DZ,NL,1738.248506848775,10,1730.5,1730.0,1730.0,1730.111111111111,1.5811388300841898,2.5000000000000004,1730.0,1735.0,1730.0,1730.0,0.0,0.0,0.0009136890090055994,1,0,1730.0,1731.5,7.748506848774923,-7.748506848774923,-0.004457651951516407,-0.004467616906537731
DZ--NO,DZ,NO,2632.9504054733866,10,2897.0,2895.0,2889.375,2886.666666658599,92.47221805013174,8551.111111111111,2760.0,3095.0,2845.0,2917.5,72.5,45.0,0.03191999242324189,1,0,2849.9625,2952.525,264.0495945266134,264.0495945266134,0.10028658115918408,0.0955706741992446
DZ--NZ,DZ,NZ,19142.8906277313,10,19329.0,19330.0,19326.25,19326.66666666912,172.78438715475554,29854.44444444445,19100.0,19580.0,19192.5,19447.5,255.0,135.0,0.00893912707096878,0,0,19234.0,19431.025,186.1093722687001,186.1093722687001,0.009722114381152721,0.009675158720702903
DZ--PE,DZ,PE,9941.552381823174,10,9792.5,9840.0,9806.875,9811.61974960463,133.81683169334283,17906.94444444444,9540.0,9930.0,9702.5,9903.75,201.25,85.0,0.01366523683363215,0,0,9713.4875,9867.525,149.05238182317407,-149.05238182317407,-0.014992867924298908,-0.015106397150270826
DZ--PH,DZ,PH,11385.615764278304,10,11571.5,11485.0,11566.875,11537.955999990407,185.17334221390146,34289.166666666664,11350.0,11830.0,11426.25,11757.5,331.25,100.0,0.016002535731227712,0,0,11466.975,11676.05,185.8842357216963,185.8842357216963,0.016326234748312612,0.016194394808840242
DZ--PK,DZ,PK,6243.845068536664,10,6202.5,6155.0,6178.125,6170.884999739737,148.83342665170647,22151.38888888889,6050.0,6550.0,6121.25,6230.0,108.75,75.0,0.02399571570362055,1,0,6123.5,6288.0,41.34506853666426,-41.34506853666426,-0.006621731974902138,-0.006643752907048617
DZ--PL,DZ,PL,2223.061077794254,10,2279.5,2285.0,2279.375,2281.7536666668984,25.868255964920916,669.1666666666665,2240.0,2320.0,2256.25,2297.5,41.25,15.0,0.011348214944031989,0,0,2263.0,2294.0,56.43892220574617,56.43892220574617,0.025387931429102027,0.025071010675713885
DZ--PT,DZ,PT,1095.7494836242417,10,1000.0,980.0,988.125,980.6666666666666,42.0977698010503,1772.2222222222224,980.0,1115.0,980.0,997.5,17.5,0.0,0.042097769801050296,1,0,982.0,1027.5,95.74948362424175,-95.74948362424175,-0.08738264088206178,-0.09143858906341179
DZ--RU,DZ,RU,3341.3300109822576,10,3479.0,3480.0,3480.0,3479.8888888905444,3.1622776601683795,10.000000000000002,3470.0,3480.0,3480.0,3480.0,0.0,0.0,0.0009089616729429088,1,0,3477.0,3480.0,137.6699890177424,137.6699890177424,0.04120215260547439,0.0403759615635991
DZ--SA,DZ,SA,4356.927852945174,10,4103.5,4105.0,4109.375,4105.833333333336,117.94655098343863,13911.388888888887,3840.0,4320.0,4090.0,4123.75,33.75,17.5,0.028742914824768765,3,0,4029.9875,4168.5,253.42785294517398,-253.42785294517398,-0.05816663977436833,-0.05992692002720985
DZ--SE,DZ,SE,2735.695299839689,10,2970.0,2982.5,2973.125,2976.3225000002863,27.58824226207808,761.111111111111,2915.0,3000.0,2952.5,2990.0,37.5,12.5,0.009288970458612147,0,0,2953.5,2985.0,234.30470016031086,234.30470016031086,0.08564722108271379,0.0821763262737284
DZ--SG,DZ,SG,10888.595168568347,10,10437.5,10435.0,10436.875,10434.166666666764,70.20802423275182,4929.166666666668,10330.0,10550.0,10411.25,10457.5,46.25,25.0,0.006726517291760654,3,0,10396.9875,10479.525,451.0951685683467,-451.0951685683467,-0.04142822481549358,-0.042310836478413445
DZ--SN,DZ,SN,3179.4676163160534,10,3169.0,3170.0,3168.75,3169.8571428571427,5.676462121975467,32.22222222222222,3160.0,3180.0,3170.0,3170.0,0.0,0.0,0.0017912471195883455,3,0,3166.0,3172.0,10.467616316053409,-10.467616316053409,-0.0032922544209404146,-0.003297685814823178
DZ--TH,DZ,TH,9758.062670903257,10,9672.0,9642.5,9665.625,9661.115666666667,130.64370546558214,17067.777777777777,9520.0,9875.0,9562.5,9797.5,235.0,95.0,0.013507413716458038,0,0,9599.4625,9746.0125,86.06267090325673,-86.06267090325673,-0.008819647280999715,-0.00885877057572298
DZ--TR,DZ,TR,2617.4508653785942,10,2684.5,2680.0,2690.0,2689.2536666682263,59.556229266504474,3546.944444444444,2575.0,2750.0,2650.0,2737.5,87.5,45.0,0.02218522230080256,0,0,2649.0,2716.0,67.04913462140576,67.04913462140576,0.025616196089208197,0.025293598878229913
DZ--TZ,DZ,TZ,5847.445411357088,10,5406.0,5395.0,5395.625,5396.838111110054,76.65941994736633,5876.666666666667,5325.0,5570.0,5342.5,5442.5,100.0,55.0,0.01418043284265008,0,0,5364.9875,5457.5,441.44541135708823,-441.44541135708823,-0.07549372081348539,-0.07849543619693625
DZ--UA,DZ,UA,2663.2115945563396,10,2771.5,2805.0,2776.875,2801.007333335113,81.0366857938085,6566.944444444444,2650.0,2850.0,2702.5,2826.25,123.75,30.0,0.029239287675918636,0,0,2720.0,2817.0,108.2884054436604,108.2884054436604,0.040660834334381904,0.03985592899019001
DZ--US,DZ,US,6808.566447806581,10,6455.0,6465.0,6457.5,6459.754714338221,26.666666666666668,711.1111111111112,6410.0,6480.0,6436.25,6478.75,42.5,15.0,0.0041311644719855415,0,0,6439.5,6469.5,353.566447806581,-353.566447806581,-0.05192964635315918,-0.053326566773104045
DZ--VN,DZ,VN,9710.302297086428,10,9638.5,9647.5,9655.625,9670.26387541651,194.1655937023287,37700.27777777778,9300.0,9840.0,9592.5,9802.5,210.0,132.5,0.020144793661080945,0,0,9517.475,9750.5,71.80229708642764,-71.80229708642764,-0.007394445084163022,-0.007421919515786841
DZ--ZA,DZ,ZA,7401.6582042116315,10,7452.0,7455.0,7451.25,7454.19566666672,15.491933384829668,240.00000000000003,7430.0,7480.0,7442.5,7460.0,17.5,5.0,0.0020788960527146627,0,0,7443.0,7461.0,50.34179578836847,50.34179578836847,0.0068014213030971075,0.006778395981540541
EG--ES,EG,ES,3355.0785607140415,10,3385.0,3350.0,3350.0,3350.1111111111113,110.67971810589327,12249.999999999998,3350.0,3700.0,3350.0,3350.0,0.0,0.0,0.03269711022330673,1,0,3350.0,3455.0,29.921439285958513,29.921439285958513,0.00891825295428865,0.008878720204597151
EG--ET,EG,ET,2452.617953664222,10,2470.0,2470.0,2470.0,2470.0,0.0,0.0,2470.0,2470.0,2470.0,2470.0,0.0,0.0,0.0,0,0,2470.0,2470.0,17.382046335777886,17.382046335777886,0.0070871398090391665,0.0070621440631138
EG--FI,EG,FI,3381.1971957220794,10,3400.0,3400.0,3400.0,3400.0,0.0,0.0,3400.0,3400.0,3400.0,3400.0,0.0,0.0,0.0,0,0,3400.0,3400.0,18.802804277920586,18.802804277920586,0.005560990143287135,0.005545584923395784
EG--FJ,EG,FJ,16456.426551141787,10,16337.5,16335.0,16340.625,16337.500000002983,172.61469616847035,29795.833333333332,16100.0,16550.0,16187.5,16487.5,300.0,175.0,0.010565551410464903,0,0,16235.4875,16431.5125,118.92655114178706,-118.92655114178706,-0.00722675428788856,-0.007252993770614018
EG--FR,EG,FR,3214.633946258294,10,3210.0,3210.0,3210.0,3210.0,0.0,0.0,3210.0,3210.0,3210.0,3210.0,0.0,0.0,0.0,0,0,3210.0,3210.0,4.633946258294145,-4.633946258294145,-0.0014415159970819925,-0.001442555980822515
EG--GB,EG,GB,3513.224272125026,10,3510.0,3510.0,3510.0,3510.0,0.0,0.0,3510.0,3510.0,3510.0,3510.0,0.0,0.0,0.0,0,0,3510.0,3510.0,3.224272125025891,-3.224272125025891,-0.0009177530027354735,-0.0009181743958653939
EG--GH,EG,GH,4270.0929109249555,10,4256.0,4250.0,4253.75,4250.428571426229,10.749676997731399,115.55555555555554,4250.0,4280.0,4250.0,4257.5,7.5,0.0,0.0025257699712714753,2,0,4250.0,4263.0,14.092910924955504,-14.092910924955504,-0.0033003757105375966,-0.0033058339632850184
EG--GR,EG,GR,1119.9840833129142,10,1110.0,1110.0,1110.0,1110.0,0.0,0.0,1110.0,1110.0,1110.0,1110.0,0.0,0.0,0.0,0,0,1110.0,1110.0,9.984083312914208,-9.984083312914208,-0.008914486787509763,-0.00895445855402332
EG--IN,EG,IN,4435.964091411309,10,4400.0,4400.0,4400.0,4400.0,0.0,0.0,4400.0,4400.0,4400.0,4400.0,0.0,0.0,0.0,0,0,4400.0,4400.0,35.9640914113088,-35.9640914113088,-0.008107390111867828,-0.008140433718542449
EG--IT,EG,IT,2134.7872271725983,10,2130.0,2130.0,2130.0,2130.0,0.0,0.0,2130.0,2130.0,2130.0,2130.0,0.0,0.0,0.0,0,0,2130.0,2130.0,4.78722717259825,-4.78722717259825,-0.002242484455436177,-0.0022450025889905268
EG--JP,EG,JP,9586.616311745503,10,9560.0,9560.0,9560.0,9560.0,0.0,0.0,9560.0,9560.0,9560.0,9560.0,0.0,0.0,0.0,0,0,9560.0,9560.0,26.61631174550348,-26.61631174550348,-0.002776403152058274,-0.0027802645080663947
EG--KE,EG,KE,3517.610461321371,10,3508.0,3500.0,3506.875,3500.666666666649,10.593499054713803,112.22222222222223,3500.0,3525.0,3500.0,3518.75,18.75,0.0,0.0030198115891430454,0,0,3502.0,3514.5,9.610461321371076,-9.610461321371076,-0.002732099368888322,-0.002735838364126166
EG--KR,EG,KR,8503.339014259222,10,8467.5,8465.0,8466.875,8465.319857090775,26.167197446845968,684.7222222222222,8430.0,8510.0,8450.0,8480.0,30.0,15.0,0.0030903097073334477,0,0,8453.4875,8482.0,35.839014259221585,-35.839014259221585,-0.0042146989787333255,-0.004223605857826515
EG--MA,EG,MA,3603.4430310091693,10,3422.0,3430.0,3422.5,3429.6666666666665,15.491933384829668,240.00000000000003,3400.0,3440.0,3407.5,3430.0,22.5,0.0,0.004527157622685467,0,0,3412.0,3430.0,181.44303100916932,-181.44303100916932,-0.05035268476503566,-0.05166461043791352
EG--MX,EG,MX,12386.314913876035,10,12451.5,12480.0,12460.625,12473.034800035504,50.224496015390734,2522.4999999999995,12340.0,12490.0,12426.25,12480.0,53.75,10.0,0.004033610088374151,1,0,12420.5,12476.0,65.18508612396545,65.18508612396545,0.0052626698559827875,0.005248870402448544
EG--MY,EG,MY,7957.843206792961,10,7684.5,7575.0,7666.25,7582.355000000003,190.85261911281756,36424.72222222222,7545.0,7970.0,7555.0,7862.5,307.5,25.0,0.02483604907447688,0,0,7579.4875,7803.0,273.3432067929607,-273.3432067929607,-0.03434890581403136,-0.03495269615593408
EG--NG,EG,NG,3387.4680508755546,10,3423.5,3427.5,3423.125,3425.3695714285873,14.916433890176299,222.50000000000003,3400.0,3450.0,3420.0,3430.0,10.0,5.0,0.0043570713860599675,3,0,3414.5,3432.0,36.03194912444542,36.03194912444542,0.010636838069995165,0.010580664893489059
EG--NL,EG,NL,3281.685911866004,10,3288.0,3290.0,3288.75,3289.75,4.216370213557839,17.77777777777778,3280.0,3290.0,3290.0,3290.0,0.0,0.0,0.0012823510381866907,2,0,3285.0,3290.0,6.314088133995938,6.314088133995938,0.0019240379194015173,0.0019221893292357079
EG--NO,EG,NO,3657.274374511535,10,3669.5,3670.0,3669.375,3670.0,5.986094998689324,35.833333333333336,3660.0,3680.0,3670.0,3670.0,0.0,0.0,0.0016313108049296427,4,0,3666.0,3673.0,12.225625488465084,12.225625488465084,0.003342824255590049,0.0033372494388883614
EG--NZ,EG,NZ,16524.182617665698,10,16376.0,16500.0,16386.25,16474.054499999973,179.02203464626606,32048.888888888887,16130.0,16540.0,16185.0,16500.0,315.0,35.0,0.010931975735604914,0,0,16268.95,16478.025,148.18261766569776,-148.18261766569776,-0.008967621642433221,-0.009008072776630604
EG--PE,EG,PE,12429.606272791647,10,12396.5,12402.5,12399.375,12399.374999998365,91.71362433623965,8411.388888888889,12250.0,12520.0,12327.5,12460.0,132.5,70.0,0.007398348270579571,0,0,12341.0,12448.025,33.106272791646916,-33.106272791646916,-0.002663501326193767,-0.0026670547569652707
EG--PH,EG,PH,9188.405775476658,10,9223.0,9240.0,9250.625,9243.275333333799,107.88883167408942,11640.0,8925.0,9300.0,9232.5,9276.25,43.75,10.0,0.011697802415059029,1,0,9150.5,9267.0125,34.594224523341836,34.594224523341836,0.003764986589476913,0.0037579167671019844
EG--PK,EG,PK,3959.781346765724,10,3504.5,3500.0,3504.375,3504.4999999980987,62.02374097427891,3846.9444444444443,3440.0,3570.0,3450.0,3563.75,113.75,60.0,0.017698313874812074,0,0,3469.0,3540.5125,455.2813467657238,-455.2813467657238,-0.11497638553643605,-0.12214095132051596
EG--PL,EG,PL,2605.2551344227354,10,2690.0,2650.0,2675.0,2652.3694999938434,106.66666666666667,11377.77777777778,2610.0,2890.0,2620.0,2680.0,60.0,30.0,0.03965303593556382,2,0,2631.0,2750.0,84.74486557726459,84.74486557726459,0.03252843242012921,0.03201058292681166
EG--PT,EG,PT,3804.4459470065553,10,3739.5,3742.5,3740.625,3739.499999998848,49.8581320682327,2485.833333333334,3670.0,3800.0,3703.75,3787.5,83.75,50.0,0.013332833819556812,0,0,3711.975,3769.5125,64.94594700655534,-64.94594700655534,-0.01707106577704347,-0.017218456236811702
EG--RU,EG,RU,2899.390144089835,10,2900.0,2900.0,2900.0,2900.0,0.0,0.0,2900.0,2900.0,2900.0,2900.0,0.0,0.0,0.0,0,0,2900.0,2900.0,0.6098559101651517,0.6098559101651517,0.0002103393747848292,0.00021031725655997155
EG--SA,EG,SA,1646.868560351307,10,1386.0,1290.0,1370.0,1290.4285714285713,154.57468529268735,23893.333333333336,1290.0,1610.0,1290.0,1530.0,240.0,0.0,0.11152574696442089,0,0,1290.0,1482.0,260.868560351307,-260.868560351307,-0.15840278127336344,-0.17245374174911832
EG--SE,EG,SE,3404.607659449505,10,3425.5,3430.0,3426.25,3429.5714285714284,7.245688373094719,52.49999999999999,3415.0,3430.0,3418.75,3430.0,11.25,0.0,0.0021152206606611353,0,0,3421.0,3430.0,20.89234055049519,20.89234055049519,0.006136489910227512,0.006117738329507891
EG--SG,EG,SG,8269.808521932006,10,8280.0,8280.0,8280.625,8280.142857140514,4.08248290463863,16.666666666666668,8270.0,8285.0,8280.0,8280.0,0.0,0.0,0.0004930534908983853,3,0,8277.5,8282.0,10.191478067994467,10.191478067994467,0.0012323717098123958,0.0012316129631048205
EG--SN,EG,SN,5253.120694234128,10,5178.5,5160.0,5173.125,5160.77533333347,57.54466864001294,3311.3888888888882,5100.0,5300.0,5150.0,5191.25,41.25,10.0,0.011112227216377897,1,0,5149.5,5216.0,74.62069423412777,-74.62069423412777,-0.014205021848447554,-0.01430687890972218
EG--TH,EG,TH,7278.235334714449,10,7263.5,7265.0,7263.125,7263.499999999898,12.920698295542872,166.94444444444446,7250.0,7280.0,7250.0,7273.75,23.75,15.0,0.0017788529352988052,0,0,7256.0,7271.0125,14.735334714448982,-14.735334714448982,-0.0020245751939576575,-0.002026627416703046
EG--TR,EG,TR,1105.6067845732575,10,1101.0,1100.0,1100.0,1100.111111111111,3.1622776601683795,10.000000000000002,1100.0,1110.0,1100.0,1100.0,0.0,0.0,0.00287218679397673,1,0,1100.0,1103.0,4.606784573257528,-4.606784573257528,-0.004166747742087759,-0.004175452825132794
EG--TZ,EG,TZ,4038.353951938408,10,3819.0,3825.0,3823.75,3826.666666675835,93.74314789774118,8787.777777777777,3660.0,3940.0,3762.5,3880.0,117.5,65.0,0.024546516862461686,0,0,3761.975,3871.025,219.35395193840804,-219.35395193840804,-0.05431766371868376,-0.05584856306540426
EG--UA,EG,UA,2264.232150700553,10,2270.5,2270.0,2270.0,2270.1111111111113,1.5811388300841898,2.5000000000000004,2270.0,2275.0,2270.0,2270.0,0.0,0.0,0.0006963835411073287,1,0,2270.0,2271.5,6.26784929944688,6.26784929944688,0.0027682008214164823,0.0027643764097233132
EG--US,EG,US,9366.819693047106,10,9446.0,9450.0,9447.5,9449.571428573772,6.99205898780101,48.888888888888886,9430.0,9450.0,9442.5,9450.0,7.5,0.0,0.0007402137399746993,1,0,9442.0,9450.0,79.18030695289417,79.18030695289417,0.008453275449688533,0.008417746599797759
EG--VN,EG,VN,7437.521764642192,10,7776.0,7850.0,7766.25,7782.146142847704,270.56319861438,73204.44444444444,7360.0,8270.0,7600.0,7925.0,325.0,145.0,0.03479465002756944,0,0,7622.975,7933.075,338.47823535780844,338.47823535780844,0.04550954552723815,0.04450436995222552
EG--ZA,EG,ZA,6178.42759423283,10,6261.5,6265.0,6261.25,6261.499999999996,10.55409346599171,111.38888888888889,6250.0,6275.0,6250.0,6268.75,18.75,10.0,0.001685553536052337,0,0,6255.5,6267.5,83.07240576716958,83.07240576716958,0.01344555787053528,0.013355968516479386
ES--ET,ES,ET,5435.390315315712,10,5448.5,5460.0,5465.625,5464.950285715493,85.44166300920048,7300.277777777778,5220.0,5540.0,5448.75,5480.0,31.25,20.0,0.015681685419693583,2,0,5388.9875,5488.5125,13.109684684288368,13.109684684288368,0.0024119122866573563,0.002409008294729892
ES--FI,ES,FI,2953.7168515011904,10,2950.0,2950.0,2950.0,2950.0,0.0,0.0,2950.0,2950.0,2950.0,2950.0,0.0,0.0,0.0,0,0,2950.0,2950.0,3.7168515011903764,-3.7168515011903764,-0.0012583641858905101,-0.001259156590928539
ES--FJ,ES,FJ,17527.210746850342,10,17408.0,17370.0,17400.0,17380.887500000987,129.4046195294262,16745.555555555555,17250.0,17630.0,17318.75,17478.75,160.0,62.5,0.0074336293387767816,0,0,17337.4625,17487.05,119.21074685034182,-119.21074685034182,-0.006801467077228139,-0.006824702470871884
ES--FR,ES,FR,1054.2206353287124,10,1050.9,1050.0,1050.75,1050.4285714285713,1.449137674618944,2.1,1050.0,1053.0,1050.0,1052.25,2.25,0.0,0.0013789491622599142,0,0,1050.0,1051.8,3.320635328712342,-3.320635328712342,-0.0031498485397005605,-0.0031548197544057507
ES--GB,ES,GB,1263.9687927349041,10,1263.2,1263.0,1263.125,1263.2,0.42163702135578396,0.1777777777777778,1263.0,1264.0,1263.0,1263.0,0.0,0.0,0.00033378484907835965,2,0,1263.0,1263.5,0.768792734904082,-0.768792734904082,-0.0006082371173425981,-0.0006084221685785396
ES--GH,ES,GH,3875.784925520151,10,3896.0,3900.0,3896.25,3899.3333333333335,5.163977794943222,26.666666666666664,3890.0,3900.0,3890.0,3900.0,10.0,0.0,0.001325456312870437,0,0,3893.0,3899.0,20.215074479849136,20.215074479849136,0.005215736907056618,0.005202182063218686
ES--GR,ES,GR,2374.062233299252,10,2254.5,2225.0,2243.75,2225.4285714285716,60.893805559806786,3708.0555555555557,2225.0,2370.0,2225.0,2228.75,3.75,0.0,0.027009893794547254,2,0,2225.5,2297.5,119.56223329925206,-119.56223329925206,-0.05036187831230335,-0.05167429149699926
ES--IN,ES,IN,7287.614249142348,10,6879.5,6785.0,6843.125,6785.142857142857,200.60256451224367,40241.38888888888,6780.0,7270.0,6785.0,6785.0,0.0,0.0,0.02915946864048894,3,0,6784.0,7021.0,408.11424914234794,-408.11424914234794,-0.05600107733341915,-0.057630254080316384
ES--IT,ES,IT,1365.1557413989822,10,1360.3,1360.0,1360.0,1360.111111111111,0.9486832980505138,0.8999999999999999,1360.0,1363.0,1360.0,1360.0,0.0,0.0,0.0006974074086969887,1,0,1360.0,1360.9,4.855741398982218,-4.855741398982218,-0.00355691387563309,-0.0035632547341828344
ES--JP,ES,JP,10789.251153816349,10,10766.0,10765.0,10765.0,10765.111111111111,3.1622776601683795,10.000000000000002,10765.0,10775.0,10765.0,10765.0,0.0,0.0,0.00029372818690027677,1,0,10765.0,10768.0,23.25115381634896,-23.25115381634896,-0.0021550294348393786,-0.0021573548522678793
ES--KE,ES,KE,6176.5987043900495,10,5785.0,5790.0,5787.5,5788.79349999993,17.159383568311668,294.44444444444446,5750.0,5800.0,5782.5,5797.5,15.0,10.0,0.0029661855779276867,1,0,5774.0,5794.0,391.59870439004953,-391.59870439004953,-0.06340037990677923,-0.06549938785607419
ES--KR,ES,KR,10019.900842150517,10,9976.0,9975.0,9976.25,9976.130444444396,11.498792207106893,132.22222222222223,9960.0,9990.0,9966.25,9987.5,21.25,10.0,0.0011526455700788787,0,0,9969.0,9983.5,43.90084215051684,-43.90084215051684,-0.0043813649298643795,-0.004390991237055387
ES--MA,ES,MA,760.8123052479816,10,565.6,567.5,566.375,566.0978333329082,9.651712571122056,93.15555555555554,550.0,575.0,557.0,575.0,18.0,7.5,0.017064555465208728,0,0,559.9,571.2,195.2123052479816,-195.2123052479816,-0.2565840535194202,-0.29649957060842536
ES--MX,ES,MX,9078.13985240458,10,9064.5,9065.0,9065.0,9064.888888888889,1.5811388300841898,2.5000000000000004,9060.0,9065.0,9065.0,9065.0,0.0,0.0,0.0001744319962583915,1,0,9063.5,9065.0,13.63985240457987,-13.63985240457987,-0.0015024941922399447,-0.0015036240685356353
ES--MY,ES,MY,11077.974673965115,10,11048.5,11055.0,11051.25,11054.396749999973,17.004901254246278,289.16666666666663,11015.0,11060.0,11050.0,11060.0,10.0,5.0,0.001539114020387046,2,0,11038.0,11057.0,29.47467396511456,-29.47467396511456,-0.002660655474721785,-0.0026642013093921956
ES--NG,ES,NG,3642.923695107211,10,3737.5,3765.0,3736.875,3746.4384999982776,80.25134128335661,6440.2777777777765,3600.0,3880.0,3673.75,3777.5,103.75,32.5,0.021471930778155613,0,0,3691.5,3782.0,94.57630489278881,94.57630489278881,0.02596164861202382,0.025630366529501437
ES--NL,ES,NL,1481.542258526469,10,1480.0,1480.0,1480.0,1480.0,0.0,0.0,1480.0,1480.0,1480.0,1480.0,0.0,0.0,0.0,0,0,1480.0,1480.0,1.5422585264689133,-1.5422585264689133,-0.0010409817996030921,-0.001041523997468054
ES--NO,ES,NO,2391.208799044871,10,2538.5,2590.0,2546.875,2589.2586999991504,85.24637496365722,7266.944444444444,2415.0,2595.0,2458.75,2590.0,131.25,2.5,0.03358139647967588,0,0,2485.5,2590.0125,147.29120095512917,147.29120095512917,0.06159696343287221,0.059774343663337406
ES--NZ,ES,NZ,19851.726976157825,10,19854.5,19855.0,19855.0,19854.88888888889,1.5811388300841898,2.5000000000000004,19850.0,19855.0,19855.0,19855.0,0.0,0.0,7.963629555436751e-05,1,0,19853.5,19855.0,2.773023842175462,2.773023842175462,0.00013968678118059444,0.00013967702589073126
ES--PE,ES,PE,9503.708312480001,10,9501.8,9500.0,9501.0,9500.25,3.823901439919996,14.62222222222222,9500.0,9510.0,9500.0,9500.0,0.0,0.0,0.00040243968931360336,2,0,9500.0,9504.4,1.9083124800017686,-1.9083124800017686,-0.00020079661720002776,-0.00020081677953987632
ES--PH,ES,PH,11671.011912853837,10,11642.5,11640.0,11641.875,11640.428571426228,4.249182927993988,18.055555555555557,11640.0,11650.0,11640.0,11643.75,3.75,0.0,0.00036497169233360425,2,0,11640.0,11645.0,28.511912853837202,-28.511912853837202,-0.0024429683618466436,-0.002445957277932402
ES--PK,ES,PK,6659.012517572479,10,6439.5,6345.0,6431.875,6425.941666653379,199.64482351304667,39858.055555555555,6160.0,6780.0,6321.25,6607.5,286.25,125.0,0.031003156070043742,0,0,6325.475,6562.0,219.51251757247883,-219.51251757247883,-0.032964725174071514,-0.033520305573769726
ES--PL,ES,PL,2294.1560974438808,10,2290.0,2290.0,2290.0,2290.0,0.0,0.0,2290.0,2290.0,2290.0,2290.0,0.0,0.0,0.0,0,0,2290.0,2290.0,4.156097443880753,-4.156097443880753,-0.0018116018559118203,-0.0018132447910834
ES--PT,ES,PT,504.8178933567692,10,502.2,502.0,502.125,502.2,0.4216370213557839,0.17777777777777778,502.0,503.0,502.0,502.0,0.0,0.0,0.0008395798911903303,2,0,502.0,502.5,2.6178933567692297,-2.6178933567692297,-0.005185817284252026,-0.0051993103031402884
ES--RU,ES,RU,3447.7208209357696,10,3440.0,3440.0,3440.0,3440.0,0.0,0.0,3440.0,3440.0,3440.0,3440.0,0.0,0.0,0.0,0,0,3440.0,3440.0,7.720820935769552,-7.720820935769552,-0.0022393985292794073,-0.002241909731922069
ES--SA,ES,SA,4976.67214260894,10,4799.0,4795.0,4795.0,4795.0,19.119507199599983,365.5555555555556,4780.0,4850.0,4790.0,4800.0,10.0,5.0,0.0039840606792248354,1,0,4790.0,4812.0,177.6721426089398,-177.6721426089398,-0.03570099406142476,-0.03635386032957221
ES--SE,ES,SE,2599.80340123646,10,2590.0,2590.0,2590.0,2590.0,0.0,0.0,2590.0,2590.0,2590.0,2590.0,0.0,0.0,0.0,0,0,2590.0,2590.0,9.803401236460104,-9.803401236460104,-0.003770824067618971,-0.003777951547984819
ES--SG,ES,SG,11394.820059047039,10,11373.5,11375.0,11373.125,11375.369571445934,14.729034063523802,216.94444444444449,11350.0,11400.0,11371.25,11380.0,8.75,5.0,0.0012950309107595552,3,0,11364.5,11381.5,21.32005904703874,-21.32005904703874,-0.0018710307785958806,-0.0018727833430923436
ES--SN,ES,SN,3146.0652951641023,10,3150.0,3150.0,3150.0,3150.0,0.0,0.0,3150.0,3150.0,3150.0,3150.0,0.0,0.0,0.0,0,0,3150.0,3150.0,3.934704835897719,3.934704835897719,0.0012506748801259322,0.001249893437783767
ES--TH,ES,TH,10195.38770323311,10,10189.5,10190.0,10190.0,10189.888888888889,1.5811388300841898,2.5000000000000004,10185.0,10190.0,10190.0,10190.0,0.0,0.0,0.0001551733480626321,1,0,10188.5,10190.0,5.887703233109278,-5.887703233109278,-0.0005774869386518964,-0.0005776537484574653
ES--TR,ES,TR,3091.375943481574,10,3093.5,3137.5,3126.25,3139.87237500196,142.55700614140295,20322.5,2740.0,3185.0,3120.0,3182.5,62.5,42.5,0.04608275614721285,2,0,3002.9875,3162.5,2.124056518426187,2.124056518426187,0.0006870909773704291,0.0006868550384329738
ES--TZ,ES,TZ,6547.695065885699,10,6182.5,6187.5,6186.25,6190.000000000642,78.53696935555608,6168.055555555555,6050.0,6285.0,6150.0,6241.25,91.25,50.0,0.012703108670530705,0,0,6135.0,6226.5,365.19506588569857,-365.19506588569857,-0.05577459887959811,-0.05739036896491558
ES--UA,ES,UA,2867.9152687436067,10,2865.0,2865.0,2865.0,2865.0,0.0,0.0,2865.0,2865.0,2865.0,2865.0,0.0,0.0,0.0,0,0,2865.0,2865.0,2.9152687436067026,-2.9152687436067026,-0.0010165114623082434,-0.0010170284604707582
ES--US,ES,US,6103.59738093071,10,6111.5,6115.0,6112.5,6114.571428573771,6.258327785172862,39.166666666666664,6100.0,6115.0,6111.25,6115.0,3.75,0.0,0.0010240248359932689,2,0,6107.5,6115.0,7.902619069290267,7.902619069290267,0.0012947477653064386,0.0012939103022096283
ES--VN,ES,VN,10056.382163469798,10,9814.5,10070.0,9858.75,10067.776100000618,390.7574553209303,152691.38888888885,9200.0,10075.0,9502.5,10070.0,567.5,2.5,0.03981430081215857,0,0,9553.0,10049.7375,241.8821634697979,-241.8821634697979,-0.024052602569982307,-0.0243465900972918
ES--ZA,ES,ZA,8029.9477888894835,10,8019.0,8050.0,8030.0,8049.333333333333,52.58854966202772,2765.5555555555557,7900.0,8050.0,8015.0,8050.0,35.0,0.0,0.006557993473254485,2,0,7987.0,8046.0,10.94778888948349,-10.94778888948349,-0.0013633698720471425,-0.0013643001063495194
ET--FI,ET,FI,5790.019542298963,10,5864.0,5860.0,5868.75,5866.666666665989,72.41086474648216,5243.333333333333,5720.0,5970.0,5846.25,5906.25,60.0,37.5,0.01234837393357472,1,0,5818.5,5904.0125,73.98045770103727,73.98045770103727,0.012777237997311296,0.012696297823974337
ET--FJ,ET,FJ,15572.54742661621,10,15965.0,15900.0,15943.75,15923.88142859465,238.1059521398918,56694.444444444445,15750.0,16350.0,15762.5,16100.0,337.5,150.0,0.014914246923889245,0,0,15830.0,16110.0,392.4525733837909,392.4525733837909,0.025201565462117055,0.024889242488779717
ET--FR,ET,FR,5564.644582105378,10,5587.5,5590.0,5588.125,5588.16850003179,12.0761472884912,145.83333333333334,5570.0,5600.0,5577.5,5598.75,21.25,10.0,0.0021612791567769485,0,0,5580.9875,5595.0,22.855417894622406,22.855417894622406,0.004107255649016686,0.004098843899471164
ET--GB,ET,GB,5886.122685458142,10,5900.0,5900.0,5900.0,5900.0,0.0,0.0,5900.0,5900.0,5900.0,5900.0,0.0,0.0,0.0,0,0,5900.0,5900.0,13.87731454185814,13.87731454185814,0.0023576325678943966,0.0023548577127685934
ET--GH,ET,GH,4312.516347158949,10,4335.5,4365.0,4338.125,4356.380499999641,61.6644143732834,3802.5000000000005,4250.0,4400.0,4271.25,4380.0,108.75,22.5,0.014223137901806805,0,0,4299.9875,4367.0125,22.98365284105057,22.98365284105057,0.005329522485449131,0.00531537083923085
ET--GR,ET,GR,3541.0060008455616,10,3527.0,3552.5,3533.75,3533.1278746636976,99.64381008817803,9928.888888888889,3370.0,3630.0,3442.5,3618.75,176.25,72.5,0.028251718199086485,0,0,3468.5,3584.5,14.00600084556163,-14.00600084556163,-0.003955373371922306,-0.003963216549807375
ET--IN,ET,IN,4568.968215495237,10,4715.5,4560.0,4676.875,4560.428571426229,253.7983670379128,64413.61111111111,4560.0,5180.0,4560.0,4908.75,348.75,0.0,0.053822153968383586,0,0,4560.0,4871.5,146.53178450476298,146.53178450476298,0.032071088612044586,0.03156754900095224
ET--IT,ET,IT,4456.489579759943,10,4467.0,4470.0,4468.75,4469.750000002139,6.749485577105529,45.55555555555555,4450.0,4470.0,4470.0,4470.0,0.0,0.0,0.0015109661018816944,2,0,4462.0,4470.0,10.510420240057101,10.510420240057101,0.0023584527803660353,0.002355675995694033
ET--JP,ET,JP,10415.439814966736,10,9836.0,9740.0,9820.0,9749.721600005347,236.13555429032706,55760.0,9600.0,10200.0,9700.0,10042.5,342.5,80.0,0.024007274734681484,0,0,9707.975,9982.0,579.4398149667359,-579.4398149667359,-0.05563277454055227,-0.05724017846081593
ET--KE,ET,KE,1159.806608820494,10,1160.0,1160.0,1160.0,1160.0,0.0,0.0,1160.0,1160.0,1160.0,1160.0,0.0,0.0,0.0,0,0,1160.0,1160.0,0.19339117950607942,0.19339117950607942,0.00016674433309425213,0.00016673043280302535
ET--KR,ET,KR,9256.901270317068,10,9191.5,9180.0,9193.125,9191.619611110898,49.27530370840504,2428.0555555555557,9120.0,9250.0,9167.5,9242.5,75.0,47.5,0.005360964337529787,0,0,9164.475,9220.0,65.40127031706834,-65.40127031706834,-0.007065136421707586,-0.0070902126792928045
ET--MA,ET,MA,5405.302959239058,10,5569.0,5565.0,5563.75,5564.114999992831,94.21606374003674,8876.666666666666,5450.0,5730.0,5492.5,5630.0,137.5,75.0,0.016917950034124035,0,0,5520.0,5626.0,163.6970407609424,163.6970407609424,0.030284526509497846,0.029835003424095247
ET--MX,ET,MX,14431.004638352826,10,13972.5,14032.5,13973.75,13992.626401139592,250.15828322617395,62579.166666666664,13635.0,14300.0,13725.0,14136.25,411.25,180.0,0.017903616620230735,0,0,13806.5,14111.0625,458.5046383528261,-458.5046383528261,-0.0317721911844081,-0.03228787970807103
ET--MY,ET,MY,6996.0854221014015,10,7392.0,7362.5,7390.0,7383.333333332679,178.63992337163108,31912.222222222226,7140.0,7660.0,7316.25,7475.0,158.75,107.5,0.02416665630027477,0,0,7286.9875,7501.5,395.9145778985985,395.9145778985985,0.05659087246817498,0.055047567123007644
ET--NG,ET,NG,3425.380993916935,10,3464.0,3460.0,3462.5,3460.25,8.432740427115679,71.11111111111111,3460.0,3480.0,3460.0,3460.0,0.0,0.0,0.002434393887735473,2,0,3460.0,3470.0,38.61900608306496,38.61900608306496,0.011274368063478974,0.011211286072774997
ET--NL,ET,NL,5692.490720486377,10,5626.0,5670.0,5640.625,5666.293500000135,85.36848234435105,7287.777777777777,5460.0,5675.0,5650.0,5670.0,20.0,5.0,0.015173921497396206,2,0,5566.5,5668.0,66.49072048637663,-66.49072048637663,-0.011680426679851582,-0.011749178757010089
ET--NO,ET,NO,6109.632738802692,10,6031.0,6015.0,6026.25,6023.717285716743,116.75710780171896,13632.222222222223,5870.0,6230.0,5962.5,6110.0,147.5,85.0,0.01935949391505869,0,0,5964.95,6096.0,78.63273880269207,-78.63273880269207,-0.012870288962426533,-0.012953828692484312
ET--NZ,ET,NZ,14423.0253472428,10,14310.0,14390.0,14356.25,14381.087142612481,200.83160441856091,40333.333333333336,13800.0,14450.0,14267.5,14422.5,155.0,50.0,0.014034353907656248,1,0,14168.0,14404.025,113.0253472427994,-113.0253472427994,-0.007836452098061802,-0.007867318449676383
ET--PE,ET,PE,13010.580677525299,10,13013.0,12900.0,13006.25,12909.652000001364,330.82556665946413,109445.55555555555,12500.0,13580.0,12850.0,13250.0,400.0,60.0,0.02542269781445202,0,0,12830.925,13217.0,2.419322474701403,2.419322474701403,0.0001859503841270192,0.00018593309749731236
ET--PH,ET,PH,8943.42800028437,10,9066.5,9110.0,9080.625,9087.850874291216,195.16446056253855,38089.166666666664,8750.0,9270.0,8967.5,9237.5,270.0,152.5,0.021525887670273927,0,0,8953.9875,9173.5,123.07199971563023,123.07199971563023,0.013761166267757393,0.013667341200887098
ET--PK,ET,PK,4460.31441309416,10,4347.5,4335.0,4343.125,4339.357000005765,165.5839833907723,27418.055555555555,4120.0,4610.0,4222.5,4450.0,227.5,115.0,0.03808717271783146,0,0,4257.4875,4443.0125,112.81441309416005,-112.81441309416005,-0.025292928400511495,-0.025618292510383535
ET--PL,ET,PL,5054.603703831145,10,5282.0,5315.0,5280.0,5280.000000000127,119.14510294408056,14195.555555555555,5130.0,5450.0,5162.5,5377.5,215.0,100.0,0.022556816157531346,0,0,5218.0,5348.05,227.39629616885486,227.39629616885486,0.044987957413258624,0.044005361343921315
ET--PT,ET,PT,5784.177787414981,10,5708.0,5705.0,5710.625,5709.062888881099,99.56014374347912,9912.222222222224,5565.0,5830.0,5635.0,5801.25,166.25,90.0,0.017442211587855486,0,0,5648.9875,5764.0,76.17778741498114,-76.17778741498114,-0.013170028691152302,-0.013257522565981483
ET--RU,ET,RU,5182.912971370709,10,5141.0,5145.0,5141.25,5143.391333333269,9.944289260117532,98.8888888888889,5130.0,5150.0,5130.0,5150.0,20.0,5.0,0.001934310301520625,0,0,5136.0,5147.0,41.912971370708874,-41.912971370708874,-0.0080867596276895,-0.008119634824158338
ET--SA,ET,SA,1928.2054708788808,10,1966.0,1965.0,1965.0,1965.0,22.335820757001272,498.8888888888889,1930.0,2010.0,1952.5,1978.75,26.25,15.0,0.01136104819786433,0,0,1952.9875,1979.0,37.79452912111924,37.79452912111924,0.019600882629947317,0.019411259182402163
ET--SE,ET,SE,5846.588012893221,10,5780.0,5760.0,5778.75,5775.415999996137,58.309518948453004,3400.0,5720.0,5850.0,5725.0,5845.0,120.0,40.0,0.010088152067206401,0,0,5747.975,5815.0,66.58801289322128,-66.58801289322128,-0.011389209013253146,-0.011454562746286824
ET--SG,ET,SG,7265.102216993072,10,7370.5,7360.0,7367.5,7363.217333333175,24.08895551446301,580.2777777777778,7350.0,7415.0,7350.0,7387.5,37.5,10.0,0.0032682932656486006,0,0,7358.0,7386.0125,105.39778300692797,105.39778300692797,0.014507405382460082,0.0144031797962334
ET--SN,ET,SN,6138.121973536205,10,6175.0,6200.0,6181.25,6199.333333333333,35.35533905932738,1250.0,6100.0,6200.0,6150.0,6200.0,50.0,0.0,0.005725560981267592,0,0,6155.0,6195.0,36.87802646379532,36.87802646379532,0.006008030896549567,0.005990054644241706
ET--TH,ET,TH,6750.299737881846,10,6901.0,6917.5,6905.0,6912.3665714292365,51.79017495840521,2682.222222222222,6820.0,6950.0,6855.0,6943.75,88.75,30.0,0.007504734815013072,0,0,6870.5,6929.0125,150.70026211815366,150.70026211815366,0.022324973404135293,0.02207941912780096
ET--TR,ET,TR,3471.2514729888712,10,3411.5,3425.0,3400.625,3418.507333333209,110.40455908460785,12189.166666666666,3260.0,3650.0,3350.0,3445.0,95.0,30.0,0.032362467854201334,1,0,3350.0,3477.5,59.75147298887123,-59.75147298887123,-0.017213236624836942,-0.017363106705050996
ET--TZ,ET,TZ,1714.3873971546066,10,1764.0,1767.5,1768.75,1768.5737222245584,61.815136585719124,3821.111111111111,1645.0,1845.0,1723.75,1813.75,90.0,52.5,0.03504259443634871,0,0,1727.5,1801.0,49.61260284539344,49.61260284539344,0.028938968478032557,0.028528143604124197
ET--UA,ET,UA,4651.905379290357,10,4815.5,4817.5,4824.375,4824.166666665663,81.52879518577743,6646.944444444444,4640.0,4920.0,4790.0,4872.5,82.5,47.5,0.016930494275937583,1,0,4769.4875,4860.5,163.5946207096431,163.5946207096431,0.0351672287742446,0.034562987360631126
ET--US,ET,US,11530.640207862776,10,11559.0,11560.0,11560.0,11559.888888888889,3.1622776601683795,10.000000000000002,11550.0,11560.0,11560.0,11560.0,0.0,0.0,0.00027357709664922394,1,0,11557.0,11560.0,28.35979213722385,28.35979213722385,0.0024595158313833456,0.0024564961725732468
ET--VN,ET,VN,7294.24449951952,10,7451.5,7450.0,7453.125,7450.1102142864875,45.64658926043776,2083.6111111111118,7370.0,7520.0,7426.25,7475.0,48.75,27.5,0.0061258255734332355,0,0,7424.4875,7478.0125,157.2555004804799,157.2555004804799,0.021558846908797544,0.02132974194595236
ET--ZA,ET,ZA,4007.191456170527,10,4527.5,4640.0,4538.125,4573.312000004332,256.57195222133436,65829.16666666669,4120.0,4850.0,4297.5,4711.25,413.75,140.0,0.056669674703773466,0,0,4384.9,4671.5125,520.3085438294729,520.3085438294729,0.12984369464759885,0.12207929983598748
FI--FJ,FI,FJ,14881.524051042496,10,15267.0,15280.0,15271.25,15278.517400017774,27.507574714370342,756.6666666666666,15210.0,15290.0,15257.5,15280.0,22.5,5.0,0.0018017668641101946,1,0,15248.0,15282.0,385.47594895750444,385.47594895750444,0.02590298867477224,0.02557318932960079
FI--FR,FI,FR,1913.0642944778042,10,1910.0,1910.0,1910.0,1910.0,0.0,0.0,1910.0,1910.0,1910.0,1910.0,0.0,0.0,0.0,0,0,1910.0,1910.0,3.0642944778041965,-3.0642944778041965,-0.001601772865998022,-0.0016030570756798625
FI--GB,FI,GB,1825.9330131984918,10,1820.0,1820.0,1820.0,1820.0,0.0,0.0,1820.0,1820.0,1820.0,1820.0,0.0,0.0,0.0,0,0,1820.0,1820.0,5.933013198491835,-5.933013198491835,-0.0032493049611381744,-0.0032545954158123584
FI--GH,FI,GH,6421.808628793435,10,6398.0,6380.0,6397.5,6397.49999999832,107.99176923368846,11662.22222222222,6240.0,6560.0,6335.0,6487.5,152.5,90.0,0.016878988626709668,0,0,6334.95,6458.0,23.808628793434764,-23.808628793434764,-0.0037074646987585586,-0.0037143543801100463
FI--GR,FI,GR,2469.446523502244,10,2488.3,2470.0,2473.75,2472.4710000183213,49.7662312997255,2476.677777777778,2465.0,2628.0,2466.25,2480.0,13.75,5.0,0.02000009295491922,1,0,2469.4875,2521.4,18.85347649775622,18.85347649775622,0.007634697215883682,0.007605700409467374
FI--IN,FI,IN,5227.813402791738,10,5226.0,5230.0,5226.25,5229.333333333333,5.163977794943222,26.666666666666664,5220.0,5230.0,5220.0,5230.0,10.0,0.0,0.000988131992909151,0,0,5223.0,5229.0,1.8134027917376443,-1.8134027917376443,-0.0003468759597978875,-0.0003469361351796173
FI--IT,FI,IT,2204.4886323251985,10,2200.0,2200.0,2200.0,2200.0,0.0,0.0,2200.0,2200.0,2200.0,2200.0,0.0,0.0,0.0,0,0,2200.0,2200.0,4.488632325198523,-4.488632325198523,-0.0020361331237458502,-0.0020382088609247465
FI--JP,FI,JP,7840.181225242526,10,7821.0,7820.0,7822.5,7820.333333333333,8.755950357709132,76.66666666666667,7800.0,7830.0,7820.0,7827.5,7.5,0.0,0.0011195435823691514,1,0,7815.0,7825.0,19.181225242526125,-19.181225242526125,-0.0024465282997247016,-0.002449525940291791
FI--KE,FI,KE,6893.053879094669,10,7212.0,7385.0,7231.875,7369.537100167747,241.91596337020286,58523.33333333333,6850.0,7415.0,6963.75,7397.5,433.75,27.5,0.03354353346785952,0,0,7062.95,7351.0,318.94612090533064,318.94612090533064,0.04627065543077126,0.04523208497388311
FI--KR,FI,KR,7076.449214426985,10,7042.9,7042.0,7042.375,7042.440577777779,3.4464152068167553,11.877777777777778,7040.0,7050.0,7040.0,7045.0,5.0,2.0,0.0004893460374017457,0,0,7041.0,7045.0,33.5492144269856,-33.5492144269856,-0.0047409673143117784,-0.004752241347177322
FI--MA,FI,MA,3705.568629466575,10,3802.0,3805.0,3800.0,3801.552856897784,85.60892995995738,7328.888888888888,3660.0,3960.0,3755.0,3847.5,92.5,50.0,0.02251681482376575,0,0,3754.4875,3852.0125,96.4313705334248,96.4313705334248,0.026023366499436904,0.025690520855168788
FI--MX,FI,MX,9855.858846180436,10,9530.0,9530.0,9532.5,9531.666666666633,25.495097567963924,650.0,9470.0,9570.0,9526.25,9538.75,12.5,7.5,0.0026752463345187747,2,0,9514.5,9544.0,325.85884618043565,-325.85884618043565,-0.033062450595740804,-0.03362136740931156
FI--MY,FI,MY,8971.024211314423,10,8481.0,8442.5,8474.375,8473.961749995588,116.08904628201003,13476.666666666668,8345.0,8670.0,8403.75,8566.25,162.5,95.0,0.013688131857329328,0,0,8416.0,8554.0125,490.02421131442316,-490.02421131442316,-0.05462299507523293,-0.056171484036258344
FI--NG,FI,NG,5852.2306591964625,10,6035.0,6065.0,6040.0,6038.2198890991585,102.1164912136026,10427.777777777777,5880.0,6150.0,5937.5,6115.0,177.5,85.0,0.016920711054449478,0,0,5976.0,6095.0,182.7693408035375,182.7693408035375,0.031230713799075126,0.030752956721279506
FI--NL,FI,NL,1506.1678883392688,10,1500.4,1500.0,1500.25,1500.25,0.8432740427115678,0.7111111111111111,1500.0,1502.0,1500.0,1500.0,0.0,0.0,0.0005620328197224525,2,0,1500.0,1501.0,5.767888339268666,-5.767888339268666,-0.0038295122236528733,-0.0038368635796619034
FI--NO,FI,NO,789.3307636306301,10,819.5,782.5,805.625,782.8016249980052,79.3532888067309,6296.944444444443,780.0,970.0,780.0,785.0,5.0,2.5,0.09683134692706638,2,0,781.0,876.0,30.169236369369855,30.169236369369855,0.038221285371676766,0.0375089463889163
FI--NZ,FI,NZ,17068.725016057746,10,16777.0,16780.0,16782.5,16782.500000000007,104.56789394668158,10934.444444444445,16600.0,16910.0,16700.0,16875.0,175.0,80.0,0.00623281241858983,0,0,16717.0,16836.05,291.72501605774596,-291.72501605774596,-0.01709120135120226,-0.017238941726354217
FI--PE,FI,PE,11822.926389926623,10,11751.0,11730.0,11752.5,11750.99999999996,177.22866585290316,31410.000000000004,11530.0,11960.0,11607.5,11930.0,322.5,180.0,0.015082007135809988,0,0,11646.0,11857.025,71.9263899266225,-71.9263899266225,-0.006083636787919552,-0.006102217503415242
FI--PH,FI,PH,8939.979930604915,10,8284.5,8287.5,8285.625,8286.695666666737,6.851601597031489,46.94444444444445,8270.0,8290.0,8280.0,8290.0,10.0,2.5,0.0008270386380628269,0,0,8280.5,8288.5,655.4799306049154,-655.4799306049154,-0.07332006734835733,-0.07614704525690912
FI--PK,FI,PK,4543.885658949807,10,4857.0,4820.0,4837.5,4827.4999999935135,111.08555261599052,12339.999999999998,4750.0,5120.0,4796.25,4865.0,68.75,40.0,0.02287122763351668,2,0,4801.5,4925.0125,313.1143410501927,313.1143410501927,0.06890893929812494,0.06663844534458234
FI--PL,FI,PL,915.2000736428832,10,941.0,940.0,940.625,940.25,2.1081851067789197,4.444444444444445,940.0,945.0,940.0,940.0,0.0,0.0,0.002240366744717237,2,0,940.0,942.5,25.79992635711676,25.79992635711676,0.028190476705735112,0.02780043849341225
FI--PT,FI,PT,3365.791975654019,10,3360.5,3360.0,3360.0,3360.1111111111113,1.5811388300841898,2.5000000000000004,3360.0,3365.0,3360.0,3360.0,0.0,0.0,0.000470507016838027,1,0,3360.0,3361.5,5.291975654019097,-5.291975654019097,-0.0015722824501032315,-0.001573519783282901
FI--RU,FI,RU,895.568901558974,10,895.0,895.0,895.0,895.0,0.0,0.0,895.0,895.0,895.0,895.0,0.0,0.0,0.0,0,0,895.0,895.0,0.5689015589739483,-0.5689015589739483,-0.0006352404130867263,-0.000635442263764921
FI--SA,FI,SA,4292.210711697853,10,4288.0,4260.0,4282.5,4276.6666666666615,82.83853102404836,6862.2222222222235,4190.0,4430.0,4250.0,4330.0,80.0,55.0,0.01931868727239934,0,0,4244.0,4338.0,4.210711697853185,-4.210711697853185,-0.0009810123455443243,-0.0009814938530910856
FI--SE,FI,SE,394.8329300638056,10,398.8,400.0,399.0,399.57142857142856,1.9321835661585915,3.7333333333333325,396.0,400.0,397.0,400.0,3.0,0.0,0.004844993897087742,0,0,397.6,400.0,3.9670699361944344,3.9670699361944344,0.01004746472274577,0.00999732452394404
FI--SG,FI,SG,9269.41231436185,10,9262.5,9262.5,9262.5,9262.5,8.579691784155834,73.61111111111111,9250.0,9275.0,9260.0,9265.0,5.0,2.5,0.0009262825138089969,4,0,9257.5,9268.0,6.912314361850804,-6.912314361850804,-0.0007457122552571101,-0.0007459904369451831
FI--SN,FI,SN,6097.2656329221945,10,5830.0,5830.0,5833.75,5828.333333330204,84.32740427115678,7111.11111111111,5680.0,5950.0,5785.0,5872.5,87.5,50.0,0.01446439181323444,0,0,5781.975,5883.025,267.2656329221945,-267.2656329221945,-0.043833686936500416,-0.044823413421706815
FI--TH,FI,TH,7892.355050494185,10,7898.0,7900.0,7898.75,7899.75,4.216370213557839,17.77777777777778,7890.0,7900.0,7900.0,7900.0,0.0,0.0,0.0005338529011848366,2,0,7895.0,7900.0,5.6449495058150205,5.6449495058150205,0.0007152427215576875,0.0007149870573830888
FI--TR,FI,TR,2318.7683066331742,10,2464.0,2465.0,2463.75,2464.4953571428555,16.46545204697129,271.11111111111103,2440.0,2490.0,2453.75,2473.75,20.0,12.5,0.006682407486595491,0,0,2454.5,2474.0,145.23169336682577,145.23169336682577,0.06263311989877099,0.06074990328487436
FI--TZ,FI,TZ,7418.969801469933,10,7334.0,7345.0,7332.5,7337.69139964665,115.20030864156186,13271.111111111113,7130.0,7550.0,7270.0,7377.5,107.5,55.0,0.015707705023392672,1,0,7269.0,7398.0,84.96980146993337,-84.96980146993337,-0.011453045873444336,-0.011519137118636365
FI--UA,FI,UA,1140.0561693095046,10,1148.4,1150.0,1149.25,1149.7500000021394,3.502380143083652,12.266666666666664,1140.0,1150.0,1150.0,1150.0,0.0,0.0,0.003049791138178032,2,0,1146.2,1150.0,8.343830690495452,8.343830690495452,0.007318789122073732,0.007292136748032657
FI--US,FI,US,6946.711977616074,10,6976.5,6985.0,6977.5,6976.499999999927,58.83356940462553,3461.388888888889,6900.0,7045.0,6922.5,7025.0,102.5,52.5,0.008433106773400062,0,0,6941.9875,7009.0125,29.788022383925636,29.788022383925636,0.004288075060533615,0.004278907464886451
FI--VN,FI,VN,7500.56964538643,10,7609.0,7815.0,7621.25,7809.104400033402,272.44571324700024,74226.66666666669,7290.0,7830.0,7292.5,7820.0,527.5,10.0,0.03580571865514526,0,0,7449.5,7767.5,108.43035461356976,108.43035461356976,0.014456282621182624,0.014352786818191977
FI--ZA,FI,ZA,9522.764258248177,10,9537.0,9535.0,9540.0,9540.000000000591,113.33823518811097,12845.555555555557,9330.0,9720.0,9465.0,9610.0,145.0,85.0,0.011884055278191356,0,0,9465.0,9603.0,14.235741751823298,14.235741751823298,0.0014949169553885532,0.0014938006793916566
FJ--FR,FJ,FR,16576.81749979109,10,16790.0,16900.0,16812.5,16899.571428571428,177.6388345929897,31555.55555555555,16500.0,16900.0,16637.5,16900.0,262.5,0.0,0.010580037795889797,0,0,16680.0,16900.0,213.18250020890991,213.18250020890991,0.012860279134495904,0.012778287949580526
FJ--GB,FJ,GB,16299.555426240808,10,16273.5,16272.5,16273.125,16273.5,21.08843811718218,444.72222222222223,16250.0,16300.0,16252.5,16295.0,42.5,22.5,0.0012958760019161322,0,0,16260.5,16286.5125,26.05542624080772,-26.05542624080772,-0.001598536006623889,-0.0015998150285295289
FJ--GH,FJ,GH,18604.884835041765,10,19045.0,18975.0,19043.75,19015.506666669546,306.8206135331994,94138.88888888889,18650.0,19450.0,18812.5,19337.5,525.0,200.0,0.01611029737638222,0,0,18870.0,19220.0,440.11516495823525,440.11516495823525,0.02365589300124508,0.023380428151582384
FJ--GR,FJ,GR,16718.893493199037,10,16424.0,16435.0,16421.25,16423.999999998377,82.35424835563872,6782.222222222223,16320.0,16550.0,16350.0,16450.0,100.0,85.0,0.0050142625642741545,0,0,16376.95,16470.0,294.89349319903704,-294.89349319903704,-0.01763833792702817,-0.01779574711359932
FJ--IN,FJ,IN,12028.323263938093,10,11660.0,11650.0,11650.0,11650.0,51.63977794943222,2666.6666666666665,11600.0,11800.0,11650.0,11650.0,0.0,0.0,0.004428797422764342,2,0,11635.0,11695.0,368.3232639380931,-368.3232639380931,-0.030621330658975276,-0.03109995979373999
FJ--IT,FJ,IT,17055.863339691525,10,16478.0,16300.0,16447.5,16300.42857142857,286.65891462386674,82173.33333333331,16300.0,16900.0,16300.0,16735.0,435.0,0.0,0.017396462836743946,0,0,16300.0,16656.0,577.8633396915247,-577.8633396915247,-0.03388062674885246,-0.034467877610206414
FJ--JP,FJ,JP,7219.789289468397,10,7261.0,7255.0,7261.25,7260.833333333334,27.768887466211375,771.1111111111112,7220.0,7300.0,7250.0,7278.75,28.75,22.5,0.003824388853630543,0,0,7245.0,7276.0,41.21071053160267,41.21071053160267,0.005708021228779805,0.005691792203399924
FJ--KE,FJ,KE,15310.34174379079,10,15093.0,15000.0,15043.75,15043.74999999476,300.81555810828667,90489.99999999999,14780.0,15800.0,14900.0,15237.5,337.5,175.0,0.019930799583136996,1,0,14944.95,15286.05,217.34174379079013,-217.34174379079013,-0.014195747386170169,-0.01429747084936921
FJ--KR,FJ,KR,8184.830871623246,10,8028.0,8150.0,8061.25,8149.666666666667,214.93151363993962,46195.555555555555,7630.0,8160.0,7992.5,8150.0,157.5,0.0,0.026772734633774244,2,0,7893.675,8151.0,156.8308716232459,-156.8308716232459,-0.01916116216487472,-0.019347116465164654
FJ--MA,FJ,MA,18168.663542293107,10,18426.0,18575.0,18438.75,18482.422857041,638.2476008572222,407360.00000000006,17350.0,19400.0,18127.5,18825.0,697.5,400.0,0.03463842401265724,0,0,18055.875,18802.075,257.33645770689327,257.33645770689327,0.014163752722255226,0.014064383967132006
FJ--MX,FJ,MX,9915.918583166904,10,9654.0,9615.0,9605.0,9601.226428561089,364.5529987380283,132898.88888888885,9250.0,10450.0,9385.0,9787.5,402.5,225.0,0.03776186023803898,1,0,9451.35,9869.6125,261.9185831669038,-261.9185831669038,-0.026413950555375914,-0.026769066248142195
FJ--MY,FJ,MY,8728.573834583456,10,8499.5,8450.0,8486.875,8483.742143114134,118.89421068047567,14135.833333333334,8350.0,8750.0,8436.25,8550.0,113.75,75.0,0.013988377043411455,1,0,8436.0,8575.5,229.07383458345612,-229.07383458345612,-0.026244130934178888,-0.02659465453337011
FJ--NG,FJ,NG,18616.55968810009,10,18655.0,18675.0,18687.5,18658.3333333333,349.9603152104853,122472.22222222223,17900.0,19150.0,18550.0,18775.0,225.0,125.0,0.01875959877836962,2,0,18439.875,18845.0,38.44031189991074,38.44031189991074,0.0020648450918932253,0.0020627162292770887
FJ--NL,FJ,NL,16165.585758358455,10,16253.0,16250.0,16251.25,16250.25,6.749485577105529,45.55555555555555,16250.0,16270.0,16250.0,16250.0,0.0,0.0,0.00041527629219870356,2,0,16250.0,16257.0,87.41424164154523,87.41424164154523,0.0054074280355939155,0.005392860388685611
FJ--NO,FJ,NO,15261.03378993224,10,15596.0,15640.0,15632.5,15637.93171428536,123.2161605562445,15182.222222222224,15250.0,15650.0,15607.5,15650.0,42.5,10.0,0.00790049759914366,1,0,15515.975,15644.0,334.9662100677597,334.9662100677597,0.021949116598427174,0.021711702477884565
FJ--NZ,FJ,NZ,2591.8075392647534,10,2620.5,2620.0,2620.625,2620.3447142857144,6.433419688539594,41.388888888888886,2610.0,2630.0,2616.25,2623.75,7.5,5.0,0.0024550351797518006,0,0,2617.0,2624.5,28.69246073524664,28.69246073524664,0.011070444197946174,0.011009615353728786
FJ--PE,FJ,PE,11096.316981305765,10,11069.0,11075.0,11080.0,11078.742142859446,116.66190466471906,13609.999999999998,10850.0,11200.0,11000.0,11150.0,150.0,75.0,0.0105395161861703,0,0,10999.0,11135.0,27.316981305764784,-27.316981305764784,-0.0024618061426855747,-0.0024648413698782077
FJ--PH,FJ,PH,7270.00795998326,10,7208.0,7230.0,7213.75,7224.434857143733,50.94659513211413,2595.5555555555557,7120.0,7250.0,7162.5,7250.0,87.5,20.0,0.007068062587696189,0,0,7177.0,7237.025,62.00795998325975,-62.00795998325975,-0.008529283643783319,-0.00856586614708066
FJ--PK,FJ,PK,12498.588968944085,10,12294.0,12375.0,12320.0,12309.58488890026,423.5091498421256,179360.0,11620.0,12760.0,11950.0,12687.5,737.5,360.0,0.034448442316750094,0,0,12050.0,12529.1,204.58896894408463,-204.58896894408463,-0.016368965284996397,-0.016504416967257383
FJ--PL,FJ,PL,15740.327157401141,10,15926.0,15940.0,15926.25,15918.642714279818,146.45439183885503,21448.888888888887,15700.0,16150.0,15812.5,15972.5,160.0,115.0,0.00919593066927383,0,0,15838.0,16016.075,185.67284259885855,185.67284259885855,0.011795996407327196,0.011726965966631817
FJ--PT,FJ,PT,17608.392189885468,10,17756.0,17350.0,17676.25,17354.137666666014,678.5802171527779,460471.1111111112,17250.0,18900.0,17350.0,18327.5,977.5,5.0,0.03821695298224701,0,0,17439.8,18182.125,147.60781011453219,147.60781011453219,0.008382810226098917,0.008347869603725959
FJ--RU,FJ,RU,14698.654341884276,10,14734.0,14685.0,14703.75,14703.750000005863,360.09875188774413,129671.11111111111,14260.0,15450.0,14475.0,14927.5,452.5,250.0,0.024439985875372886,0,0,14532.95,14943.175,35.34565811572429,35.34565811572429,0.002404686666792737,0.0024018000345147283
FJ--SA,FJ,SA,14993.206576183224,10,14533.5,14520.0,14521.25,14513.198571949559,210.34429448459548,44244.722222222226,14250.0,14915.0,14362.5,14632.5,270.0,150.0,0.014473065296356382,0,0,14413.4875,14663.5125,459.70657618322366,-459.70657618322366,-0.030660991286111515,-0.031140874082179918
FJ--SE,FJ,SE,15161.365121374429,10,15553.0,15595.0,15577.5,15591.666666666915,108.01748829600592,11667.777777777776,15280.0,15630.0,15580.0,15600.0,20.0,15.0,0.006945122374847677,2,0,15482.925,15604.0,391.6348786255712,391.6348786255712,0.02583110923655852,0.025503122318172654
FJ--SG,FJ,SG,8434.22672283059,10,8266.0,8260.0,8261.875,8259.33149996825,22.82785822435191,521.1111111111112,8250.0,8315.0,8250.0,8263.75,13.75,10.0,0.0027616571769116757,2,0,8254.0,8281.0,168.22672283059,-168.22672283059,-0.01994571978664238,-0.02014732087856269
FJ--SN,FJ,SN,18292.51736528745,10,18925.0,18950.0,18918.75,18919.829285452925,116.06990230986766,13472.22222222222,18750.0,19150.0,18850.0,18987.5,137.5,75.0,0.006133152037509519,0,0,18855.0,18995.0,632.482634712549,632.482634712549,0.03457603030148115,0.03399171023604121
FJ--TH,FJ,TH,9249.359232089999,10,9061.5,9050.0,9074.375,9074.166666669518,231.18114590559114,53444.72222222222,8650.0,9370.0,8956.25,9232.5,276.25,167.5,0.02551245885400774,0,0,8919.9875,9193.6,187.85923208999884,-187.85923208999884,-0.020310513125950877,-0.020519607653648544
FJ--TR,FJ,TR,15929.245910545002,10,15849.0,15890.0,15853.75,15856.131000008721,304.75673358708036,92876.66666666667,15420.0,16240.0,15587.5,16125.0,537.5,260.0,0.019228767340972956,0,0,15660.975,16028.025,80.2459105450016,-80.2459105450016,-0.005037646539933169,-0.00505037825785898
FJ--TZ,FJ,TZ,15125.289672800167,10,15894.5,15920.0,15918.125,15908.22244445332,253.8640274722759,64446.94444444445,15430.0,16170.0,15695.0,16131.25,436.25,230.0,0.01597181587796256,0,0,15736.0,16032.0375,769.210327199833,769.210327199833,0.050855907148879616,0.04960498178097993
FJ--UA,FJ,UA,15437.65678215794,10,15738.0,15675.0,15725.0,15681.77500000518,250.05777110277714,62528.88888888888,15430.0,16150.0,15550.0,15952.5,402.5,125.0,0.015888789624016846,0,0,15595.925,15887.075,300.34321784206077,300.34321784206077,0.019455233529299745,0.019268399846907473
FJ--US,FJ,US,12497.831524726587,10,12110.0,11980.0,12101.25,12040.626500005912,266.72915934416403,71144.44444444445,11760.0,12530.0,11950.0,12361.25,411.25,107.5,0.022025529260459458,0,0,11959.4625,12262.025,387.8315247265873,-387.8315247265873,-0.031031905331678874,-0.03152359367232903
FJ--VN,FJ,VN,9022.601376117009,10,8053.0,8080.0,8070.0,8086.602571429065,156.58153715485673,24517.77777777778,7720.0,8250.0,8050.0,8150.0,100.0,70.0,0.0194438764627911,2,0,7956.0,8135.025,969.6013761170088,-969.6013761170088,-0.10746361672184271,-0.11368800058146919
FJ--ZA,FJ,ZA,14189.452435443198,10,13730.0,13800.0,13750.0,13742.038749968822,365.30048514126617,133444.4444444444,13150.0,14150.0,13462.5,14037.5,575.0,325.0,0.026606007657776123,0,0,13509.875,13940.125,459.4524354431978,-459.4524354431978,-0.03237985662473854,-0.032915682588562034
FR--GB,FR,GB,341.1497977927973,10,344.0,344.0,344.0,344.0,0.0,0.0,344.0,344.0,344.0,344.0,0.0,0.0,0.0,0,0,344.0,344.0,2.850202207202699,2.850202207202699,0.008354694112800893,0.008319986834412315
FR--GH,FR,GH,4807.153141334028,10,4822.0,4820.0,4821.25,4820.428571426229,3.496029493900505,12.222222222222221,4820.0,4830.0,4820.0,4823.75,3.75,0.0,0.0007250164856699513,1,0,4820.0,4824.0,14.846858665971922,14.846858665971922,0.003088492966515268,0.003083733369582905
FR--GR,FR,GR,2101.148656258638,10,2099.6,2100.0,2099.75,2099.750000002139,0.8432740427115679,0.7111111111111112,2098.0,2100.0,2100.0,2100.0,0.0,0.0,0.00040163556997121737,2,0,2099.0,2100.0,1.5486562586379478,-1.5486562586379478,-0.0007370522090500379,-0.0007373239655702042
FR--IN,FR,IN,6600.894573294016,10,6580.5,6580.0,6580.0,6580.111111111111,1.5811388300841898,2.5000000000000004,6580.0,6585.0,6580.0,6580.0,0.0,0.0,0.00024027639694311826,1,0,6580.0,6581.5,20.394573294015572,-20.394573294015572,-0.003089668084766601,-0.0030944509634160395
FR--IT,FR,IT,1108.1927290162205,10,1104.1,1105.0,1104.25,1104.5863428571681,2.960855732160327,8.766666666666666,1100.0,1107.0,1101.25,1106.5,5.25,2.0,0.0026816916331494677,0,0,1102.4,1105.8,4.092729016220574,-4.092729016220574,-0.0036931563518322534,-0.0036999928912148875
FR--JP,FR,JP,9737.965704971102,10,9709.0,9710.0,9709.375,9710.0,5.163977794943222,26.666666666666664,9700.0,9715.0,9710.0,9710.0,0.0,0.0,0.0005318753522446413,4,0,9705.5,9712.0,28.96570497110224,-28.96570497110224,-0.0029745129371646518,-0.002978945592948286
FR--KE,FR,KE,6470.452307387349,10,6480.0,6480.0,6480.0,6480.0,0.0,0.0,6480.0,6480.0,6480.0,6480.0,0.0,0.0,0.0,0,0,6480.0,6480.0,9.54769261265119,9.54769261265119,0.0014755834923241055,0.001474495888771161
FR--KR,FR,KR,8989.261845586849,10,8965.0,8965.0,8965.0,8965.0,0.0,0.0,8965.0,8965.0,8965.0,8965.0,0.0,0.0,0.0,0,0,8965.0,8965.0,24.26184558684872,-24.26184558684872,-0.002698980851109564,-0.002702629666794755
FR--MA,FR,MA,1814.6775669616386,10,1815.4,1815.0,1815.0,1815.0,1.646545204697129,2.7111111111111104,1814.0,1820.0,1815.0,1815.0,0.0,0.0,0.0009069875535403376,2,0,1814.7,1816.5,0.722433038361487,0.722433038361487,0.00039810545493824295,0.00039802623198697184
FR--MX,FR,MX,9207.427444723564,10,9200.0,9200.0,9200.0,9200.0,0.0,0.0,9200.0,9200.0,9200.0,9200.0,0.0,0.0,0.0,0,0,9200.0,9200.0,7.4274447235638945,-7.4274447235638945,-0.0008066796907338421,-0.0008070052318790067
FR--MY,FR,MY,10429.064210826338,10,10401.0,10400.0,10400.0,10400.111111111111,3.1622776601683795,10.000000000000002,10400.0,10410.0,10400.0,10400.0,0.0,0.0,0.00030403592540797803,1,0,10400.0,10403.0,28.06421082633824,-28.06421082633824,-0.0026909615531185414,-0.0026945886986260693
FR--NG,FR,NG,4437.067941067861,10,4458.0,4450.0,4456.25,4450.428571428572,13.165611772087667,173.33333333333334,4450.0,4480.0,4450.0,4465.0,15.0,0.0,0.0029532552202978166,0,0,4450.0,4467.0,20.932058932138716,20.932058932138716,0.004717543028448881,0.0047064502956186164
FR--NL,FR,NL,428.39172758992953,10,430.0,430.0,430.0,430.0,0.0,0.0,430.0,430.0,430.0,430.0,0.0,0.0,0.0,0,0,430.0,430.0,1.6082724100704695,1.6082724100704695,0.0037542097722530255,0.0037471803146251364
FR--NO,FR,NO,1343.5166138500856,10,1343.2,1345.0,1343.375,1344.3333333333514,2.3944379994757297,5.733333333333334,1340.0,1345.0,1340.5,1345.0,4.5,0.0,0.0017826369859110555,0,0,1341.7,1344.5,0.31661385008555953,-0.31661385008555953,-0.0002356605395286079,-0.0002356883118368708
FR--NZ,FR,NZ,18980.580816307895,10,18981.8,18980.0,18981.0,18980.33333333335,7.450577904505873,55.51111111111113,18970.0,19000.0,18980.0,18983.0,3.0,0.0,0.0003925116640416543,2,0,18977.8,18986.8,1.219183692104707,1.219183692104707,6.423321308783125e-05,6.42311502232983e-05
FR--PE,FR,PE,10245.869499110875,10,10260.0,10260.0,10260.0,10260.0,0.0,0.0,10260.0,10260.0,10260.0,10260.0,0.0,0.0,0.0,0,0,10260.0,10260.0,14.13050088912496,14.13050088912496,0.0013791412129884328,0.0013781910712318615
FR--PH,FR,PH,10757.705538010932,10,10740.0,10740.0,10740.0,10740.0,0.0,0.0,10740.0,10740.0,10740.0,10740.0,0.0,0.0,0.0,0,0,10740.0,10740.0,17.705538010932287,-17.705538010932287,-0.001645847058034086,-0.0016472029522371593
FR--PK,FR,PK,5940.239053946842,10,5902.5,5900.0,5901.875,5900.428571428572,4.249182927993988,18.055555555555557,5900.0,5910.0,5900.0,5903.75,3.75,0.0,0.0007198954558227849,2,0,5900.5,5905.0,37.73905394684243,-37.73905394684243,-0.00635312040544356,-0.006373387359419203
FR--PL,FR,PL,1370.8305434249735,10,1367.0,1367.0,1367.0,1367.0,0.0,0.0,1367.0,1367.0,1367.0,1367.0,0.0,0.0,0.0,0,0,1367.0,1367.0,3.8305434249734844,-3.8305434249734844,-0.0027943230790605247,-0.0027982344879884245
FR--PT,FR,PT,1453.915618536448,10,1451.2,1450.0,1451.125,1450.6666666666667,1.5491933384829668,2.4000000000000004,1450.0,1453.0,1450.0,1453.0,3.0,0.0,0.0010675257293846243,0,0,1450.3,1452.1,2.7156185364478915,-2.7156185364478915,-0.0018677965225942816,-0.0018695430296045024
FR--RU,FR,RU,2494.0210488381886,10,2485.0,2485.0,2485.0,2485.0,0.0,0.0,2485.0,2485.0,2485.0,2485.0,0.0,0.0,0.0,0,0,2485.0,2485.0,9.021048838188563,-9.021048838188563,-0.0036170700493449786,-0.0036236274644110998
FR--SA,FR,SA,4695.389253154605,10,4675.0,4675.0,4675.0,4675.0,0.0,0.0,4675.0,4675.0,4675.0,4675.0,0.0,0.0,0.0,0,0,4675.0,4675.0,20.389253154605285,-20.389253154605285,-0.004342398905672566,-0.004351854503046174
FR--SE,FR,SE,1549.2891494547255,10,1543.9,1545.0,1544.25,1544.625,2.0789954839350235,4.322222222222223,1540.0,1545.0,1544.25,1545.0,0.75,0.0,0.0013465868799371872,2,0,1542.695,1545.0,5.389149454725384,-5.389149454725384,-0.0034784658865145367,-0.0034845298151728378
FR--SG,FR,SG,10742.404770656647,10,10706.5,10740.0,10739.375,10739.75,104.19133041349139,10855.833333333336,10410.0,10740.0,10740.0,10740.0,0.0,0.0,0.009731595798205893,2,0,10640.5,10740.0,35.90477065664709,-35.90477065664709,-0.003342340139213759,-0.0033479382353249288
FR--SN,FR,SN,4197.9762876720815,10,4200.0,4200.0,4200.0,4200.0,0.0,0.0,4200.0,4200.0,4200.0,4200.0,0.0,0.0,0.0,0,0,4200.0,4200.0,2.0237123279184743,2.0237123279184743,0.0004820685466617275,0.00048195238894908714
FR--TH,FR,TH,9456.38937182292,10,9440.8,9440.0,9440.375,9440.25,1.7511900715418263,3.0666666666666664,9440.0,9445.0,9440.0,9440.0,0.0,0.0,0.00018549170319695645,2,0,9440.0,9441.9,15.58937182291993,-15.58937182291993,-0.0016485543488058327,-0.0016499147098179418
FR--TR,FR,TR,2605.2100576102166,10,2600.0,2600.0,2600.0,2600.0,0.0,0.0,2600.0,2600.0,2600.0,2600.0,0.0,0.0,0.0,0,0,2600.0,2600.0,5.210057610216609,-5.210057610216609,-0.0019998608538291315,-0.002001863245661838
FR--TZ,FR,TZ,6910.826312650359,10,6766.0,6757.5,6761.875,6761.874999998299,75.85805457856432,5754.444444444443,6650.0,6915.0,6722.5,6810.0,87.5,47.5,0.0112116545342247,0,0,6723.0,6812.0125,144.8263126503589,-144.8263126503589,-0.020956439374731847,-0.021179142420797773
FR--UA,FR,UA,2030.3165458301612,10,2024.4,2025.0,2024.625,2024.7142857142858,1.8378731669453627,3.3777777777777773,2020.0,2027.0,2024.25,2025.0,0.75,0.0,0.0009078606831383929,3,0,2023.2,2025.3,5.9165458301611125,-5.9165458301611125,-0.002914100189112107,-0.0029183544459655
FR--US,FR,US,6177.576314828088,10,6164.4,6164.0,6164.25,6163.852171428572,3.3399933466334266,11.155555555555557,6160.0,6170.0,6162.0,6165.0,3.0,2.0,0.0005418196980457833,2,0,6162.5,6166.4,13.176314828087925,-13.176314828087925,-0.0021329262734416906,-0.002135204200362111
FR--VN,FR,VN,9212.23431863868,10,9190.0,9190.0,9190.0,9190.0,0.0,0.0,9190.0,9190.0,9190.0,9190.0,0.0,0.0,0.0,0,0,9190.0,9190.0,22.234318638680634,-22.234318638680634,-0.0024135641658283684,-0.0024164815068915863
FR--ZA,FR,ZA,8652.154951764032,10,8695.0,8695.0,8695.0,8695.0,5.270462766947299,27.777777777777775,8690.0,8700.0,8690.0,8700.0,10.0,5.0,0.0006061486793498906,0,0,8692.0,8698.0,42.845048235967624,42.845048235967624,0.004951951100602078,0.004939730517964477
GB--GH,GB,GH,5094.01108636096,10,5100.0,5100.0,5100.0,5100.0,0.0,0.0,5100.0,5100.0,5100.0,5100.0,0.0,0.0,0.0,0,0,5100.0,5100.0,5.98891363904022,5.98891363904022,0.0011756773861516185,0.001174986818696752
GB--GR,GB,GR,2394.3235623248843,10,2390.9,2391.0,2391.0,2390.9,0.31622776601683794,0.1,2390.0,2391.0,2391.0,2391.0,0.0,0.0,0.00013226306663467226,1,0,2390.7,2391.0,3.4235623248841875,-3.4235623248841875,-0.0014298661963464596,-0.001430889430524455
GB--IN,GB,IN,6724.002102971842,10,6710.0,6710.0,6710.0,6710.0,0.0,0.0,6710.0,6710.0,6710.0,6710.0,0.0,0.0,0.0,0,0,6710.0,6710.0,14.00210297184185,-14.00210297184185,-0.0020824060964605095,-0.0020845773188038603
GB--IT,GB,IT,1434.2026285343118,10,1434.6,1435.0,1434.625,1434.6,0.5163977794943223,0.2666666666666667,1434.0,1435.0,1434.0,1435.0,1.0,0.0,0.00035995941690667945,0,0,1434.3,1434.9,0.3973714656881384,0.3973714656881384,0.0002770678687810198,0.00027702949256754706
GB--JP,GB,JP,9584.855356731166,10,9572.0,9560.0,9570.0,9560.428571426228,19.32183566158592,373.33333333333337,9560.0,9600.0,9560.0,9590.0,30.0,0.0,0.0020185787360620473,0,0,9560.0,9584.0,12.855356731166466,-12.855356731166466,-0.0013412155168453868,-0.0013421157514057916
GB--KE,GB,KE,6804.487905463708,10,6820.0,6820.0,6820.0,6820.0,0.0,0.0,6820.0,6820.0,6820.0,6820.0,0.0,0.0,0.0,0,0,6820.0,6820.0,15.512094536292352,15.512094536292352,0.002279685812041317,0.0022770912707516114
GB--KR,GB,KR,8880.920559408663,10,8859.8,8860.0,8860.0,8859.888888888889,0.6324555320336759,0.4,8858.0,8860.0,8860.0,8860.0,0.0,0.0,7.138485428945076e-05,1,0,8859.4,8860.0,21.12055940866412,-21.12055940866412,-0.002378194835476654,-0.002381027232366583
GB--MA,GB,MA,2015.6973939359636,10,2079.0,2080.0,2080.0,2079.8888888905444,3.1622776601683795,10.000000000000002,2070.0,2080.0,2080.0,2080.0,0.0,0.0,0.0015210570755980661,1,0,2077.0,2080.0,63.302606064036354,63.302606064036354,0.03140481614674718,0.030921772147522338
GB--MX,GB,MX,8941.67963886513,10,8930.0,8930.0,8930.0,8930.0,0.0,0.0,8930.0,8930.0,8930.0,8930.0,0.0,0.0,0.0,0,0,8930.0,8930.0,11.679638865129164,-11.679638865129164,-0.0013062018923562704,-0.0013070557176412276
GB--MY,GB,MY,10548.649921719485,10,10569.0,10560.0,10567.5,10560.428571426228,14.491376746189438,209.99999999999997,10560.0,10590.0,10560.0,10582.5,22.5,0.0,0.001371120895656111,0,0,10563.0,10578.0,20.350078280514936,20.350078280514936,0.001929164246754884,0.001927305799192658
GB--NG,GB,NG,4755.038491838242,10,4884.5,4900.0,4890.0,4899.571428573771,27.126248051165007,735.8333333333334,4825.0,4900.0,4877.5,4900.0,22.5,0.0,0.005553536298733751,1,0,4867.5,4900.0,129.4615081617576,129.4615081617576,0.027226174590168097,0.026862135122455617
GB--NL,GB,NL,358.8427946807068,10,357.7,358.0,357.75,357.7,0.48304589153964794,0.23333333333333334,357.0,358.0,357.25,358.0,0.75,0.0,0.0013504218382433546,0,0,357.4,358.0,1.1427946807067997,-1.1427946807067997,-0.0031846666497055962,-0.0031897484927260614
GB--NO,GB,NO,1156.4942725896335,10,1150.9,1150.0,1150.75,1150.4285714285713,1.4491376746189437,2.0999999999999996,1150.0,1153.0,1150.0,1152.25,2.25,0.0,0.0012591343076018278,0,0,1150.0,1151.8,5.59427258963342,-5.59427258963342,-0.004837267872591075,-0.004849005319574443
GB--NZ,GB,NZ,18806.422712162086,10,18805.5,18800.0,18801.875,18800.24999999786,13.006408676751114,169.16666666666666,18800.0,18840.0,18800.0,18800.0,0.0,0.0,0.0006916279108107263,2,0,18800.0,18813.5,0.9227121620860999,-0.9227121620860999,-4.9063672353242554e-05,-4.906487601458774e-05
GB--PE,GB,PE,10161.714666151413,10,10161.5,10155.0,10159.375,10156.03414283982,15.994790818680103,255.83333333333334,10150.0,10190.0,10150.0,10163.75,13.75,5.0,0.0015740580444501405,2,0,10153.0,10172.0,0.21466615141252987,-0.21466615141252987,-2.1124993021854967e-05,-2.112521615767802e-05
GB--PH,GB,PH,10748.092828515446,10,10740.0,10740.0,10740.0,10740.0,0.0,0.0,10740.0,10740.0,10740.0,10740.0,0.0,0.0,0.0,0,0,10740.0,10740.0,8.092828515445945,-8.092828515445945,-0.0007529548399484513,-0.0007532384528179758
GB--PK,GB,PK,6053.923906825333,10,6050.0,6050.0,6050.0,6050.0,0.0,0.0,6050.0,6050.0,6050.0,6050.0,0.0,0.0,0.0,0,0,6050.0,6050.0,3.9239068253327787,-3.9239068253327787,-0.0006481592576525245,-0.0006483694036744316
GB--PL,GB,PL,1451.4527915116341,10,1450.0,1450.0,1450.0,1450.0,0.0,0.0,1450.0,1450.0,1450.0,1450.0,0.0,0.0,0.0,0,0,1450.0,1450.0,1.452791511634132,-1.452791511634132,-0.001000922331150091,-0.0010014235884142602
GB--PT,GB,PT,1584.9632431063264,10,1585.0,1585.0,1585.0,1585.0,0.0,0.0,1585.0,1585.0,1585.0,1585.0,0.0,0.0,0.0,0,0,1585.0,1585.0,0.03675689367355517,0.03675689367355517,2.3191007005005573e-05,2.319073809774019e-05
GB--RU,GB,RU,2508.045616571664,10,2500.0,2500.0,2500.0,2500.0,0.0,0.0,2500.0,2500.0,2500.0,2500.0,0.0,0.0,0.0,0,0,2500.0,2500.0,8.04561657166414,-8.04561657166414,-0.003207922742115822,-0.0032130791568151587
GB--SA,GB,SA,4954.835444629185,10,4934.0,4945.0,4934.375,4941.293500000249,16.46545204697129,271.11111111111103,4915.0,4950.0,4915.0,4945.0,30.0,5.0,0.0033371406661879387,0,0,4924.0,4943.5,20.835444629185076,-20.835444629185076,-0.004205072976090406,-0.004213939159485777
GB--SE,GB,SE,1439.0693652990349,10,1432.2,1432.0,1432.375,1432.3333333333333,0.9189365834726814,0.8444444444444443,1430.0,1433.0,1432.0,1433.0,1.0,0.5,0.0006416258786989816,1,0,1431.6,1432.7,6.8693652990348255,-6.8693652990348255,-0.004773477543667528,-0.004784906974189491
GB--SG,GB,SG,10859.201604289969,10,10850.0,10850.0,10850.0,10850.0,0.0,0.0,10850.0,10850.0,10850.0,10850.0,0.0,0.0,0.0,0,0,10850.0,10850.0,9.2016042899686,-9.2016042899686,-0.0008473555078242098,-0.0008477147164351397
GB--SN,GB,SN,4365.305947198292,10,4384.5,4385.0,4386.875,4386.2239000265445,15.356865999719258,235.83333333333334,4350.0,4400.0,4380.0,4397.5,17.5,7.5,0.0035025352947244287,1,0,4374.5,4392.5,19.194052801707585,19.194052801707585,0.004396954768777791,0.004387316405794556
GB--TH,GB,TH,9543.363933383182,10,9535.0,9535.0,9535.0,9535.0,5.270462766947299,27.777777777777775,9530.0,9540.0,9530.0,9540.0,10.0,5.0,0.0005527491103248347,0,0,9532.0,9538.0,8.363933383181575,-8.363933383181575,-0.0008764135415525863,-0.0008767978164393355
GB--TR,GB,TR,2839.1944811374397,10,2825.0,2825.0,2824.375,2824.6552857142647,7.817359599705716,61.111111111111114,2815.0,2840.0,2820.0,2830.0,10.0,5.0,0.002767206937948926,0,0,2820.5,2829.5125,14.194481137439652,-14.194481137439652,-0.004999474756570058,-0.005012013940839424
GB--TZ,GB,TZ,7248.407455210976,10,7412.0,7435.0,7417.5,7418.031142856775,93.07106006822004,8662.222222222223,7250.0,7530.0,7345.0,7485.0,140.0,70.0,0.012556807888318948,0,0,7357.975,7464.05,163.59254478902403,163.59254478902403,0.022569446571524505,0.02231852503582807
GB--UA,GB,UA,2139.351912362843,10,2132.6,2133.5,2132.75,2133.285714288057,1.837873166945363,3.3777777777777778,2130.0,2134.0,2130.75,2134.0,3.25,0.5,0.0008617992905117524,0,0,2131.4,2133.5,6.751912362843086,-6.751912362843086,-0.0031560550294812526,-0.0031610458748439862
GB--US,GB,US,5912.468929291367,10,5900.0,5900.0,5900.0,5900.0,0.0,0.0,5900.0,5900.0,5900.0,5900.0,0.0,0.0,0.0,0,0,5900.0,5900.0,12.468929291367203,-12.468929291367203,-0.002108920899286934,-0.0021111478044287145
GB--VN,GB,VN,9249.152997948202,10,9232.5,9232.5,9232.5,9232.5,2.6352313834736494,6.944444444444444,9230.0,9235.0,9230.0,9235.0,5.0,2.5,0.0002854298817734795,0,0,9231.0,9234.0,16.652997948202028,-16.652997948202028,-0.0018004889693030558,-0.001802111797783096
GB--ZA,GB,ZA,8991.386014264714,10,9051.5,9047.5,9051.875,9051.58850000002,12.03005495507906,144.72222222222223,9030.0,9070.0,9045.0,9060.0,15.0,7.5,0.0013290675529005203,0,0,9044.0,9058.5,60.113985735286406,60.113985735286406,0.006685730724931214,0.006663480345573718
GH--GR,GH,GR,4333.583803793776,10,4109.5,4100.0,4099.375,4099.375000255435,117.05767809076002,13702.499999999998,3950.0,4350.0,4023.75,4175.0,151.25,80.0,0.02848465216954861,0,0,4042.9875,4183.0,224.0838037937756,-224.0838037937756,-0.05170865822361726,-0.05309350139208982
GH--IN,GH,IN,8492.768279138134,10,8333.5,8305.0,8319.375,8302.558856734167,189.6788221060948,35978.055555555555,8110.0,8670.0,8192.5,8402.5,210.0,120.0,0.022761003432662723,0,0,8230.0,8458.5125,159.26827913813395,-159.26827913813395,-0.018753399822454223,-0.0189314746787358
GH--IT,GH,IT,4218.672595049595,10,4124.0,4107.5,4115.625,4114.950285644358,43.06326095924976,1854.4444444444446,4085.0,4230.0,4100.0,4137.5,37.5,20.0,0.010442109834929622,1,0,4103.0,4152.0125,94.67259504959475,-94.67259504959475,-0.02244132316897225,-0.02269696147556972
GH--JP,GH,JP,13827.443948540278,10,13616.0,13580.0,13588.75,13588.772888887586,131.16571367718183,17204.444444444445,13500.0,13950.0,13550.0,13645.0,95.0,60.0,0.00963320458851218,1,0,13552.0,13699.125,211.44394854027814,-211.44394854027814,-0.015291614945407149,-0.01540973742535201
GH--KE,GH,KE,4185.899181902206,10,4323.0,4217.5,4306.25,4226.1891001079475,174.4706279005151,30439.999999999996,4200.0,4580.0,4210.0,4490.0,280.0,17.5,0.04035869255158804,0,0,4242.4625,4433.0,137.10081809779422,137.10081809779422,0.03275301485772795,0.032228066542693695
GH--KR,GH,KR,12769.069776916134,10,12420.5,12435.0,12425.625,12430.690249999998,35.85851828134193,1285.8333333333333,12350.0,12450.0,12415.0,12447.5,32.5,15.0,0.002887043056345713,2,0,12397.5,12439.0,348.5697769161343,-348.5697769161343,-0.027297977300294585,-0.02767748963968952
GH--MA,GH,MA,3225.75627215081,10,3163.5,3175.0,3165.0,3171.3283000262795,21.479964825131557,461.38888888888897,3130.0,3185.0,3150.0,3180.0,30.0,7.5,0.0067899367236072565,0,0,3150.5,3175.0,62.25627215081022,-62.25627215081022,-0.019299744586499752,-0.01948841614390424
GH--MX,GH,MX,10742.674108313797,10,9677.5,9677.5,9673.125,9673.830785555612,58.653881182559246,3440.277777777778,9590.0,9800.0,9642.5,9700.0,57.5,32.5,0.006060850548443218,1,0,9642.9875,9710.5125,1065.1741083137968,-1065.1741083137968,-0.09915353454587758,-0.10442044049573082
GH--MY,GH,MY,11302.266760638768,10,10963.0,11000.0,10968.75,10971.087142853306,241.93892709616708,58534.444444444445,10530.0,11350.0,10797.5,11125.0,327.5,150.0,0.022068678928775617,0,0,10828.925,11094.05,339.26676063876766,-339.26676063876766,-0.030017585659922384,-0.030477337195362518
GH--NG,GH,NG,940.6043456313404,10,915.0,915.0,913.125,913.1896111111163,7.453559924999299,55.55555555555555,910.0,935.0,910.0,915.0,5.0,2.5,0.008145967131146774,1,0,911.5,920.0,25.60434563134038,-25.60434563134038,-0.02722116451009437,-0.027598524287841635
GH--NL,GH,NL,5209.997387819868,10,5210.5,5210.0,5209.375,5209.9565,11.167910378500636,124.72222222222223,5200.0,5230.0,5200.0,5217.5,17.5,10.0,0.0021433471602534566,0,0,5204.0,5217.0,0.5026121801320187,0.5026121801320187,9.647071633990542e-05,9.646606333969668e-05
GH--NO,GH,NO,6102.669610187801,10,6039.0,6030.0,6035.0,6036.282714705868,113.18127053536729,12810.0,5880.0,6230.0,5972.5,6122.5,150.0,85.0,0.018741723883981997,0,0,5976.975,6109.0,63.66961018780057,-63.66961018780057,-0.010433075072835417,-0.010487881130997483
GH--NZ,GH,NZ,16013.257226333824,10,16462.0,16450.0,16421.25,16463.333333346607,438.88241908030193,192617.77777777778,15800.0,17450.0,16375.0,16545.0,170.0,100.0,0.026660334046914223,3,0,16232.975,16719.15,448.7427736661757,448.7427736661757,0.0280232039817744,0.027637738744937062
GH--PE,GH,PE,8721.901447825489,10,9302.0,9310.0,9313.75,9313.749999995724,184.27334768399544,33956.666666666664,8950.0,9560.0,9185.0,9448.75,263.75,155.0,0.019810078228767517,0,0,9189.4875,9400.0,580.0985521745115,580.0985521745115,0.06651056029980017,0.06439216070846876
GH--PH,GH,PH,13172.528062047224,10,12980.0,12940.0,12965.625,12947.757714285643,177.49804380768694,31505.55555555555,12700.0,13375.0,12905.0,12993.75,88.75,40.0,0.013674733729405773,3,0,12885.975,13089.5125,192.528062047224,-192.528062047224,-0.014615877919587596,-0.01472374217399022
GH--PK,GH,PK,8135.24807147375,10,7164.0,7150.0,7170.0,7170.000000004286,103.40857475728662,10693.333333333334,6980.0,7300.0,7100.0,7250.0,150.0,85.0,0.0144344744217318,0,0,7104.0,7223.0,971.2480714737503,-971.2480714737503,-0.11938764041866554,-0.12713775034978708
GH--PL,GH,PL,5532.277420091532,10,5320.5,5312.5,5312.5,5308.333333332329,77.58328857857643,6019.166666666668,5225.0,5480.0,5270.0,5341.25,71.25,45.0,0.014581954436345537,1,0,5276.4875,5371.0,211.7774200915319,-211.7774200915319,-0.038280332675006745,-0.039032276890516096
GH--PT,GH,PT,3782.929500075035,10,3811.0,3810.0,3811.875,3811.810388888885,4.594682917363407,21.11111111111111,3800.0,3815.0,3810.0,3815.0,5.0,2.5,0.0012056370814388369,1,0,3808.0,3813.5,28.070499924965134,28.070499924965134,0.0074203074427922466,0.007392912397820465
GH--RU,GH,RU,6496.545506137951,10,6158.5,6140.0,6161.875,6158.899833331546,78.38827860223888,6144.722222222223,6040.0,6250.0,6105.0,6237.5,132.5,77.5,0.012728469367904342,0,0,6115.4875,6203.0125,338.0455061379507,-338.0455061379507,-0.05203465531312981,-0.053437333632789456
GH--SA,GH,SA,5439.21139413924,10,5261.0,5255.0,5257.5,5255.0,87.48968193132517,7654.444444444445,5150.0,5400.0,5202.5,5307.5,105.0,55.0,0.01662985780865333,0,0,5214.975,5311.0,178.21139413923993,-178.21139413923993,-0.03276419709137671,-0.0333129632981998
GH--SE,GH,SE,6169.917069641088,10,6128.0,6145.0,6128.75,6130.174000000849,40.013886478460336,1601.1111111111109,6070.0,6180.0,6091.25,6150.0,58.75,30.0,0.006529681213847966,0,0,6103.4875,6152.0,41.91706964108835,-41.91706964108835,-0.00679378169397773,-0.0068169644877184
GH--SG,GH,SG,11563.025739001863,10,11301.5,11305.0,11308.125,11308.3333333347,77.8192349829612,6055.833333333333,11150.0,11400.0,11262.5,11357.5,95.0,50.0,0.006885743926289537,0,0,11252.975,11346.025,261.52573900186326,-261.52573900186326,-0.022617413893643943,-0.0228771108524193
GH--SN,GH,SN,2143.667997107388,10,2100.0,2100.0,2100.0,2100.0,0.0,0.0,2100.0,2100.0,2100.0,2100.0,0.0,0.0,0.0,0,0,2100.0,2100.0,43.667997107388146,-43.667997107388146,-0.020370690408362046,-0.020581034392919983
GH--TH,GH,TH,11025.064322158887,10,11095.0,11100.0,11106.25,11105.739499995056,203.97439926509296,41605.555555555555,10750.0,11350.0,10982.5,11262.5,280.0,170.0,0.01838435324606516,0,0,10968.975,11214.025,69.93567784111292,69.93567784111292,0.006343335131437889,0.006323300859243654
GH--TR,GH,TR,5045.437421948046,10,4861.5,4850.0,4861.25,4850.333333333315,45.707402755644154,2089.166666666667,4775.0,4950.0,4850.0,4872.5,22.5,0.0,0.009401913556647979,3,0,4835.0,4888.5125,183.937421948046,-183.937421948046,-0.03645618933809463,-0.037137321832549385
GH--TZ,GH,TZ,4202.317885708757,10,4435.5,4390.0,4415.625,4409.82600034343,141.31230189430312,19969.166666666664,4270.0,4760.0,4353.75,4475.0,121.25,70.0,0.031859384938406746,1,0,4363.9875,4521.5125,233.18211429124312,233.18211429124312,0.05548892792814387,0.05400409836788778
GH--UA,GH,UA,5740.228417956023,10,5502.0,5540.0,5503.75,5502.415555549776,111.80836780452128,12501.111111111111,5350.0,5640.0,5386.25,5575.0,188.75,100.0,0.020321404544624007,0,0,5438.4875,5569.5,238.2284179560229,-238.2284179560229,-0.04150155718730983,-0.04238734110632286
GH--US,GH,US,8483.047455588956,10,8313.5,8270.0,8308.125,8282.355000000756,84.26314602350055,7100.277777777777,8220.0,8450.0,8262.5,8390.0,127.5,25.0,0.010135700489986233,0,0,8267.0,8363.0,169.54745558895593,-169.54745558895593,-0.019986621137814287,-0.02018905551051624
GH--VN,GH,VN,11449.241972047112,10,11186.5,11150.0,11186.875,11183.582214283311,88.7584111820145,7878.055555555557,11050.0,11320.0,11150.0,11246.25,96.25,67.5,0.007934421953427301,0,0,11139.475,11239.0,262.74197204711163,-262.74197204711163,-0.022948416383249313,-0.02321583036305594
GH--ZA,GH,ZA,4626.9652891296655,10,4687.5,4680.0,4685.0,4680.666666666649,11.843892002959914,140.2777777777778,4680.0,4715.0,4680.0,4690.0,10.0,0.0,0.0025266969606314482,1,0,4681.0,4695.5,60.53471087033449,60.53471087033449,0.013083026797834721,0.012998183208825221
GR--IN,GR,IN,5018.539102191491,10,4962.0,4987.5,4974.375,4991.66037489571,81.99593485858512,6723.333333333334,4800.0,5025.0,4980.0,5015.0,35.0,22.5,0.016524775263721304,2,0,4906.4875,5004.5,56.53910219149111,-56.53910219149111,-0.01126604795543023,-0.011329990581097852
GR--IT,GR,IT,1053.9826873522736,10,1050.0,1050.0,1050.0,1050.0,0.0,0.0,1050.0,1050.0,1050.0,1050.0,0.0,0.0,0.0,0,0,1050.0,1050.0,3.982687352273615,-3.982687352273615,-0.0037787028193779788,-0.0037858601528564235
GR--JP,GR,JP,9529.986913901954,10,9500.0,9500.0,9500.0,9500.0,0.0,0.0,9500.0,9500.0,9500.0,9500.0,0.0,0.0,0.0,0,0,9500.0,9500.0,29.986913901953812,-29.986913901953812,-0.0031465850029877935,-0.0031515459109240306
GR--KE,GR,KE,4550.99704740833,10,4408.0,4360.0,4403.75,4398.791857146113,96.12491872558333,9240.0,4280.0,4570.0,4350.0,4480.0,130.0,55.0,0.021806923485840138,0,0,4354.0,4465.0,142.99704740833022,-142.99704740833022,-0.031421037174647955,-0.031925268405023674
GR--KR,GR,KR,8536.453653913031,10,8498.5,8500.0,8496.875,8499.666666666684,13.753787357185171,189.16666666666666,8480.0,8530.0,8496.25,8500.0,3.75,0.0,0.0016183782264146815,3,0,8491.0,8506.5,37.9536539130313,-37.9536539130313,-0.004446068057270328,-0.00445598121180756
GR--MA,GR,MA,2777.965823972774,10,2855.0,2855.0,2856.25,2856.2935000001767,13.5400640077266,183.33333333333334,2830.0,2870.0,2850.0,2867.5,17.5,10.0,0.0047425793372072155,0,0,2847.0,2862.025,77.03417602722584,77.03417602722584,0.027730426113399452,0.027352901237106972
GR--MX,GR,MX,11298.129151635198,10,10766.5,10767.5,10766.25,10766.24999999994,19.010231163478494,361.3888888888889,10735.0,10800.0,10752.5,10778.75,26.25,12.5,0.0017656834777762963,0,0,10755.0,10778.5,531.6291516351976,-531.6291516351976,-0.04705461802569799,-0.048197688644706235
GR--MY,GR,MY,8741.0759144703,10,8432.0,8390.0,8418.75,8397.34339999826,119.6104789166345,14306.666666666668,8300.0,8670.0,8362.5,8485.0,122.5,45.0,0.014185303476830467,1,0,8368.0,8503.025,309.07591447030063,-309.07591447030063,-0.035359024162991755,-0.035999292634105694
GR--NG,GR,NG,3590.1434415502863,10,3483.0,3465.0,3478.75,3478.8115555563636,51.86520991955976,2690.0,3420.0,3580.0,3450.0,3525.0,75.0,40.0,0.014890958920344461,0,0,3453.0,3513.025,107.1434415502863,-107.1434415502863,-0.02984377735726902,-0.030298166181698657
GR--NL,GR,NL,2163.5846088708995,10,2168.3,2160.0,2167.5,2160.6666666666665,10.750193796702769,115.56666666666669,2160.0,2183.0,2160.0,2180.0,20.0,0.0,0.004957890419546543,0,0,2162.0,2174.9,4.715391129100681,4.715391129100681,0.0021794345872896007,0.0021770630648231463
GR--NO,GR,NO,2606.9423466880603,10,2615.0,2615.0,2615.0,2615.0,0.0,0.0,2615.0,2615.0,2615.0,2615.0,0.0,0.0,0.0,0,0,2615.0,2615.0,8.057653311939703,8.057653311939703,0.0030908444608206977,0.0030860776209281427
GR--NZ,GR,NZ,17522.839563811503,10,17661.0,17650.0,17663.75,17658.043333333095,94.80389115314718,8987.777777777777,17500.0,17800.0,17600.0,17737.5,137.5,50.0,0.005367979794640574,0,0,17605.0,17717.0,138.16043618849653,138.16043618849653,0.007884591745839416,0.007853670778795913
GR--PE,GR,PE,11767.93414146203,10,11174.0,11170.0,11171.25,11172.183555555626,25.90581230363393,671.1111111111111,11150.0,11220.0,11150.0,11195.0,45.0,20.0,0.0023184009579053097,0,0,11160.0,11190.025,593.9341414620303,-593.9341414620303,-0.05047055280241744,-0.051788735837786405
GR--PH,GR,PH,9644.711437844597,10,9569.0,9585.0,9573.75,9580.46899999995,37.25288952252936,1387.7777777777776,9500.0,9600.0,9545.0,9600.0,55.0,15.0,0.003893080731793224,0,0,9548.0,9589.0,75.71143784459673,-75.71143784459673,-0.00785004697470936,-0.007881020797255429
GR--PK,GR,PK,4438.915175919046,10,4338.5,4290.0,4334.375,4299.497699539218,155.6357927984434,24222.500000000004,4150.0,4560.0,4252.5,4487.5,235.0,72.5,0.03587318031541855,0,0,4253.5,4426.05,100.4151759190463,-100.4151759190463,-0.02262155773189697,-0.022881350591387847
GR--PL,GR,PL,1599.730736035073,10,1598.8,1598.0,1598.75,1598.6666666666667,1.0327955589886446,1.0666666666666669,1598.0,1600.0,1598.0,1600.0,2.0,0.0,0.0006459817106508911,0,0,1598.2,1599.4,0.930736035073096,-0.930736035073096,-0.0005818079343652057,-0.0005819772502775659
GR--PT,GR,PT,2859.446251097273,10,2850.0,2850.0,2850.0,2850.0,0.0,0.0,2850.0,2850.0,2850.0,2850.0,0.0,0.0,0.0,0,0,2850.0,2850.0,9.446251097273034,-9.446251097273034,-0.00330352462252024,-0.0033089933072640073
GR--RU,GR,RU,2231.411035554138,10,2230.0,2230.0,2230.0,2230.0,0.0,0.0,2230.0,2230.0,2230.0,2230.0,0.0,0.0,0.0,0,0,2230.0,2230.0,1.411035554137925,-1.411035554137925,-0.000632351248450071,-0.0006325512668264691
GR--SA,GR,SA,2633.348280356521,10,2385.5,2410.0,2392.5,2401.108714286586,48.78809053219626,2380.2777777777783,2285.0,2430.0,2382.5,2410.0,27.5,15.0,0.020451934828000947,2,0,2351.475,2411.0,247.84828035652117,-247.84828035652117,-0.09411906590759264,-0.09884740089948747
GR--SE,GR,SE,2410.026741429502,10,2630.0,2630.0,2630.0,2630.0,0.0,0.0,2630.0,2630.0,2630.0,2630.0,0.0,0.0,0.0,0,0,2630.0,2630.0,219.97325857049782,219.97325857049782,0.09127419824396685,0.08734600271983098
GR--SG,GR,SG,9057.615916728751,10,9050.0,9050.0,9050.0,9050.0,0.0,0.0,9050.0,9050.0,9050.0,9050.0,0.0,0.0,0.0,0,0,9050.0,9050.0,7.615916728751472,-7.615916728751472,-0.0008408301697453778,-0.0008411838657119121
GR--SN,GR,SN,4796.3210435787405,10,4729.0,4730.0,4733.75,4728.999999989291,109.48871073210141,11987.77777777778,4570.0,4850.0,4627.5,4837.5,210.0,110.0,0.023152613815204358,0,0,4664.975,4791.0,67.3210435787405,-67.3210435787405,-0.01403597527502233,-0.014135411125279185
GR--TH,GR,TH,7932.285448089226,10,7920.0,7920.0,7920.0,7920.0,0.0,0.0,7920.0,7920.0,7920.0,7920.0,0.0,0.0,0.0,0,0,7920.0,7920.0,12.28544808922561,-12.28544808922561,-0.001548790467718859,-0.0015499910835035983
GR--TR,GR,TR,819.9324692614381,10,815.5,815.0,815.0,815.1111111111111,1.5811388300841898,2.5000000000000004,815.0,820.0,815.0,815.0,0.0,0.0,0.0019388581607408825,1,0,815.0,816.5,4.4324692614380865,-4.4324692614380865,-0.005405895518969599,-0.005420560246685523
GR--TZ,GR,TZ,5045.850144996306,10,4729.5,4735.0,4736.875,4732.956749989821,116.96271960662413,13680.277777777777,4550.0,4850.0,4656.25,4845.0,188.75,105.0,0.024730461910693335,0,0,4658.9875,4793.0125,316.35014499630597,-316.35014499630597,-0.06269511299498522,-0.06474666332563779
GR--UA,GR,UA,1484.282875845914,10,1486.5,1490.0,1486.875,1489.3333333333514,4.743416490252569,22.5,1480.0,1490.0,1481.25,1490.0,8.75,0.0,0.0031909966298369116,0,0,1483.5,1489.0,2.217124154085923,2.217124154085923,0.0014937342403969673,0.00149261972912415
GR--US,GR,US,8271.005589450659,10,7903.0,7900.0,7901.25,7900.25,6.749485577105529,45.55555555555555,7900.0,7920.0,7900.0,7900.0,0.0,0.0,0.0008540409435790875,2,0,7900.0,7907.025,368.0055894506586,-368.0055894506586,-0.04449345191109957,-0.04551366227568335
GR--VN,GR,VN,7933.017363609639,10,7872.5,7912.5,7918.125,7917.383999999867,168.37870675619556,28351.388888888894,7400.0,7980.0,7900.0,7945.0,45.0,20.0,0.021388212989037224,1,0,7762.975,7939.5125,60.51736360963878,-60.51736360963878,-0.007628542940955129,-0.007657789106684118
GR--ZA,GR,ZA,7065.652015003433,10,7076.5,7060.0,7069.375,7071.602571086798,108.57792900339676,11789.166666666668,6920.0,7290.0,7026.25,7130.0,103.75,70.0,0.015343450717642445,1,0,7012.0,7141.5,10.847984996566993,10.847984996566993,0.0015353126609592479,0.0015341352734270014
IN--IT,IN,IT,5929.147771473219,10,5920.0,5920.0,5920.0,5920.0,0.0,0.0,5920.0,5920.0,5920.0,5920.0,0.0,0.0,0.0,0,0,5920.0,5920.0,9.147771473219109,-9.147771473219109,-0.0015428476107867616,-0.0015440390257672918
IN--JP,IN,JP,5855.550160203252,10,5831.0,5830.0,5830.0,5830.111111111111,3.1622776601683795,10.000000000000002,5830.0,5840.0,5830.0,5830.0,0.0,0.0,0.0005423216704113153,1,0,5830.0,5833.0,24.550160203251835,-24.550160203251835,-0.0041926308428036204,-0.004201444563239537
IN--KE,IN,KE,5427.9212039634995,10,5403.0,5400.0,5401.875,5400.25,6.324555320336759,40.00000000000001,5400.0,5415.0,5400.0,5400.0,0.0,0.0,0.001170563635079911,2,0,5400.0,5407.5,24.921203963499465,-24.921203963499465,-0.004591298036032995,-0.004601870417910102
IN--KR,IN,KR,4698.888249176968,10,4682.0,4680.0,4681.875,4680.666666666667,2.581988897471611,6.666666666666666,4680.0,4685.0,4680.0,4685.0,5.0,0.0,0.0005514713578538256,0,0,4680.5,4683.5,16.888249176968202,-16.888249176968202,-0.003594094662695214,-0.003600568938345596
IN--MA,IN,MA,7789.23277228102,10,8067.5,8050.0,8051.25,8054.999999999865,123.58645197233842,15273.611111111111,7915.0,8350.0,8007.5,8100.0,92.5,50.0,0.015319051995331692,1,0,8002.0,8149.025,278.2672277189804,278.2672277189804,0.035724600336663435,0.03510127870742406
IN--MX,IN,MX,14673.684770062055,10,14310.0,14300.0,14287.5,14287.500000002148,110.05049346146119,12111.111111111111,14200.0,14600.0,14250.0,14300.0,50.0,50.0,0.007690460759011963,1,0,14260.0,14385.0,363.68477006205467,-363.68477006205467,-0.024784829152392693,-0.02509714428348714
IN--MY,IN,MY,3828.30825419318,10,3850.5,3850.0,3851.25,3850.1428571428573,13.426756040748554,180.27777777777777,3820.0,3875.0,3850.0,3850.0,0.0,0.0,0.0034870162422408917,3,0,3842.0,3857.5,22.19174580682011,22.19174580682011,0.00579674998284511,0.005780013474751206
IN--NG,IN,NG,7553.544289460008,10,7655.0,7560.0,7618.75,7591.7170000075985,284.80987810584566,81116.66666666666,7350.0,8250.0,7450.0,7812.5,362.5,135.0,0.037205731953735555,0,0,7494.0,7843.025,101.45571053999174,101.45571053999174,0.013431537123779102,0.013342133689699904
IN--NL,IN,NL,6368.270749342955,10,6364.0,6365.0,6363.75,6364.666666666685,3.1622776601683795,10.000000000000002,6360.0,6370.0,6361.25,6365.0,3.75,0.0,0.0004969009522577592,0,0,6362.0,6366.0,4.2707493429552414,-4.2707493429552414,-0.0006706293609447863,-0.0006708543334023462
IN--NO,IN,NO,5995.942926158602,10,5980.0,5980.0,5978.75,5978.333333333425,16.32993161855452,266.6666666666667,5960.0,6010.0,5970.0,5987.5,17.5,10.0,0.0027307577957449035,0,0,5970.0,5990.0,15.94292615860195,-15.94292615860195,-0.0026589522873954443,-0.002662493579840109
IN--NZ,IN,NZ,12641.150365211413,10,12025.5,11972.5,12016.875,12007.500000005628,165.93924591046365,27535.83333333333,11800.0,12320.0,11950.0,12125.0,175.0,100.0,0.01379894772861533,0,0,11931.975,12132.5,615.6503652114134,-615.6503652114134,-0.048702083863007437,-0.04992799931454844
IN--PE,IN,PE,16782.759226615508,10,16732.0,16855.0,16777.5,16856.01257142858,388.40986370356535,150862.22222222222,16000.0,17100.0,16762.5,16982.5,220.0,120.0,0.023213594531649853,2,0,16485.9,16935.075,50.75922661550794,-50.75922661550794,-0.003024486374982351,-0.0030290693770495735
IN--PH,IN,PH,4759.988205994383,10,4762.0,4760.0,4761.875,4760.666666666649,2.581988897471611,6.666666666666666,4760.0,4765.0,4760.0,4765.0,5.0,0.0,0.0005422068243325517,0,0,4760.5,4763.5,2.0117940056170482,2.0117940056170482,0.00042264684670511183,0.0004225575566843734
IN--PK,IN,PK,683.9640532615389,10,677.5,677.5,677.5,677.5,2.6352313834736494,6.944444444444444,675.0,680.0,675.0,680.0,5.0,2.5,0.0038896404184112906,0,0,676.0,679.0,6.464053261538879,-6.464053261538879,-0.009450866943539664,-0.009495809776499393
IN--PL,IN,PL,5273.3563545073075,10,5269.5,5270.0,5271.25,5270.333333333351,7.245688373094719,52.49999999999999,5250.0,5275.0,5270.0,5273.75,3.75,0.0,0.0013750238871040362,1,0,5265.0,5272.5,3.8563545073075147,-3.8563545073075147,-0.000731290329736841,-0.0007315578529427348
IN--PT,IN,PT,7792.049494202723,10,7599.0,7680.0,7585.0,7594.881444433393,209.94443709388125,44076.666666666664,7370.0,7940.0,7380.0,7680.0,300.0,205.0,0.027627903289101363,0,0,7479.7,7715.025,193.0494942027226,-193.0494942027226,-0.024775188395087997,-0.025087258557813435
IN--RU,IN,RU,4347.028704133428,10,4340.0,4340.0,4340.0,4340.0,0.0,0.0,4340.0,4340.0,4340.0,4340.0,0.0,0.0,0.0,0,0,4340.0,4340.0,7.028704133427709,-7.028704133427709,-0.0016168984867167718,-0.001618207077837825
IN--SA,IN,SA,3053.56116017884,10,3042.0,3045.0,3042.5,3043.965857160226,9.189365834726814,84.44444444444444,3030.0,3050.0,3032.5,3050.0,17.5,5.0,0.0030208303204230158,0,0,3036.0,3047.0,11.561160178840055,-11.561160178840055,-0.0037861236675419806,-0.0037933091763053656
IN--SE,IN,SE,5576.990338548147,10,5779.0,5910.0,5786.875,5907.776100000702,170.2090218264329,28971.111111111106,5580.0,5915.0,5581.25,5910.0,328.75,2.5,0.029453023330408876,0,0,5680.0,5878.0,202.0096614518534,202.0096614518534,0.036221985190751184,0.035581392304093455
IN--SG,IN,SG,4141.530296031338,10,4150.0,4150.0,4150.0,4150.0,0.0,0.0,4150.0,4150.0,4150.0,4150.0,0.0,0.0,0.0,0,0,4150.0,4150.0,8.469703968661634,8.469703968661634,0.002045066283054312,0.0020429779816616782
IN--SN,IN,SN,9687.105127662475,10,9813.0,9915.0,9851.25,9912.702999997935,238.74905468108372,57001.1111111111,9350.0,9970.0,9862.5,9950.0,87.5,35.0,0.024329874114040938,2,0,9654.0,9933.0,125.89487233752516,125.89487233752516,0.012996129460598095,0.012912404391130334
IN--TH,IN,TH,2916.5977506210074,10,2920.0,2920.0,2920.0,2920.0,0.0,0.0,2920.0,2920.0,2920.0,2920.0,0.0,0.0,0.0,0,0,2920.0,2920.0,3.4022493789925647,3.4022493789925647,0.001166513064157768,0.0011658332164428652
IN--TR,IN,TR,4224.800548051528,10,4230.5,4250.0,4231.875,4243.909500001203,56.590635267683645,3202.5,4150.0,4300.0,4177.5,4271.25,93.75,27.5,0.013376819588153562,0,0,4194.0,4260.5,5.699451948472415,5.699451948472415,0.0013490463948886285,0.001348137249362003
IN--TZ,IN,TZ,5878.312198256734,10,5818.0,5850.0,5833.75,5839.999999998322,122.99954832798733,15128.88888888889,5550.0,5960.0,5795.0,5865.0,70.0,45.0,0.02114120803162381,2,0,5745.0,5881.0,60.31219825673361,-60.31219825673361,-0.010260121651010597,-0.010313119520540034
IN--UA,IN,UA,4584.987256027431,10,4562.0,4555.0,4560.0,4557.8731666665535,18.58912465813158,345.5555555555556,4540.0,4600.0,4550.0,4568.75,18.75,7.5,0.0040747752429047745,1,0,4551.5,4574.5,22.987256027430703,-22.987256027430703,-0.00501359213097302,-0.005026202349987507
IN--US,IN,US,12068.739151501237,10,12034.8,12045.0,12037.25,12043.3913333334,20.203410053200866,408.1777777777778,12000.0,12050.0,12028.5,12050.0,21.5,5.0,0.0016787491319507485,0,0,12022.6,12045.015,33.939151501237575,-33.939151501237575,-0.0028121538691981644,-0.002816115402594294
IN--VN,IN,VN,3006.513807803295,10,3000.0,3000.0,3000.0,3000.0,0.0,0.0,3000.0,3000.0,3000.0,3000.0,0.0,0.0,0.0,0,0,3000.0,3000.0,6.513807803295094,-6.513807803295094,-0.002166565071608435,-0.0021689154691863243
IN--ZA,IN,ZA,7970.766596356072,10,8040.5,8032.5,8036.875,8036.875000000336,26.188419832691956,685.8333333333334,8010.0,8100.0,8026.25,8050.0,23.75,17.5,0.0032570635946386362,1,0,8026.4875,8057.5,69.73340364392789,69.73340364392789,0.008748644537629205,0.008710596896166309
IT--JP,IT,JP,9880.684200947846,10,9850.0,9850.0,9850.0,9850.0,0.0,0.0,9850.0,9850.0,9850.0,9850.0,0.0,0.0,0.0,0,0,9850.0,9850.0,30.684200947845966,-30.684200947845966,-0.003105473297578163,-0.0031103052861132115
IT--KE,IT,KE,5373.367125832121,10,5395.0,5400.0,5396.25,5398.517400000173,14.337208778404378,205.55555555555554,5370.0,5410.0,5392.5,5400.0,7.5,5.0,0.0026574993101769005,2,0,5385.0,5402.025,21.63287416787898,21.63287416787898,0.004025943819077672,0.00401786139292732
IT--KR,IT,KR,8990.221254368656,10,8965.0,8965.0,8965.0,8965.0,0.0,0.0,8965.0,8965.0,8965.0,8965.0,0.0,0.0,0.0,0,0,8965.0,8965.0,25.221254368656446,-25.221254368656446,-0.0028054097507778882,-0.0028093522880609113
IT--MA,IT,MA,1903.2092760976723,10,1745.5,1745.0,1744.375,1744.8571428594857,5.50252467307306,30.277777777777782,1740.0,1760.0,1745.0,1745.0,0.0,0.0,0.0031524060000418562,3,0,1743.0,1749.0,157.70927609767227,-157.70927609767227,-0.08286491563399603,-0.08650050637969475
IT--MX,IT,MX,10254.982173131564,10,10249.0,10250.0,10249.375,10249.75000000214,2.1081851067789197,4.444444444444445,10245.0,10250.0,10250.0,10250.0,0.0,0.0,0.0002056966637505044,2,0,10247.5,10250.0,5.9821731315641955,-5.9821731315641955,-0.0005833431039244234,-0.000583513314710242
IT--MY,IT,MY,9712.850057099384,10,9611.0,9600.0,9606.25,9600.25,23.309511649396118,543.3333333333334,9600.0,9660.0,9600.0,9600.0,0.0,0.0,0.002425295146123829,2,0,9600.0,9627.0,101.85005709938378,-101.85005709938378,-0.010486114425800162,-0.010541481118118784
IT--NG,IT,NG,3667.9438428379826,10,3789.0,3770.0,3782.5,3782.499999996874,54.252496102330014,2943.3333333333335,3730.0,3900.0,3750.0,3827.5,77.5,35.0,0.014318420718482452,0,0,3759.975,3822.025,121.05615716201737,121.05615716201737,0.03300381967362758,0.03247088778180512
IT--NL,IT,NL,1294.6009270853822,10,1297.0,1297.0,1297.0,1297.0,0.0,0.0,1297.0,1297.0,1297.0,1297.0,0.0,0.0,0.0,0,0,1297.0,1297.0,2.3990729146178182,2.3990729146178182,0.0018531370281180042,0.001851422088048013
IT--NO,IT,NO,2008.243997050136,10,2000.9,2000.0,2000.75,2000.4285714285713,1.449137674618944,2.1,2000.0,2003.0,2000.0,2002.25,2.25,0.0,0.0007242429279918756,0,0,2000.0,2001.8,7.34399705013584,-7.34399705013584,-0.0036569246869022245,-0.0036636275822971806
IT--NZ,IT,NZ,18548.183630194897,10,18460.0,18500.0,18462.5,18499.333333333332,51.63977794943222,2666.6666666666665,18400.0,18500.0,18400.0,18500.0,100.0,0.0,0.0027973877545737933,0,0,18430.0,18490.0,88.18363019489698,-88.18363019489698,-0.004754300041074716,-0.004765637674796645
IT--PE,IT,PE,10857.151296366306,10,10823.0,10800.0,10822.5,10818.152142857149,44.23422506008969,1956.666666666667,10760.0,10890.0,10800.0,10850.0,50.0,25.0,0.004087057660546031,0,0,10799.0,10851.0,34.15129636630627,-34.15129636630627,-0.0031455116940054153,-0.0031504692146029903
IT--PH,IT,PH,10405.066890561595,10,10400.0,10400.0,10400.0,10400.0,0.0,0.0,10400.0,10400.0,10400.0,10400.0,0.0,0.0,0.0,0,0,10400.0,10400.0,5.066890561594846,-5.066890561594846,-0.0004869637662964961,-0.000487082371657281
IT--PK,IT,PK,5309.570036872611,10,5286.0,5305.0,5298.125,5298.124999918977,54.71136384091822,2993.3333333333335,5140.0,5335.0,5280.0,5313.75,33.75,17.5,0.010350239092114683,1,0,5249.4625,5311.0,23.570036872611126,-23.570036872611126,-0.004439161120190084,-0.004449043452938492
IT--PL,IT,PL,1318.2845538649813,10,1315.2,1315.0,1315.125,1315.2,0.42163702135578396,0.1777777777777778,1315.0,1316.0,1315.0,1315.0,0.0,0.0,0.0003205877595466727,2,0,1315.0,1315.5,3.084553864981217,-3.084553864981217,-0.002339824020495303,-0.002342565686230533
IT--PT,IT,PT,1866.7033208698376,10,1860.0,1860.0,1860.0,1860.0,0.0,0.0,1860.0,1860.0,1860.0,1860.0,0.0,0.0,0.0,0,0,1860.0,1860.0,6.703320869837626,-6.703320869837626,-0.003590994238288516,-0.0035974573353669257
IT--RU,IT,RU,2380.4991270140295,10,2375.0,2375.0,2375.0,2375.0,0.0,0.0,2375.0,2375.0,2375.0,2375.0,0.0,0.0,0.0,0,0,2375.0,2375.0,5.499127014029455,-5.499127014029455,-0.0023100731067804527,-0.0023127454419794684
IT--SA,IT,SA,3687.31508886442,10,3674.0,3675.0,3674.375,3674.75,2.1081851067789197,4.444444444444445,3670.0,3675.0,3675.0,3675.0,0.0,0.0,0.0005738119506747195,2,0,3672.5,3675.0,13.315088864419977,-13.315088864419977,-0.0036110526341052713,-0.003617588222982344
IT--SE,IT,SE,1980.1731729298174,10,1975.0,1975.0,1975.0,1975.0,0.0,0.0,1975.0,1975.0,1975.0,1975.0,0.0,0.0,0.0,0,0,1975.0,1975.0,5.173172929817383,-5.173172929817383,-0.002612485110159976,-0.0026159036045271524
IT--SG,IT,SG,10029.704091564545,10,10212.0,10250.0,10224.375,10249.666666666666,87.24804996228983,7612.222222222222,10045.0,10280.0,10246.25,10250.0,3.75,0.0,0.008543679001399317,3,0,10151.9875,10255.5,182.2959084354552,182.2959084354552,0.018175601869328796,0.01801240017713171
IT--SN,IT,SN,4165.994598971797,10,4159.0,4150.0,4157.5,4150.428571426229,14.491376746189438,209.99999999999997,4150.0,4180.0,4150.0,4172.5,22.5,0.0,0.0034843416076435294,0,0,4152.925,4168.0,6.9945989717971315,-6.9945989717971315,-0.0016789745655271511,-0.001680385622963848
IT--TH,IT,TH,8841.845377807338,10,8824.0,8830.0,8824.375,8829.333333333334,7.745966692414834,60.00000000000001,8815.0,8830.0,8815.0,8830.0,15.0,0.0,0.000877829407571944,0,0,8819.5,8828.5,17.84537780733808,-17.84537780733808,-0.002018286573086794,-0.002020326058071147
IT--TR,IT,TR,1726.7217900116748,10,1768.0,1712.5,1761.25,1744.3396424651526,165.63346414431007,27434.44444444445,1600.0,1990.0,1621.25,1942.5,321.25,112.5,0.09368408605447402,0,0,1670.0,1862.5,41.278209988325216,41.278209988325216,0.023905536043560396,0.02362427240456656
IT--TZ,IT,TZ,5825.804280617088,10,5429.5,5417.5,5425.625,5425.995111111379,66.89336456048703,4474.722222222222,5340.0,5550.0,5381.25,5480.0,98.75,60.0,0.012320354463668299,0,0,5391.9875,5472.5,396.3042806170879,-396.3042806170879,-0.06802567706155588,-0.07045001517129942
IT--UA,IT,UA,1678.2650237565786,10,1674.5,1675.0,1674.375,1674.2587000088272,3.689323936863109,13.61111111111111,1670.0,1680.0,1671.25,1675.0,3.75,2.5,0.0022032391381684737,0,0,1672.5,1676.5,3.7650237565785574,-3.7650237565785574,-0.002243402384774152,-0.0022459225818203758
IT--US,IT,US,7232.448171181223,10,7215.0,7215.0,7215.0,7215.0,0.0,0.0,7215.0,7215.0,7215.0,7215.0,0.0,0.0,0.0,0,0,7215.0,7215.0,17.448171181223188,-17.448171181223188,-0.0024124847863753866,-0.002415399516569416
IT--VN,IT,VN,8746.234564268761,10,8730.0,8730.0,8730.0,8730.0,2.3570226039551585,5.555555555555556,8725.0,8735.0,8730.0,8730.0,0.0,0.0,0.00026999113447367224,2,0,8728.5,8731.5,16.23456426876146,-16.23456426876146,-0.001856177552690501,-0.0018579023849711947
IT--ZA,IT,ZA,7658.184796684193,10,7736.5,7730.0,7730.625,7732.352499939234,46.311145766675025,2144.722222222222,7670.0,7850.0,7726.25,7745.0,18.75,12.5,0.005986059040480195,2,0,7712.5,7765.0375,78.31520331580668,78.31520331580668,0.010226340235314673,0.010174404989569378
JP--KE,JP,KE,11264.009284773352,10,11266.0,11260.0,11263.75,11261.206499999964,18.973665961010276,360.0,11250.0,11300.0,11252.5,11267.5,15.0,10.0,0.0016841528458201914,2,0,11257.0,11279.0,1.9907152266478079,1.9907152266478079,0.00017673238509656147,0.00017671676976834774
JP--KR,JP,KR,1158.5480184415178,10,1150.0,1150.0,1150.0,1150.0,0.0,0.0,1150.0,1150.0,1150.0,1150.0,0.0,0.0,0.0,0,0,1150.0,1150.0,8.548018441517797,-8.548018441517797,-0.00737821678985444,-0.0074055704619557915
JP--MA,JP,MA,11544.941282910848,10,11336.0,11570.0,11370.0,11554.208800074977,370.7409997409093,137448.88888888888,10800.0,11600.0,10975.0,11570.0,595.0,20.0,0.0327047459192757,0,0,11104.0,11552.175,208.9412829108478,-208.9412829108478,-0.018098081037460856,-0.018263854472781064
JP--MX,JP,MX,11318.783890147193,10,11304.0,11300.0,11303.75,11300.666666666666,5.163977794943222,26.666666666666664,11300.0,11310.0,11300.0,11310.0,10.0,0.0,0.0004568274765519482,0,0,11301.0,11307.0,14.783890147193233,-14.783890147193233,-0.0013061376814573124,-0.0013069914227621566
JP--MY,JP,MY,5316.516912091379,10,5330.0,5330.0,5330.0,5330.0,0.0,0.0,5330.0,5330.0,5330.0,5330.0,0.0,0.0,0.0,0,0,5330.0,5330.0,13.4830879086212,13.4830879086212,0.002536075429000621,0.0025328650164632253
JP--NG,JP,NG,12973.378381681048,10,13451.0,13550.0,13526.25,13541.724666667635,267.55892393597674,71587.77777777778,12700.0,13600.0,13507.5,13550.0,42.5,10.0,0.019891377885359954,2,0,13279.0,13555.0,477.62161831895173,477.62161831895173,0.03681551591784091,0.03615401170243058
JP--NL,JP,NL,9314.952522971289,10,9295.2,9290.0,9293.625,9290.666666666666,8.816650913659524,77.73333333333332,9290.0,9313.0,9290.0,9294.75,4.75,0.0,0.0009485165368856532,2,0,9290.5,9300.9,19.752522971288272,-19.752522971288272,-0.002120517836518999,-0.0021227693179005406
JP--NO,JP,NO,8428.362013784,10,8386.3,8389.0,8386.625,8388.678266666666,4.620004810002307,21.344444444444452,8380.0,8390.0,8381.25,8390.0,8.75,1.0,0.0005508990627573908,0,0,8383.5,8388.8,42.062013784001465,-42.062013784001465,-0.004990532408932122,-0.005003026701910785
JP--NZ,JP,NZ,9244.785239978763,10,9189.5,9192.5,9188.125,9189.499999999929,140.72135587749287,19802.499999999996,9050.0,9340.0,9050.0,9322.5,272.5,142.5,0.015313276661134216,0,0,9107.4875,9269.0,55.28523997876255,-55.28523997876255,-0.005980154059142812,-0.005998106789606804
JP--PE,JP,PE,15493.501413507556,10,15487.0,15487.5,15490.0,15489.87561111113,14.944341180973263,223.33333333333334,15450.0,15500.0,15485.0,15498.75,13.75,7.5,0.0009649603655306556,1,0,15478.0,15495.0,6.501413507556208,-6.501413507556208,-0.0004196219649799845,-0.00041971003091389683
JP--PH,JP,PH,2993.700049787857,10,2999.5,3000.0,3000.0,2999.8888888888887,1.5811388300841898,2.5000000000000004,2995.0,3000.0,3000.0,3000.0,0.0,0.0,0.0005271341323834605,1,0,2998.5,3000.0,5.799950212142903,5.799950212142903,0.0019373852141779887,0.0019355109038941578
JP--PK,JP,PK,5982.697041375959,10,5830.0,5830.0,5830.0,5830.0,0.0,0.0,5830.0,5830.0,5830.0,5830.0,0.0,0.0,0.0,0,0,5830.0,5830.0,152.6970413759591,-152.6970413759591,-0.025523111118600172,-0.025854476189118458
JP--PL,JP,PL,8602.084790962797,10,8600.0,8600.0,8600.0,8600.0,0.0,0.0,8600.0,8600.0,8600.0,8600.0,0.0,0.0,0.0,0,0,8600.0,8600.0,2.084790962797342,-2.084790962797342,-0.00024235880178577034,-0.00024238817542627343
JP--PT,JP,PT,11169.099580139571,10,11150.0,11150.0,11150.0,11150.0,0.0,0.0,11150.0,11150.0,11150.0,11150.0,0.0,0.0,0.0,0,0,11150.0,11150.0,19.099580139571117,-19.099580139571117,-0.001710037590991954,-0.001711501374260907
JP--RU,JP,RU,7500.447385335149,10,7488.0,7480.0,7487.5,7480.666666666667,10.327955589886445,106.66666666666666,7480.0,7500.0,7480.0,7500.0,20.0,0.0,0.0013792675734356898,0,0,7482.0,7494.0,12.447385335149193,-12.447385335149193,-0.0016595523834333243,-0.0016609309659209941
JP--SA,JP,SA,8708.898067343061,10,8664.0,8665.0,8663.75,8664.655285714314,9.66091783079296,93.33333333333334,8650.0,8680.0,8660.0,8670.0,10.0,5.0,0.0011150643849022345,0,0,8658.0,8670.0,44.898067343061484,-44.898067343061484,-0.005155424600894328,-0.005168759653953737
JP--SE,JP,SE,8189.5682624323,10,8170.0,8170.0,8170.0,8170.0,0.0,0.0,8170.0,8170.0,8170.0,8170.0,0.0,0.0,0.0,0,0,8170.0,8170.0,19.56826243229989,-19.56826243229989,-0.002389413190688531,-0.002392272393839643
JP--SG,JP,SG,5313.463059765426,10,5310.0,5310.0,5310.0,5310.0,10.540925533894598,111.1111111111111,5300.0,5320.0,5300.0,5320.0,20.0,10.0,0.001985108386797476,0,0,5304.0,5316.0,3.4630597654258963,-3.4630597654258963,-0.0006517519227053364,-0.0006519644053187494
JP--SN,JP,SN,13935.316154449201,10,13910.0,13900.0,13900.0,13899.565,119.72189997378648,14333.333333333334,13800.0,14100.0,13800.0,13975.0,175.0,100.0,0.008606894318748129,0,0,13840.0,13980.25,25.31615444920135,-25.31615444920135,-0.001816690354823312,-0.001818342538052787
JP--TH,JP,TH,4607.791688159286,10,4600.0,4600.0,4600.0,4600.0,0.0,0.0,4600.0,4600.0,4600.0,4600.0,0.0,0.0,0.0,0,0,4600.0,4600.0,7.791688159286423,-7.791688159286423,-0.0016909809918944133,-0.0016924123140385442
JP--TR,JP,TR,8787.214872935936,10,8767.0,8780.0,8771.25,8771.149777777908,30.203016773531452,912.2222222222223,8700.0,8800.0,8750.0,8780.0,30.0,20.0,0.0034450800471690947,1,0,8747.0,8784.0,20.214872935936,-20.214872935936,-0.00230048692654558,-0.002303137111853128
JP--TZ,JP,TZ,11676.47018662645,10,11409.5,11405.0,11411.875,11411.07887484894,35.62536549520112,1269.1666666666667,11350.0,11450.0,11400.0,11443.75,43.75,32.5,0.003122430035952594,0,0,11389.9875,11428.5,266.9701866264495,-266.9701866264495,-0.022863946240553216,-0.023129379971974656
JP--UA,JP,UA,8224.583581872374,10,8200.0,8200.0,8200.0,8200.0,0.0,0.0,8200.0,8200.0,8200.0,8200.0,0.0,0.0,0.0,0,0,8200.0,8200.0,24.583581872373543,-24.583581872373543,-0.0029890366640029876,-0.0029935127557859085
JP--US,JP,US,10926.417792606868,10,10901.5,10900.0,10900.0,10900.111111111111,4.743416490252569,22.5,10900.0,10915.0,10900.0,10900.0,0.0,0.0,0.0004351159464525587,1,0,10900.0,10904.5,24.917792606867806,-24.917792606867806,-0.0022805088620835925,-0.002283113182622755
JP--VN,JP,VN,3673.3588744790786,10,3724.8,3725.0,3724.875,3724.8,0.4216370213557839,0.17777777777777778,3724.0,3725.0,3725.0,3725.0,0.0,0.0,0.00011319722437601586,2,0,3724.5,3725.0,51.44112552092156,51.44112552092156,0.014003838796778727,0.013906690957465048
JP--ZA,JP,ZA,13501.046885089567,10,13511.0,13505.0,13508.75,13506.608666666687,13.703203194062977,187.7777777777778,13500.0,13540.0,13500.0,13520.0,20.0,5.0,0.0010142256823375752,0,0,13504.0,13520.0,9.953114910433214,9.953114910433214,0.0007372106026404029,0.0007369389963832472
KE--KR,KE,KR,10114.909688283768,10,10048.0,10100.0,10070.0,10097.776099973013,103.33870953756336,10678.888888888889,9800.0,10120.0,10006.25,10100.0,93.75,7.5,0.010284505328181067,1,0,9978.475,10103.5,66.90968828376754,-66.90968828376754,-0.006614956568645383,-0.006636932360063815
KE--MA,KE,MA,6004.034142085109,10,6160.0,6125.0,6155.0,6140.611571428123,241.7528581929166,58444.44444444444,5830.0,6530.0,5982.5,6300.0,317.5,185.0,0.03924559386248646,0,0,6030.0,6303.0,155.96585791489088,155.96585791489088,0.02597684393925287,0.02564517723390081
KE--MX,KE,MX,14829.575444959697,10,14316.0,14325.0,14326.25,14324.770555555539,45.01851470969102,2026.6666666666665,14200.0,14350.0,14305.0,14347.5,42.5,25.0,0.003144629415317897,1,0,14286.0,14338.0,513.575444959697,-513.575444959697,-0.034631837362158066,-0.03524573471487281
KE--MY,KE,MY,7236.589136086184,10,7367.5,7360.0,7369.375,7368.895600106896,45.0462725057986,2029.1666666666667,7290.0,7430.0,7350.0,7406.25,56.25,30.0,0.006114186970586848,0,0,7343.0,7394.0125,130.91086391381577,130.91086391381577,0.018090133549383353,0.017928454041311454
KE--NG,KE,NG,3444.024949628264,10,3474.5,3480.0,3475.625,3477.931166666627,15.71446608843089,246.94444444444446,3440.0,3500.0,3471.25,3480.0,8.75,2.5,0.004522799277142291,2,0,3465.0,3483.5,30.47505037173596,30.47505037173596,0.008848672938628198,0.008809752857779058
KE--NL,KE,NL,6651.25998464762,10,6673.5,6677.5,6675.625,6676.6956666666665,9.44281031614353,89.16666666666669,6650.0,6680.0,6670.0,6680.0,10.0,2.5,0.0014149712019395416,1,0,6667.9875,6678.0125,22.240015352380397,22.240015352380397,0.0033437296698241546,0.00333815183615861
KE--NO,KE,NO,7154.024015085028,10,7035.5,7022.5,7031.875,7033.1438749973495,79.59794804725391,6335.833333333332,6950.0,7150.0,6965.0,7110.0,145.0,67.5,0.011313758517127981,0,0,6987.5,7083.0,118.52401508502771,-118.52401508502771,-0.016567461170818983,-0.016706236460196953
KE--NZ,KE,NZ,13676.249196022416,10,13735.5,13660.0,13716.25,13719.613333330393,242.4922679179689,58802.5,13450.0,14175.0,13585.0,13925.0,340.0,200.0,0.017654418690107306,0,0,13595.0,13882.5875,59.25080397758393,59.25080397758393,0.004332386981864615,0.004323029211304438
KE--PE,KE,PE,12580.253595968305,10,12751.0,12795.0,12761.25,12765.579999999249,151.6904743218901,23009.999999999996,12480.0,12940.0,12625.0,12850.0,225.0,100.0,0.011896359055908563,0,0,12650.0,12832.025,170.74640403169542,170.74640403169542,0.013572572502546046,0.013481290170266036
KE--PH,KE,PH,9425.033674849916,10,9456.0,9310.0,9433.75,9368.48699998558,319.8332899079352,102293.33333333331,9150.0,9940.0,9210.0,9730.0,520.0,155.0,0.03382331746065304,0,0,9279.975,9654.025,30.96632515008423,30.96632515008423,0.0032855400010628967,0.0032801544076778524
KE--PK,KE,PK,5427.814219869003,10,5163.0,5177.5,5168.75,5172.586999999486,49.17090377222873,2417.777777777778,5050.0,5230.0,5152.5,5188.75,36.25,15.0,0.009523707877634851,1,0,5132.5,5190.0,264.81421986900295,-264.81421986900295,-0.04878837210375157,-0.05001870923090483
KE--PL,KE,PL,6115.97738809343,10,6143.0,6165.0,6141.25,6146.208800212917,117.9500836041341,13912.222222222223,5950.0,6350.0,6065.0,6177.5,112.5,60.0,0.019200729872071314,1,0,6080.975,6212.0,27.02261190657009,27.02261190657009,0.004418363605983509,0.004408631294237189
KE--PT,KE,PT,6454.518927958417,10,6289.5,6150.0,6276.875,6174.358500132487,204.18469308175108,41691.38888888888,6100.0,6580.0,6135.0,6475.0,340.0,37.5,0.03246437603652931,0,0,6176.0,6414.0,165.0189279584174,-165.0189279584174,-0.02556641785395048,-0.02589891818478864
KE--RU,KE,RU,6323.293987631122,10,6413.0,6405.0,6416.25,6409.9420000002565,31.287200080686173,978.8888888888888,6350.0,6450.0,6400.0,6442.5,42.5,10.0,0.004878715122514607,0,0,6393.0,6430.0,89.70601236887796,89.70601236887796,0.014186595237284591,0.014086907211258378
KE--SA,KE,SA,3062.992722793242,10,3135.5,3135.0,3133.75,3133.333333333727,76.02813806596724,5780.277777777777,3015.0,3270.0,3112.5,3150.0,37.5,20.0,0.024247532472003584,4,0,3093.975,3181.025,72.50727720675786,72.50727720675786,0.02367203704638127,0.023396198996007894
KE--SE,KE,SE,6920.326031054763,10,6944.5,6935.0,6943.125,6939.941999999542,28.131635019829346,791.3888888888889,6900.0,7000.0,6930.0,6957.5,27.5,10.0,0.004050923035471142,1,0,6929.4875,6961.0125,24.173968945236993,24.173968945236993,0.003493183534526698,0.003487096540130697
KE--SG,KE,SG,7467.562130900984,10,7396.5,7400.0,7398.75,7400.0,15.643600040343086,244.7222222222222,7360.0,7415.0,7400.0,7400.0,0.0,0.0,0.00211500034345205,4,0,7386.0,7404.5,71.0621309009839,-71.0621309009839,-0.009516108424050037,-0.009561675897581388
KE--SN,KE,SN,6234.6746306605155,10,5780.0,5800.0,5787.5,5799.750000002139,42.16370213557839,1777.7777777777776,5700.0,5800.0,5800.0,5800.0,0.0,0.0,0.007294758154944358,2,0,5750.0,5800.0,454.6746306605155,-454.6746306605155,-0.07292676163476813,-0.07572271074933819
KE--TH,KE,TH,7217.238507509993,10,7266.0,7250.0,7261.25,7254.9652000359565,39.21450978627398,1537.7777777777776,7220.0,7350.0,7250.0,7267.5,17.5,10.0,0.00539698730887338,3,0,7245.0,7290.0,48.761492490007186,48.761492490007186,0.006756253439493203,0.006733532241923718
KE--TR,KE,TR,4581.087860826578,10,4598.0,4565.0,4590.0,4589.434499984723,157.11283984590327,24684.44444444445,4430.0,4830.0,4455.0,4725.0,270.0,130.0,0.034169821628078134,0,0,4506.0,4690.025,16.912139173421565,16.912139173421565,0.0036917299312329848,0.0036849322213594825
KE--TZ,KE,TZ,554.7964784891632,10,682.0,682.5,682.5,682.0978333328922,7.888106377466155,62.22222222222222,670.0,690.0,675.0,690.0,15.0,7.5,0.011566138383381459,0,0,677.5,686.5,127.20352151083682,127.20352151083682,0.2292796123314281,0.2064283167748349
KE--UA,KE,UA,5762.3271818541925,10,5687.0,5820.0,5702.5,5807.014666662818,206.5618013519871,42667.77777777778,5400.0,5850.0,5462.5,5845.0,382.5,30.0,0.03632175160049008,0,0,5557.0,5796.025,75.32718185419253,-75.32718185419253,-0.0130723541855452,-0.013158549414628544
KE--US,KE,US,12147.187581604869,10,12134.0,12140.0,12141.25,12141.250000000033,30.983866769659336,960.0000000000001,12050.0,12160.0,12132.5,12150.0,17.5,10.0,0.0025534750922745456,1,0,12114.0,12148.0,13.187581604868683,-13.187581604868683,-0.0010856489632908393,-0.0010862387070017041
KE--VN,KE,VN,7897.709339783662,10,8110.0,8090.0,8093.75,8092.75771428644,85.24474568362947,7266.666666666666,8030.0,8320.0,8052.5,8137.5,85.0,40.0,0.010511066052235446,1,0,8067.0,8165.025,212.29066021633844,212.29066021633844,0.026880029522858284,0.02652510768941145
KE--ZA,KE,ZA,2855.2050138214963,10,2915.0,2915.0,2915.0,2915.0,0.0,0.0,2915.0,2915.0,2915.0,2915.0,0.0,0.0,0.0,0,0,2915.0,2915.0,59.79498617850368,59.79498617850368,0.020942449277389082,0.02072617057855877
KR--MA,KR,MA,10756.784508836095,10,10614.0,10625.0,10623.75,10616.975999999784,168.60209567697154,28426.666666666668,10350.0,10800.0,10467.5,10765.0,297.5,160.0,0.015884878055113204,0,0,10517.0,10707.025,142.78450883609548,-142.78450883609548,-0.013273902504861561,-0.013362788198356672
KR--MX,KR,MX,12067.859883839203,10,12099.0,12100.0,12100.0,12099.888888888889,3.1622776601683795,10.000000000000002,12090.0,12100.0,12100.0,12100.0,0.0,0.0,0.0002613668617380262,1,0,12097.0,12100.0,31.140116160797334,31.140116160797334,0.0025804174443969916,0.0025770938835252746
KR--MY,KR,MY,4601.299368792894,10,4608.5,4610.0,4608.75,4609.857142857143,4.743416490252569,22.5,4600.0,4615.0,4610.0,4610.0,0.0,0.0,0.0010292755756216923,3,0,4606.0,4611.0,7.200631207106198,7.200631207106198,0.0015649125670767242,0.00156368936737284
KR--NG,KR,NG,11887.41498494817,10,11795.5,11825.0,11781.875,11786.666356334383,282.63099224568026,79880.27777777778,11350.0,12350.0,11627.5,11937.5,310.0,167.5,0.023960916641573505,0,0,11632.0,11963.5125,91.91498494816915,-91.91498494816915,-0.007732125534824164,-0.007762173406962498
KR--NL,KR,NL,8579.921511952483,10,8551.6,8550.0,8550.75,8550.375,3.3399933466334266,11.155555555555557,8550.0,8560.0,8550.0,8550.75,0.75,0.0,0.0003905694076703104,2,0,8550.1,8553.6025,28.32151195248298,-28.32151195248298,-0.0033009057149332843,-0.0033063657228278084
KR--NO,KR,NO,7736.93982941218,10,7680.5,7685.0,7681.875,7682.881999999992,15.890248582070704,252.50000000000003,7650.0,7700.0,7675.0,7690.0,15.0,10.0,0.0020689080895867074,1,0,7671.0,7689.5,56.43982941218019,-56.43982941218019,-0.007294851796264809,-0.007321589337920713
KR--NZ,KR,NZ,9994.193199560701,10,9693.5,9650.0,9667.5,9652.22390000018,95.39537608174611,9100.277777777777,9645.0,9950.0,9650.0,9670.0,20.0,2.5,0.009841169451874566,2,0,9653.0,9761.025,300.69319956070103,-300.69319956070103,-0.030086790755047454,-0.03054868649303922
KR--PE,KR,PE,16309.70237354757,10,16300.0,16300.0,16300.0,16300.0,0.0,0.0,16300.0,16300.0,16300.0,16300.0,0.0,0.0,0.0,0,0,16300.0,16300.0,9.70237354757046,-9.70237354757046,-0.000594883543877942,-0.0005950605572983835
KR--PH,KR,PH,2612.8130222238005,10,2617.5,2620.0,2618.125,2619.5714285737718,4.249182927993988,18.055555555555557,2610.0,2620.0,2616.25,2620.0,3.75,0.0,0.0016233745665688588,2,0,2615.0,2619.5,4.6869777761994555,4.6869777761994555,0.0017938435457621478,0.0017922365299649918
KR--PK,KR,PK,4828.37891716201,10,4303.5,4300.0,4301.875,4300.142857142857,11.067971810589327,122.49999999999999,4290.0,4330.0,4300.0,4300.0,0.0,0.0,0.002571853563515587,3,0,4298.0,4310.5,524.8789171620101,-524.8789171620101,-0.10870706839025791,-0.11508213830466626
KR--PL,KR,PL,7760.66724715256,10,7697.5,7725.0,7725.625,7725.142857142857,90.50015346825539,8190.277777777778,7440.0,7730.0,7725.0,7725.0,0.0,0.0,0.011757083919227721,3,0,7640.0,7727.0,63.16724715255987,-63.16724715255987,-0.008139409298309542,-0.008172715139875567
KR--PT,KR,PT,10442.178115737892,10,10415.0,10415.0,10415.0,10415.0,15.811388300841896,250.0,10400.0,10430.0,10400.0,10430.0,30.0,15.0,0.0015181361786694091,0,0,10406.0,10424.0,27.178115737891858,-27.178115737891858,-0.002602724779893426,-0.0026061177566351584
KR--RU,KR,RU,6623.6510029551755,10,6600.0,6600.0,6600.0,6600.0,0.0,0.0,6600.0,6600.0,6600.0,6600.0,0.0,0.0,0.0,0,0,6600.0,6600.0,23.6510029551755,-23.6510029551755,-0.0035706897819078156,-0.003577079910646935
KR--SA,KR,SA,7561.8622427533055,10,7473.5,7470.0,7473.75,7473.546571428531,13.343745934165396,178.05555555555554,7450.0,7495.0,7470.0,7480.0,10.0,10.0,0.00178547480218979,1,0,7465.5,7481.0,88.36224275330551,-88.36224275330551,-0.011685248939569738,-0.01175405802037078
KR--SE,KR,SE,7449.1900939572515,10,7416.0,7410.0,7415.0,7413.706500000093,15.599145275730121,243.33333333333337,7400.0,7440.0,7402.5,7425.0,22.5,10.0,0.002103444616468463,0,0,7407.9875,7425.5,33.19009395725152,-33.19009395725152,-0.004455530539377048,-0.004465485997809257
KR--SG,KR,SG,4664.185115043959,10,4650.0,4650.0,4650.0,4650.0,0.0,0.0,4650.0,4650.0,4650.0,4650.0,0.0,0.0,0.0,0,0,4650.0,4650.0,14.185115043958831,-14.185115043958831,-0.003041284746226274,-0.003045918850819581
KR--SN,KR,SN,13134.589981893088,10,12928.0,12900.0,12922.5,12923.92499999812,137.2588794941879,18839.999999999996,12750.0,13150.0,12807.5,13050.0,242.5,125.0,0.010617178178696465,0,0,12846.0,13005.0,206.5899818930884,-206.5899818930884,-0.0157286966839381,-0.01585370518011538
KR--TH,KR,TH,3719.513508661133,10,3720.0,3720.0,3720.0,3720.0,0.0,0.0,3720.0,3720.0,3720.0,3720.0,0.0,0.0,0.0,0,0,3720.0,3720.0,0.4864913388669265,0.4864913388669265,0.00013079434655475757,0.00013078579371994048
KR--TR,KR,TR,7765.002447792769,10,7386.0,7385.0,7387.5,7386.417888888734,14.298407059684811,204.44444444444443,7360.0,7400.0,7380.0,7400.0,20.0,15.0,0.0019358796452321704,0,0,7377.0,7394.0,379.0024477927691,-379.0024477927691,-0.04880905709186247,-0.050040455404326986
KR--TZ,KR,TZ,10537.870724122911,10,10331.0,10345.0,10316.25,10317.30466666724,165.9618430041476,27543.333333333336,10130.0,10650.0,10175.0,10432.5,257.5,110.0,0.01606445097320178,0,0,10244.975,10426.0,206.87072412291127,-206.87072412291127,-0.019631169288246278,-0.01982642025324106
KR--UA,KR,UA,7313.668925959538,10,7251.0,7230.0,7233.125,7230.666666666667,57.77350411544879,3337.777777777778,7230.0,7415.0,7230.0,7238.75,8.75,0.0,0.007967660200723871,1,0,7231.0,7287.5125,62.66892595953777,-62.66892595953777,-0.008568739793114951,-0.00860566251604201
KR--US,KR,US,11188.89291648359,10,11149.0,11150.0,11150.0,11149.888888888889,3.1622776601683795,10.000000000000002,11140.0,11150.0,11150.0,11150.0,0.0,0.0,0.00028363778456977123,1,0,11147.0,11150.0,39.89291648358994,-39.89291648358994,-0.003565403367550269,-0.003571774566574692
KR--VN,KR,VN,2740.7404572606933,10,2740.0,2740.0,2740.0,2740.0,0.0,0.0,2740.0,2740.0,2740.0,2740.0,0.0,0.0,0.0,0,0,2740.0,2740.0,0.740457260693347,-0.740457260693347,-0.0002701668663049609,-0.0002702033679473171
KR--ZA,KR,ZA,12439.33130876874,10,12438.5,12440.0,12438.75,12439.310571463277,14.539218991709593,211.3888888888889,12415.0,12460.0,12430.0,12450.0,20.0,10.0,0.0011688884505132928,0,0,12430.0,12447.0,0.8313087687402003,-0.8313087687402003,-6.682905600835582e-05,-6.6831289169268e-05
MA--MX,MA,MX,9030.70859335305,10,9036.0,9047.5,9040.0,9045.776099999883,26.645825188948457,710.0000000000001,8980.0,9060.0,9018.75,9050.0,31.25,7.5,0.0029488518358730034,0,0,9018.9875,9051.0,5.291406646949326,5.291406646949326,0.0005859348236354349,0.0005857632308515267
MA--MY,MA,MY,11510.602148512982,10,11290.5,11247.5,11288.125,11270.68450000859,170.98489212013246,29235.833333333336,11050.0,11550.0,11162.5,11400.0,237.5,97.5,0.015144138179897477,0,0,11192.0,11396.025,220.10214851298224,-220.10214851298224,-0.019121688481033683,-0.01930687245357575
MA--NG,MA,NG,3128.743164350726,10,3141.0,3150.0,3142.5,3149.3333333333335,11.972189997378647,143.33333333333334,3120.0,3150.0,3130.0,3150.0,20.0,0.0,0.003811585481495908,0,0,3134.0,3148.0,12.256835649273853,12.256835649273853,0.0039174949829470515,0.003909841581073599
MA--NL,MA,NL,2242.2927982728406,10,2286.0,2282.5,2285.0,2283.304333333302,7.378647873726218,54.44444444444444,2280.0,2300.0,2280.0,2290.0,10.0,2.5,0.0032277549753832978,0,0,2282.0,2290.5,43.70720172715937,43.70720172715937,0.019492191992421994,0.01930465233940805
MA--NO,MA,NO,3151.447797422512,10,3154.0,3145.0,3151.875,3149.1666666666597,53.061808822877076,2815.5555555555557,3085.0,3240.0,3120.0,3181.25,61.25,35.0,0.01682365530211702,0,0,3125.5,3188.0,2.5522025774880603,2.5522025774880603,0.0008098508182732524,0.0008095230660409709
MA--NZ,MA,NZ,19184.614067775434,10,19509.0,19490.0,19511.25,19508.999999999407,115.32080856848381,13298.888888888889,19350.0,19650.0,19450.0,19607.5,157.5,115.0,0.005911159391485151,0,0,19437.95,19582.0,324.3859322245662,324.3859322245662,0.016908650394455427,0.016767290411141816
MA--PE,MA,PE,8994.063367057093,10,9265.0,9207.5,9280.0,9280.0000000153,281.7209020762689,79366.66666666669,8750.0,9660.0,9097.5,9508.75,411.25,205.0,0.030407005081086767,0,0,9101.4625,9431.0125,270.9366329429067,270.9366329429067,0.030123940858063875,0.029679125932517782
MA--PH,MA,PH,12306.704272957739,10,11840.0,11892.5,11851.875,11864.829285713857,144.85625058427175,20983.33333333333,11565.0,12020.0,11770.0,11942.5,172.5,75.0,0.012234480623671601,0,0,11748.0,11918.525,466.7042729577388,-466.7042729577388,-0.037922766534924886,-0.03866054727181001
MA--PK,MA,PK,7189.637834826475,10,6988.5,7027.5,7010.0,7011.886785332403,207.94029591848394,43239.16666666667,6540.0,7265.0,6875.0,7126.25,251.25,112.5,0.029754639181295547,0,0,6848.975,7102.0375,201.13783482647523,-201.13783482647523,-0.027976073266467918,-0.028374858843666154
MA--PL,MA,PL,3003.7613829081456,10,2963.0,2972.5,2961.875,2967.9891666667136,44.35964131705505,1967.7777777777776,2885.0,3050.0,2937.5,2978.75,41.25,12.5,0.014971191804608522,1,0,2937.475,2989.5125,40.761382908145606,-40.761382908145606,-0.013570113505048706,-0.013663029035691002
MA--PT,MA,PT,561.1139331622182,10,529.4,550.0,536.875,548.7760999735622,45.79471099980385,2097.1555555555556,443.0,556.0,543.0,555.0,12.0,6.0,0.0865030430672532,2,0,505.58500000000004,552.3025,31.713933162218268,-31.713933162218268,-0.05651959662361433,-0.05817968452555055
MA--RU,MA,RU,4154.088683247983,10,3940.5,3895.0,3920.625,3903.143875014424,145.99181864444017,21313.61111111111,3810.0,4230.0,3832.5,3967.5,135.0,67.5,0.03704905941998228,1,0,3859.4875,4029.0125,213.58868324798277,-213.58868324798277,-0.05141649577904121,-0.05278545529458063
MA--SA,MA,SA,5250.266926333236,10,4933.5,4930.0,4923.125,4922.499999997976,75.42656472799663,5689.166666666666,4850.0,5100.0,4881.25,4950.0,68.75,42.5,0.01528865201743116,1,0,4893.5,4982.5,316.76692633323637,-316.76692633323637,-0.06033348985447965,-0.06223024310707352
MA--SE,MA,SE,3357.2928975060963,10,3484.5,3470.0,3485.625,3484.5000000014475,79.9114092813619,6385.833333333332,3380.0,3580.0,3430.0,3567.5,137.5,80.0,0.022933393393991076,0,0,3439.0,3533.0,127.20710249390368,127.20710249390368,0.037889783935264376,0.03718959792617684
MA--SG,MA,SG,11826.42016648286,10,11482.5,11455.0,11475.625,11458.671699999135,82.43684451344151,6795.833333333332,11370.0,11650.0,11442.5,11527.5,85.0,22.5,0.007179346354316701,0,0,11438.5,11534.5125,343.9201664828597,-343.9201664828597,-0.02908066529359074,-0.029511888594405247
MA--SN,MA,SN,2391.787943560576,10,2316.5,2300.0,2310.0,2300.25,34.805012410411365,1211.3888888888891,2300.0,2385.0,2300.0,2300.0,0.0,0.0,0.01502482728703275,2,0,2300.0,2340.5125,75.28794356057597,-75.28794356057597,-0.0314776833637255,-0.031983753926348
MA--TH,MA,TH,10705.56891983213,10,10198.0,10240.0,10211.875,10232.499999999238,152.6834051959224,23312.222222222226,9910.0,10375.0,10193.75,10257.5,63.75,37.5,0.01497189695978843,3,0,10095.5,10281.05,507.56891983213063,-507.56891983213063,-0.04741167177877452,-0.048572443240066925
MA--TR,MA,TR,3564.835480066176,10,3420.0,3430.0,3430.0,3430.0,35.276684147527874,1244.4444444444443,3320.0,3440.0,3430.0,3430.0,0.0,0.0,0.010314819926177742,2,0,3397.0,3433.0,144.83548006617593,-144.83548006617593,-0.040628938102772495,-0.04147735307782476
MA--TZ,MA,TZ,6314.658277637436,10,6025.0,6027.5,6023.75,6029.509428131935,126.57891697365017,16022.222222222223,5840.0,6220.0,5957.5,6116.25,158.75,90.0,0.021008948875294635,0,0,5951.4875,6093.5,289.6582776374362,-289.6582776374362,-0.0458707763590667,-0.04695616215674518
MA--UA,MA,UA,3528.2254241343594,10,3512.0,3545.0,3516.25,3522.3168574846177,102.5020325001737,10506.666666666664,3340.0,3650.0,3450.0,3567.5,117.5,70.0,0.02918622793285128,0,0,3454.95,3571.025,16.2254241343594,-16.2254241343594,-0.004598749281542934,-0.004609356060123144
MA--US,MA,US,6156.291767126741,10,6141.0,6145.0,6141.875,6142.126833333213,13.498971154211057,182.2222222222222,6115.0,6160.0,6131.25,6150.0,18.75,7.5,0.0021981714955562706,0,0,6132.5,6148.0,15.291767126741433,-15.291767126741433,-0.0024839250160942896,-0.002487015075882208
MA--VN,MA,VN,10647.136952745917,10,10263.0,10240.0,10253.75,10254.999999999676,91.29317852087551,8334.444444444447,10150.0,10450.0,10222.5,10300.0,77.5,60.0,0.008895369630797576,1,0,10212.0,10323.0,384.13695274591737,-384.13695274591737,-0.036078896556961046,-0.03674583062231633
MA--ZA,MA,ZA,7578.285436291664,10,7603.0,7580.0,7606.25,7604.185000004607,104.46158251827426,10912.22222222222,7450.0,7730.0,7570.0,7702.5,132.5,100.0,0.013739521572836283,0,0,7536.0,7662.075,24.714563708335845,24.714563708335845,0.0032612342087275084,0.0032559279180200294
MX--MY,MX,MY,16634.32204066329,10,16592.0,16600.0,16596.25,16599.57142857377,16.193277068654826,262.22222222222223,16550.0,16600.0,16592.5,16600.0,7.5,0.0,0.0009759689650828608,2,0,16582.0,16600.0,42.322040663289954,-42.322040663289954,-0.0025442600281413317,-0.002547502158068666
MX--NG,MX,NG,11398.49344176858,10,10200.0,10225.0,10225.0,10222.415555556932,152.75252316519467,23333.333333333336,9850.0,10350.0,10125.0,10300.0,175.0,100.0,0.014975737565215164,1,0,10100.0,10285.0,1198.49344176858,-1198.49344176858,-0.10514489900716413,-0.11109347214625832
MX--NL,MX,NL,9230.824470291544,10,9217.9,9220.0,9219.25,9219.271749999989,8.143845665422585,66.32222222222224,9200.0,9225.0,9215.0,9224.75,9.75,5.0,0.0008834816677792758,1,0,9212.5,9222.2,12.924470291543912,-12.924470291543912,-0.0014001425694031976,-0.0014011236849185674
MX--NO,MX,NO,9207.206656401106,10,9372.5,9427.5,9380.625,9402.803214678288,179.72587150682813,32301.388888888894,9120.0,9560.0,9190.0,9517.5,327.5,112.5,0.019175873193579954,0,0,9275.4875,9481.0,165.29334359889435,165.29334359889435,0.017952604928659643,0.017793359999979438
MX--NZ,MX,NZ,11096.668791733968,10,11464.0,11395.0,11448.75,11431.455999982172,310.34747551020223,96315.55555555558,11100.0,11950.0,11205.0,11625.0,420.0,240.0,0.02707148251135749,0,0,11290.95,11649.0,367.33120826603226,367.33120826603226,0.03310283609975467,0.032566736102051616
MX--PE,MX,PE,4242.004305490678,10,4250.0,4250.0,4250.0,4250.0,0.0,0.0,4250.0,4250.0,4250.0,4250.0,0.0,0.0,0.0,0,0,4250.0,4250.0,7.9956945093217655,7.9956945093217655,0.0018848859957479212,0.001883111827193205
MX--PH,MX,PH,14235.182311520231,10,14242.5,14250.0,14245.625,14249.57142857143,14.766704288891125,218.05555555555554,14210.0,14250.0,14246.25,14250.0,3.75,0.0,0.0010368056372751361,2,0,14233.0,14249.5,7.317688479768549,7.317688479768549,0.0005140565339894873,0.0005139244521923933
MX--PK,MX,PK,14066.453084225219,10,14463.0,14325.0,14366.25,14331.599285838118,340.88284074020373,116201.1111111111,14300.0,15400.0,14300.0,14427.5,127.5,25.0,0.023569303791758537,1,0,14321.0,14683.025,396.54691577478116,396.54691577478116,0.02819096707609166,0.02780091541889514
MX--PL,MX,PL,10192.871677759145,10,10032.0,10140.0,10051.25,10109.07419999896,180.48083924154756,32573.333333333332,9710.0,10200.0,9900.0,10165.0,265.0,55.0,0.01799051427846367,0,0,9923.0,10136.0,160.8716777591453,-160.8716777591453,-0.015782762978382967,-0.015908636964934664
MX--PT,MX,PT,8683.463178335352,10,8542.0,8552.5,8558.75,8564.114999995762,133.8780539645439,17923.333333333332,8250.0,8700.0,8515.0,8641.25,126.25,75.0,0.015672916643004436,1,0,8459.0,8617.0,141.4631783353525,-141.4631783353525,-0.016291101307171253,-0.016425260359348808
MX--RU,MX,RU,10735.215575427284,10,10729.5,10730.0,10730.0,10729.888888888889,1.5811388300841898,2.5000000000000004,10725.0,10730.0,10730.0,10730.0,0.0,0.0,0.00014736370101907728,1,0,10728.5,10730.0,5.715575427284421,-5.715575427284421,-0.0005324136611068407,-0.0005325554435869094
MX--SA,MX,SA,13896.334176917055,10,14053.0,13900.0,14045.0,13922.582400000128,222.80035906613796,49640.0,13850.0,14320.0,13878.75,14307.5,428.75,40.0,0.015854291543879455,0,0,13924.9875,14186.5125,156.66582308294528,156.66582308294528,0.011273895769085635,0.011210819043728702
MX--SE,MX,SE,9597.983316257523,10,9568.5,9570.0,9568.75,9569.57142857143,2.41522945769824,5.833333333333334,9565.0,9570.0,9566.25,9570.0,3.75,0.0,0.000252414637372445,0,0,9567.0,9570.0,29.483316257523256,-29.483316257523256,-0.0030718240786669223,-0.0030765518145832093
MX--SG,MX,SG,16619.715449178875,10,16590.0,16595.0,16591.25,16593.391333333486,11.547005383792516,133.33333333333337,16570.0,16600.0,16580.0,16600.0,20.0,5.0,0.0006960220243395127,0,0,16583.0,16597.0,29.715449178875133,-29.715449178875133,-0.0017879637752969636,-0.0017895640903492676
MX--SN,MX,SN,8626.492575918614,10,9058.0,9050.0,9062.5,9050.142857142857,61.246315081897876,3751.1111111111113,8930.0,9150.0,9050.0,9050.0,0.0,0.0,0.006761571548012572,3,0,9024.0,9090.0,431.5074240813865,431.5074240813865,0.05002118998930876,0.04881034490799841
MX--TH,MX,TH,15755.522525889133,10,16210.0,16300.0,16243.75,16299.857142857143,219.5955878933414,48222.222222222226,15750.0,16400.0,16300.0,16300.0,0.0,0.0,0.013546920906436853,3,0,16055.0,16320.0,454.47747411086675,454.47747411086675,0.028845598320466948,0.028437395370187395
MX--TR,MX,TR,11768.795374105772,10,11552.0,11550.0,11540.0,11537.31357142727,137.17790557439554,18817.777777777777,11350.0,11850.0,11462.5,11587.5,125.0,75.0,0.011874818695844488,1,0,11480.0,11640.025,216.79537410577177,-216.79537410577177,-0.018421203463421125,-0.018592986739094288
MX--TZ,MX,TZ,14938.231690550672,10,14403.0,14450.0,14422.5,14449.333333333352,81.24722217473722,6601.111111111111,14200.0,14450.0,14375.0,14450.0,75.0,0.0,0.005640992999704035,1,0,14348.0,14441.0,535.2316905506723,-535.2316905506723,-0.035829655185308076,-0.03648729374299303
MX--UA,MX,UA,10833.717889250147,10,10792.0,10800.0,10794.375,10796.337000063675,29.173808649388086,851.1111111111111,10740.0,10825.0,10778.75,10811.25,32.5,20.0,0.0027032810090240997,0,0,10774.5,10808.0,41.71788925014698,-41.71788925014698,-0.0038507453929127996,-0.003858178601351384
MX--US,MX,US,3030.093510534221,10,3031.0,3030.0,3031.25,3031.0000000000005,3.9440531887330774,15.555555555555555,3025.0,3035.0,3030.0,3035.0,5.0,5.0,0.001301238267480395,0,0,3028.9875,3033.0,0.9064894657790319,0.9064894657790319,0.0002991622082379937,0.0002991174681473901
MX--VN,MX,VN,14772.36666926787,10,14429.5,14395.0,14418.125,14410.836749999648,141.31230189430312,19969.166666666664,14300.0,14650.0,14303.75,14525.0,221.25,95.0,0.009793291652122605,0,0,14345.475,14514.0,342.86666926787075,-342.86666926787075,-0.02321000263154607,-0.023483596442358846
MX--ZA,MX,ZA,14607.47105898857,10,14379.5,14380.0,14380.625,14379.166666666593,51.66397842468838,2669.1666666666665,14300.0,14450.0,14350.0,14411.25,61.25,32.5,0.0035928911592675947,0,0,14348.0,14408.0,227.9710589885708,-227.9710589885708,-0.015606470008940455,-0.01572953302740888
MY--NG,MY,NG,10420.365898604718,10,10121.0,10050.0,10120.0,10119.999999999924,286.877829204156,82298.8888888889,9750.0,10500.0,9900.0,10387.5,487.5,245.0,0.028344810710814742,0,0,9961.0,10285.0,299.3658986047176,-299.3658986047176,-0.02872892387059101,-0.02914967753118204
MY--NL,MY,NL,10191.674131483782,10,10209.2,10210.0,10210.0,10210.0,3.2930904093942583,10.844444444444443,10200.0,10212.0,10210.0,10210.0,0.0,0.0,0.00032256106349119013,2,0,10207.0,10210.6,17.525868516218907,17.525868516218907,0.0017196260683098742,0.0017181492042626888
MY--NO,MY,NO,9756.41766681565,10,9552.5,9650.0,9569.375,9638.65660000038,154.2229626943479,23784.722222222223,9300.0,9670.0,9423.75,9650.0,226.25,15.0,0.01614477494837455,0,0,9458.975,9628.5,203.9176668156506,-203.9176668156506,-0.020900875073156466,-0.02112239037509623
MY--NZ,MY,NZ,8841.078241919804,10,8686.0,8677.5,8682.5,8682.089624999759,31.78049716414141,1010.0000000000001,8650.0,8750.0,8666.25,8700.0,33.75,22.5,0.003658818462369492,0,0,8669.5,8706.5,155.078241919804,-155.078241919804,-0.017540648060833063,-0.0176963081666633
MY--PE,MY,PE,19013.09740368873,10,19773.0,19800.0,19778.75,19799.333333333332,37.43141876967945,1401.1111111111113,19700.0,19800.0,19750.0,19800.0,50.0,0.0,0.0018930571369887956,0,0,19748.975,19795.0,759.902596311269,759.902596311269,0.03996732253440412,0.039189292019646646
MY--PH,MY,PH,2466.062114353582,10,2481.5,2480.0,2481.875,2481.8103888888845,3.3747427885527643,11.388888888888888,2475.0,2485.0,2480.0,2485.0,5.0,2.5,0.001359960825530028,0,0,2479.5,2483.5,15.43788564641818,15.43788564641818,0.006260136578297358,0.006240623318081146
MY--PK,MY,PK,4494.739093847033,10,4424.0,4455.0,4437.5,4435.461444444779,118.0583659796195,13937.777777777777,4180.0,4560.0,4360.0,4512.5,152.5,95.0,0.02668588742758126,0,0,4340.0,4484.0,70.73909384703256,-70.73909384703256,-0.01573819800661382,-0.015863358380917736
MY--PL,MY,PL,9097.205754114833,10,9219.5,9160.0,9211.875,9178.445500002803,130.3083948860463,16980.277777777777,9080.0,9420.0,9130.0,9332.5,202.5,52.5,0.014133998035256392,0,0,9150.4875,9301.0375,122.29424588516667,122.29424588516667,0.01344305594383756,0.013353499780229604
MY--PT,MY,PT,11578.724073923351,10,11356.0,11325.0,11349.375,11348.784874999583,255.04683665728712,65048.8888888889,11050.0,11715.0,11152.5,11595.0,442.5,207.5,0.022459214217795623,0,0,11208.975,11511.5125,222.72407392335117,-222.72407392335117,-0.01923563187976402,-0.019423043864446043
MY--RU,MY,RU,8120.2776123462945,10,8050.0,8050.0,8050.0,8050.0,0.0,0.0,8050.0,8050.0,8050.0,8050.0,0.0,0.0,0.0,0,0,8050.0,8050.0,70.27761234629452,-70.27761234629452,-0.008654582478737242,-0.008692250871291766
MY--SA,MY,SA,6341.828455301534,10,6360.5,6360.0,6360.625,6360.741300000001,6.851601597031489,46.94444444444445,6350.0,6370.0,6360.0,6363.75,3.75,2.5,0.0010772111621777359,4,0,6356.5,6364.5,18.671544698466278,18.671544698466278,0.0029441894920474486,0.0029398638544163125
MY--SE,MY,SE,9341.491142366964,10,9290.0,9290.0,9287.5,9288.517399982285,21.081851067789195,444.4444444444444,9260.0,9340.0,9282.5,9290.0,7.5,5.0,0.0022693058199988367,3,0,9279.0,9304.0,51.491142366963686,-51.491142366963686,-0.005512090262916715,-0.005527337889124537
MY--SG,MY,SG,316.8988719686071,10,315.0,315.0,315.0,315.0,0.0,0.0,315.0,315.0,315.0,315.0,0.0,0.0,0.0,0,0,315.0,315.0,1.898871968607125,-1.898871968607125,-0.005992043950207662,-0.0060100682833577135
MY--SN,MY,SN,13043.639094479997,10,13314.0,13360.0,13305.0,13312.025143691017,322.4627454795704,103982.2222222222,12850.0,13850.0,13100.0,13550.0,450.0,240.0,0.024219824656720023,0,0,13110.975,13502.05,270.36090552000314,270.36090552000314,0.020727413842232,0.02051552395068166
MY--TH,MY,TH,1177.7394610704162,10,1185.0,1185.0,1185.0,1185.0,0.0,0.0,1185.0,1185.0,1185.0,1185.0,0.0,0.0,0.0,0,0,1185.0,1185.0,7.260538929583845,7.260538929583845,0.006164809085181653,0.006145884387923862
MY--TR,MY,TR,7987.759450740217,10,8021.0,8050.0,8026.25,8043.051000002863,166.3630567964735,27676.666666666668,7740.0,8260.0,7902.5,8135.0,232.5,95.0,0.020740937139567824,0,0,7922.975,8121.025,33.24054925978271,33.24054925978271,0.004161435940174982,0.004152801112864253
MY--TZ,MY,TZ,7402.73482591565,10,7772.0,7830.0,7767.5,7773.624429128681,233.6093605430513,54573.333333333336,7440.0,8140.0,7575.0,7942.5,367.5,165.0,0.03005781787738694,0,0,7624.95,7892.025,369.2651740843503,369.2651740843503,0.04988226415886451,0.04867802850995398
MY--UA,MY,UA,8411.290456319653,10,8394.5,8382.5,8385.625,8385.624999999203,68.57477670397476,4702.5,8310.0,8550.0,8350.0,8427.5,77.5,40.0,0.008169012651614124,1,0,8357.0,8440.525,16.790456319653458,-16.790456319653458,-0.001996180777117058,-0.00199817580135933
MY--US,MY,US,15344.127499182949,10,15410.5,15625.0,15444.375,15584.40249999894,332.93684753184715,110846.94444444444,14850.0,15700.0,15135.0,15657.5,522.5,75.0,0.021604545441864128,0,0,15204.5,15602.1,66.37250081705133,66.37250081705133,0.004325596279135817,0.004316267778760507
MY--VN,MY,VN,2027.1201148112582,10,2046.9,2045.0,2046.875,2045.6,2.685351208149711,7.211111111111113,2044.0,2050.0,2045.0,2050.0,5.0,0.5,0.0013119112844543997,0,0,2045.4,2048.5,19.7798851887419,19.7798851887419,0.009757628590540414,0.00971033036282014
MY--ZA,MY,ZA,8519.437119588007,10,8542.0,8535.0,8535.0,8534.166666666792,70.56124211554732,4978.888888888888,8440.0,8700.0,8513.75,8550.0,36.25,20.0,0.008260505984025675,2,0,8503.0,8585.0375,22.56288041199332,22.56288041199332,0.0026484003690943896,0.002644899536545367
NG--NL,NG,NL,4803.701354562851,10,4864.5,4850.0,4862.5,4862.437857142988,33.036175457956524,1091.388888888889,4820.0,4925.0,4850.0,4887.5,37.5,25.0,0.006791278745596983,0,0,4844.975,4885.5,60.79864543714939,60.79864543714939,0.012656624746123966,0.01257719914240447
NG--NO,NG,NO,5646.7717130159035,10,5407.0,5400.0,5405.0,5405.493857140282,72.38784428341543,5240.0,5300.0,5530.0,5363.75,5462.5,98.75,55.0,0.013387801790903538,0,0,5366.975,5450.0125,239.77171301590352,-239.77171301590352,-0.042461733039999776,-0.04338959323246224
NG--NZ,NG,NZ,16223.187399540882,10,15710.0,15650.0,15693.75,15680.512142071973,311.7691453623979,97200.0,15300.0,16250.0,15482.5,15900.0,417.5,225.0,0.01984526705043908,0,0,15545.975,15895.05,513.1873995408823,-513.1873995408823,-0.03163295762430788,-0.032144087566669324
NG--PE,NG,PE,9643.897366310626,10,9142.0,9160.0,9151.25,9164.953571428383,178.9351216999552,32017.77777777778,8850.0,9360.0,9067.5,9275.0,207.5,125.0,0.01957286389192247,0,0,9022.0,9241.0,501.89736631062624,-501.89736631062624,-0.05204300162545512,-0.053446138120331874
NG--PH,NG,PH,12235.34688266842,10,11800.0,11850.0,11812.5,11812.935000003348,133.33333333333334,17777.77777777778,11550.0,11950.0,11712.5,11887.5,175.0,100.0,0.011299435028248588,0,0,11724.875,11875.0,435.3468826684202,-435.3468826684202,-0.035581082158373176,-0.03622951668996826
NG--PK,NG,PK,7205.476952378416,10,6746.0,6810.0,6767.5,6784.804428878957,161.12107248898263,25959.999999999996,6400.0,6920.0,6705.0,6850.0,145.0,65.0,0.02388394196397608,1,0,6640.975,6828.025,459.4769523784162,-459.4769523784162,-0.06376773604511357,-0.0658916880365384
NG--PL,NG,PL,4940.545235260267,10,4968.5,4957.5,4964.375,4963.177000000103,75.42656472799663,5689.166666666666,4830.0,5140.0,4950.0,4982.5,32.5,15.0,0.015180952949179156,2,0,4925.9875,5014.5125,27.954764739733037,27.954764739733037,0.005658234751140859,0.005642287069761404
NG--PT,NG,PT,3682.00110841764,10,3798.5,3810.0,3801.875,3809.1956666667384,29.53811097548386,872.5000000000001,3740.0,3830.0,3798.75,3813.75,15.0,5.0,0.007776256673814363,2,0,3778.0,3814.0,116.4988915823601,116.4988915823601,0.03164010225744504,0.03114986811345981
NG--RU,NG,RU,5807.769283957347,10,5529.0,5550.0,5530.0,5529.000000002841,90.73159439920707,8232.222222222223,5400.0,5650.0,5452.5,5592.5,140.0,90.0,0.016410127400833256,0,0,5474.975,5583.0,278.7692839573474,-278.7692839573474,-0.04799937296534569,-0.04918958554114173
NG--SA,NG,SA,4500.0833361671885,10,4433.0,4440.0,4423.75,4428.618222222119,150.41054927541927,22623.33333333333,4260.0,4680.0,4285.0,4552.5,267.5,140.0,0.0339297426743558,0,0,4353.975,4523.0,67.08333616718846,-67.08333616718846,-0.014907131969765852,-0.01501935999014444
NG--SE,NG,SE,5648.083214797142,10,5495.0,5475.0,5485.0,5481.450143076644,73.67345368433448,5427.777777777777,5430.0,5640.0,5435.0,5532.5,97.5,45.0,0.013407361907977157,0,0,5455.975,5540.0,153.08321479714232,-153.08321479714232,-0.027103569295170254,-0.02747764572489692
NG--SG,NG,SG,10690.478531487915,10,10497.5,10535.0,10505.625,10507.333666664059,186.56619319813663,34806.944444444445,10150.0,10780.0,10360.0,10628.75,268.75,115.0,0.017772440409443833,0,0,10386.975,10604.0,192.97853148791546,-192.97853148791546,-0.01805143997244962,-0.01821635486370295
NG--SN,NG,SN,2792.475346325268,10,2857.0,2830.0,2856.25,2857.0000000301497,235.9872877932199,55690.0,2600.0,3120.0,2642.5,3095.0,452.5,210.0,0.08259968071166256,0,0,2720.0,2999.025,64.52465367473178,64.52465367473178,0.02310661534027235,0.022843699858074537
NG--TH,NG,TH,10098.775445297742,10,9792.5,9825.0,9805.625,9804.250249999994,152.66612081416244,23306.94444444444,9530.0,9950.0,9670.0,9926.25,256.25,115.0,0.015590106797463614,0,0,9698.975,9881.0125,306.2754452977424,-306.2754452977424,-0.030327978570941726,-0.030797386899005463
NG--TR,NG,TR,4240.937563878063,10,4131.5,4150.0,4141.875,4143.212000063351,47.84523661417787,2289.166666666667,4010.0,4170.0,4126.25,4157.5,31.25,20.0,0.011580597026304701,1,0,4099.5,4154.0,109.43756387806297,-109.43756387806297,-0.025805040095423948,-0.026143831196701176
NG--TZ,NG,TZ,3557.1927842916293,10,3420.5,3435.0,3415.0,3423.5653333411615,79.80705900273902,6369.166666666668,3315.0,3570.0,3355.0,3457.5,102.5,40.0,0.02333198626011958,0,0,3375.4875,3464.5125,136.69278429162932,-136.69278429162932,-0.03842715100943003,-0.039184950842567616
NG--UA,NG,UA,5050.317778330715,10,4941.0,4910.0,4926.25,4910.9890002706825,117.51595636338071,13809.999999999998,4850.0,5150.0,4850.0,4947.5,97.5,60.0,0.023783840591657703,2,0,4880.0,5012.0,109.31777833071465,-109.31777833071465,-0.02164572273051054,-0.021883427845994254
NG--US,NG,US,8912.837189115719,10,8615.0,8590.0,8608.75,8601.329142997016,70.43515536371814,4961.111111111112,8540.0,8740.0,8560.0,8647.5,87.5,40.0,0.008175874099096708,0,0,8575.0,8656.0,297.8371891157185,-297.8371891157185,-0.03341665317071367,-0.033987748325726846
NG--VN,NG,VN,10509.155498205999,10,10318.5,10325.0,10304.375,10307.813888887391,150.85036736227502,22755.83333333333,10150.0,10600.0,10188.75,10425.0,236.25,125.0,0.014619408573171976,0,0,10233.5,10410.0,190.6554982059988,-190.6554982059988,-0.01814184767163692,-0.018308428792040577
NG--ZA,NG,ZA,4454.133473532923,10,4549.0,4550.0,4542.5,4542.5000000004675,39.00142447541001,1521.111111111111,4500.0,4650.0,4530.0,4550.0,20.0,10.0,0.008573625956344253,1,0,4530.0,4576.0,94.86652646707716,94.86652646707716,0.021298536972631642,0.0210748930860872
NL--NO,NL,NO,916.4123574186069,10,915.0,915.0,915.0,915.0,0.0,0.0,915.0,915.0,915.0,915.0,0.0,0.0,0.0,0,0,915.0,915.0,1.4123574186069163,-1.4123574186069163,-0.0015411811147825534,-0.001542369956033596
NL--NZ,NL,NZ,18559.7377139544,10,18572.0,18580.0,18580.0,18579.88888888889,25.298221281347036,640.0000000000001,18500.0,18580.0,18580.0,18580.0,0.0,0.0,0.0013621700022263103,1,0,18556.0,18580.0,12.262286045599467,12.262286045599467,0.0006606928521613694,0.0006604746907253678
NL--PE,NL,PE,10520.554598873148,10,10515.5,10515.0,10515.0,10515.111111111111,1.5811388300841898,2.5000000000000004,10515.0,10520.0,10515.0,10515.0,0.0,0.0,0.00015036268651839567,1,0,10515.0,10516.5,5.054598873148279,-5.054598873148279,-0.0004804498494489706,-0.00048056530245893574
NL--PH,NL,PH,10403.669642766034,10,10410.0,10410.0,10410.0,10410.0,0.0,0.0,10410.0,10410.0,10410.0,10410.0,0.0,0.0,0.0,0,0,10410.0,10410.0,6.330357233966424,6.330357233966424,0.0006084734955389612,0.0006082884506010434
NL--PK,NL,PK,5697.10532452438,10,5651.0,5650.0,5662.5,5654.925428568078,86.85236515681846,7543.333333333334,5450.0,5760.0,5625.0,5680.0,55.0,30.0,0.015369379783546003,1,0,5597.95,5698.0,46.105324524380194,-46.105324524380194,-0.008092763236429944,-0.008125687396767292
NL--PL,NL,PL,1094.9218044055763,10,1095.0,1095.0,1095.0,1095.0,0.0,0.0,1095.0,1095.0,1095.0,1095.0,0.0,0.0,0.0,0,0,1095.0,1095.0,0.07819559442373247,0.07819559442373247,7.141660172361276e-05,7.141405167962594e-05
NL--PT,NL,PT,1863.734590183404,10,1863.4,1864.0,1863.75,1863.6666666666667,1.2649110640673518,1.6,1860.0,1864.0,1863.25,1864.0,0.75,0.0,0.0006788188601842608,1,0,1862.5,1864.0,0.3345901834038614,-0.3345901834038614,-0.00017952673367023546,-0.00017954285052329395
NL--RU,NL,RU,2153.7587182460625,10,2159.0,2160.0,2160.0,2159.8888888888887,3.1622776601683795,10.000000000000002,2150.0,2160.0,2160.0,2160.0,0.0,0.0,0.001464695535047883,1,0,2157.0,2160.0,5.241281753937528,5.241281753937528,0.002433551033147216,0.0024305947430489365
NL--SA,NL,SA,4668.278240051819,10,4696.0,4677.5,4699.375,4696.000000001497,160.94857701901077,25904.44444444444,4475.0,4890.0,4570.0,4852.5,282.5,162.5,0.03427354706537708,0,0,4598.4875,4791.0,27.72175994818099,27.72175994818099,0.0059383264070123785,0.005920764039835577
NL--SE,NL,SE,1131.6300553848139,10,1125.0,1125.0,1125.0,1125.0,0.0,0.0,1125.0,1125.0,1125.0,1125.0,0.0,0.0,0.0,0,0,1125.0,1125.0,6.630055384813886,-6.630055384813886,-0.005858854095704729,-0.005876084514664223
NL--SG,NL,SG,10501.875707111722,10,10512.0,10512.0,10512.0,10512.0,0.0,0.0,10512.0,10512.0,10512.0,10512.0,0.0,0.0,0.0,0,0,10512.0,10512.0,10.124292888278433,10.124292888278433,0.0009640461542905525,0.000963581760237677
NL--SN,NL,SN,4622.391187616452,10,4650.0,4650.0,4650.0,4650.0,0.0,0.0,4650.0,4650.0,4650.0,4650.0,0.0,0.0,0.0,0,0,4650.0,4650.0,27.608812383547956,27.608812383547956,0.005972842034121416,0.005955075323210209
NL--TH,NL,TH,9184.527369269523,10,9184.8,9180.0,9181.25,9180.25,12.081206709412578,145.9555555555555,9180.0,9218.0,9180.0,9180.0,0.0,0.0,0.0013153478256916404,2,0,9180.0,9194.42,0.2726307304765214,0.2726307304765214,2.9683697322163317e-05,2.968325676992181e-05
NL--TR,NL,TR,2538.4405504203605,10,2342.8,2230.0,2321.25,2231.7079999973525,199.7486197977626,39899.51111111111,2208.0,2650.0,2210.0,2520.0,310.0,20.0,0.08526063675847813,0,0,2225.4625,2469.0075,195.64055042036034,-195.64055042036034,-0.07707115708814322,-0.08020314072105147
NL--TZ,NL,TZ,7113.778557184179,10,6988.5,6970.0,6975.625,6969.884000000698,64.37951710149916,4144.722222222223,6930.0,7150.0,6950.0,7007.5,57.5,20.0,0.009212208213708115,1,0,6956.0,7033.5125,125.27855718417868,-125.27855718417868,-0.01761069116463575,-0.0177676043486346
NL--UA,NL,UA,1785.0113835275376,10,1779.5,1780.0,1780.0,1779.888888888889,1.5811388300841898,2.5000000000000004,1775.0,1780.0,1780.0,1780.0,0.0,0.0,0.0008885298286508513,1,0,1778.5,1780.0,5.511383527537646,-5.511383527537646,-0.00308759012877893,-0.0030923665695086235
NL--US,NL,US,6206.190650303078,10,6194.5,6200.0,6195.0,6199.333333333351,7.245688373094719,52.49999999999999,6185.0,6200.0,6186.25,6200.0,13.75,0.0,0.0011696970494946676,0,0,6190.0,6198.5,11.690650303077746,-11.690650303077746,-0.0018837078913305435,-0.0018854843002146114
NL--VN,NL,VN,8893.9631609998,10,8294.5,8292.5,8294.375,8293.304333333266,4.972144630058766,24.722222222222225,8290.0,8300.0,8290.0,8300.0,10.0,2.5,0.0005994507963178933,0,0,8291.5,8297.5,599.4631609997996,-599.4631609997996,-0.0674011292995295,-0.06978010552386467
NL--ZA,NL,ZA,8939.953838554835,10,9095.0,9015.0,9043.75,9016.666666667632,192.65686249564706,37116.66666666666,9000.0,9600.0,9011.25,9023.75,12.5,7.5,0.021182722649328977,2,0,9010.5,9234.0,155.04616144516513,155.04616144516513,0.017343060629296126,0.017194386270607133
NO--NZ,NO,NZ,17661.515954076174,10,17531.0,17545.0,17538.75,17545.21749999889,76.36898730651221,5832.222222222223,17400.0,17600.0,17510.0,17595.0,85.0,50.0,0.004356225389681833,0,0,17487.0,17573.0,130.51595407617424,-130.51595407617424,-0.007389850022814826,-0.007417290234105377
NO--PE,NO,PE,11033.614836586856,10,10911.5,10910.0,10911.25,10906.666666666924,97.35530573910985,9478.055555555557,10775.0,11050.0,10842.5,10972.5,130.0,70.0,0.008922266025671068,0,0,10855.975,10969.0125,122.11483658685574,-122.11483658685574,-0.011067527586872954,-0.011129228342563614
NO--PH,NO,PH,9696.528062913647,10,9256.0,9230.0,9250.0,9240.590000000777,83.82521498133283,7026.666666666667,9160.0,9400.0,9200.0,9287.5,87.5,50.0,0.00905631103946984,0,0,9209.0,9311.025,440.52806291364686,-440.52806291364686,-0.04543152559920251,-0.046495899886749126
NO--PK,NO,PK,5312.256150502484,10,5275.0,5270.0,5276.875,5273.333333333114,56.76462121975467,3222.2222222222226,5170.0,5365.0,5252.5,5297.5,45.0,25.0,0.010761065634076715,1,0,5240.5,5308.5,37.25615050248416,-37.25615050248416,-0.00701324436303022,-0.007037952753032765
NO--PL,NO,PL,1063.2419616955133,10,964.5,965.0,964.375,964.258699991101,3.689323936863109,13.61111111111111,960.0,970.0,961.25,965.0,3.75,2.5,0.003825115538479118,0,0,962.4875,966.5125,98.74196169551328,-98.74196169551328,-0.09286875918445983,-0.09746814163289477
NO--PT,NO,PT,2741.1243604470806,10,2761.0,2760.0,2760.0,2760.1111111111113,3.1622776601683795,10.000000000000002,2760.0,2770.0,2760.0,2760.0,0.0,0.0,0.0011453377979602968,1,0,2760.0,2763.0,19.875639552919438,19.875639552919438,0.007250907634733398,0.007224746190659297
NO--RU,NO,RU,1648.9149949297591,10,1641.8,1640.0,1641.625,1640.6666666666667,2.3944379994757297,5.733333333333334,1640.0,1645.0,1640.0,1644.5,4.5,0.0,0.0014584224628308746,0,0,1640.5,1643.3,7.1149949297591775,-7.1149949297591775,-0.004314955562680333,-0.004324291850224447
NO--SA,NO,SA,4801.67564551418,10,4651.5,4650.0,4655.625,4654.965199965039,42.29854213405785,1789.166666666667,4550.0,4720.0,4650.0,4667.5,17.5,10.0,0.009093527278094775,2,0,4624.9875,4673.5125,150.17564551418036,-150.17564551418036,-0.03127567470211725,-0.03177520158410341
NO--SE,NO,SE,419.02432565533144,10,416.5,416.5,416.5,416.5,0.5270462766947299,0.2777777777777778,416.0,417.0,416.0,417.0,1.0,0.5,0.0012654172309597357,0,0,416.2,416.8,2.524325655331438,-2.524325655331438,-0.006024293819657198,-0.006042513086667764
NO--SG,NO,SG,10056.000762360305,10,9669.0,9670.0,9668.75,9668.999999999993,3.9440531887330774,15.555555555555555,9665.0,9675.0,9665.0,9670.0,5.0,5.0,0.0004079070419622585,0,0,9667.0,9671.5,387.0007623603051,-387.0007623603051,-0.03848455976742287,-0.039244655598019075
NO--SN,NO,SN,5518.823019077122,10,5119.0,5110.0,5113.75,5103.333333333837,77.52418977325722,6009.999999999999,5030.0,5250.0,5062.5,5127.5,65.0,40.0,0.015144401205949837,2,0,5076.0,5166.025,399.8230190771219,-399.8230190771219,-0.07244715362225582,-0.07520550889700904
NO--TH,NO,TH,8681.465564165668,10,8572.5,8632.5,8595.625,8631.336999998468,140.9934986680828,19879.166666666664,8300.0,8660.0,8611.25,8650.0,38.75,20.0,0.01644718561307469,2,0,8472.9875,8642.0,108.96556416566818,-108.96556416566818,-0.012551517178786427,-0.01263095286269873
NO--TR,NO,TR,2704.0156611690363,10,2908.5,2922.5,2915.0,2920.833333331958,38.30071075638733,1466.9444444444443,2825.0,2940.0,2907.5,2930.0,22.5,12.5,0.013168544183045326,2,0,2885.0,2928.5,204.48433883096368,204.48433883096368,0.07562246837821873,0.07289953435227993
NO--TZ,NO,TZ,7652.737178326697,10,7520.0,7480.0,7513.75,7510.34033332731,130.2134998974974,16955.555555555555,7340.0,7750.0,7450.0,7620.0,170.0,85.0,0.017315624986369335,0,0,7450.0,7591.0,132.73717832669718,-132.73717832669718,-0.017345059059733804,-0.017497246969608395
NO--UA,NO,UA,1632.1575353448625,10,1629.5,1630.0,1629.375,1629.8571428594857,2.8382310609877335,8.055555555555555,1625.0,1635.0,1630.0,1630.0,0.0,0.0,0.001741780338133006,3,0,1628.0,1631.0,2.657535344862481,-2.657535344862481,-0.001628234583557502,-0.0016295615981434032
NO--US,NO,US,6247.236504991629,10,6054.0,6060.0,6054.375,6055.460166666667,11.972189997378647,143.33333333333334,6035.0,6070.0,6042.5,6060.0,17.5,7.5,0.0019775668974857364,0,0,6047.0,6060.5,193.23650499162886,-193.23650499162886,-0.03093151745371417,-0.03141999616623985
NO--VN,NO,VN,8283.764374187,10,8273.5,8290.0,8277.5,8287.771785713116,71.997299332066,5183.611111111112,8150.0,8365.0,8258.75,8318.75,60.0,37.5,0.008702157410052095,2,0,8227.9875,8312.5,10.264374186999703,-10.264374186999703,-0.0012390953826480716,-0.0012398636960730767
NO--ZA,NO,ZA,9623.202914754816,10,9552.0,9605.0,9562.5,9592.195857142751,128.82373832316603,16595.555555555555,9350.0,9670.0,9460.0,9650.0,190.0,55.0,0.013486572270013193,0,0,9479.925,9621.025,71.20291475481645,-71.20291475481645,-0.007399086913738905,-0.007426595935746943
NZ--PE,NZ,PE,10603.194453734135,10,10745.0,10745.0,10745.0,10745.0,8.498365855987975,72.22222222222223,10730.0,10760.0,10740.0,10750.0,10.0,5.0,0.0007909135277792439,0,0,10740.0,10750.0,141.8055462658649,141.8055462658649,0.013373851331748909,0.013285210817504679
NZ--PH,NZ,PH,8297.851486247824,10,8470.0,8480.0,8471.25,8472.00778571411,25.05549396395485,627.7777777777778,8430.0,8500.0,8450.0,8488.75,38.75,17.5,0.0029581456864173376,0,0,8455.0,8485.0,172.14851375217586,172.14851375217586,0.020746155078514076,0.02053388444926273
NZ--PK,NZ,PK,13275.521678301031,10,13281.0,13385.0,13288.75,13299.999999887907,579.8553459460577,336232.22222222225,12450.0,14050.0,12852.5,13575.0,722.5,450.0,0.04366051848099222,0,0,12944.975,13613.075,5.478321698969012,5.478321698969012,0.00041266338391231596,0.000412578261795164
NZ--PL,NZ,PL,17691.173617194832,10,17758.0,17745.0,17761.25,17760.22042857289,68.28046735503663,4662.2222222222235,17640.0,17850.0,17732.5,17800.0,67.5,55.0,0.0038450539111970173,0,0,17716.0,17796.0,66.82638280516767,66.82638280516767,0.003777385505968703,0.003770269100645965
NZ--PT,NZ,PT,19574.147927995775,10,19504.0,19600.0,19540.0,19599.75,202.3857702507763,40960.00000000001,19120.0,19600.0,19600.0,19600.0,0.0,0.0,0.010376628909494272,2,0,19360.0,19600.0,70.14792799577481,-70.14792799577481,-0.003583702762123621,-0.0035901396079635064
NZ--RU,NZ,RU,16540.092712129524,10,16564.0,16580.0,16567.5,16573.565333333052,40.879225911349046,1671.1111111111113,16500.0,16600.0,16540.0,16600.0,60.0,20.0,0.002467956164655219,0,0,16538.0,16586.0,23.907287870475557,23.907287870475557,0.0014454143810780074,0.0014443707752190978
NZ--SA,NZ,SA,14909.574515612963,10,14580.5,14565.0,14574.375,14580.500000007069,295.43235736421593,87280.2777777778,14250.0,14960.0,14285.0,14873.75,588.75,310.0,0.020262155438031337,0,0,14419.975,14756.0125,329.0745156129633,-329.0745156129633,-0.022071355240108566,-0.02231857197726607
NZ--SE,NZ,SE,17431.595018365642,10,17408.0,17400.0,17406.25,17400.42857142623,13.165611772087667,173.33333333333334,17400.0,17430.0,17400.0,17415.0,15.0,0.0,0.0007562966321281978,0,0,17402.0,17416.0,23.595018365642318,-23.595018365642318,-0.0013535777042079622,-0.0013544946180114139
NZ--SG,NZ,SG,8524.39955416985,10,8408.0,8410.0,8408.125,8408.391333333331,7.1492035298424055,51.11111111111111,8400.0,8415.0,8400.0,8415.0,15.0,5.0,0.0008502858622552814,0,0,8404.0,8412.0,116.39955416984958,-116.39955416984958,-0.013654868408052368,-0.013748953585909694
NZ--SN,NZ,SN,16831.97657147853,10,17504.0,17445.0,17498.75,17503.99999995571,885.5908260088917,784271.111111111,16400.0,18650.0,16737.5,18352.5,1615.0,845.0,0.050593625800325163,0,0,16999.925,18038.05,672.0234285214683,672.0234285214683,0.039925401848538655,0.03914898158884439
NZ--TH,NZ,TH,9738.52130758697,10,9589.0,9560.0,9585.0,9560.666666666666,39.84692933938295,1587.777777777778,9560.0,9650.0,9560.0,9622.5,62.5,0.0,0.004155483297464069,0,0,9567.0,9613.0,149.52130758697058,-149.52130758697058,-0.015353594541142844,-0.015472681488102666
NZ--TR,NZ,TR,16822.326113303774,10,16736.5,16715.0,16705.625,16704.999999999345,152.4621993223967,23244.722222222226,16600.0,17120.0,16650.0,16750.0,100.0,65.0,0.00910956289083122,1,0,16658.0,16838.0125,85.82611330377404,-85.82611330377404,-0.0051019171026472545,-0.005114976318669794
NZ--TZ,NZ,TZ,13304.17710041557,10,13488.0,13382.5,13455.625,13452.684251144448,325.1170729308307,105701.1111111111,13120.0,14115.0,13252.5,13647.5,395.0,245.0,0.024104172073756727,0,0,13310.9125,13684.525,183.82289958442925,183.82289958442925,0.013816931193638977,0.013722347640308911
NZ--UA,NZ,UA,17096.747525416675,10,17295.5,17300.0,17300.625,17302.22389997331,65.50869323142454,4291.388888888888,17150.0,17400.0,17300.0,17311.25,11.25,7.5,0.0037876148843008035,4,0,17255.975,17330.5,198.75247458332524,198.75247458332524,0.01162516287310509,0.011558109835178935
NZ--US,NZ,US,14074.670366616207,10,14373.0,14415.0,14391.25,14412.537285714438,98.2966033096883,9662.222222222224,14160.0,14440.0,14400.0,14427.5,27.5,15.0,0.006838976087781834,2,0,14317.375,14421.5125,298.3296333837934,298.3296333837934,0.02119620748571158,0.020974692596187783
NZ--VN,NZ,VN,9897.357844060565,10,9520.5,9540.0,9525.625,9527.891499580397,114.51467640049947,13113.61111111111,9350.0,9650.0,9435.0,9627.5,192.5,90.0,0.012028220828790449,0,0,9450.9875,9585.0,376.8578440605652,-376.8578440605652,-0.038076610949933344,-0.03882046864973056
NZ--ZA,NZ,ZA,11827.417766624114,10,11645.0,11635.0,11637.5,11634.266250000032,47.90035954399971,2294.4444444444443,11600.0,11750.0,11607.5,11650.0,42.5,25.0,0.00411338424594244,1,0,11621.0,11675.0,182.41776662411394,-182.41776662411394,-0.015423296126300714,-0.015543472435920231
PE--PH,PE,PH,18061.562360216984,10,18062.0,18117.5,18085.0,18119.166666666704,131.97642887189278,17417.777777777774,17800.0,18140.0,18115.0,18127.5,12.5,7.5,0.007306855767461675,2,0,17970.9875,18126.0125,0.4376397830164933,0.4376397830164933,2.4230449962648508e-05,2.4230156410081427e-05
PE--PK,PE,PK,16162.263423580987,10,16235.0,16350.0,16256.25,16296.558333344956,262.51984052003894,68916.66666666669,15800.0,16500.0,16112.5,16437.5,325.0,125.0,0.016169993256546902,0,0,16059.875,16375.0,72.73657641901264,72.73657641901264,0.004500395428086444,0.004490298929406173
PE--PL,PE,PL,11605.331422578916,10,11508.0,11490.0,11492.5,11490.0,91.14091653404999,8306.666666666668,11410.0,11730.0,11455.0,11520.0,65.0,35.0,0.007919787672406151,1,0,11462.975,11566.0,97.33142257891632,-97.33142257891632,-0.008386785265740175,-0.008422152231543011
PE--PT,PE,PT,8998.891148044428,10,9590.5,9600.0,9594.375,9600.419285714439,48.33045968468884,2335.8333333333335,9500.0,9650.0,9585.0,9622.5,37.5,25.0,0.005039409799769442,2,0,9559.0,9618.0,591.6088519555724,591.6088519555724,0.06574241672921408,0.0636716612066823
PE--RU,PE,RU,12642.025820968918,10,12640.0,12640.0,12640.0,12640.0,0.0,0.0,12640.0,12640.0,12640.0,12640.0,0.0,0.0,0.0,0,0,12640.0,12640.0,2.0258209689181967,-2.0258209689181967,-0.00016024496371127745,-0.0001602578043072298
PE--SA,PE,SA,13973.306966781403,10,13931.0,13925.0,13943.75,13936.074999999182,124.04748194855782,15387.777777777777,13700.0,14060.0,13862.5,14050.0,187.5,125.0,0.008904420497348202,0,0,13850.0,14001.0,42.30696678140339,-42.30696678140339,-0.003027698946425445,-0.0030322916995391023
PE--SE,PE,SE,11441.259792616573,10,11328.5,11330.0,11314.375,11319.16666667473,153.8045296255391,23655.833333333332,11120.0,11650.0,11246.25,11390.0,143.75,82.5,0.01357677800463778,1,0,11246.0,11424.525,112.75979261657267,-112.75979261657267,-0.009855539919593499,-0.00990442722554519
PE--SG,PE,SG,18810.963551971927,10,19493.1,19705.5,19528.875,19704.725433332012,368.27599855422443,135627.2111111111,18950.0,19750.0,19160.0,19730.0,570.0,24.5,0.018892633729587622,0,0,19264.195,19715.105,682.1364480280718,682.1364480280718,0.03626270638095858,0.03562068927972682
PE--SN,PE,SN,7204.605952041671,10,6447.5,6450.0,6448.75,6448.333333334108,37.87772725787837,1434.722222222222,6375.0,6510.0,6430.0,6467.5,37.5,20.0,0.005874792905448371,0,0,6426.5,6470.5125,757.1059520416711,-757.1059520416711,-0.10508637905826332,-0.1110280782792134
PE--TH,PE,TH,19698.995438807557,10,19726.0,19700.0,19722.5,19708.895599964628,43.512450325548585,1893.3333333333333,19680.0,19800.0,19700.0,19745.0,45.0,10.0,0.0022058425593403925,0,0,19702.975,19758.0,27.00456119244336,27.00456119244336,0.0013708598124371175,0.0013699210419749696
PE--TR,PE,TR,12558.030392220066,10,12166.0,12135.0,12157.5,12153.987428576838,164.93769867572558,27204.44444444445,11940.0,12460.0,12057.5,12257.5,200.0,120.0,0.013557266042719512,0,0,12078.975,12262.175,392.03039222006555,-392.03039222006555,-0.031217506247073243,-0.03171515693859346
PE--TZ,PE,TZ,12329.431436465999,10,11382.5,11460.0,11414.375,11437.918999992095,359.128961671307,128973.61111111111,10760.0,11750.0,11200.0,11671.25,471.25,240.0,0.03155097401021806,0,0,11129.0,11574.0125,946.9314364659986,-946.9314364659986,-0.07680252259364677,-0.07991211567749297
PE--UA,PE,UA,12276.18489244182,10,11637.0,11597.5,11631.875,11618.789666664168,112.79775411475768,12723.333333333334,11500.0,11815.0,11553.75,11718.75,165.0,65.0,0.009693026906828021,0,0,11569.9875,11703.0375,639.1848924418191,-639.1848924418191,-0.05206706302015306,-0.05347152081185895
PE--US,PE,US,5639.750595100949,10,5629.0,5630.0,5630.0,5629.888888888889,3.1622776601683795,10.000000000000002,5620.0,5630.0,5630.0,5630.0,0.0,0.0,0.0005617832048620322,1,0,5627.0,5630.0,10.750595100948885,-10.750595100948885,-0.0019062181775001798,-0.001908037323530683
PE--VN,PE,VN,18964.769886212795,10,18995.0,19000.0,19000.0,18999.88888888889,15.811388300841896,250.0,18950.0,19000.0,19000.0,19000.0,0.0,0.0,0.0008323973835663015,1,0,18985.0,19000.0,30.230113787205482,30.230113787205482,0.0015940142679602184,0.0015927451756721617
PE--ZA,PE,ZA,10927.706572983134,10,10291.0,10250.0,10280.0,10275.000000024776,281.16622209014446,79054.44444444444,9820.0,10850.0,10175.0,10422.5,247.5,150.0,0.027321564676916186,1,0,10119.0,10462.0,636.7065729831338,-636.7065729831338,-0.05826534311941362,-0.06003172467906133
PH--PK,PH,PK,5243.043281285031,10,4927.5,4770.0,4905.625,4779.825999992349,219.8642257798612,48340.277777777774,4750.0,5280.0,4760.0,5146.25,386.25,20.0,0.04461983273056543,0,0,4800.0,5056.5125,315.5432812850313,-315.5432812850313,-0.06018323030278208,-0.06207034857262438
PH--PL,PH,PL,9401.353126559421,10,9424.5,9430.0,9425.625,9426.918500031714,14.615440845595836,213.61111111111114,9400.0,9440.0,9420.0,9433.75,13.75,10.0,0.001550792174183865,0,0,9415.0,9432.0,23.14687344057893,23.14687344057893,0.0024620789293817225,0.0024590529787894963
PH--PT,PH,PT,12158.658514091412,10,11584.5,11385.0,11547.5,11387.728166663628,353.30542342599585,124824.72222222222,11330.0,12135.0,11362.5,11883.75,521.25,32.5,0.03049811588122024,0,0,11425.5,11804.0125,574.1585140914121,-574.1585140914121,-0.047222192598466745,-0.04837355319222797
PH--RU,PH,RU,8263.687185942246,10,8229.0,8230.0,8230.0,8232.167714285742,16.6332999331662,276.6666666666667,8200.0,8250.0,8230.0,8240.0,10.0,10.0,0.002021302701806562,2,0,8218.975,8237.0,34.68718594224629,-34.68718594224629,-0.004197543440566618,-0.004206377856598111
PH--SA,PH,SA,7777.541785883041,10,7773.5,7777.5,7773.75,7775.0870000002315,12.48332220738267,155.83333333333334,7760.0,7785.0,7760.0,7785.0,25.0,7.5,0.0016058818045131113,0,0,7766.0,7780.0,4.041785883040575,-4.041785883040575,-0.0005196739528133158,-0.0005198090301213535
PH--SE,PH,SE,9334.537508472053,10,9297.5,9280.0,9304.375,9288.413000000026,96.47250615820263,9306.944444444445,9100.0,9440.0,9271.25,9337.5,66.25,25.0,0.010376177053853469,2,0,9238.4375,9351.5125,37.03750847205265,-37.03750847205265,-0.003967792559453246,-0.003975685132663908
PH--SG,PH,SG,2390.7414869355152,10,2395.0,2395.0,2395.0,2395.0,0.0,0.0,2395.0,2395.0,2395.0,2395.0,0.0,0.0,0.0,0,0,2395.0,2395.0,4.2585130644847595,4.2585130644847595,0.0017812520039309557,0.0017796674559539091
PH--SN,PH,SN,14418.882901521349,10,14296.5,14315.0,14283.125,14286.042166665366,136.8301867279293,18722.499999999996,14150.0,14550.0,14158.75,14387.5,228.75,107.5,0.00957088705123137,0,0,14218.5,14383.0,122.38290152134869,-122.38290152134869,-0.008487682600462478,-0.008523908104456199
PH--TH,PH,TH,2210.5386059799803,10,2208.2,2209.0,2209.0,2208.946377777773,3.0477678535099892,9.288888888888888,2200.0,2210.0,2208.0,2210.0,2.0,1.0,0.001380204625264917,1,0,2206.0,2209.6,2.338605979980457,-2.338605979980457,-0.0010579349185099174,-0.001058494926658776
PH--TR,PH,TR,8825.320128288235,10,8398.0,8400.0,8401.25,8402.630499999741,38.23901439919997,1462.2222222222224,8330.0,8440.0,8385.0,8430.0,45.0,30.0,0.0045533477493688935,0,0,8375.0,8420.0,427.3201282882346,-427.3201282882346,-0.04841978784639486,-0.049631295059571146
PH--TZ,PH,TZ,9678.483597737211,10,9687.0,9745.0,9698.75,9711.677142374338,161.59276661479072,26112.222222222223,9400.0,9880.0,9597.5,9780.0,182.5,100.0,0.01668140462628169,0,0,9590.0,9777.025,8.516402262788688,8.516402262788688,0.0008799314662040433,0.0008795445534659055
PH--UA,PH,UA,8803.13834931306,10,8639.5,8672.5,8649.375,8685.833333337596,217.7721796332631,47424.72222222221,8250.0,8950.0,8642.5,8745.0,102.5,67.5,0.025206572097142554,3,0,8509.9875,8758.0375,163.63834931305973,-163.63834931305973,-0.01858863769031064,-0.018763577739299736
PH--US,PH,US,13794.409050888704,10,13738.5,13715.0,13730.625,13716.965200035514,48.536927522591846,2355.833333333334,13700.0,13840.0,13711.25,13763.75,52.5,10.0,0.003532913165381362,0,0,13711.9875,13768.0,55.90905088870386,-55.90905088870386,-0.00405302254576117,-0.004061258302309655
PH--VN,PH,VN,1753.51520467526,10,1752.0,1750.0,1751.25,1750.2499999978606,4.216370213557839,17.77777777777778,1750.0,1760.0,1750.0,1750.0,0.0,0.0,0.002406604003172283,2,0,1750.0,1755.0,1.5152046752600654,-1.5152046752600654,-0.000864095544321597,-0.0008644690900781622
PH--ZA,PH,ZA,10977.236086385761,10,11008.0,10987.5,11000.625,11000.988999999961,78.53520088328403,6167.777777777777,10925.0,11150.0,10950.0,11050.0,100.0,60.0,0.007134375080240192,0,0,10964.0,11053.0,30.763913614238845,30.763913614238845,0.0028025190833230787,0.0027985993484304313
PK--PL,PK,PL,4602.495627474602,10,4744.0,4760.0,4743.75,4751.036333334283,59.665735560705194,3560.0000000000005,4660.0,4830.0,4685.0,4785.0,100.0,35.0,0.0125770943424758,0,0,4707.0,4777.025,141.50437252539814,141.50437252539814,0.03074514002374878,0.030281977603457286
PK--PT,PK,PT,7163.814796154422,10,6898.0,6885.0,6887.5,6891.666666680402,150.83471454247893,22751.111111111106,6700.0,7180.0,6812.5,6967.5,155.0,85.0,0.021866441655911704,0,0,6815.0,6991.025,265.81479615442186,-265.81479615442186,-0.03710520214692217,-0.03781111733323466
PK--RU,PK,RU,3663.3667982996626,10,3809.5,3815.0,3809.375,3812.776100000138,8.3166499665831,69.16666666666667,3800.0,3820.0,3800.0,3815.0,15.0,2.5,0.002183134260817194,0,0,3804.5,3814.5,146.1332017003374,146.1332017003374,0.03989040949111745,0.03911533211158421
PK--SA,PK,SA,2746.9203972212576,10,2734.5,2735.0,2733.75,2733.54657142858,14.230249470757707,202.5,2715.0,2760.0,2722.5,2740.0,17.5,10.0,0.0052039676250713865,0,0,2726.5,2743.0,12.420397221257645,-12.420397221257645,-0.004521571587521039,-0.004531824811128554
PK--SE,PK,SE,4893.339704305134,10,5128.5,5145.0,5126.875,5126.875000003313,80.89945749028372,6544.7222222222235,5010.0,5260.0,5060.0,5185.0,125.0,70.0,0.015774487177592614,0,0,5082.0,5176.5,235.16029569486636,235.16029569486636,0.04805721856750996,0.04693818227820232
PK--SG,PK,SG,4805.798234579985,10,4731.0,4730.0,4730.0,4730.111111111111,3.1622776601683795,10.000000000000002,4730.0,4740.0,4730.0,4730.0,0.0,0.0,0.0006684163306210905,1,0,4730.0,4733.0,74.79823457998464,-74.79823457998464,-0.015564164563084664,-0.015686557798975986
PK--SN,PK,SN,9176.75777699108,10,8793.0,8790.0,8772.5,8779.658571415399,270.6802131257063,73267.77777777778,8400.0,9350.0,8650.0,8937.5,287.5,150.0,0.03078360208412445,0,0,8642.925,8973.0,383.7577769910804,-383.7577769910804,-0.041818448990042834,-0.042718008517306165
PK--TH,PK,TH,3537.00596976539,10,3337.5,3410.0,3350.0,3386.854428565563,201.27717207870344,40512.5,3035.0,3540.0,3165.0,3493.75,328.75,105.0,0.06030776691496732,0,0,3216.0,3451.5375,199.5059697653901,-199.5059697653901,-0.05640532457982347,-0.05805857430029833
PK--TR,PK,TR,3630.164700361784,10,3302.5,3290.0,3296.875,3296.8750000045807,80.1127677436971,6418.055555555556,3180.0,3470.0,3262.5,3343.75,81.25,47.5,0.024258218847448026,1,0,3255.9875,3354.525,327.66470036178407,-327.66470036178407,-0.09026166232323532,-0.09459826183362945
PK--TZ,PK,TZ,5918.593677349072,10,5435.5,5445.0,5424.375,5424.374999997059,110.16275837747226,12135.833333333334,5290.0,5670.0,5350.0,5478.75,128.75,80.0,0.020267272261516374,0,0,5375.0,5501.0125,483.0936773490721,-483.0936773490721,-0.08162305163774124,-0.08514735351161029
PK--UA,PK,UA,3917.0789197104828,10,3932.5,3950.0,3933.125,3932.500000000196,82.16683569962329,6751.388888888889,3820.0,4040.0,3852.5,4001.25,148.75,85.0,0.020894300241480812,0,0,3888.4875,3981.5125,15.42108028951725,15.42108028951725,0.003936882714289822,0.0039291534709783235
PK--US,PK,US,11400.093863122374,10,11208.5,11215.0,11210.625,11212.93171428547,46.43095231990545,2155.8333333333335,11130.0,11270.0,11185.0,11243.75,58.75,30.0,0.0041424768987737386,0,0,11182.0,11235.5,191.5938631223744,-191.5938631223744,-0.016806340844451494,-0.01694916994196606
PK--VN,PK,VN,3505.121440740511,10,3380.5,3350.0,3371.875,3371.8749999985184,95.40702280230738,9102.5,3250.0,3580.0,3320.0,3441.25,121.25,57.5,0.02822275485943126,0,0,3328.0,3438.0,124.62144074051093,-124.62144074051093,-0.035554100720168694,-0.03620154019522719
PK--ZA,PK,ZA,8112.013533205837,10,8020.0,8045.0,8040.0,8035.845374991113,156.43600040343088,24472.222222222226,7700.0,8180.0,7946.25,8152.5,206.25,122.5,0.01950573571115098,0,0,7922.9625,8105.5125,92.01353320583712,-92.01353320583712,-0.011342872251037002,-0.011407693263617813
PL--PT,PL,PT,2764.3828082154164,10,2760.0,2760.0,2760.0,2760.0,0.0,0.0,2760.0,2760.0,2760.0,2760.0,0.0,0.0,0.0,0,0,2760.0,2760.0,4.382808215416389,-4.382808215416389,-0.0015854563276805245,-0.0015867144935845488
PL--RU,PL,RU,1153.7042757281965,10,1150.4,1150.0,1150.375,1150.4,0.5163977794943223,0.2666666666666667,1150.0,1151.0,1150.0,1151.0,1.0,0.0,0.0004488854133295569,0,0,1150.1,1150.7,3.304275728196444,-3.304275728196444,-0.002864057798616415,-0.0028681670601371787
PL--SA,PL,SA,3759.573078472261,10,3822.0,3815.0,3820.625,3820.9811426435604,70.75780286771676,5006.666666666666,3740.0,3915.0,3760.0,3892.5,132.5,60.0,0.018513292220752684,0,0,3780.975,3861.5125,62.42692152773907,62.42692152773907,0.01660479001863341,0.016468437822273075
PL--SE,PL,SE,811.0678916510533,10,810.0,810.0,810.0,810.0,0.0,0.0,810.0,810.0,810.0,810.0,0.0,0.0,0.0,0,0,810.0,810.0,1.0678916510532872,-1.0678916510532872,-0.0013166489045441433,-0.0013175164482970775
PL--SG,PL,SG,9407.779211369656,10,9417.5,9415.0,9416.875,9415.741299999989,6.7700320038633,45.833333333333336,9410.0,9430.0,9415.0,9422.5,7.5,2.5,0.0007188778342302416,0,0,9413.5,9422.0,9.720788630344032,9.720788630344032,0.0010332713398073896,0.0010327378824157162
PL--SN,PL,SN,5374.182544640709,10,5199.5,5190.0,5193.125,5193.125000000362,89.20793437556749,7958.055555555556,5070.0,5380.0,5137.5,5245.0,107.5,60.0,0.0171570217089273,0,0,5151.5,5256.025,174.68254464070924,-174.68254464070924,-0.03250402143762454,-0.03304401061151508
PL--TH,PL,TH,8098.393477126799,10,8117.0,8115.0,8116.875,8117.167714250977,11.105554165971787,123.33333333333331,8100.0,8135.0,8115.0,8125.0,10.0,10.0,0.001368184571389896,0,0,8110.5,8123.5,18.606522873201357,18.606522873201357,0.002297557277965543,0.0022949219290475933
PL--TR,PL,TR,1643.9711830727663,10,1731.0,1735.0,1733.125,1733.14675,10.219806477837261,104.44444444444446,1705.0,1740.0,1730.0,1735.0,5.0,5.0,0.005903989877433426,1,0,1724.0,1736.0,87.02881692723372,87.02881692723372,0.05293816450271781,0.05158450825825683
PL--TZ,PL,TZ,6625.089583909204,10,6614.0,6582.5,6601.25,6585.774785714259,115.94538944405393,13443.333333333332,6480.0,6850.0,6542.5,6633.75,91.25,47.5,0.017530297768983055,2,0,6548.975,6685.0,11.089583909203611,-11.089583909203611,-0.0016738768236640336,-0.0016752793207645454
PL--UA,PL,UA,692.6191579526396,10,690.0,690.0,690.0,690.0,0.0,0.0,690.0,690.0,690.0,690.0,0.0,0.0,0.0,0,0,690.0,690.0,2.6191579526396254,-2.6191579526396254,-0.0037815268644629664,-0.0037886949136628264
PL--US,PL,US,7193.4756064615285,10,7211.3,7214.5,7211.75,7214.166666666667,4.831608887776871,23.344444444444452,7204.0,7215.0,7206.25,7215.0,8.75,0.5,0.0006700052539454566,0,0,7208.3,7213.9,17.824393538471668,17.824393538471668,0.0024778555615676146,0.002474790739223027
PL--VN,PL,VN,7841.5860049775565,10,7835.5,7835.0,7836.25,7836.1304444445,12.349089035228468,152.49999999999997,7815.0,7850.0,7826.25,7847.5,21.25,10.0,0.0015760435243734885,0,0,7828.5,7843.0,6.086004977556513,-6.086004977556513,-0.0007761191388697817,-0.0007764204752540068
PL--ZA,PL,ZA,8664.282423992168,10,8676.0,8660.0,8676.875,8671.032500000732,84.64960458003071,7165.555555555557,8520.0,8825.0,8635.0,8736.25,101.25,37.5,0.00975675479253466,0,0,8625.5,8726.5125,11.717576007831667,11.717576007831667,0.0013524000528173756,0.001351486383537391
PT--RU,PT,RU,3914.4159356158557,10,3901.0,3900.0,3900.0,3900.1111111111113,3.1622776601683795,10.000000000000002,3900.0,3910.0,3900.0,3900.0,0.0,0.0,0.0008106325711787695,1,0,3900.0,3903.0,13.415935615855688,-13.415935615855688,-0.0034273147862977304,-0.003433201483845577
PT--SA,PT,SA,5439.2308630361285,10,5038.0,5035.0,5037.5,5036.034142857177,9.189365834726814,84.44444444444444,5030.0,5050.0,5030.0,5047.5,17.5,5.0,0.0018240106857337862,0,0,5033.0,5044.0,401.23086303612854,-401.23086303612854,-0.07376610280744089,-0.07662848747026496
PT--SE,PT,SE,2995.36350558735,10,2989.0,2990.0,2990.0,2989.8888888888887,3.1622776601683795,10.000000000000002,2980.0,2990.0,2990.0,2990.0,0.0,0.0,0.0010579717832614184,1,0,2987.0,2990.0,6.363505587350119,-6.363505587350119,-0.002124451865518179,-0.0021267117145768876
PT--SG,PT,SG,11895.612616239241,10,11699.0,11705.0,11711.25,11711.666666666923,164.48235298792525,27054.444444444445,11400.0,11900.0,11612.5,11827.5,215.0,125.0,0.01405952243678308,0,0,11607.0,11792.0,196.6126162392411,-196.6126162392411,-0.016528162321866154,-0.01666627635900705
PT--SN,PT,SN,2783.0075400457886,10,2792.5,2792.5,2792.5,2792.5,2.6352313834736494,6.944444444444444,2790.0,2795.0,2790.0,2795.0,5.0,2.5,0.0009436817845921752,0,0,2791.0,2794.0,9.492459954211427,9.492459954211427,0.0034108639008772674,0.003405060098178401
PT--TH,PT,TH,10700.203395730496,10,10320.0,10310.0,10307.5,10305.131785713578,203.56544129318436,41438.88888888889,10060.0,10680.0,10162.5,10436.25,273.75,162.5,0.019725333458641896,0,0,10202.4875,10445.5625,380.2033957304957,-380.2033957304957,-0.0355323522057722,-0.036178990180551394
PT--TR,PT,TR,3591.021107942153,10,3242.0,3127.5,3217.5,3131.673857142186,195.47946752081717,38212.22222222221,3110.0,3570.0,3120.0,3372.5,252.5,15.0,0.060295949266137315,0,0,3126.45,3372.0375,349.02110794215287,-349.02110794215287,-0.09719271968918072,-0.10224616992548143
PT--TZ,PT,TZ,6791.6053069734035,10,6884.5,6850.0,6859.375,6859.577222223715,136.51312513210345,18635.833333333336,6750.0,7220.0,6797.5,6916.25,118.75,75.0,0.01982905441674827,1,0,6816.5,6977.5125,92.89469302659654,92.89469302659654,0.01367786978598642,0.013585172040348528
PT--UA,PT,UA,3358.8699560469204,10,3118.0,3112.5,3117.5,3117.9999999988268,267.84323773431356,71740.00000000001,2860.0,3380.0,2865.0,3375.0,510.0,247.5,0.08590225713095367,0,0,2965.4875,3273.0,240.86995604692038,-240.86995604692038,-0.07171160515258591,-0.0744128241653135
PT--US,PT,US,5747.733844579292,10,5738.5,5740.0,5737.5,5739.655285731686,21.864481598143495,478.05555555555554,5700.0,5785.0,5736.25,5743.75,7.5,5.0,0.0038101388164404454,3,0,5725.0,5751.5,9.233844579292054,-9.233844579292054,-0.0016065191654621455,-0.0016078110011345688
PT--VN,PT,VN,10555.511894474732,10,10070.0,10070.0,10070.625,10070.7413,4.714045207910317,22.222222222222225,10060.0,10075.0,10070.0,10073.75,3.75,2.5,0.00046812762739923704,1,0,10067.0,10072.5,485.5118944747319,-485.5118944747319,-0.045996053941152054,-0.04708747121237579
PT--ZA,PT,ZA,8125.504330805197,10,8126.0,8150.0,8157.5,8154.137666666739,115.77756451249286,13404.444444444445,7800.0,8200.0,8150.0,8167.5,17.5,5.0,0.014247792827035794,2,0,8052.0,8171.0,0.4956691948027583,0.4956691948027583,6.100165289723499e-05,6.0999792372076166e-05
RU--SA,RU,SA,3534.752218874367,10,3527.5,3530.0,3528.125,3528.333333333368,13.385315336840842,179.16666666666666,3500.0,3550.0,3525.0,3530.0,5.0,5.0,0.0037945613995296504,4,0,3519.5,3535.0,7.252218874366918,-7.252218874366918,-0.0020516908754289907,-0.0020537984764103815
RU--SE,RU,SE,1229.9731142543035,10,1230.0,1230.0,1230.0,1230.0,0.0,0.0,1230.0,1230.0,1230.0,1230.0,0.0,0.0,0.0,0,0,1230.0,1230.0,0.026885745696517915,0.026885745696517915,2.1858807631594414e-05,2.185856873124878e-05
RU--SG,RU,SG,8423.25704331817,10,8250.0,8250.0,8250.0,8250.0,0.0,0.0,8250.0,8250.0,8250.0,8250.0,0.0,0.0,0.0,0,0,8250.0,8250.0,173.25704331816996,-173.25704331816996,-0.020568889495733458,-0.020783375358021935
RU--SN,RU,SN,6512.783222072082,10,6573.0,6600.0,6580.0,6584.264142857398,71.34423592694787,5090.0,6440.0,6650.0,6515.0,6622.5,107.5,45.0,0.010854135999839932,0,0,6529.975,6610.025,60.216777927917974,60.216777927917974,0.009245936165024027,0.009203454153779033
RU--TH,RU,TH,7067.659230722097,10,7065.0,7065.0,7065.0,7065.0,0.0,0.0,7065.0,7065.0,7065.0,7065.0,0.0,0.0,0.0,0,0,7065.0,7065.0,2.6592307220971634,-2.6592307220971634,-0.00037625338677024355,-0.00037632418783578765
RU--TR,RU,TR,1794.0390917111781,10,1798.5,1800.0,1798.75,1799.5714285737715,2.41522945769824,5.833333333333334,1795.0,1800.0,1796.25,1800.0,3.75,0.0,0.0013429132375302973,0,0,1797.0,1800.0,4.460908288821884,4.460908288821884,0.0024865167706947847,0.0024834305028485675
RU--TZ,RU,TZ,6867.0776383606935,10,6850.5,6850.0,6850.625,6854.89559989005,65.25377809411158,4258.055555555557,6750.0,6950.0,6840.0,6887.5,47.5,30.0,0.009525403706898998,2,0,6810.0,6887.5,16.577638360693527,-16.577638360693527,-0.002414074695775674,-0.002416993272147823
RU--UA,RU,UA,758.4899016199972,10,754.0,755.0,754.375,754.75,2.1081851067789197,4.444444444444445,750.0,755.0,755.0,755.0,0.0,0.0,0.002796001467876551,2,0,752.5,755.0,4.489901619997227,-4.489901619997227,-0.005919527221664532,-0.005937117073015382
RU--US,RU,US,7841.159346134234,10,7827.5,7825.0,7825.0,7825.111111111111,7.905694150420948,62.5,7825.0,7850.0,7825.0,7825.0,0.0,0.0,0.0010099896710853973,1,0,7825.0,7832.5,13.659346134233601,-13.659346134233601,-0.0017420059370388628,-0.0017435249937747892
RU--VN,RU,VN,6741.157984103333,10,6702.5,6735.0,6714.375,6733.771750000106,69.93052107469083,4890.277777777778,6570.0,6740.0,6730.0,6738.75,8.75,5.0,0.010433498108868457,2,0,6654.4875,6736.5,38.65798410333264,-38.65798410333264,-0.005734620697882173,-0.0057511267694453135
RU--ZA,RU,ZA,9069.35134739535,10,9187.0,9190.0,9190.0,9189.463777777717,16.36391694484477,267.7777777777778,9150.0,9200.0,9180.0,9200.0,20.0,10.0,0.001781203542488818,0,0,9177.0,9196.0,117.64865260465012,117.64865260465012,0.012972113230395241,0.012888695993636417
SA--SE,SA,SE,4455.253572286667,10,4606.0,4622.5,4600.0,4599.999999837637,58.299990470744405,3398.8888888888882,4530.0,4730.0,4560.0,4628.75,68.75,35.0,0.012657401318007903,0,0,4574.4875,4641.5125,150.7464277133331,150.7464277133331,0.0338356561007059,0.03327582351265608
SA--SG,SA,SG,6650.377147627449,10,6653.0,6650.0,6651.875,6650.833333333086,18.135294011647257,328.88888888888886,6630.0,6685.0,6646.25,6657.5,11.25,7.5,0.002725882160175448,2,0,6643.5,6663.0,2.6228523725512787,2.6228523725512787,0.0003943915231163984,0.00039431377122207804
SA--SN,SA,SN,6769.35265921719,10,6705.0,6725.0,6721.25,6716.6666667035815,192.65686249564706,37116.66666666666,6330.0,6950.0,6612.5,6825.0,212.5,125.0,0.02873331282559986,0,0,6582.975,6820.0,64.3526592171902,-64.3526592171902,-0.009506471660856261,-0.009551946596180007
SA--TH,SA,TH,5743.87829967849,10,5650.0,5645.0,5648.75,5649.137666666727,18.856180831641268,355.5555555555556,5630.0,5680.0,5632.5,5667.5,35.0,15.0,0.0033373771383435873,0,0,5639.0,5661.0,93.8782996784903,-93.8782996784903,-0.016344061412955958,-0.016479098981239317
SA--TR,SA,TR,2136.6388154460656,10,2060.5,2065.0,2065.625,2063.891285715586,46.335131859577615,2146.9444444444443,1950.0,2130.0,2050.0,2073.75,23.75,15.0,0.022487324367666883,2,0,2030.9875,2084.5,76.13881544606556,-76.13881544606556,-0.03563485550091445,-0.036285275490142065
SA--TZ,SA,TZ,3613.574172900528,10,3856.5,3862.5,3858.125,3861.2329999947,87.30692985095742,7622.499999999999,3720.0,3980.0,3798.75,3915.0,116.25,65.0,0.022638903111877978,0,0,3808.0,3907.0125,242.92582709947192,242.92582709947192,0.06722591414374685,0.0650626782529886
SA--UA,SA,UA,3186.9350881907417,10,3134.5,3130.0,3133.125,3131.2238999999445,13.834337312964756,191.3888888888889,3120.0,3160.0,3126.25,3145.0,18.75,7.5,0.004413570685265515,0,0,3127.5,3143.0,52.43508819074168,-52.43508819074168,-0.016453139690557568,-0.016589995811779234
SA--US,SA,US,10867.268528060538,10,10855.5,10677.5,10808.125,10691.910700205088,301.62937154358457,90980.27777777778,10640.0,11450.0,10652.5,10925.0,272.5,32.5,0.027785857081072687,1,0,10699.9625,11033.025,11.768528060538301,-11.768528060538301,-0.001082933400435501,-0.0010835201964893662
SA--VN,SA,VN,6031.190406332703,10,5881.0,5850.0,5870.0,5857.930399929886,76.94875639743057,5921.111111111112,5800.0,6050.0,5850.0,5890.0,40.0,20.0,0.0130842979760977,2,0,5841.975,5926.025,150.19040633270288,-150.19040633270288,-0.024902282337994856,-0.025217589763221353
SA--ZA,SA,ZA,5917.429203536842,10,5980.5,5985.0,5984.375,5984.375000417549,113.00073746072043,12769.166666666666,5780.0,6150.0,5905.0,6072.5,167.5,90.0,0.018894864553251473,0,0,5911.9875,6042.0625,63.07079646315833,63.07079646315833,0.010658479264181307,0.01060207808729726
SE--SG,SE,SG,9642.063064390362,10,9192.0,9050.0,9155.0,9050.42857142857,235.07918287722165,55262.222222222226,9050.0,9630.0,9050.0,9312.5,262.5,0.0,0.025574323637643784,0,0,9050.0,9339.0,450.06306439036234,-450.06306439036234,-0.04667705048025616,-0.04780155600782477
SE--SN,SE,SN,5745.792432019775,10,5460.0,5440.0,5451.25,5444.999999997436,80.4155872120988,6466.666666666668,5350.0,5640.0,5422.5,5470.0,47.5,30.0,0.01472812952602542,2,0,5419.975,5512.025,285.79243201977533,-285.79243201977533,-0.0497394285298456,-0.05101904623895479
SE--TH,SE,TH,8272.314412775979,10,8285.0,8287.5,8285.625,8286.695666666737,5.773502691896258,33.33333333333334,8275.0,8290.0,8280.0,8290.0,10.0,2.5,0.00069686212334294,0,0,8282.0,8288.0,12.68558722402122,12.68558722402122,0.0015334991625111912,0.0015323245533585008
SE--TR,SE,TR,2396.709100197568,10,2574.0,2625.0,2585.0,2623.965857142422,87.17160597860342,7598.888888888888,2430.0,2630.0,2522.5,2630.0,107.5,5.0,0.03386620278889022,0,0,2520.5,2615.0,177.2908998024318,177.2908998024318,0.07397264014553004,0.07136452103735429
SE--TZ,SE,TZ,7432.885078261827,10,7409.5,7385.0,7415.625,7396.405666667081,103.29165826274,10669.166666666664,7230.0,7540.0,7353.75,7511.25,157.5,45.0,0.0139404356923868,0,0,7347.4875,7468.525,23.385078261827402,-23.385078261827402,-0.00314616437838105,-0.0031511239586974127
SE--UA,SE,UA,1268.7278771135018,10,1246.5,1252.5,1249.375,1252.2201249999473,18.715709384839727,350.2777777777778,1210.0,1260.0,1246.25,1260.0,13.75,7.5,0.015014608411423767,2,0,1234.5,1256.0,22.22787711350179,-22.22787711350179,-0.017519814543740225,-0.01767510291663172
SE--US,SE,US,6652.678579380046,10,6636.5,6635.0,6636.25,6636.666666666502,7.8351061823621055,61.388888888888886,6625.0,6650.0,6635.0,6640.0,5.0,5.0,0.0011806081793659467,3,0,6632.0,6641.0,16.178579380046358,-16.178579380046358,-0.002431889529458376,-0.002434851375696443
SE--VN,SE,VN,7892.32864786669,10,8297.5,8295.0,8296.875,8297.47100007358,15.500896031448562,240.27777777777777,8280.0,8320.0,8282.5,8310.0,27.5,15.0,0.0018681405280444184,0,0,8288.4875,8306.5,405.1713521333104,405.1713521333104,0.051337364447288814,0.05006303415259797
SE--ZA,SE,ZA,9472.211944742652,10,9556.0,9555.0,9557.5,9560.0000000005,56.01587076693335,3137.777777777778,9450.0,9650.0,9550.0,9577.5,27.5,20.0,0.005861853366150413,3,0,9522.0,9587.0,83.78805525734788,83.78805525734788,0.008845669390226497,0.00880677564925095
SG--SN,SG,SN,13335.9357376055,10,13718.5,13630.0,13710.0,13699.712500914304,268.32867490780365,72000.27777777777,13385.0,14120.0,13500.0,13940.0,440.0,187.5,0.019559622036505714,0,0,13564.45,13861.525,382.5642623945005,382.5642623945005,0.028686720596269973,0.02828296015373704
SG--TH,SG,TH,1425.9530991897677,10,1430.0,1430.0,1430.0,1430.0,0.0,0.0,1430.0,1430.0,1430.0,1430.0,0.0,0.0,0.0,0,0,1430.0,1430.0,4.046900810232273,4.046900810232273,0.0028380321993281116,0.0028340125893384555
SG--TR,SG,TR,8304.654710456407,10,8242.5,8280.0,8257.5,8273.565333334422,100.9744192027532,10195.833333333334,8025.0,8340.0,8180.0,8312.5,132.5,40.0,0.012250460321838422,0,0,8181.975,8298.0,62.154710456406974,-62.154710456406974,-0.007484322060753213,-0.00751247013321426
SG--TZ,SG,TZ,7613.028423154926,10,7872.0,7900.0,7890.0,7878.333333331909,188.85914798541737,35667.777777777774,7480.0,8120.0,7777.5,7932.5,155.0,95.0,0.0239912535550581,1,0,7760.5,7979.025,258.9715768450742,258.9715768450742,0.034016893468756214,0.033451113930294527
SG--UA,SG,UA,8722.82379061632,10,8685.5,8720.0,8704.375,8728.734642399015,231.90575192904936,53780.27777777778,8260.0,8960.0,8643.75,8860.0,216.25,137.5,0.02670033411191634,1,0,8547.4375,8807.0375,37.32379061631946,-37.32379061631946,-0.004278865595848785,-0.0042880461388080824
SG--US,SG,US,15552.300405735941,10,15575.5,15600.0,15569.375,15573.198000000084,71.35396897782833,5091.388888888888,15500.0,15700.0,15500.0,15611.25,111.25,70.0,0.004581167152118926,0,0,15534.0,15619.5,23.19959426405876,23.19959426405876,0.00149171464406014,0.0014906031429947216
SG--VN,SG,VN,2194.5074422305775,10,2201.5,2200.0,2200.625,2200.25,3.3747427885527643,11.388888888888888,2200.0,2210.0,2200.0,2200.0,0.0,0.0,0.0015329288160584893,2,0,2200.0,2203.5,6.992557769422547,6.992557769422547,0.0031863905470810596,0.003181324762913728
SG--ZA,SG,ZA,8639.510334138995,10,8655.0,8655.0,8655.0,8655.0,5.270462766947299,27.777777777777775,8650.0,8660.0,8650.0,8660.0,10.0,5.0,0.0006089500597281685,0,0,8652.0,8658.0,15.48966586100505,15.48966586100505,0.0017928870111767435,0.0017912817077247276
SN--TH,SN,TH,12510.120375362725,10,12671.0,12730.0,12685.0,12719.999999984968,245.19606667137037,60121.1111111111,12250.0,12980.0,12617.5,12817.5,200.0,120.0,0.019350964144216744,2,0,12509.0,12796.15,160.8796246372749,160.8796246372749,0.012859958162681569,0.01277797105309272
SN--TR,SN,TR,5615.258437383409,10,5269.0,5250.0,5263.75,5263.749999999933,100.16098153583671,10032.222222222223,5140.0,5440.0,5190.0,5342.5,152.5,80.0,0.019009485962390722,0,0,5213.0,5330.025,346.2584373834088,-346.2584373834088,-0.061663847041875046,-0.06364702215224076
SN--TZ,SN,TZ,6312.069329382219,10,6058.0,6090.0,6072.5,6080.447428572923,108.40254199561517,11751.11111111111,5850.0,6150.0,5975.0,6150.0,175.0,60.0,0.01789411389825275,0,0,5990.0,6116.0,254.0693293822187,-254.0693293822187,-0.04025135278529731,-0.04108385462063682
SN--UA,SN,UA,5842.247717044825,10,5868.5,5865.0,5861.25,5855.000000000234,121.42784780363284,14744.72222222222,5670.0,6125.0,5807.5,5887.5,80.0,50.0,0.020691462520854194,2,0,5803.0,5942.625,26.25228295517536,26.25228295517536,0.004493524449260175,0.0044834587107689845
SN--US,SN,US,6370.066844573844,10,6202.5,6195.0,6200.625,6200.9287222217645,28.795254238618327,829.1666666666667,6170.0,6250.0,6180.0,6227.5,47.5,22.5,0.004642523859511217,0,0,6186.0,6220.0,167.5668445738438,-167.5668445738438,-0.026305351052411757,-0.026657526598859567
SN--VN,SN,VN,12678.789553826642,10,11642.0,11550.0,11601.25,11599.999999996193,331.05219460918175,109595.55555555555,11260.0,12350.0,11490.0,11795.0,305.0,185.0,0.028436024274968368,1,0,11465.95,11847.05,1036.789553826642,-1036.789553826642,-0.0817735438722322,-0.08531123454815845
SN--ZA,SN,ZA,6672.5621271644495,10,6677.0,6710.0,6683.75,6693.924000002748,76.89097620801951,5912.222222222223,6550.0,6750.0,6642.5,6735.0,92.5,40.0,0.011515796945936725,0,0,6631.975,6718.0,4.437872835550479,4.437872835550479,0.000665092771108657,0.0006648716949303013
TH--TR,TH,TR,7141.388185297727,10,7487.5,7482.5,7483.125,7483.125000000002,25.954019170662395,673.6111111111111,7460.0,7550.0,7470.0,7497.5,27.5,12.5,0.003466313077884794,1,0,7473.5,7505.5,346.11181470227257,346.11181470227257,0.048465621210008906,0.04732778227674878
TH--TZ,TH,TZ,7486.47678677552,10,7505.0,7455.0,7476.25,7470.0000000192495,185.00750735518216,34227.77777777778,7290.0,7950.0,7415.0,7537.5,122.5,80.0,0.02465123349169649,1,0,7410.975,7626.0,18.52321322448006,18.52321322448006,0.002474223022664062,0.002471167172413147
TH--UA,TH,UA,7426.114052483925,10,7441.5,7450.0,7443.125,7449.571428571428,13.753787357185171,189.16666666666666,7420.0,7450.0,7431.25,7450.0,18.75,0.0,0.0018482547009588352,0,0,7432.5,7447.5,15.385947516075248,15.385947516075248,0.0020718706186486427,0.002069727254723029
TH--US,TH,US,14169.831963403985,10,14019.0,13840.0,14006.25,13840.666666666666,231.53833375922872,53609.99999999999,13840.0,14300.0,13840.0,14287.5,447.5,0.0,0.016516037788660298,0,0,13886.0,14157.0,150.83196340398536,-150.83196340398536,-0.010644583774425462,-0.010701642629361506
TH--VN,TH,VN,985.0733602712637,10,990.0,990.0,990.0,990.0,0.0,0.0,990.0,990.0,990.0,990.0,0.0,0.0,0.0,0,0,990.0,990.0,4.926639728736291,4.926639728736291,0.005001292215819969,0.004988827297098042
TH--ZA,TH,ZA,8961.095963147978,10,9571.0,9630.0,9627.5,9627.50000000051,190.46434486975946,36276.666666666664,9030.0,9660.0,9620.0,9630.0,10.0,10.0,0.019900150963301583,2,0,9449.0,9637.0,609.9040368520218,609.9040368520218,0.06806132189190019,0.06584515639146063
TR--TZ,TR,TZ,5114.021496230008,10,4739.5,4787.5,4746.875,4759.945833332666,114.95047242665474,13213.611111111111,4550.0,4870.0,4650.0,4830.0,180.0,62.5,0.0242537129289281,0,0,4675.0,4803.025,374.52149623000787,-374.52149623000787,-0.07323424363900316,-0.07605443535749379
TR--UA,TR,UA,1181.9288146082997,10,1165.5,1170.0,1166.25,1167.5174000003858,9.264628073124864,85.83333333333334,1150.0,1175.0,1161.25,1170.0,8.75,5.0,0.00794905883579997,0,0,1160.0,1170.5,16.428814608299717,-16.428814608299717,-0.013900003456421657,-0.01399751314899675
TR--US,TR,US,8744.489174947264,10,8429.0,8427.5,8429.375,8426.218928571425,28.06737924669451,787.7777777777777,8380.0,8475.0,8415.0,8437.5,22.5,12.5,0.003329858731367245,2,0,8413.5,8445.0,315.4891749472645,-315.4891749472645,-0.036078628337848806,-0.036745552363987945
TR--VN,TR,VN,7117.1512309835825,10,7153.5,7155.0,7156.25,7156.035374999989,28.58224001796298,816.9444444444445,7100.0,7185.0,7138.75,7177.5,38.75,22.5,0.00399556021779031,0,0,7137.0,7170.5,36.348769016417464,36.348769016417464,0.00510720762236692,0.0050942100728570165
TR--ZA,TR,ZA,7281.727679731044,10,7389.0,7425.0,7398.75,7420.069599999265,75.04813270310076,5632.222222222222,7250.0,7450.0,7357.5,7437.5,80.0,20.0,0.010156737407375932,0,0,7338.975,7431.0,107.27232026895581,107.27232026895581,0.01473171271806171,0.014624255109156771
TZ--UA,TZ,UA,6293.284789300669,10,6122.5,6102.5,6111.25,6111.675055552574,89.60561738343566,8029.166666666666,6015.0,6320.0,6075.0,6170.0,95.0,67.5,0.014635462210442736,1,0,6075.5,6179.0,170.78478930066922,-170.78478930066922,-0.027137622881936573,-0.027512648610797167
TZ--US,TZ,US,12407.335072981457,10,12489.0,12455.0,12495.0,12459.930400068963,160.44729144904045,25743.33333333333,12180.0,12750.0,12450.0,12527.5,77.5,20.0,0.01284708875402678,3,0,12398.0,12578.025,81.66492701854258,81.66492701854258,0.006581987714378594,0.00656042101601287
TZ--VN,TZ,VN,8220.893096074053,10,8244.5,8247.5,8235.0,8232.004500004401,165.43629186688955,27369.166666666664,8040.0,8525.0,8108.75,8337.5,228.75,127.5,0.020066261370233433,0,0,8154.9875,8344.025,23.606903925947336,23.606903925947336,0.002871574128268495,0.0028674590352622807
TZ--ZA,TZ,ZA,2303.9398317562473,10,2534.0,2495.0,2527.5,2514.7099999960374,93.23804659758447,8693.333333333334,2440.0,2680.0,2460.0,2625.0,165.0,50.0,0.03679480923345875,0,0,2480.975,2589.025,230.06016824375274,230.06016824375274,0.09985511126320624,0.09517845409542572
UA--US,UA,US,7852.866380313801,10,7831.5,7825.0,7830.625,7825.666666666649,8.834905520465714,78.05555555555556,7825.0,7845.0,7825.0,7838.75,13.75,0.0,0.0011281243083018215,0,0,7826.9875,7837.0,21.36638031380062,-21.36638031380062,-0.002720838389325404,-0.0027245465979139345
UA--VN,UA,VN,7204.7219267397495,10,7241.5,7245.0,7242.5,7243.965857142898,9.732534213770956,94.72222222222224,7225.0,7250.0,7232.5,7250.0,17.5,5.0,0.001343994229616924,0,0,7235.5,7247.0,36.778073260250494,36.778073260250494,0.0051047179383497945,0.005091733036495534
UA--ZA,UA,ZA,8436.439872482457,10,8278.0,8270.0,8270.0,8265.83528570761,131.72361637577032,17351.111111111106,8120.0,8500.0,8172.5,8355.0,182.5,95.0,0.015912492918068413,0,0,8206.975,8367.0,158.43987248245685,-158.43987248245685,-0.018780418621751557,-0.01895901023532564
US--VN,US,VN,13362.734799118152,10,13294.5,13320.0,13291.875,13294.499999998401,124.28573709176949,15446.944444444447,13150.0,13460.0,13162.5,13400.0,237.5,115.0,0.009348658249033021,0,0,13219.0,13363.5125,68.2347991181523,-68.2347991181523,-0.005106349871035031,-0.0051194318285747945
US--ZA,US,ZA,13024.504641792455,10,13109.0,13115.0,13111.25,13115.0,36.04010112206802,1298.8888888888887,13050.0,13150.0,13100.0,13135.0,35.0,20.0,0.0027492639501158,0,0,13087.0,13129.0,84.495358207545,84.495358207545,0.0064874143417646786,0.006466461639761785
VN--ZA,VN,ZA,9846.22426369883,10,10190.0,10200.0,10200.0,10200.0,126.49110640673517,16000.0,9950.0,10350.0,10150.0,10250.0,100.0,50.0,0.012413258724900409,1,0,10119.75,10260.0,343.7757363011697,343.7757363011697,0.034914473517387364,0.03431878902021448
