aggregation,algorithm,place_id,aligned_x,aligned_y,inferred_lat,inferred_lon,displacement_km
mean,spherical,AE,53.34314608176828,-24.036298350891006,24.036298350891006,53.34314608176829,114.26349613999808
mean,spherical,AO,11.637401607241003,9.329101647278206,-9.329101647278206,11.637401607240989,183.51126063805165
mean,spherical,AR,-58.25034647948269,34.505619971655726,-34.505619971655726,-58.25034647948269,17.261611934929604
mean,spherical,AT,16.206472536051905,-48.344979278112504,48.344979278112504,16.206472536051916,19.74892160208071
mean,spherical,AU,147.03436525225686,36.976585521722136,-36.976585521722136,147.0343652522569,266.1663776634964
mean,spherical,BD,89.8134098194148,-22.698943233863456,22.698943233863456,89.81340981941483,129.1989201872096
mean,spherical,BE,4.476927210985082,-51.06761634327947,51.06761634327947,4.476927210985098,27.77572306953276
mean,spherical,BF,-1.5495486339269746,-12.913390525326609,12.913390525326609,-1.5495486339269777,60.22201059685159
mean,spherical,BH,50.25251123877118,-26.19389186019355,26.19389186019355,50.25251123877117,33.30692615017888
mean,spherical,BO,-63.988258448243485,18.891566242787704,-18.891566242787704,-63.98825844824348,134.7112692632819
mean,spherical,BR,-47.26447338018062,16.458301890815267,-16.458301890815267,-47.264473380180625,102.65954455863212
mean,spherical,BW,24.932059726092007,23.520819990523922,-23.520819990523922,24.932059726092014,159.86527292739
mean,spherical,CA,-75.58492381331446,-44.93498549606779,44.93498549606779,-75.58492381331445,54.55713807525334
mean,spherical,CD,14.254175694644601,4.947712128983424,-4.947712128983424,14.254175694644603,136.10120017680282
mean,spherical,CH,7.800561258412245,-47.9274896933708,47.9274896933708,7.80056125841226,115.1642403632797
mean,spherical,CI,-4.970829189223252,-7.31804131791904,7.31804131791904,-4.970829189223277,64.94025220027655
mean,spherical,CL,-71.39184132067525,33.92952629411291,-33.92952629411291,-71.39184132067525,85.66711938155096
mean,spherical,CM,9.233726030957541,-4.5735317589383415,4.5735317589383415,9.233726030957554,264.8093918071651
mean,spherical,CN,115.63694148652633,-39.37530341180853,39.37530341180853,115.6369414865263,89.06116942726845
mean,spherical,CO,-72.17882061464873,-3.4038967206182686,3.4038967206182686,-72.17882061464871,249.72046017544073
mean,spherical,CR,-82.28632798536658,-8.171099279793877,8.171099279793877,-82.28632798536658,278.5782812192177
mean,spherical,CU,-76.68781631979908,-20.966995790982722,20.966995790982722,-76.68781631979908,632.7982819718719
mean,spherical,CZ,14.412775246136334,-50.34889644064804,50.34889644064804,14.41277524613633,29.53853756888561
mean,spherical,DE,13.525478454293534,-52.36117542137623,52.36117542137623,13.525478454293522,19.99118886232559
mean,spherical,DJ,40.89098374208956,-10.966255883897206,10.966255883897206,40.890983742089574,255.85653643914944
mean,spherical,DK,12.056866277053473,-56.19522375449973,56.19522375449973,12.056866277053466,65.29570663186283
mean,spherical,DZ,2.639966035449959,-35.906137894362104,35.906137894362104,2.6399660354499557,102.27652630360244
mean,spherical,EC,-77.09305202049039,2.044159675893549,-2.044159675893549,-77.09305202049038,256.8865945625648
mean,spherical,EG,31.224002798372965,-29.795268919102064,29.795268919102064,31.22400279837296,28.63050856710362
mean,spherical,ES,-3.3395529301685087,-40.97152160246452,40.97152160246452,-3.3395529301685176,69.71849129378694
mean,spherical,ET,37.23511327254644,-8.115218589117038,8.115218589117038,37.235113272546435,190.62886984271958
mean,spherical,FI,23.784257455717523,-61.15079461377806,61.15079461377806,23.78425745571754,124.98893890076907
mean,spherical,FJ,179.4758480205095,18.351239349975575,-18.351239349975575,179.47584802050952,111.87517919138067
mean,spherical,FR,2.864385210671429,-48.9720338314905,48.9720338314905,2.8643852106714296,40.60593627016955
mean,spherical,GB,0.05667239204385055,-51.95583697840347,51.95583697840347,0.056672392043865635,51.895565371290374
mean,spherical,GH,-1.3099185626382166,-7.449866684434575,7.449866684434575,-1.3099185626382162,243.04288774607707
mean,spherical,GR,23.417586183049366,-37.97858160158313,37.97858160158313,23.417586183049373,27.511913848322845
mean,spherical,GT,-86.74472044657608,-13.537284436127678,13.537284436127678,-86.74472044657608,425.6135888401032
mean,spherical,HU,18.6122824377683,-47.93698148647877,47.93698148647877,18.61228243776829,59.76086012957023
mean,spherical,IE,-5.78984659306326,-54.308064806737015,54.308064806737015,-5.789846593063243,112.35026763897609
mean,spherical,IN,77.69247594620646,-27.190364297002954,27.190364297002954,77.69247594620649,164.04873885039032
mean,spherical,IQ,43.70463629861618,-32.8802726691983,32.8802726691983,43.704636298616194,81.96089859743927
mean,spherical,IR,50.176848128975735,-34.52128845831021,34.52128845831021,50.17684812897574,171.07081452667848
mean,spherical,IS,-19.44351009881524,-64.00917763364666,64.00917763364666,-19.443510098815217,122.82503198431881
mean,spherical,IT,13.050582571392397,-42.437438132645916,42.437438132645916,13.05058257139239,76.160242369281
mean,spherical,JO,36.267913888794965,-31.552822460268118,31.552822460268118,36.267913888794965,54.61272559997397
mean,spherical,JP,138.93541598775505,-35.85332167539095,35.85332167539095,138.93541598775502,75.73688708780372
mean,spherical,KE,34.4442906345115,1.2466362428283884,-1.2466362428283884,34.444290634511525,263.5432825891309
mean,spherical,KH,106.95668598556426,-14.010170174680944,14.010170174680944,106.95668598556425,351.7646342909498
mean,spherical,KR,126.49811671069233,-37.2797912604426,37.2797912604426,126.4981167106923,54.553215547200026
mean,spherical,KW,48.194101792102856,-28.447621003445214,28.447621003445214,48.194101792102856,104.9122388071624
mean,spherical,LA,106.46995345880401,-19.017362091837068,19.017362091837068,106.46995345880403,424.4819902556404
mean,spherical,LB,34.7157264157604,-33.59934049782123,33.59934049782123,34.71572641576038,79.34829354956555
mean,spherical,MA,-6.747149769020041,-34.17413807270701,34.17413807270701,-6.7471497690200435,18.477658888027882
mean,spherical,MG,43.79039383691065,19.684609864017283,-19.684609864017283,43.79039383691065,400.10458430754136
mean,spherical,MN,108.77613850432414,-46.52516109979331,46.52516109979331,108.77613850432412,209.20014185246828
mean,spherical,MR,-13.301422142411724,-19.664078139880857,19.664078139880857,-13.30142214241174,331.53787744870164
mean,spherical,MX,-97.60185077998241,-19.605295567482298,19.605295567482298,-97.60185077998241,161.45289738162035
mean,spherical,MY,103.51488898307355,-4.06476119421827,4.06476119421827,103.51488898307356,224.9009581049532
mean,spherical,MZ,30.67027753867916,24.173396191250617,-24.173396191250617,30.670277538679144,276.49241560248373
mean,spherical,NA,16.97262988291891,22.865082328495912,-22.865082328495912,16.97262988291892,34.72734544674486
mean,spherical,NG,6.41010595509411,-9.112336291566248,9.112336291566248,6.4101059550940915,123.14824593544667
mean,spherical,NL,5.287856829527698,-52.563678277719774,52.563678277719774,5.28785682952771,34.550588591604466
mean,spherical,NO,10.232194161690046,-60.198540508489536,60.198540508489536,10.232194161690042,42.288031546517715
mean,spherical,NP,86.0274263677436,-27.020766847035485,27.020766847035485,86.02742636774359,104.76177015030962
mean,spherical,NZ,174.44063964066834,40.2355704541179,-40.2355704541179,174.4406396406683,121.82407516966873
mean,spherical,OM,56.764012967248874,-22.709680531610324,22.709680531610324,56.76401296724887,212.29493848051152
mean,spherical,PA,-77.28785780666435,-8.181496599873688,8.181496599873688,-77.28785780666436,262.16755029838015
mean,spherical,PE,-77.69099302019288,11.52331923252029,-11.52331923252029,-77.69099302019289,90.64498975483556
mean,spherical,PG,148.9126579100929,8.836966132489938,-8.836966132489938,148.9126579100929,201.3250095128762
mean,spherical,PH,121.48295413254175,-14.65396527788481,14.65396527788481,121.48295413254175,54.344763612191045
mean,spherical,PK,72.23745888690468,-30.527773616009718,30.527773616009718,72.23745888690466,363.5887023472297
mean,spherical,PL,20.329097154113242,-52.69750249604722,52.69750249604722,20.329097154113253,67.13683943806878
mean,spherical,PT,-8.27593080567334,-39.24074185361764,39.24074185361764,-8.27593080567333,94.65328009877035
mean,spherical,QA,51.483666421769556,-25.4155617357481,25.4155617357481,51.48366642176958,15.176205305612193
mean,spherical,RO,24.878022239094975,-45.11222411245156,45.11222411245156,24.878022239094953,122.22378004439173
mean,spherical,RS,19.97039912534342,-45.68349298477552,45.68349298477552,19.970399125343413,103.49758789797896
mean,spherical,RU,38.23818962441106,-55.8875461156117,55.8875461156117,38.23818962441108,41.74369606262184
mean,spherical,RW,27.450024053865206,2.1754930086233495,-2.1754930086233495,27.4500240538652,290.93764667215163
mean,spherical,SA,45.902074170658835,-24.69206727959899,24.69206727959899,45.902074170658835,87.95341101461587
mean,spherical,SB,164.48045248517758,9.523171669757593,-9.523171669757593,164.48045248517758,496.99571257812914
mean,spherical,SE,16.387653302704365,-59.44994812322001,59.44994812322001,16.387653302704365,97.25917803245122
mean,spherical,SG,104.93185471073593,-2.6245716253402223,2.6245716253402223,104.93185471073593,190.28482068333395
mean,spherical,SN,-17.14100743562156,-15.497452544131999,15.497452544131999,-17.141007435621567,93.82065852452092
mean,spherical,TH,101.87386524104556,-14.289713046399415,14.289713046399415,101.87386524104556,158.35344915209197
mean,spherical,TN,9.377863065579447,-37.05264829232924,37.05264829232924,9.377863065579456,76.49612322336031
mean,spherical,TO,-175.1782780668262,19.155594376014196,-19.155594376014196,-175.1782780668262,220.53486329868537
mean,spherical,TR,32.56076327056121,-40.37763641330312,40.37763641330312,32.5607632705612,56.07109108235555
mean,spherical,TZ,33.949421293074295,5.93264177905197,-5.93264177905197,33.949421293074316,201.03914616327677
mean,spherical,UA,29.629697396384273,-50.417017651455204,50.417017651455204,29.62969739638428,62.72429763324248
mean,spherical,UG,29.146413579735253,-0.6159725366022161,0.6159725366022161,29.14641357973525,383.36665247178564
mean,spherical,US,-76.72832859304704,-39.15886356687305,39.15886356687305,-76.72832859304704,37.63905742607332
mean,spherical,UY,-57.039436248889274,32.97289130939828,-32.97289130939828,-57.039436248889274,224.14441491403596
mean,spherical,UZ,68.54449635776092,-40.89519619307027,40.89519619307027,68.5444963577609,78.08936258811265
mean,spherical,VN,107.47693936893825,-21.275799177533816,21.275799177533816,107.47693936893826,171.01893074491895
mean,spherical,VU,171.73883588793126,16.96326809933058,-16.96326809933058,171.73883588793126,373.1697319700071
mean,spherical,WS,-173.11220251568716,13.305036910497538,-13.305036910497538,-173.11220251568716,160.0040307779417
mean,spherical,ZA,27.03376339923861,27.003149196652576,-27.003149196652576,27.033763399238595,187.0366879834044
mean,spherical,ZM,26.349462678564066,14.461748089982912,-14.461748089982912,26.349462678564073,233.04051571998065
mean,spherical,ZW,28.274365871762313,18.30866237194574,-18.30866237194574,28.274365871762303,297.7446469287143
mean,classical,AE,47.115973742706764,-38.1497098368169,,,
mean,classical,AO,5.946943293244587,-35.5307515082633,,,
mean,classical,AR,-38.975296231056575,23.021618386730452,,,
mean,classical,AT,17.987971099610416,-42.395718829213294,,,
mean,classical,AU,66.51168366307823,56.15046340759811,,,
mean,classical,BD,76.80786546587618,-25.260708363664722,,,
mean,classical,BE,12.366420994629943,-40.628117616731,,,
mean,classical,BF,-5.4280998904458,-50.457703032186686,,,
mean,classical,BH,43.921063748031436,-38.89631553623401,,,
mean,classical,BO,-44.58314095703837,19.6796834016508,,,
mean,classical,BR,-39.44191733211905,1.9612173284899654,,,
mean,classical,BW,18.911281747579924,-24.18192639020381,,,
mean,classical,CA,-9.693620463950513,0.21968514901483616,,,
mean,classical,CD,8.43397717549187,-36.54294647612552,,,
mean,classical,CH,13.179154069218646,-41.986821677091484,,,
mean,classical,CI,-8.987127179656756,-45.47211846570423,,,
mean,classical,CL,-37.93800590708652,34.78578874092846,,,
mean,classical,CM,3.010279720658847,-46.1701821869774,,,
mean,classical,CN,76.84796678717545,-11.072194373174696,,,
mean,classical,CO,-42.66129180794873,12.546905150552423,,,
mean,classical,CR,-35.41742458272027,23.405590917480794,,,
mean,classical,CU,-28.509349533249374,8.917210353845281,,,
mean,classical,CZ,17.741335295137187,-41.36584412044369,,,
mean,classical,DE,17.909689290530462,-39.845589873282606,,,
mean,classical,DJ,35.553508520827116,-40.12503626407824,,,
mean,classical,DK,18.30646471312867,-37.63542733838604,,,
mean,classical,DZ,4.5419565270788915,-47.916917851678505,,,
mean,classical,EC,-45.11083053152316,22.201248954216084,,,
mean,classical,EG,26.860818748075843,-46.00986576413418,,,
mean,classical,ES,3.198565135188076,-45.754982440518674,,,
mean,classical,ET,31.3091891183264,-39.896205833326505,,,
mean,classical,FI,24.96848190746041,-33.89348285957838,,,
mean,classical,FJ,55.83383166510736,81.45950979811668,,,
mean,classical,FR,10.70916172743607,-41.7648466656088,,,
mean,classical,GB,10.51341061316725,-39.623746753266985,,,
mean,classical,GH,-6.175610391951334,-48.245209787647624,,,
mean,classical,GR,20.752157606785385,-45.23688661635414,,,
mean,classical,GT,-29.402732496909348,23.168278357774206,,,
mean,classical,HU,19.476067057752637,-42.05493548844735,,,
mean,classical,IE,9.304360156929853,-38.00313271186782,,,
mean,classical,IN,67.4594759344556,-28.854990949671596,,,
mean,classical,IQ,37.33629387156199,-40.58218638632867,,,
mean,classical,IR,43.270134307967105,-39.899033796630434,,,
mean,classical,IS,10.752208870154211,-30.871816792881173,,,
mean,classical,IT,14.740204593753104,-44.37280795287113,,,
mean,classical,JO,31.579354644531925,-44.42726942171424,,,
mean,classical,JP,73.7706659896054,7.606188400310337,,,
mean,classical,KE,28.105893229400547,-39.07992776349242,,,
mean,classical,KH,89.28949618252283,-12.581590972463722,,,
mean,classical,KR,77.93388329648815,-3.461982945504859,,,
mean,classical,KW,41.81985961665896,-38.80385236179412,,,
mean,classical,LA,90.37987653035246,-15.735973371944434,,,
mean,classical,LB,29.227340869733077,-45.00381326509732,,,
mean,classical,MA,-2.7095796034328323,-49.513841434075225,,,
mean,classical,MG,37.048890689529536,-26.969887317675116,,,
mean,classical,MN,72.80143636479268,-16.64122883939976,,,
mean,classical,MR,-13.050027986589722,-49.298211998201836,,,
mean,classical,MX,-20.195964617272192,29.89415791340192,,,
mean,classical,MY,91.57708729497212,-12.593274443031238,,,
mean,classical,MZ,23.604656296250372,-25.987550334230537,,,
mean,classical,NA,11.477627257326025,-24.595058746209972,,,
mean,classical,NG,1.08234346007837,-46.690638344389065,,,
mean,classical,NL,13.426294446277806,-40.03616626838786,,,
mean,classical,NO,18.546057800449358,-34.32179419133827,,,
mean,classical,NP,74.71547865525912,-28.28921945735012,,,
mean,classical,NZ,51.71204727808134,83.27239016511761,,,
mean,classical,OM,50.98659461025041,-38.78354559342018,,,
mean,classical,PA,-37.89991500715256,17.344716401030098,,,
mean,classical,PE,-47.614207421760284,28.67205928274806,,,
mean,classical,PG,80.69907584242523,44.45960588090705,,,
mean,classical,PH,91.12702853047372,-0.4574005080384005,,,
mean,classical,PK,62.52039523415496,-34.91154652614591,,,
mean,classical,PL,21.520963613675743,-39.43443226181141,,,
mean,classical,PT,-0.39224066929719825,-46.36886201676626,,,
mean,classical,QA,45.65433547561504,-40.3009314287507,,,
mean,classical,RO,22.523582501131276,-42.885150164237686,,,
mean,classical,RS,19.613313530679935,-43.823002828662624,,,
mean,classical,RU,32.501113091208694,-36.34348998236667,,,
mean,classical,RW,20.687703138734072,-40.85431033723785,,,
mean,classical,SA,40.51821895061172,-40.61306852013756,,,
mean,classical,SB,70.92102585527438,63.68468234998964,,,
mean,classical,SE,20.78162500748939,-35.9339016839692,,,
mean,classical,SG,91.45631430758732,-10.168355215800938,,,
mean,classical,SN,-18.81214648982434,-47.732058857865624,,,
mean,classical,TH,87.17603153870968,-15.608263505260297,,,
mean,classical,TN,9.600708217968384,-47.186579992107,,,
mean,classical,TO,51.026416276530625,87.19630440612713,,,
mean,classical,TR,27.943928392795797,-43.22269493105722,,,
mean,classical,TZ,27.67138053099978,-35.55528723335921,,,
mean,classical,UA,26.095027580569894,-40.05941137814699,,,
mean,classical,UG,22.455375663838254,-41.088292070383,,,
mean,classical,US,-14.288888356447156,2.7897698703330285,,,
mean,classical,UY,-40.83157892605411,20.153690985052947,,,
mean,classical,UZ,55.947809029499176,-34.19436618555245,,,
mean,classical,VN,86.96160245795122,-13.973661842882805,,,
mean,classical,VU,64.9674134984031,74.05874873349447,,,
mean,classical,WS,47.81335269885736,82.05761355733004,,,
mean,classical,ZA,20.52537298747835,-18.558097386840068,,,
mean,classical,ZM,19.392218166962948,-31.363928529494196,,,
mean,classical,ZW,21.466538583172255,-26.79496189625649,,,
mean,metric,AE,44.163964335862694,-35.71234573829506,,,
mean,metric,AO,8.044321054744607,-54.436067696642546,,,
mean,metric,AR,-40.58478590726003,-8.974437219732279,,,
mean,metric,AT,19.85896235418746,-24.146588358943344,,,
mean,metric,AU,71.05387370305935,39.627828996917756,,,
mean,metric,BD,65.43160239705279,-22.90744018843017,,,
mean,metric,BE,14.467515130595869,-21.22631786108296,,,
mean,metric,BF,0.8357653563783849,-42.33725383567298,,,
mean,metric,BH,41.915375684872366,-35.42546581413879,,,
mean,metric,BO,-37.07231471959594,-1.8358624503123622,,,
mean,metric,BR,-32.63426710117204,-17.24999665510799,,,
mean,metric,BW,18.268636804155292,-63.01080361919983,,,
mean,metric,CA,-5.331004991062134,11.153495596481577,,,
mean,metric,CD,11.037021198797555,-52.62661740462773,,,
mean,metric,CH,15.311103635638387,-23.763963307073602,,,
mean,metric,CI,-2.8487256981856,-43.19113356113945,,,
mean,metric,CL,-41.097510168168185,4.911237756300125,,,
mean,metric,CM,8.082307176016458,-48.223098756174636,,,
mean,metric,CN,64.7056249152851,-2.5048306234530155,,,
mean,metric,CO,-29.991621053219657,7.543383589956218,,,
mean,metric,CR,-25.085392030044428,17.66704108291116,,,
mean,metric,CU,-19.72991611145208,13.01595996243211,,,
mean,metric,CZ,19.163308408297567,-22.750479818635682,,,
mean,metric,DE,19.042538657863176,-21.212331090328977,,,
mean,metric,DJ,36.59323444520727,-45.62113241941634,,,
mean,metric,DK,19.152953784250673,-18.338078819340275,,,
mean,metric,DZ,9.522792767526198,-30.66158324061397,,,
mean,metric,EC,-31.81747830594968,12.235737967351639,,,
mean,metric,EG,28.636789723563904,-35.93791320728576,,,
mean,metric,ES,7.4463726670383785,-26.620375079251545,,,
mean,metric,ET,33.611336285302784,-47.129545757411776,,,
mean,metric,FI,24.746657812101844,-15.22416352359842,,,
mean,metric,FJ,52.2163753837349,58.90154858757718,,,
mean,metric,FR,13.083103572014846,-22.5638813382509,,,
mean,metric,GB,12.633395872872415,-20.11516637513148,,,
mean,metric,GH,-0.14283638343664506,-44.99393785935868,,,
mean,metric,GR,23.341606608303998,-30.948674017793287,,,
mean,metric,GT,-21.874769037518444,21.269412753922765,,,
mean,metric,HU,21.081699886261262,-24.518349225672807,,,
mean,metric,IE,10.820712800886614,-17.61979185197401,,,
mean,metric,IN,57.34972752128755,-26.195061368564332,,,
mean,metric,IQ,36.68939801327652,-32.363231612631054,,,
mean,metric,IR,40.45121308659695,-30.976788612744123,,,
mean,metric,IS,11.20809859058382,-8.204528226917963,,,
mean,metric,IT,17.138097191589345,-27.92109731404325,,,
mean,metric,JO,32.12001071962433,-34.48787789952911,,,
mean,metric,JP,66.01853809059261,11.74296191773185,,,
mean,metric,KE,30.946409211579933,-52.962222627225145,,,
mean,metric,KH,74.54732878269581,-12.34169793096752,,,
mean,metric,KR,66.51142890211875,3.9448556353191293,,,
mean,metric,KW,40.18057055594633,-34.3643702042263,,,
mean,metric,LA,72.67707431391466,-12.289257359569289,,,
mean,metric,LB,31.166552456349862,-33.255725848184014,,,
mean,metric,MA,3.2959143567236318,-30.039596482565923,,,
mean,metric,MG,39.163469409671166,-60.73568731070449,,,
mean,metric,MN,59.717071207806214,-4.94870550304516,,,
mean,metric,MR,-5.4265678812053295,-35.647153095071175,,,
mean,metric,MX,-15.59278522767993,28.75776678750435,,,
mean,metric,MY,77.30632003347627,-16.772324213497,,,
mean,metric,MZ,25.030393025190826,-64.36287121548824,,,
mean,metric,NA,10.604105355010077,-61.26839439893436,,,
mean,metric,NG,6.306382280715823,-44.80784995778597,,,
mean,metric,NL,15.212762865685313,-20.382019462705802,,,
mean,metric,NO,19.279333655258213,-15.20626066068636,,,
mean,metric,NP,61.86935176133477,-23.442373349309165,,,
mean,metric,NZ,54.92992389489936,58.96183734709798,,,
mean,metric,OM,46.69112465078348,-36.018639109600755,,,
mean,metric,PA,-26.40621760259864,13.097290270989127,,,
mean,metric,PE,-36.21837391963135,11.560465007043128,,,
mean,metric,PG,76.27130349872493,30.649806296384988,,,
mean,metric,PH,76.6954034406799,-0.09861483389817849,,,
mean,metric,PK,54.14692843310997,-28.064097491020604,,,
mean,metric,PL,22.42343495679023,-21.2717499813634,,,
mean,metric,PT,4.283495771520318,-26.436685117301543,,,
mean,metric,QA,42.94912928134297,-35.98796382581252,,,
mean,metric,RO,24.46300111755857,-26.613347701343564,,,
mean,metric,RS,21.652722579742164,-26.261117517211314,,,
mean,metric,RU,30.975825397108306,-18.898513716072706,,,
mean,metric,RW,24.54001639188894,-53.62314897229999,,,
mean,metric,SA,39.17101459438672,-36.98130787724822,,,
mean,metric,SB,67.13306813593883,44.784094690976715,,,
mean,metric,SE,21.626796059103206,-16.26136613656752,,,
mean,metric,SG,78.06208518026939,-15.378802449859036,,,
mean,metric,SN,-9.173527949338936,-36.837487090199524,,,
mean,metric,TH,72.65569610123514,-15.842631501932251,,,
mean,metric,TN,13.937990189986573,-30.72790135980416,,,
mean,metric,TO,47.21002084807036,62.29341176219863,,,
mean,metric,TR,29.121354392047525,-29.23770275490405,,,
mean,metric,TZ,29.79338280234262,-54.80811953272681,,,
mean,metric,UA,27.11865886236535,-22.86330656819863,,,
mean,metric,UG,26.14028137746387,-52.012080530231806,,,
mean,metric,US,-8.89978558825025,12.17399726618196,,,
mean,metric,UY,-40.67226701139066,-10.996555026432937,,,
mean,metric,UZ,49.10171462029403,-24.14848933494129,,,
mean,metric,VN,71.57748658914035,-10.5668030910232,,,
mean,metric,VU,62.602449038374914,52.87815392473256,,,
mean,metric,WS,43.63705498230249,60.95612613253283,,,
mean,metric,ZA,20.047907300762898,-64.11643015348878,,,
mean,metric,ZM,21.61552974725192,-58.9427597686481,,,
mean,metric,ZW,23.07849864277219,-60.565985521926564,,,
mean,nonmetric,AE,44.59709103014867,-38.08661157236952,,,
mean,nonmetric,AO,5.776858860889899,-53.30494623249109,,,
mean,nonmetric,AR,-40.589459637845096,-5.575513795294231,,,
mean,nonmetric,AT,21.834593725902113,-24.896562670869663,,,
mean,nonmetric,AU,65.33135299050613,41.74580130615071,,,
mean,nonmetric,BD,64.61822683207708,-23.307361872088503,,,
mean,nonmetric,BE,16.490000878378574,-21.246403134816347,,,
mean,nonmetric,BF,0.7442745726646152,-40.03451830730381,,,
mean,nonmetric,BH,42.246100393665316,-38.11685126062075,,,
mean,nonmetric,BO,-36.45483204113732,1.7989344783110113,,,
mean,nonmetric,BR,-32.22954977833295,-14.30421668171645,,,
mean,nonmetric,BW,13.911088885610909,-63.637971873404936,,,
mean,nonmetric,CA,-7.485243316663496,11.04990215027852,,,
mean,nonmetric,CD,9.126010605514956,-52.02681377311453,,,
mean,nonmetric,CH,17.181454650113142,-23.704811099437173,,,
mean,nonmetric,CI,-3.4595343431082064,-40.287050333217806,,,
mean,nonmetric,CL,-39.882566564864604,9.859276443359658,,,
mean,nonmetric,CM,7.244926191483501,-47.146752669517724,,,
mean,nonmetric,CN,65.4559803200236,-2.4305692981377884,,,
mean,nonmetric,CO,-29.1910602388422,10.707148516164807,,,
mean,nonmetric,CR,-24.69871613023737,20.08728947597144,,,
mean,nonmetric,CU,-20.10277119714628,14.730252743675699,,,
mean,nonmetric,CZ,21.219731186251312,-23.366015583596457,,,
mean,nonmetric,DE,21.077654038511373,-21.690549850271925,,,
mean,nonmetric,DJ,36.25757431371438,-47.56670658296141,,,
mean,nonmetric,DK,21.130684028465893,-19.08101205649259,,,
mean,nonmetric,DZ,10.704703617659247,-30.04041335584972,,,
mean,nonmetric,EC,-30.505196818673856,15.546386946579922,,,
mean,nonmetric,EG,29.747274095680947,-37.38373404187494,,,
mean,nonmetric,ES,8.96314628542004,-25.40490807379731,,,
mean,nonmetric,ET,33.33417954698983,-48.77904591598251,,,
mean,nonmetric,FI,27.056969696655738,-16.719095143966662,,,
mean,nonmetric,FJ,51.25825475058336,54.3203060796143,,,
mean,nonmetric,FR,14.829999352329699,-22.409724468697167,,,
mean,nonmetric,GB,14.550582313777273,-19.76332615531285,,,
mean,nonmetric,GH,-0.8646775342230271,-42.44496034909372,,,
mean,nonmetric,GR,24.874183344949177,-32.002716950760345,,,
mean,nonmetric,GT,-22.508249329582785,23.554342497746312,,,
mean,nonmetric,HU,23.046521714027286,-25.406134313764966,,,
mean,nonmetric,IE,12.701814450504191,-16.857288482804037,,,
mean,nonmetric,IN,56.80239192188762,-27.85931111358201,,,
mean,nonmetric,IQ,37.743309806485605,-34.99346823725426,,,
mean,nonmetric,IR,41.23466474163961,-33.727884725457365,,,
mean,nonmetric,IS,12.829844794819863,-7.940602909621331,,,
mean,nonmetric,IT,18.9376878455164,-28.259684860050974,,,
mean,nonmetric,JO,33.3375712588949,-36.28028186893343,,,
mean,nonmetric,JP,68.20602038760691,12.380900122186073,,,
mean,nonmetric,KE,29.55257055396302,-54.24988774187893,,,
mean,nonmetric,KH,73.77961210001067,-10.183795428583272,,,
mean,nonmetric,KR,67.36245790984341,4.2781862088052875,,,
mean,nonmetric,KW,40.915949944321454,-37.28019932437613,,,
mean,nonmetric,LA,71.82065248428871,-10.826965481415144,,,
mean,nonmetric,LB,32.693410949267424,-35.06213148303834,,,
mean,nonmetric,MA,4.5922923136314004,-27.979865283054963,,,
mean,nonmetric,MG,35.93040597243634,-63.29340824170631,,,
mean,nonmetric,MN,60.02980494318018,-5.821223699751766,,,
mean,nonmetric,MR,-4.725315099017649,-32.176612110445184,,,
mean,nonmetric,MX,-17.053933970224197,30.065653440331275,,,
mean,nonmetric,MY,76.70029805312326,-14.24891600977351,,,
mean,nonmetric,MZ,20.56442382719365,-65.76509043732588,,,
mean,nonmetric,NA,6.570276415597249,-60.59950686156346,,,
mean,nonmetric,NG,5.809325262784416,-42.723289899717294,,,
mean,nonmetric,NL,17.28812777984942,-20.708829975966484,,,
mean,nonmetric,NO,21.460202250498863,-15.975707325897275,,,
mean,nonmetric,NP,61.06810495772041,-24.249601785512183,,,
mean,nonmetric,NZ,48.61583914052375,56.12935264893022,,,
mean,nonmetric,OM,46.83885439231561,-38.21555024013381,,,
mean,nonmetric,PA,-26.163859567103355,15.494503689421961,,,
mean,nonmetric,PE,-34.32069872925493,15.906972953740102,,,
mean,nonmetric,PG,74.23277247182416,32.91095363573044,,,
mean,nonmetric,PH,75.88815164084181,3.13640008852342,,,
mean,nonmetric,PK,53.792477535596745,-30.0189438372588,,,
mean,nonmetric,PL,24.572470047631924,-22.439803097165605,,,
mean,nonmetric,PT,5.703833961133149,-24.497567138864962,,,
mean,nonmetric,QA,43.24916133094551,-38.42323533278804,,,
mean,nonmetric,RO,26.504447925501253,-28.007598687841096,,,
mean,nonmetric,RS,23.550825568161933,-27.121279890492367,,,
mean,nonmetric,RU,33.317616326945085,-21.153196298698376,,,
mean,nonmetric,RW,23.323026596894366,-54.312225460023754,,,
mean,nonmetric,SA,39.72731041730226,-39.38899524632362,,,
mean,nonmetric,SB,67.29320704080142,43.26029376126632,,,
mean,nonmetric,SE,23.852901857353036,-17.35556940764515,,,
mean,nonmetric,SG,77.41439732377184,-12.326263814061203,,,
mean,nonmetric,SN,-8.333770980417906,-32.73337480674446,,,
mean,nonmetric,TH,72.138296046699,-14.814131458955742,,,
mean,nonmetric,TN,15.297841615845032,-30.400760603689143,,,
mean,nonmetric,TO,45.310568035125,56.9885350639329,,,
mean,nonmetric,TR,30.979417294241657,-31.07455962129017,,,
mean,nonmetric,TZ,27.782951846529997,-55.706936745659675,,,
mean,nonmetric,UA,29.352787174934967,-24.680277778657803,,,
mean,nonmetric,UG,25.208377861018857,-52.79217330240687,,,
mean,nonmetric,US,-10.416977170910425,12.688239405559756,,,
mean,nonmetric,UY,-40.79799884961385,-7.633371925364344,,,
mean,nonmetric,UZ,49.625326861163245,-27.25103265650015,,,
mean,nonmetric,VN,70.87447074943498,-9.042850036684674,,,
mean,nonmetric,VU,60.689436857228415,49.59370720188565,,,
mean,nonmetric,WS,42.53108773460132,56.545580617995924,,,
mean,nonmetric,ZA,15.391145367423082,-65.29241531986673,,,
mean,nonmetric,ZM,18.743802858032605,-59.445378531510045,,,
mean,nonmetric,ZW,19.552624270316898,-61.66049253300297,,,
median,spherical,AE,53.37389253262174,-23.997188810619033,23.997188810619033,53.37389253262176,113.38984392659766
median,spherical,AO,11.714023564013473,9.420956607945602,-9.420956607945602,11.71402356401347,178.9318382522617
median,spherical,AR,-58.26270215911762,34.60208086944878,-34.60208086944878,-58.262702159117644,12.519773910835744
median,spherical,AT,16.175272349738776,-48.334087151049054,48.334087151049054,16.17527234973879,20.308033127796588
median,spherical,AU,147.06213187719277,36.973396735422256,-36.973396735422256,147.06213187719274,264.1604806130979
median,spherical,BD,89.80157776248609,-22.630648644183612,22.630648644183612,89.80157776248606,136.50230073955436
median,spherical,BE,4.29862812403195,-51.05141126872493,51.05141126872493,4.298628124031949,24.14385664654624
median,spherical,BF,-1.5098777232910265,-12.879560047623709,12.879560047623709,-1.5098777232910308,56.43846643312056
median,spherical,BH,50.36018569127333,-26.219617564344,26.219617564344,50.360185691273315,22.305954786472522
median,spherical,BO,-64.11074421364286,18.847056057713875,-18.847056057713875,-64.11074421364287,122.72774928294615
median,spherical,BR,-47.25539718508588,16.44114183684865,-16.44114183684865,-47.255397185085855,101.94178015979345
median,spherical,BW,24.83696850192507,23.5226161350302,-23.5226161350302,24.83696850192507,165.89258406982063
median,spherical,CA,-75.71045942123654,-44.928269766830894,44.928269766830894,-75.71045942123655,54.53116022416037
median,spherical,CD,14.253916457105987,4.985331546173342,-4.985331546173342,14.253916457105973,138.28860532263923
median,spherical,CH,7.8229394815006685,-47.9515202635868,47.9515202635868,7.82293948150067,118.14231711821976
median,spherical,CI,-4.989020119253581,-7.292500996835233,7.292500996835233,-4.989020119253609,61.47222565785279
median,spherical,CL,-71.58879756701673,33.86856115241487,-33.86856115241487,-71.58879756701671,97.12654114709373
median,spherical,CM,9.238483161358118,-4.603088027639202,4.603088027639202,9.238483161358133,265.2940131810374
median,spherical,CN,115.72557622784973,-39.49773504333406,39.49773504333406,115.72557622784974,74.25367166915375
median,spherical,CO,-72.17031609876084,-3.376943457826422,3.376943457826422,-72.17031609876084,252.12437346760197
median,spherical,CR,-82.24974327775628,-8.13675260319166,8.13675260319166,-82.24974327775627,284.12645402068307
median,spherical,CU,-76.62643422934713,-20.865580991192783,20.865580991192783,-76.62643422934713,643.1806040875936
median,spherical,CZ,14.357482051136941,-50.37497427341351,50.37497427341351,14.357482051136945,33.09189168033148
median,spherical,DE,13.584200584749425,-52.35729072488734,52.35729072488734,13.584200584749423,22.343333321658367
median,spherical,DJ,40.93867518001926,-10.97095948991091,10.97095948991091,40.93867518001928,250.71081460187463
median,spherical,DK,12.039511478714132,-56.192542831139974,56.192542831139974,12.039511478714116,65.56429207765301
median,spherical,DZ,2.56403929982082,-35.98011131345084,35.98011131345084,2.564039299820815,97.46477234506634
median,spherical,EC,-77.17087678323797,2.0454952995884614,-2.0454952995884614,-77.17087678323799,251.82498664982361
median,spherical,EG,31.237443399690477,-29.737080593375072,29.737080593375072,31.237443399690473,35.021886493531774
median,spherical,ES,-3.431410827532943,-41.03211481889781,41.03211481889781,-3.431410827532955,73.26300819563035
median,spherical,ET,37.34878641695366,-8.11579155668902,8.11579155668902,37.34878641695367,180.17136530743863
median,spherical,FI,23.759906422730523,-61.08931014508721,61.08931014508721,23.75990642273051,119.85285650226751
median,spherical,FJ,179.58883613973654,18.36326663585509,-18.36326663585509,179.58883613973654,123.8159644409847
median,spherical,FR,2.820621610010704,-48.96295580269407,48.96295580269407,2.8206216100107153,37.25649132070862
median,spherical,GB,0.06612108278471851,-51.90921450713595,51.90921450713595,0.06612108278472979,47.042865940595654
median,spherical,GH,-1.3866172662065424,-7.641315894691906,7.641315894691906,-1.3866172662065575,265.7372002882481
median,spherical,GR,23.34460885374142,-38.03834246450425,38.03834246450425,23.344608853741445,34.394122668998996
median,spherical,GT,-86.67223604039413,-13.440345146546385,13.440345146546385,-86.67223604039411,436.3258714449407
median,spherical,HU,18.65765556656669,-47.95885073290074,47.95885073290074,18.657655566566685,59.87836821415027
median,spherical,IE,-5.654372412231766,-54.19589478846985,54.19589478846985,-5.654372412231769,103.44252830657202
median,spherical,IN,77.696554206992,-27.116449650959826,27.116449650959826,77.69655420699203,172.0368766394589
median,spherical,IQ,43.69089613206609,-32.978601969329084,32.978601969329084,43.69089613206609,76.67177921635852
median,spherical,IR,50.16662882128975,-34.55564824904857,34.55564824904857,50.16662882128976,168.83896594424968
median,spherical,IS,-19.228639045612738,-64.08236109774285,64.08236109774285,-19.228639045612745,132.30481029996736
median,spherical,IT,13.050316374394981,-42.41375329800679,42.41375329800679,13.050316374394985,74.0951084147275
median,spherical,JO,36.266528406424925,-31.57810209129327,31.57810209129327,36.266528406424925,52.27176304591227
median,spherical,JP,138.94284573850047,-35.89039805591403,35.89039805591403,138.94284573850047,76.19130741776955
median,spherical,KE,34.539008707277105,1.2474120201041636,-1.2474120201041636,34.53900870727713,253.01350206391385
median,spherical,KH,106.97868846208172,-13.935244096171512,13.935244096171512,106.97868846208169,346.8871596799542
median,spherical,KR,126.46542167271218,-37.34819538982017,37.34819538982017,126.46542167271221,52.981115027790615
median,spherical,KW,48.18647593894133,-28.378766387014544,28.378766387014544,48.18647593894135,112.28495836741695
median,spherical,LA,106.47103211276044,-18.98149398292763,18.98149398292763,106.47103211276044,423.55295239780787
median,spherical,LB,34.779250001800676,-33.61751487674846,33.61751487674846,34.77925000180068,73.1434940713206
median,spherical,MA,-6.734099353603057,-34.2349377165146,34.2349377165146,-6.734099353603042,25.14017272258586
median,spherical,MG,43.70744084418686,19.68461051207223,-19.68461051207223,43.70744084418688,408.61223654781577
median,spherical,MN,108.47968451987799,-46.404366865683066,46.404366865683066,108.47968451987802,205.78449984253862
median,spherical,MR,-13.25419092016611,-19.67211126018237,19.67211126018237,-13.254190920166108,336.2262604682774
median,spherical,MX,-97.6678068397816,-19.53378826685002,19.53378826685002,-97.66780683978162,153.90162922274104
median,spherical,MY,103.55019657992108,-3.9163431875523456,3.9163431875523456,103.55019657992108,221.73452818312992
median,spherical,MZ,30.629991896599563,24.285973805799575,-24.285973805799575,30.629991896599567,270.55066713674745
median,spherical,NA,16.99678551052824,22.91451894591375,-22.91451894591375,16.996785510528234,39.32779353889467
median,spherical,NG,6.398200951661096,-9.145753544970363,9.145753544970363,6.398200951661095,124.59438163798214
median,spherical,NL,5.2501430982001125,-52.53877077821983,52.53877077821983,5.250143098200101,30.799149372675238
median,spherical,NO,10.253017119131385,-60.15410710489214,60.15410710489214,10.253017119131387,37.96477701940325
median,spherical,NP,86.13142438484238,-27.04128681614259,27.04128681614259,86.13142438484233,110.34441487914596
median,spherical,NZ,174.50557902553504,40.08224388934582,-40.08224388934582,174.50557902553504,137.4160435887438
median,spherical,OM,56.741864314186074,-22.693304352703237,22.693304352703237,56.741864314186074,215.16210805093544
median,spherical,PA,-77.25843883473304,-8.270351307273865,8.270351307273865,-77.25843883473303,262.0903527545097
median,spherical,PE,-77.7610489834021,11.53913046922823,-11.53913046922823,-77.7610489834021,95.57099611611756
median,spherical,PG,148.9484197754398,8.751785541949566,-8.751785541949566,148.9484197754398,208.44816737660975
median,spherical,PH,121.3955500021271,-14.665037930545834,14.665037930545834,121.39555000212707,45.156658754054945
median,spherical,PK,72.23105709206982,-30.52674315484934,30.52674315484934,72.23105709206982,363.84520392332325
median,spherical,PL,20.347310828306178,-52.681170893179825,52.681170893179825,20.347310828306195,64.97058304515511
median,spherical,PT,-8.23842242183818,-39.44123159959771,39.44123159959771,-8.238422421838175,111.78489818677456
median,spherical,QA,51.464943829608785,-25.33817199148108,25.33817199148108,51.464943829608764,8.927256400518736
median,spherical,RO,24.804551797524937,-45.00360075822497,45.00360075822497,24.80455179752494,120.1523009135868
median,spherical,RS,20.01430998855045,-45.67065608655384,45.67065608655384,20.014309988550444,100.92203722787373
median,spherical,RU,38.32377655478638,-55.98416266874706,55.98416266874706,38.32377655478638,51.16295404322945
median,spherical,RW,27.372768247121172,2.192553576619714,-2.192553576619714,27.37276824712119,299.6539571873457
median,spherical,SA,45.93523254357106,-24.702678687975403,24.702678687975403,45.935232543571054,84.69064138009163
median,spherical,SB,164.4863311819999,9.458383506384207,-9.458383506384207,164.4863311819999,497.6023287219736
median,spherical,SE,16.435636686445577,-59.44745333949188,59.44745333949188,16.43563668644556,94.53294611214884
median,spherical,SG,104.92422965911004,-2.7082779066959315,2.7082779066959315,104.92422965911003,197.0889108110916
median,spherical,SN,-17.166441361360285,-15.611616816784153,15.611616816784153,-17.166441361360278,104.76456049639594
median,spherical,TH,101.9430768889905,-14.384976496310971,14.384976496310971,101.94307688899052,169.38216485609968
median,spherical,TN,9.445192474641999,-37.07530730618043,37.07530730618043,9.445192474642004,71.96853680051498
median,spherical,TO,-175.1364657899039,19.185555846566846,-19.185555846566846,-175.1364657899039,217.33644698677958
median,spherical,TR,32.58438641290323,-40.368906272932655,40.368906272932655,32.58438641290322,54.30696917462709
median,spherical,TZ,33.937237863521034,5.934409032751368,-5.934409032751368,33.93723786352103,202.34609690076047
median,spherical,UA,29.595537269401092,-50.405382714962435,50.405382714962435,29.595537269401103,65.20411933767562
median,spherical,UG,29.234418810557514,-0.6276412805773174,0.6276412805773174,29.234418810557507,373.73538272227813
median,spherical,US,-76.77002562494924,-39.19028381381785,39.19028381381785,-76.77002562494923,38.282454303311034
median,spherical,UY,-57.07409678602107,32.977516995251584,-32.977516995251584,-57.07409678602106,224.82605302197194
median,spherical,UZ,68.62401808176895,-41.02302673147993,41.02302673147993,68.62401808176897,64.65170718736462
median,spherical,VN,107.51126533163523,-21.46064247903236,21.46064247903236,107.51126533163522,178.7378481521047
median,spherical,VU,171.80466860236288,17.0190923947554,-17.0190923947554,171.8046686023629,378.56838190041566
median,spherical,WS,-173.25097791277344,13.230546874623368,-13.230546874623368,-173.25097791277344,177.04655438254866
median,spherical,ZA,27.068106672315963,26.91537863206212,-26.91537863206212,27.06810667231595,177.39328247823437
median,spherical,ZM,26.268708435142486,14.444556997864275,-14.444556997864275,26.268708435142468,241.65481066105627
median,spherical,ZW,28.233605838906016,18.162613368217524,-18.162613368217524,28.233605838906023,299.58287585197786
median,classical,AE,47.09980166726079,-38.080492994866006,,,
median,classical,AO,6.095150617550857,-35.457974760950776,,,
median,classical,AR,-38.81176963908983,23.07442255971892,,,
median,classical,AT,17.922372897468797,-42.43647174179283,,,
median,classical,AU,66.66985627667385,56.118646584069566,,,
median,classical,BD,76.84085737245215,-25.36441287858317,,,
median,classical,BE,12.238825543717827,-40.5763160532063,,,
median,classical,BF,-5.494743127370139,-50.809071689800476,,,
median,classical,BH,44.03317690899521,-38.87102603869855,,,
median,classical,BO,-44.48005749586545,19.945574356756943,,,
median,classical,BR,-39.42853058525522,1.8386714001232143,,,
median,classical,BW,18.847577198296445,-24.265054080104875,,,
median,classical,CA,-9.701724052770803,0.3889415213910965,,,
median,classical,CD,8.38129390663139,-36.51725571979233,,,
median,classical,CH,13.219231363814899,-41.994496612438155,,,
median,classical,CI,-9.024050908736736,-45.400140628245374,,,
median,classical,CL,-38.030256020150205,34.91326668242366,,,
median,classical,CM,3.1038240515594175,-46.058080300039244,,,
median,classical,CN,76.68120091441126,-11.018773639230826,,,
median,classical,CO,-42.615530433101995,12.65667048721766,,,
median,classical,CR,-35.36994648550825,23.34826821904346,,,
median,classical,CU,-28.639316795578598,8.868772292054935,,,
median,classical,CZ,17.68479212302351,-41.30510820758346,,,
median,classical,DE,17.945708400927114,-39.86555860220945,,,
median,classical,DJ,35.64860254183287,-40.188960539304425,,,
median,classical,DK,18.311013682447616,-37.551926810536685,,,
median,classical,DZ,4.519432175691811,-48.000060264140586,,,
median,classical,EC,-45.15746830883741,22.15570890545998,,,
median,classical,EG,26.93560618116107,-46.10747156564507,,,
median,classical,ES,3.165148740346087,-45.64678502446897,,,
median,classical,ET,31.545999030741605,-39.94430091144494,,,
median,classical,FI,24.923715151110983,-33.78077399922985,,,
median,classical,FJ,55.57656438548551,81.468475952543,,,
median,classical,FR,10.655615739438412,-41.820582596539964,,,
median,classical,GB,10.492209110162568,-39.754611503421415,,,
median,classical,GH,-6.2425997708524115,-48.58826323644833,,,
median,classical,GR,20.709528512871,-45.24483439131524,,,
median,classical,GT,-29.546374541704292,23.07463342309606,,,
median,classical,HU,19.502800227034776,-42.02613815862523,,,
median,classical,IE,9.386822991287808,-37.92473624517197,,,
median,classical,IN,67.48959664521583,-28.757565397916473,,,
median,classical,IQ,37.33642931541643,-40.49436734483393,,,
median,classical,IR,43.22554630798528,-40.101812281631176,,,
median,classical,IS,10.931061181976851,-30.75543376966195,,,
median,classical,IT,14.727436551216188,-44.4258885787776,,,
median,classical,JO,31.560908500782045,-44.283070644743376,,,
median,classical,JP,73.73063124518559,7.562344499004254,,,
median,classical,KE,28.208561363495132,-39.20747265521508,,,
median,classical,KH,89.45263296004345,-12.73063298820495,,,
median,classical,KR,77.84688243138616,-3.4921664699161568,,,
median,classical,KW,41.89025392862056,-39.036878969593985,,,
median,classical,LA,90.39370779958885,-15.706274003323434,,,
median,classical,LB,29.275144639398427,-44.85322804479134,,,
median,classical,MA,-2.629621081588848,-49.45229716187057,,,
median,classical,MG,36.919878369008906,-26.934517730430436,,,
median,classical,MN,72.73193278274272,-16.729718921237385,,,
median,classical,MR,-13.137241388048633,-49.465152921895154,,,
median,classical,MX,-20.235455292388746,29.759941755165663,,,
median,classical,MY,91.70005525337552,-12.515543656390756,,,
median,classical,MZ,23.572602822802725,-25.596578910791575,,,
median,classical,NA,11.501919312719842,-24.412209429416265,,,
median,classical,NG,1.000886749827277,-46.953959930174314,,,
median,classical,NL,13.385100084100362,-39.97387468525526,,,
median,classical,NO,18.530158878198126,-34.35345678606308,,,
median,classical,NP,75.14380858935212,-28.607289142604635,,,
median,classical,NZ,51.75192400032178,83.34493812246406,,,
median,classical,OM,50.75120501237315,-38.46649863392296,,,
median,classical,PA,-37.738061423727984,17.212887245316573,,,
median,classical,PE,-47.582333868292835,28.70089352731624,,,
median,classical,PG,80.77536535196636,44.34049168251531,,,
median,classical,PH,90.96586769703424,-0.5503412960378995,,,
median,classical,PK,62.42217634349727,-34.910678646174034,,,
median,classical,PL,21.51731885990933,-39.40156392980697,,,
median,classical,PT,-0.13281108680917342,-46.06021942587698,,,
median,classical,QA,45.59789628539289,-40.29270135707392,,,
median,classical,RO,22.469330306893468,-43.0973037172901,,,
median,classical,RS,19.626333568878863,-43.89584908990365,,,
median,classical,RU,32.567923831869955,-36.34354701123178,,,
median,classical,RW,20.55383140947294,-40.57104964313147,,,
median,classical,SA,40.504231333033026,-40.442371441124365,,,
median,classical,SB,70.95665787396261,63.60159273542142,,,
median,classical,SE,20.7850939526364,-35.91647891862284,,,
median,classical,SG,91.32355806276504,-10.139252392559273,,,
median,classical,SN,-18.730238027319633,-47.712625167017706,,,
median,classical,TH,87.12646377642925,-15.502329731202323,,,
median,classical,TN,9.670959637604088,-47.0475522979134,,,
median,classical,TO,50.988951739119656,87.16244113064312,,,
median,classical,TR,27.943267198506845,-43.26675100348011,,,
median,classical,TZ,27.632544913777387,-35.484486794446035,,,
median,classical,UA,26.028438112390504,-40.07591763835907,,,
median,classical,UG,22.592443174876728,-40.89489165469543,,,
median,classical,US,-14.20718067748221,2.8507598786640784,,,
median,classical,UY,-40.86415139908023,20.124263490333185,,,
median,classical,UZ,55.97492502672644,-34.30536544931425,,,
median,classical,VN,86.55866161622322,-13.865927966135732,,,
median,classical,VU,64.82393856085767,74.15560208336018,,,
median,classical,WS,47.97501018187096,81.90821990233952,,,
median,classical,ZA,20.556888245052033,-18.803278462159682,,,
median,classical,ZM,19.323870429001797,-31.381622886558844,,,
median,classical,ZW,21.454178482280135,-26.946669263830106,,,
median,metric,AE,44.191613602618176,-35.73895947329555,,,
median,metric,AO,8.081332827480677,-54.49345556738538,,,
median,metric,AR,-40.576911178284334,-8.95421707733865,,,
median,metric,AT,19.852271222747788,-24.163149555445692,,,
median,metric,AU,71.14875196538263,39.647047604358946,,,
median,metric,BD,65.47125828674031,-22.963784191598034,,,
median,metric,BE,14.388768434905563,-21.226099037737107,,,
median,metric,BF,0.8475256185445375,-42.453954616786135,,,
median,metric,BH,41.97062934205253,-35.407565692998794,,,
median,metric,BO,-36.995278778222,-1.670477866696526,,,
median,metric,BR,-32.63286659327285,-17.245427183739537,,,
median,metric,BW,18.165410100811034,-63.02426858598683,,,
median,metric,CA,-5.307470835625821,11.203144402535678,,,
median,metric,CD,11.057417158051111,-52.65163036393756,,,
median,metric,CH,15.334203365211774,-23.754663726638476,,,
median,metric,CI,-2.8871858419814913,-43.13301754037099,,,
median,metric,CL,-41.1391234285407,4.980555960791097,,,
median,metric,CM,8.072922887756498,-48.15833078470784,,,
median,metric,CN,64.63949270664534,-2.434824503888592,,,
median,metric,CO,-29.9120889003508,7.579382227177163,,,
median,metric,CR,-25.091038453931073,17.628626878992335,,,
median,metric,CU,-19.795250169519687,12.949126418690653,,,
median,metric,CZ,19.1492266234636,-22.734905255707222,,,
median,metric,DE,19.075438867374817,-21.22939047776354,,,
median,metric,DJ,36.625764500072435,-45.63880672413401,,,
median,metric,DK,19.1488717544687,-18.345463154394253,,,
median,metric,DZ,9.494409447717286,-30.63260619305249,,,
median,metric,EC,-31.876765786202906,12.262008358478269,,,
median,metric,EG,28.647715184703706,-36.01198095115619,,,
median,metric,ES,7.428389001762838,-26.56464196508223,,,
median,metric,ET,33.67478307806081,-47.131601299388414,,,
median,metric,FI,24.734852017449438,-15.268346403663063,,,
median,metric,FJ,52.045773872071564,58.90086073495475,,,
median,metric,FR,13.064138144818669,-22.565814722683044,,,
median,metric,GB,12.630586554656913,-20.147498730698274,,,
median,metric,GH,-0.15980610311934385,-45.00648796806449,,,
median,metric,GR,23.312601366945454,-30.917103532429017,,,
median,metric,GT,-21.91407102075223,21.26311659350158,,,
median,metric,HU,21.1131988466501,-24.526585394813733,,,
median,metric,IE,10.867331522498787,-17.725005322256177,,,
median,metric,IN,57.34480934272648,-26.169209764052997,,,
median,metric,IQ,36.66703997776845,-32.303874971408135,,,
median,metric,IR,40.46743928060448,-31.02068737777943,,,
median,metric,IS,11.337965219592487,-8.215678768619744,,,
median,metric,IT,17.148138965790906,-27.941887626404927,,,
median,metric,JO,32.1128871821237,-34.43707218590487,,,
median,metric,JP,65.98717595925204,11.744933232263424,,,
median,metric,KE,31.064881238859275,-53.02150805907449,,,
median,metric,KH,74.60027746045793,-12.324484561873435,,,
median,metric,KR,66.44010189060297,3.9429495547227127,,,
median,metric,KW,40.20232549999366,-34.47466565630623,,,
median,metric,LA,72.69457765546942,-12.326072939242971,,,
median,metric,LB,31.202344228767977,-33.22877507637292,,,
median,metric,MA,3.336975086386456,-30.01245431686308,,,
median,metric,MG,39.09512247691456,-60.74950679308415,,,
median,metric,MN,59.744136185722084,-5.148566480498975,,,
median,metric,MR,-5.376976383640134,-35.709626127164746,,,
median,metric,MX,-15.708836022726214,28.79453644754105,,,
median,metric,MY,77.35853920682048,-16.769040312458166,,,
median,metric,MZ,24.938687004702917,-64.33011997071625,,,
median,metric,NA,10.620838278493684,-61.250295795857106,,,
median,metric,NG,6.313612735989267,-44.80926609384696,,,
median,metric,NL,15.198527004808886,-20.395184402455925,,,
median,metric,NO,19.285240944210756,-15.248900914446496,,,
median,metric,NP,61.93806401131491,-23.51347241255875,,,
median,metric,NZ,54.90023434870382,58.97023537697251,,,
median,metric,OM,46.66927162036637,-35.906187142466706,,,
median,metric,PA,-26.371002417332097,13.049816066319341,,,
median,metric,PE,-36.23147018373989,11.561323027373426,,,
median,metric,PG,76.32505888993785,30.627495432946468,,,
median,metric,PH,76.60750138046083,-0.10330933605133197,,,
median,metric,PK,54.14936789068271,-28.068468757623393,,,
median,metric,PL,22.432289659009047,-21.28385891755405,,,
median,metric,PT,4.384731342526852,-26.358459035019138,,,
median,metric,QA,42.954663306564456,-36.0580304252319,,,
median,metric,RO,24.4265415791818,-26.716279501290558,,,
median,metric,RS,21.68777649181679,-26.27889078896328,,,
median,metric,RU,31.02001314154324,-18.841450958026858,,,
median,metric,RW,24.45172287177548,-53.552867581433716,,,
median,metric,SA,39.182355622418754,-36.92630726400134,,,
median,metric,SB,67.11610250144223,44.76929829093013,,,
median,metric,SE,21.66002625550578,-16.27391645505359,,,
median,metric,SG,78.01714559395022,-15.356137084096728,,,
median,metric,SN,-9.15571310954667,-36.79821317240712,,,
median,metric,TH,72.62459604968561,-15.798837101321006,,,
median,metric,TN,13.974026876189566,-30.69087883600262,,,
median,metric,TO,47.12858176813354,62.31176487809431,,,
median,metric,TR,29.145905732093297,-29.242768185128348,,,
median,metric,TZ,29.78083852221698,-54.80711431718835,,,
median,metric,UA,27.109338848015014,-22.876321167687845,,,
median,metric,UG,26.206865827124,-51.96010819889489,,,
median,metric,US,-8.833872770417617,12.192173576271657,,,
median,metric,UY,-40.69582272060322,-10.999866075988763,,,
median,metric,UZ,49.12552357410036,-24.10223284974444,,,
median,metric,VN,71.5193919345694,-10.580824716301727,,,
median,metric,VU,62.46846537727396,52.90332175593869,,,
median,metric,WS,43.71292119628524,60.935003228078386,,,
median,metric,ZA,20.131561198105487,-64.14111852578489,,,
median,metric,ZM,21.517650830474587,-58.93200327811607,,,
median,metric,ZW,23.008351328617422,-60.47977090472545,,,
median,nonmetric,AE,44.479842156592966,-38.35559176170239,,,
median,nonmetric,AO,5.831272722580348,-53.31976459867148,,,
median,nonmetric,AR,-40.513093784911646,-5.303492235011445,,,
median,nonmetric,AT,21.700465825522016,-24.934514098922225,,,
median,nonmetric,AU,65.04059164954684,42.02774885574445,,,
median,nonmetric,BD,64.76796147508553,-23.494512592625696,,,
median,nonmetric,BE,16.42065060248055,-21.309053734346282,,,
median,nonmetric,BF,0.7269795648488753,-39.96225279183862,,,
median,nonmetric,BH,42.357367578377534,-38.012857072242625,,,
median,nonmetric,BO,-36.36708167484956,1.735806589053606,,,
median,nonmetric,BR,-32.140325975394674,-14.145193842182753,,,
median,nonmetric,BW,13.843482259318973,-63.645618638679196,,,
median,nonmetric,CA,-7.443006758575024,11.001734114613196,,,
median,nonmetric,CD,9.149826608514733,-52.076664531311415,,,
median,nonmetric,CH,17.12342887026916,-23.797509492120717,,,
median,nonmetric,CI,-3.4984847594383908,-40.08970734625303,,,
median,nonmetric,CL,-39.8913488052237,9.764816799140611,,,
median,nonmetric,CM,7.333681113474697,-47.017804834299355,,,
median,nonmetric,CN,65.41666625453286,-2.479408348026684,,,
median,nonmetric,CO,-29.208908138193816,10.679531860695079,,,
median,nonmetric,CR,-24.715799162838795,20.031490976621328,,,
median,nonmetric,CU,-20.136329384979266,14.61326026770292,,,
median,nonmetric,CZ,21.199236545005096,-23.452299933835796,,,
median,nonmetric,DE,21.132946606975914,-21.84732233400412,,,
median,nonmetric,DJ,36.37512115478548,-47.494798650570424,,,
median,nonmetric,DK,21.14210415927779,-19.159806984474837,,,
median,nonmetric,DZ,10.736312528858965,-30.006033749265715,,,
median,nonmetric,EC,-30.548379003848883,15.58734965998731,,,
median,nonmetric,EG,29.819131325830018,-37.40210812097675,,,
median,nonmetric,ES,8.931598762986514,-25.425804499008798,,,
median,nonmetric,ET,33.352117535152615,-48.810600310012866,,,
median,nonmetric,FI,27.22521633598781,-16.888309382224733,,,
median,nonmetric,FJ,51.24610773162962,54.442105620958074,,,
median,nonmetric,FR,14.784428144538659,-22.50826708343896,,,
median,nonmetric,GB,14.52054169244025,-19.876094911910556,,,
median,nonmetric,GH,-0.8756204408642425,-42.56757248160699,,,
median,nonmetric,GR,24.889189385081607,-31.969254263095017,,,
median,nonmetric,GT,-22.260031331406378,23.909473822268573,,,
median,nonmetric,HU,23.10748358892115,-25.492212152857434,,,
median,nonmetric,IE,12.876586484447413,-17.041380846784225,,,
median,nonmetric,IN,56.87978544873606,-27.977584413101468,,,
median,nonmetric,IQ,37.7745256643483,-34.850016628813655,,,
median,nonmetric,IR,41.37856380330486,-33.658588704677996,,,
median,nonmetric,IS,13.01437297658772,-8.121062145323226,,,
median,nonmetric,IT,19.05077674936696,-28.426503891462794,,,
median,nonmetric,JO,33.26781288054686,-36.125982922926674,,,
median,nonmetric,JP,68.09434212201947,12.50522424174769,,,
median,nonmetric,KE,29.625874118285477,-54.21770386581182,,,
median,nonmetric,KH,73.85180134137778,-10.388637063310805,,,
median,nonmetric,KR,67.45208854752272,4.182714688177228,,,
median,nonmetric,KW,41.01222679784618,-37.339305748553016,,,
median,nonmetric,LA,71.640879552789,-10.408789200878065,,,
median,nonmetric,LB,32.65485290992103,-34.99748972624046,,,
median,nonmetric,MA,4.60384637410672,-27.891875183781075,,,
median,nonmetric,MG,35.68041015835902,-63.25934611417915,,,
median,nonmetric,MN,60.21955402104494,-6.185439950041101,,,
median,nonmetric,MR,-4.697675051588977,-32.21072867122324,,,
median,nonmetric,MX,-16.78422105727476,30.152706915281065,,,
median,nonmetric,MY,76.61306700782104,-14.046186912494615,,,
median,nonmetric,MZ,20.618842771254585,-65.65492089737904,,,
median,nonmetric,NA,6.5116460868012,-60.587151335792555,,,
median,nonmetric,NG,5.8481325313887105,-42.78463903701461,,,
median,nonmetric,NL,17.206429933377912,-20.598559421769014,,,
median,nonmetric,NO,21.324193024249137,-16.065217083570666,,,
median,nonmetric,NP,61.04950881323617,-24.367744588908355,,,
median,nonmetric,NZ,48.38720065622677,55.85401692589127,,,
median,nonmetric,OM,46.863293751424266,-38.28631336525288,,,
median,nonmetric,PA,-26.2592664689379,15.327717248188698,,,
median,nonmetric,PE,-34.33087506897634,16.07594052848136,,,
median,nonmetric,PG,74.17842701392553,32.96166899836696,,,
median,nonmetric,PH,75.74145829978804,3.19356889369368,,,
median,nonmetric,PK,53.68084572930162,-29.825899876597866,,,
median,nonmetric,PL,24.58562726931248,-22.50665831217973,,,
median,nonmetric,PT,5.750242356198491,-24.517603843910216,,,
median,nonmetric,QA,43.235545348681946,-38.514684510663436,,,
median,nonmetric,RO,26.435436146105243,-28.103573232365783,,,
median,nonmetric,RS,23.617737439405406,-27.221279746162264,,,
median,nonmetric,RU,33.40874608583934,-21.234463421138468,,,
median,nonmetric,RW,23.477396557680027,-54.240075842362366,,,
median,nonmetric,SA,39.7119231312373,-39.183682263095136,,,
median,nonmetric,SB,67.39627868351819,42.99594831576731,,,
median,nonmetric,SE,23.85947284724706,-17.327789614792493,,,
median,nonmetric,SG,77.41131545254377,-12.23874890563604,,,
median,nonmetric,SN,-8.507019402188856,-32.61501945634325,,,
median,nonmetric,TH,72.07172711587118,-14.618494752551834,,,
median,nonmetric,TN,15.444423138398477,-30.425151836741186,,,
median,nonmetric,TO,45.26105323989279,57.06582962352918,,,
median,nonmetric,TR,30.986103025269852,-31.057066490141278,,,
median,nonmetric,TZ,27.85852217059151,-55.78360223370085,,,
median,nonmetric,UA,29.328597448092065,-24.73350547291624,,,
median,nonmetric,UG,25.163506586231467,-52.712443083704656,,,
median,nonmetric,US,-10.560090069919571,12.594899463271567,,,
median,nonmetric,UY,-40.85356933700916,-7.483924052844882,,,
median,nonmetric,UZ,49.68547971193233,-27.28718388370801,,,
median,nonmetric,VN,70.91931313759942,-9.074959457933517,,,
median,nonmetric,VU,60.30271158625615,49.78076214640602,,,
median,nonmetric,WS,42.5567667077017,56.781109144858846,,,
median,nonmetric,ZA,15.271885762888495,-65.29871223134695,,,
median,nonmetric,ZM,18.7835366490672,-59.62717829992348,,,
median,nonmetric,ZW,19.424336330834336,-61.53604138487887,,,
trimmed_mean,spherical,AE,53.358137777556635,-24.024532181085203,24.024532181085203,53.358137777556635,113.45023530383756
trimmed_mean,spherical,AO,11.662258687086137,9.348232050752983,-9.348232050752983,11.66225868708612,181.55946310239463
trimmed_mean,spherical,AR,-58.219889453187506,34.550074138377965,-34.550074138377965,-58.21988945318751,17.37408070309669
trimmed_mean,spherical,AT,16.17780361081779,-48.33252255295547,48.33252255295547,16.177803610817797,20.052976984943193
trimmed_mean,spherical,AU,147.05923900459572,36.95986920489071,-36.95986920489071,147.05923900459575,263.28715494633127
trimmed_mean,spherical,BD,89.8292638418747,-22.691377619762868,22.691377619762868,89.82926384187469,129.19526395738507
trimmed_mean,spherical,BE,4.433086334277107,-51.05733154671342,51.05733154671342,4.433086334277109,25.700590330891238
trimmed_mean,spherical,BF,-1.5493733941590335,-12.901102340310132,12.901102340310132,-1.5493733941590506,58.856016750793266
trimmed_mean,spherical,BH,50.27587306307265,-26.20269700664722,26.20269700664722,50.27587306307265,30.867111058975347
trimmed_mean,spherical,BO,-64.0283931584696,18.849032529982665,-18.849032529982665,-64.0283931584696,131.226168652358
trimmed_mean,spherical,BR,-47.26816447711656,16.43688291364016,-16.43688291364016,-47.26816447711658,100.65659315819128
trimmed_mean,spherical,BW,24.942154612583977,23.519332104559272,-23.519332104559272,24.942154612583984,159.36008685459413
trimmed_mean,spherical,CA,-75.62928799005051,-44.919282984782804,44.919282984782804,-75.6292879900505,55.81787759384544
trimmed_mean,spherical,CD,14.279375414240292,4.965358612606138,-4.965358612606138,14.279375414240276,134.7214396332718
trimmed_mean,spherical,CH,7.8128776600295,-47.940450123557234,47.940450123557234,7.812877660029525,116.77341780396898
trimmed_mean,spherical,CI,-4.974996896114817,-7.3160527219039535,7.3160527219039535,-4.974996896114821,64.51361057932486
trimmed_mean,spherical,CL,-71.43155475256059,33.8587246674288,-33.8587246674288,-71.4315547525606,84.06525086153971
trimmed_mean,spherical,CM,9.226237911930411,-4.589905046953741,4.589905046953741,9.22623791193043,266.14300309372436
trimmed_mean,spherical,CN,115.6877009544313,-39.413708059376766,39.413708059376766,115.6877009544313,82.95699380565914
trimmed_mean,spherical,CO,-72.16443390553896,-3.3998268875076354,3.3998268875076354,-72.16443390553897,251.31337786922705
trimmed_mean,spherical,CR,-82.2909708273673,-8.15334712408342,8.15334712408342,-82.2909708273673,279.6168242130431
trimmed_mean,spherical,CU,-76.6594620362751,-20.934343292699946,20.934343292699946,-76.65946203627509,636.9473764248845
trimmed_mean,spherical,CZ,14.393876563127293,-50.36674664777155,50.36674664777155,14.393876563127298,31.69280896062766
trimmed_mean,spherical,DE,13.548216529088933,-52.36300700490557,52.36300700490557,13.548216529088924,20.518139955469653
trimmed_mean,spherical,DJ,40.92075668561861,-10.986745323947064,10.986745323947064,40.920756685618635,252.10603335802352
trimmed_mean,spherical,DK,12.063526347414523,-56.19929219875606,56.19929219875606,12.063526347414504,65.49439393934806
trimmed_mean,spherical,DZ,2.6269494352256686,-35.910412450192105,35.910412450192105,2.6269494352256717,102.25732829609998
trimmed_mean,spherical,EC,-77.1473118295509,2.0398876858421615,-2.0398876858421615,-77.14731182955092,252.87218798068733
trimmed_mean,spherical,EG,31.21707823222542,-29.77302034426437,29.77302034426437,31.217078232225436,31.15379959706388
trimmed_mean,spherical,ES,-3.366882721200369,-40.98743605429919,40.98743605429919,-3.3668827212003887,70.41822457122738
trimmed_mean,spherical,ET,37.26295281694627,-8.123946443913825,8.123946443913825,37.26295281694627,187.52551575067943
trimmed_mean,spherical,FI,23.752109650646275,-61.14310067544641,61.14310067544641,23.752109650646272,125.14325883284214
trimmed_mean,spherical,FJ,179.50951815043584,18.331305388756995,-18.331305388756995,179.50951815043587,114.90939140806724
trimmed_mean,spherical,FR,2.8532390388123474,-48.95855966083498,48.95855966083498,2.8532390388123545,39.424081738504434
trimmed_mean,spherical,GB,0.05767891620891419,-51.95815026104154,51.95815026104154,0.05767891620892711,52.16178843009246
trimmed_mean,spherical,GH,-1.323689847818656,-7.4790766077495645,7.4790766077495645,-1.3236898478186643,246.61611746511187
trimmed_mean,spherical,GR,23.39213142930589,-38.000614279047255,38.000614279047255,23.392131429305863,29.777264848810514
trimmed_mean,spherical,GT,-86.73990875231317,-13.512718525614682,13.512718525614682,-86.73990875231317,426.9139661111601
trimmed_mean,spherical,HU,18.626873163917026,-47.94857400428998,47.94857400428998,18.626873163917022,60.18355756129445
trimmed_mean,spherical,IE,-5.724687645881261,-54.24869202707958,54.24869202707958,-5.724687645881255,107.31408301823438
trimmed_mean,spherical,IN,77.6956621093401,-27.190649625143347,27.190649625143347,77.69566210934013,164.11106709894557
trimmed_mean,spherical,IQ,43.692936524074725,-32.91407659360259,32.91407659360259,43.69293652407472,80.53567691272605
trimmed_mean,spherical,IR,50.213881139400485,-34.51402472971063,34.51402472971063,50.21388113940047,169.47521184093057
trimmed_mean,spherical,IS,-19.394224890964153,-64.02320224976506,64.02320224976506,-19.394224890964143,124.98441916994251
trimmed_mean,spherical,IT,13.03909704519856,-42.44213756672597,42.44213756672597,13.03909704519855,75.99522567374721
trimmed_mean,spherical,JO,36.25869236026094,-31.562499186806463,31.562499186806463,36.258692360260945,53.229332593580274
trimmed_mean,spherical,JP,138.9376580681526,-35.86284643126632,35.86284643126632,138.9376580681526,75.80281223102834
trimmed_mean,spherical,KE,34.4636513692227,1.2485360410434363,-1.2485360410434363,34.463651369222724,261.3880877251406
trimmed_mean,spherical,KH,106.96507794191092,-14.001822172859491,14.001822172859491,106.96507794191092,351.62085872753283
trimmed_mean,spherical,KR,126.48725047775912,-37.27455383809536,37.27455383809536,126.48725047775912,55.67314334524566
trimmed_mean,spherical,KW,48.18853926938084,-28.453569013993658,28.453569013993658,48.18853926938083,104.15574336861103
trimmed_mean,spherical,LA,106.46754032341602,-19.008829353274553,19.008829353274553,106.46754032341599,423.98695473002266
trimmed_mean,spherical,LB,34.72548230380846,-33.60289817956365,33.60289817956365,34.725482303808484,78.36203666563867
trimmed_mean,spherical,MA,-6.738386595511344,-34.18582758166214,34.18582758166214,-6.738386595511328,20.000952079196818
trimmed_mean,spherical,MG,43.7764802223881,19.680868840628104,-19.680868840628104,43.77648022238809,401.4469077549016
trimmed_mean,spherical,MN,108.6880892976211,-46.4889595366891,46.4889595366891,108.68808929762113,207.88378102023972
trimmed_mean,spherical,MR,-13.25443703232844,-19.65781509204337,19.65781509204337,-13.254437032328457,335.3838716188264
trimmed_mean,spherical,MX,-97.6069909571836,-19.59048402974733,19.59048402974733,-97.6069909571836,160.75005017424687
trimmed_mean,spherical,MY,103.52097441941294,-3.998876403687191,3.998876403687191,103.52097441941297,222.37337489299773
trimmed_mean,spherical,MZ,30.656255651839274,24.226507038030604,-24.226507038030604,30.65625565183927,273.2698829934314
trimmed_mean,spherical,NA,16.975167983392907,22.85286027971988,-22.85286027971988,16.975167983392893,33.3587859185943
trimmed_mean,spherical,NG,6.434480354527096,-9.094498869196954,9.094498869196954,6.434480354527097,120.44264728837061
trimmed_mean,spherical,NL,5.2672826057981865,-52.55532956708723,52.55532956708723,5.2672826057981865,32.90052852994692
trimmed_mean,spherical,NO,10.254359502474358,-60.196592848821965,60.196592848821965,10.254359502474369,41.3033672722983
trimmed_mean,spherical,NP,86.04535540752397,-27.010675977080055,27.010675977080055,86.045355407524,106.78595170060176
trimmed_mean,spherical,NZ,174.42204454048004,40.246589897994795,-40.246589897994795,174.42204454048004,121.01743341808002
trimmed_mean,spherical,OM,56.730476041614395,-22.71169634892937,22.71169634892937,56.7304760416144,215.21539779815964
trimmed_mean,spherical,PA,-77.27253248871828,-8.15482119222085,8.15482119222085,-77.27253248871827,264.76497512087417
trimmed_mean,spherical,PE,-77.71463797875958,11.528445002107672,-11.528445002107672,-77.7146379787596,92.27751409525548
trimmed_mean,spherical,PG,148.91899176188065,8.793863599516069,-8.793863599516069,148.91899176188068,203.69389807023487
trimmed_mean,spherical,PH,121.42828687484052,-14.648136903939973,14.648136903939973,121.4282868748405,48.4286190046866
trimmed_mean,spherical,PK,72.21389187520231,-30.527678011734128,30.527678011734128,72.21389187520232,364.13817817880755
trimmed_mean,spherical,PL,20.33608129107199,-52.70590692436718,52.70590692436718,20.336081291072006,67.51150077464771
trimmed_mean,spherical,PT,-8.315674667944336,-39.32075199575589,39.32075199575589,-8.31567466794433,97.71506014079694
trimmed_mean,spherical,QA,51.47202415823881,-25.392040123988963,25.392040123988963,51.47202415823884,13.232096804748101
trimmed_mean,spherical,RO,24.852943453503485,-45.10057417537096,45.10057417537096,24.852943453503464,123.01404040407489
trimmed_mean,spherical,RS,19.965504747364008,-45.68222139110449,45.68222139110449,19.965504747364008,103.51109321042163
trimmed_mean,spherical,RU,38.28658708957684,-55.89936548763649,55.89936548763649,38.28658708957684,45.030934257356094
trimmed_mean,spherical,RW,27.45365464853731,2.1568729337599484,-2.1568729337599484,27.453654648537317,290.36734744270296
trimmed_mean,spherical,SA,45.87719124025759,-24.673710917054496,24.673710917054496,45.87719124025761,90.36896966982574
trimmed_mean,spherical,SB,164.51483179152643,9.515809277041134,-9.515809277041134,164.51483179152643,500.7561138455623
trimmed_mean,spherical,SE,16.3619685567773,-59.4547502776441,59.4547502776441,16.361968556777292,98.75695424136386
trimmed_mean,spherical,SG,104.92641297049113,-2.6220263131571464,2.6220263131571464,104.92641297049114,189.68450342975999
trimmed_mean,spherical,SN,-17.149388868193455,-15.551264699340784,15.551264699340784,-17.149388868193466,99.05350692592386
trimmed_mean,spherical,TH,101.87994541108702,-14.27975586764918,14.27975586764918,101.87994541108702,158.55082706130165
trimmed_mean,spherical,TN,9.40565811586319,-37.061206497588685,37.061206497588685,9.40565811586318,74.55762940304281
trimmed_mean,spherical,TO,-175.11778977020543,19.11121234086306,-19.11121234086306,-175.11778977020543,225.68095111812477
trimmed_mean,spherical,TR,32.5650747163441,-40.364859071765935,40.364859071765935,32.565074716344085,54.642063678268784
trimmed_mean,spherical,TZ,33.949454825454325,5.934387091683181,-5.934387091683181,33.94945482545434,201.00834258576242
trimmed_mean,spherical,UA,29.60025744887284,-50.424771143884534,50.424771143884534,29.600257448872842,64.78206893067049
trimmed_mean,spherical,UG,29.15001274836132,-0.6031456586186873,0.6031456586186873,29.15001274836131,382.84782036186675
trimmed_mean,spherical,US,-76.74338042980803,-39.177182405205436,39.177182405205436,-76.74338042980804,38.411138543993225
trimmed_mean,spherical,UY,-57.075209265085164,32.97026008710331,-32.97026008710331,-57.07520926508516,225.61511559682026
trimmed_mean,spherical,UZ,68.55743713905741,-40.92301747630648,40.92301747630648,68.55743713905743,75.38707416365156
trimmed_mean,spherical,VN,107.49993608433704,-21.356032822260314,21.356032822260314,107.49993608433705,174.92756304314287
trimmed_mean,spherical,VU,171.78179112140617,16.948163514297434,-16.948163514297434,171.78179112140614,378.00744467869754
trimmed_mean,spherical,WS,-173.15895695599497,13.298523700167546,-13.298523700167546,-173.15895695599497,164.96967689388728
trimmed_mean,spherical,ZA,27.036388241749393,26.99753552578689,-26.99753552578689,27.036388241749393,186.39059510271116
trimmed_mean,spherical,ZM,26.31185590896871,14.460605999994527,-14.460605999994527,26.311855908968713,236.70348115605842
trimmed_mean,spherical,ZW,28.24889351938495,18.25555710143949,-18.25555710143949,28.248893519384936,299.41512479260797
trimmed_mean,classical,AE,47.13449491825267,-38.165568681741696,,,
trimmed_mean,classical,AO,5.991115295200068,-35.47542040115041,,,
trimmed_mean,classical,AR,-38.887883425670026,23.002068648509926,,,
trimmed_mean,classical,AT,17.934371429516425,-42.402043588444094,,,
trimmed_mean,classical,AU,66.53863228303874,56.1369700199092,,,
trimmed_mean,classical,BD,76.82684296129597,-25.23634590051643,,,
trimmed_mean,classical,BE,12.324427335773404,-40.62613484184392,,,
trimmed_mean,classical,BF,-5.457858697750357,-50.56231968141685,,,
trimmed_mean,classical,BH,43.96037400402378,-38.926390244965276,,,
trimmed_mean,classical,BO,-44.563288934101664,19.690556849887784,,,
trimmed_mean,classical,BR,-39.44680805817336,1.9434079471028411,,,
trimmed_mean,classical,BW,18.942801624694912,-24.21474317465422,,,
trimmed_mean,classical,CA,-9.711448113797449,0.2893906404143465,,,
trimmed_mean,classical,CD,8.4661964918504,-36.4689521147544,,,
trimmed_mean,classical,CH,13.198915109394399,-41.99351699240264,,,
trimmed_mean,classical,CI,-8.984007998573407,-45.48247534846381,,,
trimmed_mean,classical,CL,-37.94602158983447,34.766062225201146,,,
trimmed_mean,classical,CM,3.0257974274608763,-46.19248468007001,,,
trimmed_mean,classical,CN,76.79327274978884,-11.01601806859643,,,
trimmed_mean,classical,CO,-42.67848773732729,12.515554140639114,,,
trimmed_mean,classical,CR,-35.43460148340476,23.42881277066021,,,
trimmed_mean,classical,CU,-28.562841692777123,8.908125356192553,,,
trimmed_mean,classical,CZ,17.728675492931274,-41.3495553738892,,,
trimmed_mean,classical,DE,17.92691066627079,-39.8563992849462,,,
trimmed_mean,classical,DJ,35.62332221637752,-40.203024790183704,,,
trimmed_mean,classical,DK,18.322017688640088,-37.62659115325433,,,
trimmed_mean,classical,DZ,4.543691060455242,-47.92451260278338,,,
trimmed_mean,classical,EC,-45.081106448970004,22.231241858742536,,,
trimmed_mean,classical,EG,26.861833997107205,-45.99257957578542,,,
trimmed_mean,classical,ES,3.1985998467213683,-45.721305687417214,,,
trimmed_mean,classical,ET,31.34814312493903,-39.85939928626703,,,
trimmed_mean,classical,FI,24.93801985339044,-33.85387879664045,,,
trimmed_mean,classical,FJ,55.75590981758191,81.47305930814426,,,
trimmed_mean,classical,FR,10.688120767527485,-41.76942596969429,,,
trimmed_mean,classical,GB,10.512727891009462,-39.63195877604808,,,
trimmed_mean,classical,GH,-6.15220841762795,-48.227737024252775,,,
trimmed_mean,classical,GR,20.73241170861139,-45.22067128620628,,,
trimmed_mean,classical,GT,-29.438311845446595,23.180537390409064,,,
trimmed_mean,classical,HU,19.48018201132193,-42.03399558060603,,,
trimmed_mean,classical,IE,9.329635466309902,-37.98354307645631,,,
trimmed_mean,classical,IN,67.44663358014928,-28.815533073543644,,,
trimmed_mean,classical,IQ,37.31958875185479,-40.562607423233516,,,
trimmed_mean,classical,IR,43.29076329934233,-39.926968288548466,,,
trimmed_mean,classical,IS,10.794528665423204,-30.859578483593765,,,
trimmed_mean,classical,IT,14.725578908312116,-44.41810562159867,,,
trimmed_mean,classical,JO,31.575318613392756,-44.417571734247545,,,
trimmed_mean,classical,JP,73.75107475504764,7.606983866644146,,,
trimmed_mean,classical,KE,28.138793805977222,-39.1438456438235,,,
trimmed_mean,classical,KH,89.33226897864967,-12.603409735741465,,,
trimmed_mean,classical,KR,77.9159906979258,-3.426303274714652,,,
trimmed_mean,classical,KW,41.82817615075521,-38.84099377084513,,,
trimmed_mean,classical,LA,90.36801485221875,-15.697506481760868,,,
trimmed_mean,classical,LB,29.234774181791934,-44.9529135292576,,,
trimmed_mean,classical,MA,-2.6849281342151876,-49.52971486710012,,,
trimmed_mean,classical,MG,37.03075315553568,-27.01885595256355,,,
trimmed_mean,classical,MN,72.78320090878206,-16.69146958809801,,,
trimmed_mean,classical,MR,-13.0432737232948,-49.37932754292143,,,
trimmed_mean,classical,MX,-20.198220079283505,29.896284264708832,,,
trimmed_mean,classical,MY,91.69399940124823,-12.627588012414865,,,
trimmed_mean,classical,MZ,23.5913134625457,-25.80667799213191,,,
trimmed_mean,classical,NA,11.49224753701991,-24.644882160369864,,,
trimmed_mean,classical,NG,1.1001170656958585,-46.70679488731166,,,
trimmed_mean,classical,NL,13.40604903532359,-40.02880261578354,,,
trimmed_mean,classical,NO,18.555282521462882,-34.321032533972094,,,
trimmed_mean,classical,NP,74.81234460310795,-28.35924493963276,,,
trimmed_mean,classical,NZ,51.716054410097925,83.23893232753086,,,
trimmed_mean,classical,OM,50.87311057875623,-38.678334844582565,,,
trimmed_mean,classical,PA,-37.97864309041174,17.285955800720274,,,
trimmed_mean,classical,PE,-47.58195117052492,28.67023379421343,,,
trimmed_mean,classical,PG,80.6726601027459,44.416788631524874,,,
trimmed_mean,classical,PH,91.07963057462298,-0.499194435508997,,,
trimmed_mean,classical,PK,62.474120850978906,-34.930578533817645,,,
trimmed_mean,classical,PL,21.527110330623056,-39.41887371885743,,,
trimmed_mean,classical,PT,-0.333687421813881,-46.160549933747056,,,
trimmed_mean,classical,QA,45.647710754151575,-40.300750554219405,,,
trimmed_mean,classical,RO,22.509214107807818,-42.91154348324783,,,
trimmed_mean,classical,RS,19.597541147921966,-43.84417285715372,,,
trimmed_mean,classical,RU,32.541175931424156,-36.31906963001404,,,
trimmed_mean,classical,RW,20.69890679393065,-40.89667678437256,,,
trimmed_mean,classical,SA,40.476340548462716,-40.60984840761627,,,
trimmed_mean,classical,SB,70.92477698915124,63.730806042405604,,,
trimmed_mean,classical,SE,20.761941608861385,-35.91129938410366,,,
trimmed_mean,classical,SG,91.38956060785377,-10.130578420856958,,,
trimmed_mean,classical,SN,-18.721537423079777,-47.7207836052784,,,
trimmed_mean,classical,TH,87.18706007342514,-15.582862652737113,,,
trimmed_mean,classical,TN,9.636114705051462,-47.14354168355107,,,
trimmed_mean,classical,TO,50.94121412378243,87.2070057405848,,,
trimmed_mean,classical,TR,27.941893078586354,-43.24091161883898,,,
trimmed_mean,classical,TZ,27.67882975681092,-35.54129933649114,,,
trimmed_mean,classical,UA,26.055785398389336,-40.0632526826458,,,
trimmed_mean,classical,UG,22.455606974295364,-41.0924401632806,,,
trimmed_mean,classical,US,-14.26182966324507,2.814424613891962,,,
trimmed_mean,classical,UY,-40.81829896221004,20.14004860136454,,,
trimmed_mean,classical,UZ,55.9436843375239,-34.199353731657936,,,
trimmed_mean,classical,VN,86.88382611906933,-13.94297406731599,,,
trimmed_mean,classical,VU,64.95317624147556,74.09763964353124,,,
trimmed_mean,classical,WS,47.86187084303265,82.00329135853542,,,
trimmed_mean,classical,ZA,20.529903997293847,-18.676465827507876,,,
trimmed_mean,classical,ZM,19.350445830538455,-31.432638654550086,,,
trimmed_mean,classical,ZW,21.45537712381875,-26.867381692856462,,,
trimmed_mean,metric,AE,44.17810065004529,-35.73113066094092,,,
trimmed_mean,metric,AO,8.064114791200621,-54.43872323449881,,,
trimmed_mean,metric,AR,-40.571382013659175,-8.990073918439329,,,
trimmed_mean,metric,AT,19.844689968076327,-24.161530547509003,,,
trimmed_mean,metric,AU,71.0646962525655,39.645704010176935,,,
trimmed_mean,metric,BD,65.43612737068115,-22.88642072020911,,,
trimmed_mean,metric,BE,14.447494464988218,-21.232759164606833,,,
trimmed_mean,metric,BF,0.831789676570029,-42.36875702621858,,,
trimmed_mean,metric,BH,41.93080256654709,-35.43180301504052,,,
trimmed_mean,metric,BO,-37.06311886058147,-1.8049610769104163,,,
trimmed_mean,metric,BR,-32.6198197511134,-17.22711733069434,,,
trimmed_mean,metric,BW,18.267615416238854,-63.01385328947326,,,
trimmed_mean,metric,CA,-5.332456290517374,11.171044791285038,,,
trimmed_mean,metric,CD,11.061041613386019,-52.62813921191914,,,
trimmed_mean,metric,CH,15.321913916992782,-23.76154703985793,,,
trimmed_mean,metric,CI,-2.852172157820611,-43.17278788127415,,,
trimmed_mean,metric,CL,-41.07516626563087,4.967165170085853,,,
trimmed_mean,metric,CM,8.076347951605129,-48.21345018141389,,,
trimmed_mean,metric,CN,64.68706585789911,-2.4675222657579123,,,
trimmed_mean,metric,CO,-29.98983809309691,7.525752629549455,,,
trimmed_mean,metric,CR,-25.08485191492147,17.667211582965173,,,
trimmed_mean,metric,CU,-19.75163460183352,12.979836001233668,,,
trimmed_mean,metric,CZ,19.158917021695526,-22.746615984111436,,,
trimmed_mean,metric,DE,19.0542858830232,-21.220538631961684,,,
trimmed_mean,metric,DJ,36.619293391166536,-45.62539059271586,,,
trimmed_mean,metric,DK,19.156594670936563,-18.345061289284924,,,
trimmed_mean,metric,DZ,9.515914120505565,-30.670528913402478,,,
trimmed_mean,metric,EC,-31.813434682698453,12.28335241778738,,,
trimmed_mean,metric,EG,28.628755002581908,-35.952374834179594,,,
trimmed_mean,metric,ES,7.439809988100379,-26.60849130097997,,,
trimmed_mean,metric,ET,33.63150728313977,-47.11415691832194,,,
trimmed_mean,metric,FI,24.735518554798887,-15.231580133435816,,,
trimmed_mean,metric,FJ,52.15184468189149,58.90181722459731,,,
trimmed_mean,metric,FR,13.075135889732987,-22.57647890346325,,,
trimmed_mean,metric,GB,12.636767336476414,-20.11710102263828,,,
trimmed_mean,metric,GH,-0.14109360553195316,-44.97950420747539,,,
trimmed_mean,metric,GR,23.33054725535026,-30.935792839418127,,,
trimmed_mean,metric,GT,-21.86918516012381,21.282609360856554,,,
trimmed_mean,metric,HU,21.093364657256615,-24.51718039764,,,
trimmed_mean,metric,IE,10.834645735020771,-17.675541800704092,,,
trimmed_mean,metric,IN,57.3471736915441,-26.185796327995345,,,
trimmed_mean,metric,IQ,36.681077934498255,-32.344508808406935,,,
trimmed_mean,metric,IR,40.48241517846416,-30.991554930081474,,,
trimmed_mean,metric,IS,11.233522534297538,-8.214828771439251,,,
trimmed_mean,metric,IT,17.13879690736021,-27.923675537653196,,,
trimmed_mean,metric,JO,32.11482242467014,-34.47881370621135,,,
trimmed_mean,metric,JP,66.01100166699547,11.743999167467674,,,
trimmed_mean,metric,KE,30.9748159061358,-52.98535836629414,,,
trimmed_mean,metric,KH,74.55698687768259,-12.336471052242562,,,
trimmed_mean,metric,KR,66.49515695957754,3.9474622658483227,,,
trimmed_mean,metric,KW,40.18014554769573,-34.386832685382146,,,
trimmed_mean,metric,LA,72.6714449000928,-12.288266301470419,,,
trimmed_mean,metric,LB,31.170870551007795,-33.245642998850876,,,
trimmed_mean,metric,MA,3.3024502272679754,-30.04281780859526,,,
trimmed_mean,metric,MG,39.16007519492766,-60.74568841347512,,,
trimmed_mean,metric,MN,59.731501737071724,-5.015771302981737,,,
trimmed_mean,metric,MR,-5.402390478269975,-35.67705800386635,,,
trimmed_mean,metric,MX,-15.598108973503795,28.762362877102213,,,
trimmed_mean,metric,MY,77.33646685863012,-16.784597725813292,,,
trimmed_mean,metric,MZ,25.00429500030763,-64.35140335633038,,,
trimmed_mean,metric,NA,10.608393912358062,-61.26671482896065,,,
trimmed_mean,metric,NG,6.321270020883841,-44.81428617580883,,,
trimmed_mean,metric,NL,15.203338342051566,-20.38856546643798,,,
trimmed_mean,metric,NO,19.289109430794397,-15.216298627839194,,,
trimmed_mean,metric,NP,61.88502018045851,-23.45750661807019,,,
trimmed_mean,metric,NZ,54.934241828355525,58.952961129344004,,,
trimmed_mean,metric,OM,46.66967979108992,-35.980994911275396,,,
trimmed_mean,metric,PA,-26.43649486203574,13.078820181681113,,,
trimmed_mean,metric,PE,-36.213407760775155,11.582539226545421,,,
trimmed_mean,metric,PG,76.25076705153985,30.651625246131772,,,
trimmed_mean,metric,PH,76.66309161180027,-0.11242690831418045,,,
trimmed_mean,metric,PK,54.140858228183106,-28.077515037957,,,
trimmed_mean,metric,PL,22.42734621172658,-21.270806039145914,,,
trimmed_mean,metric,PT,4.300325399739293,-26.392836576068166,,,
trimmed_mean,metric,QA,42.9462529923302,-36.00774150414943,,,
trimmed_mean,metric,RO,24.44832561497145,-26.635884364086145,,,
trimmed_mean,metric,RS,21.655074705960107,-26.263571366344085,,,
trimmed_mean,metric,RU,30.99771492710861,-18.890702547990006,,,
trimmed_mean,metric,RW,24.553880431519005,-53.6223774162568,,,
trimmed_mean,metric,SA,39.15909724610505,-36.99008936481919,,,
trimmed_mean,metric,SB,67.12231006878248,44.80155490626182,,,
trimmed_mean,metric,SE,21.619433927787576,-16.25937620629377,,,
trimmed_mean,metric,SG,78.05510853423931,-15.379499283877744,,,
trimmed_mean,metric,SN,-9.168176256455812,-36.83594149201296,,,
trimmed_mean,metric,TH,72.65444661209375,-15.833947804202378,,,
trimmed_mean,metric,TN,13.953796691462578,-30.718585117684224,,,
trimmed_mean,metric,TO,47.1395668862128,62.292505171565196,,,
trimmed_mean,metric,TR,29.129570736134283,-29.246527353352025,,,
trimmed_mean,metric,TZ,29.790165228192084,-54.80824818981352,,,
trimmed_mean,metric,UA,27.108465014001403,-22.8645645772936,,,
trimmed_mean,metric,UG,26.15374986893391,-52.022383358852714,,,
trimmed_mean,metric,US,-8.8811918948693,12.172118555395777,,,
trimmed_mean,metric,UY,-40.680253899330395,-10.958415872011052,,,
trimmed_mean,metric,UZ,49.101863366885546,-24.135198609966725,,,
trimmed_mean,metric,VN,71.55598924659049,-10.553210705970194,,,
trimmed_mean,metric,VU,62.5818443459778,52.905465427367176,,,
trimmed_mean,metric,WS,43.670411244822,60.943263702746066,,,
trimmed_mean,metric,ZA,20.068112296890916,-64.14929606830765,,,
trimmed_mean,metric,ZM,21.583304830113576,-58.95552580990329,,,
trimmed_mean,metric,ZW,23.046184629971677,-60.542047411342466,,,
trimmed_mean,nonmetric,AE,44.56346776121884,-38.29322733690216,,,
trimmed_mean,nonmetric,AO,5.533290654655289,-53.16001491488068,,,
trimmed_mean,nonmetric,AR,-40.46497846735346,-5.472070388570593,,,
trimmed_mean,nonmetric,AT,21.83107935269877,-24.966080886080327,,,
trimmed_mean,nonmetric,AU,64.72140080614903,42.149229861745766,,,
trimmed_mean,nonmetric,BD,64.74716862961142,-23.55259923845209,,,
trimmed_mean,nonmetric,BE,16.58827185191907,-21.21566467445049,,,
trimmed_mean,nonmetric,BF,0.7415206572579791,-39.841623854614696,,,
trimmed_mean,nonmetric,BH,42.325100247124595,-38.204081383075724,,,
trimmed_mean,nonmetric,BO,-36.30128261231154,1.9313954536891238,,,
trimmed_mean,nonmetric,BR,-32.25716746366477,-14.184203283397125,,,
trimmed_mean,nonmetric,BW,13.59864350009401,-63.57199369365468,,,
trimmed_mean,nonmetric,CA,-7.521501113836003,10.981955457610407,,,
trimmed_mean,nonmetric,CD,9.064488162014303,-52.04790100480539,,,
trimmed_mean,nonmetric,CH,17.146436773225957,-23.768650489798066,,,
trimmed_mean,nonmetric,CI,-3.520793957315906,-40.12284572519893,,,
trimmed_mean,nonmetric,CL,-39.95692078864059,9.650433656451273,,,
trimmed_mean,nonmetric,CM,7.210387917336995,-46.971654594718814,,,
trimmed_mean,nonmetric,CN,65.49620650884329,-2.508909756554976,,,
trimmed_mean,nonmetric,CO,-29.08854511798687,10.725191720937449,,,
trimmed_mean,nonmetric,CR,-24.483195094162998,20.2364997412651,,,
trimmed_mean,nonmetric,CU,-20.009297431680725,14.789738014123337,,,
trimmed_mean,nonmetric,CZ,21.343092186015696,-23.462513423320438,,,
trimmed_mean,nonmetric,DE,21.21195485552485,-21.738797228332402,,,
trimmed_mean,nonmetric,DJ,36.21530847692745,-47.52995647335082,,,
trimmed_mean,nonmetric,DK,21.287594778187337,-19.0970336155773,,,
trimmed_mean,nonmetric,DZ,10.730175658420682,-29.967379209135792,,,
trimmed_mean,nonmetric,EC,-30.473373845896678,15.75276726613182,,,
trimmed_mean,nonmetric,EG,29.77126923869227,-37.465770808791596,,,
trimmed_mean,nonmetric,ES,9.062139275152571,-25.36495072109013,,,
trimmed_mean,nonmetric,ET,33.233880399353154,-48.88407701509752,,,
trimmed_mean,nonmetric,FI,27.28085134741446,-16.859898183124212,,,
trimmed_mean,nonmetric,FJ,51.351082434816895,54.27369535790474,,,
trimmed_mean,nonmetric,FR,14.835985137293894,-22.42752819083532,,,
trimmed_mean,nonmetric,GB,14.575260435495293,-19.729646112584483,,,
trimmed_mean,nonmetric,GH,-0.911823593244069,-42.369016231226986,,,
trimmed_mean,nonmetric,GR,24.93690183417223,-32.084974825326405,,,
trimmed_mean,nonmetric,GT,-22.429903204254973,23.642837647857796,,,
trimmed_mean,nonmetric,HU,23.19929247049518,-25.35628113197941,,,
trimmed_mean,nonmetric,IE,12.8902155494743,-16.93829488732409,,,
trimmed_mean,nonmetric,IN,56.902107114281065,-28.06306451637869,,,
trimmed_mean,nonmetric,IQ,37.756383877611476,-35.06540817084848,,,
trimmed_mean,nonmetric,IR,41.45753669693319,-33.80656288050589,,,
trimmed_mean,nonmetric,IS,13.169989631616748,-7.964035640600573,,,
trimmed_mean,nonmetric,IT,19.135925844824705,-28.24927736915095,,,
trimmed_mean,nonmetric,JO,33.34594319199759,-36.26920019933424,,,
trimmed_mean,nonmetric,JP,68.25985618682874,12.373622295102649,,,
trimmed_mean,nonmetric,KE,29.31686522247337,-54.22565735282407,,,
trimmed_mean,nonmetric,KH,73.89572483510415,-10.476099285150566,,,
trimmed_mean,nonmetric,KR,67.44075716429145,4.082082347142286,,,
trimmed_mean,nonmetric,KW,41.00219362620669,-37.42276261088457,,,
trimmed_mean,nonmetric,LA,71.70417012446696,-10.702517973237,,,
trimmed_mean,nonmetric,LB,32.670218770674076,-35.07843051265976,,,
trimmed_mean,nonmetric,MA,4.636822712320949,-27.87536796464731,,,
trimmed_mean,nonmetric,MG,35.638374046848895,-63.29626302200001,,,
trimmed_mean,nonmetric,MN,60.132603161128785,-6.004853974170761,,,
trimmed_mean,nonmetric,MR,-4.599575327837567,-32.074329174501926,,,
trimmed_mean,nonmetric,MX,-16.786823290516,30.107434443977496,,,
trimmed_mean,nonmetric,MY,76.70021379276162,-14.149197391601847,,,
trimmed_mean,nonmetric,MZ,20.105191593985563,-65.62733341234986,,,
trimmed_mean,nonmetric,NA,6.264760006055081,-60.398818175592034,,,
trimmed_mean,nonmetric,NG,5.912814923463515,-42.907237028690005,,,
trimmed_mean,nonmetric,NL,17.331651739190804,-20.697893468652683,,,
trimmed_mean,nonmetric,NO,21.637791520277617,-15.94015425204518,,,
trimmed_mean,nonmetric,NP,60.99115477332799,-24.31746833113192,,,
trimmed_mean,nonmetric,NZ,48.301378056938205,56.04692126172637,,,
trimmed_mean,nonmetric,OM,46.79961516487418,-38.32852810474661,,,
trimmed_mean,nonmetric,PA,-26.192229123972762,15.413014139339076,,,
trimmed_mean,nonmetric,PE,-34.0581973659842,16.187635664734515,,,
trimmed_mean,nonmetric,PG,74.11944889403216,32.961211769988054,,,
trimmed_mean,nonmetric,PH,75.7041132461034,3.2033311047961277,,,
trimmed_mean,nonmetric,PK,53.75558593170021,-29.98103482862524,,,
trimmed_mean,nonmetric,PL,24.72237778683817,-22.45601300866273,,,
trimmed_mean,nonmetric,PT,5.7754200896739185,-24.491332851987085,,,
trimmed_mean,nonmetric,QA,43.259570621755095,-38.6403520285941,,,
trimmed_mean,nonmetric,RO,26.513176111398074,-28.09436524096097,,,
trimmed_mean,nonmetric,RS,23.570986387432775,-27.112594459197936,,,
trimmed_mean,nonmetric,RU,33.40765299041522,-21.287771985867845,,,
trimmed_mean,nonmetric,RW,23.36029603374921,-54.24904517782166,,,
trimmed_mean,nonmetric,SA,39.68759435227359,-39.442541920192795,,,
trimmed_mean,nonmetric,SB,67.39952284492155,42.95406998327021,,,
trimmed_mean,nonmetric,SE,24.07031159873031,-17.488295481964286,,,
trimmed_mean,nonmetric,SG,77.49341887304126,-12.36434790951856,,,
trimmed_mean,nonmetric,SN,-8.39594022417133,-32.357527788620324,,,
trimmed_mean,nonmetric,TH,72.24113831966369,-14.898084412072482,,,
trimmed_mean,nonmetric,TN,15.367536209201987,-30.33835128661177,,,
trimmed_mean,nonmetric,TO,45.41141687612979,56.961883016343606,,,
trimmed_mean,nonmetric,TR,31.04152549388444,-31.19595865510759,,,
trimmed_mean,nonmetric,TZ,27.7300359392616,-55.79109947661838,,,
trimmed_mean,nonmetric,UA,29.390649676515118,-24.6996387890336,,,
trimmed_mean,nonmetric,UG,25.14405934675648,-52.82781324516589,,,
trimmed_mean,nonmetric,US,-10.47137256868169,12.808612817271857,,,
trimmed_mean,nonmetric,UY,-40.75699196872611,-7.306834638201424,,,
trimmed_mean,nonmetric,UZ,49.6716802595044,-27.292858658412563,,,
trimmed_mean,nonmetric,VN,70.8613081187633,-9.086570486015374,,,
trimmed_mean,nonmetric,VU,60.40709031608266,49.662399276231795,,,
trimmed_mean,nonmetric,WS,42.280124098477685,56.58586293746346,,,
trimmed_mean,nonmetric,ZA,14.722351298097681,-65.19841003084034,,,
trimmed_mean,nonmetric,ZM,18.522043953171924,-59.454720567655066,,,
trimmed_mean,nonmetric,ZW,19.15862221459171,-61.56607721340001,,,
robust,spherical,AE,53.372350279555434,-23.99810833417566,23.99810833417566,53.372350279555455,113.48138290184893
robust,spherical,AO,11.661802126318236,9.374566609474616,-9.374566609474616,11.66180212631824,182.53997691202872
robust,spherical,AR,-58.266521659380686,34.59229153819841,-34.59229153819841,-58.266521659380686,12.204401884541815
robust,spherical,AT,16.178837605596925,-48.33459089730161,48.33459089730161,16.17883760559692,20.167633788745054
robust,spherical,AU,147.02625465258654,37.01777498150798,-37.01777498150798,147.02625465258654,269.8999339745803
robust,spherical,BD,89.7969925363214,-22.62712174985843,22.62712174985843,89.7969925363214,137.0648474205076
robust,spherical,BE,4.308424556895233,-51.04176246594104,51.04176246594104,4.308424556895249,23.017949342007494
robust,spherical,BF,-1.531811200368736,-12.899476283915629,12.899476283915629,-1.5318112003687507,58.62628852092585
robust,spherical,BH,50.29760026592598,-26.197929665451298,26.197929665451298,50.29760026592597,28.79071873951352
robust,spherical,BO,-64.07886762536062,18.845095599555748,-18.845095599555748,-64.07886762536062,126.06768836358589
robust,spherical,BR,-47.269278352162075,16.44339390945442,-16.44339390945442,-47.26927835216205,101.09968938772572
robust,spherical,BW,24.88370694277944,23.50546946000594,-23.50546946000594,24.88370694277943,164.2830727265827
robust,spherical,CA,-75.66772574214168,-44.90682791158284,44.90682791158284,-75.66772574214168,56.97458033204933
robust,spherical,CD,14.28122644251556,4.9843528537873025,-4.9843528537873025,14.281226442515566,135.67047843571484
robust,spherical,CH,7.830470114036075,-47.94800996355594,47.94800996355594,7.8304701140360855,117.8924475323169
robust,spherical,CI,-4.980689301303357,-7.276215432712338,7.276215432712338,-4.980689301303377,60.416771678550845
robust,spherical,CL,-71.53702097952883,33.815350099237776,-33.815350099237776,-71.53702097952885,90.14616797825023
robust,spherical,CM,9.224593297409854,-4.59050022163662,4.59050022163662,9.224593297409847,266.33674669436505
robust,spherical,CN,115.71447655406723,-39.46989411706545,39.46989411706545,115.71447655406725,77.01243681291177
robust,spherical,CO,-72.1792633958528,-3.425958774072076,3.425958774072076,-72.17926339585281,248.3802482867313
robust,spherical,CR,-82.28531478207184,-8.144782950504199,8.144782950504199,-82.28531478207185,280.731775705363
robust,spherical,CU,-76.6208887448359,-20.899662441450275,20.899662441450275,-76.62088874483591,642.1668282323133
robust,spherical,CZ,14.395446772960298,-50.38133101043353,50.38133101043353,14.395446772960305,33.27859323739059
robust,spherical,DE,13.566864296580945,-52.3813542871752,52.3813542871752,13.566864296580926,19.47372220157844
robust,spherical,DJ,40.92705861570289,-10.960863400128195,10.960863400128195,40.927058615702904,252.2438712962969
robust,spherical,DK,12.060456448233623,-56.2092150594124,56.2092150594124,12.060456448233618,66.55580138521145
robust,spherical,DZ,2.588834322490129,-35.9564762886655,35.9564762886655,2.588834322490129,98.88306153396036
robust,spherical,EC,-77.19282012661232,2.004017595087,-2.004017595087,-77.19282012661232,246.66158007757045
robust,spherical,EG,31.210812586608426,-29.72227306809854,29.72227306809854,31.21081258660842,36.828681729067675
robust,spherical,ES,-3.4162598926127714,-41.0237678505053,41.0237678505053,-3.41625989261277,72.76400820485028
robust,spherical,ET,37.35773477207613,-8.135502782953738,8.135502782953738,37.357734772076135,178.1187431882147
robust,spherical,FI,23.753120540750217,-61.102821105778546,61.102821105778546,23.7531205407502,121.31478309048372
robust,spherical,FJ,179.5456937511933,18.334484519563468,-18.334484519563468,179.54569375119328,118.7263920432701
robust,spherical,FR,2.83043075940364,-48.956869749299834,48.956869749299834,2.8304307594036526,37.765534758760474
robust,spherical,GB,0.05985594236872771,-51.91813749146719,51.91813749146719,0.0598559423687395,47.88574168422907
robust,spherical,GH,-1.3351111005004839,-7.537977221622705,7.537977221622705,-1.3351111005004894,252.93683615807754
robust,spherical,GR,23.373134618628285,-38.03397185976346,38.03397185976346,23.373134618628264,31.849656711970116
robust,spherical,GT,-86.67332795430895,-13.461954026507533,13.461954026507533,-86.67332795430893,435.4767356928594
robust,spherical,HU,18.67895249878498,-47.96607994041044,47.96607994041044,18.678952498784987,59.74279091612326
robust,spherical,IE,-5.663089356517901,-54.172145031493706,54.172145031493706,-5.6630893565179035,100.78688584951625
robust,spherical,IN,77.68036653978174,-27.16874762619305,27.16874762619305,77.68036653978176,166.0059380309361
robust,spherical,IQ,43.67838374689629,-32.938080453716516,32.938080453716516,43.67838374689629,80.10614383244048
robust,spherical,IR,50.20764116299148,-34.53837841130488,34.53837841130488,50.20764116299149,167.78622402440348
robust,spherical,IS,-19.319538615029415,-64.04856844365182,64.04856844365182,-19.31953861502942,128.25383722876794
robust,spherical,IT,13.037235171914148,-42.42097114971209,42.42097114971209,13.037235171914137,74.04441013920695
robust,spherical,JO,36.26131139003215,-31.5671524106834,31.5671524106834,36.26131139003215,52.95425945857082
robust,spherical,JP,138.94742597333112,-35.90062095898458,35.90062095898458,138.94742597333112,76.1394549069702
robust,spherical,KE,34.50955418221076,1.221920385076528,-1.221920385076528,34.50955418221079,256.346254634895
robust,spherical,KH,106.98079781797685,-13.965918642301817,13.965918642301817,106.98079781797684,349.63738088861953
robust,spherical,KR,126.4890385220798,-37.32554873416866,37.32554873416866,126.4890385220798,52.39894816975185
robust,spherical,KW,48.20666044754711,-28.38457752326169,28.38457752326169,48.20666044754709,112.02633924523305
robust,spherical,LA,106.46329184437138,-18.99465734480577,18.99465734480577,106.46329184437138,423.14402999960345
robust,spherical,LB,34.769532824801786,-33.60728933146601,33.60728933146601,34.76953282480179,74.42106628355491
robust,spherical,MA,-6.711180414997074,-34.20538287916194,34.20538287916194,-6.711180414997077,23.105112101192784
robust,spherical,MG,43.764738039263904,19.676616897338633,-19.676616897338633,43.764738039263904,402.556424660282
robust,spherical,MN,108.58881689967677,-46.4115672704205,46.4115672704205,108.58881689967679,209.99077304481858
robust,spherical,MR,-13.251287429815704,-19.67741646287581,19.67741646287581,-13.25128742981571,336.7919480967287
robust,spherical,MX,-97.62213064984175,-19.565036542117145,19.565036542117145,-97.62213064984174,158.92011589587563
robust,spherical,MY,103.56656799723561,-3.969506470682897,3.969506470682897,103.5665679972356,225.6808580439158
robust,spherical,MZ,30.640983987950733,24.276971515756333,-24.276971515756333,30.64098398795073,270.4399664627189
robust,spherical,NA,16.97917954482716,22.881954533675458,-22.881954533675458,16.97917954482714,36.30116003249072
robust,spherical,NG,6.376428007220795,-9.107020625276393,9.107020625276393,6.3764280072207775,126.83317023213857
robust,spherical,NL,5.266590599709019,-52.55138206933613,52.55138206933613,5.26659059970902,32.56675362881429
robust,spherical,NO,10.248076240196156,-60.18240525591014,60.18240525591014,10.248076240196172,40.37946956638181
robust,spherical,NP,86.12266238215045,-27.0696072449538,27.0696072449538,86.12266238215047,107.56875677665894
robust,spherical,NZ,174.45235776173934,40.21813184608937,-40.21813184608937,174.45235776173936,123.48323688460863
robust,spherical,OM,56.739796533437044,-22.696086679002818,22.696086679002818,56.73979653343705,215.19959129252084
robust,spherical,PA,-77.25819167427493,-8.196483139815225,8.196483139815225,-77.25819167427491,264.69305408212614
robust,spherical,PE,-77.73379328843811,11.5284416324925,-11.5284416324925,-77.7337932884381,93.91649479771277
robust,spherical,PG,148.90035626056022,8.790864453447492,-8.790864453447492,148.9003562605602,201.91574311568343
robust,spherical,PH,121.38196705859468,-14.688709978277975,14.688709978277975,121.3819670585947,44.18033598059895
robust,spherical,PK,72.22095052034342,-30.515241764010764,30.515241764010764,72.22095052034341,365.31795238664586
robust,spherical,PL,20.333102536036648,-52.707467425398995,52.707467425398995,20.333102536036645,67.77467147816994
robust,spherical,PT,-8.241570886150186,-39.409195461856214,39.409195461856214,-8.241570886150175,109.09233972180198
robust,spherical,QA,51.48322443144144,-25.361280466365777,25.361280466365777,51.48322443144143,9.69723999100283
robust,spherical,RO,24.833464883641994,-45.07313793878125,45.07313793878125,24.83346488364199,122.47369871272286
robust,spherical,RS,19.993146826138116,-45.67192460759095,45.67192460759095,19.9931468261381,101.6456548444482
robust,spherical,RU,38.31150424125863,-55.95182261293191,55.95182261293191,38.31150424125864,48.79466988621313
robust,spherical,RW,27.410809958474204,2.172610264330531,-2.172610264330531,27.41080995847422,295.252909936939
robust,spherical,SA,45.87483588889364,-24.681058909979086,24.681058909979086,45.87483588889364,90.63884739141086
robust,spherical,SB,164.49902562369925,9.483360160288928,-9.483360160288928,164.49902562369923,498.99691210948754
robust,spherical,SE,16.41969710533408,-59.461158655115376,59.461158655115376,16.419697105334073,95.59071475606531
robust,spherical,SG,104.89115961682796,-2.660789985772696,2.660789985772696,104.89115961682795,190.66199364574598
robust,spherical,SN,-17.147733402592223,-15.603123096733801,15.603123096733801,-17.14773340259221,104.52680644211841
robust,spherical,TH,101.92014515308074,-14.369427278489844,14.369427278489844,101.92014515308071,166.41957496398746
robust,spherical,TN,9.44911746610947,-37.04482121045089,37.04482121045089,9.44911746610948,70.29778059185863
robust,spherical,TO,-175.1170547357946,19.13463484699866,-19.13463484699866,-175.1170547357946,223.08312884929805
robust,spherical,TR,32.58932252938308,-40.35800225629387,40.35800225629387,32.589322529383075,53.0337839237916
robust,spherical,TZ,33.94759748709984,5.916311635717695,-5.916311635717695,33.947597487099856,201.50135062718698
robust,spherical,UA,29.614456686309666,-50.40756954571727,50.40756954571727,29.61445668630967,63.85184589687629
robust,spherical,UG,29.17650255157227,-0.5989023771585453,0.5989023771585453,29.176502551572273,379.8736565140275
robust,spherical,US,-76.75182483454306,-39.169953501764574,39.169953501764574,-76.75182483454304,37.330996581847685
robust,spherical,UY,-57.09576535040384,32.97360564410515,-32.97360564410515,-57.09576535040382,225.97654904740762
robust,spherical,UZ,68.57615149259658,-40.991489718020354,40.991489718020354,68.5761514925966,69.89476674893969
robust,spherical,VN,107.55435584780003,-21.481345074361545,21.481345074361545,107.55435584780001,183.64439996606768
robust,spherical,VU,171.81271105699983,16.923999492726242,-16.923999492726242,171.81271105699983,381.84904893731414
robust,spherical,WS,-173.21009556774445,13.295900056465117,-13.295900056465117,-173.21009556774445,170.23029342531268
robust,spherical,ZA,27.05122525748959,26.94255859332048,-26.94255859332048,27.05122525748957,180.77470900699495
robust,spherical,ZM,26.264343841693034,14.446124006813234,-14.446124006813234,26.26434384169303,241.9962162752595
robust,spherical,ZW,28.22877920397312,18.184788813118928,-18.184788813118928,28.22877920397311,300.3972587701472
robust,classical,AE,47.12118153114318,-38.12589065691722,,,
robust,classical,AO,5.980813318263657,-35.54536480258582,,,
robust,classical,AR,-38.84300639574914,23.045625837360326,,,
robust,classical,AT,17.92554017639194,-42.40612332027359,,,
robust,classical,AU,66.58926962468796,56.09342519030139,,,
robust,classical,BD,76.8445574844918,-25.282229414954237,,,
robust,classical,BE,12.23511337072403,-40.620837753086235,,,
robust,classical,BF,-5.474867233762552,-50.66364186015648,,,
robust,classical,BH,43.97483315702543,-38.92191294989135,,,
robust,classical,BO,-44.533777329981575,19.852657741324997,,,
robust,classical,BR,-39.44759646086071,1.884962275034784,,,
robust,classical,BW,18.8951147946154,-24.276255458228317,,,
robust,classical,CA,-9.720876892410846,0.3631594208568849,,,
robust,classical,CD,8.432515702528388,-36.44368503907623,,,
robust,classical,CH,13.224225908310816,-41.99027119222494,,,
robust,classical,CI,-9.004716899318279,-45.3709696599625,,,
robust,classical,CL,-38.101063242910485,34.83934079678557,,,
robust,classical,CM,3.0368735189271128,-46.127133483817715,,,
robust,classical,CN,76.73587067917548,-11.018848876758366,,,
robust,classical,CO,-42.596092208785265,12.539544246679302,,,
robust,classical,CR,-35.42834008022008,23.42437744045135,,,
robust,classical,CU,-28.625433098366745,8.850312557728564,,,
robust,classical,CZ,17.729324403038667,-41.34195580682952,,,
robust,classical,DE,17.94831296501048,-39.807433797183336,,,
robust,classical,DJ,35.64263499932262,-40.213010107148634,,,
robust,classical,DK,18.33056247409908,-37.593265860713004,,,
robust,classical,DZ,4.548696997901317,-47.970548985503555,,,
robust,classical,EC,-45.037629397926366,22.21881500223561,,,
robust,classical,EG,26.87791250194331,-46.04492478128748,,,
robust,classical,ES,3.162540129869978,-45.6930464101256,,,
robust,classical,ET,31.5486517047341,-39.94699841889171,,,
robust,classical,FI,24.9244234950367,-33.80619081831695,,,
robust,classical,FJ,55.68095096283237,81.49398377568383,,,
robust,classical,FR,10.661566754226538,-41.8501230835457,,,
robust,classical,GB,10.494216298109153,-39.733901654715424,,,
robust,classical,GH,-6.159826058161059,-48.28870374591506,,,
robust,classical,GR,20.72255122757016,-45.20003205059612,,,
robust,classical,GT,-29.51211248268935,23.122617947456817,,,
robust,classical,HU,19.521785110809187,-42.03843116976636,,,
robust,classical,IE,9.347761410476794,-37.95795100478193,,,
robust,classical,IN,67.42171076285067,-28.774840098620523,,,
robust,classical,IQ,37.304696977751334,-40.49778229810231,,,
robust,classical,IR,43.28843401004616,-40.01318633333396,,,
robust,classical,IS,10.8497249912276,-30.84250897815278,,,
robust,classical,IT,14.720714393070654,-44.44274477386617,,,
robust,classical,JO,31.5772635719974,-44.388916771919426,,,
robust,classical,JP,73.73241279708063,7.58131247905154,,,
robust,classical,KE,28.187882799443344,-39.167529524106136,,,
robust,classical,KH,89.43491859827886,-12.678022820334672,,,
robust,classical,KR,77.89154521807339,-3.454383304075442,,,
robust,classical,KW,41.90011587655937,-38.931132870296494,,,
robust,classical,LA,90.374780395827,-15.709125420925655,,,
robust,classical,LB,29.27619515356952,-44.90720515452409,,,
robust,classical,MA,-2.655397679929152,-49.557429934332745,,,
robust,classical,MG,37.01405058599593,-27.004241571290883,,,
robust,classical,MN,72.79424747578554,-16.707771921201314,,,
robust,classical,MR,-13.05592120966855,-49.35553518877373,,,
robust,classical,MX,-20.22901362896639,29.776491412472936,,,
robust,classical,MY,91.75288936872685,-12.587173053427291,,,
robust,classical,MZ,23.571984942902052,-25.699594033400164,,,
robust,classical,NA,11.476121223601918,-24.59218264361268,,,
robust,classical,NG,1.0084074391310551,-46.85244039335507,,,
robust,classical,NL,13.404186412086279,-40.003507460617826,,,
robust,classical,NO,18.540300336672594,-34.31029137969221,,,
robust,classical,NP,75.06294266143139,-28.56255457010935,,,
robust,classical,NZ,51.66804344472494,83.24498043477978,,,
robust,classical,OM,50.82333683392865,-38.591630794779945,,,
robust,classical,PA,-37.87317238336121,17.24467265967875,,,
robust,classical,PE,-47.58462126335519,28.67745714494184,,,
robust,classical,PG,80.73393799598267,44.36010084092354,,,
robust,classical,PH,91.02241856964855,-0.5808183737994312,,,
robust,classical,PK,62.45908757009066,-34.94219171151483,,,
robust,classical,PL,21.517902343963826,-39.36627850876543,,,
robust,classical,PT,-0.1363539697880256,-46.038278991077625,,,
robust,classical,QA,45.63227557104519,-40.265015141897564,,,
robust,classical,RO,22.504475822185764,-42.96491216114632,,,
robust,classical,RS,19.6150478364335,-43.86839955702844,,,
robust,classical,RU,32.565752708824235,-36.298147717714905,,,
robust,classical,RW,20.618495409710192,-40.779348559947096,,,
robust,classical,SA,40.471550057070544,-40.58047233028233,,,
robust,classical,SB,70.90956772654678,63.6691989342453,,,
robust,classical,SE,20.792296718425966,-35.93017274543994,,,
robust,classical,SG,91.34561414651088,-10.144443861713775,,,
robust,classical,SN,-18.678255016935214,-47.74231059709196,,,
robust,classical,TH,87.06045285516842,-15.450407551661753,,,
robust,classical,TN,9.651720663994126,-47.096176531908974,,,
robust,classical,TO,50.957863746821545,87.22740578229535,,,
robust,classical,TR,27.939862059778687,-43.237593617515174,,,
robust,classical,TZ,27.657761965660935,-35.495882503597144,,,
robust,classical,UA,26.051515239635414,-40.09462304676452,,,
robust,classical,UG,22.499943109831495,-40.96549335981143,,,
robust,classical,US,-14.263578068660774,2.820009876981885,,,
robust,classical,UY,-40.84178450102843,20.141253176354383,,,
robust,classical,UZ,55.91483154334054,-34.176618139250756,,,
robust,classical,VN,86.59244953299779,-13.783503731629388,,,
robust,classical,VU,64.96153569574997,74.14252356380753,,,
robust,classical,WS,47.93333383114076,81.97581833475938,,,
robust,classical,ZA,20.541291263754474,-18.818503584998886,,,
robust,classical,ZM,19.301419390249258,-31.396733363012896,,,
robust,classical,ZW,21.447981156242925,-26.90022272851703,,,
robust,metric,AE,44.19483262456492,-35.74433570890776,,,
robust,metric,AO,8.060806347721513,-54.47810803003909,,,
robust,metric,AR,-40.58842419668619,-8.95614301656588,,,
robust,metric,AT,19.853170427893915,-24.157857780176638,,,
robust,metric,AU,71.11779915999773,39.64493011092837,,,
robust,metric,BD,65.45389419708063,-22.93605474374195,,,
robust,metric,BE,14.389113674104657,-21.23496608743023,,,
robust,metric,BF,0.8448585000723767,-42.39584471287557,,,
robust,metric,BH,41.945423308701095,-35.43212250225313,,,
robust,metric,BO,-37.01686533096505,-1.7259010103917305,,,
robust,metric,BR,-32.63443179306816,-17.238490091770565,,,
robust,metric,BW,18.207384642082133,-63.01858142716495,,,
robust,metric,CA,-5.326730047624572,11.186393556488362,,,
robust,metric,CD,11.074088438283086,-52.6342642338174,,,
robust,metric,CH,15.337462196293227,-23.758340742520332,,,
robust,metric,CI,-2.869800623179472,-43.13788905859635,,,
robust,metric,CL,-41.12122941598902,4.95706983874036,,,
robust,metric,CM,8.073665180919793,-48.18928351748098,,,
robust,metric,CN,64.6569862018273,-2.439487132091074,,,
robust,metric,CO,-29.950535853693413,7.559056912391515,,,
robust,metric,CR,-25.081354019852416,17.662513938542112,,,
robust,metric,CU,-19.78121563951198,12.945575141072453,,,
robust,metric,CZ,19.16772944590662,-22.74271918216697,,,
robust,metric,DE,19.069490743604717,-21.207805804224435,,,
robust,metric,DJ,36.61989578459126,-45.64592771991852,,,
robust,metric,DK,19.16239555328531,-18.33648007663477,,,
robust,metric,DZ,9.50512191758529,-30.652796031730382,,,
robust,metric,EC,-31.821375384810562,12.29778310997876,,,
robust,metric,EG,28.628489979030924,-36.00561321147216,,,
robust,metric,ES,7.431754867312115,-26.57319747457791,,,
robust,metric,ET,33.69387042758871,-47.130671705144394,,,
robust,metric,FI,24.735573873513232,-15.259333723069513,,,
robust,metric,FJ,52.08748664582912,58.91487087181672,,,
robust,metric,FR,13.06554977367954,-22.573053434140842,,,
robust,metric,GB,12.62883282449108,-20.143855873958305,,,
robust,metric,GH,-0.13352135817268618,-44.97813616490339,,,
robust,metric,GR,23.32811797010102,-30.915518895127338,,,
robust,metric,GT,-21.91128772257522,21.23895229811555,,,
robust,metric,HU,21.12920171759921,-24.517786605259946,,,
robust,metric,IE,10.85329669126378,-17.733300509740047,,,
robust,metric,IN,57.3343977914151,-26.175474483639576,,,
robust,metric,IQ,36.667033891526394,-32.32035852629806,,,
robust,metric,IR,40.48373609087094,-30.99550750533311,,,
robust,metric,IS,11.279977699314154,-8.216877947807323,,,
robust,metric,IT,17.14270789092489,-27.939615035445733,,,
robust,metric,JO,32.1171894953862,-34.46895928241443,,,
robust,metric,JP,65.98249032561502,11.751772358938911,,,
robust,metric,KE,31.024206966426647,-52.99243319084368,,,
robust,metric,KH,74.58612801267253,-12.323242271377815,,,
robust,metric,KR,66.46077195027965,3.9569027620542947,,,
robust,metric,KW,40.205525612076805,-34.445229173529555,,,
robust,metric,LA,72.6883452406516,-12.327098143454526,,,
robust,metric,LB,31.20132843904797,-33.239103445245064,,,
robust,metric,MA,3.3280098229562256,-30.041011859298905,,,
robust,metric,MG,39.13845512985739,-60.74978180979921,,,
robust,metric,MN,59.76316965057785,-5.091313419542937,,,
robust,metric,MR,-5.3831682348713805,-35.65855642890555,,,
robust,metric,MX,-15.67680196569918,28.76523882216594,,,
robust,metric,MY,77.36961580949146,-16.77736939047612,,,
robust,metric,MZ,24.966722533993494,-64.35352703447235,,,
robust,metric,NA,10.605102286086746,-61.269618316259006,,,
robust,metric,NG,6.290047169929352,-44.815945933133925,,,
robust,metric,NL,15.208342770679598,-20.389789094665083,,,
robust,metric,NO,19.28890238337212,-15.226595195910638,,,
robust,metric,NP,61.93205838402632,-23.512219135456505,,,
robust,metric,NZ,54.90444613101258,58.94559313191027,,,
robust,metric,OM,46.673526513282155,-35.95277460126401,,,
robust,metric,PA,-26.41168372785216,13.06701235591337,,,
robust,metric,PE,-36.22186337732023,11.56623666116458,,,
robust,metric,PG,76.29526825680439,30.618896905763357,,,
robust,metric,PH,76.61671744444305,-0.1216642345554213,,,
robust,metric,PK,54.15358818198969,-28.092893380270695,,,
robust,metric,PL,22.42499780498292,-21.26282762695466,,,
robust,metric,PT,4.375968231957476,-26.36722842298193,,,
robust,metric,QA,42.960557684640946,-36.027934980275674,,,
robust,metric,RO,24.441392234582377,-26.66003011331967,,,
robust,metric,RS,21.675412044195156,-26.277833084549115,,,
robust,metric,RU,31.008295830892845,-18.854499853026642,,,
robust,metric,RW,24.508334805177157,-53.594752353752575,,,
robust,metric,SA,39.15683091621534,-36.96914269795465,,,
robust,metric,SB,67.09987652011941,44.78355013325574,,,
robust,metric,SE,21.653336158119142,-16.262358732173993,,,
robust,metric,SG,78.02886608627911,-15.397248123576553,,,
robust,metric,SN,-9.15839089615999,-36.8122334893513,,,
robust,metric,TH,72.61587395427266,-15.793407745856014,,,
robust,metric,TN,13.982882535303933,-30.7184789642361,,,
robust,metric,TO,47.12235176198614,62.3122081812992,,,
robust,metric,TR,29.152400833510345,-29.24649991873566,,,
robust,metric,TZ,29.78626288912133,-54.796502806317605,,,
robust,metric,UA,27.12217954028665,-22.879372389977206,,,
robust,metric,UG,26.167108090524334,-51.99620563130625,,,
robust,metric,US,-8.87437298664403,12.177141354428489,,,
robust,metric,UY,-40.69137171723068,-10.956104926725224,,,
robust,metric,UZ,49.08664978048883,-24.083954805230952,,,
robust,metric,VN,71.50388324064636,-10.521246981906604,,,
robust,metric,VU,62.55130808902945,52.91189135322239,,,
robust,metric,WS,43.69952173888945,60.95001431580134,,,
robust,metric,ZA,20.09926109871322,-64.15896773958364,,,
robust,metric,ZM,21.521526731863982,-58.93504498818933,,,
robust,metric,ZW,22.996896700471744,-60.488817690719124,,,
robust,nonmetric,AE,44.53667950108571,-38.37412288295573,,,
robust,nonmetric,AO,5.5815954428295385,-53.18143638306333,,,
robust,nonmetric,AR,-40.4419619183125,-5.288639454461025,,,
robust,nonmetric,AT,21.78883695010982,-24.932581446200462,,,
robust,nonmetric,AU,64.77200122405686,42.12103479626089,,,
robust,nonmetric,BD,64.77447299231815,-23.64522417555625,,,
robust,nonmetric,BE,16.475803053038078,-21.24767744714267,,,
robust,nonmetric,BF,0.7441264973596589,-39.7826779871462,,,
robust,nonmetric,BH,42.32441371411125,-38.16715289324469,,,
robust,nonmetric,BO,-36.29044903387174,1.8532990873168984,,,
robust,nonmetric,BR,-32.19621303961705,-14.166740832847587,,,
robust,nonmetric,BW,13.52502813198223,-63.555942912281466,,,
robust,nonmetric,CA,-7.281065719406072,11.083061049969665,,,
robust,nonmetric,CD,9.131738703777097,-52.03842034644729,,,
robust,nonmetric,CH,17.31579787292038,-23.69680491226089,,,
robust,nonmetric,CI,-3.5307448796735947,-40.001456708309945,,,
robust,nonmetric,CL,-39.89163889456297,9.540729341090746,,,
robust,nonmetric,CM,7.246812709923827,-46.988196202809526,,,
robust,nonmetric,CN,65.54654399650073,-2.5488154493314994,,,
robust,nonmetric,CO,-29.07084074960836,10.777292997459984,,,
robust,nonmetric,CR,-24.497447502539277,20.173073217790538,,,
robust,nonmetric,CU,-20.06138288167143,14.606638346878995,,,
robust,nonmetric,CZ,21.303211517960317,-23.41748852329198,,,
robust,nonmetric,DE,21.230124650539878,-21.77155773816272,,,
robust,nonmetric,DJ,36.22766353854322,-47.53574081658501,,,
robust,nonmetric,DK,21.311145962171892,-19.14133061424725,,,
robust,nonmetric,DZ,10.805304058515633,-29.93730894519054,,,
robust,nonmetric,EC,-30.54836640988604,15.646223343115246,,,
robust,nonmetric,EG,29.783719200127976,-37.4864775828554,,,
robust,nonmetric,ES,9.023791237053498,-25.376145096858203,,,
robust,nonmetric,ET,33.281594944010024,-48.8807793834799,,,
robust,nonmetric,FI,27.292698224790833,-16.898362060114906,,,
robust,nonmetric,FJ,51.22173307909966,54.34430117008594,,,
robust,nonmetric,FR,14.793641590078474,-22.39201541123348,,,
robust,nonmetric,GB,14.572159954878737,-19.83758254085171,,,
robust,nonmetric,GH,-0.9125854808560732,-42.34673818019617,,,
robust,nonmetric,GR,24.91389672454788,-32.017752671833996,,,
robust,nonmetric,GT,-22.256318303871314,23.763180591054542,,,
robust,nonmetric,HU,23.207745408176415,-25.445950097253743,,,
robust,nonmetric,IE,12.946017517127977,-16.996648529667393,,,
robust,nonmetric,IN,56.88063843372109,-28.01100191768367,,,
robust,nonmetric,IQ,37.68432791780464,-34.998291351650664,,,
robust,nonmetric,IR,41.37263495818263,-33.76029758757901,,,
robust,nonmetric,IS,13.246371116734656,-7.937844289140271,,,
robust,nonmetric,IT,19.143741496533757,-28.261865249348176,,,
robust,nonmetric,JO,33.323099697645354,-36.22438332407829,,,
robust,nonmetric,JP,68.17944040477,12.365688391404944,,,
robust,nonmetric,KE,29.30029255270825,-54.18076998316634,,,
robust,nonmetric,KH,73.83522780509155,-10.28118403281922,,,
robust,nonmetric,KR,67.51817878774206,4.092251784454362,,,
robust,nonmetric,KW,41.06327803250039,-37.56469312768343,,,
robust,nonmetric,LA,71.63036474291222,-10.698760186273226,,,
robust,nonmetric,LB,32.71959575376557,-34.9968260781113,,,
robust,nonmetric,MA,4.6421351126548345,-27.800909559453597,,,
robust,nonmetric,MG,35.52544462371631,-63.33744912522166,,,
robust,nonmetric,MN,60.352572219558226,-6.278726834694503,,,
robust,nonmetric,MR,-4.588877452670655,-31.9516894363218,,,
robust,nonmetric,MX,-16.80102901189454,30.093178809349936,,,
robust,nonmetric,MY,76.68789851768,-14.083913215351181,,,
robust,nonmetric,MZ,20.194511359212164,-65.65637438703692,,,
robust,nonmetric,NA,6.277000721923134,-60.37778553625422,,,
robust,nonmetric,NG,5.811459736983345,-42.89943109767691,,,
robust,nonmetric,NL,17.43894975160505,-20.64202233231728,,,
robust,nonmetric,NO,21.454770923897037,-16.024627793893146,,,
robust,nonmetric,NP,61.08367204848258,-24.503569740748866,,,
robust,nonmetric,NZ,48.09068420158002,55.92961415354324,,,
robust,nonmetric,OM,46.79689701647537,-38.29686373061565,,,
robust,nonmetric,PA,-26.174762391727352,15.489621240701936,,,
robust,nonmetric,PE,-34.152356817763064,16.20127881199086,,,
robust,nonmetric,PG,74.1810331250221,32.91113638039155,,,
robust,nonmetric,PH,75.7487777766264,3.1850974180554346,,,
robust,nonmetric,PK,53.7056985428884,-29.99422372170234,,,
robust,nonmetric,PL,24.722977688631172,-22.494772916111543,,,
robust,nonmetric,PT,5.739678370937991,-24.457913306722183,,,
robust,nonmetric,QA,43.29808947065635,-38.580876204453844,,,
robust,nonmetric,RO,26.573817558028274,-28.137469432114344,,,
robust,nonmetric,RS,23.652195302703255,-27.18360162647049,,,
robust,nonmetric,RU,33.4085966750832,-21.281637537093964,,,
robust,nonmetric,RW,23.264408219093056,-54.28692510555429,,,
robust,nonmetric,SA,39.603573759609304,-39.40333197916018,,,
robust,nonmetric,SB,67.42915117884164,42.88835265519767,,,
robust,nonmetric,SE,23.91747477486597,-17.332866321136557,,,
robust,nonmetric,SG,77.43395237820474,-12.3447136098312,,,
robust,nonmetric,SN,-8.43518900841789,-32.47316153018446,,,
robust,nonmetric,TH,72.10026998993017,-14.939569653723764,,,
robust,nonmetric,TN,15.51950617187311,-30.4006775110489,,,
robust,nonmetric,TO,45.35474381430124,56.92134301102668,,,
robust,nonmetric,TR,31.09932369037869,-31.12044220095548,,,
robust,nonmetric,TZ,27.690837705577508,-55.74210950920341,,,
robust,nonmetric,UA,29.444372797341895,-24.73905280009309,,,
robust,nonmetric,UG,25.012298405754102,-52.76329860966668,,,
robust,nonmetric,US,-10.474051171352851,12.756250363652057,,,
robust,nonmetric,UY,-40.75043476486451,-7.32128183940938,,,
robust,nonmetric,UZ,49.68949696580427,-27.373395809798037,,,
robust,nonmetric,VN,71.00738244012211,-9.129381666590628,,,
robust,nonmetric,VU,60.155400131291614,49.84079494913598,,,
robust,nonmetric,WS,42.33230060443672,56.697059902072496,,,
robust,nonmetric,ZA,14.918866164726905,-65.20406119591541,,,
robust,nonmetric,ZM,18.426114861335027,-59.45494734506252,,,
robust,nonmetric,ZW,19.10554653698464,-61.491657236997675,,,
