id,place_a_id,place_b_id,true_distance_km
AE--AO,AE,AO,5789.562333902342
AE--AR,AE,AR,13529.214746619495
AE--AT,AE,AT,4240.533433479227
AE--AU,AE,AU,11949.361743211797
AE--BD,AE,BD,3654.894106864547
AE--BE,AE,BE,5158.218793556635
AE--BF,AE,BF,6015.546401624032
AE--BH,AE,BH,428.3040518422248
AE--BO,AE,BO,13804.61066665081
AE--BR,AE,BR,11946.46205222579
AE--BW,AE,BW,6240.139957666417
AE--CA,AE,CA,10769.92523802494
AE--CD,AE,CD,5293.834780620477
AE--CH,AE,CH,4824.29363438197
AE--CI,AE,CI,6633.529439211588
AE--CL,AE,CL,14639.057097417122
AE--CM,AE,CM,5123.937544147606
AE--CN,AE,CN,5970.945542251472
AE--CO,AE,CO,13588.353397547735
AE--CR,AE,CR,14119.144537017517
AE--CU,AE,CU,12976.823855763972
AE--CZ,AE,CZ,4453.994092626804
AE--DE,AE,DE,4637.390140635866
AE--DJ,AE,DJ,1852.7294237590422
AE--DK,AE,DK,4846.553325017207
AE--DZ,AE,DZ,5043.323060823943
AE--EC,AE,EC,14287.912014876967
AE--EG,AE,EG,2366.759275546905
AE--ES,AE,ES,5631.525649969257
AE--ET,AE,ET,2384.299141419422
AE--FI,AE,FI,4569.694904016727
AE--FJ,AE,FJ,14223.767159243713
AE--FR,AE,FR,5247.246193643851
AE--GB,AE,GB,5478.1261216819585
AE--GH,AE,GH,6185.81623346826
AE--GR,AE,GR,3259.934078702464
AE--GT,AE,GT,14251.682942181737
AE--HU,AE,HU,4023.61962227001
AE--IE,AE,IE,5923.8961123455565
AE--IN,AE,IN,2317.3974246380553
AE--IQ,AE,IQ,1381.865116430876
AE--IR,AE,IR,1274.193940957199
AE--IS,AE,IS,6923.539333178569
AE--IT,AE,IT,4302.817747838561
AE--JO,AE,JO,1987.0819620999594
AE--JP,AE,JP,8073.544801878438
AE--KE,AE,KE,3421.780492767156
AE--KH,AE,KH,5508.639725446627
AE--KR,AE,KR,6917.798948475765
AE--KW,AE,KW,835.2946650186637
AE--LA,AE,LA,5034.687814921841
AE--LB,AE,LB,2104.9694589383944
AE--MA,AE,MA,5956.886854094676
AE--MG,AE,MG,4856.413755905821
AE--MN,AE,MN,5264.383638324573
AE--MR,AE,MR,7259.418679889248
AE--MX,AE,MX,14368.22803756993
AE--MY,AE,MY,5593.706838704347
AE--MZ,AE,MZ,6051.049936842217
AE--NA,AE,NA,6581.868236949095
AE--NG,AE,NG,5245.328758553293
AE--NL,AE,NL,5166.5667810755085
AE--NO,AE,NO,5170.2750948772
AE--NP,AE,NP,3108.7945625465486
AE--NZ,AE,NZ,14263.06769834562
AE--OM,AE,OM,440.187661932778
AE--PA,AE,PA,13801.249808949733
AE--PE,AE,PE,14741.890386756126
AE--PG,AE,PG,10729.98816098116
AE--PH,AE,PH,7014.299387195103
AE--PK,AE,PK,2091.9306741687183
AE--PL,AE,PL,4175.80094245249
AE--PT,AE,PT,6108.881907285131
AE--QA,AE,QA,300.3882333660697
AE--RO,AE,RO,3382.95729193191
AE--RS,AE,RS,3796.836503980071
AE--RU,AE,RU,3733.9329972644805
AE--RW,AE,RW,3929.798346105407
AE--SA,AE,SA,769.6859679637856
AE--SB,AE,SB,12017.217442653653
AE--SE,AE,SE,4791.235402152243
AE--SG,AE,SG,5904.634458949135
AE--SN,AE,SN,7537.403993030437
AE--TH,AE,TH,4974.601270607319
AE--TN,AE,TN,4407.980195094561
AE--TO,AE,TO,14953.467095168042
AE--TR,AE,TR,2642.457862506669
AE--TZ,AE,TZ,3946.5457195169315
AE--UA,AE,UA,3538.96641658904
AE--UG,AE,UG,3556.9335449636924
AE--US,AE,US,11363.596937151551
AE--UY,AE,UY,13333.110231179631
AE--UZ,AE,UZ,2325.1862869888337
AE--VN,AE,VN,5271.604580089139
AE--VU,AE,VU,13189.369369342909
AE--WS,AE,WS,15064.831509101372
AE--ZA,AE,ZA,6223.671305419624
AE--ZM,AE,ZM,5243.709204476563
AE--ZW,AE,ZW,5318.665016610215
AO--AR,AO,AR,7779.757280725595
AO--AT,AO,AT,6325.55455796121
AO--AU,AO,AU,13288.474497523322
AO--BD,AO,BD,9121.283483960526
AO--BE,AO,BE,6666.629051804995
AO--BF,AO,BF,2857.797278781874
AO--BH,AO,BH,5600.47863545524
AO--BO,AO,BO,8496.811942964296
AO--BR,AO,BR,6675.278533941141
AO--BW,AO,BW,2207.745531644112
AO--CA,AO,CA,10620.756402433968
AO--CD,AO,CD,549.1026827702303
AO--CH,AO,CH,6201.600383747608
AO--CI,AO,CI,2685.883664430021
AO--CL,AO,CL,8913.64308220524
AO--CM,AO,CM,1417.8055883165898
AO--CN,AO,CN,11758.580047473492
AO--CO,AO,CO,9801.95415219586
AO--CR,AO,CR,10979.972960235385
AO--CU,AO,CU,10966.617189838344
AO--CZ,AO,CZ,6528.579511344841
AO--DE,AO,DE,6798.792115651933
AO--DJ,AO,DJ,4008.8572807936744
AO--DK,AO,DK,7150.412086943095
AO--DZ,AO,DZ,5158.666122203358
AO--EC,AO,EC,10205.55344277804
AO--EG,AO,EG,4715.419795274749
AO--ES,AO,ES,5722.316302190526
AO--ET,AO,ET,3446.282530254973
AO--FI,AO,FI,7720.979613051022
AO--FJ,AO,FJ,16614.26463120842
AO--FR,AO,FR,6480.8047195500585
AO--GB,AO,GB,6807.150235507682
AO--GH,AO,GH,2181.7570144061915
AO--GR,AO,GR,5296.817859625665
AO--GT,AO,GT,11734.280709609455
AO--HU,AO,HU,6266.9544162808825
AO--IE,AO,IE,7131.738721974246
AO--IN,AO,IN,8015.072192343541
AO--IQ,AO,IQ,5715.380435612689
AO--IR,AO,IR,6349.174258445464
AO--IS,AO,IS,8615.41079562491
AO--IT,AO,IT,5617.9698794223505
AO--JO,AO,JO,5119.138849786292
AO--JP,AO,JP,13857.461409152482
AO--KE,AO,KE,2743.2396541926637
AO--KH,AO,KH,10393.553164672203
AO--KR,AO,KR,12699.236686021166
AO--KW,AO,KW,5634.509033844583
AO--LA,AO,LA,10249.988783406647
AO--LB,AO,LB,5280.659490507894
AO--MA,AO,MA,5195.819618732341
AO--MG,AO,MG,3861.1712397392785
AO--MN,AO,MN,11006.666818925813
AO--MR,AO,MR,4378.466955534732
AO--MX,AO,MX,12679.078203838877
AO--MY,AO,MY,9903.39358541899
AO--MZ,AO,MZ,2788.2828410723064
AO--NA,AO,NA,1574.5135840058651
AO--NG,AO,NG,2080.1823760601865
AO--NL,AO,NL,6826.04260195697
AO--NO,AO,NO,7625.360370993152
AO--NP,AO,NP,8739.386510066946
AO--NZ,AO,NZ,14143.139009143959
AO--OM,AO,OM,6101.5062471645315
AO--PA,AO,PA,10470.26967782858
AO--PE,AO,PE,9845.778856925126
AO--PG,AO,PG,14542.889044501804
AO--PH,AO,PH,12162.128893919244
AO--PK,AO,PK,7881.321787923071
AO--PL,AO,PL,6809.113037552695
AO--PT,AO,PT,5753.282352388308
AO--QA,AO,QA,5610.658950562518
AO--RO,AO,RO,6040.007598311865
AO--RS,AO,RS,5986.483745617269
AO--RU,AO,RU,7506.107188793741
AO--RW,AO,RW,2013.1458878347667
AO--SA,AO,SA,5193.3979905841725
AO--SB,AO,SB,15823.005087901669
AO--SE,AO,SE,7571.629355004058
AO--SG,AO,SG,10108.617908587756
AO--SN,AO,SN,4274.775841417532
AO--TH,AO,TH,9957.692589929997
AO--TN,AO,TN,5061.845758279122
AO--TO,AO,TO,16564.188399607207
AO--TR,AO,TR,5765.533175593958
AO--TZ,AO,TZ,2502.0333905971356
AO--UA,AO,UA,6776.4600893004845
AO--UG,AO,UG,2372.4747738040833
AO--US,AO,US,10643.935912153609
AO--UY,AO,UY,7578.065346058743
AO--UZ,AO,UZ,7969.075478081077
AO--VN,AO,VN,10634.256207680037
AO--VU,AO,VU,16001.306621363734
AO--WS,AO,WS,17438.00950511526
AO--ZA,AO,ZA,2450.091998989052
AO--ZM,AO,ZM,1791.3507353131547
AO--ZW,AO,ZW,2167.8949590945194
AR--AT,AR,AT,11789.40869148443
AR--AU,AR,AU,11758.30968994146
AR--BD,AR,BD,16776.827494420908
AR--BE,AR,BE,11279.247417399754
AR--BF,AR,BF,7937.77201738348
AR--BH,AR,BH,13276.65620429598
AR--BO,AR,BO,1852.6582818109166
AR--BR,AR,BR,2333.5144810867555
AR--BW,AR,BW,8007.5573248991495
AR--CA,AR,CA,9031.715831568095
AR--CD,AR,CD,8250.16360355336
AR--CH,AR,CH,11169.072537156911
AR--CI,AR,CI,7217.227633619542
AR--CL,AR,CL,1139.660312749686
AR--CM,AR,CM,8438.06312363739
AR--CN,AR,CN,19261.112952664003
AR--CO,AR,CO,4640.374060415398
AR--CR,AR,CR,5624.934574255529
AR--CU,AR,CU,6873.786733250523
AR--CZ,AR,CZ,11793.422632706492
AR--DE,AR,DE,11887.678205229642
AR--DJ,AR,DJ,11788.599419143606
AR--DK,AR,DK,12043.353782604738
AR--DZ,AR,DZ,10143.842601055805
AR--EC,AR,EC,4343.948474865368
AR--EG,AR,EG,11806.270501311932
AR--ES,AR,ES,10020.91071488952
AR--ET,AR,ET,11225.784843590129
AR--FI,AR,FI,12925.656160584465
AR--FJ,AR,FJ,11642.45746949547
AR--FR,AR,FR,11025.630755006467
AR--GB,AR,GB,11102.268069921352
AR--GH,AR,GH,7539.559525025004
AR--GR,AR,GR,11672.738469495696
AR--GT,AR,GT,6420.755192023765
AR--HU,AR,HU,11916.724441089356
AR--IE,AR,IE,10963.902616052796
AR--IN,AR,IN,15794.7526620095
AR--IQ,AR,IQ,13077.344736827099
AR--IR,AR,IR,13772.581302050645
AR--IS,AR,IS,11405.220392491123
AR--IT,AR,IT,11131.20670997276
AR--JO,AR,JO,12299.105021673502
AR--JP,AR,JP,18370.21725262342
AR--KE,AR,KE,10410.808770079677
AR--KH,AR,KH,16950.39440207739
AR--KR,AR,KR,19431.621304450513
AR--KW,AR,KW,13198.57392686179
AR--LA,AR,LA,17381.59126769774
AR--LB,AR,LB,12365.167464485112
AR--MA,AR,MA,9305.417619305188
AR--MG,AR,MG,10211.246550506274
AR--MN,AR,MN,18094.04755873193
AR--MR,AR,MR,7358.557192307605
AR--MX,AR,MX,7372.308131811268
AR--MY,AR,MY,15967.59980860726
AR--MZ,AR,MZ,8507.109900667885
AR--NA,AR,NA,7339.197877510938
AR--NG,AR,NG,8446.362395848217
AR--NL,AR,NL,11420.79314209203
AR--NO,AR,NO,12224.016263540156
AR--NP,AR,NP,16503.735410471145
AR--NZ,AR,NZ,10003.231625456845
AR--OM,AR,OM,13870.747694558586
AR--PA,AR,PA,5312.112813868624
AR--PE,AR,PE,3130.6695211171427
AR--PG,AR,PG,14437.074373161806
AR--PH,AR,PH,17788.20333536327
AR--PK,AR,PK,15601.725953155386
AR--PL,AR,PL,12308.20746555706
AR--PT,AR,PT,9574.20669056964
AR--QA,AR,QA,13314.558254796191
AR--RO,AR,RO,12209.371751217523
AR--RS,AR,RS,11847.212493850298
AR--RU,AR,RU,13459.503231297233
AR--RW,AR,RW,9749.70189692784
AR--SA,AR,SA,12854.981363911493
AR--SB,AR,SB,13684.696446273821
AR--SE,AR,SE,12541.33572639846
AR--SG,AR,SG,15887.309757265864
AR--SN,AR,SN,6965.255742849274
AR--TH,AR,TH,16880.505738924476
AR--TN,AR,TN,10623.494014303918
AR--TO,AR,TO,10930.933570500318
AR--TR,AR,TR,12466.927062320188
AR--TZ,AR,TZ,10004.640819282862
AR--UA,AR,UA,12807.053139985803
AR--UG,AR,UG,10123.29584632071
AR--US,AR,US,8360.953336333787
AR--UY,AR,UY,205.87717932578263
AR--UZ,AR,UZ,15435.623626112392
AR--VN,AR,VN,17861.954046251605
AR--VU,AR,VU,12403.055756117166
AR--WS,AR,WS,11180.967562534875
AR--ZA,AR,ZA,8148.626185145644
AR--ZM,AR,ZM,8757.023257452158
AR--ZW,AR,ZW,8858.982294766762
AT--AU,AT,AU,15910.678729826639
AT--BD,AT,BD,6917.648777621979
AT--BE,AT,BE,917.9742357366615
AT--BF,AT,BF,4305.656483883642
AT--BH,AT,BH,3840.9339750029626
AT--BO,AT,BO,10964.81894463177
AT--BR,AT,BR,9511.187874256615
AT--BW,AT,BW,8124.031301397001
AT--CA,AT,CA,6586.265229902963
AT--CD,AT,CD,5820.339136152571
AT--CH,AT,CH,684.2860556704534
AT--CI,AT,CI,5022.864996192302
AT--CL,AT,CL,12489.122073892648
AT--CM,AT,CM,4934.924551007155
AT--CN,AT,CN,7477.895232237133
AT--CO,AT,CO,9664.49967605625
AT--CR,AT,CR,9956.11159982113
AT--CU,AT,CU,8740.884439783422
AT--CZ,AT,CZ,251.17669373332066
AT--DE,AT,DE,524.8847671476991
AT--DJ,AT,DJ,4761.167035014676
AT--DK,AT,DK,871.9021789739552
AT--DZ,AT,DZ,1672.1967238960672
AT--EC,AT,EC,10388.500151551767
AT--EG,AT,EG,2381.4349069461905
AT--ES,AT,ES,1811.9003234935124
AT--ET,AT,ET,4821.42059276915
AT--FI,AT,FI,1442.7249427344427
AT--FJ,AT,FJ,16298.338062499066
AT--FR,AT,FR,1037.5263746075443
AT--GB,AT,GB,1237.8300544281058
AT--GH,AT,GH,4982.696054117392
AT--GR,AT,GR,1282.3029356001082
AT--GT,AT,GT,10015.335446880184
AT--HU,AT,HU,217.68611965306766
AT--IE,AT,IE,1685.9026579816245
AT--IN,AT,IN,5575.814615047639
AT--IQ,AT,IQ,2858.767708713758
AT--IR,AT,IR,3186.5297799748423
AT--IS,AT,IS,2896.8182594820273
AT--IT,AT,IT,764.2094696794076
AT--JO,AT,JO,2443.61659236762
AT--JP,AT,JP,9154.186786120847
AT--KE,AT,KE,5829.050398230648
AT--KH,AT,KH,8954.330281028117
AT--KR,AT,KR,8297.53365185639
AT--KW,AT,KW,3411.1980063765554
AT--LA,AT,LA,8266.069855538797
AT--LB,AT,LB,2251.254175977635
AT--MA,AT,MA,2487.879122185696
AT--MG,AT,MG,8054.310354369553
AT--MN,AT,MN,6323.466152383236
AT--MR,AT,MR,4438.634933449269
AT--MX,AT,MX,10166.359991737414
AT--MY,AT,MY,9401.865294019592
AT--MZ,AT,MZ,8371.156062152919
AT--NA,AT,NA,7838.132899304869
AT--NG,AT,NG,4414.973244125714
AT--NL,AT,NL,936.1554147942668
AT--NO,AT,NO,1353.7936301633047
AT--NP,AT,NP,6242.139134758255
AT--NZ,AT,NZ,18152.820617805537
AT--OM,AT,OM,4599.909495521342
AT--PA,AT,PA,9706.17311078121
AT--PE,AT,PE,11249.921062252488
AT--PG,AT,PG,13739.735588245278
AT--PH,AT,PH,9859.186538202646
AT--PK,AT,PK,4921.963314510675
AT--PL,AT,PL,558.5513685060813
AT--PT,AT,PT,2302.4863004695203
AT--QA,AT,QA,3982.860179726976
AT--RO,AT,RO,857.71599634613
AT--RS,AT,RS,490.1162436235553
AT--RU,AT,RU,1674.6398549289854
AT--RW,AT,RW,5713.315724552479
AT--SA,AT,SA,3732.1309937121287
AT--SB,AT,SB,14530.972696391858
AT--SE,AT,SE,1246.2000152481296
AT--SG,AT,SG,9716.232350301232
AT--SN,AT,SN,4838.175739379106
AT--TH,AT,TH,8450.730274737502
AT--TN,AT,TN,1363.3563038153743
AT--TO,AT,TO,16829.84226064634
AT--TR,AT,TR,1604.5471746938647
AT--TZ,AT,TZ,6316.389994377805
AT--UA,AT,UA,1056.5338962447777
AT--UG,AT,UG,5531.42045828927
AT--US,AT,US,7140.396669967852
AT--UY,AT,UY,11674.710221965981
AT--UZ,AT,UZ,4174.723996559015
AT--VN,AT,VN,8257.368579329235
AT--VU,AT,VU,15783.186324957527
AT--WS,AT,WS,16121.884081890948
AT--ZA,AT,ZA,8270.52871217582
AT--ZM,AT,ZM,7144.564521104254
AT--ZW,AT,ZW,7456.192378747464
AU--BD,AU,BD,8995.963141163435
AU--BE,AU,BE,16714.12913984884
AU--BF,AU,BF,16126.470710971096
AU--BH,AU,BH,12376.948582717569
AU--BO,AU,BO,12987.977613189501
AU--BR,AU,BR,14075.358195321549
AU--BW,AU,BW,11086.847970480729
AU--CA,AU,CA,16104.729525959248
AU--CD,AU,CD,13504.360503430844
AU--CH,AU,CH,16590.869415527504
AU--CI,AU,CI,15918.492181857635
AU--CL,AU,CL,11345.088282272682
AU--CM,AU,CM,14446.816942544116
AU--CN,AU,CN,8980.130816239809
AU--CO,AU,CO,14436.399681031653
AU--CR,AU,CR,13965.910611241634
AU--CU,AU,CU,14900.091149711146
AU--CZ,AU,CZ,16030.559434607703
AU--DE,AU,DE,16060.205223180863
AU--DJ,AU,DJ,12195.648196353799
AU--DK,AU,DK,16028.468287566559
AU--DZ,AU,DZ,16979.37379367375
AU--EC,AU,EC,13713.729505262763
AU--EG,AU,EG,14263.93286552806
AU--ES,AU,ES,17574.421466877073
AU--ET,AU,ET,12442.084906893078
AU--FI,AU,FI,15202.304817605685
AU--FJ,AU,FJ,3459.5502950524574
AU--FR,AU,FR,16917.63537856836
AU--GB,AU,GB,16976.59127449891
AU--GH,AU,GH,15466.274445812925
AU--GR,AU,GR,15201.661293550262
AU--GT,AU,GT,13683.162924244902
AU--HU,AU,HU,15709.405547813738
AU--IE,AU,IE,17231.518863056976
AU--IN,AU,IN,10338.502325503718
AU--IQ,AU,IQ,13270.524214316316
AU--IR,AU,IR,12800.169118666774
AU--IS,AU,IS,16737.083922213937
AU--IT,AU,IT,16216.420011411574
AU--JO,AU,JO,13934.272713134189
AU--JP,AU,JP,7916.886601720884
AU--KE,AU,KE,11938.438068840167
AU--KH,AU,KH,6966.018406407136
AU--KR,AU,KR,8383.398878278069
AU--KW,AU,KW,12769.49913014862
AU--LA,AU,LA,7671.251136834923
AU--LB,AU,LB,14051.623338771447
AU--MA,AU,MA,17823.98557196807
AU--MG,AU,MG,9820.610827065939
AU--MN,AU,MN,10127.211128503954
AU--MR,AU,MR,17605.946831363086
AU--MX,AU,MX,13179.187255642872
AU--MY,AU,MY,6520.550088731684
AU--MZ,AU,MZ,10506.36445784873
AU--NA,AU,NA,11855.921287403067
AU--NG,AU,NG,15163.69563184826
AU--NL,AU,NL,16620.528265072542
AU--NO,AU,NO,15966.082912956443
AU--NP,AU,NP,9670.844258688961
AU--NZ,AU,NZ,2331.7654440152487
AU--OM,AU,OM,11534.640487530218
AU--PA,AU,PA,14297.529795682576
AU--PE,AU,PE,12870.966935523227
AU--PG,AU,PG,2866.113530656194
AU--PH,AU,PH,6269.920053818219
AU--PK,AU,PK,10988.77817833369
AU--PL,AU,PL,15552.021357649579
AU--PT,AU,PT,18058.241733092265
AU--QA,AU,QA,12241.781809354121
AU--RO,AU,RO,15142.38095017895
AU--RS,AU,RS,15591.22133597959
AU--RU,AU,RU,14468.762247285287
AU--RW,AU,RW,12479.614190123317
AU--SA,AU,SA,12623.318465753277
AU--SB,AU,SB,3066.3352384853865
AU--SE,AU,SE,15597.07886628645
AU--SG,AU,SG,6204.591664762586
AU--SN,AU,SN,17367.8662451382
AU--TH,AU,TH,7462.848367041455
AU--TN,AU,TN,16350.29377534376
AU--TO,AU,TO,3807.6328218107633
AU--TR,AU,TR,14491.126052008547
AU--TZ,AU,TZ,11694.349880853746
AU--UA,AU,UA,14887.737081531282
AU--UG,AU,UG,12418.786352772115
AU--US,AU,US,15945.723803950415
AU--UY,AU,UY,11808.861444947597
AU--UZ,AU,UZ,11752.921013730906
AU--VN,AU,VN,7727.631084944442
AU--VU,AU,VU,2717.060032653611
AU--WS,AU,WS,4576.563833367762
AU--ZA,AU,ZA,10839.833274898414
AU--ZM,AU,ZM,11633.75337412122
AU--ZW,AU,ZW,11237.09816369107
BD--BE,BD,BE,7731.868586575987
BD--BF,BD,BF,9663.079471664661
BD--BH,BD,BH,4014.9198248245402
BD--BO,BD,BO,17458.951170585602
BD--BR,BD,BR,15592.505750516311
BD--BW,BD,BW,8777.096173970342
BD--CA,BD,CA,12219.959997048985
BD--CD,BD,CD,8699.546891941973
BD--CH,BD,CH,7600.778750865897
BD--CI,BD,CI,10288.402882283262
BD--CL,BD,CL,17886.203807894904
BD--CM,BD,CM,8712.44984923059
BD--CN,BD,CN,3026.7986717227063
BD--CO,BD,CO,16454.083310734804
BD--CR,BD,CR,16233.07363753065
BD--CU,BD,CU,14761.83388619922
BD--CZ,BD,CZ,7035.545636925333
BD--DE,BD,DE,7083.361209694893
BD--DJ,BD,DJ,5165.583561328696
BD--DK,BD,DK,7108.218444960303
BD--DZ,BD,DZ,8249.865357774017
BD--EC,BD,EC,17145.365199045387
BD--EG,BD,EG,5856.065710330734
BD--ES,BD,ES,8668.474277763522
BD--ET,BD,ET,5724.1496250866285
BD--FI,BD,FI,6394.878508271938
BD--FJ,BD,FJ,10616.636231096905
BD--FR,BD,FR,7923.795839306774
BD--GB,BD,GB,8015.217428089591
BD--GH,BD,GH,9833.431322059829
BD--GR,BD,GR,6434.574552380038
BD--GT,BD,GT,15760.611850172598
BD--HU,BD,HU,6721.140358053836
BD--IE,BD,IE,8350.315861302937
BD--IN,BD,IN,1425.4260591415405
BD--IQ,BD,IQ,4589.887812687067
BD--IR,BD,IR,3968.0941627326647
BD--IS,BD,IS,8672.229473964459
BD--IT,BD,IT,7320.0470436892765
BD--JO,BD,JO,5387.961598701306
BD--JP,BD,JP,4901.783530903048
BD--KE,BD,KE,6417.460535353122
BD--KH,BD,KH,2042.729941560404
BD--KR,BD,KR,3797.612686267932
BD--KW,BD,KW,4251.197646391472
BD--LA,BD,LA,1419.2283144649443
BD--LB,BD,LB,5412.9727276481635
BD--MA,BD,MA,9196.660288262383
BD--MG,BD,MG,6628.508180230895
BD--MN,BD,MN,3056.3212896300965
BD--MR,BD,MR,10793.20276654314
BD--MX,BD,MX,15118.666153073525
BD--MY,BD,MY,2578.596726870454
BD--MZ,BD,MZ,8304.401239123861
BD--NA,BD,NA,9439.496042437622
BD--NG,BD,NG,8893.098615055616
BD--NL,BD,NL,7656.49679159308
BD--NO,BD,NO,7181.762061567684
BD--NP,BD,NP,675.7528161493473
BD--NZ,BD,NZ,11267.899459200993
BD--OM,BD,OM,3238.4128398914418
BD--PA,BD,PA,16227.84013054298
BD--PE,BD,PE,18167.538095071344
BD--PG,BD,PG,7183.243281654223
BD--PH,BD,PH,3362.196759695326
BD--PK,BD,PK,2010.504192418624
BD--PL,BD,PL,6568.012073729416
BD--PT,BD,PT,9173.202508931836
BD--QA,BD,QA,3929.9559271229564
BD--RO,BD,RO,6191.008379105033
BD--RS,BD,RS,6635.510050062666
BD--RU,BD,RU,5553.2737926347245
BD--RW,BD,RW,7114.216323686234
BD--SA,BD,SA,4415.912406616781
BD--SB,BD,SB,8400.160302782504
BD--SE,BD,SE,6768.471024295255
BD--SG,BD,SG,2874.5622395689315
BD--SN,BD,SN,11109.021139047307
BD--TH,BD,TH,1533.2161452123528
BD--TN,BD,TN,7637.482766316187
BD--TO,BD,TO,11357.457932883142
BD--TR,BD,TR,5633.079801631459
BD--TZ,BD,TZ,6793.0341997186615
BD--UA,BD,UA,5893.685382507589
BD--UG,BD,UG,6749.444916698336
BD--US,BD,US,12949.493713794654
BD--UY,BD,UY,16571.76898217963
BD--UZ,BD,UZ,2767.309789944438
BD--VN,BD,VN,1616.977559772685
BD--VU,BD,VU,9622.603656215046
BD--WS,BD,WS,11410.433528599424
BD--ZA,BD,ZA,8645.990655579606
BD--ZM,BD,ZM,8023.36365801334
BD--ZW,BD,ZW,7918.155210212984
BE--BF,BE,BF,4298.603875854842
BE--BH,BE,BH,4757.138838699851
BE--BO,BE,BO,10277.319409208942
BE--BR,BE,BR,8957.314989872522
BE--BW,BE,BW,8625.944811897602
BE--CA,BE,CA,5690.557438329869
BE--CD,BE,CD,6202.005898544328
BE--CH,BE,CH,492.6390791758399
BE--CI,BE,CI,4960.438755638164
BE--CL,BE,CL,11867.727334187019
BE--CM,BE,CM,5249.245141828486
BE--CN,BE,CN,7981.866825996097
BE--CO,BE,CO,8800.23334571362
BE--CR,BE,CR,9048.549659827606
BE--CU,BE,CU,7823.081293470346
BE--CZ,BE,CZ,723.7479868910689
BE--DE,BE,DE,654.2432279686858
BE--DJ,BE,DJ,5595.716852208025
BE--DK,BE,DK,768.7439010997178
BE--DZ,BE,DZ,1566.6662108868215
BE--EC,BE,EC,9522.853951267027
BE--EG,BE,EG,3211.9717903533165
BE--ES,BE,ES,1315.596454233931
BE--ET,BE,ET,5603.418465376374
BE--FI,BE,FI,1654.130979625959
BE--FJ,BE,FJ,16338.868734843943
BE--FR,BE,FR,261.76794515586585
BE--GB,BE,GB,319.9080946549366
BE--GH,BE,GH,5037.691979387918
BE--GR,BE,GR,2091.9969504647274
BE--GT,BE,GT,9097.448320110629
BE--HU,BE,HU,1135.3920932099727
BE--IE,BE,IE,775.9648932516885
BE--IN,BE,IN,6426.974099842887
BE--IQ,BE,IQ,3776.3732742522907
BE--IR,BE,IR,4092.8101316811853
BE--IS,BE,IS,2134.961511615991
BE--IT,BE,IT,1173.2365012235457
BE--JO,BE,JO,3330.4857433473035
BE--JP,BE,JP,9476.221662775797
BE--KE,BE,KE,6543.9347880429905
BE--KH,BE,KH,9752.045280789587
BE--KR,BE,KR,8730.563569365251
BE--KW,BE,KW,4328.048071264474
BE--LA,BE,LA,9042.973501196231
BE--LB,BE,LB,3146.9626699032938
BE--MA,BE,MA,2075.7465027764333
BE--MG,BE,MG,8803.579336545832
BE--MN,BE,MN,6814.871806440438
BE--MR,BE,MR,4054.1817267500614
BE--MX,BE,MX,9258.834302317056
BE--MY,BE,MY,10254.209183657
BE--MZ,BE,MZ,8948.038994422886
BE--NA,BE,NA,8226.771635453277
BE--NG,BE,NG,4638.436089918479
BE--NL,BE,NL,173.51476561305708
BE--NO,BE,NO,1088.7762086732355
BE--NP,BE,NP,7059.572674287555
BE--NZ,BE,NZ,18719.4487429819
BE--OM,BE,OM,5517.391387509949
BE--PA,BE,PA,8810.654860559776
BE--PE,BE,PE,10441.056690072153
BE--PG,BE,PG,14304.696673760016
BE--PH,BE,PH,10522.476509146825
BE--PK,BE,PK,5760.264363871195
BE--PL,BE,PL,1164.2804551704378
BE--PT,BE,PT,1711.6666137067239
BE--QA,BE,QA,4899.080515531124
BE--RO,BE,RO,1775.2662279171332
BE--RS,BE,RS,1376.614895780641
BE--RU,BE,RU,2261.8623806089986
BE--RW,BE,RW,6339.6435529552045
BE--SA,BE,SA,4637.500416240855
BE--SB,BE,SB,14902.450372966698
BE--SE,BE,SE,1287.8663177660935
BE--SG,BE,SG,10565.956627415253
BE--SN,BE,SN,4459.743314249824
BE--TH,BE,TH,9262.59091898247
BE--TN,BE,TN,1627.2641958686988
BE--TO,BE,TO,16708.35456229095
BE--TR,BE,TR,2519.5596119904703
BE--TZ,BE,TZ,6999.016039776448
BE--UA,BE,UA,1843.1953897047028
BE--UG,BE,UG,6201.034878444699
BE--US,BE,US,6230.189826559773
BE--UY,BE,UY,11186.673545105432
BE--UZ,BE,UZ,4967.260782432383
BE--VN,BE,VN,8994.270247700535
BE--VU,BE,VU,16068.68818406317
BE--WS,BE,WS,15885.804442189463
BE--ZA,BE,ZA,8797.88990427807
BE--ZM,BE,ZM,7701.673158570102
BE--ZW,BE,ZW,8040.798362224156
BF--BH,BF,BH,5648.235481161693
BF--BO,BF,BO,7805.271812603254
BF--BR,BF,BR,5983.120696609721
BF--BW,BF,BW,5065.352730826962
BF--CA,BF,CA,7806.3176200391645
BF--CD,BF,CD,2623.444998791875
BF--CH,BF,CH,3921.552732193304
BF--CI,BF,CI,739.2950930690619
BF--CL,BF,CL,8900.074326892673
BF--CM,BF,CM,1716.437371438635
BF--CN,BF,CN,11390.395688600704
BF--CO,BF,CO,8015.084774180132
BF--CR,BF,CR,8984.729589018381
BF--CU,BF,CU,8558.605586826046
BF--CZ,BF,CZ,4430.143678789312
BF--DE,BF,DE,4649.256427333226
BF--DJ,BF,DJ,4860.5593979936375
BF--DK,BF,DK,4957.643566865124
BF--DZ,BF,DZ,2740.6537959512757
BF--EC,BF,EC,8607.23765605708
BF--EG,BF,EG,3903.0712337258537
BF--ES,BF,ES,3113.097204218244
BF--ET,BF,ET,4411.895656003994
BF--FI,BF,FI,5733.163749417173
BF--FJ,BF,FJ,19366.48442080912
BF--FR,BF,FR,4062.430624207533
BF--GB,BF,GB,4341.528172186457
BF--GH,BF,GH,767.9145934121246
BF--GR,BF,GR,3785.9832070110488
BF--GT,BF,GT,9569.982091029093
BF--HU,BF,HU,4343.340599874998
BF--IE,BF,IE,4562.988507102027
BF--IN,BF,IN,8274.657113128376
BF--IQ,BF,IQ,5198.677218161767
BF--IR,BF,IR,5887.153946458835
BF--IS,BF,IS,5963.9059666848825
BF--IT,BF,IT,3543.3535523337277
BF--JO,BF,JO,4396.598624024931
BF--JP,BF,JP,13315.136089078009
BF--KE,BF,KE,4498.151890629254
BF--KH,BF,KH,11486.889405667811
BF--KR,BF,KR,12312.162088617546
BF--KW,BF,KW,5437.822189582187
BF--LA,BF,LA,11049.999522740643
BF--LB,BF,LB,4440.3260140385655
BF--MA,BF,MA,2457.9121572263484
BF--MG,BF,MG,6397.009989750773
BF--MN,BF,MN,10325.895359447359
BF--MR,BF,MR,1675.1334414437247
BF--MX,BF,MX,10343.5478004047
BF--MY,BF,MY,11376.553162251932
BF--MZ,BF,MZ,5624.397714537037
BF--NA,BF,NA,4366.009554864845
BF--NG,BF,NG,1055.2543548210106
BF--NL,BF,NL,4471.699890142641
BF--NO,BF,NO,5373.330022819544
BF--NP,BF,NP,9077.385462712675
BF--NZ,BF,NZ,16778.500899967596
BF--OM,BF,OM,6443.77059012332
BF--PA,BF,PA,8513.994834411584
BF--PE,BF,PE,8768.043684457189
BF--PG,BF,PG,16603.261617751927
BF--PH,BF,PH,13025.225265707179
BF--PK,BF,PK,7850.568860034789
BF--PL,BF,PL,4861.617682278764
BF--PT,BF,PT,3015.494551937982
BF--QA,BF,QA,5734.586974323674
BF--RO,BF,RO,4422.644891079087
BF--RS,BF,RS,4160.878635658201
BF--RU,BF,RU,5875.436975026548
BF--RW,BF,RW,3834.387328560939
BF--SA,BF,SA,5249.355057310497
BF--SB,BF,SB,17985.110788088634
BF--SE,BF,SE,5462.763426094735
BF--SG,BF,SG,11657.49969130274
BF--SN,BF,SN,1745.2562848041252
BF--TH,BF,TH,10961.315973488794
BF--TN,BF,TN,2948.628033408301
BF--TO,BF,TO,18833.655132527594
BF--TR,BF,TR,4547.164425575751
BF--TZ,BF,TZ,4607.235592932074
BF--UA,BF,UA,5127.466678994985
BF--UG,BF,UG,3994.8177753773875
BF--US,BF,US,7906.051518732256
BF--UY,BF,UY,7777.658400123085
BF--UZ,BF,UZ,7513.313996748137
BF--VN,BF,VN,11274.83356971083
BF--VU,BF,VU,18785.50474851815
BF--WS,BF,WS,18961.332342406185
BF--ZA,BF,ZA,5305.378723712318
BF--ZM,BF,ZM,4497.812323291578
BF--ZW,BF,ZW,4894.502098320222
BH--BO,BH,BO,13450.972543994616
BH--BR,BH,BR,11606.02937446926
BH--BW,BH,BW,6223.778931557546
BH--CA,BH,CA,10395.83358592863
BH--CD,BH,CD,5087.6205763863345
BH--CH,BH,CH,4412.231801025879
BH--CI,BH,CI,6283.751883459985
BH--CL,BH,CL,14367.078355972493
BH--CM,BH,CM,4842.480535947835
BH--CN,BH,CN,6188.293969750657
BH--CO,BH,CO,13161.600042730268
BH--CR,BH,CR,13694.27473789467
BH--CU,BH,CU,12567.262742312107
BH--CZ,BH,CZ,4059.7255332650557
BH--DE,BH,DE,4252.364456558877
BH--DJ,BH,DJ,1798.7702860739937
BH--DK,BH,DK,4475.106061294236
BH--DZ,BH,DZ,4615.023277342056
BH--EC,BH,EC,13862.680221207795
BH--EG,BH,EG,1943.1883780751475
BH--ES,BH,ES,5205.023102531657
BH--ET,BH,ET,2280.186431852586
BH--FI,BH,FI,4249.2580787615825
BH--FJ,BH,FJ,14614.198887749497
BH--FR,BH,FR,4838.511478335737
BH--GB,BH,GB,5076.851712464496
BH--GH,BH,GH,5854.440308902591
BH--GR,BH,GR,2834.927572784527
BH--GT,BH,GT,13841.622504533721
BH--HU,BH,HU,3624.9863110176466
BH--IE,BH,IE,5526.5356492300725
BH--IN,BH,IN,2639.6073872425604
BH--IQ,BH,IQ,988.7109163295127
BH--IR,BH,IR,1049.4171514130699
BH--IS,BH,IS,6567.908775986332
BH--IT,BH,IT,3880.462097955954
BH--JO,BH,JO,1558.8284878052457
BH--JP,BH,JP,8291.489613454438
BH--KE,BH,KE,3385.301516882441
BH--KH,BH,KH,5906.224749737362
BH--KR,BH,KR,7142.95395323478
BH--KW,BH,KW,432.0643733038779
BH--LA,BH,LA,5410.440430395027
BH--LB,BH,LB,1679.5578578978455
BH--MA,BH,MA,5529.097345106535
BH--MG,BH,MG,5006.227528447487
BH--MN,BH,MN,5411.577707162017
BH--MR,BH,MR,6853.899512264291
BH--MX,BH,MX,13992.111771365862
BH--MY,BH,MY,6014.836125584849
BH--MZ,BH,MZ,6089.303395334645
BH--NA,BH,NA,6496.014038792396
BH--NG,BH,NG,4916.268009823547
BH--NL,BH,NL,4771.600892243813
BH--NO,BH,NO,4817.139769660382
BH--NP,BH,NP,3440.545536991267
BH--NZ,BH,NZ,14688.665376902705
BH--OM,BH,OM,859.4886298592833
BH--PA,BH,PA,13373.512149207654
BH--PE,BH,PE,14342.455710328884
BH--PG,BH,PG,11130.440798433927
BH--PH,BH,PH,7376.993492955646
BH--PK,BH,PK,2325.1125967531184
BH--PL,BH,PL,3803.3801262597153
BH--PT,BH,PT,5681.30213547512
BH--QA,BH,QA,141.94170447503188
BH--RO,BH,RO,2983.5404141454487
BH--RS,BH,RS,3389.2834027096005
BH--RU,BH,RU,3442.032678990014
BH--RW,BH,RW,3821.0107209942407
BH--SA,BH,SA,422.11090899611224
BH--SB,BH,SB,12401.874233671706
BH--SE,BH,SE,4448.961328836227
BH--SG,BH,SG,6326.6341501546185
BH--SN,BH,SN,7139.394473059447
BH--TH,BH,TH,5370.8185583688355
BH--TN,BH,TN,3979.7148267907583
BH--TO,BH,TO,15348.612278769133
BH--TR,BH,TR,2237.729412518129
BH--TZ,BH,TZ,3928.2533412578027
BH--UA,BH,UA,3185.778748250803
BH--UG,BH,UG,3457.1303648765092
BH--US,BH,US,10975.990131441733
BH--UY,BH,UY,13084.888615730599
BH--UZ,BH,UZ,2398.192045613503
BH--VN,BH,VN,5627.424384497258
BH--VU,BH,VU,13589.450094931683
BH--WS,BH,WS,15418.377842367201
BH--ZA,BH,ZA,6228.489370650743
BH--ZM,BH,ZM,5202.17010241161
BH--ZW,BH,ZW,5312.316592554209
BO--BR,BO,BR,1876.596460908183
BO--BW,BO,BW,9265.07507214058
BO--CA,BO,CA,7215.606863803615
BO--CD,BO,CD,8870.159163628125
BO--CH,BO,CH,10290.767198267919
BO--CI,BO,CI,7171.263442118952
BO--CL,BO,CL,1684.447925657136
BO--CM,BO,CM,8771.06790323389
BO--CN,BO,CN,17683.023375068547
BO--CO,BO,CO,2787.9233076533956
BO--CR,BO,CR,3813.421892905876
BO--CU,BO,CU,5022.3841462525315
BO--CZ,BO,CZ,10903.050985339254
BO--DE,BO,DE,10926.42557615919
BO--DJ,BO,DJ,12348.748214133828
BO--DK,BO,DK,10997.582195645904
BO--DZ,BO,DZ,9456.594595413266
BO--EC,BO,EC,2535.5998531327027
BO--EG,BO,EG,11657.17914717685
BO--ES,BO,ES,9154.4910744505
BO--ET,BO,ET,11800.609450943937
BO--FI,BO,FI,11833.685108478221
BO--FJ,BO,FJ,11941.628869911345
BO--FR,BO,FR,10047.33974237732
BO--GB,BO,GB,10041.302122950217
BO--GH,BO,GH,7626.938449221417
BO--GR,BO,GR,11204.796376928234
BO--GT,BO,GT,4640.727657425348
BO--HU,BO,HU,11134.576749140466
BO--IE,BO,IE,9803.989497148528
BO--IN,BO,IN,16078.53522691398
BO--IQ,BO,IQ,12946.343770237669
BO--IR,BO,IR,13606.712027167396
BO--IS,BO,IS,9944.103937272424
BO--IT,BO,IT,10433.852524316877
BO--JO,BO,JO,12138.761055370242
BO--JP,BO,JP,16950.315481826994
BO--KE,BO,KE,11239.53951181834
BO--KH,BO,KH,18681.873610357474
BO--KR,BO,KR,17636.07067631779
BO--KW,BO,KW,13237.374259596
BO--LA,BO,LA,18746.566255388105
BO--LB,BO,LB,12138.912002289915
BO--MA,BO,MA,8530.942341815597
BO--MG,BO,MG,11570.52517184126
BO--MN,BO,MN,16724.275695765722
BO--MR,BO,MR,6774.610803095771
BO--MX,BO,MX,5639.38775677616
BO--MY,BO,MY,17758.428673632912
BO--MZ,BO,MZ,9852.298034580022
BO--NA,BO,NA,8466.252155247985
BO--NG,BO,NG,8566.91342320532
BO--NL,BO,NL,10390.174788507562
BO--NO,BO,NO,11065.49463544492
BO--NP,BO,NP,16880.50847468143
BO--NZ,BO,NZ,10915.282420203946
BO--OM,BO,OM,14220.767283019666
BO--PA,BO,PA,3471.787277198624
BO--PE,BO,PE,1482.0785920529122
BO--PG,BO,PG,15265.622846235166
BO--PH,BO,PH,19196.93564712891
BO--PK,BO,PK,15606.52844624537
BO--PL,BO,PL,11410.709840328795
BO--PT,BO,PT,8662.672975191843
BO--QA,BO,QA,13532.009808775243
BO--RO,BO,RO,11573.238430972839
BO--RS,BO,RS,11151.574144692177
BO--RU,BO,RU,12539.124996249864
BO--RW,BO,RW,10505.905457745863
BO--SA,BO,SA,13045.900484220143
BO--SB,BO,SB,14150.854164577571
BO--SE,BO,SE,11438.918549142025
BO--SG,BO,SG,17718.04347419666
BO--SN,BO,SN,6431.571840014289
BO--TH,BO,TH,18403.149468769603
BO--TN,BO,TN,10031.409461168721
BO--TO,BO,TO,11198.407784700506
BO--TR,BO,TR,12023.938760298883
BO--TZ,BO,TZ,10942.988175818187
BO--UA,BO,UA,12021.348318215385
BO--UG,BO,UG,10853.602638646738
BO--US,BO,US,6529.887960519966
BO--UY,BO,UY,1968.6453930827172
BO--UZ,BO,UZ,15071.96012342263
BO--VN,BO,VN,19075.876773781274
BO--VU,BO,VU,12893.30999797113
BO--WS,BO,WS,11190.41640756105
BO--ZA,BO,ZA,9449.828639216768
BO--ZM,BO,ZM,9827.160113151796
BO--ZW,BO,ZW,10015.248637974773
BR--BW,BR,BW,7692.723167197254
BR--CA,BR,CA,7334.346869539842
BR--CD,BR,CD,7021.609682135122
BR--CH,BR,CH,8871.59854013545
BR--CI,BR,CI,5323.501677295529
BR--CL,BR,CL,3009.3551850238605
BR--CM,BR,CM,6894.518875940983
BR--CN,BR,CN,16930.472630910997
BR--CO,BR,CO,3659.609825431805
BR--CR,BR,CR,4897.202501725991
BR--CU,BR,CU,5709.653622725256
BR--CZ,BR,CZ,9496.874259329501
BR--DE,BR,DE,9575.611395967344
BR--DJ,BR,DJ,10474.557745912618
BR--DK,BR,DK,9718.114205280945
BR--DZ,BR,DZ,7899.280557882734
BR--EC,BR,EC,3775.416548885363
BR--EG,BR,EG,9874.469524339542
BR--ES,BR,ES,7719.290067297386
BR--ET,BR,ET,9928.94838833383
BR--FI,BR,FI,10597.841046061912
BR--FJ,BR,FJ,13707.79297949407
BR--FR,BR,FR,8706.397888002059
BR--GB,BR,GB,8772.672472521588
BR--GH,BR,GH,5761.1782251059785
BR--GR,BR,GR,9543.526478721476
BR--GT,BR,GT,5768.326054598091
BR--HU,BR,HU,9653.076814942617
BR--IE,BR,IE,8630.555919875567
BR--IN,BR,IN,14244.967094288088
BR--IQ,BR,IQ,11171.59378402501
BR--IR,BR,IR,11851.642690062912
BR--IS,BR,IS,9136.914609385123
BR--IT,BR,IT,8891.366226296563
BR--JO,BR,JO,10364.50678529308
BR--JP,BR,JP,17673.237812688087
BR--KE,BR,KE,9414.754147935433
BR--KH,BR,KH,17060.866366810507
BR--KR,BR,KR,17539.5016131441
BR--KW,BR,KW,11418.72813141898
BR--LA,BR,LA,16886.755777255083
BR--LB,BR,LB,10387.026988201602
BR--MA,BR,MA,7024.002442289389
BR--MG,BR,MG,10008.810132791667
BR--MN,BR,MN,15765.25396201863
BR--MR,BR,MR,5128.459546403109
BR--MX,BR,MX,6827.142656438756
BR--MY,BR,MY,16422.814195799372
BR--MZ,BR,MZ,8332.123210691752
BR--NA,BR,NA,6828.16195862927
BR--NG,BR,NG,6701.782316617511
BR--NL,BR,NL,9095.395184382438
BR--NO,BR,NO,9890.673869295977
BR--NP,BR,NP,15046.568108631249
BR--NZ,BR,NZ,12315.070951453863
BR--OM,BR,OM,12356.150322922898
BR--PA,BR,PA,4431.9028156485865
BR--PE,BR,PE,3172.9910685849954
BR--PG,BR,PG,16761.181546660533
BR--PH,BR,PH,18834.978421995093
BR--PK,BR,PK,13831.892357763147
BR--PL,BR,PL,10013.245328845951
BR--PT,BR,PT,7260.226545104273
BR--QA,BR,QA,11680.438438525704
BR--RO,BR,RO,10004.746485000767
BR--RS,BR,RS,9614.480145801288
BR--RU,BR,RU,11166.929191609152
BR--RW,BR,RW,8670.88961458125
BR--SA,BR,SA,11195.014360359984
BR--SB,BR,SB,15872.530745887494
BR--SE,BR,SE,10211.465310360685
BR--SG,BR,SG,16541.57994188363
BR--SN,BR,SN,4752.903773023973
BR--TH,BR,TH,16631.97836274269
BR--TN,BR,TN,8422.884033888413
BR--TO,BR,TO,12968.686171125333
BR--TR,BR,TR,10359.803932064284
BR--TZ,BR,TZ,9156.612898830454
BR--UA,BR,UA,10549.919782043095
BR--UG,BR,UG,9009.527041172929
BR--US,BR,US,6769.014727737269
BR--UY,BR,UY,2268.356609818471
BR--UZ,BR,UZ,13419.084157977391
BR--VN,BR,VN,17204.186662884276
BR--VU,BR,VU,14586.233830975762
BR--WS,BR,WS,13033.16049580921
BR--ZA,BR,ZA,7905.896338955261
BR--ZM,BR,ZM,8120.13320552669
BR--ZW,BR,ZW,8352.372415709577
BW--CA,BW,CA,12799.758320311543
BW--CD,BW,CD,2518.695585190719
BW--CH,BW,CH,8139.4131108695265
BW--CI,BW,CI,4853.366869942001
BW--CL,BW,CL,9110.214435454502
BW--CM,BW,CM,3518.5909623027514
BW--CN,BW,CN,11763.442176541039
BW--CO,BW,CO,11238.308603613688
BW--CR,BW,CR,12486.103975399845
BW--CU,BW,CU,12813.806832814877
BW--CZ,BW,CZ,8354.25183076879
BW--DE,BW,DE,8634.793416153778
BW--DJ,BW,DJ,4425.023475813226
BW--DK,BW,DK,8989.879749414076
BW--DZ,BW,DZ,7208.439841089195
BW--EC,BW,EC,11462.105518830815
BW--EG,BW,EG,6079.520685339298
BW--ES,BW,ES,7826.852669032464
BW--ET,BW,ET,3976.336273860457
BW--FI,BW,FI,9401.15166001258
BW--FJ,BW,FJ,14420.286498952897
BW--FR,BW,FR,8473.509643382216
BW--GB,BW,GB,8811.482738861661
BW--GH,BW,GH,4379.427346967634
BW--GR,BW,GR,6936.488185012915
BW--GT,BW,GT,13328.044100578263
BW--HU,BW,HU,8019.287630007482
BW--IE,BW,IE,9180.720769777421
BW--IN,BW,IN,8053.867126276382
BW--IQ,BW,IQ,6709.672323086053
BW--IR,BW,IR,7196.386746099786
BW--IS,BW,IS,10680.84407260626
BW--IT,BW,IT,7496.048092664477
BW--JO,BW,JO,6353.41965849352
BW--JP,BW,JP,13653.33429478932
BW--KE,BW,KE,2838.9902895598434
BW--KH,BW,KH,9457.659816034819
BW--KR,BW,KR,12574.4634824962
BW--KW,BW,KW,6426.300469489082
BW--LA,BW,LA,9555.663768916682
BW--LB,BW,LB,6555.722664884827
BW--MA,BW,MA,7359.529399478092
BW--MG,BW,MG,2319.45128786308
BW--MN,BW,MN,11368.893383202101
BW--MR,BW,MR,6556.629480870978
BW--MX,BW,MX,14365.288423912965
BW--MY,BW,MY,8730.403703552773
BW--MZ,BW,MZ,687.5487184203506
BW--NA,BW,NA,929.6728027693109
BW--NG,BW,NG,4231.83604795722
BW--NL,BW,NL,8771.094108352774
BW--NO,BW,NO,9474.007097347607
BW--NP,BW,NP,8610.287488584752
BW--NZ,BW,NZ,12031.748594798402
BW--OM,BW,OM,6399.3336819828055
BW--PA,BW,PA,11983.993488085127
BW--PE,BW,PE,10739.133696106184
BW--PG,BW,PG,12623.264357336613
BW--PH,BW,PH,11182.39462283582
BW--PK,BW,PK,8167.260396898393
BW--PL,BW,PL,8531.722709525993
BW--PT,BW,PT,7909.601674349582
BW--QA,BW,QA,6175.450437690442
BW--RO,BW,RO,7649.093165607991
BW--RS,BW,RS,7711.81315866809
BW--RU,BW,RU,8977.160593534298
BW--RW,BW,RW,2550.3486775670553
BW--SA,BW,SA,5898.761321929343
BW--SB,BW,SB,13770.749016144939
BW--SE,BW,SE,9336.594165538883
BW--SG,BW,SG,8857.461926143746
BW--SN,BW,SN,6415.955780927037
BW--TH,BW,TH,9141.918842315095
BW--TN,BW,TN,6999.059401894024
BW--TO,BW,TO,14451.479512350386
BW--TR,BW,TR,7184.892740155944
BW--TZ,BW,TZ,2297.289131317293
BW--UA,BW,UA,8328.53876656118
BW--UG,BW,UG,2854.2245805470634
BW--US,BW,US,12764.750097626984
BW--UY,BW,UY,7804.477544149531
BW--UZ,BW,UZ,8564.746110390448
BW--VN,BW,VN,10013.338910059523
BW--VU,BW,VU,13803.334375684057
BW--WS,BW,WS,15339.580092166345
BW--ZA,BW,ZA,261.2166454426611
BW--ZM,BW,ZM,1051.5488918156748
BW--ZW,BW,ZW,924.734682562297
CA--CD,CA,CD,10429.733240251062
CA--CH,CA,CH,6104.611833971566
CA--CI,CA,CI,7947.50610858277
CA--CL,CA,CL,8748.678780930806
CA--CM,CA,CM,9488.448699867035
CA--CN,CA,CN,10474.241950070254
CA--CO,CA,CO,4525.731196671247
CA--CR,CA,CR,4013.5335952109467
CA--CU,CA,CU,2544.853638043534
CA--CZ,CA,CZ,6353.910514772466
CA--DE,CA,DE,6146.549872089064
CA--DJ,CA,DJ,11230.035108300332
CA--DK,CA,DK,5923.516048375747
CA--DZ,CA,DZ,6419.275105731327
CA--EC,CA,EC,5062.545067639777
CA--EG,CA,EG,8876.40462189037
CA--ES,CA,ES,5707.581780771725
CA--ET,CA,ET,11136.890454729448
CA--FI,CA,FI,6289.502387773958
CA--FJ,CA,FJ,12653.111746459324
CA--FR,CA,FR,5663.62568366498
CA--GB,CA,GB,5378.074759985251
CA--GH,CA,GH,8439.561227154014
CA--GR,CA,GR,7764.7115554242955
CA--GT,CA,GT,3687.735421199343
CA--HU,CA,HU,6796.472047013574
CA--IE,CA,IE,4915.196201182496
CA--IN,CA,IN,11362.94782650969
CA--IQ,CA,IQ,9407.34760036553
CA--IR,CA,IR,9576.188813079867
CA--IS,CA,IS,3870.9616915339425
CA--IT,CA,IT,6746.931142314486
CA--JO,CA,JO,9020.984848909657
CA--JP,CA,JP,10343.49118277986
CA--KE,CA,KE,11852.842570511928
CA--KH,CA,KH,13694.634790029932
CA--KR,CA,KR,10536.510102087088
CA--KW,CA,KW,9963.889572203941
CA--LA,CA,LA,12983.077365418272
CA--LB,CA,LB,8835.199318547497
CA--MA,CA,MA,5854.797692873017
CA--MG,CA,MG,14064.268709972383
CA--MN,CA,MN,9659.945248271877
CA--MR,CA,MR,6245.623674027655
CA--MX,CA,MX,3598.308798337808
CA--MY,CA,MY,14615.980355359012
CA--MZ,CA,MZ,13409.025150559444
CA--NA,CA,NA,11972.26862877857
CA--NG,CA,NG,8769.14706891505
CA--NL,CA,NL,5650.389098226851
CA--NO,CA,NO,5615.364370869781
CA--NP,CA,NP,11681.246053001407
CA--NZ,CA,NZ,14472.518850835871
CA--OM,CA,OM,11076.106252941312
CA--PA,CA,PA,4056.260713036291
CA--PE,CA,PE,6365.101501579229
CA--PG,CA,PG,14308.417166717092
CA--PH,CA,PH,13148.893379643874
CA--PK,CA,PK,10699.32409267107
CA--PL,CA,PL,6594.700288950723
CA--PT,CA,PT,5399.63090845621
CA--QA,CA,QA,10536.439663821655
CA--RO,CA,RO,7432.908010970043
CA--RS,CA,RS,7063.586644907697
CA--RU,CA,RU,7180.055639081386
CA--RW,CA,RW,11391.584664995573
CA--SA,CA,SA,10317.222965793204
CA--SB,CA,SB,13402.363297274336
CA--SE,CA,SE,6012.504954934798
CA--SG,CA,SG,14829.085234720038
CA--SN,CA,SN,6388.706012444591
CA--TH,CA,TH,13440.553542475436
CA--TN,CA,TN,6928.649281203894
CA--TO,CA,TO,12382.247944863291
CA--TR,CA,TR,8182.193922543159
CA--TZ,CA,TZ,12166.73278626256
CA--UA,CA,UA,7237.438903984254
CA--UG,CA,UG,11402.621094811511
CA--US,CA,US,731.9154882007512
CA--UY,CA,UY,9105.228592126427
CA--UZ,CA,UZ,9788.102061183803
CA--VN,CA,VN,12643.813172484095
CA--VU,CA,VU,13414.728983374085
CA--WS,CA,WS,11561.577925898891
CA--ZA,CA,ZA,13053.851270111287
CA--ZM,CA,ZM,12302.254550995054
CA--ZW,CA,ZW,12698.961870869929
CD--CH,CD,CH,5728.825859287853
CD--CI,CD,CI,2598.6401253769604
CD--CL,CD,CL,9377.485624065612
CD--CM,CD,CM,999.9549776414716
CD--CN,CD,CN,11264.131510520167
CD--CO,CD,CO,9990.17825849726
CD--CR,CD,CR,11129.251734816473
CD--CU,CD,CU,10989.189130840768
CD--CZ,CD,CZ,6029.4372140520945
CD--DE,CD,DE,6302.7657179686175
CD--DJ,CD,DJ,3549.7045183720343
CD--DK,CD,DK,6656.340365566579
CD--DZ,CD,DZ,4724.24554729379
CD--EC,CD,EC,10440.361050160944
CD--EG,CD,EG,4166.513540836489
CD--ES,CD,ES,5319.383374111961
CD--ET,CD,ET,2986.3101212320603
CD--FI,CD,FI,7201.843348896968
CD--FJ,CD,FJ,16916.81804347587
CD--FR,CD,FR,6026.854910819904
CD--GB,CD,GB,6358.423890884738
CD--GH,CD,GH,2043.3208669383591
CD--GR,CD,GR,4764.590999785643
CD--GT,CD,GT,11843.173312319313
CD--HU,CD,HU,5753.479844112075
CD--IE,CD,IE,6702.1189088860565
CD--IN,CD,IN,7547.89499645099
CD--IQ,CD,IQ,5173.186994313452
CD--IR,CD,IR,5812.686562332389
CD--IS,CD,IS,8196.385708231097
CD--IT,CD,IT,5126.896411493344
CD--JO,CD,JO,4570.489228979248
CD--JP,CD,JP,13367.324967431796
CD--KE,CD,KE,2414.0111493842605
CD--KH,CD,KH,10070.102646933641
CD--KR,CD,KR,12211.448901968513
CD--KW,CD,KW,5105.9479344896845
CD--LA,CD,LA,9877.61377849357
CD--LB,CD,LB,4731.574420354681
CD--MA,CD,MA,4841.287191069289
CD--MG,CD,MG,3853.164237368031
CD--MN,CD,MN,10483.62753638158
CD--MR,CD,MR,4235.610027640013
CD--MX,CD,MX,12740.378395838092
CD--MY,CD,MY,9644.319780377728
CD--MZ,CD,MZ,3020.306483356336
CD--NA,CD,NA,2027.3653325027924
CD--NG,CD,NG,1716.2920067157297
CD--NL,CD,NL,6357.542309053761
CD--NO,CD,NO,7134.842377574261
CD--NP,CD,NP,8288.432568352613
CD--NZ,CD,NZ,14541.358911281312
CD--OM,CD,OM,5621.0899926077
CD--PA,CD,PA,10624.477913150193
CD--PE,CD,PE,10175.188038895794
CD--PG,CD,PG,14483.129365681863
CD--PH,CD,PH,11824.345636785823
CD--PK,CD,PK,7384.78330799907
CD--PL,CD,PL,6292.977025299909
CD--PT,CD,PT,5390.912322607045
CD--QA,CD,QA,5103.88139988815
CD--RO,CD,RO,5507.281165086514
CD--RS,CD,RS,5467.767347209264
CD--RU,CD,RU,6966.165532290185
CD--RW,CD,RW,1659.8175119323976
CD--SA,CD,SA,4676.260309873395
CD--SB,CD,SB,15824.79574953873
CD--SE,CD,SE,7064.796550280582
CD--SG,CD,SG,9867.490584125751
CD--SN,CD,SN,4185.9629702863585
CD--TH,CD,TH,9613.840894279354
CD--TN,CD,TN,4584.333650787498
CD--TO,CD,TO,16965.860223615844
CD--TR,CD,TR,5219.37025970274
CD--TZ,CD,TZ,2274.6043678822007
CD--UA,CD,UA,6240.732681787017
CD--UG,CD,UG,1988.134074385802
CD--US,CD,US,10513.299742462244
CD--UY,CD,UY,8050.620589827492
CD--UZ,CD,UZ,7442.616558679761
CD--VN,CD,VN,10243.1517893653
CD--VU,CD,VU,16183.24444312056
CD--WS,CD,WS,17853.067562623186
CD--ZA,CD,ZA,2738.097820784533
CD--ZM,CD,ZM,1876.1600005715138
CD--ZW,CD,ZW,2272.4651436635604
CH--CI,CH,CI,4607.889785989932
CH--CL,CH,CL,11832.61371809408
CH--CM,CH,CM,4786.16131574386
CH--CN,CH,CN,8094.4544254962375
CH--CO,CH,CO,8996.016544196027
CH--CR,CH,CR,9327.556142413046
CH--CU,CH,CU,8155.09232142655
CH--CZ,CH,CZ,625.3057686167525
CH--DE,CH,DE,755.7064721763854
CH--DJ,CH,DJ,5148.4764655535
CH--DK,CH,DK,1037.0357137173587
CH--DZ,CH,DZ,1185.2470662499993
CH--EC,CH,EC,9720.077534604668
CH--EG,CH,EG,2774.054859064558
CH--ES,CH,ES,1152.6871019697571
CH--ET,CH,ET,5134.876045708934
CH--FI,CH,FI,1863.522461041284
CH--FJ,CH,FJ,16707.59386814359
CH--FR,CH,FR,440.98638967634054
CH--GB,CH,GB,751.312567275174
CH--GH,CH,GH,4643.038567774717
CH--GR,CH,GR,1660.1778839995336
CH--GT,CH,GT,9429.392171121845
CH--HU,CH,HU,881.463920077626
CH--IE,CH,IE,1209.9062878317202
CH--IN,CH,IN,6252.936234949724
CH--IQ,CH,IQ,3447.6960543627238
CH--IR,CH,IR,3830.4376271991973
CH--IS,CH,IS,2624.51622730088
CH--IT,CH,IT,685.6423999635741
CH--JO,CH,JO,2934.541784610674
CH--JP,CH,JP,9694.21314126864
CH--KE,CH,KE,6058.997219443291
CH--KH,CH,KH,9638.237997210643
CH--KR,CH,KR,8886.763265750387
CH--KW,CH,KW,3989.2515709512104
CH--LA,CH,LA,8950.277575591675
CH--LB,CH,LB,2763.8836725951246
CH--MA,CH,MA,1870.159387744395
CH--MG,CH,MG,8322.465577493902
CH--MN,CH,MN,6932.576185322295
CH--MR,CH,MR,3850.4818599509395
CH--MX,CH,MX,9645.883217703995
CH--MY,CH,MY,10075.908706620723
CH--MZ,CH,MZ,8456.267008823646
CH--NA,CH,NA,7755.524094550154
CH--NG,CH,NG,4193.306832302945
CH--NL,CH,NL,631.900802626403
CH--NO,CH,NO,1462.9195987065182
CH--NP,CH,NP,6925.155692003321
CH--NZ,CH,NZ,18826.577824444394
CH--OM,CH,OM,5202.706901692483
CH--PA,CH,PA,9060.368796899827
CH--PE,CH,PE,10566.75972689472
CH--PG,CH,PG,14388.294225206813
CH--PH,CH,PH,10528.815966532546
CH--PK,CH,PK,5602.650880161092
CH--PL,CH,PL,1141.6468394127312
CH--PT,CH,PT,1629.9723243148233
CH--QA,CH,QA,4553.6953107710115
CH--RO,CH,RO,1473.8940889708422
CH--RS,CH,RS,1034.5514436058052
CH--RU,CH,RU,2295.3399218934715
CH--RW,CH,RW,5847.378103655272
CH--SA,CH,SA,4260.3288228636875
CH--SB,CH,SB,15108.436635984284
CH--SE,CH,SE,1551.7170630387498
CH--SG,CH,SG,10390.952064998535
CH--SN,CH,SN,4254.696378085684
CH--TH,CH,TH,9133.68610176436
CH--TN,CH,TN,1145.5209437796266
CH--TO,CH,TO,17134.19871260535
CH--TR,CH,TR,2186.2300192373655
CH--TZ,CH,TZ,6509.810224655342
CH--UA,CH,UA,1734.2718827230628
CH--UG,CH,UG,5711.20809331671
CH--US,CH,US,6616.411729161228
CH--UY,CH,UY,11062.708990767944
CH--UZ,CH,UZ,4858.917939903743
CH--VN,CH,VN,8938.727415662586
CH--VU,CH,VU,16326.579714768286
CH--WS,CH,WS,16336.021536998553
CH--ZA,CH,ZA,8309.133895170089
CH--ZM,CH,ZM,7210.419771673016
CH--ZW,CH,ZW,7548.555747870165
CI--CL,CI,CL,8199.206248480925
CI--CM,CI,CM,1889.1157803481797
CI--CN,CI,CN,12118.648151495623
CI--CO,CI,CO,7620.29970979165
CI--CR,CI,CR,8667.98533746666
CI--CU,CI,CU,8402.454199256066
CI--CZ,CI,CZ,5137.171392814093
CI--DE,CI,DE,5346.777937982629
CI--DJ,CI,DJ,5341.646971809863
CI--DK,CI,DK,5644.701497262086
CI--DZ,CI,DZ,3422.6509188996133
CI--EC,CI,EC,8167.703469390938
CI--EG,CI,EG,4601.5942903757
CI--ES,CI,ES,3723.5669897483913
CI--ET,CI,ET,4852.124243592002
CI--FI,CI,FI,6440.377595909336
CI--FJ,CI,FJ,18691.69541686606
CI--FR,CI,FR,4715.835392498474
CI--GB,CI,GB,4976.73423362605
CI--GH,CI,GH,576.9126434510242
CI--GR,CI,GR,4524.484494258878
CI--GT,CI,GT,9319.639593355423
CI--HU,CI,HU,5068.633987423496
CI--IE,CI,IE,5158.689274169892
CI--IN,CI,IN,8921.675432676184
CI--IQ,CI,IQ,5891.350898560661
CI--IR,CI,IR,6583.834890564577
CI--IS,CI,IS,6500.290850290508
CI--IT,CI,IT,4263.6612766444105
CI--JO,CI,JO,5095.920702220564
CI--JP,CI,JP,14054.143292081972
CI--KE,CI,KE,4760.841542438243
CI--KH,CI,KH,12043.013351557443
CI--KR,CI,KR,13045.152782703733
CI--KW,CI,KW,6100.158303289575
CI--LA,CI,LA,11652.772735454739
CI--LB,CI,LB,5150.514647403035
CI--MA,CI,MA,3016.7790489411395
CI--MG,CI,MG,6451.635394446069
CI--MN,CI,MN,11061.848044282866
CI--MR,CI,MR,1703.5133004136335
CI--MX,CI,MX,10168.911185942317
CI--MY,CI,MY,11847.990975704064
CI--MZ,CI,MZ,5466.994901912477
CI--NA,CI,NA,4062.6444964845045
CI--NG,CI,NG,1433.9712633530044
CI--NL,CI,NL,5133.948939712574
CI--NO,CI,NO,6044.687371685918
CI--NP,CI,NP,9723.72006323619
CI--NZ,CI,NZ,16184.01125219005
CI--OM,CI,OM,7052.800031554935
CI--PA,CI,PA,8178.688515294056
CI--PE,CI,PE,8212.752698894894
CI--PG,CI,PG,16989.120834266345
CI--PH,CI,PH,13644.470254456088
CI--PK,CI,PK,8526.79480076227
CI--PL,CI,PL,5580.516533145166
CI--PT,CI,PT,3555.3685002596494
CI--QA,CI,QA,6361.447388523822
CI--RO,CI,RO,5161.110887657802
CI--RS,CI,RS,4893.658745459138
CI--RU,CI,RU,6608.751758192376
CI--RW,CI,RW,4043.8770263659444
CI--SA,CI,SA,5875.417140206678
CI--SB,CI,SB,18382.135006868953
CI--SE,CI,SE,6157.056056722315
CI--SG,CI,SG,12113.909105068671
CI--SN,CI,SN,1593.893185259088
CI--TH,CI,TH,11527.362311089168
CI--TN,CI,TN,3673.028799381504
CI--TO,CI,TO,18094.542865457024
CI--TR,CI,TR,5281.017208748195
CI--TZ,CI,TZ,4778.443677234332
CI--UA,CI,UA,5862.982522001875
CI--UG,CI,UG,4264.502307787749
CI--US,CI,US,7958.564838258529
CI--UY,CI,UY,7053.698263133634
CI--UZ,CI,UZ,8224.787869502501
CI--VN,CI,VN,11905.107437159355
CI--VU,CI,VU,18617.956297748286
CI--WS,CI,WS,18356.32046631585
CI--ZA,CI,ZA,5106.486382326543
CI--ZM,CI,ZM,4443.254825164258
CI--ZW,CI,ZW,4832.88109221999
CL--CM,CL,CM,9525.20805112599
CL--CN,CL,CN,19057.093797293513
CL--CO,CL,CO,4226.284712338569
CL--CR,CL,CR,5007.427142140632
CL--CU,CL,CU,6383.585264481227
CL--CZ,CL,CZ,12454.99140734185
CL--DE,CL,DE,12506.572379251478
CL--DJ,CL,DJ,12921.54455521073
CL--DK,CL,DK,12608.169728060815
CL--DZ,CL,DZ,10901.817648733382
CL--EC,CL,EC,3769.082213715418
CL--EG,CL,EG,12800.08972667518
CL--ES,CL,ES,10681.935581817292
CL--ET,CL,ET,12358.215563097187
CL--FI,CL,FI,13464.23646254886
CL--FJ,CL,FJ,10733.957780178063
CL--FR,CL,FR,11627.359613785839
CL--GB,CL,GB,11650.639354956376
CL--GH,CL,GH,8563.209240922586
CL--GR,CL,GR,12547.17636965568
CL--GT,CL,GT,5722.749600627286
CL--HU,CL,HU,12641.227022901528
CL--IE,CL,IE,11442.072873019002
CL--IN,CL,IN,16925.380558989717
CL--IQ,CL,IQ,14090.10239496156
CL--IR,CL,IR,14783.040925397077
CL--IS,CL,IS,11628.550317530475
CL--IT,CL,IT,11893.206088021416
CL--JO,CL,JO,13294.340400488722
CL--JP,CL,JP,17234.770240707647
CL--KE,CL,KE,11550.217666588273
CL--KH,CL,KH,17538.49640357151
CL--KR,CL,KR,18360.580038729033
CL--KW,CL,KW,14258.884110662933
CL--LA,CL,LA,18165.3451053146
CL--LB,CL,LB,13339.438169626197
CL--MA,CL,MA,10010.797136549785
CL--MG,CL,MG,11269.738822387024
CL--MN,CL,MN,18384.576940911007
CL--MR,CL,MR,8137.508915890806
CL--MX,CL,MX,6588.132055113714
CL--MY,CL,MY,16560.585837942457
CL--MZ,CL,MZ,9584.087391541141
CL--NA,CL,NA,8466.43790639447
CL--NG,CL,NG,9486.770070583298
CL--NL,CL,NL,11991.522122394139
CL--NO,CL,NO,12709.777899866678
CL--NP,CL,NP,17643.376628129412
CL--NZ,CL,NZ,9368.814614614528
CL--OM,CL,OM,14993.02552576479
CL--PA,CL,PA,4787.339784314524
CL--PE,CL,PE,2457.690639615083
CL--PG,CL,PG,13802.823561352765
CL--PH,CL,PH,17614.831522245775
CL--PK,CL,PK,16686.183395308064
CL--PL,CL,PL,12969.852106776598
CL--PT,CL,PT,10205.486707859607
CL--QA,CL,QA,14413.228908590685
CL--RO,CL,RO,13012.49258228255
CL--RS,CL,RS,12616.893329215574
CL--RU,CL,RU,14117.451542029348
CL--RW,CL,RW,10888.59226244986
CL--SA,CL,SA,13945.02643694258
CL--SB,CL,SB,12867.529468130957
CL--SE,CL,SE,13069.967683612713
CL--SG,CL,SG,16399.740324894206
CL--SN,CL,SN,7761.929265291671
CL--TH,CL,TH,17650.722889818095
CL--TN,CL,TN,11432.07040601396
CL--TO,CL,TO,10003.573675304116
CL--TR,CL,TR,13360.362129212648
CL--TZ,CL,TZ,11140.599699425393
CL--UA,CL,UA,13538.164347903667
CL--UG,CL,UG,11261.826608190775
CL--US,CL,US,8036.760399006705
CL--UY,CL,UY,1344.7100150280369
CL--UZ,CL,UZ,16405.161682577404
CL--VN,CL,VN,18587.669739443674
CL--VU,CL,VU,11579.5840565688
CL--WS,CL,WS,10172.329324976223
CL--ZA,CL,ZA,9240.225022987668
CL--ZM,CL,ZM,9885.53106050934
CL--ZW,CL,ZW,9975.737470380778
CM--CN,CM,CN,10995.583594243904
CM--CO,CM,CO,9497.191473516772
CM--CR,CM,CR,10557.06832026322
CM--CU,CM,CU,10244.925437684406
CM--CZ,CM,CZ,5130.084056752135
CM--DE,CM,DE,5396.650551661225
CM--DJ,CM,DJ,3589.183182937677
CM--DK,CM,DK,5745.978052969979
CM--DZ,CM,DZ,3744.3132044601207
CM--EC,CM,EC,10022.117122692829
CM--EG,CM,EG,3565.621153841032
CM--ES,CM,ES,4324.743682477569
CM--ET,CM,ET,3059.40588391504
CM--FI,CM,FI,6349.879215106419
CM--FJ,CM,FJ,17892.327640052754
CM--FR,CM,FR,5063.103928567305
CM--GB,CM,GB,5390.049043244177
CM--GH,CM,GH,1314.94978052213
CM--GR,CM,GR,3977.253028300624
CM--GT,CM,GT,11201.752627932046
CM--HU,CM,HU,4889.597408857391
CM--IE,CM,IE,5720.183855132095
CM--IN,CM,IN,7438.800480684708
CM--IQ,CM,IQ,4721.2180728013645
CM--IR,CM,IR,5401.183759589083
CM--IS,CM,IS,7209.486504193911
CM--IT,CM,IT,4213.617883913756
CM--JO,CM,JO,4021.2376944990597
CM--JP,CM,JP,13081.012486927724
CM--KE,CM,KE,2871.7419776565475
CM--KH,CM,KH,10302.56564887259
CM--KR,CM,KR,11953.911288684445
CM--KW,CM,KW,4768.536665978436
CM--LA,CM,LA,10000.326505602481
CM--LB,CM,LB,4149.404568773106
CM--MA,CM,MA,3842.0694590395565
CM--MG,CM,MG,4680.577646477226
CM--MN,CM,MN,10094.756166055999
CM--MR,CM,MR,3382.733265158873
CM--MX,CM,MX,12024.178243080732
CM--MY,CM,MY,10015.409904093569
CM--MZ,CM,MZ,4006.5308822985903
CM--NA,CM,NA,2986.787908919068
CM--NG,CM,NG,725.8200166346395
CM--NL,CM,NL,5409.237826648415
CM--NO,CM,NO,6217.574630030544
CM--NP,CM,NP,8220.35109937772
CM--NZ,CM,NZ,15537.243524289217
CM--OM,CM,OM,5504.924641725292
CM--PA,CM,PA,10067.003575898221
CM--PE,CM,PE,9951.176482348146
CM--PG,CM,PG,15100.486183527944
CM--PH,CM,PH,11993.827261165852
CM--PK,CM,PK,7166.256842900014
CM--PL,CM,PL,5434.864280700267
CM--PT,CM,PT,4391.018753904608
CM--QA,CM,QA,4888.737332671032
CM--RO,CM,RO,4716.366116280303
CM--RS,CM,RS,4620.968430569989
CM--RU,CM,RU,6207.6740858878875
CM--RW,CM,RW,2161.173045513239
CM--SA,CM,SA,4420.370360977418
CM--SB,CM,SB,16493.77669633362
CM--SE,CM,SE,6180.221575953093
CM--SG,CM,SG,10268.771238598283
CM--SN,CM,SN,3397.9346250597746
CM--TH,CM,TH,9808.520944610313
CM--TN,CM,TN,3649.4037782402906
CM--TO,CM,TO,17962.90648629142
CM--TR,CM,TR,4535.084527369418
CM--TZ,CM,TZ,2914.1572830910713
CM--UA,CM,UA,5460.7550170731165
CM--UG,CM,UG,2375.8377547225855
CM--US,CM,US,9616.444865934442
CM--UY,CM,UY,8249.161179034945
CM--UZ,CM,UZ,7073.890734844891
CM--VN,CM,VN,10312.591934157761
CM--VU,CM,VU,17069.22280886571
CM--WS,CM,WS,18847.396925578625
CM--ZA,CM,ZA,3736.303688325573
CM--ZM,CM,ZM,2821.905838885357
CM--ZW,CM,ZW,3217.136894304541
CN--CO,CN,CO,14959.442903499128
CN--CR,CN,CR,14096.319457490226
CN--CU,CN,CU,12758.117340142095
CN--CZ,CN,CZ,7470.493939805563
CN--DE,CN,DE,7374.095211881501
CN--DJ,CN,DJ,7765.888403883448
CN--DK,CN,DK,7217.815628317304
CN--DZ,CN,DZ,9128.627104002482
CN--EC,CN,EC,15356.0126105907
CN--EG,CN,EG,7555.922022804329
CN--ES,CN,ES,9241.695750140318
CN--ET,CN,ET,8323.256614917631
CN--FI,CN,FI,6335.706896287733
CN--FJ,CN,FJ,9087.647388686939
CN--FR,CN,FR,8235.539912036413
CN--GB,CN,GB,8159.495498560135
CN--GH,CN,GH,11825.126110302292
CN--GR,CN,GR,7631.506142204527
CN--GT,CN,GT,13356.886648015177
CN--HU,CN,HU,7353.781860218676
CN--IE,CN,IE,8302.046189967621
CN--IN,CN,IN,3786.344323933427
CN--IQ,CN,IQ,6305.33148915661
CN--IR,CN,IR,5613.15772615063
CN--IS,CN,IS,7901.3614892001115
CN--IT,CN,IT,8143.606625822012
CN--JO,CN,JO,7066.523961173957
CN--JP,CN,JP,2104.0237532057217
CN--KE,CN,KE,9214.097058911791
CN--KH,CN,KH,3341.3041042912046
CN--KR,CN,KR,958.3389564502992
CN--KW,CN,KW,6227.896020736547
CN--LA,CN,LA,2772.822872325556
CN--LB,CN,LB,6987.519652662062
CN--MA,CN,MA,9959.705404692048
CN--MG,CN,MG,9654.934836540133
CN--MN,CN,MN,1167.0910309962228
CN--MR,CN,MR,11912.692846772277
CN--MX,CN,MX,12474.484204037479
CN--MY,CN,MY,4332.637278888493
CN--MZ,CN,MZ,11320.970803223154
CN--NA,CN,NA,12354.172451785
CN--NG,CN,NG,10936.133047329091
CN--NL,CN,NL,7840.400371133997
CN--NO,CN,NO,7040.101298011618
CN--NP,CN,NP,3157.65958657806
CN--NZ,CN,NZ,10759.510305075924
CN--OM,CN,OM,5661.102124632659
CN--PA,CN,PA,14349.119210189101
CN--PE,CN,PE,16647.408363779676
CN--PG,CN,PG,6323.6817441966605
CN--PH,CN,PH,2841.990869314639
CN--PK,CN,PK,3879.3914083676773
CN--PL,CN,PL,6956.214835268704
CN--PT,CN,PT,9687.15424475197
CN--QA,CN,QA,6163.602671717142
CN--RO,CN,RO,7076.188017607089
CN--RS,CN,RS,7430.411537702671
CN--RU,CN,RU,5806.057705333434
CN--RW,CN,RW,9836.505883860767
CN--SA,CN,SA,6606.426919492859
CN--SB,CN,SB,7070.153796729927
CN--SE,CN,SE,6720.436278900068
CN--SG,CN,SG,4463.068886903711
CN--SN,CN,SN,12308.087610438688
CN--TH,CN,TH,3289.9112641123884
CN--TN,CN,TN,8659.391026274994
CN--TO,CN,TO,9790.736537539742
CN--TR,CN,TR,6847.206348764228
CN--TZ,CN,TZ,9656.25374403827
CN--UA,CN,UA,6466.108332658287
CN--UG,CN,UG,9460.056093477917
CN--US,CN,US,11169.116898963428
CN--UY,CN,UY,19149.68159118618
CN--UZ,CN,UZ,3938.151292110402
CN--VN,CN,VN,2322.1755294999916
CN--VU,CN,VU,8348.794196781444
CN--WS,CN,WS,9501.408079453626
CN--ZA,CN,ZA,11648.376355581766
CN--ZM,CN,ZM,10937.51559182112
CN--ZW,CN,ZW,10877.248854471765
CO--CR,CO,CR,1251.9136114932048
CO--CU,CO,CU,2235.863232427715
CO--CZ,CO,CZ,9515.878216148638
CO--DE,CO,DE,9434.723265292183
CO--DJ,CO,DJ,12859.125549819832
CO--DK,CO,DK,9377.098207317329
CO--DZ,CO,DZ,8561.364835153712
CO--EC,CO,EC,724.0835027685563
CO--EG,CO,EG,11223.931381246066
CO--ES,CO,ES,8024.515430689445
CO--ET,CO,ET,12426.953409430811
CO--FI,CO,FI,10062.532890466686
CO--FJ,CO,FJ,12022.37001080766
CO--FR,CO,FR,8632.37794115417
CO--GB,CO,GB,8501.996904262256
CO--GH,CO,GH,8186.029470285618
CO--GR,CO,GR,10382.81703126424
CO--GT,CO,GT,2116.073135107074
CO--HU,CO,HU,9873.347658076464
CO--IE,CO,IE,8138.553783105722
CO--IN,CO,IN,15225.968636419148
CO--IQ,CO,IQ,12318.509979821723
CO--IR,CO,IR,12806.712097257418
CO--IS,CO,IS,7797.570927032017
CO--IT,CO,IT,9387.891649710753
CO--JO,CO,JO,11609.885101013404
CO--JP,CO,JP,14327.518669903713
CO--KE,CO,KE,12348.95435955968
CO--KH,CO,KH,18214.627700648976
CO--KR,CO,KR,14855.470153152684
CO--KW,CO,KW,12795.04302755796
CO--LA,CO,LA,17482.417925977235
CO--LB,CO,LB,11516.082534210535
CO--MA,CO,MA,7635.020568883151
CO--MG,CO,MG,13504.884813549328
CO--MN,CO,MN,14185.265017099025
CO--MR,CO,MR,6488.7079954801175
CO--MX,CO,MX,3175.5874499646543
CO--MY,CO,MY,19032.67962698383
CO--MZ,CO,MZ,11905.924348091476
CO--NA,CO,NA,10330.568281485906
CO--NG,CO,NG,9018.876991242843
CO--NL,CO,NL,8857.739182265888
CO--NO,CO,NO,9277.765385828061
CO--NP,CO,NP,15807.600291009303
CO--NZ,CO,NZ,12107.72103768077
CO--OM,CO,OM,14019.246593920407
CO--PA,CO,PA,772.3174304369114
CO--PE,CO,PE,1869.717421500606
CO--PG,CO,PG,15447.098609376797
CO--PH,CO,PH,17318.972788215247
CO--PK,CO,PK,14553.253604343023
CO--PL,CO,PL,9952.660970335612
CO--PT,CO,PT,7528.581774689585
CO--QA,CO,QA,13289.018520274756
CO--RO,CO,RO,10459.56638225213
CO--RS,CO,RS,10011.351110400718
CO--RU,CO,RU,10916.0980038675
CO--RW,CO,RW,11604.854913877885
CO--SA,CO,SA,12862.1824864371
CO--SB,CO,SB,14047.746604734897
CO--SE,CO,SE,9693.22189855851
CO--SG,CO,SG,19316.524021455647
CO--SN,CO,SN,6296.585430647009
CO--TH,CO,TH,17891.231905646808
CO--TN,CO,TN,9197.587619545602
CO--TO,CO,TO,11354.75741567787
CO--TR,CO,TR,11114.439440495353
CO--TZ,CO,TZ,12263.99655872549
CO--UA,CO,UA,10641.180470910898
CO--UG,CO,UG,11864.88379178449
CO--US,CO,US,3810.5972373090326
CO--UY,CO,UY,4753.474036948491
CO--UZ,CO,UZ,13714.530240535321
CO--VN,CO,VN,17168.46785762716
CO--VU,CO,VU,13095.8246554426
CO--WS,CO,WS,10964.668537304995
CO--ZA,CO,ZA,11470.29193218006
CO--ZM,CO,ZM,11477.84741756453
CO--ZW,CO,ZW,11774.448743194798
CR--CU,CR,CU,1471.9144814184424
CR--CZ,CR,CZ,9771.595545780416
CR--DE,CR,DE,9640.169418924648
CR--DJ,CR,DJ,13727.208479820058
CR--DK,CR,DK,9515.57627971057
CR--DZ,CR,DZ,9104.596519388086
CR--EC,CR,EC,1281.5954307086834
CR--EG,CR,EG,11819.52210360082
CR--ES,CR,ES,8490.968895498789
CR--ET,CR,ET,13356.213340795724
CR--FI,CR,FI,10078.591984701186
CR--FJ,CR,FJ,11138.728881595669
CR--FR,CR,FR,8922.826130728668
CR--GB,CR,GB,8733.450246284829
CR--GH,CR,GH,9242.714040386316
CR--GR,CR,GR,10859.434969898852
CR--GT,CR,GT,871.6033594360345
CR--HU,CR,HU,10172.816914857254
CR--IE,CR,IE,8319.881003789042
CR--IN,CR,IN,15294.46960398245
CR--IQ,CR,IQ,12764.351950468761
CR--IR,CR,IR,13141.192315431652
CR--IS,CR,IS,7686.683320791061
CR--IT,CR,IT,9817.743423297845
CR--JO,CR,JO,12143.200010921533
CR--JP,CR,JP,13186.453373132155
CR--KE,CR,KE,13428.6117168305
CR--KH,CR,KH,17432.099229246065
CR--KR,CR,KR,13835.454721204178
CR--KW,CR,KW,13288.783324940263
CR--LA,CR,LA,16833.162537205633
CR--LB,CR,LB,12014.743515169577
CR--MA,CR,MA,8229.332372170185
CR--MG,CR,MG,14737.686635921023
CR--MN,CR,MN,13504.894184252333
CR--MR,CR,MR,7376.337164557382
CR--MX,CR,MX,1929.9730757034913
CR--MY,CR,MY,18424.3764719634
CR--MZ,CR,MZ,13155.987918877652
CR--NA,CR,NA,11574.615679372126
CR--NG,CR,NG,10020.88222365207
CR--NL,CR,NL,9073.103430286952
CR--NO,CR,NO,9325.510938704634
CR--NP,CR,NP,15686.030821886743
CR--NZ,CR,NZ,11662.79477665412
CR--OM,CR,OM,14519.431845781388
CR--PA,CR,PA,511.08778858163697
CR--PE,CR,PE,2552.54393375455
CR--PG,CR,PG,14414.698273145978
CR--PH,CR,PH,16144.907937776225
CR--PK,CR,PK,14613.374397280384
CR--PL,CR,PL,10147.313163805313
CR--PT,CR,PT,8021.945815011677
CR--QA,CR,QA,13831.869750199476
CR--RO,CR,RO,10797.708881220238
CR--RS,CR,RS,10362.101312901888
CR--RU,CR,RU,10968.696275231616
CR--RW,CR,RW,12702.436307206492
CR--SA,CR,SA,13460.62021838149
CR--SB,CR,SB,13020.361285883924
CR--SE,CR,SE,9743.61528724543
CR--SG,CR,SG,18492.550594054148
CR--SN,CR,SN,7240.757540369871
CR--TH,CR,TH,17336.481039750164
CR--TN,CR,TN,9733.359719511494
CR--TO,CR,TO,10526.02744199176
CR--TR,CR,TR,11509.76802051344
CR--TZ,CR,TZ,13399.7956193451
CR--UA,CR,UA,10837.397258474743
CR--UG,CR,UG,12932.231562267234
CR--US,CR,US,3285.1862066318254
CR--UY,CR,UY,5764.56048692255
CR--UZ,CR,UZ,13713.079567721375
CR--VN,CR,VN,16412.722852342675
CR--VU,CR,VU,12201.528953048253
CR--WS,CR,WS,10028.143712232752
CR--ZA,CR,ZA,12719.836256496541
CR--ZM,CR,ZM,12690.41649305523
CR--ZW,CR,ZW,12999.3009533902
CU--CZ,CU,CZ,8535.978161879984
CU--DE,CU,DE,8374.977983389866
CU--DJ,CU,DJ,12956.951243954976
CU--DK,CU,DK,8213.110859186072
CU--DZ,CU,DZ,8120.308901378657
CU--EC,CU,EC,2616.5828648559786
CU--EG,CU,EG,10805.433512989564
CU--ES,CU,ES,7453.35101263157
CU--ET,CU,ET,12692.736794829307
CU--FI,CU,FI,8707.329931417893
CU--FJ,CU,FJ,11698.921011243501
CU--FR,CU,FR,7729.71420097976
CU--GB,CU,GB,7503.443245031465
CU--GH,CU,GH,8973.347886902955
CU--GR,CU,GR,9764.626189183718
CU--GT,CU,GT,1274.8809634200402
CU--HU,CU,HU,8958.428690559973
CU--IE,CU,IE,7065.83794160856
CU--IN,CU,IN,13878.184236572213
CU--IQ,CU,IQ,11595.995418972097
CU--IR,CU,IR,11887.383412174817
CU--IS,CU,IS,6290.769646145785
CU--IT,CU,IT,8710.643914268696
CU--JO,CU,JO,11062.620696411594
CU--JP,CU,JP,12135.397535782979
CU--KE,CU,KE,13044.065808083158
CU--KH,CU,KH,16087.134010682885
CU--KR,CU,KR,12619.638675207516
CU--KW,CU,KW,12142.861596599532
CU--LA,CU,LA,15425.73202232864
CU--LB,CU,LB,10908.08607222061
CU--MA,CU,MA,7326.780220453174
CU--MG,CU,MG,14825.711215027899
CU--MN,CU,MN,12080.903287707839
CU--MR,CU,MR,6885.613195458208
CU--MX,CU,MX,1785.9571525739616
CU--MY,CU,MY,17061.620354567873
CU--MZ,CU,MZ,13501.118770054703
CU--NA,CU,NA,11884.975077196752
CU--NG,CU,NG,9613.284642989369
CU--NL,CU,NL,7825.276928966578
CU--NO,CU,NO,7978.480283871845
CU--NP,CU,NP,14225.272313625146
CU--NZ,CU,NZ,12714.607990582293
CU--OM,CU,OM,13340.164240085212
CU--PA,CU,PA,1596.2643655202978
CU--PE,CU,PE,3934.4158820381067
CU--PG,CU,PG,14552.434314558746
CU--PH,CU,PH,15124.05178168228
CU--PK,CU,PK,13204.575340376712
CU--PL,CU,PL,8866.37638094493
CU--PT,CU,PT,7024.899094820372
CU--QA,CU,QA,12708.773230025197
CU--RO,CU,RO,9596.958362035994
CU--RS,CU,RS,9180.026087871724
CU--RU,CU,RU,9602.60992795965
CU--RW,CU,RW,12392.33783480017
CU--SA,CU,SA,12397.901320424366
CU--SB,CU,SB,13249.897905659413
CU--SE,CU,SE,8392.135984403452
CU--SG,CU,SG,17220.373083146624
CU--SN,CU,SN,6847.264858074438
CU--TH,CU,TH,15911.790503155547
CU--TN,CU,TN,8722.822919824866
CU--TO,CU,TO,11189.622381370742
CU--TR,CU,TR,10334.401055829168
CU--TZ,CU,TZ,13158.601100570939
CU--UA,CU,UA,9545.463502184723
CU--UG,CU,UG,12542.522429406436
CU--US,CU,US,1820.478074230177
CU--UY,CU,UY,6989.16756341842
CU--UZ,CU,UZ,12296.207799402298
CU--VN,CU,VN,15037.99056893706
CU--VU,CU,VU,12700.471135550662
CU--WS,CU,WS,10547.589564933518
CU--ZA,CU,ZA,13069.069206550734
CU--ZM,CU,ZM,12754.860740533708
CU--ZW,CU,ZW,13116.993778130309
CZ--DE,CZ,DE,281.25460793294064
CZ--DJ,CZ,DJ,5010.131497473566
CZ--DK,CZ,DK,635.6285757967121
CZ--DZ,CZ,DZ,1740.398395322015
CZ--EC,CZ,EC,10239.165178674322
CZ--EG,CZ,EG,2631.811240689773
CZ--ES,CZ,ES,1777.7439106349036
CZ--ET,CZ,ET,5072.591792644139
CZ--FI,CZ,FI,1303.4538073242334
CZ--FJ,CZ,FJ,16184.843306544612
CZ--FR,CZ,FR,888.5874532933881
CZ--GB,CZ,GB,1038.420479419676
CZ--GH,CZ,GH,5124.356934898104
CZ--GR,CZ,GR,1533.3027675456394
CZ--GT,CZ,GT,9809.339884247407
CZ--HU,CZ,HU,444.4004334017189
CZ--IE,CZ,IE,1471.0138428260452
CZ--IN,CZ,IN,5714.375857339369
CZ--IQ,CZ,IQ,3073.8912237874615
CZ--IR,CZ,IR,3370.2749747957737
CZ--IS,CZ,IS,2646.836137034245
CZ--IT,CZ,IT,922.81731414167
CZ--JO,CZ,JO,2685.066791422576
CZ--JP,CZ,JP,9093.904083837317
CZ--KE,CZ,KE,6078.608661213037
CZ--KH,CZ,KH,9064.990904426817
CZ--KR,CZ,KR,8268.771620571217
CZ--KW,CZ,KW,3628.6735799694297
CZ--LA,CZ,LA,8366.084120277743
CZ--LB,CZ,LB,2489.7118870976124
CZ--MA,CZ,MA,2490.884555240168
CZ--MG,CZ,MG,8305.359246456675
CZ--MN,CZ,MN,6309.559482680302
CZ--MR,CZ,MR,4465.037387988085
CZ--MX,CZ,MX,9939.588909082737
CZ--MY,CZ,MY,9542.677702814866
CZ--MZ,CZ,MZ,8610.557838563356
CZ--NA,CZ,NA,8051.414146046926
CZ--NG,CZ,NG,4590.75887459047
CZ--NL,CZ,NL,712.5813811678398
CZ--NO,CZ,NO,1119.755523650248
CZ--NP,CZ,NP,6361.313995681314
CZ--NZ,CZ,NZ,18206.277156614095
CZ--OM,CZ,OM,4804.65729474266
CZ--PA,CZ,PA,9534.130280768832
CZ--PE,CZ,PE,11133.700184690664
CZ--PG,CZ,PG,13763.416223806144
CZ--PH,CZ,PH,9912.300466126479
CZ--PK,CZ,PK,5052.154825218318
CZ--PL,CZ,PL,516.4122231271565
CZ--PT,CZ,PT,2249.7437527457655
CZ--QA,CZ,QA,4201.506179515637
CZ--RO,CZ,RO,1079.632781114391
CZ--RS,CZ,RS,739.3973948981874
CZ--RU,CZ,RU,1670.054973993663
CZ--RW,CZ,RW,5956.031182107891
CZ--SA,CZ,SA,3963.3352618214453
CZ--SB,CZ,SB,14496.65257626379
CZ--SE,CZ,SE,1057.4323562664963
CZ--SG,CZ,SG,9855.56490060072
CZ--SN,CZ,SN,4868.038182971702
CZ--TH,CZ,TH,8568.319801754782
CZ--TN,CZ,TN,1515.2488473033532
CZ--TO,CZ,TO,16682.120131729836
CZ--TR,CZ,TR,1829.3676325290894
CZ--TZ,CZ,TZ,6564.1840398228405
CZ--UA,CZ,UA,1142.9732668171036
CZ--UG,CZ,UG,5777.882719028468
CZ--US,CZ,US,6916.992757048032
CZ--UY,CZ,UY,11685.826919421019
CZ--UZ,CZ,UZ,4278.413271949718
CZ--VN,CZ,VN,8339.073800223052
CZ--VU,CZ,VU,15729.801164348504
CZ--WS,CZ,WS,15945.440571727107
CZ--ZA,CZ,ZA,8504.12581474295
CZ--ZM,CZ,ZM,7380.861533037157
CZ--ZW,CZ,ZW,7695.829036793013
DE--DJ,DE,DJ,5262.374004710098
DE--DK,DE,DK,355.6110721773137
DE--DZ,DE,DZ,1929.5842635808192
DE--EC,DE,EC,10155.929980214523
DE--EG,DE,EG,2891.4189080361066
DE--ES,DE,ES,1871.7316834419983
DE--ET,DE,ET,5338.017839459692
DE--FI,DE,FI,1107.9778488106122
DE--FJ,DE,FJ,15973.080004981164
DE--FR,DE,FR,880.1220118488678
DE--GB,DE,GB,933.6780131656095
DE--GH,DE,GH,5355.487752609555
DE--GR,DE,GR,1803.6456298841938
DE--GT,DE,GT,9645.228083144855
DE--HU,DE,HU,690.808050498271
DE--IE,DE,IE,1320.3125485216271
DE--IN,DE,IN,5791.273241523696
DE--IQ,DE,IQ,3263.7842403722684
DE--IR,DE,IR,3514.493249461618
DE--IS,DE,IS,2395.114524822388
DE--IT,DE,IT,1183.3475090566692
DE--JO,DE,JO,2920.6203560228723
DE--JP,DE,JP,8941.116372895822
DE--KE,DE,KE,6352.944306361189
DE--KH,DE,KH,9099.966412008669
DE--KR,DE,KR,8148.703873526628
DE--KW,DE,KW,3820.3353699711474
DE--LA,DE,LA,8389.303700311406
DE--LB,DE,LB,2719.964735235238
DE--MA,DE,MA,2611.9809662547964
DE--MG,DE,MG,8573.70478297859
DE--MN,DE,MN,6208.810532470315
DE--MR,DE,MR,4597.162189355546
DE--MX,DE,MX,9740.126910212532
DE--MY,DE,MY,9615.08570758263
DE--MZ,DE,MZ,8891.673508625014
DE--NA,DE,NA,8326.250387581526
DE--NG,DE,NG,4846.239230895395
DE--NL,DE,NL,577.0085813772484
DE--NO,DE,NO,839.4791498459016
DE--NP,DE,NP,6412.235548972602
DE--NZ,DE,NZ,18133.546853189033
DE--OM,DE,OM,4974.037962957967
DE--PA,DE,PA,9420.904219584527
DE--PE,DE,PE,11091.52456248637
DE--PG,DE,PG,13688.346093644104
DE--PH,DE,PH,9877.59768324053
DE--PK,DE,PK,5120.406237354785
DE--PL,DE,PL,517.9674462482383
DE--PT,DE,PT,2315.454518326916
DE--QA,DE,QA,4393.59766614639
DE--RO,DE,RO,1296.6216634805232
DE--RS,DE,RS,1001.2346356418717
DE--RU,DE,RU,1613.9333205348753
DE--RW,DE,RW,6236.389437169308
DE--SA,DE,SA,4176.916396262325
DE--SB,DE,SB,14360.042010757361
DE--SE,DE,SE,814.5045168029693
DE--SG,DE,SG,9925.538516503066
DE--SN,DE,SN,5002.201564734814
DE--TH,DE,TH,8612.78119439707
DE--TN,DE,TN,1765.104076117606
DE--TO,DE,TO,16443.433494193185
DE--TR,DE,TR,2040.6210846007348
DE--TZ,DE,TZ,6841.237574953327
DE--UA,DE,UA,1208.4684314926021
DE--UG,DE,UG,6056.219858199785
DE--US,DE,US,6726.290515021435
DE--UY,DE,UY,11787.751702305042
DE--UZ,DE,UZ,4317.165064207111
DE--VN,DE,VN,8340.425219517292
DE--VU,DE,VU,15571.41360765544
DE--WS,DE,WS,15689.058160203838
DE--ZA,DE,ZA,8785.190433813566
DE--ZM,DE,ZM,7662.112215775224
DE--ZW,DE,ZW,7976.9082366040275
DJ--DK,DJ,DK,5563.450836145439
DJ--DZ,DJ,DZ,4880.700674022366
DJ--EC,DJ,EC,13467.128182470515
DJ--EG,DJ,EG,2385.5440025869048
DJ--ES,DJ,ES,5577.98240677467
DJ--ET,DJ,ET,563.6385329784034
DJ--FI,DJ,FI,5597.38417252403
DJ--FJ,DJ,FJ,15180.520325457326
DJ--FR,DJ,FR,5586.927340008137
DJ--GB,DJ,GB,5893.483921171655
DJ--GH,DJ,GH,4815.509808110533
DJ--GR,DJ,GR,3504.693546853235
DJ--GT,DJ,GT,14154.19533147342
DJ--HU,DJ,HU,4572.722355105423
DJ--IE,DJ,IE,6356.472515912526
DJ--IN,DJ,IN,4006.219196269734
DJ--IQ,DJ,IQ,2411.576298571018
DJ--IR,DJ,IR,2794.511715311434
DJ--IS,DJ,IS,7656.183871562711
DJ--IT,DJ,IT,4488.595775787954
DJ--JO,DJ,JO,2372.741269592013
DJ--JP,DJ,JP,9855.320216815546
DJ--KE,DJ,KE,1587.024938597451
DJ--KH,DJ,KH,6722.1672505402785
DJ--KR,DJ,KR,8696.886277913123
DJ--KW,DJ,KW,2030.8981419619486
DJ--LA,DJ,LA,6414.5642240223815
DJ--LB,DJ,LB,2586.875457339197
DJ--MA,DJ,MA,5631.3668857963985
DJ--MG,DJ,MG,3408.376081073256
DJ--MN,DJ,MN,7111.939249019597
DJ--MR,DJ,MR,6379.217778551678
DJ--MX,DJ,MX,14647.816214863233
DJ--MY,DJ,MY,6519.654749252713
DJ--MZ,DJ,MZ,4308.674219771922
DJ--NA,DJ,NA,4729.485867346799
DJ--NG,DJ,NG,3908.27915327782
DJ--NL,DJ,NL,5667.228205834269
DJ--NO,DJ,NO,5992.0765318568165
DJ--NP,DJ,NP,4738.757954260722
DJ--NZ,DJ,NZ,14286.227514669154
DJ--OM,DJ,OM,2107.7244409985447
DJ--PA,DJ,PA,13294.11307413061
DJ--PE,DJ,PE,13532.7023202281
DJ--PG,DJ,PG,11743.550023579086
DJ--PH,DJ,PH,8405.241707130703
DJ--PK,DJ,PK,3911.3560976203175
DJ--PL,DJ,PL,4928.894075492878
DJ--PT,DJ,PT,5964.362975641131
DJ--QA,DJ,QA,1753.9280796742596
DJ--RO,DJ,RO,3988.8970948196275
DJ--RS,DJ,RS,4271.1150298280145
DJ--RU,DJ,RU,4922.51039127731
DJ--RW,DJ,RW,2083.86027986952
DJ--SA,DJ,SA,1493.9467269400411
DJ--SB,DJ,SB,13127.742542739323
DJ--SE,DJ,SE,5695.58598778862
DJ--SG,DJ,SG,6797.444640414608
DJ--SN,DJ,SN,6562.9033948870965
DJ--TH,DJ,TH,6221.744353370386
DJ--TN,DJ,TN,4320.613829922978
DJ--TO,DJ,TO,15811.45900651357
DJ--TR,DJ,TR,3298.8778578050433
DJ--TZ,DJ,TZ,2129.914023191541
DJ--UA,DJ,UA,4459.223559065528
DJ--UG,DJ,UG,1708.6179450769398
DJ--US,DJ,US,11676.751553647211
DJ--UY,DJ,UY,11586.892813699693
DJ--UZ,DJ,UZ,4165.299113377261
DJ--VN,DJ,VN,6742.434966863876
DJ--VU,DJ,VU,14108.364002395594
DJ--WS,DJ,WS,16241.777083899611
DJ--ZA,DJ,ZA,4432.136676457311
DJ--ZM,DJ,ZM,3407.0774478219923
DJ--ZW,DJ,ZW,3514.504799606077
DK--DZ,DK,DZ,2222.0965913026544
DK--EC,DK,EC,10093.660966388836
DK--EG,DK,EG,3207.329699226604
DK--ES,DK,ES,2075.334024032045
DK--ET,DK,ET,5658.946647751155
DK--FI,DK,FI,885.5536113660858
DK--FJ,DK,FJ,15670.62407911979
DK--FR,DK,FR,1028.5162528846731
DK--GB,DK,GB,957.7972582089521
DK--GH,DK,GH,5674.367732104929
DK--GR,DK,GR,2137.5042817193626
DK--GT,DK,GT,9476.317289126933
DK--HU,DK,HU,1014.8910077930082
DK--IE,DK,IE,1242.09958731173
DK--IN,DK,IN,5858.219645220509
DK--IQ,DK,IQ,3488.1969003952
DK--IR,DK,IR,3679.881489759166
DK--IS,DK,IS,2113.4996282484603
DK--IT,DK,IT,1532.7057868729892
DK--JO,DK,JO,3204.6967649035714
DK--JP,DK,JP,8714.001331948875
DK--KE,DK,KE,6688.348221715178
DK--KH,DK,KH,9102.265955319388
DK--KR,DK,KR,7961.867597862527
DK--KW,DK,KW,4043.794781569017
DK--LA,DK,LA,8378.72797137837
DK--LB,DK,LB,2998.3645161237164
DK--MA,DK,MA,2831.810448801604
DK--MG,DK,MG,8897.593383913174
DK--MN,DK,MN,6050.727077411702
DK--MR,DK,MR,4815.61683324518
DK--MX,DK,MX,9521.79596447135
DK--MY,DK,MY,9664.003448343146
DK--MZ,DK,MZ,9242.960590860997
DK--NA,DK,NA,8680.52835091602
DK--NG,DK,NG,5187.209035774714
DK--NL,DK,NL,622.7356727209979
DK--NO,DK,NO,484.1303081437072
DK--NP,DK,NP,6443.487412721989
DK--NZ,DK,NZ,17952.28436880554
DK--OM,DK,OM,5163.63756298397
DK--PA,DK,PA,9321.129519912505
DK--PE,DK,PE,11079.590712292826
DK--PG,DK,PG,13541.487128213237
DK--PH,DK,PH,9790.318697808207
DK--PK,DK,PK,5179.465966475824
DK--PL,DK,PL,671.7260476633663
DK--PT,DK,PT,2480.3145222311273
DK--QA,DK,QA,4615.049997950981
DK--RO,DK,RO,1576.5695357895868
DK--RS,DK,RS,1331.0394355715875
DK--RU,DK,RU,1565.876276281649
DK--RW,DK,RW,6584.875147611195
DK--SA,DK,SA,4427.300995581456
DK--SB,DK,SB,14140.407544674648
DK--SE,DK,SE,526.1714298010219
DK--SG,DK,SG,9970.461867157537
DK--SN,DK,SN,5221.350182776359
DK--TH,DK,TH,8628.57561264998
DK--TN,DK,TN,2106.080025262678
DK--TO,DK,TO,16115.442300724219
DK--TR,DK,TR,2301.7792539265774
DK--TZ,DK,TZ,7181.772847572228
DK--UA,DK,UA,1332.5504118595684
DK--UG,DK,UG,6399.665678270035
DK--US,DK,US,6526.325446276901
DK--UY,DK,UY,11952.963675539959
DK--UZ,DK,UZ,4343.657316041292
DK--VN,DK,VN,8302.384970717283
DK--VU,DK,VU,15324.193649277911
DK--WS,DK,WS,15347.08545933894
DK--ZA,DK,ZA,9139.410815693662
DK--ZM,DK,ZM,8015.206659660327
DK--ZW,DK,ZW,8328.0243796912
DZ--EC,DZ,EC,9273.42955155682
DZ--EG,DZ,EG,2715.5414954485536
DZ--ES,DZ,ES,711.8772255887199
DZ--ET,DZ,ET,4726.061150528088
DZ--FI,DZ,FI,3033.2458162220696
DZ--FJ,DZ,FJ,17891.524863416074
DZ--FR,DZ,FR,1345.8479224292655
DZ--GB,DZ,GB,1656.5822446092477
DZ--GH,DZ,GH,3472.5242188720927
DZ--GR,DZ,GR,1833.1443937842616
DZ--GT,DZ,GT,9364.474567510873
DZ--HU,DZ,HU,1776.628923962432
DZ--IE,DZ,IE,1977.8801409363282
DZ--IN,DZ,IN,6841.71964982002
DZ--IQ,DZ,IQ,3761.6515699271363
DZ--IR,DZ,IR,4303.843449131348
DZ--IS,DZ,IS,3474.501211291584
DZ--IT,DZ,IT,992.0972539136368
DZ--JO,DZ,JO,3056.372803474376
DZ--JP,DZ,JP,10825.062201744677
DZ--KE,DZ,KE,5468.388996259568
DZ--KH,DZ,KH,10284.883917345715
DZ--KR,DZ,KR,9964.003557283175
DZ--KW,DZ,KW,4235.439679118757
DZ--LA,DZ,LA,9651.466204102782
DZ--LB,DZ,LB,2954.7817789685196
DZ--MA,DZ,MA,947.5149821768754
DZ--MG,DZ,MG,7732.1835596880965
DZ--MN,DZ,MN,7982.06609542432
DZ--MR,DZ,MR,2785.467098997486
DZ--MX,DZ,MX,9769.285470457762
DZ--MY,DZ,MY,10572.290569185669
DZ--MZ,DZ,MZ,7601.58866418694
DZ--NA,DZ,NA,6730.898039749801
DZ--NG,DZ,NG,3099.0147228469714
DZ--NL,DZ,NL,1738.248506848775
DZ--NO,DZ,NO,2632.9504054733866
DZ--NP,DZ,NP,7581.479181116533
DZ--NZ,DZ,NZ,19142.8906277313
DZ--OM,DZ,OM,5465.979886221357
DZ--PA,DZ,PA,8762.377481523485
DZ--PE,DZ,PE,9941.552381823174
DZ--PG,DZ,PG,15312.066186579557
DZ--PH,DZ,PH,11385.615764278304
DZ--PK,DZ,PK,6243.845068536664
DZ--PL,DZ,PL,2223.061077794254
DZ--PT,DZ,PT,1095.7494836242417
DZ--QA,DZ,QA,4747.81084841156
DZ--RO,DZ,RO,2119.314983009627
DZ--RS,DZ,RS,1715.3670498486936
DZ--RU,DZ,RU,3341.3300109822576
DZ--RW,DZ,RW,5116.794993471336
DZ--SA,DZ,SA,4356.927852945174
DZ--SB,DZ,SB,16195.241734283643
DZ--SE,DZ,SE,2735.695299839689
DZ--SG,DZ,SG,10888.595168568347
DZ--SN,DZ,SN,3179.4676163160534
DZ--TH,DZ,TH,9758.062670903257
DZ--TN,DZ,TN,636.4067113953702
DZ--TO,DZ,TO,18264.039353280205
DZ--TR,DZ,TR,2617.4508653785942
DZ--TZ,DZ,TZ,5847.445411357088
DZ--UA,DZ,UA,2663.2115945563396
DZ--UG,DZ,UG,5053.359177259598
DZ--US,DZ,US,6808.566447806581
DZ--UY,DZ,UY,10021.761700936302
DZ--UZ,DZ,UZ,5616.8423790046545
DZ--VN,DZ,VN,9710.302297086428
DZ--VU,DZ,VU,17455.08513155299
DZ--WS,DZ,WS,17412.883057418534
DZ--ZA,DZ,ZA,7401.6582042116315
DZ--ZM,DZ,ZM,6354.266381974583
DZ--ZW,DZ,ZW,6719.264309387912
EC--EG,EC,EG,11921.29749338797
EC--ES,EC,ES,8744.493879971977
EC--ET,EC,ET,13009.894295236707
EC--FI,EC,FI,10766.972938127406
EC--FJ,EC,FJ,11390.06124649074
EC--FR,EC,FR,9356.099726494382
EC--GB,EC,GB,9223.660081294693
EC--GH,EC,GH,8722.788375864173
EC--GR,EC,GR,11098.488501351112
EC--GT,EC,GT,2108.654125122156
EC--HU,EC,HU,10597.420143623656
EC--IE,EC,IE,8856.7321224618
EC--IN,EC,IN,15946.975034339017
EC--IQ,EC,IQ,13033.480566997101
EC--IR,EC,IR,13528.885384789817
EC--IS,EC,IS,8473.98660234795
EC--IT,EC,IT,10108.591735901797
EC--JO,EC,JO,12316.052776089125
EC--JP,EC,JP,14443.41027241777
EC--KE,EC,KE,12835.633482743842
EC--KH,EC,KH,18696.94253631968
EC--KR,EC,KR,15117.005996380947
EC--KW,EC,KW,13503.187281712011
EC--LA,EC,LA,18036.61003561346
EC--LB,EC,LB,12227.059309516306
EC--MA,EC,MA,8342.73823891513
EC--MG,EC,MG,13770.662076120137
EC--MN,EC,MN,14692.444843600993
EC--MR,EC,MR,7128.44283294783
EC--MX,EC,MX,3130.5239813665785
EC--MY,EC,MY,19676.489497747305
EC--MZ,EC,MZ,12106.97224410608
EC--NA,EC,NA,10581.520660810209
EC--NG,EC,NG,9586.003805156184
EC--NL,EC,NL,9578.921669493722
EC--NO,EC,NO,9984.620111587343
EC--NP,EC,NP,16511.258148667985
EC--NZ,EC,NZ,11386.291413396459
EC--OM,EC,OM,14721.75622766566
EC--PA,EC,PA,1021.9236874051794
EC--PE,EC,PE,1318.3930066843552
EC--PG,EC,PG,14860.747037631605
EC--PH,EC,PH,17354.038480459047
EC--PK,EC,PK,15272.182699072811
EC--PL,EC,PL,10673.784107246698
EC--PT,EC,PT,8247.329989208523
EC--QA,EC,QA,13987.869999260492
EC--RO,EC,RO,11183.190616761465
EC--RS,EC,RS,10734.874880768395
EC--RU,EC,RU,11626.852899691723
EC--RW,EC,RW,12082.792854088186
EC--SA,EC,SA,13552.646045047662
EC--SB,EC,SB,13472.966500863207
EC--SE,EC,SE,10401.276617749345
EC--SG,EC,SG,19742.188066492825
EC--SN,EC,SN,6913.506263228046
EC--TH,EC,TH,18502.833475620217
EC--TN,EC,TN,9909.190555404446
EC--TO,EC,TO,10705.70168574737
EC--TR,EC,TR,11835.304340880773
EC--TZ,EC,TZ,12698.840269254388
EC--UA,EC,UA,11362.99989137086
EC--UG,EC,UG,12365.829490749245
EC--US,EC,US,4333.803838429841
EC--UY,EC,UY,4482.970019807634
EC--UZ,EC,UZ,14425.473507290948
EC--VN,EC,VN,17653.687315428015
EC--VU,EC,VU,12461.268368013227
EC--WS,EC,WS,10362.060598009772
EC--ZA,EC,ZA,11679.270923243872
EC--ZM,EC,ZM,11810.606319065644
EC--ZW,EC,ZW,12077.501938409972
EG--ES,EG,ES,3355.0785607140415
EG--ET,EG,ET,2452.617953664222
EG--FI,EG,FI,3381.1971957220794
EG--FJ,EG,FJ,16456.426551141787
EG--FR,EG,FR,3214.633946258294
EG--GB,EG,GB,3513.224272125026
EG--GH,EG,GH,4270.0929109249555
EG--GR,EG,GR,1119.9840833129142
EG--GT,EG,GT,12063.215446316324
EG--HU,EG,HU,2200.7431236054504
EG--IE,EG,IE,3977.148840771521
EG--IN,EG,IN,4435.964091411309
EG--IQ,EG,IQ,1297.266875022625
EG--IR,EG,IR,1984.1670599707793
EG--IS,EG,IS,5278.186818323825
EG--IT,EG,IT,2134.7872271725983
EG--JO,EG,JO,494.32707408421885
EG--JP,EG,JP,9586.616311745503
EG--KE,EG,KE,3517.610461321371
EG--KH,EG,KH,7814.5617592343015
EG--KR,EG,KR,8503.339014259222
EG--KW,EG,KW,1619.015077027488
EG--LA,EG,LA,7272.6053029547575
EG--LB,EG,LB,584.47635732564
EG--MA,EG,MA,3603.4430310091693
EG--MG,EG,MG,5691.968127954924
EG--MN,EG,MN,6572.075909101881
EG--MR,EG,MR,4945.20863816587
EG--MX,EG,MX,12386.314913876035
EG--MY,EG,MY,7957.843206792961
EG--MZ,EG,MZ,6199.177474706413
EG--NA,EG,NA,6016.843830308632
EG--NG,EG,NG,3387.4680508755546
EG--NL,EG,NL,3281.685911866004
EG--NO,EG,NO,3657.274374511535
EG--NP,EG,NP,5230.8283028750475
EG--NZ,EG,NZ,16524.182617665698
EG--OM,EG,OM,2802.585102734552
EG--PA,EG,PA,11469.05037626713
EG--PE,EG,PE,12429.606272791647
EG--PG,EG,PG,13030.990490856027
EG--PH,EG,PH,9188.405775476658
EG--PK,EG,PK,3959.781346765724
EG--PL,EG,PL,2605.2551344227354
EG--PT,EG,PT,3804.4459470065553
EG--QA,EG,QA,2066.5991917494757
EG--RO,EG,RO,1659.5155547159025
EG--RS,EG,RS,1892.7024901687175
EG--RU,EG,RU,2899.390144089835
EG--RW,EG,RW,3543.926875509804
EG--SA,EG,SA,1646.868560351307
EG--SB,EG,SB,14245.183976903041
EG--SE,EG,SE,3404.607659449505
EG--SG,EG,SG,8269.808521932006
EG--SN,EG,SN,5253.120694234128
EG--TH,EG,TH,7278.235334714449
EG--TN,EG,TN,2091.9389961862353
EG--TO,EG,TO,17199.616226949714
EG--TR,EG,TR,1105.6067845732575
EG--TZ,EG,TZ,4038.353951938408
EG--UA,EG,UA,2264.232150700553
EG--UG,EG,UG,3293.6698543014068
EG--US,EG,US,9366.819693047106
EG--UY,EG,UY,11635.30194591072
EG--UZ,EG,UZ,3629.3719422803106
EG--VN,EG,VN,7437.521764642192
EG--VU,EG,VU,15478.55030208133
EG--WS,EG,WS,17056.406945181367
EG--ZA,EG,ZA,6178.42759423283
EG--ZM,EG,ZM,5040.806478740903
EG--ZW,EG,ZW,5296.51277194908
ES--ET,ES,ET,5435.390315315712
ES--FI,ES,FI,2953.7168515011904
ES--FJ,ES,FJ,17527.210746850342
ES--FR,ES,FR,1054.2206353287124
ES--GB,ES,GB,1263.9687927349041
ES--GH,ES,GH,3875.784925520151
ES--GR,ES,GR,2374.062233299252
ES--GT,ES,GT,8708.239037590947
ES--HU,ES,HU,1981.0604444178148
ES--IE,ES,IE,1450.734830739179
ES--IN,ES,IN,7287.614249142348
ES--IQ,ES,IQ,4303.910818056646
ES--IR,ES,IR,4787.909984169593
ES--IS,ES,IS,2897.058257257808
ES--IT,ES,IT,1365.1557413989822
ES--JO,ES,JO,3652.3822060412035
ES--JP,ES,JP,10789.251153816349
ES--KE,ES,KE,6176.5987043900495
ES--KH,ES,KH,10711.190060704843
ES--KR,ES,KR,10019.900842150517
ES--KW,ES,KW,4807.416117678433
ES--LA,ES,LA,10043.35932210736
ES--LB,ES,LB,3526.90188310607
ES--MA,ES,MA,760.8123052479816
ES--MG,ES,MG,8436.90638698471
ES--MN,ES,MN,8077.8490625462155
ES--MR,ES,MR,2740.343201179456
ES--MX,ES,MX,9078.13985240458
ES--MY,ES,MY,11077.974673965115
ES--MZ,ES,MZ,8250.042843932693
ES--NA,ES,NA,7296.172308566339
ES--NG,ES,NG,3642.923695107211
ES--NL,ES,NL,1481.542258526469
ES--NO,ES,NO,2391.208799044871
ES--NP,ES,NP,7993.666046350147
ES--NZ,ES,NZ,19851.726976157825
ES--OM,ES,OM,6042.341631336514
ES--PA,ES,PA,8172.567904624895
ES--PE,ES,PE,9503.708312480001
ES--PG,ES,PG,15540.973209283286
ES--PH,ES,PH,11671.011912853837
ES--PK,ES,PK,6659.012517572479
ES--PL,ES,PL,2294.1560974438808
ES--PT,ES,PT,504.8178933567692
ES--QA,ES,QA,5341.715362419825
ES--RO,ES,RO,2477.663022993092
ES--RS,ES,RS,2033.2973948053755
ES--RU,ES,RU,3447.7208209357696
ES--RW,ES,RW,5808.8471126789755
ES--SA,ES,SA,4976.67214260894
ES--SB,ES,SB,16215.727105652555
ES--SE,ES,SE,2599.80340123646
ES--SG,ES,SG,11394.820059047039
ES--SN,ES,SN,3146.0652951641023
ES--TH,ES,TH,10195.38770323311
ES--TN,ES,TN,1270.4932348178631
ES--TO,ES,TO,17725.44707534172
ES--TR,ES,TR,3091.375943481574
ES--TZ,ES,TZ,6547.695065885699
ES--UA,ES,UA,2867.9152687436067
ES--UG,ES,UG,5756.275015322319
ES--US,ES,US,6103.59738093071
ES--UY,ES,UY,9917.855426794064
ES--UZ,ES,UZ,5960.026684129311
ES--VN,ES,VN,10056.382163469798
ES--VU,ES,VU,17378.37724100668
ES--WS,ES,WS,16841.943249001237
ES--ZA,ES,ZA,8029.9477888894835
ES--ZM,ES,ZM,7008.120533509988
ES--ZW,ES,ZW,7380.25888000567
ET--FI,ET,FI,5790.019542298963
ET--FJ,ET,FJ,15572.54742661621
ET--FR,ET,FR,5564.644582105378
ET--GB,ET,GB,5886.122685458142
ET--GH,ET,GH,4312.516347158949
ET--GR,ET,GR,3541.0060008455616
ET--GT,ET,GT,13846.317125088617
ET--HU,ET,HU,4648.776628884084
ET--IE,ET,IE,6342.812754122806
ET--IN,ET,IN,4568.968215495237
ET--IQ,ET,IQ,2754.1573784833126
ET--IR,ET,IR,3220.792363720454
ET--IS,ET,IS,7710.516782360307
ET--IT,ET,IT,4456.489579759943
ET--JO,ET,JO,2553.4284598416657
ET--JP,ET,JP,10415.439814966736
ET--KE,ET,KE,1159.806608820494
ET--KH,ET,KH,7243.224479021559
ET--KR,ET,KR,9256.901270317068
ET--KW,ET,KW,2450.8346622480844
ET--LA,ET,LA,6958.159835754651
ET--LB,ET,LB,2769.8783313746626
ET--MA,ET,MA,5405.302959239058
ET--MG,ET,MG,3239.351243248947
ET--MN,ET,MN,7648.629399405013
ET--MR,ET,MR,5981.189570223431
ET--MX,ET,MX,14431.004638352826
ET--MY,ET,MY,6996.0854221014015
ET--MZ,ET,MZ,3926.95120365546
ET--NA,ET,NA,4216.607341198862
ET--NG,ET,NG,3425.380993916935
ET--NL,ET,NL,5692.490720486377
ET--NO,ET,NO,6109.632738802692
ET--NP,ET,NP,5302.269488847692
ET--NZ,ET,NZ,14423.0253472428
ET--OM,ET,OM,2662.3993645946325
ET--PA,ET,PA,12903.886295266064
ET--PE,ET,PE,13010.580677525299
ET--PG,ET,PG,12194.499116850557
ET--PH,ET,PH,8943.42800028437
ET--PK,ET,PK,4460.31441309416
ET--PL,ET,PL,5054.603703831145
ET--PT,ET,PT,5784.177787414981
ET--QA,ET,QA,2254.580838786307
ET--RO,ET,RO,4107.394045634975
ET--RS,ET,RS,4336.859990056327
ET--RU,ET,RU,5182.912971370709
ET--RW,ET,RW,1547.482566455382
ET--SA,ET,SA,1928.2054708788808
ET--SB,ET,SB,13588.775283791607
ET--SE,ET,SE,5846.588012893221
ET--SG,ET,SG,7265.102216993072
ET--SN,ET,SN,6138.121973536205
ET--TH,ET,TH,6750.299737881846
ET--TN,ET,TN,4210.593813018569
ET--TO,ET,TO,16157.80668084424
ET--TR,ET,TR,3471.2514729888712
ET--TZ,ET,TZ,1714.3873971546066
ET--UA,ET,UA,4651.905379290357
ET--UG,ET,UG,1178.4774078311789
ET--US,ET,US,11530.640207862776
ET--UY,ET,UY,11024.296078477717
ET--UZ,ET,UZ,4672.665543973437
ET--VN,ET,VN,7294.24449951952
ET--VU,ET,VU,14509.16703902389
ET--WS,ET,WS,16674.277788521336
ET--ZA,ET,ZA,4007.191456170527
ET--ZM,ET,ZM,2937.9849591476213
ET--ZW,ET,ZW,3086.741465951652
FI--FJ,FI,FJ,14881.524051042496
FI--FR,FI,FR,1913.0642944778042
FI--GB,FI,GB,1825.9330131984918
FI--GH,FI,GH,6421.808628793435
FI--GR,FI,GR,2469.446523502244
FI--GT,FI,GT,9941.438532779184
FI--HU,FI,HU,1461.0199542937414
FI--IE,FI,IE,2030.195609863837
FI--IN,FI,IN,5227.813402791738
FI--IQ,FI,IQ,3304.383097251526
FI--IR,FI,IR,3319.739999711777
FI--IS,FI,IS,2424.6887604632257
FI--IT,FI,IT,2204.4886323251985
FI--JO,FI,JO,3240.805298746483
FI--JP,FI,JP,7840.181225242526
FI--KE,FI,KE,6893.053879094669
FI--KH,FI,KH,8345.318416726783
FI--KR,FI,KR,7076.449214426985
FI--KW,FI,KW,3834.2391899680447
FI--LA,FI,LA,7608.723707888943
FI--LB,FI,LB,3024.0301759445492
FI--MA,FI,MA,3705.568629466575
FI--MG,FI,MG,9000.879836150667
FI--MN,FI,MN,5168.787189300849
FI--MR,FI,MR,5691.630963999372
FI--MX,FI,MX,9855.858846180436
FI--MY,FI,MY,8971.024211314423
FI--MZ,FI,MZ,9571.129430471336
FI--NA,FI,NA,9198.5762078338
FI--NG,FI,NG,5852.2306591964625
FI--NL,FI,NL,1506.1678883392688
FI--NO,FI,NO,789.3307636306301
FI--NP,FI,NP,5745.497641830409
FI--NZ,FI,NZ,17068.725016057746
FI--OM,FI,OM,4823.740914937894
FI--PA,FI,PA,9934.218601915914
FI--PE,FI,PE,11822.926389926623
FI--PG,FI,PG,12659.029661015238
FI--PH,FI,PH,8939.979930604915
FI--PK,FI,PK,4543.885658949807
FI--PL,FI,PL,915.2000736428832
FI--PT,FI,PT,3365.791975654019
FI--QA,FI,QA,4381.191084918946
FI--RO,FI,RO,1753.3915174300232
FI--RS,FI,RS,1734.5688541400311
FI--RU,FI,RU,895.568901558974
FI--RW,FI,RW,6904.0656272950655
FI--SA,FI,SA,4292.210711697853
FI--SB,FI,SB,13264.415027330946
FI--SE,FI,SE,394.8329300638056
FI--SG,FI,SG,9269.41231436185
FI--SN,FI,SN,6097.2656329221945
FI--TH,FI,TH,7892.355050494185
FI--TN,FI,TN,2803.698012116615
FI--TO,FI,TO,15389.015553988162
FI--TR,FI,TR,2318.7683066331742
FI--TZ,FI,TZ,7418.969801469933
FI--UA,FI,UA,1140.0561693095046
FI--UG,FI,UG,6671.384628440318
FI--US,FI,US,6946.711977616074
FI--UY,FI,UY,12837.214508487843
FI--UZ,FI,UZ,3664.130434607551
FI--VN,FI,VN,7500.56964538643
FI--VU,FI,VU,14465.201467478199
FI--WS,FI,WS,14684.543517620144
FI--ZA,FI,ZA,9522.764258248177
FI--ZM,FI,ZM,8384.147740694087
FI--ZW,FI,ZW,8662.083663203695
FJ--FR,FJ,FR,16576.81749979109
FJ--GB,FJ,GB,16299.555426240808
FJ--GH,FJ,GH,18604.884835041765
FJ--GR,FJ,GR,16718.893493199037
FJ--GT,FJ,GT,10619.020821593358
FJ--HU,FJ,HU,16248.190599074645
FJ--IE,FJ,IE,16076.838046325709
FJ--IN,FJ,IN,12028.323263938093
FJ--IQ,FJ,IQ,15163.152530965708
FJ--IR,FJ,IR,14489.11653350524
FJ--IS,FJ,IS,14666.900637799572
FJ--IT,FJ,IT,17055.863339691525
FJ--JO,FJ,JO,15971.506839740749
FJ--JP,FJ,JP,7219.789289468397
FJ--KE,FJ,KE,15310.34174379079
FJ--KH,FJ,KH,8715.992553629
FJ--KR,FJ,KR,8184.830871623246
FJ--KW,FJ,KW,14867.519775704133
FJ--LA,FJ,LA,9208.3135534632
FJ--LB,FJ,LB,15955.134274872273
FJ--MA,FJ,MA,18168.663542293107
FJ--MG,FJ,MG,13272.986678421723
FJ--MN,FJ,MN,10179.881630365797
FJ--MR,FJ,MR,18508.729634366
FJ--MX,FJ,MX,9915.918583166904
FJ--MY,FJ,MY,8728.573834583456
FJ--MZ,FJ,MZ,13896.522385117121
FJ--NA,FJ,NA,15070.54884987303
FJ--NG,FJ,NG,18616.55968810009
FJ--NL,FJ,NL,16165.585758358455
FJ--NO,FJ,NO,15261.03378993224
FJ--NP,FJ,NP,11229.73792403324
FJ--NZ,FJ,NZ,2591.8075392647534
FJ--OM,FJ,OM,13786.80947497987
FJ--PA,FJ,PA,11587.114696447929
FJ--PE,FJ,PE,11096.316981305765
FJ--PG,FJ,PG,3506.3311997779247
FJ--PH,FJ,PH,7270.00795998326
FJ--PK,FJ,PK,12498.588968944085
FJ--PL,FJ,PL,15740.327157401141
FJ--PT,FJ,PT,17608.392189885468
FJ--QA,FJ,QA,14515.169665107484
FJ--RO,FJ,RO,16122.58307807116
FJ--RS,FJ,RS,16412.483669751342
FJ--RU,FJ,RU,14698.654341884276
FJ--RW,FJ,RW,15911.004243851237
FJ--SA,FJ,SA,14993.206576183224
FJ--SB,FJ,SB,2216.4878718088403
FJ--SE,FJ,SE,15161.365121374429
FJ--SG,FJ,SG,8434.22672283059
FJ--SN,FJ,SN,18292.51736528745
FJ--TH,FJ,TH,9249.359232089999
FJ--TN,FJ,TN,17642.73238852873
FJ--TO,FJ,TO,743.2222781259544
FJ--TR,FJ,TR,15929.245910545002
FJ--TZ,FJ,TZ,15125.289672800167
FJ--UA,FJ,UA,15437.65678215794
FJ--UG,FJ,UG,15807.394129463804
FJ--US,FJ,US,12497.831524726587
FJ--UY,FJ,UY,11791.686470700519
FJ--UZ,FJ,UZ,12906.122668128752
FJ--VN,FJ,VN,9022.601376117009
FJ--VU,FJ,VU,1073.474291070342
FJ--WS,FJ,WS,1153.03875381655
FJ--ZA,FJ,ZA,14189.452435443198
FJ--ZM,FJ,ZM,15070.435008319888
FJ--ZW,FJ,ZW,14675.375189922963
FR--GB,FR,GB,341.1497977927973
FR--GH,FR,GH,4807.153141334028
FR--GR,FR,GR,2101.148656258638
FR--GT,FR,GT,9004.513824984668
FR--HU,FR,HU,1252.1348247691294
FR--IE,FR,IE,778.9853995813953
FR--IN,FR,IN,6600.894573294016
FR--IQ,FR,IQ,3867.4391595648585
FR--IR,FR,IR,4222.557033015102
FR--IS,FR,IS,2236.7321904787145
FR--IT,FR,IT,1108.1927290162205
FR--JO,FR,JO,3372.570496284677
FR--JP,FR,JP,9737.965704971102
FR--KE,FR,KE,6470.452307387349
FR--KH,FR,KH,9951.617896368289
FR--KR,FR,KR,8989.261845586849
FR--KW,FR,KW,4413.163522939441
FR--LA,FR,LA,9249.317453122383
FR--LB,FR,LB,3199.1863959726516
FR--MA,FR,MA,1814.6775669616386
FR--MG,FR,MG,8738.697480381597
FR--MN,FR,MN,7068.777161299606
FR--MR,FR,MR,3792.418150933126
FR--MX,FR,MX,9207.427444723564
FR--MY,FR,MY,10429.064210826338
FR--MZ,FR,MZ,8816.82213901402
FR--NA,FR,NA,8046.988169690617
FR--NG,FR,NG,4437.067941067861
FR--NL,FR,NL,428.39172758992953
FR--NO,FR,NO,1343.5166138500856
FR--NP,FR,NP,7249.7337947759115
FR--NZ,FR,NZ,18980.580816307895
FR--OM,FR,OM,5618.963317979292
FR--PA,FR,PA,8668.857594448233
FR--PE,FR,PE,10245.869499110875
FR--PG,FR,PG,14556.786147355751
FR--PH,FR,PH,10757.705538010932
FR--PK,FR,PK,5940.239053946842
FR--PL,FR,PL,1370.8305434249735
FR--PT,FR,PT,1453.915618536448
FR--QA,FR,QA,4980.232064534718
FR--RO,FR,RO,1876.241728494663
FR--RS,FR,RS,1450.4592409322167
FR--RU,FR,RU,2494.0210488381886
FR--RW,FR,RW,6233.137160926508
FR--SA,FR,SA,4695.389253154605
FR--SB,FR,SB,15164.216467269052
FR--SE,FR,SE,1549.2891494547255
FR--SG,FR,SG,10742.404770656647
FR--SN,FR,SN,4197.9762876720815
FR--TH,FR,TH,9456.38937182292
FR--TN,FR,TN,1484.122123096788
FR--TO,FR,TO,16919.722023290924
FR--TR,FR,TR,2605.2100576102166
FR--TZ,FR,TZ,6910.826312650359
FR--UA,FR,UA,2030.3165458301612
FR--UG,FR,UG,6110.7656860333045
FR--US,FR,US,6177.576314828088
FR--UY,FR,UY,10931.267875909023
FR--UZ,FR,UZ,5164.715779199758
FR--VN,FR,VN,9212.23431863868
FR--VU,FR,VU,16328.169767885029
FR--WS,FR,WS,16082.131593032496
FR--ZA,FR,ZA,8652.154951764032
FR--ZM,FR,ZM,7567.922418911592
FR--ZW,FR,ZW,7914.6135259547655
GB--GH,GB,GH,5094.01108636096
GB--GR,GB,GR,2394.3235623248843
GB--GT,GB,GT,8777.735970488346
GB--HU,GB,HU,1455.1752406032624
GB--IE,GB,IE,464.19140687275564
GB--IN,GB,IN,6724.002102971842
GB--IQ,GB,IQ,4096.27892670484
GB--IR,GB,IR,4408.690321344826
GB--IS,GB,IS,1895.7451676123248
GB--IT,GB,IT,1434.2026285343118
GB--JO,GB,JO,3644.2477979021523
GB--JP,GB,JP,9584.855356731166
GB--KE,GB,KE,6804.487905463708
GB--KH,GB,KH,10027.21231478158
GB--KR,GB,KR,8880.920559408663
GB--KW,GB,KW,4647.871479797295
GB--LA,GB,LA,9311.738494170542
GB--LB,GB,LB,3462.777377818679
GB--MA,GB,MA,2015.6973939359636
GB--MG,GB,MG,9070.662326270925
GB--MN,GB,MN,6993.018434988753
GB--MR,GB,MR,3961.923523815759
GB--MX,GB,MX,8941.67963886513
GB--MY,GB,MY,10548.649921719485
GB--MZ,GB,MZ,9157.679398346108
GB--NA,GB,NA,8375.767411959754
GB--NG,GB,NG,4755.038491838242
GB--NL,GB,NL,358.8427946807068
GB--NO,GB,NO,1156.4942725896335
GB--NP,GB,NP,7344.827078078921
GB--NZ,GB,NZ,18806.422712162086
GB--OM,GB,OM,5836.891970756703
GB--PA,GB,PA,8500.390578698907
GB--PE,GB,PE,10161.714666151413
GB--PG,GB,PG,14480.651969389353
GB--PH,GB,PH,10748.092828515446
GB--PK,GB,PK,6053.923906825333
GB--PL,GB,PL,1451.4527915116341
GB--PT,GB,PT,1584.9632431063264
GB--QA,GB,QA,5218.793170308171
GB--RO,GB,RO,2095.1743104942116
GB--RS,GB,RS,1694.1962195993058
GB--RU,GB,RU,2508.045616571664
GB--RW,GB,RW,6573.392129619725
GB--SA,GB,SA,4954.835444629185
GB--SB,GB,SB,15000.54982052629
GB--SE,GB,SE,1439.0693652990349
GB--SG,GB,SG,10859.201604289969
GB--SN,GB,SN,4365.305947198292
GB--TH,GB,TH,9543.363933383182
GB--TN,GB,TN,1825.1663376495603
GB--TO,GB,TO,16607.93167830946
GB--TR,GB,TR,2839.1944811374397
GB--TZ,GB,TZ,7248.407455210976
GB--UA,GB,UA,2139.351912362843
GB--UG,GB,UG,6448.622536590605
GB--US,GB,US,5912.468929291367
GB--UY,GB,UY,11017.684935367308
GB--UZ,GB,UZ,5248.259060226793
GB--VN,GB,VN,9249.152997948202
GB--VU,GB,VU,16122.229143729774
GB--WS,GB,WS,15760.217793264088
GB--ZA,GB,ZA,8991.386014264714
GB--ZM,GB,ZM,7908.669664162158
GB--ZW,GB,ZW,8255.716267129936
GH--GR,GH,GR,4333.583803793776
GH--GT,GH,GT,9896.546562645552
GH--HU,GH,HU,5001.084446944788
GH--IE,GH,IE,5326.419819538146
GH--IN,GH,IN,8492.768279138134
GH--IQ,GH,IQ,5538.752705169876
GH--IR,GH,IR,6234.104904540363
GH--IS,GH,IS,6731.8204796530135
GH--IT,GH,IT,4218.672595049595
GH--JO,GH,JO,4761.314261409261
GH--JP,GH,JP,13827.443948540278
GH--KE,GH,KE,4185.899181902206
GH--KH,GH,KH,11533.565429703634
GH--KR,GH,KR,12769.069776916134
GH--KW,GH,KW,5701.9563686252895
GH--LA,GH,LA,11174.822028045057
GH--LB,GH,LB,4837.967038477716
GH--MA,GH,MA,3225.75627215081
GH--MG,GH,MG,5891.501977097042
GH--MN,GH,MN,10812.46585044223
GH--MR,GH,MR,2203.8652813487847
GH--MX,GH,MX,10742.674108313797
GH--MY,GH,MY,11302.266760638768
GH--MZ,GH,MZ,4969.791423124869
GH--NA,GH,NA,3637.0276062284092
GH--NG,GH,NG,940.6043456313404
GH--NL,GH,NL,5209.997387819868
GH--NO,GH,NO,6102.669610187801
GH--NP,GH,NP,9291.197667977302
GH--NZ,GH,NZ,16013.257226333824
GH--OM,GH,OM,6595.449559584497
GH--PA,GH,PA,8752.089317729733
GH--PE,GH,PE,8721.901447825489
GH--PG,GH,PG,16415.169143829524
GH--PH,GH,PH,13172.528062047224
GH--PK,GH,PK,8135.24807147375
GH--PL,GH,PL,5532.277420091532
GH--PT,GH,PT,3782.929500075035
GH--QA,GH,QA,5923.260173483635
GH--RO,GH,RO,5013.888925746663
GH--RS,GH,RS,4793.832255333492
GH--RU,GH,RU,6496.545506137951
GH--RW,GH,RW,3467.091239898877
GH--SA,GH,SA,5439.21139413924
GH--SB,GH,SB,17805.570637097666
GH--SE,GH,SE,6169.917069641088
GH--SG,GH,SG,11563.025739001863
GH--SN,GH,SN,2143.667997107388
GH--TH,GH,TH,11025.064322158887
GH--TN,GH,TN,3619.353339181235
GH--TO,GH,TO,18199.750149241496
GH--TR,GH,TR,5045.437421948046
GH--TZ,GH,TZ,4202.317885708757
GH--UA,GH,UA,5740.228417956023
GH--UG,GH,UG,3690.7642996652767
GH--US,GH,US,8483.047455588956
GH--UY,GH,UY,7366.211174529676
GH--UZ,GH,UZ,7897.341739896499
GH--VN,GH,VN,11449.241972047112
GH--VU,GH,VU,18182.166416348875
GH--WS,GH,WS,18714.270091009577
GH--ZA,GH,ZA,4626.9652891296655
GH--ZM,GH,ZM,3905.4838464108198
GH--ZW,GH,ZW,4298.525071789613
GR--GT,GR,GT,11033.630239904644
GR--HU,GR,HU,1123.1124277170554
GR--IE,GR,IE,2858.449617410799
GR--IN,GR,IN,5018.539102191491
GR--IQ,GR,IQ,1935.7996627659218
GR--IR,GR,IR,2474.4317397520963
GR--IS,GR,IS,4170.8303173744835
GR--IT,GR,IT,1053.9826873522736
GR--JO,GR,JO,1298.0510407254958
GR--JP,GR,JP,9529.986913901954
GR--KE,GR,KE,4550.99704740833
GR--KH,GR,KH,8461.742705212857
GR--KR,GR,KR,8536.453653913031
GR--KW,GR,KW,2433.470034566319
GR--LA,GR,LA,7845.115804768011
GR--LB,GR,LB,1155.3838304514172
GR--MA,GR,MA,2777.965823972774
GR--MG,GR,MG,6772.062373040666
GR--MN,GR,MN,6544.046508671455
GR--MR,GR,MR,4436.230600960842
GR--MX,GR,MX,11298.129151635198
GR--MY,GR,MY,8741.0759144703
GR--MZ,GR,MZ,7137.750927324684
GR--NA,GR,NA,6738.792650770621
GR--NG,GR,NG,3590.1434415502863
GR--NL,GR,NL,2163.5846088708995
GR--NO,GR,NO,2606.9423466880603
GR--NP,GR,NP,5771.80532349136
GR--NZ,GR,NZ,17522.839563811503
GR--OM,GR,OM,3668.330350899805
GR--PA,GR,PA,10546.60055909225
GR--PE,GR,PE,11767.93414146203
GR--PG,GR,PG,13571.617459994188
GR--PH,GR,PH,9644.711437844597
GR--PK,GR,PK,4438.915175919046
GR--PL,GR,PL,1599.730736035073
GR--PT,GR,PT,2859.446251097273
GR--QA,GR,QA,2973.0566812582124
GR--RO,GR,RO,743.2253919890985
GR--RS,GR,RS,806.5670472014759
GR--RU,GR,RU,2231.411035554138
GR--RW,GR,RW,4469.4219517260735
GR--SA,GR,SA,2633.348280356521
GR--SB,GR,SB,14626.474651716053
GR--SE,GR,SE,2410.026741429502
GR--SG,GR,SG,9057.615916728751
GR--SN,GR,SN,4796.3210435787405
GR--TH,GR,TH,7932.285448089226
GR--TN,GR,TN,1206.0742004041313
GR--TO,GR,TO,17407.35139726884
GR--TR,GR,TR,819.9324692614381
GR--TZ,GR,TZ,5045.850144996306
GR--UA,GR,UA,1484.282875845914
GR--UG,GR,UG,4268.2145882902305
GR--US,GR,US,8271.005589450659
GR--UY,GR,UY,11525.252199894341
GR--UZ,GR,UZ,3882.9940642247357
GR--VN,GR,VN,7933.017363609639
GR--VU,GR,VU,15912.947124361146
GR--WS,GR,WS,16929.083623801656
GR--ZA,GR,ZA,7065.652015003433
GR--ZM,GR,ZM,5929.862841604167
GR--ZW,GR,ZW,6223.690931081587
GT--HU,GT,HU,10232.834525188215
GT--IE,GT,IE,8338.736934204224
GT--IN,GT,IN,15044.645466665967
GT--IQ,GT,IQ,12870.868230655473
GT--IR,GT,IR,13154.520885663213
GT--IS,GT,IS,7517.61440974892
GT--IT,GT,IT,9979.822333427082
GT--JO,GT,JO,12331.61398438735
GT--JP,GT,JP,12336.226996784046
GT--KE,GT,KE,14062.035305544976
GT--KH,GT,KH,16653.423078250282
GT--KR,GT,KR,13029.105328272683
GT--KW,GT,KW,13417.615013956098
GT--LA,GT,LA,16126.420054257356
GT--LB,GT,LB,12179.732475083782
GT--MA,GT,MA,8544.40349210751
GT--MG,GT,MG,15545.686883835004
GT--MN,GT,MN,12865.027161037922
GT--MR,GT,MR,7920.556961921341
GT--MX,GT,MX,1059.7487880913945
GT--MY,GT,MY,17628.745613256513
GT--MZ,GT,MZ,14003.43077001634
GT--NA,GT,NA,12409.911744848238
GT--NG,GT,NG,10620.976660205
GT--NL,GT,NL,9098.124201892957
GT--NO,GT,NO,9227.26526742834
GT--NP,GT,NP,15298.235142006199
GT--NZ,GT,NZ,11457.19174924442
GT--OM,GT,OM,14613.950319746407
GT--PA,GT,PA,1350.9840054452532
GT--PE,GT,PE,3302.7766279329785
GT--PG,GT,PG,13739.713882045016
GT--PH,GT,PH,15279.46871412205
GT--PK,GT,PK,14385.793692113304
GT--PL,GT,PL,10133.278294628502
GT--PT,GT,PT,8268.96192917799
GT--QA,GT,QA,13983.054372852395
GT--RO,GT,RO,10871.634512349672
GT--RS,GT,RS,10454.863827025347
GT--RU,GT,RU,10836.730604200087
GT--RW,GT,RW,13362.256037998106
GT--SA,GT,SA,13666.763843712019
GT--SB,GT,SB,12366.888028252464
GT--SE,GT,SE,9637.728183718227
GT--SG,GT,SG,17649.592441353518
GT--SN,GT,SN,7828.603725633309
GT--TH,GT,TH,16642.35258952535
GT--TN,GT,TN,9974.920678734201
GT--TO,GT,TO,10057.892645870108
GT--TR,GT,TR,11609.274954829934
GT--TZ,GT,TZ,14092.582581834022
GT--UA,GT,UA,10808.802964830968
GT--UG,GT,UG,13559.461698296383
GT--US,GT,US,2999.246521001687
GT--UY,GT,UY,6570.092062806825
GT--UZ,GT,UZ,13474.56679604277
GT--VN,GT,VN,15677.846521007381
GT--VU,GT,VU,11658.392437416927
GT--WS,GT,WS,9481.350426892132
GT--ZA,GT,ZA,13566.091147807247
GT--ZM,GT,ZM,13477.110096473143
GT--ZW,GT,ZW,13801.452029750257
HU--IE,HU,IE,1901.5495901794616
HU--IN,HU,IN,5371.670574640976
HU--IQ,HU,IQ,2641.976149749693
HU--IR,HU,IR,2970.6237902188727
HU--IS,HU,IS,3083.6025272874986
HU--IT,HU,IT,812.6809307134923
HU--JO,HU,JO,2240.982279197469
HU--JP,HU,JP,9068.7796423114
HU--KE,HU,KE,5673.544397429708
HU--KH,HU,KH,8760.083358453203
HU--KR,HU,KR,8188.225535630061
HU--KW,HU,KW,3194.9134304380837
HU--LA,HU,LA,8076.967772194666
HU--LB,HU,LB,2045.3134983361203
HU--MA,HU,MA,2630.959124253097
HU--MG,HU,MG,7885.882262485251
HU--MN,HU,MN,6205.5049434341145
HU--MR,HU,MR,4558.91502651151
HU--MX,HU,MX,10379.441814453254
HU--MY,HU,MY,9195.730016616893
HU--MZ,HU,MZ,8246.871576488053
HU--NA,HU,NA,7762.559589006524
HU--NG,HU,NG,4395.957728480194
HU--NL,HU,NL,1148.6645325670718
HU--NO,HU,NO,1484.729273946146
HU--NP,HU,NP,6045.418516981563
HU--NZ,HU,NZ,17974.255864451927
HU--OM,HU,OM,4382.268464453975
HU--PA,HU,PA,9920.90841609684
HU--PE,HU,PE,11446.488554843225
HU--PG,HU,PG,13588.841623283319
HU--PH,HU,PH,9693.826258092015
HU--PK,HU,PK,4721.416534542325
HU--PL,HU,PL,545.9397458681193
HU--PT,HU,PT,2478.219212323708
HU--QA,HU,QA,3766.892326761441
HU--RO,HU,RO,641.447909994874
HU--RS,HU,RS,316.63840653395647
HU--RU,HU,RU,1569.8560672128792
HU--RW,HU,RW,5582.44207223641
HU--SA,HU,SA,3520.8923406902386
HU--SB,HU,SB,14418.61383310656
HU--SE,HU,SE,1320.4978641235068
HU--SG,HU,SG,9510.522419129311
HU--SN,HU,SN,4955.080225002811
HU--TH,HU,TH,8253.709765740603
HU--TN,HU,TN,1395.6139029928274
HU--TO,HU,TO,16812.280149950857
HU--TR,HU,TR,1389.8801938141112
HU--TZ,HU,TZ,6168.707196050811
HU--UA,HU,UA,897.2756335053106
HU--UG,HU,UG,5389.1940590855875
HU--US,HU,US,7354.610614754368
HU--UY,HU,UY,11797.084285384688
HU--UZ,HU,UZ,3986.8319551851446
HU--VN,HU,VN,8077.337384718303
HU--VU,HU,VU,15682.736049958336
HU--WS,HU,WS,16140.371997837019
HU--ZA,HU,ZA,8159.011638493653
HU--ZM,HU,ZM,7028.161145436232
HU--ZW,HU,ZW,7331.924080928936
IE--IN,IE,IN,7091.8085604482685
IE--IQ,IE,IQ,4542.817984514807
IE--IR,IE,IR,4830.725077395999
IE--IS,IE,IS,1500.4554964353474
IE--IT,IE,IT,1886.8019993114845
IE--JO,IE,JO,4106.150794077365
IE--JP,IE,JP,9611.577678379997
IE--KE,IE,KE,7246.313439839213
IE--KH,IE,KH,10340.918973141303
IE--KR,IE,KR,8976.153134164293
IE--KW,IE,KW,5096.37025037838
IE--LA,IE,LA,9613.856824741162
IE--LB,IE,LB,3922.9133164262075
IE--MA,IE,MA,2145.935524080541
IE--MG,IE,MG,9515.977112946975
IE--MN,IE,MN,7141.591533003269
IE--MR,IE,MR,4001.085946696618
IE--MX,IE,MX,8483.607998464979
IE--MY,IE,MY,10904.28986114643
IE--MZ,IE,MZ,9551.445619212565
IE--NA,IE,NA,8705.484463005214
IE--NG,IE,NG,5061.35373399345
IE--NL,IE,NL,759.4389924734963
IE--NO,IE,NO,1269.2649501830545
IE--NP,IE,NP,7685.365609338961
IE--NZ,IE,NZ,18663.72303008677
IE--OM,IE,OM,6275.44776954692
IE--PA,IE,PA,8103.62776550452
IE--PE,IE,PE,9838.854448880353
IE--PG,IE,PG,14591.892678487326
IE--PH,IE,PH,10963.995966695824
IE--PK,IE,PK,6415.450587910601
IE--PL,IE,PL,1830.8746052475854
IE--PT,IE,PT,1639.014183384897
IE--QA,IE,QA,5668.441858684926
IE--RO,IE,RO,2542.995445683483
IE--RS,IE,RS,2152.1723513334487
IE--RU,IE,RU,2803.596450979914
IE--RW,IE,RW,6993.585272358434
IE--SA,IE,SA,5412.811808088489
IE--SB,IE,SB,14981.731875610627
IE--SE,IE,SE,1635.778556095651
IE--SG,IE,SG,11211.489082021995
IE--SN,IE,SN,4396.4121646075655
IE--TH,IE,TH,9869.938013095883
IE--TN,IE,TN,2235.4371835279026
IE--TO,IE,TO,16309.735404721625
IE--TR,IE,TR,3290.4079146148333
IE--TZ,IE,TZ,7681.130012400866
IE--UA,IE,UA,2523.3392297128194
IE--UG,IE,UG,6880.659106891767
IE--US,IE,US,5455.7085612190685
IE--UY,IE,UY,10892.817110046992
IE--UZ,IE,UZ,5585.4807264997835
IE--VN,IE,VN,9524.087838476455
IE--VU,IE,VU,16025.727259679677
IE--WS,IE,WS,15441.13624401331
IE--ZA,IE,ZA,9368.745234260821
IE--ZM,IE,ZM,8301.733700354489
IE--ZW,IE,ZW,8656.065746324166
IN--IQ,IN,IQ,3164.7433395036114
IN--IR,IN,IR,2546.7090260688965
IN--IS,IN,IS,7607.786449727536
IN--IT,IN,IT,5929.147771473219
IN--JO,IN,JO,3964.426037095612
IN--JP,IN,JP,5855.550160203252
IN--KE,IN,KE,5427.9212039634995
IN--KH,IN,KH,3443.6508572158505
IN--KR,IN,KR,4698.888249176968
IN--KW,IN,KW,2841.7605218494946
IN--LA,IN,LA,2844.60360692903
IN--LB,IN,LB,3987.5469422820806
IN--MA,IN,MA,7789.23277228102
IN--MG,IN,MG,6151.146663776472
IN--MN,IN,MN,3334.3713933979943
IN--MR,IN,MR,9368.433249079264
IN--MX,IN,MX,14673.684770062055
IN--MY,IN,MY,3828.30825419318
IN--MZ,IN,MZ,7693.418548155661
IN--NA,IN,NA,8580.913637534031
IN--NG,IN,NG,7553.544289460008
IN--NL,IN,NL,6368.270749342955
IN--NO,IN,NO,5995.942926158602
IN--NP,IN,NP,802.8026518676337
IN--NZ,IN,NZ,12641.150365211413
IN--OM,IN,OM,1938.9378825565125
IN--PA,IN,PA,15160.952171018056
IN--PE,IN,PE,16782.759226615508
IN--PG,IN,PG,8608.376857495714
IN--PH,IN,PH,4759.988205994383
IN--PK,IN,PK,683.9640532615389
IN--PL,IN,PL,5273.3563545073075
IN--PT,IN,PT,7792.049494202723
IN--QA,IN,QA,2570.1329770881052
IN--RO,IN,RO,4813.471168195898
IN--RS,IN,RS,5261.4166969774315
IN--RU,IN,RU,4347.028704133428
IN--RW,IN,RW,6057.78869894678
IN--SA,IN,SA,3053.56116017884
IN--SB,IN,SB,9812.675486481607
IN--SE,IN,SE,5576.990338548147
IN--SG,IN,SG,4141.530296031338
IN--SN,IN,SN,9687.105127662475
IN--TH,IN,TH,2916.5977506210074
IN--TN,IN,TN,6223.652872831856
IN--TO,IN,TO,12770.653548984057
IN--TR,IN,TR,4224.800548051528
IN--TZ,IN,TZ,5878.312198256734
IN--UA,IN,UA,4584.987256027431
IN--UG,IN,UG,5682.182222417453
IN--US,IN,US,12068.739151501237
IN--UY,IN,UY,15593.100787755926
IN--UZ,IN,UZ,1582.849246457278
IN--VN,IN,VN,3006.513807803295
IN--VU,IN,VU,11044.279120103196
IN--WS,IN,WS,12780.748233312996
IN--ZA,IN,ZA,7970.766596356072
IN--ZM,IN,ZM,7171.498642392236
IN--ZW,IN,ZW,7143.804631187415
IQ--IR,IQ,IR,695.3543351183541
IQ--IS,IQ,IS,5586.578354963704
IQ--IT,IQ,IT,2952.950172056838
IQ--JO,IQ,JO,808.3576316226698
IQ--JP,IQ,JP,8367.84947578715
IQ--KE,IQ,KE,3913.8444581605704
IQ--KH,IQ,KH,6582.53183232409
IQ--KR,IQ,KR,7259.808101375306
IQ--KW,IQ,KW,556.6485489102055
IQ--LA,IQ,LA,6009.101108489915
IQ--LB,IQ,LB,826.3788138082797
IQ--MA,IQ,MA,4699.4401694294675
IQ--MG,IQ,MG,5792.26867600252
IQ--MN,IQ,MN,5373.664489267778
IQ--MR,IQ,MR,6203.778182487834
IQ--MX,IQ,MX,13003.401202588939
IQ--MY,IQ,MY,6811.440886344389
IQ--MZ,IQ,MZ,6680.143826108262
IQ--NA,IQ,NA,6832.61576957582
IQ--NG,IQ,NG,4633.444879033659
IQ--NL,IQ,NL,3786.285401087476
IQ--NO,IQ,NO,3839.2971690067534
IQ--NP,IQ,NP,3951.200003964381
IQ--NZ,IQ,NZ,15599.215899938392
IQ--OM,IQ,OM,1756.4649301802203
IQ--PA,IQ,PA,12470.318845165333
IQ--PE,IQ,PE,13655.254332347744
IQ--PG,IQ,PG,11773.096628383926
IQ--PH,IQ,PH,7901.332456163048
IQ--PK,IQ,PK,2664.565331447131
IQ--PL,IQ,PL,2816.5697836395548
IQ--PT,IQ,PT,4793.8007951321
IQ--QA,IQ,QA,1129.8193905175642
IQ--RO,IQ,RO,2001.1293416967983
IQ--RS,IQ,RS,2417.112909514975
IQ--RU,IQ,RU,2545.338510380684
IQ--RW,IQ,RW,4186.410457050851
IQ--SA,IQ,SA,991.4161382989465
IQ--SB,IQ,SB,12957.007090496078
IQ--SE,IQ,SE,3480.5013768818562
IQ--SG,IQ,SG,7127.500146109517
IQ--SN,IQ,SN,6526.199283840524
IQ--TH,IQ,TH,6047.962740074185
IQ--TN,IQ,TN,3127.279902795429
IQ--TO,IQ,TO,15905.856491529172
IQ--TR,IQ,TR,1262.3100974105
IQ--TZ,IQ,TZ,4468.52611382172
IQ--UA,IQ,UA,2212.4765626078547
IQ--UG,IQ,UG,3858.6109541954083
IQ--US,IQ,US,9988.446350818214
IQ--UY,IQ,UY,12901.293858681967
IQ--UZ,IQ,UZ,2367.1833230757184
IQ--VN,IQ,VN,6154.078972996598
IQ--VU,IQ,VU,14204.31137512977
IQ--WS,IQ,WS,15783.643123517279
IQ--ZA,IQ,ZA,6755.146713014095
IQ--ZM,IQ,ZM,5660.612407109616
IQ--ZW,IQ,ZW,5836.299395481913
IR--IS,IR,IS,5708.90315614657
IR--IT,IR,IT,3422.759602167755
IR--JO,IR,JO,1490.6216622926804
IR--JP,IR,JP,7682.131431085139
IR--KE,IR,KE,4363.6053474888295
IR--KH,IR,KH,5988.157170564741
IR--KR,IR,KR,6568.6928539759865
IR--KW,IR,KW,770.087168218063
IR--LA,IR,LA,5384.351584211284
IR--LB,IR,LB,1468.7619605741875
IR--MA,IR,MA,5250.641825246008
IR--MG,IR,MG,6055.6442084581495
IR--MN,IR,MN,4698.8908509853745
IR--MR,IR,MR,6842.96170322184
IR--MX,IR,MX,13164.617042027572
IR--MY,IR,MY,6290.284934732371
IR--MZ,IR,MZ,7103.03733744798
IR--NA,IR,NA,7392.729788731982
IR--NG,IR,NG,5327.907798972936
IR--NL,IR,NL,4073.2517220832333
IR--NO,IR,NO,3960.8365381974227
IR--NP,IR,NP,3313.81128682458
IR--NZ,IR,NZ,15128.729072494789
IR--OM,IR,OM,1505.2397663613742
IR--PA,IR,PA,12889.846632997522
IR--PE,IR,PE,14242.319380626837
IR--PG,IR,PG,11139.612868451604
IR--PH,IR,PH,7243.104348582449
IR--PK,IR,PK,2000.1707802925157
IR--PL,IR,PL,3021.3371136664246
IR--PT,IR,PT,5288.464369261778
IR--QA,IR,QA,1151.6099522192203
IR--RO,IR,RO,2356.9756649708333
IR--RS,IR,RS,2801.994440140897
IR--RU,IR,RU,2466.6935935746933
IR--RW,IR,RW,4720.761323158951
IR--SA,IR,SA,1301.897476914985
IR--SB,IR,SB,12292.030479700656
IR--SE,IR,SE,3566.678095748966
IR--SG,IR,SG,6607.166199423908
IR--SN,IR,SN,7176.622311103471
IR--TH,IR,TH,5458.009069512601
IR--TN,IR,TN,3680.4731343487874
IR--TO,IR,TO,15230.190568248538
IR--TR,IR,TR,1697.8077830825946
IR--TZ,IR,TZ,4915.003219130118
IR--UA,IR,UA,2348.863688554225
IR--UG,IR,UG,4373.807801020238
IR--US,IR,US,10200.660139218906
IR--UY,IR,UY,13596.152096954607
IR--UZ,IR,UZ,1676.0540554133468
IR--VN,IR,VN,5503.795023664934
IR--VU,IR,VU,13551.288433039299
IR--WS,IR,WS,15088.504885999351
IR--ZA,IR,ZA,7218.612472902273
IR--ZM,IR,ZM,6158.306812506796
IR--ZW,IR,ZW,6298.391128644601
IS--IT,IS,IT,3308.1208196752427
IS--JO,IS,JO,5312.65646446288
IS--JP,IS,JP,8820.211024374594
IS--KE,IS,KE,8676.69108262175
IS--KH,IS,KH,10502.494477273553
IS--KR,IS,KR,8402.735695999982
IS--KW,IS,KW,6138.992908861514
IS--LA,IS,LA,9750.5292234701
IS--LB,IS,LB,5108.814061328618
IS--MA,IS,MA,3506.4047709884667
IS--MG,IS,MG,10929.882617648875
IS--MN,IS,MN,6806.442418243808
IS--MR,IS,MR,5136.039844251406
IS--MX,IS,MX,7456.200767634121
IS--MY,IS,MY,11239.698460664653
IS--MZ,IS,MZ,11048.189687746326
IS--NA,IS,NA,10189.908371025145
IS--NG,IS,NG,6538.128730341384
IS--NL,IS,NL,2026.0385842143016
IS--NO,IS,NO,1753.2943145325473
IS--NP,IS,NP,8054.602083974954
IS--NZ,IS,NZ,17243.048019006088
IS--OM,IS,OM,7212.198368581913
IS--PA,IS,PA,7581.480798141756
IS--PE,IS,PE,9632.679472506867
IS--PG,IS,PG,13874.0482666161
IS--PH,IS,PH,10720.901601859063
IS--PK,IS,PK,6927.186156727841
IS--PL,IS,PL,2778.424084063683
IS--PT,IS,PT,2952.336990636599
IS--QA,IS,QA,6706.103479992107
IS--RO,IS,RO,3684.2620887172443
IS--RS,IS,RS,3386.232621929811
IS--RU,IS,RU,3319.399026359022
IS--RW,IS,RW,8467.959840114849
IS--SA,IS,SA,6537.943777899992
IS--SB,IS,SB,13929.20034315828
IS--SE,IS,SE,2142.5377258003255
IS--SG,IS,SG,11520.481284181702
IS--SN,IS,SN,5499.655854384067
IS--TH,IS,TH,10103.57728587803
IS--TN,IS,TN,3719.4129673647312
IS--TO,IS,TO,14832.523170426557
IS--TR,IS,TR,4415.215816489796
IS--TZ,IS,TZ,9133.917454639224
IS--UA,IS,UA,3384.94683548762
IS--UG,IS,UG,8335.648441186107
IS--US,IS,US,4522.0245727135625
IS--UY,IS,UY,11379.668043092304
IS--UZ,IS,UZ,6026.97968004123
IS--VN,IS,VN,9553.063970717369
IS--VU,IS,VU,14790.587622627118
IS--WS,IS,WS,13955.22243758964
IS--ZA,IS,ZA,10869.158607048143
IS--ZM,IS,ZM,9798.533921019092
IS--ZW,IS,ZW,10149.219482397159
IT--JO,IT,JO,2352.0128338973996
IT--JP,IT,JP,9880.684200947846
IT--KE,IT,KE,5373.367125832121
IT--KH,IT,KH,9361.864770818007
IT--KR,IT,KR,8990.221254368656
IT--KW,IT,KW,3471.053978994904
IT--LA,IT,LA,8707.89954363261
IT--LB,IT,LB,2203.7045098598487
IT--MA,IT,MA,1903.2092760976723
IT--MG,IT,MG,7637.171288831973
IT--MN,IT,MN,7002.260285069533
IT--MR,IT,MR,3774.7939117306855
IT--MX,IT,MX,10254.982173131564
IT--MY,IT,MY,9712.850057099384
IT--MZ,IT,MZ,7792.122632480582
IT--NA,IT,NA,7152.96924247111
IT--NG,IT,NG,3667.9438428379826
IT--NL,IT,NL,1294.6009270853822
IT--NO,IT,NO,2008.243997050136
IT--NP,IT,NP,6647.0152678210125
IT--NZ,IT,NZ,18548.183630194897
IT--OM,IT,OM,4702.881041636061
IT--PA,IT,PA,9517.371671635088
IT--PE,IT,PE,10857.151296366306
IT--PG,IT,PG,14325.788910208874
IT--PH,IT,PH,10405.066890561595
IT--PK,IT,PK,5309.570036872611
IT--PL,IT,PL,1318.2845538649813
IT--PT,IT,PT,1866.7033208698376
IT--QA,IT,QA,4019.780679743191
IT--RO,IT,RO,1141.1271535612389
IT--RS,IT,RS,723.7054221842911
IT--RU,IT,RU,2380.4991270140295
IT--RW,IT,RW,5169.864518164059
IT--SA,IT,SA,3687.31508886442
IT--SB,IT,SB,15213.529330935113
IT--SE,IT,SE,1980.1731729298174
IT--SG,IT,SG,10029.704091564545
IT--SN,IT,SN,4165.994598971797
IT--TH,IT,TH,8841.845377807338
IT--TN,IT,TN,599.3876845207541
IT--TO,IT,TO,17593.343329897023
IT--TR,IT,TR,1726.7217900116748
IT--TZ,IT,TZ,5825.804280617088
IT--UA,IT,UA,1678.2650237565786
IT--UG,IT,UG,5027.819442318349
IT--US,IT,US,7232.448171181223
IT--UY,IT,UY,11006.27156272016
IT--UZ,IT,UZ,4646.293057758177
IT--VN,IT,VN,8746.234564268761
IT--VU,IT,VU,16485.727503958387
IT--WS,IT,WS,16868.24752210178
IT--ZA,IT,ZA,7658.184796684193
IT--ZM,IT,ZM,6549.815299163682
IT--ZW,IT,ZW,6881.550263865018
JO--JP,JO,JP,9105.174958453272
JO--KE,JO,KE,3679.3975099405657
JO--KH,JO,KH,7364.814233727944
JO--KR,JO,KR,8015.682098623383
JO--KW,JO,KW,1188.5711375796006
JO--LA,JO,LA,6806.503554060942
JO--LB,JO,LB,216.80103324128072
JO--MA,JO,MA,3974.8832514780524
JO--MG,JO,MG,5762.890615165833
JO--MN,JO,MN,6093.782367328492
JO--MR,JO,MR,5405.961766606642
JO--MX,JO,MX,12579.995615161668
JO--MY,JO,MY,7547.850965962524
JO--MZ,JO,MZ,6418.02990309616
JO--NA,JO,NA,6358.7766586320395
JO--NG,JO,NG,3872.33458249941
JO--NL,JO,NL,3375.1371175446884
JO--NO,JO,NO,3622.4306195730383
JO--NP,JO,NP,4755.042263747083
JO--NZ,JO,NZ,16237.525469614664
JO--OM,JO,OM,2410.8223631364754
JO--PA,JO,PA,11815.442804142529
JO--PE,JO,PE,12876.414859179371
JO--PG,JO,PG,12569.797819449144
JO--PH,JO,PH,8708.411853756648
JO--PK,JO,PK,3472.9178730527497
JO--PL,JO,PL,2559.4417942809328
JO--PT,JO,PT,4124.261433810698
JO--QA,JO,QA,1692.7232806569575
JO--RO,JO,RO,1628.7981423564042
JO--RS,JO,RS,1959.535722411954
JO--RU,JO,RU,2647.925748768181
JO--RW,JO,RW,3803.242071464401
JO--SA,JO,SA,1335.3022553508017
JO--SB,JO,SB,13764.67733031114
JO--SE,JO,SE,3323.3305061513947
JO--SG,JO,SG,7862.053268534918
JO--SN,JO,SN,5722.985883017991
JO--TH,JO,TH,6828.989644992483
JO--TN,JO,TN,2420.8992732514102
JO--TO,JO,TO,16714.170334954226
JO--TR,JO,TR,927.2677817744711
JO--TZ,JO,TZ,4220.311771575693
JO--UA,JO,UA,2101.000759441679
JO--UG,JO,UG,3519.000962608515
JO--US,JO,US,9550.068439310315
JO--UY,JO,UY,12127.325410649015
JO--UZ,JO,UZ,3136.588336448829
JO--VN,JO,VN,6959.834473763205
JO--VU,JO,VU,15008.144869169928
JO--WS,JO,WS,16564.794903599075
JO--ZA,JO,ZA,6432.969310045837
JO--ZM,JO,ZM,5304.634920928144
JO--ZW,JO,ZW,5531.794656428988
JP--KE,JP,KE,11264.009284773352
JP--KH,JP,KH,4406.916977777725
JP--KR,JP,KR,1158.5480184415178
JP--KW,JP,KW,8320.761158222627
JP--LA,JP,LA,4147.061383152867
JP--LB,JP,LB,9008.018856215522
JP--MA,JP,MA,11544.941282910848
JP--MG,JP,MG,11410.925228771084
JP--MN,JP,MN,3017.229866541312
JP--MR,JP,MR,13529.593238896136
JP--MX,JP,MX,11318.783890147193
JP--MY,JP,MY,5316.516912091379
JP--MZ,JP,MZ,13127.626098930765
JP--NA,JP,NA,14341.224433781066
JP--NG,JP,NG,12973.378381681048
JP--NL,JP,NL,9314.952522971289
JP--NO,JP,NO,8428.362013784
JP--NP,JP,NP,5170.008943786941
JP--NZ,JP,NZ,9244.785239978763
JP--OM,JP,OM,7756.165490864612
JP--PA,JP,PA,13581.331209975016
JP--PE,JP,PE,15493.501413507556
JP--PG,JP,PG,5058.283273953319
JP--PH,JP,PH,2993.700049787857
JP--PK,JP,PK,5982.697041375959
JP--PL,JP,PL,8602.084790962797
JP--PT,JP,PT,11169.099580139571
JP--QA,JP,QA,8267.612368391501
JP--RO,JP,RO,8903.253798856409
JP--RS,JP,RS,9202.723914628741
JP--RU,JP,RU,7500.447385335149
JP--RW,JP,RW,11912.756042553481
JP--SA,JP,SA,8708.898067343061
JP--SB,JP,SB,5426.525269176748
JP--SE,JP,SE,8189.5682624323
JP--SG,JP,SG,5313.463059765426
JP--SN,JP,SN,13935.316154449201
JP--TH,JP,TH,4607.791688159286
JP--TN,JP,TN,10443.274591647834
JP--TO,JP,TO,7878.9467052105765
JP--TR,JP,TR,8787.214872935936
JP--TZ,JP,TZ,11676.47018662645
JP--UA,JP,UA,8224.583581872374
JP--UG,JP,UG,11537.49007151579
JP--US,JP,US,10926.417792606868
JP--UY,JP,UY,18576.07081605023
JP--UZ,JP,UZ,6007.5510338016375
JP--VN,JP,VN,3673.3588744790786
JP--VU,JP,VU,6635.901209569809
JP--WS,JP,WS,7490.349873415068
JP--ZA,JP,ZA,13501.046885089567
JP--ZM,JP,ZM,12924.217367222718
JP--ZW,JP,ZW,12815.550109441314
KE--KH,KE,KH,7662.538530516556
KE--KR,KE,KR,10114.909688283768
KE--KW,KE,KW,3594.237889791934
KE--LA,KE,LA,7507.543819932747
KE--LB,KE,LB,3893.773348617082
KE--MA,KE,MA,6004.034142085109
KE--MG,KE,MG,2273.3293910009043
KE--MN,KE,MN,8646.383748691089
KE--MR,KE,MR,6163.403485931139
KE--MX,KE,MX,14829.575444959697
KE--MY,KE,MY,7236.589136086184
KE--MZ,KE,MZ,2767.3481394607193
KE--NA,KE,NA,3178.769098028954
KE--NG,KE,NG,3444.024949628264
KE--NL,KE,NL,6651.25998464762
KE--NO,KE,NO,7154.024015085028
KE--NP,KE,NP,6094.249650498996
KE--NZ,KE,NZ,13676.249196022416
KE--OM,KE,OM,3625.152539344355
KE--PA,KE,PA,12936.957115717325
KE--PE,KE,PE,12580.253595968305
KE--PG,KE,PG,12229.31389445756
KE--PH,KE,PH,9425.033674849916
KE--PK,KE,PK,5427.814219869003
KE--PL,KE,PL,6115.97738809343
KE--PT,KE,PT,6454.518927958417
KE--QA,KE,QA,3340.164013305951
KE--RO,KE,RO,5174.5439582782
KE--RS,KE,RS,5357.314809545662
KE--RU,KE,RU,6323.293987631122
KE--RW,KE,RW,755.4306811358798
KE--SA,KE,SA,3062.992722793242
KE--SB,KE,SB,13622.214416268676
KE--SE,KE,SE,6920.326031054763
KE--SG,KE,SG,7467.562130900984
KE--SN,KE,SN,6234.6746306605155
KE--TH,KE,TH,7217.238507509993
KE--TN,KE,TN,5035.009951755296
KE--TO,KE,TO,15746.060454208326
KE--TR,KE,TR,4581.087860826578
KE--TZ,KE,TZ,554.7964784891632
KE--UA,KE,UA,5762.3271818541925
KE--UG,KE,UG,503.3384274617205
KE--US,KE,US,12147.187581604869
KE--UY,KE,UY,10205.533917025108
KE--UZ,KE,UZ,5744.598762087555
KE--VN,KE,VN,7897.709339783662
KE--VU,KE,VU,14317.160363028535
KE--WS,KE,WS,16463.332098710063
KE--ZA,KE,ZA,2855.2050138214963
KE--ZM,KE,ZM,1822.6982899178465
KE--ZW,KE,ZW,1934.7986512150121
KH--KR,KH,KR,3627.526776096794
KH--KW,KH,KW,6195.693818355236
KH--LA,KH,LA,752.2034220837257
KH--LB,KH,LB,7408.908363562836
KH--MA,KH,MA,11232.335227401512
KH--MG,KH,MG,7142.515126046912
KH--MN,KH,MN,4036.1801968082964
KH--MR,KH,MR,12756.538990693714
KH--MX,KH,MX,15690.53956097069
KH--MY,KH,MY,992.7263690776939
KH--MZ,KH,MZ,8854.679751985106
KH--NA,KH,NA,10282.920434778236
KH--NG,KH,NG,10611.831272047602
KH--NL,KH,NL,9668.53605273599
KH--NO,KH,NO,9134.445047093664
KH--NP,KH,NP,2717.6784990620663
KH--NZ,KH,NZ,9225.745470441172
KH--OM,KH,OM,5070.947627560937
KH--PA,KH,PA,17683.09480938629
KH--PE,KH,PE,19812.239544774453
KH--PG,KH,PG,5224.373119483182
KH--PH,KH,PH,1774.253700615099
KH--PK,KH,PK,4052.8587718962995
KH--PL,KH,PL,8588.072621648058
KH--PT,KH,PT,11215.90397077624
KH--QA,KH,QA,5802.092279915378
KH--RO,KH,RO,8233.736104862584
KH--RS,KH,RS,8678.151071515771
KH--RU,KH,RU,7537.492567226419
KH--RW,KH,RW,8412.36240485777
KH--SA,KH,SA,6277.612559593695
KH--SB,KH,SB,6517.910256434691
KH--SE,KH,SE,8729.82433004941
KH--SG,KH,SG,1140.3697905830895
KH--SN,KH,SN,13045.197850890458
KH--TH,KH,TH,536.3467077262043
KH--TN,KH,TN,9667.180829297818
KH--TO,KH,TO,9444.954326766887
KH--TR,KH,TR,7667.512698897062
KH--TZ,KH,TZ,7905.324718798832
KH--UA,KH,UA,7922.0242639233675
KH--UG,KH,UG,8084.896309124925
KH--US,KH,US,14415.29162954409
KH--UY,KH,UY,16800.509473318336
KH--UZ,KH,UZ,4786.902607752084
KH--VN,KH,VN,1054.1754016976533
KH--VU,KH,VU,7683.227998157469
KH--WS,KH,WS,9616.154928853208
KH--ZA,KH,ZA,9264.195041300256
KH--ZM,KH,ZM,8954.722858954801
KH--ZW,KH,ZW,8741.291052367913
KR--KW,KR,KW,7186.190221863438
KR--LA,KR,LA,3221.6720983810515
KR--LB,KR,LB,7931.602353584012
KR--MA,KR,MA,10756.784508836095
KR--MG,KR,MG,10387.016801755939
KR--MN,KR,MN,1996.7394602260354
KR--MR,KR,MR,12732.996313363643
KR--MX,KR,MX,12067.859883839203
KR--MY,KR,MY,4601.299368792894
KR--MZ,KR,MZ,12086.599075767059
KR--NA,KR,NA,13219.744785006065
KR--NG,KR,NG,11887.41498494817
KR--NL,KR,NL,8579.921511952483
KR--NO,KR,NO,7736.93982941218
KR--NP,KR,NP,4025.109780303919
KR--NZ,KR,NZ,9994.193199560701
KR--OM,KR,OM,6597.790083455961
KR--PA,KR,PA,14164.49025770476
KR--PE,KR,PE,16309.70237354757
KR--PG,KR,PG,5615.743207204615
KR--PH,KR,PH,2612.8130222238005
KR--PK,KR,PK,4828.37891716201
KR--PL,KR,PL,7760.66724715256
KR--PT,KR,PT,10442.178115737892
KR--QA,KR,QA,7115.825851979612
KR--RO,KR,RO,7953.138713933992
KR--RS,KR,RS,8287.665811216517
KR--RU,KR,RU,6623.6510029551755
KR--RW,KR,RW,10756.667776161159
KR--SA,KR,SA,7561.8622427533055
KR--SB,KR,SB,6233.439222745848
KR--SE,KR,SE,7449.1900939572515
KR--SG,KR,SG,4664.185115043959
KR--SN,KR,SN,13134.589981893088
KR--TH,KR,TH,3719.513508661133
KR--TN,KR,TN,9525.712985255164
KR--TO,KR,TO,8875.47262728518
KR--TR,KR,TR,7765.002447792769
KR--TZ,KR,TZ,10537.870724122911
KR--UA,KR,UA,7313.668925959538
KR--UG,KR,UG,10381.053121123028
KR--US,KR,US,11188.89291648359
KR--UY,KR,UY,19599.1973657022
KR--UZ,KR,UZ,4892.924671609636
KR--VN,KR,VN,2740.7404572606933
KR--VU,KR,VU,7495.652981919345
KR--WS,KR,WS,8556.653308158066
KR--ZA,KR,ZA,12439.33130876874
KR--ZM,KR,ZM,11800.38231372603
KR--ZW,KR,ZW,11712.296839274906
KW--LA,KW,LA,5663.1902996691915
KW--LB,KW,LB,1282.8190875035543
KW--MA,KW,MA,5160.658591228144
KW--MG,KW,MG,5342.919529271103
KW--MN,KW,MN,5379.265660084407
KW--MR,KW,MR,6562.58389127149
KW--MX,KW,MX,13560.049472806615
KW--MY,KW,MY,6359.303993511371
KW--MZ,KW,MZ,6338.889428931875
KW--NA,KW,NA,6632.472107878843
KW--NG,KW,NG,4773.114373945891
KW--NL,KW,NL,4340.780339990699
KW--NO,KW,NO,4389.464960636981
KW--NP,KW,NP,3643.141225747392
KW--NZ,KW,NZ,15089.939683437955
KW--OM,KW,OM,1234.9607298318515
KW--PA,KW,PA,12979.972339432086
KW--PE,KW,PE,14048.621153535418
KW--PG,KW,PG,11414.55124537431
KW--PH,KW,PH,7601.639864188577
KW--PK,KW,PK,2433.291828337487
KW--PL,KW,PL,3372.082544093207
KW--PT,KW,PT,5289.659729632218
KW--QA,KW,QA,573.3171883026479
KW--RO,KW,RO,2553.5551090171584
KW--RS,KW,RS,2963.020019451662
KW--RU,KW,RU,3044.09192955812
KW--RW,KW,RW,3957.1069484917716
KW--SA,KW,SA,537.4532371362995
KW--SB,KW,SB,12651.06241647083
KW--SE,KW,SE,4024.89030828534
KW--SG,KW,SG,6673.482581511398
KW--SN,KW,SN,6864.3731708197665
KW--TH,KW,TH,5659.35338113834
KW--TN,KW,TN,3599.040661206099
KW--TO,KW,TO,15608.65099303324
KW--TR,KW,TR,1809.592331101263
KW--TZ,KW,TZ,4146.218432777519
KW--UA,KW,UA,2759.3484447703286
KW--UG,KW,UG,3607.0007166510914
KW--US,KW,US,10544.39228041099
KW--UY,KW,UY,13013.054156681255
KW--UZ,KW,UZ,2337.0293841154325
KW--VN,KW,VN,5848.125280494379
KW--VU,KW,VU,13867.04026996075
KW--WS,KW,WS,15598.634390627036
KW--ZA,KW,ZA,6449.41799115228
KW--ZM,KW,ZM,5388.574919083403
KW--ZW,KW,ZW,5529.021464960827
LA--LB,LA,LB,6832.124211901772
LA--MA,LA,MA,10596.304632339776
LA--MG,LA,MG,7274.7786761335965
LA--MN,LA,MN,3345.2210824578788
LA--MR,LA,MR,12212.172138697346
LA--MX,LA,MX,15240.326064303497
LA--MY,LA,MY,1639.8804023979283
LA--MZ,LA,MZ,8995.646787593367
LA--NA,LA,NA,10324.868837396978
LA--NG,LA,NG,10238.563575964086
LA--NL,LA,NL,8953.70518563622
LA--NO,LA,NO,8397.17415082617
LA--NP,LA,NP,2073.3432683043293
LA--NZ,LA,NZ,9900.435151284062
LA--OM,LA,OM,4606.733861782777
LA--PA,LA,PA,17015.6744143146
LA--PE,LA,PE,19347.842200308114
LA--PG,LA,PG,5764.084770806239
LA--PH,LA,PH,1998.3824199323299
LA--PK,LA,PK,3408.3921106496114
LA--PL,LA,PL,7881.048595622412
LA--PT,LA,PT,10546.76932631335
LA--QA,LA,QA,5318.211090858258
LA--RO,LA,RO,7571.605119193781
LA--RS,LA,RS,8011.617608406417
LA--RU,LA,RU,6812.862418814192
LA--RW,LA,RW,8240.660877192782
LA--SA,LA,SA,5802.1870313796035
LA--SB,LA,SB,6992.984242800758
LA--SE,LA,SE,7995.416217394354
LA--SG,LA,SG,1849.1933701052074
LA--SN,LA,SN,12525.622387796486
LA--TH,LA,TH,517.0894976156816
LA--TN,LA,TN,9045.050298810385
LA--TO,LA,TO,9947.29345023819
LA--TR,LA,TR,7038.4846166116595
LA--TZ,LA,TZ,7810.389837779813
LA--UA,LA,UA,7224.142375928774
LA--UG,LA,UG,7893.30932982456
LA--US,LA,US,13708.938124504955
LA--UY,LA,UY,17204.370881069142
LA--UZ,LA,UZ,4091.3604039070233
LA--VN,LA,VN,481.24834838017995
LA--VU,LA,VU,8206.057209776884
LA--WS,LA,WS,10036.544620017452
LA--ZA,LA,ZA,9384.114771369066
LA--ZM,LA,ZM,8946.745512991889
LA--ZW,LA,ZW,8774.954679205655
LB--MA,LB,MA,3885.4977207745587
LB--MG,LB,MG,5979.276189661187
LB--MN,LB,MN,5992.068815800316
LB--MR,LB,MR,5383.080548768962
LB--MX,LB,MX,12403.650858222294
LB--MY,LB,MY,7626.31746294087
LB--MZ,LB,MZ,6628.538077414494
LB--NA,LB,NA,6544.731468296073
LB--NG,LB,NG,3965.3758975772957
LB--NL,LB,NL,3185.649663114802
LB--NO,LB,NO,3411.500373116494
LB--NP,LB,NP,4769.539478605479
LB--NZ,LB,NZ,16367.997386592724
LB--OM,LB,OM,2517.1502146121484
LB--PA,LB,PA,11698.644640091328
LB--PE,LB,PE,12828.965993619591
LB--PG,LB,PG,12595.217009819775
LB--PH,LB,PH,8710.473412665811
LB--PK,LB,PK,3467.6227518022993
LB--PL,LB,PL,2349.106331481118
LB--PT,LB,PT,4007.1527010786
LB--QA,LB,QA,1817.7287031876024
LB--RO,LB,RO,1424.827218022456
LB--RS,LB,RS,1771.683770687878
LB--RU,LB,RU,2436.930580321914
LB--RW,LB,RW,4006.418230673028
LB--SA,LB,SA,1496.4498224996782
LB--SB,LB,SB,13760.792400683158
LB--SE,LB,SE,3108.7219109819152
LB--SG,LB,SG,7941.735170101704
LB--SN,LB,SN,5711.01356614648
LB--TH,LB,TH,6874.328944625466
LB--TN,LB,TN,2318.498469480532
LB--TO,LB,TO,16694.528153279014
LB--TR,LB,TR,712.0484184623677
LB--TZ,LB,TZ,4433.491361578226
LB--UA,LB,UA,1884.2034186830722
LB--UG,LB,UG,3727.000698333214
LB--US,LB,US,9373.700336540738
LB--UY,LB,UY,12197.406527441306
LB--UZ,LB,UZ,3074.391399810389
LB--VN,LB,VN,6967.813110069805
LB--VU,LB,VU,15018.041874894254
LB--WS,LB,WS,16488.197198738973
LB--ZA,LB,ZA,6638.627906522358
LB--ZM,LB,ZM,5508.197078939523
LB--ZW,LB,ZW,5739.877526449239
MA--MG,MA,MG,8214.497201998718
MA--MN,MA,MN,8800.132619655777
MA--MR,MA,MR,1986.2574109557029
MA--MX,MA,MX,9030.70859335305
MA--MY,MA,MY,11510.602148512982
MA--MZ,MA,MZ,7836.442536989188
MA--NA,MA,NA,6756.5806399252
MA--NG,MA,NG,3128.743164350726
MA--NL,MA,NL,2242.2927982728406
MA--NO,MA,NO,3151.447797422512
MA--NP,MA,NP,8527.574037485649
MA--NZ,MA,NZ,19184.614067775434
MA--OM,MA,OM,6385.01631350243
MA--PA,MA,PA,7866.965745163544
MA--PE,MA,PE,8994.063367057093
MA--PG,MA,PG,16218.435171442728
MA--PH,MA,PH,12306.704272957739
MA--PK,MA,PK,7189.637834826475
MA--PL,MA,PL,3003.7613829081456
MA--PT,MA,PT,561.1139331622182
MA--QA,MA,QA,5658.8922232853565
MA--RO,MA,RO,3043.8400608914867
MA--RS,MA,RS,2621.3009564915283
MA--RU,MA,RU,4154.088683247983
MA--RW,MA,RW,5545.672140233744
MA--SA,MA,SA,5250.266926333236
MA--SB,MA,SB,16969.936931915265
MA--SE,MA,SE,3357.2928975060963
MA--SG,MA,SG,11826.42016648286
MA--SN,MA,SN,2391.787943560576
MA--TH,MA,TH,10705.56891983213
MA--TN,MA,TN,1573.6686344540815
MA--TO,MA,TO,18185.369906753018
MA--TR,MA,TR,3564.835480066176
MA--TZ,MA,TZ,6314.658277637436
MA--UA,MA,UA,3528.2254241343594
MA--UG,MA,UG,5548.038188391309
MA--US,MA,US,6156.291767126741
MA--UY,MA,UY,9195.457649749493
MA--UZ,MA,UZ,6548.641721955706
MA--VN,MA,VN,10647.136952745917
MA--VU,MA,VU,18137.194571384614
MA--WS,MA,WS,17307.13399242957
MA--ZA,MA,ZA,7578.285436291664
MA--ZM,MA,ZM,6617.5283034058175
MA--ZW,MA,ZW,7003.075775822631
MG--MN,MG,MN,9465.940051997477
MG--MR,MG,MR,8057.699234079064
MG--MX,MG,MX,16530.69374198182
MG--MY,MG,MY,6414.079646799854
MG--MZ,MG,MZ,1721.2057177758531
MG--NA,MG,NA,3189.5506787287127
MG--NG,MG,NG,5371.047774348823
MG--NL,MG,NL,8904.443218929064
MG--NO,MG,NO,9348.834933725255
MG--NP,MG,NP,6573.921508313895
MG--NZ,MG,NZ,11415.299007323332
MG--OM,MG,OM,4856.1441823644345
MG--PA,MG,PA,14228.332545920986
MG--PE,MG,PE,13049.29079880193
MG--PG,MG,PG,10681.751147961953
MG--PH,MG,PH,8863.001161212129
MG--PK,MG,PK,6428.105704364575
MG--PL,MG,PL,8292.311948363844
MG--PT,MG,PT,8690.73011479802
MG--QA,MG,QA,4909.354955477785
MG--RO,MG,RO,7345.114276154595
MG--RS,MG,RS,7572.610786770103
MG--RU,MG,RU,8326.092148538668
MG--RW,MG,RW,2672.767201796038
MG--SA,MG,SA,4819.385088960629
MG--SB,MG,SB,11983.388931384161
MG--SE,MG,SE,9079.068247608202
MG--SG,MG,SG,6549.822352492061
MG--SN,MG,SN,8034.944837748758
MG--TH,MG,TH,6843.126767522538
MG--TN,MG,TN,7308.330104071791
MG--TO,MG,TO,13592.626689025312
MG--TR,MG,TR,6689.37697761659
MG--TZ,MG,TZ,1900.1439862077864
MG--UA,MG,UA,7861.081253050363
MG--UG,MG,UG,2681.454107456233
MG--US,MG,US,14277.323033796603
MG--UY,MG,UY,10013.351138107133
MG--UZ,MG,UZ,7036.636195349333
MG--VN,MG,VN,7741.985249329947
MG--VU,MG,VU,12388.683099473481
MG--WS,MG,WS,14396.552199735414
MG--ZA,MG,ZA,2121.860297112494
MG--ZM,MG,ZM,2081.382501045089
MG--ZW,MG,ZW,1744.4410182129682
MN--MR,MN,MR,10761.781269562665
MN--MX,MN,MX,12106.404753275441
MN--MY,MN,MY,4984.215239898464
MN--MZ,MN,MZ,11027.487484790476
MN--NA,MN,NA,11825.050671347806
MN--NG,MN,NG,9957.217071347306
MN--NL,MN,NL,6673.320928625783
MN--NO,MN,NO,5877.219316944668
MN--NP,MN,NP,2919.195482312107
MN--NZ,MN,NZ,11925.05587040784
MN--OM,MN,OM,5022.05914650997
MN--PA,MN,PA,13670.845565331236
MN--PE,MN,PE,16009.776813166116
MN--PG,MN,PG,7490.76493710484
MN--PH,MN,PH,3915.241723883254
MN--PK,MN,PK,3219.4477554898917
MN--PL,MN,PL,5796.4857302268765
MN--PT,MN,PT,8520.83408336254
MN--QA,MN,QA,5411.7112821593455
MN--RO,MN,RO,5956.590248901528
MN--RS,MN,RS,6295.273280094182
MN--RU,MN,RU,4649.3930159032025
MN--RW,MN,RW,9193.689354756072
MN--SA,MN,SA,5814.15272442797
MN--SB,MN,SB,8213.26180694492
MN--SE,MN,SE,5554.032035888165
MN--SG,MN,SG,5174.618644756113
MN--SN,MN,SN,11159.929206343231
MN--TH,MN,TH,3834.5680667942684
MN--TN,MN,TN,7531.340874988176
MN--TO,MN,TO,10864.88320665889
MN--TR,MN,TR,5781.856100220814
MN--TZ,MN,TZ,9137.255130620166
MN--UA,MN,UA,5324.154700035272
MN--UG,MN,UG,8819.850705750689
MN--US,MN,US,10379.161827431399
MN--UY,MN,UY,17995.2839601491
MN--UZ,MN,UZ,3042.4332197757153
MN--VN,MN,VN,2983.9335986346127
MN--VU,MN,VU,9484.194307606054
MN--WS,MN,WS,10507.232916642082
MN--ZA,MN,ZA,11297.423523998517
MN--ZM,MN,ZM,10443.522093645423
MN--ZW,MN,ZW,10450.27911091282
MR--MX,MR,MX,8671.249383870661
MR--MY,MR,MY,12808.711967521387
MR--MZ,MR,MZ,7165.220057854529
MR--NA,MR,NA,5759.734156119125
MR--NG,MR,NG,2728.1845980794374
MR--NL,MR,NL,4217.054635984907
MR--NO,MR,NO,5114.627142203614
MR--NP,MR,NP,10152.570245300854
MR--NZ,MR,NZ,17236.716067617843
MR--OM,MR,OM,7699.353905212802
MR--PA,MR,PA,6923.655017555725
MR--PE,MR,PE,7490.116918965849
MR--PG,MR,PG,17975.641260530643
MR--PH,MR,PH,14075.978566506827
MR--PK,MR,PK,8841.19398646236
MR--PL,MR,PL,4972.338234602186
MR--PT,MR,PT,2381.3092877265813
MR--QA,MR,QA,6962.507246677803
MR--RO,MR,RO,4877.000461469822
MR--RS,MR,RS,4494.693910062419
MR--RU,MR,RU,6113.2135948693995
MR--RW,MR,RW,5508.973857061588
MR--SA,MR,SA,6495.048883295423
MR--SB,MR,SB,18955.942644839048
MR--SE,MR,SE,5340.09241759298
MR--SG,MR,SG,13107.74181665337
MR--SN,MR,SN,405.7375690266554
MR--TH,MR,TH,12220.298919239776
MR--TN,MR,TN,3294.581829829968
MR--TO,MR,TO,17831.349216080394
MR--TR,MR,TR,5256.139616466288
MR--TZ,MR,TZ,6282.334634278068
MR--UA,MR,UA,5448.602498934778
MR--UG,MR,UG,5660.552466948839
MR--US,MR,US,6280.272965900277
MR--UY,MR,UY,7238.347830797109
MR--UZ,MR,UZ,8318.324805835662
MR--VN,MR,VN,12346.270205401805
MR--VU,MR,VU,19577.652979407467
MR--WS,MR,WS,17399.24361846586
MR--ZA,MR,ZA,6809.220088652382
MR--ZM,MR,ZM,6106.4975703158525
MR--ZW,MR,ZW,6500.632048481067
MX--MY,MX,MY,16634.32204066329
MX--MZ,MX,MZ,15045.390399139493
MX--NA,MX,NA,13441.826199324532
MX--NG,MX,NG,11398.49344176858
MX--NL,MX,NL,9230.824470291544
MX--NO,MX,NO,9207.206656401106
MX--NP,MX,NP,14764.0983133296
MX--NZ,MX,NZ,11096.668791733968
MX--OM,MX,OM,14668.398228609823
MX--PA,MX,PA,2408.372769610331
MX--PE,MX,PE,4242.004305490678
MX--PG,MX,PG,12837.092838602022
MX--PH,MX,PH,14235.182311520231
MX--PK,MX,PK,14066.453084225219
MX--PL,MX,PL,10192.871677759145
MX--PT,MX,PT,8683.463178335352
MX--QA,MX,QA,14133.071805918884
MX--RO,MX,RO,11019.112213552125
MX--RS,MX,RS,10635.443629419437
MX--RU,MX,RU,10735.215575427284
MX--RW,MX,RW,14176.133129350143
MX--SA,MX,SA,13896.334176917055
MX--SB,MX,SB,11499.140357591721
MX--SE,MX,SE,9597.983316257523
MX--SG,MX,SG,16619.715449178875
MX--SN,MX,SN,8626.492575918614
MX--TH,MX,TH,15755.522525889133
MX--TN,MX,TN,10344.659740336068
MX--TO,MX,TO,9422.267789051213
MX--TR,MX,TR,11768.795374105772
MX--TZ,MX,TZ,14938.231690550672
MX--UA,MX,UA,10833.717889250147
MX--UG,MX,UG,14328.303430681613
MX--US,MX,US,3030.093510534221
MX--UY,MX,UY,7532.566339585039
MX--UZ,MX,UZ,13173.101091980598
MX--VN,MX,VN,14772.36666926787
MX--VU,MX,VU,10914.54079434984
MX--WS,MX,WS,8763.774299485003
MX--ZA,MX,ZA,14607.47105898857
MX--ZM,MX,ZM,14449.658732195481
MX--ZW,MX,ZW,14791.10168854421
MY--MZ,MY,MZ,8095.990205945421
MY--NA,MY,NA,9597.69909703597
MY--NG,MY,NG,10420.365898604718
MY--NL,MY,NL,10191.674131483782
MY--NO,MY,NO,9756.41766681565
MY--NP,MY,NP,3226.98966265436
MY--NZ,MY,NZ,8841.078241919804
MY--OM,MY,OM,5155.848807870263
MY--PA,MY,PA,18655.00400175422
MY--PE,MY,PE,19013.09740368873
MY--PG,MY,PG,5235.816802181299
MY--PH,MY,PH,2466.062114353582
MY--PK,MY,PK,4494.739093847033
MY--PL,MY,PL,9097.205754114833
MY--PT,MY,PT,11578.724073923351
MY--QA,MY,QA,5894.0563868425525
MY--RO,MY,RO,8621.965101579704
MY--RS,MY,RS,9070.83880484272
MY--RU,MY,RU,8120.2776123462945
MY--RW,MY,RW,7991.721981182306
MY--SA,MY,SA,6341.828455301534
MY--SB,MY,SB,6609.321546619804
MY--SE,MY,SE,9341.491142366964
MY--SG,MY,SG,316.8988719686071
MY--SN,MY,SN,13043.639094479997
MY--TH,MY,TH,1177.7394610704162
MY--TN,MY,TN,9938.654532736822
MY--TO,MY,TO,9425.701750275633
MY--TR,MY,TR,7987.759450740217
MY--TZ,MY,TZ,7402.73482591565
MY--UA,MY,UA,8411.290456319653
MY--UG,MY,UG,7695.632173548251
MY--US,MY,US,15344.127499182949
MY--UY,MY,UY,15824.497372452375
MY--UZ,MY,UZ,5322.883501830892
MY--VN,MY,VN,2027.1201148112582
MY--VU,MY,VU,7662.006962397205
MY--WS,MY,WS,9730.400411529747
MY--ZA,MY,ZA,8519.437119588007
MY--ZM,MY,ZM,8338.146049124984
MY--ZW,MY,ZW,8085.2629079196995
MZ--NA,MZ,NA,1617.1547081063597
MZ--NG,MZ,NG,4730.997452941835
MZ--NL,MZ,NL,9083.249368202642
MZ--NO,MZ,NO,9724.4459678251
MZ--NP,MZ,NP,8193.637791248608
MZ--NZ,MZ,NZ,11604.95920597465
MZ--OM,MZ,OM,6158.293019955521
MZ--PA,MZ,PA,12656.475562519694
MZ--PE,MZ,PE,11332.632121438339
MZ--PG,MZ,PG,11945.441730460221
MZ--PH,MZ,PH,10557.130368226006
MZ--PK,MZ,PK,7873.69094472026
MZ--PL,MZ,PL,8736.506463987955
MZ--PT,MZ,PT,8375.383595609803
MZ--QA,MZ,QA,6024.231499071567
MZ--RO,MZ,RO,7821.859333630893
MZ--RS,MZ,RS,7933.056208511094
MZ--RU,MZ,RU,9065.46293016901
MZ--RW,MZ,RW,2669.6373755290924
MZ--SA,MZ,SA,5802.455896759946
MZ--SB,MZ,SB,13115.160110203267
MZ--SE,MZ,SE,9547.421205402194
MZ--SG,MZ,SG,8211.201838878242
MZ--SN,MZ,SN,7045.149278109172
MZ--TH,MZ,TH,8563.67610171478
MZ--TN,MZ,TN,7332.856636778241
MZ--TO,MZ,TO,13998.125858937601
MZ--TR,MZ,TR,7293.386326850938
MZ--TZ,MZ,TZ,2213.618958304214
MZ--UA,MZ,UA,8463.405909920784
MZ--UG,MZ,UG,2906.8939237546506
MZ--US,MZ,US,13410.253666305256
MZ--UY,MZ,UY,8307.240405775214
MZ--UZ,MZ,UZ,8354.510013635863
MZ--VN,MZ,VN,9461.885456547925
MZ--VU,MZ,VU,13214.459514047772
MZ--WS,MZ,WS,14881.055520309317
MZ--ZA,MZ,ZA,437.9605499282224
MZ--ZM,MZ,ZM,1249.7314422495083
MZ--ZW,MZ,ZW,915.057328610879
NA--NG,NA,NG,3653.3293871807696
NA--NL,NA,NL,8383.482462412901
NA--NO,NA,NO,9160.211392229196
NA--NP,NA,NP,9202.37657392383
NA--NZ,NA,NZ,12569.98407116899
NA--OM,NA,OM,6803.246948262947
NA--PA,NA,PA,11069.957720468175
NA--PE,NA,PE,9925.153513447578
NA--PG,NA,PG,13534.88492888127
NA--PH,NA,PH,12030.828425400887
NA--PK,NA,PK,8606.549409663012
NA--PL,NA,PL,8297.063157621911
NA--PT,NA,PT,7316.067913645264
NA--QA,NA,QA,6470.381172214637
NA--RO,NA,RO,7475.780121390986
NA--RS,NA,RS,7469.8566486768905
NA--RU,NA,RU,8893.567775530326
NA--RW,NA,RW,2677.9291786461395
NA--SA,NA,SA,6130.030558356236
NA--SB,NA,SB,14643.04460874487
NA--SE,NA,SE,9079.355011301726
NA--SG,NA,SG,9739.086048355242
NA--SN,NA,SN,5586.623729451651
NA--TH,NA,TH,9936.92515640258
NA--TN,NA,TN,6611.458997248667
NA--TO,NA,TO,14989.71872040495
NA--TR,NA,TR,7110.17045770758
NA--TZ,NA,TZ,2702.8893300005825
NA--UA,NA,UA,8193.840454900606
NA--UG,NA,UG,3038.8840219415974
NA--US,NA,US,11891.452773060013
NA--UY,NA,UY,7133.64151997471
NA--UZ,NA,UZ,8888.634914198521
NA--VN,NA,VN,10768.483590933281
NA--VU,NA,VU,14565.93314852716
NA--WS,NA,WS,15864.550532124316
NA--ZA,NA,ZA,1184.2314005778449
NA--ZM,NA,ZM,1419.3962386925864
NA--ZW,NA,ZW,1550.0734878251449
NG--NL,NG,NL,4803.701354562851
NG--NO,NG,NO,5646.7717130159035
NG--NP,NG,NP,8351.350478609456
NG--NZ,NG,NZ,16223.187399540882
NG--OM,NG,OM,5654.964293731907
NG--PA,NG,PA,9543.62386190842
NG--PE,NG,PE,9643.897366310626
NG--PG,NG,PG,15606.654160001539
NG--PH,NG,PH,12235.34688266842
NG--PK,NG,PK,7205.476952378416
NG--PL,NG,PL,4940.545235260267
NG--PT,NG,PT,3682.00110841764
NG--QA,NG,QA,4983.643582531216
NG--RO,NG,RO,4307.757882103816
NG--RS,NG,RS,4151.574454930787
NG--RU,NG,RU,5807.769283957347
NG--RW,NG,RW,2781.0426121241567
NG--SA,NG,SA,4500.0833361671885
NG--SB,NG,SB,17006.510043026243
NG--SE,NG,SE,5648.083214797142
NG--SG,NG,SG,10690.478531487915
NG--SN,NG,SN,2792.475346325268
NG--TH,NG,TH,10098.775445297742
NG--TN,NG,TN,3081.572525734272
NG--TO,NG,TO,18639.326726091025
NG--TR,NG,TR,4240.937563878063
NG--TZ,NG,TZ,3557.1927842916293
NG--UA,NG,UA,5050.317778330715
NG--UG,NG,UG,2940.7115469264595
NG--US,NG,US,8912.837189115719
NG--UY,NG,UY,8268.41120304098
NG--UZ,NG,UZ,6999.260211789585
NG--VN,NG,VN,10509.155498205999
NG--VU,NG,VU,17742.05773187746
NG--WS,NG,WS,19472.45327265993
NG--ZA,NG,ZA,4454.133473532923
NG--ZM,NG,ZM,3546.7169108009534
NG--ZW,NG,ZW,3941.454327675122
NL--NO,NL,NO,916.4123574186069
NL--NP,NL,NP,6986.280769995927
NL--NZ,NL,NZ,18559.7377139544
NL--OM,NL,OM,5516.176605599555
NL--PA,NL,PA,8847.585782259703
NL--PE,NL,PE,10520.554598873148
NL--PG,NL,PG,14164.081545855348
NL--PH,NL,PH,10403.669642766034
NL--PK,NL,PK,5697.10532452438
NL--PL,NL,PL,1094.9218044055763
NL--PT,NL,PT,1863.734590183404
NL--QA,NL,QA,4913.428694703748
NL--RO,NL,RO,1789.2358717064328
NL--RS,NL,RS,1415.6122859663958
NL--RU,NL,RU,2153.7587182460625
NL--RW,NL,RW,6464.278220805646
NL--SA,NL,SA,4668.278240051819
NL--SB,NL,SB,14740.246397114142
NL--SE,NL,SE,1131.6300553848139
NL--SG,NL,SG,10501.875707111722
NL--SN,NL,SN,4622.391187616452
NL--TH,NL,TH,9184.527369269523
NL--TN,NL,TN,1776.5520601210303
NL--TO,NL,TO,16539.823296008486
NL--TR,NL,TR,2538.4405504203605
NL--TZ,NL,TZ,7113.778557184179
NL--UA,NL,UA,1785.0113835275376
NL--UG,NL,UG,6317.524898484901
NL--US,NL,US,6206.190650303078
NL--UY,NL,UY,11331.131884206841
NL--UZ,NL,UZ,4889.475570266186
NL--VN,NL,VN,8893.9631609998
NL--VU,NL,VU,15899.792139573194
NL--WS,NL,WS,15721.94096172607
NL--ZA,NL,ZA,8939.953838554835
NL--ZM,NL,ZM,7838.67800934252
NL--ZW,NL,ZW,8174.03361476448
NO--NP,NO,NP,6529.835022210055
NO--NZ,NO,NZ,17661.515954076174
NO--OM,NO,OM,5461.804761008516
NO--PA,NO,PA,9165.235256418691
NO--PE,NO,PE,11033.614836586856
NO--PG,NO,PG,13347.648509367631
NO--PH,NO,PH,9696.528062913647
NO--PK,NO,PK,5312.256150502484
NO--PL,NO,PL,1063.2419616955133
NO--PT,NO,PT,2741.1243604470806
NO--QA,NO,QA,4954.737446585661
NO--RO,NO,RO,2006.5511499337738
NO--RS,NO,RS,1801.2326786764495
NO--RU,NO,RU,1648.9149949297591
NO--RW,NO,RW,7064.031960259741
NO--SA,NO,SA,4801.67564551418
NO--SB,NO,SB,13845.907299820974
NO--SE,NO,SE,419.02432565533144
NO--SG,NO,SG,10056.000762360305
NO--SN,NO,SN,5518.823019077122
NO--TH,NO,TH,8681.465564165668
NO--TN,NO,TN,2570.7061169190347
NO--TO,NO,TO,15671.663786763896
NO--TR,NO,TR,2704.0156611690363
NO--TZ,NO,TZ,7652.737178326697
NO--UA,NO,UA,1632.1575353448625
NO--UG,NO,UG,6873.9152196927225
NO--US,NO,US,6247.236504991629
NO--UY,NO,UY,12147.57168377732
NO--UZ,NO,UZ,4442.2258070473
NO--VN,NO,VN,8283.764374187
NO--VU,NO,VU,14987.37502561388
NO--WS,NO,WS,14885.68884978876
NO--ZA,NO,ZA,9623.202914754816
NO--ZM,NO,ZM,8498.263443511198
NO--ZW,NO,ZW,8809.419092122484
NP--NZ,NP,NZ,11943.300555827274
NP--OM,NP,OM,2715.5419509364065
NP--PA,NP,PA,15632.976078637377
NP--PE,NP,PE,17491.88351560836
NP--PG,NP,PG,7826.998989132811
NP--PH,NP,PH,3959.9675130027895
NP--PK,NP,PK,1338.1883486401364
NP--PL,NP,PL,5896.207924333988
NP--PT,NP,PT,8498.332396350197
NP--QA,NP,QA,3367.995979004616
NP--RO,NP,RO,5516.46712099343
NP--RS,NP,RS,5960.52053696068
NP--RU,NP,RU,4893.9537573865955
NP--RW,NP,RW,6755.956224602809
NP--SA,NP,SA,3852.635044114337
NP--SB,NP,SB,9015.144334707087
NP--SE,NP,SE,6114.564877452548
NP--SG,NP,SG,3529.335073429375
NP--SN,NP,SN,10477.335395655235
NP--TH,NP,TH,2208.5912302980732
NP--TN,NP,TN,6972.408578079292
NP--TO,NP,TO,11972.504118707804
NP--TR,NP,TR,4966.330119114702
NP--TZ,NP,TZ,6513.105469763539
NP--UA,NP,UA,5219.978400486919
NP--UG,NP,UG,6383.482199534925
NP--US,NP,US,12405.133485744807
NP--UY,NP,UY,16298.878357970645
NP--UZ,NP,UZ,2099.893691661445
NP--VN,NP,VN,2207.187891160316
NP--VU,NP,VU,10253.409695075909
NP--WS,NP,WS,11978.672131238565
NP--ZA,NP,ZA,8503.786250301178
NP--ZM,NP,ZM,7783.812557262222
NP--ZW,NP,ZW,7719.837928273884
NZ--OM,NZ,OM,13855.49789049105
NZ--PA,NZ,PA,11974.447415972587
NZ--PE,NZ,PE,10603.194453734135
NZ--PG,NZ,PG,4448.034641920524
NZ--PH,NZ,PH,8297.851486247824
NZ--PK,NZ,PK,13275.521678301031
NZ--PL,NZ,PL,17691.173617194832
NZ--PT,NZ,PT,19574.147927995775
NZ--QA,NZ,QA,14551.201162563011
NZ--RO,NZ,RO,17454.50767769802
NZ--RS,NZ,RS,17901.747623896885
NZ--RU,NZ,RU,16540.092712129524
NZ--RW,NZ,RW,14042.885338535352
NZ--SA,NZ,SA,14909.574515612963
NZ--SB,NZ,SB,3819.856517654063
NZ--SE,NZ,SE,17431.595018365642
NZ--SG,NZ,SG,8524.39955416985
NZ--SN,NZ,SN,16831.97657147853
NZ--TH,NZ,TH,9738.52130758697
NZ--TN,NZ,TN,18600.746151243373
NZ--TO,NZ,TO,2425.725764193346
NZ--TR,NZ,TR,16822.326113303774
NZ--TZ,NZ,TZ,13304.17710041557
NZ--UA,NZ,UA,17096.747525416675
NZ--UG,NZ,UG,14095.79245940337
NZ--US,NZ,US,14074.670366616207
NZ--UY,NZ,UY,10101.157026924444
NZ--UZ,NZ,UZ,13988.425615157512
NZ--VN,NZ,VN,9897.357844060565
NZ--VU,NZ,VU,2684.5348126322237
NZ--WS,NZ,WS,3311.7401942995084
NZ--ZA,NZ,ZA,11827.417766624114
NZ--ZM,NZ,ZM,12846.136861411627
NZ--ZW,NZ,ZW,12473.36089852098
OM--PA,OM,PA,14214.909294179639
OM--PE,OM,PE,15180.083604309139
OM--PG,OM,PG,10290.96324044929
OM--PH,OM,PH,6592.075522978374
OM--PK,OM,PK,1807.4470969358867
OM--PL,OM,PL,4497.163082116284
OM--PT,OM,PT,6524.297409161879
OM--QA,OM,QA,739.3693190461778
OM--RO,OM,RO,3745.3584592649654
OM--RS,OM,RS,4170.104789810405
OM--RU,OM,RU,3961.5929944091577
OM--RW,OM,RW,4188.999152971988
OM--SA,OM,SA,1206.784041783346
OM--SB,OM,SB,11582.684242052414
OM--SE,OM,SE,5070.737221302157
OM--SG,OM,SG,5467.365629106078
OM--SN,OM,SN,7976.044137614642
OM--TH,OM,TH,4537.485392531595
OM--TN,OM,TN,4829.857022955794
OM--TO,OM,TO,14515.12804919279
OM--TR,OM,TR,3016.478102837385
OM--TZ,OM,TZ,4126.612499080772
OM--UA,OM,UA,3839.8939773738857
OM--UG,OM,UG,3812.71147026301
OM--US,OM,US,11689.9562924408
OM--UY,OM,UY,13671.642688840044
OM--UZ,OM,UZ,2201.4226150239397
OM--VN,OM,VN,4855.111716363418
OM--VU,OM,VU,12750.224542391523
OM--WS,OM,WS,14642.04782599259
OM--ZA,OM,ZA,6362.647238799406
OM--ZM,OM,ZM,5433.0715209639375
OM--ZW,OM,ZW,5474.602152855096
PA--PE,PA,PE,2340.292949252986
PA--PG,PA,PG,14905.168782372046
PA--PH,PA,PH,16564.39520453176
PA--PK,PA,PK,14477.068016496049
PA--PL,PA,PL,9934.361079191727
PA--PT,PA,PT,7692.408213037765
PA--QA,PA,QA,13508.165912051369
PA--RO,PA,RO,10534.258083365747
PA--RS,PA,RS,10092.24832389941
PA--RU,PA,RU,10814.110618690618
PA--RW,PA,RW,12206.211754627206
PA--SA,PA,SA,13115.590962944276
PA--SB,PA,SB,13507.477581404259
PA--SE,PA,SE,9584.237930516418
PA--SG,PA,SG,18811.325627285587
PA--SN,PA,SN,6773.2927143419865
PA--TH,PA,TH,17491.096178034866
PA--TN,PA,TN,9395.930575086064
PA--TO,PA,TO,10957.506066054457
PA--TR,PA,TR,11228.512938408247
PA--TZ,PA,TZ,12896.722693608579
PA--UA,PA,UA,10626.926475769636
PA--UG,PA,UG,12442.84133058522
PA--US,PA,US,3325.215648522738
PA--UY,PA,UY,5438.859095379452
PA--UZ,PA,UZ,13594.59557031042
PA--VN,PA,VN,16634.156900402486
PA--VU,PA,VU,12655.066621646383
PA--WS,PA,WS,10488.785035384819
PA--ZA,PA,ZA,12219.6658686556
PA--ZM,PA,ZM,12179.37528953887
PA--ZW,PA,ZW,12489.018284524771
PE--PG,PE,PG,14588.498067915374
PE--PH,PE,PH,18061.562360216984
PE--PK,PE,PK,16162.263423580987
PE--PL,PE,PL,11605.331422578916
PE--PT,PE,PT,8998.891148044428
PE--QA,PE,QA,14447.728724700153
PE--RO,PE,RO,11981.270210655885
PE--RS,PE,RS,11535.537605537229
PE--RU,PE,RU,12642.025820968918
PE--RW,PE,RW,11831.762266437076
PE--SA,PE,SA,13973.306966781403
PE--SB,PE,SB,13294.362041871036
PE--SE,PE,SE,11441.259792616573
PE--SG,PE,SG,18810.963551971927
PE--SN,PE,SN,7204.605952041671
PE--TH,PE,TH,19698.995438807557
PE--TN,PE,TN,10561.981573914787
PE--TO,PE,TO,10367.513976107744
PE--TR,PE,TR,12558.030392220066
PE--TZ,PE,TZ,12329.431436465999
PE--UA,PE,UA,12276.18489244182
PE--UG,PE,UG,12161.536840103645
PE--US,PE,US,5639.750595100949
PE--UY,PE,UY,3291.115964347781
PE--UZ,PE,UZ,15408.316722980486
PE--VN,PE,VN,18964.769886212795
PE--VU,PE,VU,12129.511836649277
PE--WS,PE,WS,10196.702414777266
PE--ZA,PE,ZA,10927.706572983134
PE--ZM,PE,ZM,11264.630172457417
PE--ZW,PE,ZW,11470.250890453255
PG--PH,PG,PH,3931.640134423067
PG--PK,PG,PK,9144.93118854706
PG--PL,PG,PL,13247.047449270145
PG--PT,PG,PT,16003.679126391928
PG--QA,PG,QA,11024.985693929128
PG--RO,PG,RO,13192.788121498259
PG--RS,PG,RS,13603.105973365227
PG--RU,PG,RU,12093.85832023428
PG--RW,PG,RW,12953.033579385467
PG--SA,PG,SA,11497.442312593934
PG--SB,PG,SB,1400.9053079154696
PG--SE,PG,SE,13042.012185251673
PG--SG,PG,SG,4949.569377006219
PG--SN,PG,SN,18265.800822091296
PG--TH,PG,TH,5760.1419920789895
PG--TN,PG,TN,14746.870926639749
PG--TO,PG,TO,4225.20134482748
PG--TR,PG,TR,12753.447423839452
PG--TZ,PG,TZ,12237.215546806916
PG--UA,PG,UA,12691.987340355032
PG--UG,PG,UG,12724.74374230604
PG--US,PG,US,14552.442173548901
PG--UY,PG,UY,14521.525192227848
PG--UZ,PG,UZ,9705.131911795008
PG--VN,PG,VN,5641.408011302688
PG--VU,PG,VU,2459.440466681962
PG--WS,PG,WS,4498.922405482294
PG--ZA,PG,ZA,12362.594879149588
PG--ZM,PG,ZM,12756.342712427797
PG--ZW,PG,ZW,12393.179205115552
PH--PK,PH,PK,5243.043281285031
PH--PL,PH,PL,9401.353126559421
PH--PT,PH,PT,12158.658514091412
PH--QA,PH,QA,7291.758975073772
PH--RO,PH,RO,9267.287468906932
PH--RS,PH,RS,9685.404935606488
PH--RU,PH,RU,8263.687185942246
PH--RW,PH,RW,10171.17863455256
PH--SA,PH,SA,7777.541785883041
PH--SB,PH,SB,5056.831216644656
PH--SE,PH,SE,9334.537508472053
PH--SG,PH,SG,2390.7414869355152
PH--SN,PH,SN,14418.882901521349
PH--TH,PH,TH,2210.5386059799803
PH--TN,PH,TN,10815.233024948906
PH--TO,PH,TO,8012.961117653795
PH--TR,PH,TR,8825.320128288235
PH--TZ,PH,TZ,9678.483597737211
PH--UA,PH,UA,8803.13834931306
PH--UG,PH,UG,9836.326500520754
PH--US,PH,US,13794.409050888704
PH--UY,PH,UY,17743.036030345735
PH--UZ,PH,UZ,5773.5325339047295
PH--VN,PH,VN,1753.51520467526
PH--VU,PH,VU,6308.201415244423
PH--WS,PH,WS,8050.747558318936
PH--ZA,PH,ZA,10977.236086385761
PH--ZM,PH,ZM,10721.906817723646
PH--ZW,PH,ZW,10497.794552044848
PK--PL,PK,PL,4602.495627474602
PK--PT,PK,PT,7163.814796154422
PK--QA,PK,QA,2289.536346758989
PK--RO,PK,RO,4181.35055314904
PK--RS,PK,RS,4626.743529520161
PK--RU,PK,RU,3663.3667982996626
PK--RW,PK,RW,5994.698195141419
PK--SA,PK,SA,2746.9203972212576
PK--SB,PK,SB,10294.663499002647
PK--SE,PK,SE,4893.339704305134
PK--SG,PK,SG,4805.798234579985
PK--SN,PK,SN,9176.75777699108
PK--TH,PK,TH,3537.00596976539
PK--TN,PK,TN,5636.8914473679415
PK--TO,PK,TO,13241.317413414403
PK--TR,PK,TR,3630.164700361784
PK--TZ,PK,TZ,5918.593677349072
PK--UA,PK,UA,3917.0789197104828
PK--UG,PK,UG,5618.749031727315
PK--US,PK,US,11400.093863122374
PK--UY,PK,UY,15409.46849362355
PK--UZ,PK,UZ,911.254687093418
PK--VN,PK,VN,3505.121440740511
PK--VU,PK,VU,11551.16050769493
PK--WS,PK,WS,13168.19848410069
PK--ZA,PK,ZA,8112.013533205837
PK--ZM,PK,ZM,7225.3236694345605
PK--ZW,PK,ZW,7244.442054747014
PL--PT,PL,PT,2764.3828082154164
PL--QA,PL,QA,3943.3388240871404
PL--RO,PL,RO,947.2518794955888
PL--RS,PL,RS,827.2980335652052
PL--RU,PL,RU,1153.7042757281965
PL--RW,PL,RW,6067.352656633549
PL--SA,PL,SA,3759.573078472261
PL--SB,PL,SB,13992.101593667861
PL--SE,PL,SE,811.0678916510533
PL--SG,PL,SG,9407.779211369656
PL--SN,PL,SN,5374.182544640709
PL--TH,PL,TH,8098.393477126799
PL--TN,PL,TN,1915.2358250220718
PL--TO,PL,TO,16281.357680931698
PL--TR,PL,TR,1643.9711830727663
PL--TZ,PL,TZ,6625.089583909204
PL--UA,PL,UA,692.6191579526396
PL--UG,PL,UG,5857.107535705121
PL--US,PL,US,7193.4756064615285
PL--UY,PL,UY,12199.21005435099
PL--UZ,PL,UZ,3802.985324265376
PL--VN,PL,VN,7841.5860049775565
PL--VU,PL,VU,15235.315957231514
PL--WS,PL,WS,15595.983321214448
PL--ZA,PL,ZA,8664.282423992168
PL--ZM,PL,ZM,7529.247026898163
PL--ZW,PL,ZW,7822.841069298793
PT--QA,PT,QA,5816.574644680826
PT--RO,PT,RO,2982.4697794552976
PT--RS,PT,RS,2537.848986406523
PT--RU,PT,RU,3914.4159356158557
PT--RW,PT,RW,6032.752301796642
PT--SA,PT,SA,5439.2308630361285
PT--SB,PT,SB,16584.554233680767
PT--SE,PT,SE,2995.36350558735
PT--SG,PT,SG,11895.612616239241
PT--SN,PT,SN,2783.0075400457886
PT--TH,PT,TH,10700.203395730496
PT--TN,PT,TN,1712.9863981075932
PT--TO,PT,TO,17649.94345672996
PT--TR,PT,TR,3591.021107942153
PT--TZ,PT,TZ,6791.6053069734035
PT--UA,PT,UA,3358.8699560469204
PT--UG,PT,UG,6012.857634853202
PT--US,PT,US,5747.733844579292
PT--UY,PT,UY,9477.996641905562
PT--UZ,PT,UZ,6461.527742693305
PT--VN,PT,VN,10555.511894474732
PT--VU,PT,VU,17664.733855435716
PT--WS,PT,WS,16765.0526041418
PT--ZA,PT,ZA,8125.504330805197
PT--ZM,PT,ZM,7149.063650404625
PT--ZW,PT,ZW,7531.381421874694
QA--RO,QA,RO,3125.4483119530264
QA--RS,QA,RS,3531.111989257714
QA--RU,QA,RU,3567.7879431262654
QA--RW,QA,RW,3800.6064420283865
QA--SA,QA,SA,486.1095101475836
QA--SB,QA,SB,12305.855779377425
QA--SE,QA,SE,4584.79776087558
QA--SG,QA,SG,6205.020253686826
QA--SN,QA,SN,7243.196876720815
QA--TH,QA,TH,5267.419654240695
QA--TN,QA,TN,4113.010240852028
QA--TO,QA,TO,15246.871182407252
QA--TR,QA,TR,2379.6666349636275
QA--TZ,QA,TZ,3878.258227611571
QA--UA,QA,UA,3322.9638047490484
QA--UG,QA,UG,3433.0580061219475
QA--US,QA,US,11117.613382907713
QA--UY,QA,UY,13121.00508231258
QA--UZ,QA,UZ,2418.2803192336783
QA--VN,QA,VN,5545.096630065515
QA--VU,QA,VU,13484.418186143432
QA--WS,QA,WS,15339.366896974749
QA--ZA,QA,ZA,6173.59948866245
QA--ZM,QA,ZM,5161.005510496967
QA--ZW,QA,ZW,5260.151740202674
RO--RS,RO,RS,448.88049915643234
RO--RU,RO,RU,1500.320200804588
RO--RW,RO,RW,5153.083377997383
RO--SA,RO,SA,2884.8366371774937
RO--SB,RO,SB,14134.59556812225
RO--SE,RO,SE,1745.8160338533548
RO--SG,RO,SG,8938.09669025004
RO--SN,RO,SN,5258.941196852763
RO--TH,RO,TH,7717.858818746419
RO--TN,RO,TN,1587.1732838641703
RO--TO,RO,TO,16767.835155284487
RO--TR,RO,TR,749.7363433879308
RO--TZ,RO,TZ,5688.917689300242
RO--UA,RO,UA,745.320558680516
RO--UG,RO,UG,4928.912813587977
RO--US,RO,US,7995.423973060191
RO--UY,RO,UY,12074.3715892451
RO--UZ,RO,UZ,3505.170869539727
RO--VN,RO,VN,7605.208787971388
RO--VU,RO,VU,15420.259230304846
RO--WS,RO,WS,16218.258412866386
RO--ZA,RO,ZA,7769.374868902908
RO--ZM,RO,ZM,6630.777801854615
RO--ZW,RO,ZW,6911.125599597723
RS--RU,RS,RU,1715.115506740624
RS--RW,RS,RW,5267.5431840490355
RS--SA,RS,SA,3260.895741165904
RS--SB,RS,SB,14499.99240643119
RS--SE,RS,SE,1624.836597492011
RS--SG,RS,SG,9386.976288087719
RS--SN,RS,SN,4883.53537469477
RS--TH,RS,TH,8163.682984294208
RS--TN,RS,TN,1241.4439537532473
RS--TO,RS,TO,17013.303375185365
RS--TR,RS,TR,1154.8129885058418
RS--TZ,RS,TZ,5852.068869636772
RS--UA,RS,UA,978.3729473074634
RS--UG,RS,UG,5072.766962372453
RS--US,RS,US,7606.590710242482
RS--UY,RS,UY,11719.270619481353
RS--UZ,RS,UZ,3936.0156547242937
RS--VN,RS,VN,8036.7012744630765
RS--VU,RS,VU,15778.306241108083
RS--WS,RS,WS,16382.850604226871
RS--ZA,RS,ZA,7848.967214678845
RS--ZM,RS,ZM,6716.7386048731205
RS--ZW,RS,ZW,7018.234591139757
RU--RW,RU,RW,6433.965428167404
RU--SA,RU,SA,3534.752218874367
RU--SB,RU,SB,12856.91288980308
RU--SE,RU,SE,1229.9731142543035
RU--SG,RU,SG,8423.25704331817
RU--SN,RU,SN,6512.783222072082
RU--TH,RU,TH,7067.659230722097
RU--TN,RU,TN,2947.5366470670674
RU--TO,RU,TO,15303.109185189896
RU--TR,RU,TR,1794.0390917111781
RU--TZ,RU,TZ,6867.0776383606935
RU--UA,RU,UA,758.4899016199972
RU--UG,RU,UG,6162.83446921005
RU--US,RU,US,7841.159346134234
RU--UY,RU,UY,13347.716787574569
RU--UZ,RU,UZ,2798.738165174592
RU--VN,RU,VN,6741.157984103333
RU--VU,RU,VU,14114.715361410732
RU--WS,RU,WS,14719.333491095322
RU--ZA,RU,ZA,9069.35134739535
RU--ZM,RU,ZM,7934.663004110156
RU--ZW,RU,ZW,8175.309946170991
RW--SA,RW,SA,3452.102975259275
RW--SB,RW,SB,14338.519102628527
RW--SE,RW,SE,6878.376713059651
RW--SG,RW,SG,8221.41567937317
RW--SN,RW,SN,5552.39053996496
RW--TH,RW,TH,7961.6269983871825
RW--TN,RW,TN,4758.217954997164
RW--TO,RW,TO,16265.057502841728
RW--TR,RW,TR,4646.281774351861
RW--TZ,RW,TZ,786.2450457115517
RW--UA,RW,UA,5805.23412650611
RW--UG,RW,UG,376.6426734287269
RW--US,RW,US,11622.247667961363
RW--UY,RW,UY,9545.674532836689
RW--UZ,RW,UZ,6217.497197412539
RW--VN,RW,VN,8621.345416676919
RW--VU,RW,VU,14962.092701120999
RW--WS,RW,WS,17052.67676969268
RW--ZA,RW,ZA,2635.6665323069883
RW--ZM,RW,ZM,1501.801097522413
RW--ZW,RW,ZW,1758.0909994189374
SA--SB,SA,SB,12786.827090785158
SA--SE,SA,SE,4455.253572286667
SA--SG,SA,SG,6650.377147627449
SA--SN,SA,SN,6769.35265921719
SA--TH,SA,TH,5743.87829967849
SA--TN,SA,TN,3727.2651129661485
SA--TO,SA,TO,15721.886269165168
SA--TR,SA,TR,2136.6388154460656
SA--TZ,SA,TZ,3613.574172900528
SA--UA,SA,UA,3186.9350881907417
SA--UG,SA,UG,3095.2333982024825
SA--US,SA,US,10867.268528060538
SA--UY,SA,UY,12663.505471626546
SA--UZ,SA,UZ,2786.1103375562457
SA--VN,SA,VN,6031.190406332703
SA--VU,SA,VU,13956.516657014376
SA--WS,SA,WS,15825.475229405078
SA--ZA,SA,ZA,5917.429203536842
SA--ZM,SA,ZM,4865.200330748334
SA--ZW,SA,ZW,4997.517649059288
SB--SE,SB,SE,13616.092737440773
SB--SG,SB,SG,6330.425849446701
SB--SN,SB,SN,19361.657048655263
SB--TH,SB,TH,7048.145882423042
SB--TN,SB,TN,15721.728057081746
SB--TO,SB,TO,2958.060545264596
SB--TR,SB,TR,13811.313556874715
SB--TZ,SB,TZ,13608.857456135049
SB--UA,SB,UA,13535.497772250414
SB--UG,SB,UG,14119.716367275421
SB--US,SB,US,13508.843586462806
SB--UY,SB,UY,13810.396595181692
SB--UZ,SB,UZ,10751.895556864634
SB--VN,SB,VN,6808.026238189205
SB--VU,SB,VU,1288.5999367645259
SB--WS,SB,WS,3123.2948981987265
SB--ZA,SB,ZA,13510.32570336399
SB--ZM,SB,ZM,14033.365640758753
SB--ZW,SB,ZW,13655.258506100885
SE--SG,SE,SG,9642.063064390362
SE--SN,SE,SN,5745.792432019775
SE--TH,SE,TH,8272.314412775979
SE--TN,SE,TN,2571.548648963146
SE--TO,SE,TO,15630.61911566209
SE--TR,SE,TR,2396.709100197568
SE--TZ,SE,TZ,7432.885078261827
SE--UA,SE,UA,1268.7278771135018
SE--UG,SE,UG,6667.242474332634
SE--US,SE,US,6652.678579380046
SE--UY,SE,UY,12456.004025927406
SE--UZ,SE,UZ,4024.7902476348686
SE--VN,SE,VN,7892.32864786669
SE--VU,SE,VU,14798.139878825437
SE--WS,SE,WS,14888.21559755409
SE--ZA,SE,ZA,9472.211944742652
SE--ZM,SE,ZM,8338.265008504177
SE--ZW,SE,ZW,8633.606222175818
SG--SN,SG,SN,13335.9357376055
SG--TH,SG,TH,1425.9530991897677
SG--TN,SG,TN,10254.767742511656
SG--TO,SG,TO,9126.673756484559
SG--TR,SG,TR,8304.654710456407
SG--TZ,SG,TZ,7613.028423154926
SG--UA,SG,UA,8722.82379061632
SG--UG,SG,UG,7933.75323469677
SG--US,SG,US,15552.300405735941
SG--UY,SG,UY,15756.359843314616
SG--UZ,SG,UZ,5627.642905317306
SG--VN,SG,VN,2194.5074422305775
SG--VU,SG,VU,7365.54820734507
SG--WS,SG,WS,9447.674376013176
SG--ZA,SG,ZA,8639.510334138995
SG--ZM,SG,ZM,8509.439964535977
SG--ZW,SG,ZW,8243.314489752645
SN--TH,SN,TH,12510.120375362725
SN--TN,SN,TN,3673.109978700496
SN--TO,SN,TO,17571.94222878241
SN--TR,SN,TR,5615.258437383409
SN--TZ,SN,TZ,6312.069329382219
SN--UA,SN,UA,5842.247717044825
SN--UG,SN,UG,5731.628959706431
SN--US,SN,US,6370.066844573844
SN--UY,SN,UY,6842.314138276612
SN--UZ,SN,UZ,8678.944170540502
SN--VN,SN,VN,12678.789553826642
SN--VU,SN,VU,19324.104883165026
SN--WS,SN,WS,17258.113066932434
SN--ZA,SN,ZA,6672.5621271644495
SN--ZM,SN,ZM,6037.11297428298
SN--ZW,SN,ZW,6426.707891224602
TH--TN,TH,TN,9138.152296884666
TH--TO,TH,TO,9979.45470169374
TH--TR,TH,TR,7141.388185297727
TH--TZ,TH,TZ,7486.47678677552
TH--UA,TH,UA,7426.114052483925
TH--UG,TH,UG,7625.7940378671265
TH--US,TH,US,14169.831963403985
TH--UY,TH,UY,16708.5176647075
TH--UZ,TH,UZ,4295.626546060111
TH--VN,TH,VN,985.0733602712637
TH--VU,TH,VU,8218.691785925987
TH--WS,TH,WS,10139.533828955558
TH--ZA,TH,ZA,8961.095963147978
TH--ZM,TH,ZM,8579.933429483108
TH--ZW,TH,ZW,8388.088139244592
TN--TO,TN,TO,18192.682746282568
TN--TR,TN,TR,2006.832631982025
TN--TZ,TN,TZ,5452.8300861511025
TN--UA,TN,UA,2219.740060119595
TN--UG,TN,UG,4652.449355824214
TN--US,TN,US,7356.137795329546
TN--UY,TN,UY,10490.615813788903
TN--UZ,TN,UZ,5041.836737474393
TN--VN,TN,VN,9120.099637244146
TN--VU,TN,VU,17006.71361992316
TN--WS,TN,WS,17453.11168230361
TN--ZA,TN,ZA,7173.016926299594
TN--ZM,TN,ZM,6084.188234427189
TN--ZW,TN,ZW,6430.586974884489
TO--TR,TO,TR,16637.88358091093
TO--TZ,TO,TZ,15485.180966506361
TO--UA,TO,UA,16055.470571024862
TO--UG,TO,UG,16224.82785823527
TO--US,TO,US,12146.45809967148
TO--UY,TO,UY,11085.134908862221
TO--UZ,TO,UZ,13637.078572889384
TO--VN,TO,VN,9765.32364450223
TO--VU,TO,VU,1768.463255307796
TO--WS,TO,WS,888.1006141376118
TO--ZA,TO,ZA,14241.31619277852
TO--ZM,TO,ZM,15223.410308312259
TO--ZW,TO,ZW,14839.13785866247
TR--TZ,TR,TZ,5114.021496230008
TR--UA,TR,UA,1181.9288146082997
TR--UG,TR,UG,4386.52940024252
TR--US,TR,US,8744.489174947264
TR--UY,TR,UY,12314.46715926636
TR--UZ,TR,UZ,3063.6940851153395
TR--VN,TR,VN,7117.1512309835825
TR--VU,TR,VU,15096.274681485964
TR--WS,TR,WS,16255.700524716809
TR--ZA,TR,ZA,7281.727679731044
TR--ZM,TR,ZM,6144.950955843062
TR--ZW,TR,ZW,6395.059516162122
TZ--UA,TZ,UA,6293.284789300669
TZ--UG,TZ,UG,800.5500035120781
TZ--US,TZ,US,12407.335072981457
TZ--UY,TZ,UY,9798.793971046909
TZ--UZ,TZ,UZ,6271.714698517889
TZ--VN,TZ,VN,8220.893096074053
TZ--VU,TZ,VU,14184.865765737813
TZ--WS,TZ,WS,16266.458999898334
TZ--ZA,TZ,ZA,2303.9398317562473
TZ--ZM,TZ,ZM,1306.9857771542447
TZ--ZW,TZ,ZW,1384.8351662478774
UA--UG,UA,UG,5557.501757675144
UA--US,UA,US,7852.866380313801
UA--UY,UA,UY,12683.945414600095
UA--UZ,UA,UZ,3135.4798295532323
UA--VN,UA,VN,7204.7219267397495
UA--VU,UA,VU,14808.181505121638
UA--WS,UA,WS,15477.438084013384
UA--ZA,UA,ZA,8436.439872482457
UA--ZM,UA,ZM,7297.423731658616
UA--ZW,UA,ZW,7560.045920567906
UG--US,UG,US,11674.945825886189
UG--UY,UG,UY,9919.477498182408
UG--UZ,UG,UZ,5851.101848191005
UG--VN,UG,VN,8267.305805445776
UG--VU,UG,VU,14819.444647944922
UG--WS,UG,WS,16959.8520489636
UG--ZA,UG,ZA,2917.1949393902164
UG--ZM,UG,ZM,1803.2424956998823
UG--ZW,UG,ZW,2012.8976991430225
US--UY,US,UY,8443.725414523045
US--UZ,US,UZ,10489.623549685833
US--VN,US,VN,13362.734799118152
US--VU,US,VU,13349.497289928035
US--WS,US,WS,11370.17959949901
US--ZA,US,ZA,13024.504641792455
US--ZM,US,ZM,12386.58996217417
US--ZW,US,ZW,12780.904860200006
UY--UZ,UY,UZ,15263.542141544587
UY--VN,UY,VN,17685.55074226209
UY--VU,UY,VU,12533.115716365644
UY--WS,UY,WS,11352.172601728478
UY--ZA,UY,ZA,7946.906317867237
UY--ZM,UY,ZM,8551.350310379068
UY--ZW,UY,ZW,8654.260777755759
UZ--VN,UZ,VN,4100.789693812496
UZ--VU,UZ,VU,12034.231746636558
UZ--WS,UZ,WS,13428.365537374186
UZ--ZA,UZ,ZA,8543.582617048634
UZ--ZM,UZ,ZM,7567.2311220315605
UZ--ZW,UZ,ZW,7642.406142868861
VN--VU,VN,VU,8050.836785583795
VN--WS,VN,WS,9794.445850804997
VN--ZA,VN,ZA,9846.22426369883
VN--ZM,VN,ZM,9380.443923930317
VN--ZW,VN,ZW,9219.878459893825
VU--WS,VU,WS,2178.683321859137
VU--ZA,VU,ZA,13555.259678168108
VU--ZM,VU,ZM,14307.31168196189
VU--ZW,VU,ZW,13911.365282821549
WS--ZA,WS,ZA,15128.938508400543
WS--ZM,WS,ZM,16099.177103719861
WS--ZW,WS,ZW,15711.464279075784
ZA--ZM,ZA,ZM,1139.28759597835
ZA--ZW,ZA,ZW,920.6987718179337
ZM--ZW,ZM,ZW,396.7431067383504
