id,place_a_id,place_b_id,true_distance_km,n,mean,median,trimmed_mean,robust,std,variance,min,max,q1,q3,iqr,mad,cv,outliers,missing_samples,mean_ci_low,mean_ci_high,absolute_error_km,signed_error_km,relative_error,log_ratio_error
AO--AR,AO,AR,7779.757280725595,10,7779.9,7777.5,7779.5,7778.2238999999845,8.211780156174015,67.43333333333334,7770.0,7793.0,7774.25,7787.5,13.25,4.5,0.0010555123017229034,0,0,7775.297500000001,7784.902499999999,0.14271927440495347,0.14271927440495347,1.834495206663343e-05,1.8344783799964917e-05
AO--AU,AO,AU,13288.474497523322,10,11565.9,11496.0,11548.5,11528.631457141499,282.9520768218141,80061.87777777779,11210.0,12061.0,11355.75,11734.0,378.25,177.0,0.024464337130860037,0,0,11410.4575,11745.310000000001,1722.5744975233229,-1722.5744975233229,-0.1296292134845405,-0.1388359667301851
AO--BD,AO,BD,9121.283483960526,10,9400.6,9394.5,9405.25,9406.666666677042,225.9474865243397,51052.26666666667,9050.0,9714.0,9272.5,9555.25,282.75,156.0,0.024035432474984544,0,0,9272.58,9534.01,279.31651603947466,279.31651603947466,0.030622501376110445,0.03016298995145367
AO--BR,AO,BR,6675.278533941141,10,6204.7,6193.0,6196.125,6193.0,36.52107458562644,1333.7888888888892,6178.0,6300.0,6188.5,6198.5,10.0,6.0,0.005886033907461511,2,0,6187.8,6228.1050000000005,470.57853394114136,-470.57853394114136,-0.07049571512985359,-0.07310386196558707
AO--CA,AO,CA,10620.756402433968,10,10339.0,10336.0,10350.875,10361.819813584083,301.634068220271,90983.1111111111,9796.0,10787.0,10190.0,10539.75,349.75,200.5,0.029174394837051067,0,0,10160.869999999999,10510.025,281.7564024339681,-281.7564024339681,-0.026528845193116164,-0.02688708500755282
AO--CD,AO,CD,549.1026827702303,10,538.0,538.0,538.0,538.0,0.0,0.0,538.0,538.0,538.0,538.0,0.0,0.0,0.0,0,0,538.0,538.0,11.10268277023033,-11.10268277023033,-0.02021968407478388,-0.02042689987004068
AO--CL,AO,CL,8913.64308220524,10,8085.2,8083.0,8083.375,8083.558911111229,34.058120258692426,1159.9555555555555,8045.0,8140.0,8056.25,8109.5,53.25,27.0,0.004212402941014747,0,0,8065.295,8105.702499999999,828.4430822052409,-828.4430822052409,-0.09294102025008204,-0.09754780369351142
AO--CN,AO,CN,11758.580047473492,10,11610.3,11634.0,11622.875,11628.346850000871,86.93937862416291,7558.455555555555,11430.0,11690.0,11585.0,11676.25,91.25,51.0,0.00748812508067517,1,0,11556.8975,11655.710000000001,148.28004747349223,-148.28004747349223,-0.012610370204126172,-0.012690555748607318
AO--CO,AO,CO,9801.95415219586,10,9480.0,9578.0,9567.5,9585.833333322224,342.61445776071196,117384.66666666667,8552.0,9708.0,9529.0,9640.25,111.25,62.5,0.03614076558657299,2,0,9257.4925,9630.31,321.95415219585993,-321.95415219585993,-0.032845914926436875,-0.03339745281669498
AO--DE,AO,DE,6798.792115651933,10,6564.5,6532.5,6548.125,6541.579666665825,69.3000721500346,4802.5,6515.0,6745.0,6530.0,6571.25,41.25,15.0,0.010556793685739141,1,0,6531.5,6612.5,234.29211565193327,-234.29211565193327,-0.034460844171504294,-0.035068622960760736
AO--DZ,AO,DZ,5158.666122203358,10,4820.8,4820.0,4820.5,4820.762311111119,8.638415492567038,74.62222222222222,4811.0,4833.0,4812.75,4828.75,16.0,8.0,0.0017919049727362756,0,0,4816.097500000001,4826.2,337.8661222033579,-337.8661222033579,-0.06549486130710264,-0.06773815323283416
AO--EG,AO,EG,4715.419795274749,10,5286.4,5288.0,5287.0,5287.655285714286,8.60490816014003,74.04444444444447,5270.0,5298.0,5283.5,5292.25,8.75,5.0,0.0016277444310192248,1,0,5281.1975,5291.2,570.9802047252506,570.9802047252506,0.12108788390323619,0.11429953878981323
AO--ES,AO,ES,5722.316302190526,10,5764.1,5767.5,5765.125,5765.833333333432,13.135617398677704,172.54444444444442,5740.0,5780.0,5760.0,5770.0,10.0,7.5,0.002278867021508597,1,0,5756.6,5771.1,41.78369780947469,41.78369780947469,0.007301885390970038,0.007275355692107074
AO--ET,AO,ET,3446.282530254973,10,3503.3,3500.0,3502.875,3501.0895599999976,8.069834088890689,65.1222222222222,3494.0,3516.0,3500.0,3508.5,8.5,3.0,0.0023034950158110036,0,0,3498.6,3508.6,57.01746974502703,57.01746974502703,0.016544630117951646,0.016409258796763703
AO--FI,AO,FI,7720.979613051022,10,8081.3,8161.5,8097.0,8138.354133318294,291.2475274096284,84825.12222222224,7630.0,8407.0,7872.5,8267.0,394.5,176.0,0.036039687600958804,0,0,7912.4975,8238.8,360.320386948978,360.320386948978,0.04666770345305883,0.045611501811809084
AO--FJ,AO,FJ,16614.26463120842,10,15644.3,15487.5,15640.375,15644.300000027033,599.8253542120036,359790.4555555556,14785.0,16535.0,15393.5,16113.75,720.25,610.0,0.03834146329410735,0,0,15305.0925,16010.0125,969.9646312084224,-969.9646312084224,-0.05838143623801621,-0.06015500810510919
AO--FR,AO,FR,6480.8047195500585,10,6500.0,6500.0,6500.0,6500.0,0.0,0.0,6500.0,6500.0,6500.0,6500.0,0.0,0.0,0.0,0,0,6500.0,6500.0,19.195280449941492,19.195280449941492,0.0029618668175630755,0.0029574891319914627
AO--GB,AO,GB,6807.150235507682,10,6831.2,6830.0,6830.625,6830.833333333601,10.368756488176928,107.51111111111113,6817.0,6850.0,6826.25,6837.5,11.25,7.5,0.0015178528645299403,0,0,6825.4,6837.5025,24.04976449231799,24.04976449231799,0.0035330150885856484,0.0035267886518645865
AO--GH,AO,GH,2181.7570144061915,10,2402.2,2402.5,2403.0,2402.904355555537,10.108302418199496,102.17777777777779,2384.0,2414.0,2395.0,2410.75,15.75,8.0,0.004207935400133002,0,0,2396.1,2407.6,220.44298559380832,220.44298559380832,0.10103920103761245,0.09625446204549634
AO--GR,AO,GR,5296.817859625665,10,5051.5,4960.0,5026.875,4966.934242851775,203.6501629974523,41473.38888888889,4885.0,5415.0,4907.25,5206.25,299.0,61.5,0.040314790259814375,0,0,4944.297500000001,5174.1675000000005,245.31785962566482,-245.31785962566482,-0.046314195829833926,-0.04742100751364595
AO--IN,AO,IN,8015.072192343541,10,8156.7,8170.5,8146.5,8148.646310943106,84.02387226920163,7060.011111111111,8065.0,8330.0,8081.0,8189.5,108.5,68.0,0.010301209100396194,0,0,8108.587500000001,8208.212500000001,141.62780765645857,141.62780765645857,0.017670184903855215,0.017515882239338258
AO--IT,AO,IT,5617.9698794223505,10,5158.4,5151.5,5157.25,5158.400000000366,313.31283620900905,98164.93333333333,4850.0,5476.0,4860.0,5457.5,597.5,297.5,0.06073837550577874,0,0,4977.097500000001,5343.1025,459.5698794223508,-459.5698794223508,-0.08180354990967033,-0.08534391333618614
AO--JP,AO,JP,13857.461409152482,10,13569.6,13561.0,13565.25,13563.958240000007,19.201851762554337,368.7111111111111,13554.0,13620.0,13560.0,13570.0,10.0,4.0,0.001415063949015029,1,0,13560.4,13583.2,287.86140915248143,-287.86140915248143,-0.020773026216934415,-0.020991820847898666
AO--KE,AO,KE,2743.2396541926637,10,3161.1,3162.5,3159.375,3159.9999999995935,21.429211630648272,459.21111111111117,3132.0,3204.0,3147.5,3168.75,21.25,12.5,0.006779036294533002,1,0,3148.595,3174.3025000000002,417.8603458073362,417.8603458073362,0.15232367510023934,0.14178049077854932
AO--KR,AO,KR,12699.236686021166,10,12460.6,12465.0,12459.125,12458.833333332264,115.77487733624346,13403.822222222221,12248.0,12685.0,12420.75,12495.0,74.25,43.5,0.009291276289764816,2,0,12395.8825,12531.304999999998,238.6366860211656,-238.6366860211656,-0.018791419667281872,-0.018970221902325807
AO--MA,AO,MA,5195.819618732341,10,5406.6,5443.5,5423.625,5429.500000012855,288.1558991626273,83033.82222222222,4817.0,5860.0,5354.75,5486.25,131.5,81.0,0.053297062694230624,4,0,5234.445000000001,5566.115000000001,210.78038126765932,210.78038126765932,0.04056730154906433,0.03976604669063057
AO--MX,AO,MX,12679.078203838877,10,12342.8,12365.0,12366.625,12387.379142857135,306.8976666215919,94186.17777777776,11775.0,12720.0,12252.5,12577.5,325.0,210.0,0.02486450939994101,0,0,12154.262499999999,12507.7,336.27820383887774,-336.27820383887774,-0.026522291166014098,-0.026880352394052325
AO--MY,AO,MY,9903.39358541899,10,9257.1,9157.5,9231.375,9194.43128572552,225.47749333359195,50840.100000000006,9040.0,9680.0,9094.25,9410.25,316.0,105.0,0.024357249390585815,0,0,9141.3575,9385.56,646.2935854189891,-646.2935854189891,-0.06525981016957087,-0.06748666014609597
AO--NG,AO,NG,2080.1823760601865,10,1821.3,1812.5,1819.5,1817.2405333334634,31.127158559688677,968.9000000000001,1776.0,1881.0,1804.25,1844.25,40.0,16.0,0.017090626782896107,0,0,1804.0849999999998,1839.3025,258.8823760601865,-258.8823760601865,-0.1244517687677478,-0.13290503884529567
AO--NL,AO,NL,6826.04260195697,10,6787.8,6801.0,6807.875,6807.579666667394,80.77788476227059,6525.066666666667,6565.0,6850.0,6794.25,6827.5,33.25,15.0,0.011900451510396681,1,0,6735.3975,6821.6050000000005,38.24260195697025,-38.24260195697025,-0.0056024557986213575,-0.005618208417226461
AO--NO,AO,NO,7625.360370993152,10,7188.2,7156.0,7175.75,7175.749999999996,239.29191842229486,57260.62222222221,6865.0,7611.0,6995.5,7364.5,369.0,205.0,0.033289546537699964,0,0,7059.3,7318.715,437.16037099315236,-437.16037099315236,-0.057329798163521434,-0.05903879046067539
AO--NZ,AO,NZ,14143.139009143959,10,12900.1,12925.5,12901.625,12929.47444199648,326.8871534813063,106855.21111111112,12344.0,13444.0,12807.75,13083.0,275.25,176.5,0.025339892983876584,1,0,12712.4575,13096.435,1243.0390091439585,-1243.0390091439585,-0.08788989547089207,-0.09199456754458506
AO--PE,AO,PE,9845.778856925126,10,9797.0,9942.0,9951.25,9949.728388905121,567.8323304951521,322433.5555555556,8226.0,10134.0,9824.75,10084.5,259.75,132.5,0.05795981734154865,1,0,9420.54,10035.11,48.77885692512609,-48.77885692512609,-0.004954291339868659,-0.0049666045267872895
AO--PH,AO,PH,12162.128893919244,10,11745.9,11612.5,11719.25,11666.188699713164,237.67552578159064,56489.65555555555,11495.0,12210.0,11579.0,11926.25,347.25,82.5,0.020234764963228926,0,0,11621.5875,11889.57,416.228893919244,-416.228893919244,-0.034223358225330756,-0.034822691199973325
AO--PK,AO,PK,7881.321787923071,10,7370.0,7354.0,7364.375,7364.375000000066,154.44596322194877,23853.555555555555,7130.0,7655.0,7257.0,7465.5,208.5,112.5,0.02095603300162127,0,0,7284.097500000001,7461.2125,511.3217879230706,-511.3217879230706,-0.06487766921363287,-0.06707792318597755
AO--PL,AO,PL,6809.113037552695,10,6765.0,6784.0,6773.125,6777.091024991341,155.19808131689143,24086.444444444445,6530.0,6935.0,6665.25,6902.25,237.0,121.5,0.022941327615209377,0,0,6673.3949999999995,6849.4325,44.11303755269455,-44.11303755269455,-0.006478529187194914,-0.006499605937620857
AO--PT,AO,PT,5753.282352388308,10,5784.0,5781.5,5783.875,5782.15506666666,6.48074069840786,42.0,5775.0,5794.0,5780.0,5788.5,8.5,2.0,0.0011204600100981777,0,0,5780.7,5788.2,30.717647611691973,30.717647611691973,0.005339151762461377,0.005324949022982184
AO--RU,AO,RU,7506.107188793741,10,7299.2,7361.5,7319.75,7349.512242859824,228.41618934645493,52173.95555555555,6874.0,7560.0,7220.25,7458.75,238.5,105.5,0.03129331835632055,0,0,7160.295,7421.7474999999995,206.90718879374162,-206.90718879374162,-0.027565179072135307,-0.02795222791776676
AO--SA,AO,SA,5193.3979905841725,10,5361.6,5312.5,5362.25,5353.742499992804,139.0253374189196,19328.044444444447,5145.0,5573.0,5285.75,5491.25,205.5,87.5,0.025929822705707175,0,0,5283.4825,5449.125,168.2020094158279,168.2020094158279,0.032387660202584996,0.03187423625561744
AO--SE,AO,SE,7571.629355004058,10,7327.6,7312.5,7329.75,7329.749999988453,240.87027398350523,58018.488888888874,6985.0,7653.0,7127.75,7529.0,401.25,200.0,0.0328716461028857,0,0,7184.6575,7478.23,244.02935500405783,-244.02935500405783,-0.03222943749125541,-0.032760242001471596
AO--SG,AO,SG,10108.617908587756,10,9510.0,9538.0,9523.875,9530.80855715692,196.21700005634352,38501.11111111112,9164.0,9745.0,9397.25,9668.0,270.75,138.5,0.020632702424431496,0,0,9387.692500000001,9616.01,598.6179085877557,-598.6179085877557,-0.05921857112426824,-0.06104444174802646
AO--SN,AO,SN,4274.775841417532,10,4633.3,4663.0,4636.0,4635.999999993489,190.28110783785132,36206.9,4325.0,4920.0,4480.5,4774.5,294.0,140.0,0.04106816045536687,0,0,4523.097500000001,4748.0325,358.52415858246786,358.52415858246786,0.08386969794036729,0.0805376909402125
AO--TH,AO,TH,9957.692589929997,10,9904.7,9939.5,9905.0,9904.999999976517,235.3404389862104,55385.12222222221,9572.0,10235.0,9688.5,10087.5,399.0,219.5,0.023760481285269655,0,0,9776.175,10033.41,52.99258992999603,-52.99258992999603,-0.005321774040663427,-0.005335985121330327
AO--TR,AO,TR,5765.533175593958,10,5779.3,5809.0,5789.75,5797.119785712607,228.87505082225297,52383.788888888885,5410.0,6065.0,5623.75,5937.5,313.75,177.5,0.03960255581510788,0,0,5643.257500000001,5912.4275,13.76682440604236,13.76682440604236,0.0023877799306261244,0.0023849337139865926
AO--TZ,AO,TZ,2502.0333905971356,10,2771.3,2798.0,2777.25,2787.4558714463797,110.8643315047721,12290.900000000003,2615.0,2880.0,2658.75,2870.25,211.5,75.5,0.040004449718461406,0,0,2697.085,2833.205,269.26660940286456,269.26660940286456,0.1076191110857243,0.10221276666718876
AO--UA,AO,UA,6776.4600893004845,10,6303.0,6301.5,6305.25,6303.4946999434915,73.68551794997138,5429.555555555555,6143.0,6445.0,6290.0,6321.75,31.75,16.5,0.011690547033154274,2,0,6257.8925,6343.820000000001,473.46008930048447,-473.46008930048447,-0.06986835059326063,-0.07242914435142435
AO--US,AO,US,10643.935912153609,10,10487.2,10507.5,10493.75,10490.181799991538,142.900742553082,20420.622222222224,10271.0,10651.0,10373.5,10618.75,245.25,128.0,0.013626205522263521,0,0,10403.09,10570.8125,156.7359121536083,-156.7359121536083,-0.014725371652664864,-0.014834866165565255
AO--VN,AO,VN,10634.256207680037,10,10677.5,10695.0,10682.625,10700.833333321161,374.7227864257345,140417.16666666663,10080.0,11234.0,10503.75,10922.5,418.75,242.5,0.03509461825574662,0,0,10458.297499999999,10882.025,43.24379231996318,43.24379231996318,0.004066461393767493,0.004058215685976915
AO--ZA,AO,ZA,2450.091998989052,10,2490.0,2490.0,2490.0,2490.0,0.0,0.0,2490.0,2490.0,2490.0,2490.0,0.0,0.0,0.0,0,0,2490.0,2490.0,39.90800101094783,39.90800101094783,0.01628836836633666,0.016157136017210624
AR--AU,AR,AU,11758.30968994146,10,11721.7,11758.0,11727.0,11749.69055731286,98.7995164180698,9761.344444444443,11579.0,11822.0,11627.5,11790.0,162.5,49.5,0.00842877026524052,0,0,11662.352499999999,11773.230000000001,36.60968994145878,-36.60968994145878,-0.003113516390266214,-0.003118373466767492
AR--BD,AR,BD,16776.827494420908,10,17234.9,17002.0,17038.625,17035.91882500983,674.9522534553421,455560.54444444436,16910.0,19130.0,16928.5,17163.5,235.0,90.5,0.03916194776037819,1,0,16965.197500000002,17686.3025,458.07250557909356,458.07250557909356,0.027303881245213043,0.0269377793359451
AR--BR,AR,BR,2333.5144810867555,10,2340.5,2340.0,2340.0,2340.1111111111113,1.5811388300841898,2.5000000000000004,2340.0,2345.0,2340.0,2340.0,0.0,0.0,0.0006755560051630805,1,0,2340.0,2341.5,6.985518913244505,6.985518913244505,0.0029935614155654332,0.0029890896327392736
AR--CA,AR,CA,9031.715831568095,10,8980.6,8982.5,8979.5,8979.500000000022,14.07282645542268,198.04444444444448,8960.0,9010.0,8970.0,8985.75,15.75,10.0,0.0015670251937980402,1,0,8973.1975,8989.6025,51.11583156809502,-51.11583156809502,-0.005659592542696313,-0.0056756687216803405
AR--CD,AR,CD,8250.16360355336,10,7931.7,7857.5,7919.0,7862.3260000036835,144.16815028138342,20784.455555555553,7815.0,8150.0,7835.0,8056.25,221.25,30.0,0.018176198076248904,0,0,7843.5,8024.7074999999995,318.46360355335946,-318.46360355335946,-0.03860088343171724,-0.03936564242400659
AR--CL,AR,CL,1139.660312749686,10,1137.6,1138.0,1137.625,1137.6,0.5163977794943223,0.2666666666666667,1137.0,1138.0,1137.0,1138.0,1.0,0.0,0.00045393616340921444,0,0,1137.3,1137.9,2.0603127496860907,-2.0603127496860907,-0.0018078305672636122,-0.0018094666650994061
AR--CN,AR,CN,19261.112952664003,10,19269.4,19270.0,19269.5,19269.571428571428,0.9660917830792958,0.9333333333333331,19268.0,19270.0,19268.5,19270.0,1.5,0.0,5.013605940399264e-05,0,0,19268.8,19269.8,8.287047335998068,8.287047335998068,0.0004302475851922091,0.0004301550552395708
AR--CO,AR,CO,4640.374060415398,10,4682.0,4685.0,4684.375,4684.75,7.888106377466155,62.22222222222222,4660.0,4685.0,4685.0,4685.0,0.0,0.0,0.001684772827310157,2,0,4677.0,4685.0,41.62593958460184,41.62593958460184,0.00897038450837206,0.008930389611052102
AR--DE,AR,DE,11887.678205229642,10,11901.0,11900.0,11900.0,11900.111111111111,3.1622776601683795,10.000000000000002,11900.0,11910.0,11900.0,11900.0,0.0,0.0,0.0002657152894856213,1,0,11900.0,11903.0,13.321794770357883,13.321794770357883,0.0011206389120204602,0.0011200114649521603
AR--DZ,AR,DZ,10143.842601055805,10,9843.0,9827.5,9844.625,9829.993433333328,57.609798549282296,3318.8888888888887,9743.0,9930.0,9816.75,9890.75,74.0,15.5,0.005852869912555348,0,0,9812.785,9878.7075,300.84260105580506,-300.84260105580506,-0.02965765665808856,-0.030106338469981845
AR--EG,AR,EG,11806.270501311932,10,11800.0,11800.0,11800.0,11800.0,0.0,0.0,11800.0,11800.0,11800.0,11800.0,0.0,0.0,0.0,0,0,11800.0,11800.0,6.270501311932094,-6.270501311932094,-0.0005311161819674812,-0.0005312572741265774
AR--ES,AR,ES,10020.91071488952,10,10034.3,10030.0,10033.75,10030.333333333334,7.409453421137082,54.900000000000006,10028.0,10045.0,10030.0,10041.25,11.25,0.0,0.0007384125869405023,0,0,10030.0,10039.0,13.38928511047925,13.38928511047925,0.0013361345581679365,0.001335242724707128
AR--ET,AR,ET,11225.784843590129,10,9883.4,9889.0,9901.875,9892.905728552083,278.2861037773096,77443.15555555554,9294.0,10325.0,9766.25,10004.0,237.75,138.5,0.02815692006569699,1,0,9707.242499999998,10049.202500000001,1342.384843590129,-1342.384843590129,-0.11958048923025856,-0.12735676831943396
AR--FI,AR,FI,12925.656160584465,10,12631.3,12630.0,12630.375,12630.869555555557,10.15491123655063,103.12222222222225,12620.0,12650.0,12622.5,12637.75,15.25,10.0,0.0008039482267502657,0,0,12625.2,12637.4,294.3561605844661,-294.3561605844661,-0.0227730149191247,-0.023036325283887493
AR--FJ,AR,FJ,11642.45746949547,10,10925.3,11055.0,10928.125,10925.299999993375,477.97816082141475,228463.1222222222,10290.0,11538.0,10442.5,11271.25,828.75,461.5,0.04374966003875544,0,0,10650.9625,11202.6,717.1574694954707,-717.1574694954707,-0.06159846161126229,-0.06357734227002741
AR--FR,AR,FR,11025.630755006467,10,11064.0,11075.0,11069.5,11070.80311428566,24.693678903269515,609.7777777777779,11000.0,11084.0,11062.0,11076.5,14.5,7.0,0.00223189433326731,1,0,11047.09,11076.0025,38.36924499353336,38.36924499353336,0.0034800045318142754,0.0034739633275984875
AR--GB,AR,GB,11102.268069921352,10,11134.1,11130.0,11134.5,11134.302199944332,13.135617398677704,172.54444444444442,11115.0,11150.0,11130.0,11147.5,17.5,12.0,0.0011797646328556152,0,0,11126.2,11141.6,31.83193007864793,31.83193007864793,0.0028671556008351205,0.002863053149921376
AR--GH,AR,GH,7539.559525025004,10,7780.5,7731.5,7761.25,7746.411685716824,207.8275192985226,43192.27777777778,7490.0,8225.0,7663.75,7827.75,164.0,93.0,0.02671133208643694,1,0,7660.1,7915.8325,240.9404749749956,240.9404749749956,0.03195683702413591,0.031456841595682856
AR--GR,AR,GR,11672.738469495696,10,10812.1,10796.0,10810.25,10812.099999977041,338.93639193479623,114877.8777777778,10477.0,11162.0,10492.25,11137.5,645.25,317.5,0.03134787801951482,0,0,10617.279999999999,11007.725,860.638469495696,-860.638469495696,-0.07373063927927434,-0.07659020032769788
AR--IN,AR,IN,15794.7526620095,10,15927.0,15927.5,15927.5,15927.000000000004,22.50925735484551,506.66666666666663,15900.0,15950.0,15903.75,15950.0,46.25,22.5,0.0014132766594365234,0,0,15914.4875,15939.0,132.24733799050045,132.24733799050045,0.008372865395264453,0.00833800739686084
AR--IT,AR,IT,11131.20670997276,10,11150.0,11150.0,11150.0,11150.0,0.0,0.0,11150.0,11150.0,11150.0,11150.0,0.0,0.0,0.0,0,0,11150.0,11150.0,18.7932900272408,18.7932900272408,0.0016883425595181308,0.0016869189113976387
AR--JP,AR,JP,18370.21725262342,10,18368.5,18375.0,18370.0,18374.571428571428,10.814085465005556,116.94444444444444,18350.0,18375.0,18363.75,18375.0,11.25,0.0,0.0005887299161611213,0,0,18362.0,18373.5375,1.7172526234207908,-1.7172526234207908,-9.348025664615113e-05,-9.348462619763254e-05
AR--KE,AR,KE,10410.808770079677,10,9580.4,9570.0,9574.5,9566.909857144592,99.55032228308791,9910.266666666668,9453.0,9755.0,9508.0,9620.0,112.0,65.0,0.010391040278390037,0,0,9525.085000000001,9640.432499999999,830.4087700796772,-830.4087700796772,-0.07976409791199361,-0.08312522649478839
AR--KR,AR,KR,19431.621304450513,10,19545.0,19600.0,19556.25,19599.571428571428,88.85068623507892,7894.444444444443,19400.0,19600.0,19472.5,19600.0,127.5,0.0,0.0045459547830687605,0,0,19489.0,19600.0,113.37869554948702,113.37869554948702,0.00583475222026478,0.0058177959785375
AR--MA,AR,MA,9305.417619305188,10,9470.7,9475.5,9474.0,9473.999999999272,57.771677028338615,3337.5666666666675,9365.0,9550.0,9430.25,9510.5,80.25,43.0,0.006100042977640365,0,0,9436.8,9503.205,165.28238069481267,165.28238069481267,0.017761951957095925,0.01760605184179375
AR--MX,AR,MX,7372.308131811268,10,7382.0,7380.0,7381.25,7381.379222222235,5.868938953886336,34.44444444444444,7375.0,7395.0,7380.0,7385.0,5.0,5.0,0.0007950337244495172,1,0,7378.5,7386.0,9.69186818873186,9.69186818873186,0.0013146314580791553,0.001313768086737823
AR--MY,AR,MY,15967.59980860726,10,15868.6,15875.0,15869.5,15873.517400000022,34.13437498410592,1165.1555555555558,15800.0,15930.0,15867.5,15875.0,7.5,5.0,0.0021510640500173876,3,0,15848.685000000001,15889.105,98.99980860725918,-98.99980860725918,-0.006200043199598089,-0.00621934328302436
AR--NG,AR,NG,8446.362395848217,10,8053.0,8042.5,8060.625,8051.6666666628325,126.2554729286792,15940.444444444445,7805.0,8240.0,8015.75,8114.5,98.75,58.5,0.01567806692272187,1,0,7976.797500000001,8120.1050000000005,393.3623958482167,-393.3623958482167,-0.04657181132099811,-0.0476911701716696
AR--NL,AR,NL,11420.79314209203,10,11444.4,11443.0,11444.0,11443.321733333307,3.2041639575194445,10.26666666666667,11442.0,11450.0,11442.0,11445.0,3.0,1.0,0.0002799765787214222,2,0,11442.6,11446.3,23.606857907969243,23.606857907969243,0.0020670068719627474,0.0020648735524766604
AR--NO,AR,NO,12224.016263540156,10,11718.8,11722.5,11722.0,11719.923457150902,162.66516392748497,26459.955555555556,11438.0,11974.0,11603.5,11803.0,199.5,117.0,0.01388070143081928,0,0,11622.195000000002,11815.1025,505.21626354015643,-505.21626354015643,-0.041329809503529116,-0.04220817305479503
AR--NZ,AR,NZ,10003.231625456845,10,10316.5,10306.5,10314.375,10308.591266666563,19.63698324873531,385.61111111111114,10300.0,10350.0,10300.0,10331.5,31.5,6.5,0.0019034540055964046,0,0,10306.2,10327.9025,313.268374543155,313.268374543155,0.03131671706430652,0.030836351909185843
AR--PE,AR,PE,3130.6695211171427,10,3138.8,3139.0,3139.0,3138.946377777779,1.3984117975602022,1.955555555555556,3136.0,3140.0,3138.0,3140.0,2.0,1.0,0.00044552433973499495,0,0,3138.0,3139.6,8.13047888285746,8.13047888285746,0.0025970415682700977,0.0025936750831579594
AR--PH,AR,PH,17788.20333536327,10,19621.8,19887.5,19717.875,19861.334214297218,520.8541702498567,271289.0666666667,18490.0,19985.0,19313.75,19982.0,668.25,97.5,0.026544668187926525,0,0,19291.1,19883.122499999998,1833.5966646367306,1833.5966646367306,0.10307936277024152,0.09810568942388921
AR--PK,AR,PK,15601.725953155386,10,15293.7,15421.5,15304.625,15313.569372639422,419.67846157637285,176130.01111111106,14650.0,15850.0,14979.25,15526.25,547.0,344.0,0.027441264152976246,0,0,15049.824999999999,15529.1275,308.02595315538565,-308.02595315538565,-0.019743069073270617,-0.019940567264195703
AR--PL,AR,PL,12308.20746555706,10,12249.0,12235.0,12249.25,12242.159333332935,58.50166189472265,3422.4444444444443,12156.0,12340.0,12213.5,12297.5,84.0,30.0,0.004776035749426292,0,0,12214.185000000001,12282.404999999999,59.20746555705955,-59.20746555705955,-0.004810405229416554,-0.004822012467290821
AR--PT,AR,PT,9574.20669056964,10,9584.7,9582.5,9584.375,9583.304333333332,5.250396810400779,27.56666666666667,9580.0,9592.0,9580.0,9590.0,10.0,2.5,0.0005477893737311318,0,0,9581.5,9587.9,10.493309430361478,10.493309430361478,0.0010959977959006393,0.0010953976287975155
AR--RU,AR,RU,13459.503231297233,10,13476.0,13476.0,13476.0,13476.0,0.0,0.0,13476.0,13476.0,13476.0,13476.0,0.0,0.0,0.0,0,0,13476.0,13476.0,16.49676870276744,16.49676870276744,0.0012256595521599703,0.0012249090446729816
AR--SA,AR,SA,12854.981363911493,10,12159.8,12197.5,12145.25,12148.987666656016,304.6049536330258,92784.17777777779,11786.0,12650.0,11887.5,12363.25,475.75,265.0,0.02505016148563511,0,0,11981.395,12357.5525,695.1813639114935,-695.1813639114935,-0.054078753148807744,-0.055595961967291795
AR--SE,AR,SE,12541.33572639846,10,11958.7,11912.5,11942.75,11916.692579999642,136.41444205068612,18608.9,11815.0,12230.0,11910.0,11935.75,25.75,16.5,0.011407129708972221,4,0,11887.297499999999,12041.0075,582.6357263984592,-582.6357263984592,-0.04645723064187332,-0.047570999826358665
AR--SG,AR,SG,15887.309757265864,10,15884.6,15888.0,15885.75,15885.980771452902,11.047372739454591,122.04444444444444,15865.0,15895.0,15875.75,15894.75,19.0,7.0,0.0006954769235268493,0,0,15878.1,15890.7,2.7097572658640274,-2.7097572658640274,-0.00017056111495684494,-0.00017057566215795107
AR--SN,AR,SN,6965.255742849274,10,6952.8,6952.5,6954.125,6954.124999999995,9.863513009515875,97.28888888888892,6930.0,6965.0,6950.0,6960.0,10.0,6.0,0.0014186389669652334,1,0,6946.597500000001,6958.3,12.45574284927352,-12.45574284927352,-0.001788267840999368,-0.0017898687007302998
AR--TH,AR,TH,16880.505738924476,10,17113.5,17125.0,17110.625,17113.499999999327,104.80272473133087,10983.611111111111,17000.0,17250.0,17007.5,17206.25,198.75,115.0,0.006123979591043964,0,0,17054.5,17173.5,232.99426107552426,232.99426107552426,0.01380256401550024,0.013708176166644421
AR--TR,AR,TR,12466.927062320188,10,11906.2,11848.5,11885.125,11867.371257141762,124.71282567919344,15553.288888888892,11801.0,12180.0,11819.0,11970.0,151.0,46.0,0.01047461202391976,0,0,11840.295,11986.6025,560.7270623201875,-560.7270623201875,-0.04497716714930648,-0.04602003004303454
AR--TZ,AR,TZ,10004.640819282862,10,9337.6,9365.0,9349.25,9356.029642859436,165.8923345627117,27520.266666666674,9035.0,9547.0,9255.0,9467.25,212.25,112.5,0.017766057077055315,0,0,9243.39,9428.04,667.0408192828618,-667.0408192828618,-0.06667314012885028,-0.06899980736334417
AR--UA,AR,UA,12807.053139985803,10,12821.4,12822.0,12821.5,12821.857142859486,1.8973665961010278,3.6000000000000005,12818.0,12824.0,12822.0,12822.0,0.0,0.0,0.00014798435397858485,3,0,12820.195000000002,12822.4,14.346860014196864,14.346860014196864,0.0011202311614842545,0.0011196041707626162
AR--US,AR,US,8360.953336333787,10,8389.0,8390.0,8388.75,8388.659225000007,7.363574011458174,54.22222222222222,8380.0,8400.0,8382.75,8392.25,9.5,6.5,0.0008777654084465579,0,0,8384.8,8393.5,28.046663666213135,28.046663666213135,0.0033544815451046852,0.0033488678224694157
AR--VN,AR,VN,17861.954046251605,9,19630.444444444445,19973.0,19630.444444444445,19962.575840094036,437.76966292535366,191642.27777777775,19001.0,20000.0,19230.0,20000.0,770.0,27.0,0.022300547711197927,0,1,19376.202777777777,19905.486111111113,1768.49039819284,1768.49039819284,0.0990087866990098,0.094408670566056
AR--ZA,AR,ZA,8148.626185145644,10,8119.6,8115.0,8120.125,8120.125000000029,11.047372739454591,122.04444444444444,8100.0,8135.0,8114.25,8130.0,15.75,9.0,0.001360580907859327,0,0,8113.1975,8126.0,29.026185145643467,-29.026185145643467,-0.0035620955589490784,-0.0035684549276118675
AU--BD,AU,BD,8995.963141163435,10,9020.1,9057.5,9035.125,9043.417599999959,107.89341448340991,11640.988888888887,8795.0,9125.0,8973.0,9103.25,130.25,56.0,0.011961443274842842,0,0,8951.295,9079.710000000001,24.136858836565807,24.136858836565807,0.0026830766709260018,0.0026794836461873084
AU--BR,AU,BR,14075.358195321549,10,13961.5,13918.0,13942.625,13921.83333333236,133.68058946608517,17870.5,13824.0,14250.0,13888.75,13950.0,61.25,35.0,0.009574944631027121,2,0,13894.09,14045.5275,113.85819532154892,-113.85819532154892,-0.008089186345495191,-0.00812208132923098
AU--CA,AU,CA,16104.729525959248,10,16249.8,16250.0,16250.0,16249.888888888889,0.6324555320336759,0.4,16248.0,16250.0,16250.0,16250.0,0.0,0.0,3.892081945831185e-05,1,0,16249.4,16250.0,145.07047404075092,145.07047404075092,0.00900794228222905,0.008967612779767929
AU--CD,AU,CD,13504.360503430844,10,12641.5,12547.5,12612.5,12612.500000003916,332.290451930904,110416.94444444442,12160.0,13355.0,12447.5,12828.75,381.25,180.0,0.02628568223161049,0,0,12467.45,12852.0125,862.8605034308439,-862.8605034308439,-0.06389495476010362,-0.06602758098121363
AU--CL,AU,CL,11345.088282272682,10,11346.0,11347.5,11346.25,11346.982928580115,4.594682917363407,21.11111111111111,11340.0,11350.0,11341.25,11350.0,8.75,2.5,0.00040496059557230805,0,0,11343.0,11348.5,0.9117177273183188,0.9117177273183188,8.03623299029702e-05,8.035910102400175e-05
AU--CN,AU,CN,8980.130816239809,10,8965.6,8968.0,8966.625,8967.103633333325,7.0898989179442236,50.26666666666667,8950.0,8973.0,8961.25,8970.0,8.75,3.5,0.0007907891181788417,0,0,8960.8,8969.3,14.5308162398087,-14.5308162398087,-0.0016181074125925811,-0.001619417962322902
AU--CO,AU,CO,14436.399681031653,10,14304.1,14322.5,14321.375,14323.000000000353,66.63574282787145,4440.322222222222,14120.0,14350.0,14317.25,14328.0,10.75,6.0,0.004658506500085392,3,0,14261.9,14331.7,132.29968103165265,-132.29968103165265,-0.009164312706407298,-0.009206563350275499
AU--DE,AU,DE,16060.205223180863,10,16094.6,16094.0,16094.0,16094.111111111111,1.8973665961010278,3.6000000000000005,16094.0,16100.0,16094.0,16094.0,0.0,0.0,0.00011788839710841075,1,0,16094.0,16095.8,34.394776819137405,34.394776819137405,0.0021416150255348493,0.0021393250370091467
AU--DZ,AU,DZ,16979.37379367375,10,17212.6,17257.5,17209.875,17212.600000005103,173.2385638361159,30011.600000000006,17006.0,17441.0,17040.25,17335.0,294.75,178.0,0.010064636593897256,0,0,17108.7925,17305.149999999998,233.22620632624967,233.22620632624967,0.013735854405487328,0.013642372619416056
AU--EG,AU,EG,14263.93286552806,10,14404.9,14400.0,14404.25,14403.9062,12.74929191933593,162.54444444444442,14390.0,14425.0,14394.0,14415.0,21.0,9.0,0.0008850663259957327,0,0,14397.3,14412.2075,140.96713447193906,140.96713447193906,0.009882767663090817,0.00983425249563405
AU--ES,AU,ES,17574.421466877073,10,17566.4,17640.0,17591.75,17639.333333333332,145.90956103011206,21289.599999999995,17290.0,17640.0,17618.0,17640.0,22.0,0.0,0.008306173207379546,2,0,17489.57,17638.0,8.021466877071362,-8.021466877071362,-0.00045642850276406594,-0.00045653269795943997
AU--ET,AU,ET,12442.084906893078,10,11651.8,11609.5,11619.75,11615.74495714284,187.26499346588452,35068.17777777777,11430.0,12130.0,11557.0,11671.25,114.25,59.5,0.01607176517498451,1,0,11557.8975,11773.76,790.2849068930791,-790.2849068930791,-0.06351708036128663,-0.06562399577076342
AU--FI,AU,FI,15202.304817605685,10,15197.3,15196.0,15197.25,15196.127942857167,12.97047930237481,168.23333333333335,15175.0,15220.0,15190.0,15201.0,11.0,6.0,0.0008534726104225626,1,0,15189.8,15204.804999999998,5.004817605686185,-5.004817605686185,-0.00032921439648349505,-0.000329268599439494
AU--FJ,AU,FJ,3459.5502950524574,10,3296.5,3292.5,3290.625,3291.833333331313,55.59226564909907,3090.5000000000005,3225.0,3415.0,3263.75,3315.75,52.0,28.0,0.01686402719523709,1,0,3263.2775,3330.6124999999997,163.0502950524574,-163.0502950524574,-0.04713048840065644,-0.04827730852306315
AU--FR,AU,FR,16917.63537856836,10,16960.0,16960.0,16960.0,16960.0,0.0,0.0,16960.0,16960.0,16960.0,16960.0,0.0,0.0,0.0,0,0,16960.0,16960.0,42.364621431639534,42.364621431639534,0.0025041691988058794,0.00250103899174082
AU--GB,AU,GB,16976.59127449891,10,16918.4,16910.0,16913.0,16910.0,24.107168136377105,581.1555555555556,16900.0,16980.0,16910.0,16910.0,0.0,0.0,0.0014249082736179015,4,0,16907.2,16934.425000000003,58.19127449890948,-58.19127449890948,-0.00342773608423503,-0.0034336242307586888
AU--GH,AU,GH,15466.274445812925,10,15832.0,15707.5,15716.875,15716.874999957607,634.145093807403,402139.99999999994,15110.0,17475.0,15511.25,15913.75,402.5,232.5,0.04005464210506588,1,0,15522.475,16248.887499999999,365.7255541870745,365.7255541870745,0.023646648419980987,0.023371397164635117
AU--GR,AU,GR,15201.661293550262,10,15308.3,15310.0,15308.875,15309.110440000002,3.368151487751767,11.344444444444441,15300.0,15312.0,15307.0,15310.0,3.0,1.0,0.00022002126217488338,1,0,15305.8,15310.0,106.63870644973758,106.63870644973758,0.007014937669673123,0.006990447459248223
AU--IN,AU,IN,10338.502325503718,10,10358.1,10434.0,10371.125,10430.11600000126,112.43709352344537,12642.1,10168.0,10444.0,10287.25,10443.0,155.75,10.0,0.010854992085753697,0,0,10288.787499999999,10424.2,19.597674496282707,19.597674496282707,0.0018956009177400711,0.0018938065335866417
AU--IT,AU,IT,16216.420011411574,10,16314.3,16315.0,16314.75,16314.666666666666,1.567021236472421,2.4555555555555553,16310.0,16315.0,16314.25,16315.0,0.75,0.0,9.605200569270033e-05,1,0,16313.3,16314.9,97.87998858842548,97.87998858842548,0.006035856774771919,0.006017713959622201
AU--JP,AU,JP,7916.886601720884,10,7970.8,7971.5,7971.0,7971.39658570697,2.780887148615228,7.733333333333333,7966.0,7974.0,7970.25,7972.75,2.5,1.5,0.00034888432134983036,2,0,7968.9,7972.3025,53.913398279116336,53.913398279116336,0.006809924278490644,0.006786841479637554
AU--KE,AU,KE,11938.438068840167,10,12009.0,12080.0,12023.75,12051.235066673602,198.80364405334447,39522.88888888888,11650.0,12250.0,11867.5,12150.5,283.0,98.0,0.016554554421962235,0,0,11888.595000000001,12113.625,70.56193115983297,70.56193115983297,0.005910482657191364,0.005893084276130441
AU--KR,AU,KR,8383.398878278069,10,8343.8,8340.0,8343.25,8340.889560000038,9.997777530809314,99.95555555555558,8332.0,8360.0,8340.0,8349.0,9.0,3.0,0.0011982283289159992,0,0,8338.595000000001,8349.8,39.598878278069606,-39.598878278069606,-0.004723487317378262,-0.004734678237616592
AU--MA,AU,MA,17823.98557196807,10,18040.2,18037.5,18041.0,18040.20000000028,78.82723725549015,6213.733333333334,17940.0,18134.0,17983.5,18114.5,131.0,73.5,0.004369532336420336,0,0,17996.495,18083.1075,216.21442803192986,216.21442803192986,0.012130532038354657,0.012057546775146746
AU--MX,AU,MX,13179.187255642872,10,13577.7,13877.5,13615.625,13822.482740002422,486.78150471575367,236956.2333333333,12850.0,14002.0,13082.5,13945.0,862.5,108.5,0.03585154368676238,0,0,13311.9875,13832.7325,398.5127443571291,398.5127443571291,0.030238036430243434,0.02978987887161683
AU--MY,AU,MY,6520.550088731684,10,6564.2,6575.0,6568.125,6573.391333333508,22.846346656644158,521.9555555555557,6517.0,6580.0,6561.25,6580.0,18.75,5.0,0.003480446460595984,2,0,6548.587500000001,6577.0,43.64991126831592,43.64991126831592,0.006694206880451445,0.006671900172713015
AU--NG,AU,NG,15163.69563184826,10,14876.9,14917.5,14892.875,14896.8107142862,194.15998557890345,37698.09999999999,14494.0,15132.0,14758.5,15021.25,262.75,125.0,0.01305110510784528,0,0,14759.095000000001,14988.91,286.7956318482611,-286.7956318482611,-0.018913307073105925,-0.019094451326553456
AU--NL,AU,NL,16620.528265072542,10,16611.7,16600.0,16607.25,16600.25,24.666891890863663,608.4555555555555,16600.0,16659.0,16600.0,16600.0,0.0,0.0,0.0014849107491023592,2,0,16600.0,16629.2025,8.828265072541399,-8.828265072541399,-0.0005311663342911722,-0.0005313074531024402
AU--NO,AU,NO,15966.082912956443,10,16016.4,16020.0,16015.5,16015.617566667148,76.50737074150292,5853.377777777778,15915.0,16125.0,15946.75,16080.25,133.5,68.5,0.0047768144365464725,0,0,15972.595000000001,16058.6175,50.31708704355697,50.31708704355697,0.0031514985433731373,0.0031465429807412235
AU--NZ,AU,NZ,2331.7654440152487,10,2326.3,2326.0,2326.25,2326.25,0.8232726023485646,0.6777777777777777,2325.0,2328.0,2326.0,2326.75,0.75,0.0,0.0003538978645697307,1,0,2325.9,2326.8,5.465444015248522,-5.465444015248522,-0.002343908144481783,-0.002346659397139827
AU--PE,AU,PE,12870.966935523227,10,12490.5,12742.5,12589.375,12749.076250012267,606.086948291158,367341.3888888889,11340.0,12850.0,12693.75,12822.5,128.75,75.0,0.04852383397711525,2,0,12069.0,12791.0125,380.4669355232272,-380.4669355232272,-0.029560089574401552,-0.03000579438928479
AU--PH,AU,PH,6269.920053818219,10,6265.2,6261.0,6265.25,6264.731357168956,18.207446584052118,331.5111111111111,6230.0,6300.0,6260.0,6273.75,13.75,7.5,0.0029061237604628932,2,0,6254.7,6276.2,4.72005381821873,-4.72005381821873,-0.0007528092507885073,-0.0007530927539639745
AU--PK,AU,PK,10988.77817833369,10,10243.5,10244.0,10232.875,10227.012285712184,157.9129507038609,24936.500000000004,10022.0,10550.0,10129.5,10288.75,159.25,110.0,0.015415917479754078,1,0,10157.265,10338.304999999998,745.2781783336904,-745.2781783336904,-0.06782175108449613,-0.07023122838211467
AU--PL,AU,PL,15552.021357649579,10,15608.7,15611.0,15608.125,15608.457722222221,8.083591061183418,65.34444444444445,15600.0,15622.0,15600.0,15614.5,14.5,7.5,0.0005178900908585223,0,0,15604.3,15613.304999999998,56.678642350421796,56.678642350421796,0.0036444550227255988,0.0036378300878252092
AU--PT,AU,PT,18058.241733092265,10,18058.5,18050.0,18056.625,18050.00712857138,34.999206340207834,1224.9444444444443,18012.0,18120.0,18040.5,18060.0,19.5,11.5,0.001938101522286338,2,0,18038.4925,18078.8075,0.2582669077346509,0.2582669077346509,1.430188561831959e-05,1.4301783347248744e-05
AU--RU,AU,RU,14468.762247285287,10,14468.4,14466.5,14467.375,14467.14926666667,4.5995168828427575,21.155555555555555,14465.0,14480.0,14465.25,14470.0,4.75,1.5,0.0003179008655305879,1,0,14466.2,14471.5,0.3622472852875944,-0.3622472852875944,-2.5036508244204605e-05,-2.5036821662862107e-05
AU--SA,AU,SA,12623.318465753277,10,12232.3,12145.0,12219.0,12178.542566667695,165.95250324515544,27540.233333333326,12061.0,12510.0,12117.5,12386.5,269.0,64.5,0.013566745685206825,0,0,12147.279999999999,12333.925,391.01846575327727,-391.01846575327727,-0.03097588536755211,-0.03146578129942733
AU--SE,AU,SE,15597.07886628645,10,15598.5,15598.5,15598.5,15598.5,1.5811388300841898,2.5000000000000004,15597.0,15600.0,15597.0,15600.0,3.0,1.5,0.00010136479982589285,0,0,15597.6,15599.4,1.4211337135493523,1.4211337135493523,9.111537652227783e-05,9.111122576838763e-05
AU--SG,AU,SG,6204.591664762586,10,6150.0,6150.0,6150.0,6150.0,0.0,0.0,6150.0,6150.0,6150.0,6150.0,0.0,0.0,0.0,0,0,6150.0,6150.0,54.59166476258633,-54.59166476258633,-0.008798591061620691,-0.008837527221100745
AU--SN,AU,SN,17367.8662451382,10,17250.4,17007.0,17225.5,17111.356519999492,434.0246280774603,188377.37777777776,16780.0,17920.0,16945.0,17623.75,678.75,167.0,0.02516026457806545,0,0,17012.4775,17506.0675,117.46624513819916,-117.46624513819916,-0.006763424100590455,-0.006786399707823276
AU--TH,AU,TH,7462.848367041455,10,7320.0,7280.0,7311.875,7283.068285714478,70.18071909957416,4925.333333333334,7270.0,7435.0,7272.75,7382.25,109.5,10.0,0.009587529931635815,0,0,7278.1925,7363.402499999999,142.84836704145528,-142.84836704145528,-0.01914126617824952,-0.01932683200652703
AU--TR,AU,TR,14491.126052008547,10,14525.0,14440.0,14465.625,14465.624999496025,340.1934090419089,115731.55555555556,14115.0,15410.0,14383.0,14570.75,187.75,109.0,0.02342123298051008,1,0,14356.9475,14755.414999999999,33.87394799145295,33.87394799145295,0.0023375649255882253,0.002334837070895362
AU--TZ,AU,TZ,11694.349880853746,10,11089.2,11090.0,11071.875,11079.595166656256,281.4244718096373,79199.73333333332,10767.0,11550.0,10826.25,11260.0,433.75,252.5,0.02537824836865033,0,0,10927.285,11249.56,605.1498808537453,-605.1498808537453,-0.051747201598997,-0.05313414729594048
AU--UA,AU,UA,14887.737081531282,10,14929.5,14917.5,14927.5,14918.017071419885,21.141060627235436,446.9444444444444,14915.0,14960.0,14915.0,14950.0,35.0,2.5,0.001416059521567061,0,0,14917.4875,14943.0,41.762918468717544,41.762918468717544,0.0028051891459398345,0.002801261945513208
AU--US,AU,US,15945.723803950415,10,16005.3,16005.0,16006.625,16012.461214285715,58.22380192937516,3390.011111111111,15900.0,16100.0,16000.0,16036.75,36.75,27.5,0.003637782605098009,3,0,15968.797499999999,16038.9125,59.576196049583814,59.576196049583814,0.003736186377116624,0.003729224168811038
AU--VN,AU,VN,7727.631084944442,10,7583.9,7725.0,7609.375,7721.652285717536,252.9050985822328,63960.98888888889,7204.0,7760.0,7353.75,7751.25,397.5,30.0,0.03334763097907842,0,0,7425.592500000001,7731.0125,143.73108494444205,-143.73108494444205,-0.018599630774878716,-0.01877477910353818
AU--ZA,AU,ZA,10839.833274898414,10,10582.6,10305.0,10565.125,10328.074850011199,375.675450947283,141132.04444444444,10270.0,11035.0,10300.0,11008.75,708.75,34.5,0.035499352800567256,0,0,10360.1975,10803.0025,257.2332748984136,-257.2332748984136,-0.02373037189548695,-0.02401647241753903
BD--BR,BD,BR,15592.505750516311,10,16841.4,16866.0,16858.0,16860.8515,71.63053352679522,5130.933333333334,16650.0,16900.0,16832.75,16875.0,42.25,17.5,0.004253241032621707,1,0,16794.3925,16874.5025,1248.8942494836901,1248.8942494836901,0.0800958017567084,0.0770497425323287
BD--CA,BD,CA,12219.959997048985,10,12485.1,12482.0,12483.5,12482.321733333278,11.357327541674973,128.98888888888888,12470.0,12513.0,12480.0,12488.5,8.5,2.0,0.0009096705306064807,1,0,12479.195000000002,12492.3,265.14000295101505,265.14000295101505,0.02169728894489377,0.02146525313701542
BD--CD,BD,CD,8699.546891941973,10,8807.8,8770.0,8777.5,8775.000000015842,287.0473441399132,82396.17777777776,8465.0,9393.0,8651.25,8951.25,300.0,180.0,0.03259012967368846,0,0,8646.9625,8986.1825,108.25310805802656,108.25310805802656,0.012443534060181559,0.01236674961396791
BD--CL,BD,CL,17886.203807894904,10,17359.0,17055.0,17230.875,17061.479785823554,652.495040423893,425749.77777777775,17013.0,18730.0,17044.0,17086.25,42.25,22.5,0.037588285063880005,2,0,17044.697500000002,17812.0125,527.2038078949045,-527.2038078949045,-0.029475444513396332,-0.029918574800729233
BD--CN,BD,CN,3026.7986717227063,10,3025.9,3025.0,3025.75,3025.6666666666665,1.1972189997378648,1.4333333333333336,3025.0,3028.0,3025.0,3027.0,2.0,0.0,0.0003956571597666363,0,0,3025.2,3026.7,0.89867172270624,-0.89867172270624,-0.0002969050208399754,-0.0002969491058619692
BD--CO,BD,CO,16454.083310734804,10,16567.2,16657.0,16567.125,16568.81328069879,284.7770277876282,81097.95555555556,16250.0,16885.0,16250.0,16812.5,562.5,212.0,0.017189206853760935,0,0,16402.4,16729.905000000002,113.11668926519633,113.11668926519633,0.006874688010811146,0.006851165090144802
BD--DE,BD,DE,7083.361209694893,10,7157.5,7140.0,7159.375,7159.375000003267,87.24327417565716,7611.388888888888,7020.0,7280.0,7119.5,7218.5,99.0,77.0,0.012189070789473582,0,0,7104.7775,7210.4225,74.13879030510725,74.13879030510725,0.01046661155774953,0.010412215809223234
BD--DZ,BD,DZ,8249.865357774017,10,8431.4,8475.0,8449.875,8460.335633333329,112.37852701176205,12628.933333333332,8170.0,8545.0,8390.25,8491.5,101.25,43.5,0.013328572599065641,1,0,8357.8775,8490.6,181.53464222598268,181.53464222598268,0.02200455817802152,0.021765951828339167
BD--EG,BD,EG,5856.065710330734,10,5617.8,5675.0,5627.5,5646.646533329308,117.50914858001482,13808.4,5420.0,5738.0,5547.5,5705.0,157.5,54.0,0.02091728943358874,0,0,5548.995,5681.6,238.26571033073378,-238.26571033073378,-0.04068699398478526,-0.04153786943171692
BD--ES,BD,ES,8668.474277763522,10,8315.8,8310.0,8310.75,8312.63857777778,79.50793112080777,6321.511111111113,8221.0,8451.0,8243.5,8369.75,126.25,72.0,0.009561068222036097,0,0,8269.289999999999,8360.205,352.6742777635227,-352.6742777635227,-0.04068470026705935,-0.04153547843423294
BD--ET,BD,ET,5724.1496250866285,10,5965.0,5940.0,5951.0,5934.371071425721,112.95426803209637,12758.666666666666,5835.0,6207.0,5901.25,5956.25,55.0,37.5,0.01893617234402286,2,0,5907.9875,6037.3025,240.85037491337152,240.85037491337152,0.042076184357205115,0.04121505424507633
BD--FI,BD,FI,6394.878508271938,10,6698.6,6657.5,6698.25,6678.175199998032,129.57468888637163,16789.6,6495.0,6905.0,6622.5,6781.25,158.75,56.0,0.01934354773928457,0,0,6628.592500000001,6780.91,303.7214917280626,303.7214917280626,0.0474944897444402,0.046401112413150654
BD--FJ,BD,FJ,10616.636231096905,10,11082.7,11165.0,11089.25,11088.561833336727,283.36982117994773,80298.45555555556,10663.0,11450.0,10831.25,11291.0,459.75,247.5,0.025568662977428578,0,0,10913.3575,11237.9,466.0637689030955,466.0637689030955,0.04389938194717085,0.042963107370603985
BD--FR,BD,FR,7923.795839306774,10,7902.9,7905.0,7903.5,7903.461424999996,7.34014834848573,53.877777777777794,7890.0,7911.0,7897.0,7909.0,12.0,5.5,0.0009287917534684395,0,0,7898.6975,7906.9,20.895839306774178,-20.895839306774178,-0.0026370996591202284,-0.002640582931598345
BD--GB,BD,GB,8015.217428089591,10,8001.160000000001,8002.5,8001.625,8002.023375000007,4.293457555138764,18.433777777778136,7993.0,8005.6,8000.0,8004.0,4.0,2.5,0.0005366043867562659,1,0,7998.56,8003.62,14.057428089589848,-14.057428089589848,-0.0017538423898926477,-0.0017553821720771349
BD--GH,BD,GH,9833.431322059829,10,9992.3,9942.5,9986.0,9970.670571426743,290.12566242923083,84172.9,9570.0,10465.0,9806.25,10184.75,378.5,190.0,0.02903492313373606,0,0,9812.279999999999,10169.8125,158.86867794017053,158.86867794017053,0.01615597574610324,0.0160268568085285
BD--GR,BD,GR,6434.574552380038,10,6099.5,6072.0,6089.5,6082.784633335715,90.98015656663209,8277.388888888889,6004.0,6275.0,6029.75,6166.5,136.75,51.5,0.014916002388168224,0,0,6048.5675,6156.9,335.07455238003786,-335.07455238003786,-0.05207408036885664,-0.053478923629509775
BD--IN,BD,IN,1425.4260591415405,10,1423.8,1424.0,1423.875,1423.8,0.4216370213557839,0.17777777777777778,1423.0,1424.0,1424.0,1424.0,0.0,0.0,0.00029613500586865,2,0,1423.5,1424.0,1.6260591415405088,-1.6260591415405088,-0.0011407530619440191,-0.0011414042159692923
BD--IT,BD,IT,7320.0470436892765,10,7271.9,7275.0,7273.25,7275.576400000002,11.503139668030734,132.32222222222222,7248.0,7285.0,7275.0,7277.0,2.0,2.0,0.001581861641115903,3,0,7264.5,7277.8025,48.14704368927687,-48.14704368927687,-0.006577422713530942,-0.006599149280587385
BD--JP,BD,JP,4901.783530903048,10,4738.9,4724.0,4724.875,4724.875000015975,70.28742577603921,4940.322222222222,4660.0,4930.0,4720.25,4730.0,9.75,5.0,0.014832012867129337,2,0,4709.19,4787.5,162.88353090304827,-162.88353090304827,-0.03322944187073077,-0.03379408352375979
BD--KE,BD,KE,6417.460535353122,10,6778.0,6765.0,6777.5,6778.000000000726,114.5571182132884,13123.333333333334,6640.0,6920.0,6671.25,6898.75,227.5,105.0,0.01690131575882095,0,0,6707.4875,6844.0,360.5394646468776,360.5394646468776,0.05618101781237348,0.05465958897654686
BD--KR,BD,KR,3797.612686267932,10,3713.8,3715.0,3714.75,3714.666666666709,5.692099788303083,32.400000000000006,3700.0,3720.0,3713.25,3715.75,2.5,1.5,0.0015326888330828485,3,0,3710.0975,3716.8,83.8126862679319,-83.8126862679319,-0.022069835233855303,-0.022317017666447815
BD--MA,BD,MA,9196.660288262383,10,9268.6,9297.5,9279.125,9283.054750000421,239.30881954309814,57268.71111111111,8898.0,9555.0,9077.25,9478.75,401.5,185.0,0.02581930599476708,0,0,9123.095000000001,9397.0,71.93971173761747,71.93971173761747,0.007822373501110343,0.007791937356406989
BD--MX,BD,MX,15118.666153073525,10,15788.7,15830.0,15811.25,15828.391333333779,94.16421825725523,8866.9,15545.0,15852.0,15776.25,15838.75,62.5,10.0,0.005964026060236449,1,0,15726.475,15832.3175,670.0338469264752,670.0338469264752,0.044318317511777436,0.043364344818534295
BD--MY,BD,MY,2578.596726870454,10,2630.1,2630.0,2630.0,2630.0,0.7378647873726218,0.5444444444444444,2629.0,2632.0,2630.0,2630.0,0.0,0.0,0.00028054628621444885,2,0,2629.7,2630.6,51.50327312954596,51.50327312954596,0.019973372568440957,0.019776521630371947
BD--NG,BD,NG,8893.098615055616,10,8664.6,8689.5,8668.75,8672.681271444053,217.78694992022722,47431.15555555556,8336.0,8960.0,8522.5,8831.5,309.0,173.5,0.025135257244446044,0,0,8535.0825,8788.0925,228.49861505561603,-228.49861505561603,-0.025693925699730592,-0.02602978004264662
BD--NL,BD,NL,7656.49679159308,10,7705.4,7701.5,7703.25,7703.218928571487,24.350222449360363,592.9333333333334,7670.0,7758.0,7690.25,7715.0,24.75,12.5,0.0031601503425338546,1,0,7691.2,7720.005,48.903208406919475,48.903208406919475,0.006387151949259059,0.006366840536422836
BD--NO,BD,NO,7181.762061567684,10,7326.7,7350.5,7335.875,7339.333333334473,59.537196589844385,3544.677777777778,7195.0,7385.0,7302.5,7358.75,56.25,30.0,0.00812605901563383,1,0,7287.097500000001,7359.0,144.9379384323156,144.9379384323156,0.02018138963527254,0.01998044446152781
BD--NZ,BD,NZ,11267.899459200993,10,11120.0,11154.0,11145.0,11149.00000000068,174.28966948413463,30376.88888888889,10725.0,11315.0,11090.0,11214.0,124.0,67.5,0.015673531428429373,1,0,11007.49,11210.307499999999,147.89945920099308,-147.89945920099308,-0.013125734724250071,-0.01321263846826451
BD--PE,BD,PE,18167.538095071344,10,17731.4,17977.5,17769.375,17935.45239921383,474.2240914260777,224888.48888888888,17009.0,18150.0,17296.25,18023.75,727.5,130.0,0.026744875837558097,0,0,17429.6775,18005.5875,436.13809507134283,-436.13809507134283,-0.024006450009297756,-0.024299301206965374
BD--PH,BD,PH,3362.196759695326,10,3222.1,3117.0,3207.25,3151.9132285745545,256.31163757339533,65695.65555555557,3000.0,3563.0,3001.5,3492.5,491.0,117.0,0.07954800830929994,0,0,3078.69,3365.2275,140.096759695326,-140.096759695326,-0.04166822161473418,-0.04256123697461748
BD--PK,BD,PK,2010.504192418624,10,2027.9,2028.5,2027.75,2028.6183285713544,8.862530363527362,78.54444444444444,2014.0,2043.0,2025.0,2033.25,8.25,4.5,0.004370299503687244,0,0,2022.3975,2032.9025000000001,17.395807581376175,17.395807581376175,0.00865246023707572,0.008615242233775359
BD--PL,BD,PL,6568.012073729416,10,6787.4,6786.5,6786.125,6786.124999768503,57.67957466324915,3326.933333333333,6710.0,6875.0,6746.25,6832.5,86.25,50.0,0.008498036753874703,0,0,6754.3925,6821.5025,219.3879262705832,219.3879262705832,0.03340248522807776,0.03285674177233028
BD--PT,BD,PT,9173.202508931836,10,8783.1,8766.5,8786.375,8785.883780483671,104.54499297219142,10929.655555555553,8620.0,8920.0,8732.5,8878.25,145.75,76.5,0.011902971954343162,0,0,8724.38,8845.7275,390.1025089318355,-390.1025089318355,-0.04252631603324983,-0.04345704241286376
BD--RU,BD,RU,5553.2737926347245,10,4939.6,4941.5,4941.125,4941.117166666577,21.02485301837909,442.04444444444437,4900.0,4967.0,4926.25,4957.75,31.5,17.5,0.004256387767912197,0,0,4927.4,4951.4,613.6737926347241,-613.6737926347241,-0.11050666967809802,-0.11710327013718438
BD--SA,BD,SA,4415.912406616781,10,4893.3,4885.5,4891.375,4888.666666666399,27.805075475931048,773.1222222222221,4858.0,4944.0,4876.75,4901.5,24.75,15.5,0.0056822748402777365,1,0,4878.0,4910.8025,477.3875933832196,477.3875933832196,0.10810621892497335,0.10265244918604499
BD--SE,BD,SE,6768.471024295255,10,6882.4,6910.5,6896.875,6908.718866666504,56.456866524611314,3187.3777777777777,6734.0,6915.0,6876.0,6914.5,38.5,4.5,0.00820307836286925,1,0,6844.795,6908.3025,113.92897570474452,113.92897570474452,0.016832306040138068,0.016692212654447623
BD--SG,BD,SG,2874.5622395689315,10,2896.2,2896.5,2896.375,2896.375,1.0327955589886446,1.0666666666666669,2894.0,2897.0,2896.0,2897.0,1.0,0.5,0.0003566036734302343,1,0,2895.6,2896.7,21.637760431068273,21.637760431068273,0.007527323685401595,0.007499134754229838
BD--SN,BD,SN,11109.021139047307,10,12232.5,12320.0,12283.125,12312.49999998988,279.4960743115287,78118.05555555556,11570.0,12490.0,12246.25,12380.0,133.75,72.5,0.02284864699051941,2,0,12045.4875,12371.0,1123.4788609526931,1123.4788609526931,0.10113212018327665,0.0963388507075627
BD--TH,BD,TH,1533.2161452123528,10,1540.2,1540.0,1540.0,1540.111111111111,0.6324555320336759,0.4,1540.0,1542.0,1540.0,1540.0,0.0,0.0,0.0004106320815697155,1,0,1540.0,1540.6,6.98385478764726,6.98385478764726,0.004555036032887578,0.004544693252189932
BD--TR,BD,TR,5633.079801631459,10,5479.8,5504.0,5489.0,5488.999999996549,123.10591645679204,15155.066666666662,5216.0,5670.0,5422.5,5540.5,118.0,65.0,0.02246540320026133,1,0,5405.1925,5551.24,153.27980163145912,-153.27980163145912,-0.027210656874959598,-0.02758772267703162
BD--TZ,BD,TZ,6793.0341997186615,10,6666.7,6635.5,6659.125,6658.221271434467,159.41284626891135,25412.455555555563,6456.0,6938.0,6562.75,6777.0,214.25,126.5,0.023911807381299797,0,0,6580.8925,6764.637500000001,126.3341997186617,-126.3341997186617,-0.01859760984625897,-0.018772719876129804
BD--UA,BD,UA,5893.685382507589,10,6202.2,6231.5,6209.125,6218.619642855656,99.28947577664009,9858.4,6036.0,6313.0,6156.25,6282.5,126.25,62.5,0.016008751052310484,0,0,6141.4825,6254.505,308.51461749241116,308.51461749241116,0.052346638388279104,0.05102256421230878
BD--US,BD,US,12949.493713794654,10,12641.4,12630.0,12636.5,12633.45650000008,27.02755795274314,730.488888888889,12620.0,12702.0,12622.0,12645.0,23.0,10.0,0.002138019361205495,1,0,12627.1975,12658.8,308.09371379465483,-308.09371379465483,-0.023791950527490745,-0.024079549842424695
BD--VN,BD,VN,1616.977559772685,10,1675.4,1589.5,1658.625,1591.623899997916,143.8179404664105,20683.599999999995,1580.0,1905.0,1586.25,1780.25,194.0,7.5,0.085840957661699,0,0,1588.395,1764.3025,58.422440227315064,58.422440227315064,0.036130643789223704,0.03549323993049701
BD--ZA,BD,ZA,8645.990655579606,10,8472.3,8442.5,8464.875,8457.096143363258,148.00679413834726,21906.011111111104,8280.0,8724.0,8357.5,8546.25,188.75,105.0,0.01746949401441725,0,0,8390.8,8564.2,173.69065557960676,-173.69065557960676,-0.020089156060736333,-0.020293687028227776
BR--CA,BR,CA,7334.346869539842,10,6949.8,6927.5,6944.75,6956.283371426709,179.587057192636,32251.51111111111,6680.0,7260.0,6903.75,7074.75,171.0,114.0,0.025840607958881694,0,0,6846.995,7061.3325,384.5468695398422,-384.5468695398422,-0.05243096302642811,-0.05385548243864301
BR--CD,BR,CD,7021.609682135122,10,6715.4,6719.5,6713.75,6713.750000004111,134.23710366362945,18019.600000000002,6534.0,6910.0,6617.0,6820.0,203.0,104.5,0.019989442723237553,0,0,6638.8975,6798.0075,306.2096821351224,-306.2096821351224,-0.043609613179468355,-0.04458909486992651
BR--CL,BR,CL,3009.3551850238605,10,2897.9,2928.0,2929.5,2929.499999999602,109.90445345339236,12078.988888888889,2587.0,2956.0,2922.0,2939.25,17.25,10.0,0.0379255507275587,1,0,2826.795,2937.7,111.4551850238604,-111.4551850238604,-0.03703623473178581,-0.03773949482004865
BR--CN,BR,CN,16930.472630910997,10,17912.2,17401.0,17907.75,17572.575160828987,825.544641770241,681523.9555555555,16980.0,18880.0,17300.0,18860.0,1560.0,261.0,0.04608840018368715,0,0,17434.005,18406.295000000002,981.7273690890033,981.7273690890033,0.057985821807278064,0.05636693240801366
BR--CO,BR,CO,3659.609825431805,10,3660.0,3660.0,3660.0,3660.0,0.0,0.0,3660.0,3660.0,3660.0,3660.0,0.0,0.0,0.0,0,0,3660.0,3660.0,0.390174568195107,0.390174568195107,0.00010661643913065772,0.00010661075600196232
BR--DE,BR,DE,9575.611395967344,10,9496.7,9494.5,9496.25,9495.238814285709,8.654478609367523,74.9,9485.0,9512.0,9490.75,9499.5,8.75,4.5,0.0009113143101674815,0,0,9491.6,9502.4025,78.9113959673432,-78.9113959673432,-0.008240872849181808,-0.008275016553848802
BR--DZ,BR,DZ,7899.280557882734,10,7427.5,7414.0,7425.0,7420.891471027296,169.62065518876724,28771.16666666667,7145.0,7730.0,7321.5,7512.5,191.0,115.5,0.022836843512456042,0,0,7325.7925000000005,7533.22,471.7805578827338,-471.7805578827338,-0.05972449698750622,-0.061582358348912666
BR--EG,BR,EG,9874.469524339542,10,9461.8,9445.5,9457.0,9454.80356666667,37.01291066041085,1369.9555555555553,9422.0,9540.0,9440.0,9480.5,40.5,19.5,0.003911825515273083,0,0,9442.395,9485.505,412.6695243395425,-412.6695243395425,-0.041791563923748505,-0.0426899504847791
BR--ES,BR,ES,7719.290067297386,10,7263.0,7263.0,7262.5,7262.666666666643,11.175369742826806,124.88888888888887,7245.0,7285.0,7260.0,7265.0,5.0,3.0,0.0015386713125191802,4,0,7256.597500000001,7269.402499999999,456.2900672973856,-456.2900672973856,-0.0591103667979066,-0.06092943298941656
BR--ET,BR,ET,9928.94838833383,10,9370.6,9355.0,9357.0,9356.018100024174,232.9683812594891,54274.26666666667,9070.0,9780.0,9174.75,9506.0,331.25,179.5,0.024861629058917156,0,0,9238.015000000001,9496.824999999999,558.3483883338304,-558.3483883338304,-0.056234393260606565,-0.05787744161323264
BR--FI,BR,FI,10597.841046061912,10,10469.2,10457.0,10465.75,10466.743928175014,132.57098727348554,17575.066666666666,10292.0,10674.0,10392.25,10567.5,175.25,112.5,0.012662952973817056,0,0,10394.0875,10545.7075,128.64104606191177,-128.64104606191177,-0.012138420033174014,-0.012212692297517678
BR--FJ,BR,FJ,13707.79297949407,10,14068.9,14068.5,14090.5,14094.159557144752,249.24706618132942,62124.100000000006,13580.0,14385.0,13992.5,14263.0,270.5,193.5,0.01771617299016479,1,0,13921.2825,14206.8225,361.10702050592954,361.10702050592954,0.02634319186510339,0.0260021858128264
BR--FR,BR,FR,8706.397888002059,10,8727.4,8727.5,8727.375,8727.4,2.547329756605707,6.48888888888889,8724.0,8731.0,8725.0,8729.75,4.75,2.5,0.0002918772780674321,0,0,8725.9,8728.9,21.00211199794103,21.00211199794103,0.0024122619099321437,0.0024093570767121483
BR--GB,BR,GB,8772.672472521588,10,8772.5,8771.0,8771.875,8771.120649999999,3.7490739597339973,14.055555555555554,8770.0,8780.0,8770.25,8771.75,1.5,1.0,0.00042736665257725817,2,0,8770.6,8775.0,0.17247252158813353,-0.17247252158813353,-1.9660202991547296e-05,-1.9660396255924345e-05
BR--GH,BR,GH,5761.1782251059785,10,5491.5,5522.0,5518.75,5519.671514285289,152.70832764893123,23319.833333333336,5115.0,5650.0,5455.5,5589.0,133.5,69.0,0.027808126677398022,1,0,5390.7,5571.015,269.6782251059785,-269.6782251059785,-0.04680956126834936,-0.047940564513218056
BR--GR,BR,GR,9543.526478721476,10,9392.4,9426.0,9402.375,9410.878533333136,148.45889816526474,22040.044444444447,9145.0,9560.0,9280.0,9518.0,238.0,94.0,0.015806279349821636,0,0,9305.4975,9474.702500000001,151.12647872147681,-151.12647872147681,-0.01583549635016289,-0.015962217396720765
BR--IN,BR,IN,14244.967094288088,10,14449.6,14350.5,14442.625,14370.448999996363,259.525293136869,67353.37777777777,14140.0,14815.0,14272.0,14699.0,427.0,95.0,0.017960725081446475,0,0,14298.6,14597.2,204.63290571191283,204.63290571191283,0.014365277529771623,0.014263074550479878
BR--IT,BR,IT,8891.366226296563,10,9037.2,9140.0,9054.875,9133.257671628413,216.33348741648336,46800.17777777777,8723.0,9210.0,8830.75,9186.5,355.75,58.5,0.023938109969513052,0,0,8905.289999999999,9156.6,145.83377370343806,145.83377370343806,0.01640172837242144,0.016268672946902114
BR--JP,BR,JP,17673.237812688087,10,17370.0,17370.0,17370.0,17370.0,0.0,0.0,17370.0,17370.0,17370.0,17370.0,0.0,0.0,0.0,0,0,17370.0,17370.0,303.2378126880867,-303.2378126880867,-0.01715802253678634,-0.017306927135717246
BR--KE,BR,KE,9414.754147935433,10,8329.2,8310.0,8312.75,8298.260500783012,234.6741476080302,55071.95555555555,8070.0,8720.0,8135.0,8406.25,271.25,170.0,0.028174872449698674,0,0,8201.9,8463.525,1085.5541479354324,-1085.5541479354324,-0.1153035045714374,-0.12251063581118575
BR--KR,BR,KR,17539.5016131441,10,18195.4,18130.0,18182.625,18130.42857142623,105.92366223947424,11219.822222222221,18130.0,18363.0,18130.0,18272.5,142.5,0.0,0.005821452797931028,0,0,18130.0,18261.0,655.8983868559008,655.8983868559008,0.03739549739340202,0.03671324264562235
BR--MA,BR,MA,7024.002442289389,10,7279.1,7291.5,7277.875,7277.874999999914,122.67522615064179,15049.211111111108,7088.0,7480.0,7192.25,7351.25,159.0,98.0,0.016853076087791317,0,0,7210.9,7352.015,255.097557710611,255.097557710611,0.03631797679550137,0.035674024153494986
BR--MX,BR,MX,6827.142656438756,10,6848.5,6850.0,6848.75,6849.857142857143,6.687467549246293,44.722222222222214,6835.0,6860.0,6850.0,6850.0,0.0,0.0,0.0009764864640791842,3,0,6844.5,6852.0,21.357343561244306,21.357343561244306,0.003128299002380147,0.0031234160559500154
BR--MY,BR,MY,16422.814195799372,10,16434.6,16340.0,16418.0,16407.18859922831,320.7699764282465,102893.3777777778,16090.0,16912.0,16147.5,16673.0,525.5,244.0,0.019517966754788466,0,0,16254.359999999999,16638.275,11.785804200626444,11.785804200626444,0.0007176482702727658,0.0007173908838875299
BR--NG,BR,NG,6701.782316617511,10,6564.8,6507.5,6560.375,6564.800000014253,436.0086135744466,190103.5111111111,6125.0,7040.0,6153.5,7004.0,850.5,377.5,0.06641613051036536,0,0,6308.8775,6826.902499999999,136.98231661751106,-136.98231661751106,-0.02043968457134968,-0.020651465720378116
BR--NL,BR,NL,9095.395184382438,10,9233.3,9224.0,9227.625,9227.02389999992,25.289655329139354,639.5666666666665,9212.0,9300.0,9222.5,9237.5,15.0,7.5,0.002738961728649492,1,0,9221.8,9249.202500000001,137.90481561756133,137.90481561756133,0.015162047697977493,0.015048252654993311
BR--NO,BR,NO,9890.673869295977,10,9541.8,9555.0,9550.25,9553.395085714612,70.41906307559371,4958.844444444446,9394.0,9622.0,9519.0,9591.25,72.25,44.0,0.007380060688297147,1,0,9498.58,9577.105,348.8738692959778,-348.8738692959778,-0.03527301313401923,-0.03591013283598297
BR--NZ,BR,NZ,12315.070951453863,10,12084.5,12127.5,12081.625,12083.374357139664,159.58992588645577,25468.944444444445,11832.0,12360.0,11961.0,12160.0,199.0,107.5,0.01320616706412808,0,0,11988.192500000001,12176.83,230.57095145386302,-230.57095145386302,-0.01872266529058388,-0.01890015324481434
BR--PE,BR,PE,3172.9910685849954,10,3170.8,3171.0,3170.875,3170.8,0.4216370213557839,0.17777777777777778,3170.0,3171.0,3171.0,3171.0,0.0,0.0,0.00013297496573602368,2,0,3170.5,3171.0,2.1910685849952642,-2.1910685849952642,-0.000690537268348624,-0.0006907757990240256
BR--PH,BR,PH,18834.978421995093,10,19221.2,19196.5,19210.5,19211.05745,104.62823073466677,10947.06666666667,19108.0,19420.0,19140.5,19301.25,160.75,73.0,0.0054433766224099836,0,0,19164.2975,19282.1475,386.2215780049082,386.2215780049082,0.020505549268582477,0.020298141046786986
BR--PK,BR,PK,13831.892357763147,10,13929.6,13945.5,13926.25,13928.526971420222,280.5293409094869,78696.71111111113,13506.0,14380.0,13700.0,14132.0,432.0,212.0,0.020139080871632128,0,0,13770.535,14099.0025,97.70764223685364,97.70764223685364,0.007063938881943023,0.007039106141735965
BR--PL,BR,PL,10013.245328845951,10,9880.1,9882.0,9904.875,9904.875000006143,196.33670059364857,38548.100000000006,9432.0,10130.0,9817.5,10012.25,194.75,115.0,0.019871934554675414,1,0,9758.38,9984.46,133.14532884595064,-133.14532884595064,-0.013296920675895987,-0.01338611629272739
BR--PT,BR,PT,7260.226545104273,10,7290.0,7290.0,7290.0,7290.0,0.0,0.0,7290.0,7290.0,7290.0,7290.0,0.0,0.0,0.0,0,0,7290.0,7290.0,29.7734548957269,29.7734548957269,0.004100898878397091,0.004092513110896927
BR--RU,BR,RU,11166.929191609152,10,11180.0,11180.0,11180.0,11180.0,0.0,0.0,11180.0,11180.0,11180.0,11180.0,0.0,0.0,0.0,0,0,11180.0,11180.0,13.07080839084847,13.07080839084847,0.0011704926364778864,0.001169808144048756
BR--SA,BR,SA,11195.014360359984,10,10751.2,10761.0,10766.5,10779.342371431812,195.69806675931505,38297.73333333333,10350.0,11030.0,10721.25,10880.0,158.75,109.0,0.01820243942623289,1,0,10628.3825,10861.404999999999,443.81436035998377,-443.81436035998377,-0.039643929527367984,-0.04045115654683179
BR--SE,BR,SE,10211.465310360685,10,10024.7,10120.0,10036.5,10077.542642874367,299.513327471973,89708.23333333334,9600.0,10355.0,9737.5,10258.5,521.0,192.5,0.02987753523516644,0,0,9848.1825,10195.3175,186.76531036068445,-186.76531036068445,-0.018289765933121267,-0.018459091496521838
BR--SG,BR,SG,16541.57994188363,10,16060.1,16000.0,16040.75,16003.422285714929,120.76648725720412,14584.544444444446,15975.0,16300.0,15985.0,16087.0,102.0,20.0,0.007519659731708029,2,0,15994.0,16133.005,481.47994188362827,-481.47994188362827,-0.029107252364963695,-0.029539272368166232
BR--SN,BR,SN,4752.903773023973,10,4897.5,5026.0,4905.625,4991.674766660483,264.20415086317877,69803.83333333333,4464.0,5266.0,4741.5,5029.75,288.25,44.5,0.0539467383079487,0,0,4727.9875,5043.5075,144.59622697602663,144.59622697602663,0.030422712910097304,0.029969118933725468
BR--TH,BR,TH,16631.97836274269,10,16740.0,16740.0,16740.0,16740.0,0.0,0.0,16740.0,16740.0,16740.0,16740.0,0.0,0.0,0.0,0,0,16740.0,16740.0,108.02163725730861,108.02163725730861,0.006494815884277963,0.006473815447860262
BR--TR,BR,TR,10359.803932064284,10,10093.9,10144.5,10110.375,10133.058813950975,197.73801410508355,39100.32222222222,9712.0,10344.0,10040.0,10212.5,172.5,95.5,0.01958985269371438,1,0,9962.4,10202.9025,265.90393206428416,-265.90393206428416,-0.025666888467000208,-0.0260020301822017
BR--TZ,BR,TZ,9156.612898830454,10,8393.6,8448.0,8405.375,8419.924166661895,179.08731576152084,32072.26666666667,8045.0,8648.0,8276.25,8508.5,232.25,87.5,0.021336174676124767,0,0,8290.01,8497.0,763.0128988304532,-763.0128988304532,-0.08332916409821262,-0.08700682874347779
BR--UA,BR,UA,10549.919782043095,10,10143.8,10129.5,10137.25,10130.666666666171,52.087106529991345,2713.066666666667,10085.0,10255.0,10117.5,10146.25,28.75,17.5,0.005134871205070225,2,0,10114.9875,10176.6025,406.11978204309526,-406.11978204309526,-0.038495058771380174,-0.0392555748831797
BR--US,BR,US,6769.014727737269,10,6727.8,6736.5,6728.5,6731.052199999944,17.624477927650005,310.6222222222222,6700.0,6750.0,6716.75,6739.25,22.5,9.0,0.002619649503203128,0,0,6716.5,6737.1,41.21472773726873,-41.21472773726873,-0.006088733648101531,-0.0061073455739845675
BR--VN,BR,VN,17204.186662884276,10,17366.2,17267.0,17304.0,17258.99999999558,387.68738838284526,150301.5111111111,17002.0,18228.0,17162.5,17347.5,185.0,102.0,0.02232424988672509,2,0,17156.035,17626.45,162.01333711572443,162.01333711572443,0.009417087845556015,0.009373023496364902
BR--ZA,BR,ZA,7905.896338955261,10,7510.7,7442.5,7497.375,7485.030014284736,147.3318627377587,21706.677777777775,7348.0,7780.0,7427.5,7582.25,154.75,88.5,0.01961626249720515,0,0,7425.99,7602.02,395.1963389552611,-395.1963389552611,-0.04998754372834151,-0.05128018260860656
CA--CD,CA,CD,10429.733240251062,10,10050.2,9956.0,10029.5,9967.646880156602,197.54819383858936,39025.28888888887,9856.0,10410.0,9934.5,10178.0,243.5,44.0,0.01965614553328186,0,0,9950.9,10178.112500000001,379.5332402510612,-379.5332402510612,-0.03638954434484896,-0.03706815768265542
CA--CL,CA,CL,8748.678780930806,10,8580.0,8590.0,8598.125,8596.99277777751,69.88085097745542,4883.333333333333,8390.0,8625.0,8586.25,8622.5,36.25,25.0,0.008144621326043756,1,0,8531.9625,8611.0,168.67878093080617,-168.67878093080617,-0.019280486248788732,-0.019468779003487518
CA--CN,CA,CN,10474.241950070254,10,10533.6,10543.0,10535.5,10538.45342857145,21.721469154323383,471.8222222222222,10492.0,10560.0,10530.0,10544.5,14.5,10.0,0.0020621125877499985,2,0,10519.7925,10545.7,59.3580499297459,59.3580499297459,0.005667049721851019,0.005651052405511063
CA--CO,CA,CO,4525.731196671247,10,4529.5,4530.5,4530.0,4530.687271440721,7.321960878829599,53.611111111111114,4515.0,4540.0,4527.75,4533.75,6.0,3.5,0.0016165053270404237,1,0,4525.1,4533.4,3.7688033287531653,3.7688033287531653,0.000832750149086447,0.0008324036050573287
CA--DE,CA,DE,6146.549872089064,10,6139.6,6140.0,6139.875,6140.396585714291,3.8355066303046734,14.71111111111111,6132.0,6145.0,6140.0,6141.75,1.75,1.5,0.0006247160450688437,3,0,6137.097500000001,6141.6025,6.949872089063319,-6.949872089063319,-0.0011306948180184904,-0.0011313345356666936
CA--DZ,CA,DZ,6419.275105731327,10,6084.7,6091.5,6088.0,6089.630499999983,41.36302696853798,1710.9000000000003,6013.0,6130.0,6063.5,6118.25,54.75,30.0,0.00679787449973507,0,0,6060.3975,6106.5125,334.5751057313273,-334.5751057313273,-0.052120387461289566,-0.053527775784075575
CA--EG,CA,EG,8876.40462189037,10,8552.7,8525.5,8532.375,8535.333333332857,154.24875292130494,23792.67777777778,8374.0,8894.0,8481.75,8612.5,130.75,74.0,0.018035094522350244,1,0,8463.9,8647.335,323.7046218903688,-323.7046218903688,-0.03646798852455092,-0.03714956752243966
CA--ES,CA,ES,5707.581780771725,10,5696.2,5689.5,5692.375,5690.646174999913,21.170209677227522,448.1777777777778,5678.0,5745.0,5682.0,5699.0,17.0,9.5,0.0037165495729130863,1,0,5685.4975,5710.3075,11.381780771725062,-11.381780771725062,-0.0019941511499789893,-0.00199614211668286
CA--ET,CA,ET,11136.890454729448,10,11364.5,11383.5,11362.5,11362.068774999992,123.51360698769635,15255.611111111113,11195.0,11550.0,11257.5,11418.25,160.75,113.5,0.010868371418689458,0,0,11293.695000000002,11440.0,227.6095452705522,227.6095452705522,0.02043744133030368,0.02023139940959504
CA--FI,CA,FI,6289.502387773958,10,6112.6,6123.5,6116.25,6121.106557143574,54.73816462639816,2996.266666666667,6008.0,6188.0,6093.5,6148.75,55.25,28.5,0.008954972454667106,1,0,6078.1825,6142.3025,176.90238777395734,-176.90238777395734,-0.02812661111598184,-0.028529741355829117
CA--FJ,CA,FJ,12653.111746459324,10,12084.6,12045.0,12053.75,12054.601734345672,296.6045627880102,87974.26666666668,11756.0,12660.0,11860.0,12254.5,394.5,206.0,0.024544011617100292,0,0,11915.9425,12262.512499999999,568.5117464593241,-568.5117464593241,-0.044930587657096184,-0.04597125806111937
CA--FR,CA,FR,5663.62568366498,10,5651.2,5650.0,5650.75,5650.0,5.553777493242275,30.844444444444445,5645.0,5661.0,5650.0,5650.0,0.0,0.0,0.0009827607398857367,4,0,5648.5,5654.5,12.42568366498017,-12.42568366498017,-0.002193945073174293,-0.0021963552965767754
CA--GB,CA,GB,5378.074759985251,10,5357.0,5341.0,5354.5,5341.599999997606,22.090722034374522,488.00000000000006,5340.0,5394.0,5341.0,5370.75,29.75,0.5,0.004123711412054232,0,0,5345.6975,5370.3075,21.07475998525115,-21.07475998525115,-0.0039186439247841445,-0.00392634192695597
CA--GH,CA,GH,8439.561227154014,10,8381.4,8370.5,8370.625,8370.624999998734,78.47745606931402,6158.711111111112,8285.0,8564.0,8333.75,8411.25,77.5,45.0,0.009363287287244854,1,0,8341.387499999999,8429.605,58.16122715401434,-58.16122715401434,-0.006891498928508568,-0.006915354973029153
CA--GR,CA,GR,7764.7115554242955,10,7625.4,7623.0,7624.25,7624.457722222212,9.276014469827246,86.04444444444444,7615.0,7645.0,7620.0,7630.75,10.75,7.5,0.0012164626734108698,0,0,7620.3975,7631.0,139.31155542429588,-139.31155542429588,-0.017941626605173143,-0.018104529018771208
CA--IN,CA,IN,11362.94782650969,10,11150.2,11150.0,11150.0,11150.0,5.202563470700446,27.066666666666674,11140.0,11162.0,11150.0,11150.0,0.0,0.0,0.0004665892513766969,2,0,11148.0,11153.6,212.74782650968882,-212.74782650968882,-0.0187229431797046,-0.018900436436069482
CA--IT,CA,IT,6746.931142314486,10,6670.7,6729.5,6675.75,6728.910439993685,76.74351221221679,5889.566666666667,6570.0,6731.0,6586.75,6730.0,143.25,1.0,0.011504566569058237,0,0,6625.3875,6715.402499999999,76.23114231448653,-76.23114231448653,-0.011298639441625602,-0.011362953971597273
CA--JP,CA,JP,10343.49118277986,10,10305.3,10300.0,10304.0,10300.42857142857,8.844960900610774,78.23333333333335,10300.0,10321.0,10300.0,10309.0,9.0,0.0,0.0008582924224050512,0,0,10300.0,10310.6,38.191182779861265,-38.191182779861265,-0.003692291326495549,-0.003699124659739125
CA--KE,CA,KE,11852.842570511928,10,11621.3,11605.0,11616.625,11619.36338889208,164.28704554326043,26990.233333333326,11430.0,11850.0,11476.25,11747.5,271.25,142.5,0.014136718400115343,0,0,11532.717499999999,11721.605,231.54257051192872,-231.54257051192872,-0.01953477143853842,-0.019728096940944843
CA--KR,CA,KR,10536.510102087088,10,10489.4,10480.0,10487.625,10480.29273333309,28.609244815074877,818.4888888888887,10450.0,10543.0,10475.0,10506.25,31.25,7.0,0.002727443401440967,0,0,10474.297499999999,10508.5,47.11010208708831,-47.11010208708831,-0.004471129589460239,-0.004481154983748792
CA--MA,CA,MA,5854.797692873017,10,5682.2,5682.0,5681.5,5681.767855555386,19.92095490794667,396.8444444444445,5655.0,5715.0,5665.0,5696.25,31.25,19.5,0.0035058524705125953,0,0,5670.8975,5693.405,172.59769287301697,-172.59769287301697,-0.029479702276155213,-0.029922961884059
CA--MX,CA,MX,3598.308798337808,10,3567.6,3615.0,3601.125,3611.617860023831,116.27572594675316,13520.044444444446,3244.0,3623.0,3585.25,3619.25,34.0,6.5,0.03259214204135922,1,0,3495.3975,3614.405,30.708798337808275,-30.708798337808275,-0.008534230956496509,-0.008570856032283341
CA--MY,CA,MY,14615.980355359012,10,14792.5,14800.0,14795.625,14799.333333333334,12.96362432175337,168.05555555555551,14760.0,14800.0,14787.5,14800.0,12.5,0.0,0.0008763646659965097,1,0,14784.9875,14799.0,176.5196446409882,176.5196446409882,0.012077167617173657,0.012004820544333047
CA--NG,CA,NG,8769.14706891505,10,8612.3,8602.5,8610.375,8613.83333333358,172.26081646413058,29673.78888888888,8360.0,8880.0,8519.0,8737.5,218.5,123.0,0.02000172038411697,0,0,8506.3,8709.4075,156.84706891505084,-156.84706891505084,-0.017886239982340325,-0.01804813210537916
CA--NL,CA,NL,5650.389098226851,10,5648.3,5650.0,5647.5,5648.517400000118,13.458165633630097,181.12222222222218,5628.0,5675.0,5638.75,5650.0,11.25,5.0,0.0023826931348600636,1,0,5640.6,5656.5,2.0890982268510925,-2.0890982268510925,-0.0003697264366283505,-0.00036979480229891334
CA--NO,CA,NO,5615.364370869781,10,5687.9,5692.5,5703.75,5704.833333335582,103.69983392250711,10753.655555555557,5448.0,5801.0,5680.0,5748.0,68.0,49.5,0.018231655606200377,1,0,5623.8975,5742.1125,72.5356291302187,72.5356291302187,0.012917350387181274,0.012834632981600726
CA--NZ,CA,NZ,14472.518850835871,10,14404.2,14416.0,14406.5,14409.4029333333,23.43217161653325,549.0666666666665,14360.0,14430.0,14388.75,14417.5,28.75,12.0,0.0016267596684670616,0,0,14389.797499999999,14416.5025,68.31885083587076,-68.31885083587076,-0.004720591594318425,-0.00473176877596409
CA--PE,CA,PE,6365.101501579229,10,6190.1,6207.5,6192.0,6199.859619999832,29.797278026319415,887.8777777777779,6140.0,6225.0,6170.0,6210.0,40.0,10.5,0.004813698975189321,0,0,6172.49,6207.1050000000005,175.00150157922872,-175.00150157922872,-0.02749390587656922,-0.02787893705834122
CA--PH,CA,PH,13148.893379643874,10,13137.5,13200.0,13206.375,13204.499999999456,231.92874863725808,53790.944444444445,12480.0,13244.0,13197.75,13217.5,19.75,15.0,0.017653948516632396,1,0,12988.5,13220.6,11.393379643874141,-11.393379643874141,-0.000866489621211205,-0.0008668652403387224
CA--PK,CA,PK,10699.32409267107,10,10665.9,10660.0,10656.0,10646.333333339262,151.47676756226056,22945.211111111115,10480.0,10931.0,10567.25,10691.25,124.0,76.0,0.01420196772539219,2,0,10586.9,10765.7225,33.42409267106996,-33.42409267106996,-0.003123944314759577,-0.0031288340148898706
CA--PL,CA,PL,6594.700288950723,10,6527.5,6522.5,6523.75,6523.000000000362,35.182855673372124,1237.833333333333,6480.0,6605.0,6511.0,6533.75,22.75,13.5,0.005389943419896151,1,0,6508.3975,6548.2,67.200288950723,-67.200288950723,-0.010190044430573385,-0.01024231835224831
CA--PT,CA,PT,5399.63090845621,10,5285.5,5301.0,5285.75,5291.219633333731,57.306679851092014,3284.055555555555,5184.0,5385.0,5260.25,5314.5,54.25,23.5,0.010842243846578756,0,0,5250.4925,5318.305,114.13090845620991,-114.13090845620991,-0.021136798124011164,-0.02136337872177372
CA--RU,CA,RU,7180.055639081386,10,7201.5,7175.5,7201.25,7185.631928572801,116.85627449516302,13655.388888888887,7015.0,7390.0,7134.75,7243.75,109.0,47.5,0.01622665757066764,0,0,7135.6725,7272.805,21.44436091861371,21.44436091861371,0.002986656649551715,0.0029822054511790957
CA--SA,CA,SA,10317.222965793204,10,10131.6,10151.0,10125.125,10128.360366669176,118.81189614961401,14116.266666666665,9975.0,10340.0,10025.75,10210.0,184.25,76.5,0.011726864083620949,0,0,10064.869999999999,10199.0125,185.62296579320355,-185.62296579320355,-0.01799156288553977,-0.01815537889832734
CA--SE,CA,SE,6012.504954934798,10,5850.4,5871.5,5861.75,5868.833333334513,95.57917020866931,9135.37777777778,5630.0,5980.0,5845.0,5890.0,45.0,27.5,0.0163372026201062,3,0,5787.4975,5905.402499999999,162.10495493479812,-162.10495493479812,-0.026961300847120225,-0.027331424562515343
CA--SG,CA,SG,14829.085234720038,10,14899.2,14887.5,14892.625,14885.464625000142,49.51498089804068,2451.7333333333336,14856.0,14995.0,14865.0,14900.0,35.0,22.5,0.0033233315143122236,2,0,14873.4975,14932.1,70.11476527996274,70.11476527996274,0.004728192209442544,0.00471704941835883
CA--SN,CA,SN,6388.706012444591,10,6243.7,6236.5,6244.625,6243.699999999975,96.86078211077542,9382.011111111111,6110.0,6370.0,6161.25,6336.25,175.0,97.0,0.015513362607232158,0,0,6190.8975,6301.6225,145.00601244459085,-145.00601244459085,-0.022697242941236137,-0.022958790543645004
CA--TH,CA,TH,13440.553542475436,10,13639.5,13650.0,13636.25,13637.663071428486,41.55384726138149,1726.7222222222222,13580.0,13725.0,13612.75,13657.5,44.75,22.5,0.0030465814187749913,1,0,13615.5925,13665.730000000001,198.9464575245638,198.9464575245638,0.014801954167724146,0.014693474408975855
CA--TR,CA,TR,8182.193922543159,10,7725.7,7730.0,7720.25,7720.250000001597,132.66252087324605,17599.344444444443,7535.0,7960.0,7623.0,7825.0,202.0,112.5,0.017171585859306737,0,0,7644.5725,7798.5,456.493922543159,-456.493922543159,-0.055791139499327985,-0.057407886778552485
CA--TZ,CA,TZ,12166.73278626256,10,12262.2,12202.5,12254.875,12225.553400003579,170.21672459935695,28973.73333333333,12040.0,12543.0,12142.5,12371.25,228.75,77.0,0.013881418065221326,0,0,12164.49,12364.6175,95.46721373744003,95.46721373744003,0.007846577665059917,0.007815953367505369
CA--UA,CA,UA,7237.438903984254,10,7166.6,7154.0,7172.0,7167.584155551103,100.62162347682087,10124.71111111111,7008.0,7282.0,7122.5,7265.5,143.0,101.0,0.014040357139622815,0,0,7098.297500000001,7221.8125,70.8389039842532,-70.8389039842532,-0.009787841379255851,-0.009836057175701848
CA--US,CA,US,731.9154882007512,10,732.1,732.0,732.0,732.0,1.1972189997378648,1.4333333333333336,730.0,735.0,732.0,732.0,0.0,0.0,0.0016353216770084208,2,0,731.4,732.9,0.18451179924886674,0.18451179924886674,0.0002520944046456064,0.0002520626341904723
CA--VN,CA,VN,12643.813172484095,10,12742.0,12660.0,12713.625,12685.122700272874,174.68129709718656,30513.55555555556,12600.0,13111.0,12642.5,12753.75,111.25,58.0,0.013709095675497296,2,0,12653.789999999999,12855.612500000001,98.18682751590495,98.18682751590495,0.007765602526426326,0.0077356054320512685
CA--ZA,CA,ZA,13053.851270111287,10,12816.5,12827.5,12823.125,12824.729857142325,75.24072478828647,5661.166666666666,12650.0,12930.0,12792.5,12857.5,65.0,35.0,0.005870614035679512,1,0,12770.275,12857.7075,237.3512701112868,-237.3512701112868,-0.018182470843278065,-0.018349803416200693
CD--CL,CD,CL,9377.485624065612,10,9522.9,9578.0,9548.125,9575.460166666986,132.72733118858542,17616.54444444444,9200.0,9644.0,9540.0,9583.0,43.0,7.5,0.013937700825230279,2,0,9439.9875,9589.005,145.41437593438786,145.41437593438786,0.015506755410129162,0.015387754315662963
CD--CN,CD,CN,11264.131510520167,10,11462.0,11467.5,11468.125,11471.347425001417,89.96419040682551,8093.555555555555,11310.0,11565.0,11415.5,11534.0,118.5,65.5,0.00784890860293365,0,0,11409.2925,11513.202500000001,197.86848947983344,197.86848947983344,0.017566244614157213,0.017413741487255663
CD--CO,CD,CO,9990.17825849726,10,10040.7,10084.0,10052.75,10049.164955566388,241.01638948420086,58088.90000000001,9625.0,10360.0,9852.5,10181.25,328.75,229.0,0.02400394290081377,0,0,9895.762499999999,10181.212500000001,50.52174150274004,50.52174150274004,0.005057141143579515,0.005044396754032278
CD--DE,CD,DE,6302.7657179686175,10,6067.2,6144.0,6079.0,6126.295033338369,146.70741858088385,21523.066666666666,5824.0,6216.0,5975.0,6161.25,186.25,36.5,0.024180415773484287,0,0,5977.1875,6143.81,235.56571796861772,-235.56571796861772,-0.037374976083442396,-0.03809132627757832
CD--DZ,CD,DZ,4724.24554729379,10,4805.4,4812.5,4812.625,4812.625000000007,77.63046366529629,6026.488888888887,4623.0,4930.0,4787.5,4841.25,53.75,30.0,0.01615483906965004,2,0,4755.875,4847.71,81.15445270620967,81.15445270620967,0.0171782884470723,0.017032409909278876
CD--EG,CD,EG,4166.513540836489,10,4192.8,4191.5,4192.25,4192.166666666751,8.189424074174365,67.06666666666666,4180.0,4210.0,4190.0,4195.5,5.5,3.5,0.001953211236923861,2,0,4188.6,4197.6,26.28645916351161,26.28645916351161,0.006308982055590348,0.006289163740221639
CD--ES,CD,ES,5319.383374111961,10,5753.7,5752.5,5753.375,5752.70650000018,26.828881618302482,719.7888888888888,5710.0,5800.0,5740.0,5770.0,30.0,17.5,0.004662891985731352,0,0,5737.6,5770.402499999999,434.3166258880392,434.3166258880392,0.08164792708902012,0.07848573661277179
CD--ET,CD,ET,2986.3101212320603,10,3141.4,3043.5,3116.25,3050.185159959529,167.139462724995,27935.6,3030.0,3454.0,3040.0,3155.5,115.5,11.0,0.0532054061007815,2,0,3052.2,3243.31,155.0898787679398,155.0898787679398,0.051933614551711214,0.05063000828607729
CD--FI,CD,FI,7201.843348896968,10,6779.9,6761.0,6776.75,6774.156357152438,158.18796835832154,25023.433333333338,6593.0,6992.0,6640.25,6928.75,288.5,127.5,0.023331902883275794,0,0,6689.3875,6868.6125,421.943348896968,-421.943348896968,-0.058588243100510196,-0.06037466135344661
CD--FJ,CD,FJ,16916.81804347587,10,17174.6,17242.5,17100.125,17211.38160000048,699.4345652819219,489208.71111111104,16220.0,18725.0,16881.75,17354.0,472.25,152.0,0.04072494062638559,1,0,16759.555,17609.21,257.7819565241298,257.7819565241298,0.015238205900284293,0.015123270575432914
CD--FR,CD,FR,6026.854910819904,10,6037.2,6042.5,6039.375,6040.5243599752,16.033298683261243,257.0666666666667,6002.0,6055.0,6032.0,6045.0,13.0,7.0,0.00265575079229796,1,0,6027.095,6045.8025,10.345089180095783,10.345089180095783,0.0017164987930144845,0.0017150272926064255
CD--GB,CD,GB,6358.423890884738,10,6177.2,6375.5,6251.625,6375.573375000317,420.1652584929464,176538.84444444446,5380.0,6379.0,6373.5,6378.0,4.5,2.5,0.06801872344961252,2,0,5878.9,6376.9,181.22389088473847,-181.22389088473847,-0.02850138556262914,-0.02891543637526215
CD--GH,CD,GH,2043.3208669383591,10,1872.0,1923.5,1892.0,1921.88630000317,128.9728653632228,16633.999999999996,1612.0,1972.0,1892.25,1940.0,47.75,23.5,0.068895761411978,2,0,1800.985,1935.0075,171.32086693835913,-171.32086693835913,-0.08384432895997404,-0.0875689821970392
CD--GR,CD,GR,4764.590999785643,10,4879.5,4908.0,4900.25,4902.833333335093,94.31654738756669,8895.611111111113,4630.0,4963.0,4880.0,4920.75,40.75,28.0,0.01932914179476723,1,0,4820.3949999999995,4922.907499999999,114.90900021435664,114.90900021435664,0.024117285244321357,0.02383105642993432
CD--IN,CD,IN,7547.89499645099,10,8158.6,8124.0,8149.125,8138.167300334526,111.23968116938607,12374.266666666666,8028.0,8365.0,8115.0,8221.25,106.25,52.5,0.013634653147523603,0,0,8097.97,8226.824999999999,610.7050035490101,610.7050035490101,0.080910638507314,0.07780386965943065
CD--IT,CD,IT,5126.896411493344,10,5422.1,5424.0,5422.875,5423.425366666671,5.195083145522205,26.98888888888889,5410.0,5428.0,5421.25,5425.0,3.75,1.5,0.0009581311937297735,1,0,5418.6975,5424.702499999999,295.20358850665616,295.20358850665616,0.057579394006260075,0.055982706194631124
CD--JP,CD,JP,13367.324967431796,10,13560.0,13560.0,13560.625,13560.833333333323,10.0,100.0,13540.0,13575.0,13556.25,13565.0,8.75,5.0,0.0007374631268436578,1,0,13554.0,13565.5,192.6750325682042,192.6750325682042,0.014413881089719777,0.014310988646749146
CD--KE,CD,KE,2414.0111493842605,10,2413.9,2415.0,2414.25,2414.625,2.0789954839350235,4.322222222222223,2410.0,2415.0,2414.25,2415.0,0.75,0.0,0.0008612599875450613,2,0,2412.5,2414.9,0.11114938426044318,-0.11114938426044318,-4.6043442793871915e-05,-4.604450282575889e-05
CD--KR,CD,KR,12211.448901968513,10,12367.6,12400.5,12371.0,12381.605385714587,143.38619180381352,20559.6,12128.0,12580.0,12287.5,12456.25,168.75,85.5,0.01159369576989986,0,0,12284.3925,12445.0075,156.15109803148698,156.15109803148698,0.012787270313706595,0.012706203523204672
CD--MA,CD,MA,4841.287191069289,10,4833.9,4840.0,4839.625,4840.522371459903,25.864819521676328,668.9888888888888,4767.0,4855.0,4833.5,4849.5,16.0,9.0,0.0053507146448367425,1,0,4816.7,4846.1025,7.387191069289656,-7.387191069289656,-0.0015258733427169512,-0.001527038673027757
CD--MX,CD,MX,12740.378395838092,10,13568.9,13536.5,13544.5,13532.99999998259,387.49980645156455,150156.09999999998,12990.0,14343.0,13427.5,13618.75,191.25,105.0,0.02855793811226883,3,0,13355.779999999999,13804.5125,828.5216041619078,828.5216041619078,0.06503116143179559,0.06300405829370725
CD--MY,CD,MY,9644.319780377728,10,9630.4,9642.5,9635.125,9639.264199851545,50.74380093502391,2574.933333333334,9543.0,9680.0,9610.25,9672.25,62.0,32.0,0.005269127028474821,0,0,9596.5,9658.4075,13.919780377727875,-13.919780377727875,-0.0014433138567272491,-0.0014443564374733335
CD--NG,CD,NG,1716.2920067157297,10,1761.7,1785.0,1770.5,1784.0000000001803,50.85502269523958,2586.233333333333,1661.0,1792.0,1780.75,1785.75,5.0,3.5,0.02886701634514366,2,0,1735.9,1786.5,45.40799328427033,45.40799328427033,0.026457032431889245,0.02611309827820444
CD--NL,CD,NL,6357.542309053761,10,6394.8,6400.5,6401.625,6401.625000000263,33.5817410706076,1127.7333333333331,6310.0,6425.0,6390.0,6416.5,26.5,15.5,0.005251413816007943,1,0,6373.69,6411.402499999999,37.25769094623956,37.25769094623956,0.00586039213505209,0.0058432868337107155
CD--NO,CD,NO,7134.842377574261,10,6969.1,6959.0,6964.5,6964.4999999999545,71.27482023828611,5080.099999999999,6845.0,7130.0,6950.0,6992.0,42.0,29.0,0.010227263238909774,2,0,6927.4,7016.3,165.7423775742609,-165.7423775742609,-0.02322999847834211,-0.023504067630147372
CD--NZ,CD,NZ,14541.358911281312,10,14324.0,14365.0,14348.125,14367.750214298345,277.7368858790236,77137.77777777777,13825.0,14630.0,14200.0,14527.5,327.5,172.5,0.01938961783573189,0,0,14138.9375,14478.5,217.35891128131152,-217.35891128131152,-0.014947634028390744,-0.015060475800219275
CD--PE,CD,PE,10175.188038895794,10,10262.3,10217.5,10254.75,10252.79617142865,119.74885756819933,14339.788888888888,10115.0,10470.0,10172.25,10356.0,183.75,82.0,0.01166881279715067,0,0,10194.797499999999,10332.435,87.11196110420497,87.11196110420497,0.008561213883341492,0.008524774520843399
CD--PH,CD,PH,11824.345636785823,10,11687.8,11610.0,11650.375,11617.728166668317,211.7114388344034,44821.73333333333,11465.0,12210.0,11586.25,11706.0,119.75,32.5,0.018113882752477235,1,0,11582.5925,11822.210000000001,136.54563678582417,-136.54563678582417,-0.01154783875405565,-0.011615032842561459
CD--PK,CD,PK,7384.78330799907,10,7269.5,7265.0,7266.25,7273.333333338052,268.18784875945113,71924.72222222223,6880.0,7685.0,7125.0,7450.0,325.0,182.5,0.03689220011822699,0,0,7108.4875,7426.05,115.28330799906962,-115.28330799906962,-0.015610926304932568,-0.015734059983288893
CD--PL,CD,PL,6292.977025299909,10,6039.7,6043.0,6043.375,6039.777633336353,98.33621464705213,9670.011111111111,5890.0,6160.0,5954.75,6133.75,179.0,100.5,0.01628163893025351,0,0,5976.3,6100.025,253.27702529990893,-253.27702529990893,-0.04024756872330045,-0.04107991186484547
CD--PT,CD,PT,5390.912322607045,10,5712.7,5726.5,5722.375,5722.375000000042,128.83326865026405,16598.011111111107,5435.0,5913.0,5655.0,5787.5,132.5,69.0,0.022552080216056165,1,0,5638.79,5783.6125,321.7876773929547,321.7876773929547,0.05969076440800621,0.05797713387144801
CD--RU,CD,RU,6966.165532290185,10,6902.3,6930.0,6906.625,6928.449333332194,63.780961980132524,4068.0111111111105,6810.0,6960.0,6841.5,6947.5,106.0,20.0,0.009240537499113705,0,0,6862.087500000001,6938.0,63.865532290185,-63.865532290185,-0.00916796076609863,-0.00921024515791913
CD--SA,CD,SA,4676.260309873395,10,4860.5,4908.5,4892.0,4898.32326666217,126.93152134561025,16111.611111111111,4518.0,4951.0,4857.5,4921.75,64.25,27.0,0.026114910265530346,1,0,4778.3975,4916.202499999999,184.23969012660473,184.23969012660473,0.039398938022676674,0.038642601870186116
CD--SE,CD,SE,7064.796550280582,10,6930.2,6942.0,6936.0,6941.333333334945,63.98923520579241,4094.622222222223,6802.0,7012.0,6919.25,6960.25,41.0,23.5,0.009233389397967218,2,0,6889.6875,6966.705,134.59655028058205,-134.59655028058205,-0.01905172347464648,-0.019235546061280664
CD--SG,CD,SG,9867.490584125751,10,10002.3,10064.0,9999.625,9999.678555564806,218.96222403774482,47944.455555555556,9711.0,10315.0,9789.25,10129.5,340.25,195.0,0.02189118743066543,0,0,9874.067500000001,10124.005,134.80941587424786,134.80941587424786,0.013661975628446147,0.013569492224676176
CD--SN,CD,SN,4185.9629702863585,10,4460.4,4201.0,4406.75,4201.206828570763,419.7454784350472,176186.26666666666,4200.0,5150.0,4200.0,4819.25,619.25,1.0,0.09410489607099076,0,0,4282.5,4720.405,274.4370297136411,274.4370297136411,0.06556126551087647,0.06350167020982592
CD--TH,CD,TH,9613.840894279354,10,9618.2,9509.5,9577.0,9529.06762499991,322.9667337530463,104307.51111111109,9331.0,10235.0,9380.0,9675.0,295.0,142.5,0.03357870846447841,2,0,9454.135,9825.925,4.359105720646767,4.359105720646767,0.000453419790132019,0.00045331702644120476
CD--TR,CD,TR,5219.37025970274,10,5043.7,5048.0,5048.375,5048.3749999972415,86.46649961433361,7476.455555555555,4890.0,5160.0,4992.75,5116.75,124.0,70.0,0.017143466029766564,0,0,4987.6675,5092.7074999999995,175.67025970274062,-175.67025970274062,-0.03365736687796232,-0.03423681498527797
CD--TZ,CD,TZ,2274.6043678822007,10,2068.4,2120.0,2101.875,2102.0713249854048,150.4232547033721,22627.155555555553,1682.0,2187.0,2026.75,2153.25,126.5,59.5,0.07272445112327021,1,0,1967.3925000000002,2142.8025000000002,206.2043678822006,-206.2043678822006,-0.09065504788166295,-0.09503077151228666
CD--UA,CD,UA,6240.732681787017,10,6100.9,6104.5,6101.75,6103.484571421105,95.1296775751687,9049.655555555555,5970.0,6225.0,6031.0,6181.5,150.5,80.0,0.015592728544176876,0,0,6047.4925,6156.3025,139.83268178701746,-139.83268178701746,-0.02240645272230708,-0.02266129116178148
CD--US,CD,US,10513.299742462244,10,10106.0,10109.0,10109.125,10107.194071428174,44.0580425247322,1941.111111111111,10014.0,10173.0,10085.25,10122.5,37.25,22.5,0.004359592571218306,1,0,10078.3,10130.5025,407.29974246224447,-407.29974246224447,-0.038741380198378486,-0.039511790918617624
CD--VN,CD,VN,10243.1517893653,10,10293.0,10284.0,10305.5,10304.779822220444,141.7227340031702,20085.333333333332,10015.0,10471.0,10246.0,10407.5,161.5,116.0,0.01376884620646752,0,0,10205.795,10373.015,49.84821063470008,49.84821063470008,0.004866491452997285,0.0048546883610742445
CD--ZA,CD,ZA,2738.097820784533,10,2806.1,2779.0,2796.5,2779.6524714281895,56.12377194895028,3149.877777777778,2775.0,2914.0,2776.25,2791.5,15.25,3.5,0.02000063146322308,2,0,2777.7,2845.7025,68.0021792154671,68.0021792154671,0.024835555070119003,0.02453216564151542
CL--CN,CL,CN,19057.093797293513,10,19011.6,19000.0,19007.0,19000.24999999786,24.473114500065847,598.9333333333332,19000.0,19060.0,19000.0,19000.0,0.0,0.0,0.0012872727440123846,2,0,19000.0,19024.0,45.493797293514945,-45.493797293514945,-0.002387236888133277,-0.002390090881122918
CL--CO,CL,CO,4226.284712338569,10,4250.6,4250.0,4250.5,4250.428571428572,0.9660917830792959,0.9333333333333333,4250.0,4252.0,4250.0,4251.5,1.5,0.0,0.00022728362656549564,0,0,4250.0,4251.2,24.315287661431285,24.315287661431285,0.005753348228159641,0.005736860928134674
CL--DE,CL,DE,12506.572379251478,10,12485.5,12480.0,12485.625,12485.668500000036,12.122064363978788,146.94444444444446,12470.0,12500.0,12480.0,12498.75,18.75,10.0,0.0009708913831227255,0,0,12478.0,12492.0,21.072379251478196,-21.072379251478196,-0.0016849044336430237,-0.0016863254815625373
CL--DZ,CL,DZ,10901.817648733382,10,10363.8,10380.0,10368.375,10373.644700000268,84.615207459022,7159.733333333333,10230.0,10461.0,10316.25,10432.25,116.0,62.0,0.008164496368033155,0,0,10311.57,10408.53,538.0176487333829,-538.0176487333829,-0.04935118767060757,-0.050610567152108085
CL--EG,CL,EG,12800.08972667518,10,13245.0,13351.5,13231.875,13317.681666664643,493.05803129268895,243106.22222222225,12480.0,14115.0,12878.75,13511.0,632.25,175.0,0.037225974427534086,0,0,12958.895,13509.425,444.9102733248201,444.9102733248201,0.034758371450915246,0.03416794192653229
CL--ES,CL,ES,10681.935581817292,10,10708.7,10711.0,10709.125,10710.522371428555,6.18331087147762,38.23333333333333,10700.0,10714.0,10702.5,10713.75,11.25,3.0,0.0005774100377709358,0,0,10705.0,10712.1,26.76441818270905,26.76441818270905,0.0025055775685698047,0.002502443842531389
CL--ET,CL,ET,12358.215563097187,10,11961.0,11906.0,11955.625,11929.476971614069,251.43057358510188,63217.333333333336,11485.0,12480.0,11900.0,11973.0,73.0,38.0,0.021020865611997484,3,0,11812.1625,12117.710000000001,397.21556309718653,-397.21556309718653,-0.03214182185681484,-0.03266971262188517
CL--FI,CL,FI,13464.23646254886,10,13429.1,13345.0,13383.5,13382.40552499937,318.16503404505164,101228.98888888887,13098.0,14125.0,13179.0,13546.5,367.5,208.5,0.023692208267497572,1,0,13260.960000000001,13628.0025,35.136462548860436,-35.136462548860436,-0.0026096141913871953,-0.0026130251700189093
CL--FJ,CL,FJ,10733.957780178063,10,10773.4,10805.0,10745.5,10761.520166641145,393.19353447832225,154601.1555555556,10330.0,11440.0,10413.75,11016.25,602.5,377.5,0.03649669876532221,0,0,10553.262499999999,11008.425,39.442219821936305,39.442219821936305,0.003674527199536088,0.003667792617028453
CL--FR,CL,FR,11627.359613785839,10,11643.6,11643.0,11643.25,11643.11195,4.033195589934446,16.266666666666666,11640.0,11650.0,11640.0,11645.0,5.0,3.0,0.00034638733638517696,0,0,11641.3975,11646.0025,16.240386214161845,16.240386214161845,0.001396738963410629,0.0013957644308841733
CL--GB,CL,GB,11650.639354956376,10,11644.9,11645.0,11645.625,11645.142857140514,4.357624225296267,18.988888888888894,11634.0,11650.0,11645.0,11645.0,0.0,0.0,0.0003742088146138024,3,0,11641.7,11647.0,5.739354956376701,-5.739354956376701,-0.0004926214589189119,-0.0004927428367336706
CL--GH,CL,GH,8563.209240922586,10,8617.4,8576.5,8596.625,8586.40211430978,409.6589909777264,167820.4888888889,8121.0,9280.0,8296.25,8873.0,576.75,298.0,0.04753858367694738,0,0,8385.67,8853.0725,54.19075907741353,54.19075907741353,0.006328323593734247,0.006308383833270757
CL--GR,CL,GR,12547.17636965568,10,12417.8,12365.0,12414.75,12404.666666665205,199.55272207837427,39821.288888888885,12110.0,12750.0,12327.75,12534.25,206.5,131.0,0.016069893385170828,0,0,12309.5925,12532.6275,129.37636965568163,-129.37636965568163,-0.010311193996488947,-0.010364722638038898
CL--IN,CL,IN,16925.380558989717,10,16337.5,16340.0,16340.625,16340.142857142857,13.591255358583409,184.72222222222223,16300.0,16350.0,16340.0,16340.0,0.0,0.0,0.0008319054542361688,3,0,16328.5,16343.5,587.8805589897165,-587.8805589897165,-0.034733668583745415,-0.035351224616762995
CL--IT,CL,IT,11893.206088021416,10,11884.6,11883.0,11884.25,11883.5,2.9514591494904874,8.71111111111111,11882.0,11890.0,11883.0,11884.75,1.75,0.5,0.00024834316253727405,2,0,11883.0,11886.6,8.606088021415417,-8.606088021415417,-0.0007236137974673865,-0.0007238757322987745
CL--JP,CL,JP,17234.770240707647,10,17243.0,17240.0,17242.5,17240.428571428572,4.83045891539648,23.333333333333336,17240.0,17250.0,17240.0,17247.5,7.5,0.0,0.00028014028390630863,0,0,17240.0,17246.0,8.229759292353265,8.229759292353265,0.0004775090806209295,0.0004773951094398653
CL--KE,CL,KE,11550.217666588273,10,12092.5,12032.5,12108.75,12102.530713328842,377.83189971790955,142756.94444444447,11430.0,12625.0,11847.5,12361.25,513.75,275.0,0.031245143660773998,0,0,11862.975,12309.1625,542.2823334117274,542.2823334117274,0.04694996657772147,0.04588114333271645
CL--KR,CL,KR,18360.580038729033,10,18350.0,18405.0,18365.0,18388.54985714298,123.19812408384219,15177.777777777777,18130.0,18450.0,18327.5,18430.0,102.5,45.0,0.006713794228002299,2,0,18269.95,18414.025,10.580038729032822,-10.580038729032822,-0.000576236627966858,-0.0005764027160997223
CL--MA,CL,MA,10010.797136549785,10,9816.9,9831.0,9820.625,9825.26714285841,89.47060349013461,8004.988888888887,9654.0,9950.0,9778.5,9877.75,99.25,50.0,0.009113936526819527,0,0,9763.887499999999,9865.9,193.8971365497855,-193.8971365497855,-0.019368800896170393,-0.019558833930291314
CL--MX,CL,MX,6588.132055113714,10,6585.5,6587.5,6586.25,6586.982928571434,5.380004130522991,28.944444444444446,6575.0,6590.0,6581.25,6590.0,8.75,2.5,0.0008169469486786107,0,0,6582.0,6588.3,2.6320551137141592,-2.6320551137141592,-0.00039951462595094094,-0.000399594453181205
CL--MY,CL,MY,16560.585837942457,10,16545.0,16530.5,16536.875,16525.501357147878,224.1284354015696,50233.555555555555,16255.0,16900.0,16367.25,16656.25,289.0,157.5,0.01354659627691566,0,0,16416.46,16680.3575,15.585837942457147,-15.585837942457147,-0.0009411404943627033,-0.0009415836451443149
CL--NG,CL,NG,9486.770070583298,10,8490.4,8464.0,8483.0,8473.128128575157,191.86349314030537,36811.600000000006,8190.0,8850.0,8377.5,8586.5,209.0,106.5,0.022597697769281232,0,0,8376.8925,8607.33,996.370070583298,-996.370070583298,-0.105027323648631,-0.11096209038965517
CL--NL,CL,NL,11991.522122394139,10,11840.6,11778.0,11820.125,11788.539066668262,116.31394298764586,13528.93333333333,11750.0,12095.0,11765.0,11913.25,148.25,22.0,0.009823314949212528,0,0,11779.3825,11919.3125,150.92212239413857,-150.92212239413857,-0.01258573522641399,-0.012665606458420962
CL--NO,CL,NO,12709.777899866678,10,12116.8,12140.0,12119.625,12119.534657140826,132.1739594457076,17469.955555555556,11883.0,12328.0,12034.5,12176.5,142.0,101.0,0.0109083222835821,0,0,12041.895,12193.5675,592.9778998666789,-592.9778998666789,-0.046655252714754285,-0.04777869123118917
CL--NZ,CL,NZ,9368.814614614528,10,9335.0,9350.0,9342.5,9349.57142857143,30.64129385141706,938.8888888888889,9260.0,9350.0,9342.5,9350.0,7.5,0.0,0.003282409625218753,2,0,9315.0,9349.0,33.81461461452818,-33.81461461452818,-0.0036092735319770714,-0.0036158026747337996
CL--PE,CL,PE,2457.690639615083,10,2464.4,2465.0,2464.875,2464.777777777778,1.5776212754932308,2.4888888888888885,2460.0,2465.0,2465.0,2465.0,0.0,0.0,0.0006401644519936823,2,0,2463.4,2465.0,6.70936038491709,6.70936038491709,0.0027299450454707727,0.0027262255133694868
CL--PH,CL,PH,17614.831522245775,10,17372.4,17356.5,17379.125,17379.125000000437,59.25500447688411,3511.155555555556,17251.0,17440.0,17345.0,17424.75,79.75,39.5,0.003410870373516849,0,0,17337.094999999998,17404.5025,242.43152224577352,-242.43152224577352,-0.01376292029473042,-0.013858507333446608
CL--PK,CL,PK,16686.183395308064,10,16418.6,16410.0,16420.75,16414.621985714097,83.54533034360581,6979.822222222222,16280.0,16540.0,16365.0,16459.75,94.75,51.5,0.005088456405759677,0,0,16369.9,16468.325,267.5833953080655,-267.5833953080655,-0.016036225239098503,-0.016166196874921962
CL--PL,CL,PL,12969.852106776598,10,12465.8,12455.5,12465.375,12464.166666668641,153.19689582001618,23469.288888888892,12250.0,12685.0,12372.0,12562.0,190.0,114.5,0.01228937539668663,0,0,12376.595000000001,12560.202500000001,504.0521067765985,-504.0521067765985,-0.03886336579838386,-0.03963870092832049
CL--PT,CL,PT,10205.486707859607,10,9845.5,9850.0,9846.375,9850.0,65.2810164681212,4261.61111111111,9740.0,9944.0,9812.5,9887.5,75.0,40.0,0.006630543544575816,0,0,9807.0975,9881.702500000001,359.9867078596071,-359.9867078596071,-0.035273840255200035,-0.03591099019930618
CL--RU,CL,RU,14117.451542029348,10,14110.0,14110.0,14110.0,14110.0,0.0,0.0,14110.0,14110.0,14110.0,14110.0,0.0,0.0,0.0,0,0,14110.0,14110.0,7.451542029348275,-7.451542029348275,-0.0005278248703148822,-0.0005279642188983366
CL--SA,CL,SA,13945.02643694258,10,13972.1,13987.0,13980.125,13984.249228572036,174.64150582136983,30499.655555555553,13680.0,14200.0,13871.0,14114.75,243.75,129.0,0.012499302597416983,0,0,13859.8,14074.0,27.07356305741996,27.07356305741996,0.0019414493891311536,0.001939567211973338
CL--SE,CL,SE,13069.967683612713,10,12317.5,12320.0,12310.0,12310.544975000625,75.59578177532278,5714.7222222222235,12230.0,12465.0,12254.25,12340.5,86.25,61.5,0.006137266634895293,0,0,12276.387499999999,12359.7175,752.4676836127128,-752.4676836127128,-0.05757226810561789,-0.059296039634943704
CL--SG,CL,SG,16399.740324894206,10,16363.1,16353.0,16353.875,16353.87500023243,83.83508944482746,7028.32222222222,16250.0,16550.0,16303.75,16400.0,96.25,50.0,0.005123423400506473,1,0,16319.085000000001,16417.5125,36.64032489420606,-36.64032489420606,-0.002234201528092941,-0.002236701080022832
CL--SN,CL,SN,7761.929265291671,10,8299.4,8197.5,8289.625,8236.48500000018,197.93725156108326,39179.15555555555,8110.0,8567.0,8126.25,8486.0,359.75,87.5,0.023849585700301622,0,0,8190.675,8410.257500000002,537.4707347083286,537.4707347083286,0.06924447728629642,0.06695230307651415
CL--TH,CL,TH,17650.722889818095,10,17108.7,17126.0,17174.625,17174.304444444675,279.2772616753625,77995.78888888891,16370.0,17320.0,17105.0,17298.75,193.75,100.0,0.016323698567124477,1,0,16919.162500000002,17234.2,542.022889818094,-542.022889818094,-0.03070825445516243,-0.03118963341291522
CL--TR,CL,TR,13360.362129212648,10,13303.6,13255.0,13299.625,13279.017833331154,180.49327472851232,32577.822222222225,13063.0,13576.0,13172.5,13423.0,250.5,97.5,0.013567250573417143,0,0,13197.9875,13422.555,56.76212921264778,-56.76212921264778,-0.004248547207304843,-0.004257597928030583
CL--TZ,CL,TZ,11140.599699425393,10,10394.0,10312.5,10374.375,10345.429499999515,270.68595990351787,73270.88888888889,10103.0,10842.0,10185.0,10590.0,405.0,167.5,0.026042520675728098,0,0,10237.7925,10567.925,746.5996994253928,-746.5996994253928,-0.06701611399464436,-0.06936734944647562
CL--UA,CL,UA,13538.164347903667,10,13095.6,13045.0,13078.25,13051.582214285936,101.34232416254655,10270.266666666666,13020.0,13310.0,13025.0,13142.75,117.75,22.5,0.007738654522324028,0,0,13042.4875,13158.6225,442.5643479036662,-442.5643479036662,-0.032690129660908986,-0.03323638983547093
CL--US,CL,US,8036.760399006705,10,8049.6,8050.0,8047.75,8048.758700000003,11.964763079792075,143.15555555555554,8034.0,8080.0,8045.5,8050.0,4.5,1.5,0.0014863798300278367,2,0,8043.5,8057.505,12.83960099329579,12.83960099329579,0.0015976090309825198,0.0015963342112697118
CL--VN,CL,VN,18587.669739443674,10,18836.1,18841.5,18836.375,18817.999999994063,254.13270811395634,64583.433333333334,18420.0,19250.0,18661.25,18900.0,238.75,145.0,0.0134917901324561,0,0,18688.274999999998,18992.29,248.43026055632436,248.43026055632436,0.013365325726072418,0.013276797691856244
CL--ZA,CL,ZA,9240.225022987668,10,8121.0,8120.5,8122.5,8122.499999918843,22.4449944927099,503.7777777777777,8080.0,8150.0,8106.75,8138.75,32.0,17.5,0.002763821511231363,0,0,8106.4975,8133.505,1119.2250229876681,-1119.2250229876681,-0.12112529946005426,-0.12911293919397962
CN--CO,CN,CO,14959.442903499128,10,14979.2,14917.5,14949.0,14922.833785799401,130.82116716257266,17114.17777777778,14900.0,15300.0,14900.5,14986.25,85.75,17.5,0.00873352162749497,1,0,14914.7,15064.737500000001,19.75709650087265,19.75709650087265,0.0013207107128468878,0.0013198393415884606
CN--DE,CN,DE,7374.095211881501,10,7354.3,7355.0,7354.375,7354.806960000008,3.16403399335581,10.011111111111113,7350.0,7358.0,7351.25,7356.0,4.75,2.0,0.0004302291167556137,0,0,7352.4,7356.1,19.795211881501018,-19.795211881501018,-0.002684425860084639,-0.002688035392312026
CN--DZ,CN,DZ,9128.627104002482,10,9135.9,9133.0,9134.0,9132.958071428573,10.514011814927947,110.54444444444447,9125.0,9162.0,9130.25,9135.0,4.75,2.5,0.0011508457639562548,2,0,9130.8,9143.005,7.27289599751748,7.27289599751748,0.0007967130122259733,0.0007963958048849847
CN--EG,CN,EG,7555.922022804329,10,7542.1,7540.0,7540.125,7540.222222222223,6.297265720577109,39.655555555555544,7540.0,7560.0,7540.0,7540.0,0.0,0.0,0.0008349485846882313,2,0,7540.0,7546.1,13.822022804328299,-13.822022804328299,-0.0018292966447526083,-0.0018309718511378887
CN--ES,CN,ES,9241.695750140318,10,9212.2,9212.5,9211.5,9212.097833333393,5.7310072800899885,32.84444444444445,9206.0,9224.0,9207.0,9215.0,8.0,2.5,0.0006221106011691005,0,0,9209.0,9215.4,29.495750140316886,-29.495750140316886,-0.0031915950208455035,-0.0031966990230661014
CN--ET,CN,ET,8323.256614917631,10,8314.3,8315.0,8315.25,8315.16086666664,5.012207320355198,25.12222222222223,8301.0,8320.0,8314.25,8316.5,2.25,1.0,0.0006028417690431183,2,0,8310.8,8316.5,8.956614917631669,-8.956614917631669,-0.0010760950108853883,-0.0010766744168227618
CN--FI,CN,FI,6335.706896287733,10,6300.0,6300.0,6300.0,6300.0,0.0,0.0,6300.0,6300.0,6300.0,6300.0,0.0,0.0,0.0,0,0,6300.0,6300.0,35.70689628773289,-35.70689628773289,-0.005635818839513323,-0.005651759989010682
CN--FJ,CN,FJ,9087.647388686939,10,8688.9,8727.0,8712.375,8713.361599995556,204.46213993467512,41804.76666666667,8210.0,8980.0,8622.5,8792.5,170.0,88.0,0.02353141823875003,1,0,8561.7375,8803.625,398.7473886869393,-398.7473886869393,-0.043877955606346844,-0.044869712579134406
CN--FR,CN,FR,8235.539912036413,10,8215.0,8215.0,8215.375,8215.28571428337,1.9436506316151,3.7777777777777777,8210.0,8217.0,8215.0,8215.75,0.75,0.0,0.0002365977640432258,3,0,8213.7,8216.0,20.539912036412716,-20.539912036412716,-0.002494057737051727,-0.0024971730800244095
CN--GB,CN,GB,8159.495498560135,10,8140.1,8140.0,8140.0,8140.1,0.31622776601683794,0.1,8140.0,8141.0,8140.0,8140.0,0.0,0.0,3.884814265387869e-05,1,0,8140.0,8140.3,19.39549856013491,-19.39549856013491,-0.0023770462969870546,-0.0023798759565800583
CN--GH,CN,GH,11825.126110302292,10,12097.0,12215.0,12153.75,12153.749999532625,311.2715855968868,96890.00000000001,11360.0,12380.0,11950.0,12307.5,357.5,150.0,0.02573130409166626,1,0,11888.975,12266.025,271.87388969770836,271.87388969770836,0.02299120425116196,0.02273088893757237
CN--GR,CN,GR,7631.506142204527,10,7610.5,7610.0,7610.0,7610.111111111111,1.5811388300841898,2.5000000000000004,7610.0,7615.0,7610.0,7610.0,0.0,0.0,0.0002077575494493384,1,0,7610.0,7611.5,21.00614220452735,-21.00614220452735,-0.0027525552378654403,-0.0027563504840505447
CN--IN,CN,IN,3786.344323933427,10,3789.0,3790.0,3790.0,3789.8888888888887,3.1622776601683795,10.000000000000002,3780.0,3790.0,3790.0,3790.0,0.0,0.0,0.0008345942623827869,1,0,3787.0,3790.0,2.6556760665730508,2.6556760665730508,0.0007013826106058451,0.000701136756774382
CN--IT,CN,IT,8143.606625822012,10,8130.0,8130.0,8130.0,8130.0,0.0,0.0,8130.0,8130.0,8130.0,8130.0,0.0,0.0,0.0,0,0,8130.0,8130.0,13.606625822011665,-13.606625822011665,-0.0016708353493975674,-0.0016722327515495323
CN--JP,CN,JP,2104.0237532057217,10,2100.0,2100.0,2100.0,2100.0,0.0,0.0,2100.0,2100.0,2100.0,2100.0,0.0,0.0,0.0,0,0,2100.0,2100.0,4.023753205721732,-4.023753205721732,-0.001912408640630165,-0.0019142396288053267
CN--KE,CN,KE,9214.097058911791,10,9593.7,9598.5,9594.625,9598.0174,8.246884933786278,68.0111111111111,9580.0,9600.0,9590.0,9600.0,10.0,1.5,0.0008596146360409725,0,0,9588.692500000001,9598.0,379.60294108820926,379.60294108820926,0.04119806191113005,0.04037203273731887
CN--KR,CN,KR,958.3389564502992,10,950.0,950.0,950.0,950.0,0.0,0.0,950.0,950.0,950.0,950.0,0.0,0.0,0.0,0,0,950.0,950.0,8.338956450299179,-8.338956450299179,-0.008701468717484668,-0.008739547551852498
CN--MA,CN,MA,9959.705404692048,10,10309.5,10313.5,10310.375,10313.09203333329,8.922505876216116,79.61111111111111,10292.0,10320.0,10303.0,10314.75,11.75,1.5,0.0008654644625070194,0,0,10304.0975,10314.2,349.7945953079525,349.7945953079525,0.035120978090693644,0.034518306930722525
CN--MX,CN,MX,12474.484204037479,10,12436.0,12435.0,12436.25,12436.0,3.9440531887330774,15.555555555555555,12430.0,12440.0,12435.0,12440.0,5.0,5.0,0.00031714805313067527,0,0,12433.5,12438.0,38.484204037478776,-38.484204037478776,-0.0030850336902124593,-0.003089802216549151
CN--MY,CN,MY,4332.637278888493,10,4349.0,4350.0,4349.375,4349.75,2.1081851067789197,4.444444444444445,4345.0,4350.0,4350.0,4350.0,0.0,0.0,0.0004847516916024189,2,0,4347.5,4350.0,16.3627211115072,16.3627211115072,0.003776619194788662,0.003769505672934159
CN--NG,CN,NG,10936.133047329091,10,10896.8,11002.0,10924.125,10926.873066684271,311.8118378481199,97226.62222222223,10315.0,11260.0,10646.25,11143.5,497.25,208.0,0.02861499135967623,0,0,10697.4375,11067.07,39.33304732909164,-39.33304732909164,-0.003596613826739962,-0.0036030971923590974
CN--NL,CN,NL,7840.400371133997,10,7824.7,7825.0,7824.75,7824.7,0.48304589153964794,0.23333333333333334,7824.0,7825.0,7824.25,7825.0,0.75,0.0,6.173347112856058e-05,0,0,7824.4,7824.9,15.700371133997578,-15.700371133997578,-0.0020024960959648995,-0.002004503771962074
CN--NO,CN,NO,7040.101298011618,10,6700.0,6700.0,6700.0,6700.0,0.0,0.0,6700.0,6700.0,6700.0,6700.0,0.0,0.0,0.0,0,0,6700.0,6700.0,340.1012980116184,-340.1012980116184,-0.048309148350986854,-0.049515032591616014
CN--NZ,CN,NZ,10759.510305075924,10,10177.4,10165.0,10162.125,10163.433542847339,54.780775216615304,3000.9333333333334,10145.0,10332.0,10161.0,10165.0,4.0,2.0,0.005382590368523917,3,0,10156.8975,10212.807499999999,582.1103050759248,-582.1103050759248,-0.05410193294775762,-0.0556204672662712
CN--PE,CN,PE,16647.408363779676,10,16634.6,16635.0,16634.5,16634.499999965206,9.868017925489282,97.37777777777778,16620.0,16650.0,16626.25,16641.0,14.75,7.5,0.0005932224354952498,0,0,16628.697500000002,16640.7025,12.808363779677165,-12.808363779677165,-0.0007693908565098188,-0.0007696869895593343
CN--PH,CN,PH,2841.990869314639,10,2856.0,2850.0,2855.125,2852.068833333254,10.1762250149825,103.55555555555557,2845.0,2874.0,2850.0,2862.5,12.5,2.5,0.0035631039968426117,0,0,2850.5,2862.2025,14.009130685361015,14.009130685361015,0.004929336978742437,0.0049172275751343366
CN--PK,CN,PK,3879.3914083676773,10,3778.7,3792.5,3808.0,3801.1659000020727,127.6967327520777,16306.455555555553,3430.0,3893.0,3790.0,3841.0,51.0,14.5,0.0337938266472802,1,0,3689.4,3833.6075,100.69140836767747,-100.69140836767747,-0.02595546511509267,-0.026298252683761677
CN--PL,CN,PL,6956.214835268704,10,6950.0,6950.0,6950.0,6950.0,0.0,0.0,6950.0,6950.0,6950.0,6950.0,0.0,0.0,0.0,0,0,6950.0,6950.0,6.2148352687036095,-6.2148352687036095,-0.000893421985358154,-0.0008938213246501468
CN--PT,CN,PT,9687.15424475197,10,9642.4,9646.0,9643.0,9642.400000000269,39.875361370706656,1590.0444444444447,9600.0,9680.0,9603.0,9680.0,77.0,34.0,0.004135418710145468,0,0,9619.6,9665.2,44.75424475196996,-44.75424475196996,-0.004619957896945395,-0.004630662886221745
CN--RU,CN,RU,5806.057705333434,10,5790.0,5790.0,5790.0,5790.0,0.0,0.0,5790.0,5790.0,5790.0,5790.0,0.0,0.0,0.0,0,0,5790.0,5790.0,16.05770533343366,-16.05770533343366,-0.002765681319130377,-0.002769512881928221
CN--SA,CN,SA,6606.426919492859,10,6181.1,6180.0,6180.125,6180.521175000053,10.640071010623524,113.21111111111111,6170.0,6200.0,6172.0,6187.5,15.5,9.5,0.0017213879423765225,0,0,6175.297500000001,6187.1,425.3269194928589,-425.3269194928589,-0.06438078021235555,-0.06654670174300498
CN--SE,CN,SE,6720.436278900068,10,6706.2,6705.5,6705.875,6706.128255555555,6.613118276073196,43.73333333333333,6700.0,6715.0,6700.0,6712.0,12.0,5.5,0.0009861200495173417,0,0,6702.4,6710.1,14.2362789000681,-14.2362789000681,-0.0021183563550427934,-0.002120603245570242
CN--SG,CN,SG,4463.068886903711,10,4479.1,4480.0,4479.5,4480.0,3.9846929339382955,15.877777777777782,4470.0,4485.0,4480.0,4480.0,0.0,0.0,0.0008896191051636032,4,0,4476.597500000001,4481.1025,16.03111309628912,16.03111309628912,0.003591948388547242,0.003585512748321708
CN--SN,CN,SN,12308.087610438688,10,12250.8,12065.0,12223.5,12099.702333296007,469.21892544951766,220166.4,11780.0,12940.0,11912.5,12686.0,773.5,195.0,0.03830108445566965,0,0,11989.755,12532.255000000001,57.287610438688716,-57.287610438688716,-0.004654468854292373,-0.004665334623817504
CN--TH,CN,TH,3289.9112641123884,10,3299.0,3300.0,3300.0,3299.8888888888887,3.1622776601683795,10.000000000000002,3290.0,3300.0,3300.0,3300.0,0.0,0.0,0.0009585564292720157,1,0,3297.0,3300.0,9.08873588761162,9.08873588761162,0.002762608215837014,0.002758799227309218
CN--TR,CN,TR,6847.206348764228,10,7512.5,7500.0,7512.875,7510.119499955558,22.535157717072522,507.83333333333326,7480.0,7542.0,7500.0,7536.0,36.0,12.5,0.002999688215250918,0,0,7499.695,7526.6,665.2936512357719,665.2936512357719,0.09716278688692404,0.09272756307059446
CN--TZ,CN,TZ,9656.25374403827,10,9610.0,9618.5,9608.5,9608.499999989821,178.87487867842768,31996.22222222222,9361.0,9871.0,9464.5,9754.5,290.0,154.5,0.018613410892656366,0,0,9499.7825,9707.31,46.25374403826936,-46.25374403826936,-0.004790029887815058,-0.004801538847861149
CN--UA,CN,UA,6466.108332658287,10,6450.6,6450.0,6450.0,6450.111111111111,1.8973665961010278,3.6000000000000005,6450.0,6456.0,6450.0,6450.0,0.0,0.0,0.000294138002061983,1,0,6450.0,6451.8,15.508332658286236,-15.508332658286236,-0.002398402850746949,-0.0024012836259590183
CN--US,CN,US,11169.116898963428,10,11160.4,11158.0,11160.25,11160.400000000034,10.447753612885192,109.15555555555558,11150.0,11172.0,11150.0,11172.0,22.0,8.0,0.0009361450855601226,0,0,11154.0,11166.2,8.71689896342832,-8.71689896342832,-0.0007804465690781076,-0.0007807512760503014
CN--VN,CN,VN,2322.1755294999916,10,2330.2,2330.0,2330.125,2330.2,0.4216370213557839,0.17777777777777778,2330.0,2331.0,2330.0,2330.0,0.0,0.0,0.0001809445632803124,2,0,2330.0,2330.5,8.024470500008192,8.024470500008192,0.003455583093555384,0.003449626285183628
CN--ZA,CN,ZA,11648.376355581766,10,11716.0,11715.0,11715.625,11715.0,11.737877907772672,137.77777777777777,11700.0,11735.0,11715.0,11715.0,0.0,0.0,0.0010018673530021059,4,0,11709.0,11723.0125,67.62364441823411,67.62364441823411,0.005805413763595443,0.0057886272860768915
CO--DE,CO,DE,9434.723265292183,10,9307.4,9284.0,9282.25,9284.670166352607,190.21987277884506,36183.6,9115.0,9701.0,9156.25,9408.75,252.5,127.5,0.02043748767419957,0,0,9196.7825,9416.74,127.32326529218335,-127.32326529218335,-0.01349517751734929,-0.013587065054324145
CO--DZ,CO,DZ,8561.364835153712,10,8353.8,8347.5,8351.75,8345.993714286722,85.3200510496279,7279.511111111112,8233.0,8491.0,8292.0,8397.5,105.5,60.0,0.010213322206615902,0,0,8303.8925,8408.307499999999,207.56483515371292,-207.56483515371292,-0.02424436280316353,-0.0245430956418302
CO--EG,CO,EG,11223.931381246066,10,11512.0,11516.0,11513.5,11516.593040012653,20.81132170505062,433.11111111111103,11467.0,11545.0,11516.0,11519.0,3.0,2.0,0.0018077937547820206,3,0,11498.9,11522.7075,288.06861875393406,288.06861875393406,0.025665571979107474,0.02534174037753764
CO--ES,CO,ES,8024.515430689445,10,8030.0,8030.0,8030.0,8030.0,0.0,0.0,8030.0,8030.0,8030.0,8030.0,0.0,0.0,0.0,0,0,8030.0,8030.0,5.484569310555344,5.484569310555344,0.0006834766981168511,0.0006832432342903131
CO--ET,CO,ET,12426.953409430811,10,11890.8,11878.0,11876.0,11875.223075004471,178.46867138707194,31851.06666666667,11685.0,12215.0,11738.75,11979.75,241.0,135.5,0.015008970917606211,0,0,11792.2,12006.2225,536.1534094308117,-536.1534094308117,-0.04314439684178144,-0.04410278380559685
CO--FI,CO,FI,10062.532890466686,10,9724.9,9703.5,9721.125,9709.084700000609,71.01556949790033,5043.211111111112,9630.0,9850.0,9679.5,9753.0,73.5,28.5,0.007302447274306197,0,0,9685.695000000002,9767.6025,337.63289046668615,-337.63289046668615,-0.03355346950334562,-0.03412930468185486
CO--FJ,CO,FJ,12022.37001080766,10,13050.4,12935.0,13034.875,12972.5046999921,343.54918780932144,118026.04444444441,12555.0,13670.0,12847.75,13284.25,436.5,128.5,0.026324801370787212,0,0,12864.3775,13249.1725,1028.0299891923405,1028.0299891923405,0.08550976124243224,0.08204970268862224
CO--FR,CO,FR,8632.37794115417,10,8630.0,8630.0,8630.0,8630.0,0.0,0.0,8630.0,8630.0,8630.0,8630.0,0.0,0.0,0.0,0,0,8630.0,8630.0,2.3779411541690934,-2.3779411541690934,-0.0002754676834563104,-0.00027550563164779543
CO--GB,CO,GB,8501.996904262256,10,8500.0,8500.0,8500.0,8500.0,0.0,0.0,8500.0,8500.0,8500.0,8500.0,0.0,0.0,0.0,0,0,8500.0,8500.0,1.9969042622560664,-1.9969042622560664,-0.00023487473410569817,-0.00023490232149582697
CO--GH,CO,GH,8186.029470285618,10,7233.7,7730.0,7257.125,7540.81499990338,892.1878290036366,795999.1222222223,6150.0,8130.0,6227.5,7924.0,1696.5,375.0,0.12333768735275677,0,0,6703.9875,7746.224999999999,952.3294702856183,-952.3294702856183,-0.11633594451894767,-0.12367831630969987
CO--GR,CO,GR,10382.81703126424,10,10100.2,10178.5,10113.375,10174.98916666675,151.39704972907057,22921.06666666667,9840.0,10255.0,10000.0,10188.75,188.75,12.5,0.014989510081886552,0,0,10011.287499999999,10184.5375,282.6170312642389,-282.6170312642389,-0.027219687143983765,-0.02759700558190888
CO--IN,CO,IN,15225.968636419148,10,15927.2,15920.0,15951.5,15951.499999999975,204.94866565936837,42003.95555555556,15480.0,16180.0,15835.25,16091.25,256.0,132.5,0.01286784027697074,0,0,15794.4,16035.225,701.2313635808532,701.2313635808532,0.04605495915074794,0.04502590647156572
CO--IT,CO,IT,9387.891649710753,10,9336.6,9347.5,9340.75,9346.69566666666,22.38650387076007,501.15555555555557,9290.0,9350.0,9340.25,9350.0,9.75,2.5,0.0023977147859777725,2,0,9323.0,9348.1,51.29164971075261,-51.29164971075261,-0.005463596260437554,-0.005478576290625987
CO--JP,CO,JP,14327.518669903713,10,14302.4,14300.0,14301.5,14300.25,5.059644256269407,25.6,14300.0,14312.0,14300.0,14300.0,0.0,0.0,0.00035376190403494566,2,0,14300.0,14306.0,25.118669903713453,-25.118669903713453,-0.00175317656060554,-0.0017547151732012474
CO--KE,CO,KE,12348.95435955968,10,11742.4,11725.0,11733.75,11715.83333333162,125.44073412483593,15735.377777777776,11590.0,11964.0,11658.75,11755.0,96.25,57.5,0.010682716831724002,2,0,11676.485,11814.4125,606.554359559681,-606.554359559681,-0.049117871999432065,-0.05036516943872054
CO--KR,CO,KR,14855.470153152684,10,14858.5,14860.0,14856.25,14856.37922222222,10.55409346599171,111.38888888888889,14850.0,14885.0,14850.0,14860.0,10.0,5.0,0.0007103067918021139,1,0,14853.975,14865.5,3.029846847315639,3.029846847315639,0.00020395496178036705,0.0002039341657946369
CO--MA,CO,MA,7635.020568883151,10,7619.3,7644.5,7624.625,7631.666666670454,116.4293300199262,13555.788888888888,7430.0,7766.0,7571.25,7681.0,109.75,72.0,0.015280843387178113,0,0,7548.1825,7685.3150000000005,15.720568883150918,-15.720568883150918,-0.0020590080591558276,-0.002061130730481732
CO--MX,CO,MX,3175.5874499646543,10,3176.6,3170.0,3171.5,3171.4999999999673,27.66546182115487,765.3777777777777,3150.0,3244.0,3160.0,3184.0,24.0,14.0,0.008709142423079668,1,0,3162.2,3196.0,1.0125500353456118,1.0125500353456118,0.0003188544013665509,0.00031880357810514415
CO--MY,CO,MY,19032.67962698383,10,19749.0,19755.0,19749.375,19749.440249930365,19.550504398153574,382.22222222222223,19725.0,19770.0,19730.0,19767.5,37.5,15.0,0.0009899490808726302,0,0,19738.0,19759.5,716.3203730161695,716.3203730161695,0.03763633850068053,0.03694537509216501
CO--NG,CO,NG,9018.876991242843,10,8227.7,8224.5,8228.375,8227.700000000299,82.94717194295013,6880.2333333333345,8120.0,8330.0,8158.25,8308.75,150.5,82.0,0.010081453133068796,0,0,8178.1849999999995,8274.525,791.1769912428426,-791.1769912428426,-0.0877245572825819,-0.0918133139833382
CO--NL,CO,NL,8857.739182265888,10,8823.7,8825.0,8824.375,8825.07888569966,5.888784066153027,34.677777777777784,8812.0,8830.0,8823.0,8828.0,5.0,3.0,0.0006673826247665975,2,0,8820.2,8826.9,34.039182265887575,-34.039182265887575,-0.003842874752288659,-0.0038502775669484878
CO--NO,CO,NO,9277.765385828061,10,8870.8,8945.0,8905.375,8934.184900000217,154.73834545953875,23943.955555555556,8495.0,8970.0,8883.25,8960.0,76.75,22.5,0.017443561511874775,2,0,8766.8825,8947.32,406.9653858280617,-406.9653858280617,-0.04386459119236923,-0.044855734948710695
CO--NZ,CO,NZ,12107.72103768077,10,12606.1,12610.0,12584.75,12584.750000020018,253.45762301944416,64240.76666666667,12260.0,13123.0,12432.25,12740.25,308.0,174.0,0.020105950533427796,0,0,12466.885,12754.332499999999,498.3789623192297,498.3789623192297,0.04116207837694731,0.04033747240023772
CO--PE,CO,PE,1869.717421500606,10,1880.0,1880.0,1880.0,1880.0,0.0,0.0,1880.0,1880.0,1880.0,1880.0,0.0,0.0,0.0,0,0,1880.0,1880.0,10.282578499394049,10.282578499394049,0.0054995361230262335,0.005484468890857438
CO--PH,CO,PH,17318.972788215247,10,17744.0,17600.0,17676.25,17649.179899990257,328.1835529767518,107704.44444444445,17480.0,18550.0,17536.25,17826.25,290.0,102.5,0.01849546624079981,1,0,17576.475,17948.0125,425.0272117847526,425.0272117847526,0.024541132836351804,0.024244837072267943
CO--PK,CO,PK,14553.253604343023,10,15419.3,15452.5,15413.5,15431.833619998584,181.87422393877955,33078.23333333333,15140.0,15745.0,15312.5,15488.75,176.25,81.5,0.011795232205014466,0,0,15318.287499999999,15522.814999999999,866.0463956569765,866.0463956569765,0.05950878196738965,0.0578053874765649
CO--PL,CO,PL,9952.660970335612,10,9647.3,9636.5,9634.0,9634.000000000353,61.92298083551498,3834.4555555555553,9591.0,9810.0,9610.5,9651.5,41.0,25.5,0.006418685107285456,1,0,9618.195000000002,9691.105,305.36097033561236,-305.36097033561236,-0.03068133951771848,-0.03116186616544554
CO--PT,CO,PT,7528.581774689585,10,7376.0,7405.0,7378.75,7379.042025001015,94.04136205828677,8843.777777777777,7240.0,7490.0,7301.75,7440.5,138.75,81.5,0.012749642361481394,0,0,7322.36,7430.2074999999995,152.58177468958456,-152.58177468958456,-0.020267001044280447,-0.020475194483959777
CO--RU,CO,RU,10916.0980038675,10,10905.0,10905.0,10905.0,10905.0,0.0,0.0,10905.0,10905.0,10905.0,10905.0,0.0,0.0,0.0,0,0,10905.0,10905.0,11.098003867500665,-11.098003867500665,-0.00101666400059515,-0.001017181153984112
CO--SA,CO,SA,12862.1824864371,10,12522.1,12505.0,12512.5,12507.14435734966,97.34868600380113,9476.766666666666,12386.0,12735.0,12470.0,12549.75,79.75,42.5,0.007774150182780934,1,0,12470.1875,12583.8,340.08248643709885,-340.08248643709885,-0.026440496144080422,-0.026796332405683593
CO--SE,CO,SE,9693.22189855851,10,9574.2,9589.0,9579.625,9584.29426666678,44.94391566781376,2019.9555555555553,9485.0,9620.0,9555.0,9608.75,53.75,22.0,0.004694273742747567,0,0,9546.6,9596.705,119.02189855850884,-119.02189855850884,-0.012278878973791854,-0.012354887246667551
CO--SG,CO,SG,19316.524021455647,10,19663.5,19740.0,19728.75,19741.482600017567,220.40430022019888,48578.05555555556,19045.0,19760.0,19740.0,19747.5,7.5,5.0,0.011208803123563907,3,0,19512.5,19746.0,346.975978544353,346.975978544353,0.01796265094894675,0.01780322880002726
CO--SN,CO,SN,6296.585430647009,10,5482.1,5578.5,5496.75,5540.324759512048,188.48250729326463,35525.65555555555,5182.0,5665.0,5325.75,5626.5,300.75,79.0,0.03438144274881243,0,0,5367.3825,5589.0025,814.4854306470088,-814.4854306470088,-0.12935351066352735,-0.13851925209772073
CO--TH,CO,TH,17891.231905646808,10,17266.6,17225.0,17258.25,17236.996242539753,149.70133228828956,22410.48888888889,17120.0,17480.0,17145.0,17408.0,263.0,91.5,0.008669994804321035,0,0,17179.1,17362.6175,624.6319056468092,-624.6319056468092,-0.03491273876169833,-0.035536755577668805
CO--TR,CO,TR,11114.439440495353,10,10752.2,10765.0,10758.875,10766.33333333349,55.73907466440796,3106.8444444444453,10626.0,10825.0,10757.0,10776.5,19.5,11.0,0.005183969295995978,3,0,10716.7925,10783.105,362.239440495352,-362.239440495352,-0.03259178678643352,-0.033134728642146435
CO--TZ,CO,TZ,12263.99655872549,10,11497.2,11519.0,11506.125,11505.333333336379,159.90052463259082,25568.177777777782,11195.0,11728.0,11421.0,11577.0,156.0,91.0,0.013907779688323314,0,0,11405.785,11590.615,766.7965587254894,-766.7965587254894,-0.06252419878411782,-0.06456433350709989
CO--UA,CO,UA,10641.180470910898,10,10253.1,10257.5,10246.375,10251.094333335002,84.0442343848365,7063.433333333333,10137.0,10423.0,10192.5,10287.75,95.25,45.0,0.008196958420851889,0,0,10206.0975,10303.807499999999,388.08047091089793,-388.08047091089793,-0.03646968228494651,-0.03715132539022624
CO--US,CO,US,3810.5972373090326,10,3524.3,3490.0,3491.625,3490.5714285714284,103.94448304530431,10804.455555555554,3490.0,3820.0,3490.0,3491.75,1.75,0.0,0.02949365350432832,2,0,3490.2,3590.2025,286.2972373090324,-286.2972373090324,-0.07513185453081622,-0.07810409706899878
CO--VN,CO,VN,17168.46785762716,10,17659.5,17533.0,17603.75,17533.0,405.91932696041954,164770.49999999997,17180.0,18585.0,17516.0,17547.5,31.5,19.5,0.022985890141873754,4,0,17457.9925,17905.4025,491.0321423728383,491.0321423728383,0.02860081321436585,0.028199444961482918
CO--ZA,CO,ZA,11470.29193218006,10,10743.7,10733.5,10758.375,10754.49999998973,327.5206694071214,107269.78888888888,10103.0,11267.0,10656.75,10903.75,247.0,144.5,0.03048490458660623,1,0,10548.66,10932.12,726.5919321800593,-726.5919321800593,-0.06334554835013359,-0.06544084635069228
DE--DZ,DE,DZ,1929.5842635808192,10,1803.4,1811.0,1797.75,1799.2842333287385,75.57659837689323,5711.82222222222,1710.0,1942.0,1738.75,1823.75,85.0,68.5,0.04190783984523302,0,0,1760.7,1847.2025,126.1842635808191,-126.1842635808191,-0.06539453392237617,-0.06763080015852523
DE--EG,DE,EG,2891.4189080361066,10,2894.6,2897.0,2894.75,2895.2761000000346,4.993328882953068,24.933333333333334,2888.0,2900.0,2890.0,2898.0,8.0,3.0,0.0017250497073699538,0,0,2891.6,2897.4,3.181091963893323,3.181091963893323,0.0011001837039427698,0.0010995789453746526
DE--ES,DE,ES,1871.7316834419983,10,1870.0,1870.0,1870.0,1870.0,0.0,0.0,1870.0,1870.0,1870.0,1870.0,0.0,0.0,0.0,0,0,1870.0,1870.0,1.731683441998257,-1.731683441998257,-0.0009251771807451582,-0.0009256054213056632
DE--ET,DE,ET,5338.017839459692,10,5351.4,5350.0,5350.125,5350.222222222223,4.087922591134905,16.71111111111112,5350.0,5363.0,5350.0,5350.0,0.0,0.0,0.0007638977821009279,2,0,5350.0,5354.0,13.382160540307268,13.382160540307268,0.002506953131813024,0.0025038159668668
DE--FI,DE,FI,1107.9778488106122,10,1103.4,1104.0,1103.75,1103.6666666666667,1.2649110640673518,1.6,1100.0,1104.0,1103.25,1104.0,0.75,0.0,0.0011463758057525392,1,0,1102.6,1104.0,4.577848810612068,-4.577848810612068,-0.004131715101999809,-0.004140274220871021
DE--FJ,DE,FJ,15973.080004981164,10,16184.4,16181.0,16182.0,16181.292733333135,19.614053918328846,384.71111111111117,16157.0,16231.0,16174.25,16191.0,16.75,7.0,0.0012119110945310822,1,0,16173.9,16196.3,211.31999501883547,211.31999501883547,0.013229758753661527,0.013143009769788123
DE--FR,DE,FR,880.1220118488678,10,878.0,878.0,878.0,878.0,0.0,0.0,878.0,878.0,878.0,878.0,0.0,0.0,0.0,0,0,878.0,878.0,2.122011848867828,-2.122011848867828,-0.002411042810314593,-0.0024139540543952937
DE--GB,DE,GB,933.6780131656095,10,932.0,932.0,932.0,932.0,0.0,0.0,932.0,932.0,932.0,932.0,0.0,0.0,0.0,0,0,932.0,932.0,1.6780131656095136,-1.6780131656095136,-0.001797207540445615,-0.0017988244554957406
DE--GH,DE,GH,5355.487752609555,10,5155.1,5142.5,5146.375,5143.159928562709,31.20345422474178,973.6555555555556,5140.0,5240.0,5140.25,5148.75,8.5,2.5,0.0060529289877484,2,0,5141.9975,5175.3075,200.3877526095548,-200.3877526095548,-0.03741727399374826,-0.03813526741620542
DE--GR,DE,GR,1803.6456298841938,10,1801.2,1801.0,1801.125,1801.2,0.42163702135578396,0.1777777777777778,1801.0,1802.0,1801.0,1801.0,0.0,0.0,0.00023408673182088828,2,0,1801.0,1801.5,2.4456298841937496,-2.4456298841937496,-0.0013559370220361832,-0.00135685713647892
DE--IN,DE,IN,5791.273241523696,10,5792.0,5780.0,5780.5,5780.321733333287,44.090815370097204,1943.9999999999998,5760.0,5916.0,5778.5,5783.0,4.5,2.0,0.007612364532130042,2,0,5774.6,5820.805,0.7267584763039849,0.7267584763039849,0.00012549200253462282,0.0001254841290719914
DE--IT,DE,IT,1183.3475090566692,10,1182.0,1181.0,1181.875,1181.5714285714287,1.4142135623730951,2.0000000000000004,1181.0,1184.0,1181.0,1183.5,2.5,0.0,0.0011964581745965272,0,0,1181.3,1182.9,1.347509056669196,-1.347509056669196,-0.0011387264065341142,-0.0011393752480640135
DE--JP,DE,JP,8941.116372895822,10,8918.1,8918.0,8918.125,8918.111111111111,0.5676462121975466,0.32222222222222213,8917.0,8919.0,8918.0,8918.0,0.0,0.0,6.365102568905335e-05,3,0,8917.8,8918.4,23.016372895821405,-23.016372895821405,-0.002574216902667036,-0.002577535896094204
DE--KE,DE,KE,6352.944306361189,10,6344.5,6346.0,6344.375,6344.375000000156,17.608394462742922,310.0555555555556,6320.0,6370.0,6330.0,6359.5,29.5,15.0,0.0027753793778458385,0,0,6334.1975,6355.2,8.444306361188865,-8.444306361188865,-0.0013291957168164688,-0.0013300798810149353
DE--KR,DE,KR,8148.703873526628,10,8130.0,8130.0,8130.0,8130.0,0.0,0.0,8130.0,8130.0,8130.0,8130.0,0.0,0.0,0.0,0,0,8130.0,8130.0,18.70387352662783,-18.70387352662783,-0.002295318840508202,-0.002297957122703658
DE--MA,DE,MA,2611.9809662547964,10,2625.4,2625.0,2625.25,2625.2965200000044,4.501851470969102,20.26666666666667,2618.0,2634.0,2625.0,2626.5,1.5,1.0,0.001714729744408129,4,0,2622.6,2628.1,13.419033745203706,13.419033745203706,0.005137492929148202,0.005124341038281542
DE--MX,DE,MX,9740.126910212532,10,9620.0,9550.0,9615.625,9550.666666666648,90.3696114115064,8166.666666666667,9550.0,9725.0,9550.0,9725.0,175.0,0.0,0.00939393050015659,0,0,9567.5,9672.5,120.12691021253158,-120.12691021253158,-0.012333197638993636,-0.012409882687889374
DE--MY,DE,MY,9615.08570758263,10,9598.5,9600.0,9598.75,9599.333333333334,2.1213203435596424,4.499999999999999,9595.0,9600.0,9597.25,9600.0,2.75,0.0,0.0002210054012147359,0,0,9597.1,9599.6,16.585707582629766,-16.585707582629766,-0.0017249672116338992,-0.001726456680677848
DE--NG,DE,NG,4846.239230895395,10,4852.4,4875.0,4857.375,4871.9145333337765,53.585238431659306,2871.3777777777773,4755.0,4910.0,4832.5,4884.75,52.25,14.0,0.01104303817320487,0,0,4821.092500000001,4880.902499999999,6.160769104604697,6.160769104604697,0.0012712474170340179,0.001270440066192348
DE--NL,DE,NL,577.0085813772484,10,576.9,577.0,577.0,577.0,0.7378647873726218,0.5444444444444444,575.0,578.0,577.0,577.0,0.0,0.0,0.0012790167921175625,2,0,576.4,577.3,0.10858137724846983,-0.10858137724846983,-0.00018817983086022647,-0.00018819753890621753
DE--NO,DE,NO,839.4791498459016,10,839.0,839.0,839.0,839.0,0.0,0.0,839.0,839.0,839.0,839.0,0.0,0.0,0.0,0,0,839.0,839.0,0.4791498459015884,-0.4791498459015884,-0.0005707703949401759,-0.0005709333463701893
DE--NZ,DE,NZ,18133.546853189033,10,18144.5,18150.0,18145.0,18146.083857142872,12.572014777097406,158.05555555555554,18120.0,18165.0,18140.0,18150.0,10.0,5.0,0.0006928829550055061,1,0,18137.0,18152.0125,10.953146810967155,10.953146810967155,0.0006040267190773488,0.000603844368364871
DE--PE,DE,PE,11091.52456248637,10,11041.0,11015.0,11030.625,11015.25,54.86346689738081,3010.0,11015.0,11150.0,11015.0,11015.0,0.0,0.0,0.004969066832477204,2,0,11015.0,11078.5,50.52456248636918,-50.52456248636918,-0.004555240553426964,-0.004565647277122592
DE--PH,DE,PH,9877.59768324053,10,9761.9,9740.0,9745.875,9743.77117499983,57.80705454834691,3341.6555555555556,9730.0,9922.0,9737.0,9753.75,16.75,9.5,0.005921701159440981,1,0,9738.8975,9799.2275,115.69768324053075,-115.69768324053075,-0.01171313986971111,-0.01178227911458144
DE--PK,DE,PK,5120.406237354785,10,5234.3,5282.5,5245.375,5278.587000086386,117.45831411848015,13796.455555555553,5025.0,5355.0,5205.75,5292.75,87.0,25.0,0.022440118854188743,2,0,5160.985,5292.407499999999,113.89376264521525,113.89376264521525,0.02224311067632264,0.021999340867268683
DE--PL,DE,PL,517.9674462482383,10,517.0,517.0,517.0,517.0,0.0,0.0,517.0,517.0,517.0,517.0,0.0,0.0,0.0,0,0,517.0,517.0,0.9674462482382751,-0.9674462482382751,-0.0018677742303029254,-0.0018695206955980255
DE--PT,DE,PT,2315.454518326916,10,2310.1,2310.0,2310.0,2310.1,0.31622776601683794,0.1,2310.0,2311.0,2310.0,2310.0,0.0,0.0,0.00013688921086396172,1,0,2310.0,2310.3,5.35451832691615,-5.35451832691615,-0.0023125128498681017,-0.0023151908370916893
DE--RU,DE,RU,1613.9333205348753,10,1609.0,1609.0,1609.0,1609.0,0.4714045207910317,0.2222222222222222,1608.0,1610.0,1609.0,1609.0,0.0,0.0,0.00029297981404041745,2,0,1608.7,1609.2,4.933320534875293,-4.933320534875293,-0.0030567065393013486,-0.003061387808680124
DE--SA,DE,SA,4176.916396262325,10,4261.1,4274.5,4274.875,4274.5,46.16263520303935,2130.9888888888877,4130.0,4282.0,4274.0,4275.0,1.0,0.5,0.010833501960301178,4,0,4231.4,4277.1025,84.18360373767518,84.18360373767518,0.02015448616903276,0.019954072856185494
DE--SE,DE,SE,814.5045168029693,10,810.0,810.0,810.0,810.0,0.0,0.0,810.0,810.0,810.0,810.0,0.0,0.0,0.0,0,0,810.0,810.0,4.504516802969306,-4.504516802969306,-0.005530376701470103,-0.0055457258519141595
DE--SG,DE,SG,9925.538516503066,10,9912.5,9912.0,9912.5,9912.5,2.068278940998476,4.277777777777777,9910.0,9915.0,9911.0,9914.75,3.75,2.0,0.00020865361321548305,0,0,9911.3,9913.8,13.038516503065694,-13.038516503065694,-0.001313633157675699,-0.0013144967300732857
DE--SN,DE,SN,5002.201564734814,10,5009.2,5025.0,5018.375,5022.886540000088,35.16879930342297,1236.8444444444442,4915.0,5030.0,5012.75,5026.75,14.0,3.5,0.007020841512301959,2,0,4987.7825,5024.6,6.998435265185435,6.998435265185435,0.0013990710239515207,0.0013980932359768056
DE--TH,DE,TH,8612.78119439707,10,8601.9,8600.0,8601.75,8600.666666666666,2.4698178070456938,6.1,8600.0,8605.0,8600.0,8604.75,4.75,0.0,0.0002871246825754419,0,0,8600.5,8603.4,10.88119439707043,-10.88119439707043,-0.0012633775491880657,-0.0012641762834100648
DE--TR,DE,TR,2040.6210846007348,10,2031.3,2030.0,2031.25,2030.8895600063295,2.2632326929023945,5.1222222222222245,2028.0,2035.0,2030.0,2033.0,3.0,1.0,0.001114179438242699,0,0,2030.1,2032.7,9.321084600734821,-9.321084600734821,-0.004567768446124123,-0.004578232577725321
DE--TZ,DE,TZ,6841.237574953327,10,6889.2,6901.0,6896.5,6902.8370000005525,47.452432322625285,2251.7333333333327,6790.0,6930.0,6890.5,6924.5,34.0,20.0,0.006887945236402672,2,0,6861.8,6915.2,47.96242504667316,47.96242504667316,0.007010781970541401,0.006986320700497147
DE--UA,DE,UA,1208.4684314926021,10,1192.3,1192.5,1192.5,1192.3000000006296,12.57908316743845,158.23333333333335,1178.0,1205.0,1181.0,1204.0,23.0,11.5,0.010550266851831292,0,0,1185.1,1199.5,16.168431492602167,-16.168431492602167,-0.013379275015593276,-0.013469583932012327
DE--US,DE,US,6726.290515021435,10,6717.5,6715.0,6717.0,6715.666666666649,3.7785946829182113,14.277777777777779,6715.0,6724.0,6715.0,6719.25,4.25,0.0,0.000562500138878781,0,0,6715.6975,6719.8,8.790515021434658,-8.790515021434658,-0.001306888990566689,-0.0013077437147510432
DE--VN,DE,VN,8340.425219517292,10,8305.0,8303.0,8305.25,8305.00000000002,9.545214042184236,91.11111111111113,8291.0,8317.0,8300.0,8314.25,14.25,9.5,0.0011493334186856395,0,0,8299.6,8310.8025,35.425219517292135,-35.425219517292135,-0.0042474116828473156,-0.004256457559310236
DE--ZA,DE,ZA,8785.190433813566,10,8734.9,8722.5,8718.125,8718.276428571611,73.5382742371466,5407.877777777779,8674.0,8930.0,8692.5,8742.5,50.0,25.0,0.008418902819396513,1,0,8701.3,8783.414999999999,50.29043381356678,-50.29043381356678,-0.005724455740879846,-0.005740903236319096
DZ--EG,DZ,EG,2715.5414954485536,10,2714.8,2715.0,2714.875,2715.1428571452,1.6193277068654826,2.6222222222222222,2712.0,2717.0,2715.0,2715.75,0.75,0.5,0.0005964814007902912,3,0,2713.8,2715.7,0.7414954485534508,-0.7414954485534508,-0.0002730562025276548,-0.00027309348916018764
DZ--ES,DZ,ES,711.8772255887199,10,717.9,715.5,716.875,715.926085714273,5.279941077112298,27.877777777777773,714.0,730.0,715.0,717.0,2.0,1.0,0.007354702712233317,2,0,715.2,721.6,6.022774411280125,6.022774411280125,0.008460411704138044,0.00842482301015193
DZ--ET,DZ,ET,4726.061150528088,10,4857.5,4848.0,4855.375,4859.666666664546,71.42245211883072,5101.166666666667,4750.0,4982.0,4840.0,4905.5,65.5,43.0,0.01470354135230689,0,0,4814.6875,4902.7074999999995,131.43884947191236,131.43884947191236,0.027811499954296076,0.02743178441619507
DZ--FI,DZ,FI,3033.2458162220696,10,3141.3,3127.5,3130.25,3129.049057143131,47.670279583358386,2272.4555555555553,3100.0,3271.0,3121.25,3138.75,17.5,9.0,0.015175334919733354,1,0,3120.9975,3172.8050000000003,108.05418377793058,108.05418377793058,0.035623286184076196,0.03500345433583755
DZ--FJ,DZ,FJ,17891.524863416074,10,17495.4,17317.5,17443.75,17355.829499998308,347.7074760324961,120900.48888888887,17154.0,18250.0,17292.5,17703.75,411.25,72.5,0.019874222711826886,0,0,17315.1875,17716.947500000002,396.1248634160729,-396.1248634160729,-0.022140363464829893,-0.022389140172617228
DZ--FR,DZ,FR,1345.8479224292655,10,1420.5,1349.0,1367.75,1349.3217333335351,175.4494229115616,30782.5,1348.0,1915.0,1348.0,1400.0,52.0,1.0,0.12351244133161676,1,0,1353.6,1533.905,74.65207757073449,74.65207757073449,0.05546843467721593,0.053984682295074866
DZ--GB,DZ,GB,1656.5822446092477,10,1659.8,1660.0,1660.0,1660.0,1.0327955589886444,1.0666666666666664,1657.0,1661.0,1660.0,1660.0,0.0,0.0,0.0006222409681820969,2,0,1659.1,1660.3,3.217755390752245,3.217755390752245,0.001942406059960666,0.0019405220286178684
DZ--GH,DZ,GH,3472.5242188720927,10,2904.5,2905.0,2904.125,2904.839133333339,3.5668224265054493,12.722222222222221,2900.0,2912.0,2902.0,2905.75,3.75,1.0,0.0012280331990034254,1,0,2902.6,2906.7025,568.0242188720927,-568.0242188720927,-0.16357674794175867,-0.17862051164879464
DZ--GR,DZ,GR,1833.1443937842616,10,1780.2,1795.0,1779.0,1780.199999997914,80.64986050824886,6504.4,1670.0,1900.0,1704.0,1824.0,120.0,86.5,0.04530382008102958,0,0,1732.695,1828.2125,52.94439378426159,-52.94439378426159,-0.028881736738133074,-0.02930702278093023
DZ--IN,DZ,IN,6841.71964982002,10,6918.2,6908.0,6907.75,6904.440574998071,115.53912276319606,13349.28888888889,6790.0,7130.0,6818.75,6964.25,145.5,85.5,0.016700749149084454,0,0,6855.06,6990.41,76.48035017997972,76.48035017997972,0.011178527343193847,0.01111650935824727
DZ--IT,DZ,IT,992.0972539136368,10,978.2,977.0,978.0,978.1999999991036,17.11269833908272,292.84444444444443,962.0,996.0,962.0,994.0,32.0,15.0,0.017494069044247308,0,0,968.4,988.2,13.897253913636746,-13.897253913636746,-0.014007955226984751,-0.014106992593575677
DZ--JP,DZ,JP,10825.062201744677,10,10422.6,10424.0,10422.0,10423.839133333306,6.239658110292049,38.933333333333344,10415.0,10435.0,10417.0,10425.0,8.0,1.0,0.0005986661783328582,0,0,10418.8,10426.6,402.46220174467635,-402.46220174467635,-0.037178742647761547,-0.03788749463784961
DZ--KE,DZ,KE,5468.388996259568,10,5454.5,5468.5,5460.625,5467.954366666766,32.12907993979563,1032.277777777778,5380.0,5480.0,5438.75,5475.0,36.25,6.5,0.005890380408799272,1,0,5432.295,5470.7,13.888996259567648,-13.888996259567648,-0.0025398698353514826,-0.002543100776681523
DZ--KR,DZ,KR,9964.003557283175,10,10023.2,10012.0,10017.75,10012.965200000026,41.8032428300857,1747.5111111111116,9965.0,10125.0,10007.0,10026.0,19.0,6.0,0.0041706483787698236,2,0,10002.5975,10047.202500000001,59.19644271682591,59.19644271682591,0.005941029865806938,0.005923451535769345
DZ--MA,DZ,MA,947.5149821768754,10,916.4,917.0,916.125,916.2586999999696,3.9496835316262997,15.6,910.0,925.0,914.25,917.75,3.5,1.5,0.0043099994888981885,1,0,914.3,918.9,31.1149821768754,-31.1149821768754,-0.032838512068052,-0.03338979857610652
DZ--MX,DZ,MX,9769.285470457762,10,9373.2,9378.5,9372.75,9372.749999999784,32.162089484360315,1034.4000000000003,9320.0,9430.0,9350.5,9391.25,40.75,25.5,0.0034312816844151743,0,0,9355.297499999999,9392.2,396.0854704577614,-396.0854704577614,-0.04054395499604557,-0.04138877489745947
DZ--MY,DZ,MY,10572.290569185669,10,10489.4,10436.5,10478.25,10449.474499998187,123.33261261050679,15210.933333333338,10360.0,10708.0,10408.5,10585.0,176.5,47.5,0.011757832918041717,0,0,10418.3925,10561.0125,82.89056918566894,-82.89056918566894,-0.007840360482265253,-0.007871257711413756
DZ--NG,DZ,NG,3099.0147228469714,10,2861.1,2878.5,2866.375,2868.6829571458616,47.507777141104896,2256.988888888889,2765.0,2915.0,2841.0,2890.0,49.0,30.5,0.016604724456015133,1,0,2832.0,2887.205,237.91472284697147,-237.91472284697147,-0.07677108504615505,-0.07987806336148968
DZ--NL,DZ,NL,1738.248506848775,10,1741.4,1733.0,1732.625,1732.6666666666667,27.973002857914427,782.4888888888887,1732.0,1821.0,1732.0,1733.0,1.0,0.5,0.016063513757846804,1,0,1732.3975,1759.2,3.151493151225168,3.151493151225168,0.0018130279639580575,0.00181138641257861
DZ--NO,DZ,NO,2632.9504054733866,10,2773.2,2842.0,2775.625,2808.4651402535023,136.34172753294078,18589.066666666662,2612.0,2915.0,2619.5,2887.25,267.75,68.5,0.04916404425679388,0,0,2691.79,2852.3025000000002,140.24959452661324,140.24959452661324,0.053267085561149154,0.05189684349822964
DZ--NZ,DZ,NZ,19142.8906277313,10,19547.6,19550.5,19527.0,19537.92318027677,177.55011812005208,31524.044444444444,19320.0,19940.0,19431.25,19594.0,162.75,78.5,0.009082962518163462,1,0,19455.49,19648.52,404.70937226869864,404.70937226869864,0.021141497391330095,0.020921116643235697
DZ--PE,DZ,PE,9941.552381823174,10,9650.4,9664.0,9657.375,9651.653099997575,236.68084464574278,56017.82222222223,9330.0,9915.0,9448.5,9867.5,419.0,208.5,0.02452549579766049,0,0,9503.5,9779.0425,291.15238182317444,-291.15238182317444,-0.029286410274868984,-0.02972381843908332
DZ--PH,DZ,PH,11385.615764278304,10,11561.3,11550.0,11575.375,11570.947766677818,216.8327824743195,47016.45555555555,11195.0,11815.0,11421.75,11775.25,353.5,188.5,0.018755051981552206,0,0,11431.155,11689.5,175.6842357216956,175.6842357216956,0.01543036752328271,0.015312530040110725
DZ--PK,DZ,PK,6243.845068536664,10,6063.8,6040.5,6065.375,6065.3749999985785,143.1555486563867,20493.511111111104,5815.0,6300.0,5996.25,6170.0,173.75,100.5,0.023608223994258833,0,0,5982.597500000001,6148.7175,180.04506853666408,-180.04506853666408,-0.028835607956374267,-0.029259523225042758
DZ--PL,DZ,PL,2223.061077794254,10,2285.4,2285.0,2283.75,2283.333333333145,10.895462868144296,118.71111111111114,2273.0,2311.0,2280.0,2285.0,5.0,5.0,0.004767420525135336,2,0,2279.6,2292.6,62.33892220574626,62.33892220574626,0.02804192958458867,0.02765595373483105
DZ--PT,DZ,PT,1095.7494836242417,10,977.8,978.5,978.0,978.0000000000352,4.366539438350085,19.066666666666674,970.0,984.0,975.0,980.0,5.0,3.5,0.004465677478369896,0,0,975.2,980.3,117.9494836242418,-117.9494836242418,-0.10764274625448005,-0.1138887179010036
DZ--RU,DZ,RU,3341.3300109822576,10,3480.2,3480.0,3480.125,3480.2,0.4216370213557839,0.17777777777777778,3480.0,3481.0,3480.0,3480.0,0.0,0.0,0.00012115310078609962,2,0,3480.0,3480.5,138.86998901774223,138.86998901774223,0.04156129103120776,0.04072082879313497
DZ--SA,DZ,SA,4356.927852945174,10,3864.0,3834.0,3835.375,3835.059000000076,94.35629873575537,8903.111111111111,3825.0,4132.0,3830.0,3840.0,10.0,5.0,0.024419331970951183,1,0,3831.4975,3924.6,492.927852945174,-492.927852945174,-0.11313656539250865,-0.12006427176456755
DZ--SE,DZ,SE,2735.695299839689,10,3025.9,2990.0,3021.75,2992.0308599997684,66.57234994934292,4431.877777777779,2960.0,3125.0,2988.5,3084.75,96.25,5.5,0.022000842707737507,0,0,2990.98,3068.315,290.20470016031095,290.20470016031095,0.10608078325730093,0.10082294135258692
DZ--SG,DZ,SG,10888.595168568347,10,10414.8,10409.0,10406.75,10407.420880038071,42.152632710715054,1776.8444444444447,10368.0,10526.0,10400.5,10410.0,9.5,6.0,0.004047378030371688,4,0,10394.1975,10443.4025,473.79516856834744,-473.79516856834744,-0.04351297492775121,-0.04448805519932501
DZ--SN,DZ,SN,3179.4676163160534,10,3166.9,3170.0,3166.75,3167.286540012451,5.743595467030115,32.98888888888889,3160.0,3175.0,3160.5,3170.0,9.5,3.5,0.0018136333534466244,0,0,3163.6,3170.2,12.567616316053318,-12.567616316053318,-0.003952742355846042,-0.003960575089243232
DZ--TH,DZ,TH,9758.062670903257,10,9759.0,9839.5,9775.875,9789.18363334739,186.25251676151922,34690.0,9412.0,9971.0,9636.25,9898.5,262.25,103.5,0.01908520511953266,0,0,9643.4,9863.324999999999,0.9373290967432695,0.9373290967432695,9.605688427665176e-05,9.605227110962524e-05
DZ--TR,DZ,TR,2617.4508653785942,10,2707.8,2710.5,2699.0,2699.4981714306537,61.75003373818242,3813.0666666666666,2632.0,2854.0,2665.0,2724.25,59.25,28.0,0.022804503190110945,1,0,2674.395,2746.8025000000002,90.34913462140594,90.34913462140594,0.03451798687664673,0.03393560507661624
DZ--TZ,DZ,TZ,5847.445411357088,10,5376.2,5432.5,5378.125,5391.124866670706,125.69257027454813,15798.62222222222,5216.0,5521.0,5238.0,5470.0,232.0,79.0,0.02337944464018231,0,0,5303.3949999999995,5448.8025,471.2454113570884,-471.2454113570884,-0.08058996334396232,-0.08402307914138274
DZ--UA,DZ,UA,2663.2115945563396,10,2836.3,2837.0,2836.5,2836.300000000091,25.4342289051585,646.9000000000001,2806.0,2865.0,2812.25,2861.5,49.25,25.0,0.008967397279962803,0,0,2821.3,2851.105,173.08840544366058,173.08840544366058,0.06499235952466448,0.06296762498040939
DZ--US,DZ,US,6808.566447806581,10,6183.8,6164.0,6183.0,6168.285619933911,53.62793633504422,2875.9555555555557,6112.0,6262.0,6153.25,6231.25,78.0,18.5,0.008672327102274365,0,0,6155.297500000001,6217.4,624.7664478065808,-624.7664478065808,-0.09176181984797298,-0.09624862183610741
DZ--VN,DZ,VN,9710.302297086428,10,9986.4,9975.5,9991.625,9991.529686216536,130.66513604545696,17073.377777777776,9775.0,10156.0,9888.75,10106.75,218.0,103.0,0.013084308263784443,0,0,9909.1825,10064.4025,276.097702913572,276.097702913572,0.028433481725529286,0.028036752983408353
DZ--ZA,DZ,ZA,7401.6582042116315,10,7452.6,7452.5,7452.25,7452.5999999999085,22.237106126672348,494.4888888888889,7428.0,7480.0,7430.0,7473.75,43.75,22.5,0.0029838051319904927,0,0,7439.8925,7465.6,50.941795788368836,50.941795788368836,0.006882484219466166,0.006858908038264513
EG--ES,EG,ES,3355.0785607140415,10,3515.0,3558.0,3532.25,3560.9109860397703,185.71423687423047,34489.77777777778,3192.0,3700.0,3491.0,3652.25,161.25,93.5,0.05283477578214238,2,0,3396.0699999999997,3610.2075,159.9214392859585,159.9214392859585,0.04766548275755528,0.04656433910298716
EG--ET,EG,ET,2452.617953664222,10,2513.2,2518.0,2518.0,2517.8888888888887,15.17893276880822,230.39999999999998,2470.0,2518.0,2518.0,2518.0,0.0,0.0,0.006039683578230233,1,0,2503.6,2518.0,60.582046335777704,60.582046335777704,0.0247009715660231,0.024400834969882924
EG--FI,EG,FI,3381.1971957220794,10,3401.0,3400.5,3400.25,3400.0639714139284,5.354126134736337,28.666666666666664,3395.0,3413.0,3397.0,3401.75,4.75,3.0,0.0015742799572879555,1,0,3398.1,3404.1,19.802804277920586,19.802804277920586,0.00585674337568222,0.005839659326338457
EG--FJ,EG,FJ,16456.426551141787,10,16514.4,16515.0,16514.625,16514.833333333332,4.221637386396683,17.822222222222216,16507.0,16520.0,16514.25,16515.0,0.75,0.5,0.0002556337127837937,4,0,16511.8,16516.8,57.9734488582144,57.9734488582144,0.003522845538674498,0.003516654853288401
EG--FR,EG,FR,3214.633946258294,10,3210.0,3210.0,3210.0,3210.0,0.0,0.0,3210.0,3210.0,3210.0,3210.0,0.0,0.0,0.0,0,0,3210.0,3210.0,4.633946258294145,-4.633946258294145,-0.0014415159970819925,-0.001442555980822515
EG--GB,EG,GB,3513.224272125026,10,3510.0,3510.0,3510.0,3510.0,0.0,0.0,3510.0,3510.0,3510.0,3510.0,0.0,0.0,0.0,0,0,3510.0,3510.0,3.224272125025891,-3.224272125025891,-0.0009177530027354735,-0.0009181743958653939
EG--GH,EG,GH,4270.0929109249555,10,4260.5,4255.0,4260.0,4258.671699973382,13.218253372598902,174.72222222222223,4245.0,4280.0,4250.0,4273.75,23.75,7.5,0.003102512233915949,0,0,4253.0,4268.0,9.592910924955504,-9.592910924955504,-0.0022465344724495843,-0.002249061716754638
EG--GR,EG,GR,1119.9840833129142,10,1115.0,1111.0,1114.5,1111.321733333273,6.200358412579424,38.44444444444444,1110.0,1124.0,1110.0,1120.0,10.0,1.0,0.005560859562851502,0,0,1111.4,1118.8,4.984083312914208,-4.984083312914208,-0.004450137628894943,-0.004460068966184005
EG--IN,EG,IN,4435.964091411309,10,4401.5,4400.0,4400.0,4400.111111111111,4.743416490252569,22.5,4400.0,4415.0,4400.0,4400.0,0.0,0.0,0.001077681810803719,1,0,4400.0,4404.5,34.4640914113088,-34.4640914113088,-0.00776924490395142,-0.00779958272393415
EG--IT,EG,IT,2134.7872271725983,10,2129.9,2130.0,2130.0,2129.9,0.31622776601683794,0.1,2129.0,2130.0,2130.0,2130.0,0.0,0.0,0.00014847071036989433,1,0,2129.7,2130.0,4.887227172598159,-4.887227172598159,-0.0022893275312832967,-0.002291952047906599
EG--JP,EG,JP,9586.616311745503,10,9560.0,9560.0,9560.0,9560.0,0.0,0.0,9560.0,9560.0,9560.0,9560.0,0.0,0.0,0.0,0,0,9560.0,9560.0,26.61631174550348,-26.61631174550348,-0.002776403152058274,-0.0027802645080663947
EG--KE,EG,KE,3517.610461321371,10,3516.4,3515.0,3516.125,3515.574633333387,3.5023801430836525,12.266666666666666,3512.0,3523.0,3514.0,3519.25,5.25,1.5,0.0009960130084983654,0,0,3514.5,3518.5,1.2104613213709854,-1.2104613213709854,-0.0003441146581410502,-0.00034417387917635127
EG--KR,EG,KR,8503.339014259222,10,8375.1,8357.5,8371.625,8363.340379962514,32.357207680652685,1046.988888888889,8344.0,8434.0,8351.75,8401.0,49.25,10.5,0.003863501054393701,0,0,8357.4,8394.4025,128.23901425922122,-128.23901425922122,-0.01508101864975366,-0.015195893629263426
EG--MA,EG,MA,3603.4430310091693,10,3429.5,3434.0,3431.875,3433.4253666666577,11.597413504743201,134.5,3400.0,3440.0,3430.5,3435.0,4.5,1.5,0.0033816630718014875,2,0,3421.795,3435.0,173.94303100916932,-173.94303100916932,-0.048271342022703036,-0.04947530795067623
EG--MX,EG,MX,12386.314913876035,10,12407.0,12412.0,12409.5,12407.000000000644,88.44332774281067,7822.222222222223,12301.0,12493.0,12328.75,12492.5,163.75,81.0,0.007128502276360979,0,0,12357.8925,12458.5025,20.685086123965448,20.685086123965448,0.0016699951735275628,0.0016686022821200347
EG--MY,EG,MY,7957.843206792961,10,7612.7,7576.0,7579.0,7579.917122222807,121.81867216846886,14839.78888888889,7545.0,7950.0,7551.25,7609.75,58.5,28.5,0.01600203241536759,1,0,7562.4925,7697.0225,345.1432067929609,-345.1432067929609,-0.043371451010537666,-0.044340103952269665
EG--NG,EG,NG,3387.4680508755546,10,3421.7,3420.0,3420.25,3420.3333333333185,15.8468363474298,251.12222222222226,3400.0,3455.0,3412.75,3428.75,16.0,9.0,0.004631275783215887,1,0,3413.395,3431.7,34.23194912444524,34.23194912444524,0.010105467744735584,0.010054748911052173
EG--NL,EG,NL,3281.685911866004,10,3287.0,3289.5,3287.5,3289.1666666666847,4.216370213557839,17.77777777777778,3280.0,3290.0,3283.5,3290.0,6.5,0.5,0.0012827411662786248,0,0,3284.4,3289.1,5.314088133995938,5.314088133995938,0.0016193164966766386,0.0016180068173847065
EG--NO,EG,NO,3657.274374511535,10,3666.4,3665.0,3666.375,3665.644780000011,3.3730961708462712,11.377777777777778,3662.0,3671.0,3665.0,3669.75,4.75,1.5,0.0009200022285746975,0,0,3664.4,3668.4,9.125625488465175,9.125625488465175,0.0024951984877218825,0.0024920906486853535
EG--NZ,EG,NZ,16524.182617665698,10,16404.1,16409.0,16405.125,16404.09999999998,121.81265214345439,14838.322222222223,16260.0,16540.0,16295.75,16515.0,219.25,111.0,0.0074257443043784415,0,0,16333.46,16474.0075,120.08261766569922,-120.08261766569922,-0.007267083670288242,-0.007293617550259005
EG--PE,EG,PE,12429.606272791647,10,12459.0,12451.5,12457.5,12454.181971473708,39.67646937697736,1574.2222222222222,12390.0,12540.0,12442.5,12467.5,25.0,13.0,0.0031845629165243887,2,0,12434.9925,12483.324999999999,29.393727208353084,29.393727208353084,0.002364815631585678,0.0023620238555906756
EG--PH,EG,PH,9188.405775476658,10,9316.5,9258.0,9313.75,9269.319499993133,137.81972927624614,18994.277777777777,9140.0,9515.0,9242.5,9442.5,200.0,37.5,0.014793079941635392,0,0,9239.975,9398.387499999999,128.09422452334184,128.09422452334184,0.013940854121312117,0.013844574198850566
EG--PK,EG,PK,3959.781346765724,10,3446.9,3447.0,3447.0,3447.0419285714233,3.7549966711037177,14.100000000000001,3440.0,3453.0,3445.25,3449.5,4.25,2.5,0.0010893836987158657,0,0,3444.8,3449.1,512.8813467657237,-512.8813467657237,-0.12952264326024862,-0.13871353189882105
EG--PL,EG,PL,2605.2551344227354,10,2802.5,2874.0,2813.875,2871.086999998746,126.53348261318908,16010.722222222223,2619.0,2895.0,2680.5,2884.75,204.25,15.0,0.04515021681112902,0,0,2723.7975,2880.5,197.2448655772646,197.2448655772646,0.07571038359011603,0.07298126527724194
EG--PT,EG,PT,3804.4459470065553,10,3683.1,3724.5,3718.375,3718.8279714283663,141.0645636264158,19899.21111111111,3290.0,3794.0,3701.5,3734.25,32.75,17.0,0.038300497848664385,2,0,3588.89,3741.1025,121.34594700655543,-121.34594700655543,-0.03189582627715708,-0.03241558001363007
EG--RU,EG,RU,2899.390144089835,10,3185.9,3150.0,3156.0,3156.205350004322,119.47240499611429,14273.655555555555,3111.0,3500.0,3111.0,3197.5,86.5,39.0,0.03750036253369983,1,0,3127.7,3274.4025,286.50985591016524,286.50985591016524,0.09881728283245761,0.09423440393987337
EG--SA,EG,SA,1646.868560351307,10,1614.0,1613.0,1613.75,1613.4136571428546,3.39934634239519,11.555555555555555,1611.0,1619.0,1611.0,1617.25,6.25,2.0,0.0021061625417566235,0,0,1612.1,1616.1,32.868560351306996,-32.868560351306996,-0.019958217153830136,-0.020160072669072836
EG--SE,EG,SE,3404.607659449505,10,3426.0,3427.5,3426.875,3426.9483750000077,4.666666666666667,21.777777777777782,3415.0,3430.0,3425.0,3429.5,4.5,2.5,0.0013621327106440942,1,0,3422.8,3428.3025000000002,21.39234055049519,21.39234055049519,0.0062833497102436015,0.00626369177061954
EG--SG,EG,SG,8269.808521932006,10,8285.8,8288.0,8286.875,8287.625,4.541169697580374,20.622222222222224,8275.0,8288.0,8287.25,8288.0,0.75,0.0,0.0005480665352265773,2,0,8282.8,8288.0,15.99147806799374,15.99147806799374,0.0019337180571452682,0.0019318508311212906
EG--SN,EG,SN,5253.120694234128,10,5101.2,5074.0,5094.625,5085.974671429515,82.76982810447564,6850.844444444445,5025.0,5230.0,5030.5,5156.25,125.75,46.5,0.016225560280811503,0,0,5055.19,5160.025,151.92069423412795,-151.92069423412795,-0.028920084474906023,-0.02934651178591102
EG--TH,EG,TH,7278.235334714449,10,7299.3,7267.0,7287.5,7270.676049999704,75.20202420443512,5655.344444444446,7250.0,7443.0,7250.75,7289.5,38.75,17.0,0.010302635075203802,2,0,7260.695,7348.2074999999995,21.0646652855512,21.0646652855512,0.002894199530081235,0.002890019398103093
EG--TR,EG,TR,1105.6067845732575,10,1104.5,1105.0,1105.375,1105.646750015859,7.199537022151725,51.83333333333333,1090.0,1112.0,1102.75,1110.0,7.25,5.0,0.0065183676071993895,1,0,1100.1,1108.4025000000001,1.1067845732575279,-1.1067845732575279,-0.0010010652871352676,-0.0010015666876408607
EG--TZ,EG,TZ,4038.353951938408,10,3616.1,3660.5,3619.625,3628.3943999959192,107.66455106280597,11591.655555555553,3461.0,3743.0,3522.0,3705.5,183.5,68.0,0.029773665292111937,0,0,3548.7825000000003,3678.1,422.25395193840814,-422.25395193840814,-0.10456090698432376,-0.11044107429398554
EG--UA,EG,UA,2264.232150700553,10,2272.3,2272.5,2272.375,2272.4285714285716,1.1595018087284057,1.3444444444444443,2270.0,2274.0,2272.0,2273.0,1.0,0.5,0.0005102767278653372,1,0,2271.6,2272.9,8.067849299447062,8.067849299447062,0.0035631723085244905,0.0035568392494696754
EG--US,EG,US,9366.819693047106,10,9445.9,9447.0,9445.5,9446.258699999988,7.68042244208539,58.9888888888889,9435.0,9460.0,9442.25,9450.0,7.75,3.5,0.00081309588732523,0,0,9441.0975,9450.1,79.0803069528938,79.0803069528938,0.008442599467521971,0.008407160052123781
EG--VN,EG,VN,7437.521764642192,10,7904.7,8004.5,7929.75,7975.333333343391,338.2142811887162,114388.9,7295.0,8314.0,7849.5,8040.75,191.25,120.5,0.042786479080637624,2,0,7706.8375,8091.41,467.17823535780826,467.17823535780826,0.06281369657010792,0.060919822071241574
EG--ZA,EG,ZA,6178.42759423283,10,6273.4,6273.5,6273.375,6273.374999999999,9.442221960722781,89.15555555555557,6260.0,6287.0,6265.0,6280.0,15.0,8.5,0.0015051203431508881,0,0,6267.8949999999995,6279.0025,94.97240576716922,94.97240576716922,0.01537161426894764,0.015254667919748246
ES--ET,ES,ET,5435.390315315712,10,5370.5,5370.0,5376.875,5375.413250297847,106.93845582078195,11435.833333333334,5200.0,5490.0,5315.0,5472.5,157.5,95.0,0.0199121973411753,0,0,5308.4875,5430.5125,64.89031531571163,-64.89031531571163,-0.011938483080573858,-0.01201031908410916
ES--FI,ES,FI,2953.7168515011904,10,2949.2,2950.0,2949.25,2949.333333333351,1.0327955589886446,1.0666666666666669,2948.0,2950.0,2948.0,2950.0,2.0,0.0,0.00035019515766602626,0,0,2948.6,2949.8,4.516851501190558,-4.516851501190558,-0.0015292093752638895,-0.0015303798092985855
ES--FJ,ES,FJ,17527.210746850342,10,17835.5,17292.5,17650.625,17329.104833344107,1101.2907830763359,1212841.388888889,17200.0,19950.0,17243.75,17557.5,313.75,82.5,0.061747121363367206,2,0,17288.5,18601.5625,308.2892531496582,308.2892531496582,0.017589179339619572,0.0174362800365906
ES--FR,ES,FR,1054.2206353287124,10,1053.0,1053.0,1053.0,1053.0,0.0,0.0,1053.0,1053.0,1053.0,1053.0,0.0,0.0,0.0,0,0,1053.0,1053.0,1.220635328712433,-1.220635328712433,-0.0011578556592490067,-0.0011585264919811125
ES--GB,ES,GB,1263.9687927349041,10,1263.6,1264.0,1263.625,1263.6,0.5163977794943223,0.2666666666666667,1263.0,1264.0,1263.0,1264.0,1.0,0.0,0.0004086718736105748,0,0,1263.3,1263.9,0.3687927349042184,-0.3687927349042184,-0.00029177360788017995,-0.00029181618208081145
ES--GH,ES,GH,3875.784925520151,10,3894.1,3895.0,3895.125,3895.166666666661,5.8013408411810765,33.65555555555556,3880.0,3900.0,3894.0,3897.25,3.25,2.0,0.001489777057903258,1,0,3890.2,3897.2,18.315074479849045,18.315074479849045,0.004725513626737445,0.004714383437353727
ES--GR,ES,GR,2374.062233299252,10,2343.3,2370.0,2354.25,2368.6656599999915,53.1706895029792,2827.1222222222227,2226.0,2373.0,2360.5,2370.0,9.5,1.5,0.022690517433951778,2,0,2305.8,2368.8025000000002,30.762233299251875,-30.762233299251875,-0.012957635595129859,-0.013042318073776768
ES--IN,ES,IN,7287.614249142348,10,7251.5,7250.0,7251.25,7250.29652000633,4.8362060428489695,23.38888888888889,7245.0,7260.0,7250.0,7251.5,1.5,1.0,0.0006669249179961346,3,0,7248.7,7254.5,36.114249142347944,-36.114249142347944,-0.004955565416569365,-0.004967884947882809
ES--IT,ES,IT,1365.1557413989822,10,1362.3,1362.5,1362.5,1362.4444444444443,0.9486832980505138,0.8999999999999999,1360.0,1363.0,1362.0,1363.0,1.0,0.5,0.0006963835411073286,1,0,1361.7,1362.8,2.855741398982218,-2.855741398982218,-0.0020918795653715786,-0.0020940706015520755
ES--JP,ES,JP,10789.251153816349,10,10768.6,10768.5,10768.875,10768.600000000004,6.3456021516217564,40.266666666666666,10760.0,10775.0,10762.75,10775.0,12.25,6.5,0.0005892689998348677,0,0,10765.0,10772.4,20.651153816348597,-20.651153816348597,-0.0019140488549146358,-0.0019158829872103745
ES--KE,ES,KE,6176.5987043900495,10,5792.6,5790.0,5792.25,5791.196885689929,12.0756872360219,145.82222222222222,5775.0,5813.0,5785.75,5798.5,12.75,7.0,0.0020846747981945754,0,0,5785.4,5799.7,383.99870439004917,-383.99870439004917,-0.06216992923906811,-0.06418650762327152
ES--KR,ES,KR,10019.900842150517,10,9990.3,9990.0,9991.0,9990.5,4.083843505544475,16.677777777777784,9980.0,9995.0,9990.0,9992.5,2.5,0.5,0.000408780867996404,1,0,9987.6,9992.4,29.600842150517565,-29.600842150517565,-0.0029542050981179666,-0.002958577375190883
ES--MA,ES,MA,760.8123052479816,10,569.4,569.0,569.0,569.0,3.565264521898917,12.711111111111112,565.0,577.0,567.0,571.0,4.0,2.0,0.00626144102897597,0,0,567.4,571.5,191.41230524798164,-191.41230524798164,-0.2515893919270826,-0.28980351034685126
ES--MX,ES,MX,9078.13985240458,10,9064.5,9065.0,9064.625,9064.555555555555,0.7071067811865476,0.5000000000000001,9063.0,9065.0,9064.0,9065.0,1.0,0.0,7.800836021695047e-05,0,0,9064.0975,9064.9,13.63985240457987,-13.63985240457987,-0.0015024941922399447,-0.0015036240685356353
ES--MY,ES,MY,11077.974673965115,10,11059.9,11064.5,11060.5,11064.166666666666,6.9992063042097055,48.98888888888889,11050.0,11065.0,11052.5,11065.0,12.5,0.5,0.0006328453516044183,0,0,11055.8,11063.5,18.074673965114926,-18.074673965114926,-0.0016315865035865349,-0.0016329189904214613
ES--NG,ES,NG,3642.923695107211,10,3772.2,3782.5,3781.125,3782.1666666664096,33.43916532716954,1118.1777777777777,3680.0,3793.0,3776.75,3785.75,9.0,5.5,0.00886463213169226,1,0,3751.1974999999998,3786.3,129.27630489278863,129.27630489278863,0.03548696478776617,0.03487181344763005
ES--NL,ES,NL,1481.542258526469,10,1461.4,1460.5,1460.375,1460.4285714285713,7.647802879839993,58.488888888888894,1450.0,1481.0,1460.0,1461.0,1.0,0.5,0.005233203010702061,2,0,1457.3,1466.6,20.142258526468822,-20.142258526468822,-0.013595466758067479,-0.01368873139851125
ES--NO,ES,NO,2391.208799044871,10,2592.8,2593.0,2592.875,2592.8,2.043961295567452,4.177777777777778,2590.0,2595.0,2591.25,2594.75,3.5,2.0,0.0007883220053870149,0,0,2591.5975,2594.0,201.59120095512935,201.59120095512935,0.08430514350551556,0.08093936110322614
ES--NZ,ES,NZ,19851.726976157825,10,19855.0,19855.0,19855.0,19855.0,0.0,0.0,19855.0,19855.0,19855.0,19855.0,0.0,0.0,0.0,0,0,19855.0,19855.0,3.273023842175462,3.273023842175462,0.00016487350677885128,0.0001648599166360923
ES--PE,ES,PE,9503.708312480001,10,9509.2,9510.0,9509.125,9509.290685714288,3.190262963734773,10.177777777777777,9504.0,9515.0,9508.0,9510.0,2.0,2.0,0.0003354922563133358,2,0,9507.297499999999,9511.1,5.491687519999687,5.491687519999687,0.0005778468087860144,0.000577679919606644
ES--PH,ES,PH,11671.011912853837,10,11640.0,11640.0,11640.0,11640.0,0.0,0.0,11640.0,11640.0,11640.0,11640.0,0.0,0.0,0.0,0,0,11640.0,11640.0,31.011912853837202,-31.011912853837202,-0.0026571742952024853,-0.0026607108490358795
ES--PK,ES,PK,6659.012517572479,10,6030.3,5960.5,6007.25,5968.253839998814,131.94868531196343,17410.455555555553,5945.0,6300.0,5953.5,6016.25,62.75,14.0,0.021880948760752108,2,0,5963.797500000001,6102.9225,628.7125175724786,-628.7125175724786,-0.09441527792797628,-0.09917444217903454
ES--PL,ES,PL,2294.1560974438808,10,2290.0,2290.0,2290.0,2290.0,0.0,0.0,2290.0,2290.0,2290.0,2290.0,0.0,0.0,0.0,0,0,2290.0,2290.0,4.156097443880753,-4.156097443880753,-0.0018116018559118203,-0.0018132447910834
ES--PT,ES,PT,504.8178933567692,10,502.7,503.0,502.75,502.7,0.48304589153964794,0.23333333333333334,502.0,503.0,502.25,503.0,0.75,0.0,0.0009609029073794469,0,0,502.4,502.9025,2.1178933567692297,-2.1178933567692297,-0.004195361108708669,-0.004204186328095337
ES--RU,ES,RU,3447.7208209357696,10,3440.0,3440.0,3440.0,3440.0,0.0,0.0,3440.0,3440.0,3440.0,3440.0,0.0,0.0,0.0,0,0,3440.0,3440.0,7.720820935769552,-7.720820935769552,-0.0022393985292794073,-0.002241909731922069
ES--SA,ES,SA,4976.67214260894,10,4826.9,4797.5,4821.75,4799.513459999829,56.69303308167592,3214.1000000000004,4780.0,4915.0,4792.75,4875.0,82.25,10.5,0.011745226352664428,0,0,4793.595,4862.402499999999,149.77214260894016,-149.77214260894016,-0.03009483814025662,-0.030556983543246617
ES--SE,ES,SE,2599.80340123646,10,2590.0,2590.0,2590.0,2590.0,0.0,0.0,2590.0,2590.0,2590.0,2590.0,0.0,0.0,0.0,0,0,2590.0,2590.0,9.803401236460104,-9.803401236460104,-0.003770824067618971,-0.003777951547984819
ES--SG,ES,SG,11394.820059047039,10,11386.8,11397.0,11387.25,11391.683519999953,18.68927202672402,349.28888888888895,11360.0,11410.0,11370.75,11400.0,29.25,8.0,0.0016413102914536147,0,0,11375.9975,11397.702500000001,8.020059047039467,-8.020059047039467,-0.0007038337600313272,-0.0007040815672958065
ES--SN,ES,SN,3146.0652951641023,10,3150.3,3150.0,3150.25,3150.3,0.48304589153964794,0.23333333333333334,3150.0,3151.0,3150.0,3150.75,0.75,0.0,0.00015333329890475445,0,0,3150.1,3150.6,4.234704835897901,4.234704835897901,0.0013460320872574305,0.0013451269981623406
ES--TH,ES,TH,10195.38770323311,10,10190.8,10191.0,10191.25,10191.319025,2.5298221281347035,6.4,10185.0,10193.0,10191.0,10192.75,1.75,1.5,0.0002482456851409805,2,0,10189.2,10192.1,4.587703233110005,-4.587703233110005,-0.000449978300644239,-0.00045007957126057843
ES--TR,ES,TR,3091.375943481574,10,3155.5,3158.0,3155.625,3155.4999999999814,29.315335387624152,859.3888888888889,3125.0,3185.0,3125.0,3184.75,59.75,27.0,0.009290234634011773,0,0,3138.5,3173.3025000000002,64.12405651842619,64.12405651842619,0.02074288526881926,0.020530681091683642
ES--TZ,ES,TZ,6547.695065885699,10,6122.1,6104.0,6111.75,6109.75582500017,100.33217053589763,10066.544444444446,6010.0,6317.0,6045.0,6175.0,130.0,70.5,0.016388521999950608,0,0,6066.797500000001,6182.947499999999,425.5950658856982,-425.5950658856982,-0.06499921905390817,-0.067207914457337
ES--UA,ES,UA,2867.9152687436067,10,2863.7,2864.5,2864.0,2864.1666666666665,1.7029386365926402,2.9000000000000004,2860.0,2865.0,2863.0,2865.0,2.0,0.5,0.0005946637694565214,0,0,2862.6,2864.6,4.2152687436068845,-4.2152687436068845,-0.0014698023995156364,-0.0014708836186446545
ES--US,ES,US,6103.59738093071,10,6129.7,6109.5,6128.0,6112.556466666674,34.567325612491345,1194.9,6100.0,6173.0,6100.0,6168.75,68.75,9.5,0.00563931768479556,0,0,6109.9,6150.702499999999,26.102619069290085,26.102619069290085,0.004276595823774637,0.004267477176456656
ES--VN,ES,VN,10056.382163469798,10,10126.8,10128.5,10128.5,10128.5,25.446239626143413,647.5111111111113,10072.0,10168.0,10115.25,10141.0,25.75,13.0,0.0025127621386956804,1,0,10111.4975,10140.8025,70.41783653020138,70.41783653020138,0.007002303152916854,0.006977900876726263
ES--ZA,ES,ZA,8029.9477888894835,10,8052.6,8047.5,8047.625,8047.260857142906,24.45040331410143,597.8222222222222,8030.0,8115.0,8037.5,8054.5,17.0,10.0,0.003036336501763583,1,0,8041.095,8068.805,22.652211110516873,22.652211110516873,0.0028209661763753014,0.0028169947184371216
ET--FI,ET,FI,5790.019542298963,10,5728.4,5747.5,5734.25,5734.249999511962,176.97783916512134,31321.155555555557,5450.0,5960.0,5585.25,5862.75,277.5,151.0,0.030894811669073624,0,0,5635.1575,5836.5,61.6195422989631,-61.6195422989631,-0.010642372076432868,-0.010699407137965541
ET--FJ,ET,FJ,15572.54742661621,10,16146.7,16264.5,16182.125,16246.278871429426,254.21690213936077,64626.23333333333,15645.0,16365.0,15962.0,16320.0,358.0,80.5,0.015744201734060877,0,0,15999.795,16284.3025,574.1525733837916,574.1525733837916,0.036869534421996,0.03620611074626413
ET--FR,ET,FR,5564.644582105378,10,5589.6,5595.0,5590.125,5592.850733333342,9.335713982098829,87.15555555555558,5575.0,5600.0,5582.5,5595.0,12.5,3.0,0.0016701935705772915,0,0,5583.5,5594.6025,24.95541789462277,24.95541789462277,0.004484638241743898,0.004474612215887803
ET--GB,ET,GB,5886.122685458142,10,5897.8,5897.0,5897.5,5897.206828576307,2.0976176963403033,4.4,5896.0,5902.0,5896.25,5899.25,3.0,1.0,0.00035566104248029826,0,0,5896.7,5899.2,11.677314541858323,11.677314541858323,0.0019838720947335177,0.001981906819296949
ET--GH,ET,GH,4312.516347158949,10,4210.9,4241.5,4212.25,4212.249999999048,99.76021250979771,9952.1,4041.0,4370.0,4135.0,4260.75,125.75,84.5,0.023690947899450882,0,0,4149.1875,4265.110000000001,101.6163471589498,-101.6163471589498,-0.023563121615966468,-0.023845171426454394
ET--GR,ET,GR,3541.0060008455616,10,3302.8,3357.5,3307.75,3305.1884505815647,212.35442072158517,45094.4,3015.0,3551.0,3125.0,3489.0,364.0,187.0,0.06429527089790031,0,0,3174.475,3429.225,238.20600084556145,-238.20600084556145,-0.06727071368664157,-0.06964027424258586
ET--IN,ET,IN,4568.968215495237,10,4914.9,5030.5,4918.25,4944.430199878286,314.58666002656037,98964.76666666668,4558.0,5245.0,4560.5,5206.0,645.5,209.5,0.06400672649017486,0,0,4712.587500000001,5087.805,345.9317845047626,345.9317845047626,0.0757133269895743,0.07298400151134003
ET--IT,ET,IT,4456.489579759943,10,4486.2,4484.5,4485.875,4485.561485694786,9.186947262284681,84.39999999999999,4470.0,4505.0,4483.0,4489.5,6.5,4.0,0.0020478238291392896,2,0,4480.8949999999995,4492.0,29.71042024005692,29.71042024005692,0.006666776553229892,0.006644651877500151
ET--JP,ET,JP,10415.439814966736,10,10108.1,10134.0,10113.875,10124.08853333338,54.10165329164062,2926.9888888888886,10014.0,10156.0,10081.25,10148.75,67.5,22.0,0.005352306891665162,0,0,10074.789999999999,10137.210000000001,307.3398149667355,-307.3398149667355,-0.029508097634542096,-0.02995222018381369
ET--KE,ET,KE,1159.806608820494,10,1162.1,1162.5,1162.0,1162.1000000000142,1.9692073983655907,3.877777777777778,1160.0,1165.0,1160.0,1163.75,3.75,2.0,0.0016945249103911804,0,0,1160.9,1163.3,2.2933911795059885,2.2933911795059885,0.001977391025421327,0.0019754385612206745
ET--KR,ET,KR,9256.901270317068,10,9562.7,9602.5,9603.375,9602.833333335102,147.2322805788338,21677.344444444443,9150.0,9650.0,9582.5,9621.5,39.0,21.0,0.015396517780421198,1,0,9465.6875,9619.7075,305.7987296829324,305.7987296829324,0.03303467550890905,0.03250075734653564
ET--MA,ET,MA,5405.302959239058,10,5362.1,5370.0,5362.0,5358.500000002066,119.24340186731041,14218.988888888887,5170.0,5555.0,5278.75,5412.5,133.75,81.5,0.0222381906095206,0,0,5293.1875,5431.0,43.202959239057236,-43.202959239057236,-0.007992698941178168,-0.00802481178602
ET--MX,ET,MX,14431.004638352826,10,14230.3,14265.0,14239.125,14247.54202499991,122.1265736848455,14914.899999999996,14040.0,14350.0,14151.0,14337.5,186.5,81.5,0.008582150319026689,0,0,14155.6875,14299.05,200.7046383528268,-200.7046383528268,-0.013907877059329634,-0.01400549776959253
ET--MY,ET,MY,6996.0854221014015,10,7268.4,7272.5,7274.875,7270.43875555546,122.27310052137841,14950.71111111111,7084.0,7401.0,7180.0,7385.25,205.25,112.0,0.016822560745333004,0,0,7199.88,7335.805,272.31457789859815,272.31457789859815,0.03892384976294408,0.03818541757638932
ET--NG,ET,NG,3425.380993916935,10,3465.0,3465.0,3465.0,3465.166666666649,1.8856180831641267,3.5555555555555554,3462.0,3468.0,3465.0,3465.75,0.75,0.5,0.00054418992299109,4,0,3463.8,3466.1,39.61900608306496,39.61900608306496,0.011566306391441872,0.011499928014452855
ET--NL,ET,NL,5692.490720486377,10,5450.1,5461.0,5452.625,5454.332649999729,29.221187138406574,853.8777777777777,5400.0,5480.0,5431.5,5472.25,40.75,19.0,0.005361587335719817,0,0,5432.6975,5467.5025,242.39072048637627,-242.39072048637627,-0.042580784473490715,-0.043513931694003104
ET--NO,ET,NO,6109.632738802692,10,5853.5,5901.0,5888.0,5899.451928571985,162.6477106441335,26454.277777777777,5443.0,5988.0,5856.25,5950.5,94.25,52.5,0.02778640311679055,1,0,5744.4,5932.5025,256.1327388026921,-256.1327388026921,-0.041922771752870784,-0.04282689022374397
ET--NZ,ET,NZ,14423.0253472428,10,14212.3,14277.5,14254.75,14270.28121428335,174.60625545622483,30487.344444444443,13755.0,14330.0,14191.25,14313.0,121.75,42.5,0.012285573443863754,1,0,14093.9375,14294.1075,210.72534724280013,-210.72534724280013,-0.014610342987650907,-0.014718125160007792
ET--PE,ET,PE,13010.580677525299,10,13242.9,13278.0,13246.625,13244.996242864087,344.6909888259015,118811.87777777776,12711.0,13745.0,12954.5,13435.5,481.0,274.5,0.026028361523979002,0,0,13044.405,13439.045,232.31932247470104,232.31932247470104,0.017856183996154257,0.017698635060091134
ET--PH,ET,PH,8943.42800028437,10,9099.8,9162.5,9105.5,9118.833666668354,172.08318401930566,29612.622222222217,8842.0,9312.0,8947.5,9237.25,289.75,115.0,0.018910655620926357,0,0,8998.69,9199.615,156.3719997156295,156.3719997156295,0.017484570760860088,0.01733347434824986
ET--PK,ET,PK,4460.31441309416,10,4262.7,4269.0,4248.25,4250.147733329653,124.5097497298014,15502.677777777779,4123.0,4518.0,4163.25,4325.0,161.75,96.0,0.029209127954067,0,0,4194.195,4342.205,197.61441309416023,-197.61441309416023,-0.04430504103343543,-0.04531649742668246
ET--PL,ET,PL,5054.603703831145,10,5204.6,5202.0,5203.875,5203.874999999669,51.592850495220965,2661.822222222222,5132.0,5283.0,5170.75,5246.25,75.5,40.5,0.009912932885374662,0,0,5174.8,5235.202499999999,149.99629616885522,149.99629616885522,0.029675184239501363,0.02924339739938592
ET--PT,ET,PT,5784.177787414981,10,5614.7,5615.0,5627.625,5624.078133333217,129.62857195335704,16803.566666666662,5315.0,5811.0,5578.75,5689.5,110.75,44.0,0.023087354970587393,1,0,5529.1825,5689.3150000000005,169.47778741498132,-169.47778741498132,-0.029300238278243344,-0.029738063734516443
ET--RU,ET,RU,5182.912971370709,10,5143.2,5140.0,5142.625,5140.571428569086,4.9396356140913875,24.4,5140.0,5151.0,5140.0,5147.75,7.75,0.0,0.0009604206746950123,0,0,5141.0,5146.3,39.712971370709056,-39.712971370709056,-0.007662287904519124,-0.007691794052186169
ET--SA,ET,SA,1928.2054708788808,10,1753.6,1755.0,1762.125,1753.6000000287174,206.07776310035115,42468.04444444445,1466.0,1973.0,1561.0,1964.25,403.25,208.5,0.11751697257091193,0,0,1628.9425,1874.2275,174.60547087888085,-174.60547087888085,-0.09055335311298295,-0.09491894477101345
ET--SE,ET,SE,5846.588012893221,10,5750.0,5820.0,5761.875,5806.214714286551,216.12753436596438,46711.11111111112,5435.0,5970.0,5546.25,5911.25,365.0,115.0,0.037587397281037285,0,0,5616.9375,5867.525,96.58801289322128,-96.58801289322128,-0.01652040689034699,-0.01665839062131383
ET--SG,ET,SG,7265.102216993072,10,7385.8,7395.0,7386.75,7386.864928656579,23.203448019637083,538.4000000000001,7350.0,7414.0,7364.0,7400.75,36.75,17.5,0.003141629616241583,0,0,7371.4975,7399.0,120.69778300692815,120.69778300692815,0.016613363363920202,0.01647687109862623
ET--SN,ET,SN,6138.121973536205,10,6005.5,6131.0,6040.375,6100.172560000826,246.50862053891746,60766.5,5522.0,6210.0,5914.5,6186.0,271.5,74.0,0.041047143541573135,0,0,5844.995,6133.005,132.62197353620468,-132.62197353620468,-0.021606278615509567,-0.02184311185739124
ET--TH,ET,TH,6750.299737881846,10,6886.2,6820.5,6854.625,6817.89344299698,169.42766401427286,28705.733333333334,6775.0,7250.0,6792.5,6841.5,49.0,28.5,0.02460394179870943,2,0,6802.797500000001,6985.0725,135.90026211815348,135.90026211815348,0.020132478170635598,0.019932499421876734
ET--TR,ET,TR,3471.2514729888712,10,3460.5,3427.5,3455.625,3429.7389999974007,124.54383431814948,15511.166666666668,3280.0,3680.0,3390.5,3558.25,167.75,45.0,0.03599012695221774,0,0,3391.9925,3530.3425,10.751472988871228,-10.751472988871228,-0.0030972901481014932,-0.0031020966786111854
ET--TZ,ET,TZ,1714.3873971546066,10,1330.2,1404.5,1335.75,1401.7478666586665,101.38354019377219,10278.622222222222,1204.0,1412.0,1215.25,1410.0,194.75,7.0,0.07621676454200285,0,0,1270.7975,1389.2025,384.1873971546065,-384.1873971546065,-0.22409602274972848,-0.2537265071122916
ET--UA,ET,UA,4651.905379290357,10,4856.9,4850.0,4857.25,4852.918033333796,52.131138061196744,2717.6555555555556,4770.0,4941.0,4824.75,4893.75,69.0,28.5,0.010733418036442328,0,0,4824.075000000001,4886.702499999999,204.99462070964273,204.99462070964273,0.044066807898168046,0.043123479652655554
ET--US,ET,US,11530.640207862776,10,11561.4,11562.0,11562.375,11562.44477999051,4.427188724235732,19.60000000000001,11550.0,11565.0,11562.0,11564.25,2.25,1.5,0.0003829284277194572,1,0,11558.4,11563.5,30.759792137223485,30.759792137223485,0.002667656919539324,0.0026641050382174877
ET--VN,ET,VN,7294.24449951952,10,7540.7,7518.0,7532.25,7532.250000001622,166.19670407214593,27621.34444444445,7325.0,7824.0,7418.75,7653.0,234.25,134.0,0.02203995704273422,0,0,7450.78,7643.02,246.4555004804797,246.4555004804797,0.03378766649468824,0.03322940344619459
ET--ZA,ET,ZA,4007.191456170527,10,4046.5,3966.0,3986.875,3977.0383000027955,250.01611059200877,62508.05555555556,3840.0,4730.0,3944.25,4030.75,86.5,36.5,0.06178576809391048,1,0,3940.095,4200.3675,39.30854382947291,39.30854382947291,0.009809499810382937,0.009761699014175633
FI--FJ,FI,FJ,14881.524051042496,10,15231.6,15226.5,15228.25,15228.940322222117,24.971984302413777,623.6,15210.0,15280.0,15210.0,15248.25,38.25,16.5,0.0016394853004552232,0,0,15217.2925,15246.307499999999,350.0759489575048,350.0759489575048,0.023524200058862986,0.023251770254790267
FI--FR,FI,FR,1913.0642944778042,10,1908.5,1910.0,1908.75,1909.5714285714287,2.41522945769824,5.833333333333334,1905.0,1910.0,1906.25,1910.0,3.75,0.0,0.0012655118981913754,0,0,1907.0,1910.0,4.5642944778041965,-4.5642944778041965,-0.00238585524332839,-0.002388705931070922
FI--GB,FI,GB,1825.9330131984918,10,1821.1,1820.0,1821.0,1820.6666666666486,1.4491376746189437,2.0999999999999996,1820.0,1823.0,1820.0,1822.75,2.75,0.0,0.0007957485446262939,0,0,1820.3,1822.0,4.833013198491926,-4.833013198491926,-0.0026468732223784725,-0.002650382384879383
FI--GH,FI,GH,6421.808628793435,10,6140.3,6132.0,6142.875,6136.572928571254,76.53328977931398,5857.344444444445,6005.0,6255.0,6103.5,6177.5,74.0,42.5,0.012464096180856631,0,0,6097.297500000001,6187.412499999999,281.5086287934346,-281.5086287934346,-0.04383634659108893,-0.04482619500713945
FI--GR,FI,GR,2469.446523502244,10,2628.0,2628.0,2628.0,2628.0,0.0,0.0,2628.0,2628.0,2628.0,2628.0,0.0,0.0,0.0,0,0,2628.0,2628.0,158.55347649775604,158.55347649775604,0.06420607815912154,0.062229054645799996
FI--IN,FI,IN,5227.813402791738,10,5233.8,5230.5,5232.25,5231.938185677906,15.031818105457356,225.95555555555558,5216.0,5264.0,5222.0,5241.75,19.75,10.5,0.0028720658231986998,0,0,5225.6975,5244.202499999999,5.986597208262538,5.986597208262538,0.001145143628321852,0.0011444884514904578
FI--IT,FI,IT,2204.4886323251985,10,2201.6,2202.0,2201.875,2201.777777777778,0.9660917830792959,0.9333333333333333,2199.0,2202.0,2202.0,2202.0,0.0,0.0,0.00043881349158761624,2,0,2201.0,2202.0,2.888632325198614,-2.888632325198614,-0.001310341220563161,-0.0013112004683075034
FI--JP,FI,JP,7840.181225242526,10,7823.5,7823.0,7823.125,7822.986950000005,3.8944404818493075,15.166666666666666,7820.0,7830.0,7820.0,7824.75,4.75,3.0,0.0004977874968811027,0,0,7821.4,7825.9,16.681225242526125,-16.681225242526125,-0.002127658119536658,-0.002129924799791258
FI--KE,FI,KE,6893.053879094669,10,7241.2,7385.5,7333.0,7384.667433333013,348.1659246840665,121219.51111111107,6332.0,7416.0,7365.0,7400.0,35.0,14.5,0.04808124684915021,2,0,7026.512500000001,7395.31,348.14612090533046,348.14612090533046,0.05050680395248206,0.049272718152464
FI--KR,FI,KR,7076.449214426985,10,7273.9,7277.5,7277.0,7276.9483749999945,11.120051958311866,123.65555555555555,7243.0,7280.0,7275.0,7279.5,4.5,2.5,0.0015287606316160334,1,0,7266.4975,7278.4,197.4507855730144,197.4507855730144,0.027902522803451357,0.02752034036143562
FI--MA,FI,MA,3705.568629466575,10,3806.3,3811.5,3800.5,3800.9276999974745,97.77417291334604,9559.78888888889,3685.0,3974.0,3720.5,3862.25,141.75,80.5,0.02568745840142554,0,0,3754.385,3867.4100000000003,100.73137053342498,100.73137053342498,0.027183782195372666,0.026820865467719553
FI--MX,FI,MX,9855.858846180436,10,9513.3,9534.5,9517.0,9530.193960031698,37.392958338881584,1398.2333333333338,9452.0,9545.0,9477.5,9540.0,62.5,9.0,0.003930598040520281,0,0,9490.395,9533.307499999999,342.5588461804364,-342.5588461804364,-0.03475687421326985,-0.03537526555521999
FI--MY,FI,MY,8971.024211314423,10,8436.5,8407.0,8432.125,8435.080322794149,126.41048655515534,15979.61111111111,8286.0,8622.0,8344.25,8532.0,187.75,116.5,0.014983759444693337,0,0,8364.495,8512.205,534.5242113144232,-534.5242113144232,-0.059583409733781706,-0.06143232075956625
FI--NG,FI,NG,5852.2306591964625,10,5729.8,5703.5,5722.875,5710.622233335111,129.3408932498406,16729.066666666662,5570.0,5945.0,5633.5,5837.0,203.5,79.5,0.022573369620203253,0,0,5658.092500000001,5804.5025,122.43065919646233,-122.43065919646233,-0.020920340691641948,-0.021142271724687894
FI--NL,FI,NL,1506.1678883392688,10,1501.9,1502.0,1502.0,1501.9,0.31622776601683794,0.1,1501.0,1502.0,1502.0,1502.0,0.0,0.0,0.00021055181171638452,1,0,1501.7,1502.0,4.267888339268666,-4.267888339268666,-0.0028336073105200282,-0.00283762957585911
FI--NO,FI,NO,789.3307636306301,10,784.1,784.5,784.25,784.2857142880573,1.1005049346146119,1.211111111111111,782.0,785.0,783.25,785.0,1.75,0.5,0.0014035262525374465,0,0,783.4,784.7,5.230763630630122,-5.230763630630122,-0.0066268336059404805,-0.006648888558091847
FI--NZ,FI,NZ,17068.725016057746,10,16787.2,16785.0,16792.125,16790.808055554706,99.24470318919349,9849.511111111113,16625.0,16910.0,16705.0,16875.0,170.0,87.5,0.005911927134316234,0,0,16730.9925,16843.705,281.52501605774523,-281.52501605774523,-0.016493617173684322,-0.016631151264254868
FI--PE,FI,PE,11822.926389926623,10,11671.9,11658.0,11667.75,11659.499999994243,179.09367505427,32074.54444444445,11413.0,11964.0,11553.75,11769.0,215.25,117.5,0.015344003551629983,0,0,11569.7,11785.4025,151.02638992662287,-151.02638992662287,-0.01277402776146018,-0.012856317183430551
FI--PH,FI,PH,8939.979930604915,10,8286.2,8290.0,8285.875,8286.411500000004,10.891382934330343,118.62222222222223,8270.0,8305.0,8280.0,8290.75,10.75,7.5,0.001314400199648855,0,0,8279.9,8292.1,653.7799306049146,-653.7799306049146,-0.07312991032192141,-0.07594186382148813
FI--PK,FI,PK,4543.885658949807,10,4704.9,4651.0,4699.375,4663.818666666222,92.65641430095981,8585.21111111111,4620.0,4834.0,4630.25,4804.25,174.0,30.0,0.019693599077761442,0,0,4649.69,4758.615000000001,161.01434105019234,161.01434105019234,0.03543538573270489,0.03482200080732612
FI--PL,FI,PL,915.2000736428832,10,942.8,944.0,942.875,943.6782666666758,2.485513584307633,6.177777777777777,940.0,945.0,940.0,945.0,5.0,1.0,0.0026363105476321946,0,0,941.3,944.0025,27.599926357116715,27.599926357116715,0.030157259764258256,0.029711469970008737
FI--PT,FI,PT,3365.791975654019,10,3364.5,3365.0,3364.625,3364.5555555555557,0.7071067811865476,0.5000000000000001,3363.0,3365.0,3364.0,3365.0,1.0,0.0,0.0002101669731569468,0,0,3364.0,3364.9,1.2919756540190974,-1.2919756540190974,-0.0003838548737903058,-0.0003839285649308066
FI--RU,FI,RU,895.568901558974,10,893.1,893.0,893.0,893.1,0.31622776601683794,0.1,893.0,894.0,893.0,893.0,0.0,0.0,0.0003540787885083842,1,0,893.0,893.3,2.4689015589739256,-2.4689015589739256,-0.002756796885952774,-0.0027606038487798753
FI--SA,FI,SA,4292.210711697853,10,4288.5,4297.0,4285.125,4286.450644441698,94.69277808905082,8966.722222222223,4174.0,4430.0,4192.25,4365.75,173.5,83.0,0.0220806291451675,0,0,4235.09,4349.3075,3.710711697853185,-3.710711697853185,-0.0008645222583644671,-0.0008648961732527188
FI--SE,FI,SE,394.8329300638056,10,396.8,396.0,396.5,396.25,1.6865480854231356,2.8444444444444446,396.0,400.0,396.0,396.0,0.0,0.0,0.004250373199151047,2,0,396.0,398.0,1.9670699361944344,1.9670699361944344,0.00498203109825858,0.004969661846978611
FI--SG,FI,SG,9269.41231436185,10,9265.5,9272.0,9268.875,9271.443485714282,14.144099672851416,200.05555555555554,9230.0,9274.0,9264.75,9273.75,9.0,2.0,0.001526533880832272,1,0,9257.095000000001,9272.5,3.912314361850804,-3.912314361850804,-0.00042206714181751724,-0.0004221562372239513
FI--SN,FI,SN,6097.2656329221945,10,5996.3,6028.5,6002.375,6013.067914283485,92.9026372069168,8630.9,5850.0,6094.0,5920.0,6067.5,147.5,57.0,0.015493327086189283,0,0,5938.1975,6048.305,100.96563292219435,-100.96563292219435,-0.016559165862322,-0.016697801439812764
FI--TH,FI,TH,7892.355050494185,10,7897.9,7900.0,7898.25,7899.172466666694,3.6347092196090616,13.211111111111114,7891.0,7902.0,7895.75,7900.0,4.25,1.0,0.0004602121094986087,0,0,7895.6,7900.0,5.544949505814657,5.544949505814657,0.0007025722322854008,0.0007023255439520116
FI--TR,FI,TR,2318.7683066331742,10,2481.0,2456.5,2473.125,2462.000000000058,77.50842248140233,6007.555555555555,2395.0,2630.0,2436.5,2491.75,55.25,33.0,0.031240799065458416,2,0,2438.0,2533.225,162.23169336682577,162.23169336682577,0.06996459840456608,0.06762556232326485
FI--TZ,FI,TZ,7418.969801469933,10,7362.8,7337.5,7344.75,7340.621985462554,109.06756315849975,11895.733333333332,7250.0,7620.0,7289.0,7391.5,102.5,51.5,0.01481332688087409,1,0,7306.3975,7431.6050000000005,56.16980146993319,-56.16980146993319,-0.007571105284564465,-0.007599911591340733
FI--UA,FI,UA,1140.0561693095046,10,1146.6,1144.5,1147.0,1145.9900571428948,8.959166627910582,80.26666666666667,1130.0,1160.0,1142.25,1150.0,7.75,4.0,0.007813680994165866,1,0,1141.4,1151.8,6.54383069049527,6.54383069049527,0.005739919546647125,0.005723508975406159
FI--US,FI,US,6946.711977616074,10,6945.5,6945.0,6944.5,6945.500000000094,19.800392813162965,392.0555555555556,6917.0,6982.0,6938.5,6953.75,15.25,8.5,0.0028508232399629928,1,0,6934.2925000000005,6957.7,1.211977616074364,-1.211977616074364,-0.00017446780865244428,-0.00017448302993105895
FI--VN,FI,VN,7500.56964538643,10,7647.3,7813.5,7671.375,7810.052200000512,249.66468624047647,62332.45555555556,7282.0,7820.0,7397.25,7815.75,418.5,6.0,0.03264742932021451,0,0,7490.092500000001,7764.1025,146.73035461356994,146.73035461356994,0.019562561452092266,0.01937367398738417
FI--ZA,FI,ZA,9522.764258248177,10,9549.8,9592.0,9564.75,9583.674000000035,93.6231215506559,8765.288888888888,9350.0,9630.0,9501.5,9616.75,115.25,30.0,0.009803673537734392,0,0,9492.9625,9601.3025,27.03574175182257,27.03574175182257,0.0028390644794556857,0.0028350419475826985
FJ--FR,FJ,FR,16576.81749979109,10,16608.9,16540.0,16583.125,16538.916142857423,153.49951139987382,23562.099999999995,16524.0,16900.0,16535.0,16540.0,5.0,5.0,0.00924200346801256,3,0,16534.8,16718.0,32.08250020891137,32.08250020891137,0.0019353835686081295,0.0019335131267888233
FJ--GB,FJ,GB,16299.555426240808,10,16273.6,16280.5,16275.125,16274.944700000031,19.91202874869582,396.4888888888889,16240.0,16295.0,16256.25,16291.5,35.25,14.5,0.001223578602687532,0,0,16262.2,16285.2,25.955426240807355,-25.955426240807355,-0.0015924008699661507,-0.0015936700878128375
FJ--GH,FJ,GH,18604.884835041765,10,19487.0,19420.0,19469.375,19449.938166666267,162.05623166735126,26262.22222222222,19315.0,19800.0,19362.5,19616.25,253.75,82.5,0.008316120062983079,0,0,19396.975,19581.5125,882.1151649582353,882.1151649582353,0.04741309461356067,0.04632340480301236
FJ--GR,FJ,GR,16718.893493199037,10,16452.9,16461.5,16449.25,16452.900000000307,144.66931641198525,20929.211111111104,16275.0,16660.0,16310.0,16582.5,272.5,140.0,0.008792937197210537,0,0,16367.0825,16533.235,265.9934931990356,-265.9934931990356,-0.01590975463222116,-0.01603767336310977
FJ--IN,FJ,IN,12028.323263938093,10,11819.5,11818.5,11823.75,11820.833333335107,125.51250491042272,15753.388888888887,11620.0,11985.0,11736.0,11905.0,169.0,91.0,0.010619104438463787,0,0,11746.3975,11894.1025,208.82326393809308,-208.82326393809308,-0.017360962068932957,-0.01751343081728767
FJ--IT,FJ,IT,17055.863339691525,10,16831.0,16890.0,16888.75,16888.352666666215,186.85704577445173,34915.55555555555,16300.0,16900.0,16876.25,16900.0,23.75,10.0,0.01110195744604906,1,0,16710.9875,16894.5,224.86333969152474,-224.86333969152474,-0.013183931836990884,-0.013271611359575447
FJ--JP,FJ,JP,7219.789289468397,10,7341.7,7282.5,7334.625,7297.286166666897,99.49321584912211,9898.900000000003,7250.0,7490.0,7277.75,7441.25,163.5,22.5,0.013551795340196699,0,0,7287.65,7401.907499999999,121.91071053160249,121.91071053160249,0.016885632757930383,0.016744655244235636
FJ--KE,FJ,KE,15310.34174379079,10,16467.9,16461.0,16461.125,16460.758371428637,35.25289586213687,1242.7666666666667,16430.0,16560.0,16450.0,16471.25,21.25,11.0,0.002140703785068944,1,0,16450.695,16492.1075,1157.5582562092113,1157.5582562092113,0.07560629772870137,0.07288450047975786
FJ--KR,FJ,KR,8184.830871623246,10,7345.6,7342.0,7347.625,7345.599999998334,156.16814300262678,24388.488888888885,7145.0,7530.0,7200.0,7502.75,302.75,158.5,0.021260093525733333,0,0,7253.297500000001,7434.902499999999,839.2308716232455,-839.2308716232455,-0.10253490692554851,-0.10818105288643569
FJ--MA,FJ,MA,18168.663542293107,10,19493.5,19850.0,19677.5,19836.956666660488,746.7486934110506,557633.6111111112,17565.0,19950.0,19317.5,19887.5,570.0,50.0,0.0383075739816375,1,0,18965.8375,19817.0,1324.8364577068933,1324.8364577068933,0.07291876227565842,0.07038274994885524
FJ--MX,FJ,MX,9915.918583166904,10,9648.5,9537.5,9530.0,9537.166666670953,435.50870638063407,189667.83333333334,9370.0,10875.0,9515.75,9556.25,40.5,25.0,0.04513745207862715,3,0,9478.2675,9941.202500000001,267.4185831669038,-267.4185831669038,-0.026968614246275585,-0.027338940632169913
FJ--MY,FJ,MY,8728.573834583456,10,8520.7,8520.0,8509.625,8509.624999997071,114.87679390450351,13196.677777777775,8345.0,8785.0,8461.0,8549.25,88.25,55.0,0.01348208408986392,1,0,8456.8,8597.2175,207.8738345834554,-207.8738345834554,-0.02381532636635771,-0.024103495679337006
FJ--NG,FJ,NG,18616.55968810009,10,19063.4,19122.0,19088.875,19110.61676666615,132.27009404161538,17495.377777777776,18760.0,19163.0,19053.75,19148.0,94.25,34.5,0.00693843144673119,2,0,18980.665,19129.405000000002,446.8403118999122,446.8403118999122,0.02400230329267214,0.02371877592403651
FJ--NL,FJ,NL,16165.585758358455,10,16243.1,16251.5,16241.375,16248.224666666756,31.419915835519216,987.2111111111112,16200.0,16300.0,16219.0,16258.0,39.0,10.0,0.0019343546389247875,0,0,16224.1975,16261.3025,77.5142416415456,77.5142416415456,0.004795015955513191,0.0047835564841381215
FJ--NO,FJ,NO,15261.03378993224,10,15632.0,15610.0,15622.5,15613.217333332921,45.65571644870382,2084.444444444445,15600.0,15740.0,15600.0,15647.5,47.5,10.0,0.00292065739820265,1,0,15609.0,15660.0,370.9662100677597,370.9662100677597,0.02430806557236558,0.024017326657960594
FJ--NZ,FJ,NZ,2591.8075392647534,10,2618.6,2627.5,2621.0,2625.8528285715624,21.67538286218313,469.8222222222222,2580.0,2638.0,2602.5,2633.75,31.25,9.0,0.008277469969519259,0,0,2604.6,2631.3,26.79246073524655,26.79246073524655,0.01033736507412393,0.010284299905160704
FJ--PE,FJ,PE,11096.316981305765,10,10931.0,10967.5,10939.375,10958.623333332554,71.83313998427188,5160.0,10800.0,10995.0,10880.0,10990.0,110.0,25.0,0.0065715067225571204,0,0,10888.4875,10968.0125,165.31698130576478,-165.31698130576478,-0.014898365068723102,-0.01501046046166675
FJ--PH,FJ,PH,7270.00795998326,10,7152.4,7122.0,7146.625,7126.941999999799,52.690290060566824,2776.266666666667,7110.0,7241.0,7115.5,7196.25,80.75,10.0,0.0073667985655957195,0,0,7125.17,7184.6050000000005,117.60795998326012,-117.60795998326012,-0.016177143220559957,-0.01630942173420664
FJ--PK,FJ,PK,12498.588968944085,10,12716.1,12770.0,12724.5,12735.464333322263,270.2243717933509,73021.21111111113,12320.0,13045.0,12481.25,12914.25,433.0,195.0,0.021250569891189192,0,0,12553.995,12867.91,217.51103105591574,217.51103105591574,0.017402846961075132,0.017253151673769496
FJ--PL,FJ,PL,15740.327157401141,10,15689.5,15650.0,15665.0,15653.91614285694,91.84679272208331,8435.833333333336,15640.0,15935.0,15650.0,15660.0,10.0,5.0,0.005854029301257739,2,0,15650.0,15753.525,50.82715740114145,-50.82715740114145,-0.003229104255132486,-0.0032343290629423364
FJ--PT,FJ,PT,17608.392189885468,10,19615.0,19867.5,19865.0,19865.923928569202,799.4998436522674,639200.0,17340.0,19890.0,19852.5,19878.75,26.25,12.5,0.04075961476687573,1,0,19106.9875,19874.0,2006.6078101145322,2006.6078101145322,0.11395746917013574,0.10791896229345294
FJ--RU,FJ,RU,14698.654341884276,10,14841.3,14548.5,14792.125,14589.631199996242,494.04656775562273,244082.01111111112,14421.0,15655.0,14440.0,15325.0,885.0,118.0,0.03328863157241096,0,0,14576.5875,15129.645,142.64565811572356,142.64565811572356,0.009704674645572847,0.009657886754543911
FJ--SA,FJ,SA,14993.206576183224,10,14759.2,14847.5,14796.25,14821.95009999853,212.79557221792834,45281.955555555556,14247.0,14975.0,14717.5,14850.0,132.5,57.5,0.01441782564217087,1,0,14627.525,14869.0125,234.00657618322293,-234.00657618322293,-0.015607506972854188,-0.01573058643179271
FJ--SE,FJ,SE,15161.365121374429,10,15637.2,15637.5,15635.25,15634.683599999807,52.31910634642844,2737.288888888889,15570.0,15720.0,15589.0,15667.5,78.5,44.0,0.00334581039741312,0,0,15608.5,15667.0,475.83487862557195,475.83487862557195,0.03138469885899271,0.03090226721247315
FJ--SG,FJ,SG,8434.22672283059,10,8288.3,8288.0,8288.5,8288.49652,1.567021236472421,2.4555555555555553,8285.0,8290.0,8288.0,8289.75,1.75,1.0,0.0001890642515922953,1,0,8287.3,8289.1,145.92672283059073,-145.92672283059073,-0.01730173110423769,-0.017453155194871634
FJ--SN,FJ,SN,18292.51736528745,10,19066.7,18994.5,19052.75,19033.853857854952,253.94358516104407,64487.34444444444,18700.0,19545.0,18934.75,19150.0,215.25,145.0,0.013318696217019414,1,0,18925.195,19221.41,774.1826347125498,774.1826347125498,0.04232236707789968,0.04145126888039139
FJ--TH,FJ,TH,9249.359232089999,10,9397.9,9422.0,9414.25,9417.074571430048,83.83641478763536,7028.544444444446,9185.0,9480.0,9385.0,9440.0,55.0,30.0,0.008920760466448394,1,0,9344.89,9438.4,148.5407679100008,148.5407679100008,0.016059573877793512,0.015931983143774028
FJ--TR,FJ,TR,15929.245910545002,10,16243.0,16259.5,16245.0,16246.956666668078,71.08054898806314,5052.444444444444,16130.0,16340.0,16182.5,16287.75,105.25,50.0,0.004376072707508658,0,0,16201.9,16284.3125,313.7540894549984,313.7540894549984,0.019696732112553822,0.019505261629111367
FJ--TZ,FJ,TZ,15125.289672800167,10,15258.5,15255.0,15295.375,15281.410889552099,308.7322644478725,95315.6111111111,14652.0,15570.0,15077.25,15553.75,476.5,270.0,0.020233460985540686,0,0,15058.085000000001,15424.8925,133.21032719983305,133.21032719983305,0.008807125686947033,0.008768569171527702
FJ--UA,FJ,UA,15437.65678215794,10,16249.5,16235.0,16244.375,16240.429249999635,65.50869323142454,4291.388888888888,16180.0,16360.0,16192.5,16285.0,92.5,45.0,0.004031428242802827,0,0,16212.0,16288.5,811.8432178420608,811.8432178420608,0.052588500269053005,0.051252368805710616
FJ--US,FJ,US,12497.831524726587,10,12320.8,12480.0,12351.875,12471.840666669366,282.9109793242783,80038.62222222221,11850.0,12543.0,12101.25,12505.0,403.75,30.0,0.022962062473563267,0,0,12143.445,12484.0,177.03152472658803,-177.03152472658803,-0.014164979290714268,-0.014266260175211236
FJ--VN,FJ,VN,9022.601376117009,10,8104.1,8090.0,8095.125,8095.282499997645,69.439742063013,4821.877777777777,8035.0,8245.0,8050.0,8140.5,90.5,50.0,0.008568470535039424,0,0,8066.0,8145.8025,918.5013761170085,-918.5013761170085,-0.10180006162616233,-0.10736258693923685
FJ--ZA,FJ,ZA,14189.452435443198,10,13232.7,13305.0,13251.75,13280.464500000868,151.3025299046766,22892.455555555553,12948.0,13365.0,13173.5,13337.5,164.0,57.5,0.011433987765510937,0,0,13145.185000000001,13313.8125,956.7524354431971,-956.7524354431971,-0.06742701593286067,-0.06980786343074788
FR--GB,FR,GB,341.1497977927973,10,343.9,344.0,344.0,343.9,0.31622776601683794,0.1,343.0,344.0,344.0,344.0,0.0,0.0,0.0009195340680919976,1,0,343.7,344.0,2.750202207202676,2.750202207202676,0.008061567748233153,0.008029246899234366
FR--GH,FR,GH,4807.153141334028,10,4820.1,4820.0,4820.0,4820.1,0.31622776601683794,0.1,4820.0,4821.0,4820.0,4820.0,0.0,0.0,6.56060592138831e-05,1,0,4820.0,4820.3,12.946858665972286,12.946858665972286,0.0026932486412070944,0.0026896283458655336
FR--GR,FR,GR,2101.148656258638,10,2069.6,2099.0,2099.125,2099.0689428572364,94.03332742526273,8842.266666666666,1802.0,2101.0,2098.0,2100.0,2.0,1.0,0.04543550803308018,1,0,2009.8,2099.8025000000002,31.548656258637948,-31.548656258637948,-0.015014956778362527,-0.015128822471895488
FR--IN,FR,IN,6600.894573294016,10,6582.2,6585.0,6583.625,6584.428571428572,5.391351098441527,29.066666666666663,6568.0,6585.0,6581.0,6585.0,4.0,0.0,0.000819080413606625,1,0,6578.3,6584.5,18.694573294015754,-18.694573294015754,-0.002832127234640362,-0.0028361452952092884
FR--IT,FR,IT,1108.1927290162205,10,1106.0,1106.0,1106.25,1105.9260857191791,2.8284271247461903,8.000000000000002,1100.0,1110.0,1105.0,1106.75,1.75,1.0,0.00255734821405623,3,0,1104.2,1107.5,2.1927290162204827,-2.1927290162204827,-0.0019786531338885803,-0.0019806132540260398
FR--JP,FR,JP,9737.965704971102,10,9713.4,9714.5,9713.5,9714.166666666684,1.8973665961010275,3.5999999999999996,9711.0,9715.0,9711.25,9715.0,3.75,0.5,0.00019533495955082952,0,0,9712.2,9714.5,24.565704971102605,-24.565704971102605,-0.0025226731861010907,-0.00252586048757808
FR--KE,FR,KE,6470.452307387349,10,6480.5,6480.0,6480.0,6480.111111111111,1.5811388300841898,2.5000000000000004,6480.0,6485.0,6480.0,6480.0,0.0,0.0,0.00024398407994509524,1,0,6480.0,6481.5,10.04769261265119,10.04769261265119,0.0015528578429022167,0.0015516534058805666
FR--KR,FR,KR,8989.261845586849,10,8965.7,8966.0,8965.75,8965.7,0.48304589153964794,0.23333333333333334,8965.0,8966.0,8965.25,8966.0,0.75,0.0,5.3877097330899755e-05,0,0,8965.4,8966.0,23.561845586847994,-23.561845586847994,-0.002621110163613195,-0.002624551287216057
FR--MA,FR,MA,1814.6775669616386,10,1815.2,1814.0,1814.75,1814.2499999978606,2.5298221281347035,6.4,1814.0,1820.0,1814.0,1814.0,0.0,0.0,0.001393687818496421,2,0,1814.0,1817.0,0.5224330383614415,0.5224330383614415,0.00028789303834078064,0.00028785160509203447
FR--MX,FR,MX,9207.427444723564,10,9201.0,9200.0,9200.0,9200.111111111111,3.1622776601683795,10.000000000000002,9200.0,9210.0,9200.0,9200.0,0.0,0.0,0.00034368847518404297,1,0,9200.0,9203.0,6.4274447235638945,-6.4274447235638945,-0.0006980717211350088,-0.0006983154866494082
FR--MY,FR,MY,10429.064210826338,10,10409.7,10410.0,10410.25,10410.296519993673,3.8887301554906353,15.12222222222222,10400.0,10415.0,10410.0,10411.5,1.5,1.0,0.0003735679371634759,2,0,10407.2,10411.7,19.364210826337512,-19.364210826337512,-0.0018567543966442992,-0.001858480301807964
FR--NG,FR,NG,4437.067941067861,10,4469.8,4472.5,4471.0,4471.298471428615,10.075272259900032,101.5111111111111,4450.0,4480.0,4462.5,4477.25,14.75,6.5,0.0022540767506152473,0,0,4463.5,4475.1,32.7320589321389,32.7320589321389,0.0073769568929028684,0.007349880227126768
FR--NL,FR,NL,428.39172758992953,10,430.0,430.0,430.0,430.0,0.0,0.0,430.0,430.0,430.0,430.0,0.0,0.0,0.0,0,0,430.0,430.0,1.6082724100704695,1.6082724100704695,0.0037542097722530255,0.0037471803146251364
FR--NO,FR,NO,1343.5166138500856,10,1342.9,1343.0,1343.0,1343.0,0.8755950357709132,0.7666666666666668,1341.0,1344.0,1343.0,1343.0,0.0,0.0,0.000652018047338531,4,0,1342.3,1343.3,0.6166138500855141,-0.6166138500855141,-0.0004589551358940754,-0.00045906048803833247
FR--NZ,FR,NZ,18980.580816307895,10,18989.4,18984.5,18980.5,18981.680142857276,42.66458328246822,1820.2666666666669,18950.0,19100.0,18970.0,18996.25,26.25,15.0,0.0022467578376603905,1,0,18969.295,19015.5075,8.81918369210689,8.81918369210689,0.00046464245627981783,0.00046453454339963893
FR--PE,FR,PE,10245.869499110875,10,10260.5,10260.0,10260.0,10260.111111111111,1.5811388300841898,2.5000000000000004,10260.0,10265.0,10260.0,10260.0,0.0,0.0,0.00015409958872220552,1,0,10260.0,10261.5,14.63050088912496,14.63050088912496,0.001427941366068988,0.001426922827290288
FR--PH,FR,PH,10757.705538010932,10,10738.4,10740.0,10738.75,10739.571428573772,2.590581230363393,6.711111111111111,10734.0,10740.0,10736.25,10740.0,3.75,0.0,0.00024124462027521728,0,0,10736.7,10739.5,19.30553801093265,-19.30553801093265,-0.001794577658099962,-0.0017961898416665885
FR--PK,FR,PK,5940.239053946842,10,5909.0,5910.0,5909.125,5910.0058000000045,2.8284271247461903,8.000000000000002,5905.0,5912.0,5906.25,5911.0,4.75,1.0,0.0004786642620995414,0,0,5907.2,5910.5025,31.239053946842432,-31.239053946842432,-0.005258888348287335,-0.005272764973412621
FR--PL,FR,PL,1370.8305434249735,10,1367.3,1367.0,1367.25,1367.3,0.48304589153964794,0.23333333333333334,1367.0,1368.0,1367.0,1367.75,0.75,0.0,0.0003532844961161764,0,0,1367.0,1367.6,3.53054342497353,-3.53054342497353,-0.002575477648865765,-0.0025787998969020133
FR--PT,FR,PT,1453.915618536448,10,1452.4,1453.0,1452.625,1452.75,1.2649110640673518,1.6,1450.0,1453.0,1453.0,1453.0,0.0,0.0,0.0008709109501978461,2,0,1451.5,1453.0,1.515618536447846,-1.515618536447846,-0.0010424391327286998,-0.0010429828502959344
FR--RU,FR,RU,2494.0210488381886,10,2485.8,2486.0,2485.875,2485.8,0.4216370213557839,0.17777777777777778,2485.0,2486.0,2486.0,2486.0,0.0,0.0,0.0001696182401463448,2,0,2485.5,2486.0,8.22104883818838,-8.22104883818838,-0.0032963029089181357,-0.003301747683729008
FR--SA,FR,SA,4695.389253154605,10,4672.8,4675.0,4674.125,4674.5,4.756282395129858,22.62222222222222,4660.0,4675.0,4674.0,4675.0,1.0,0.0,0.0010178656041623562,2,0,4669.797500000001,4674.9,22.589253154605103,-22.589253154605103,-0.004810943659128681,-0.004822553499733918
FR--SE,FR,SE,1549.2891494547255,10,1544.0,1544.0,1544.0,1544.0,0.0,0.0,1544.0,1544.0,1544.0,1544.0,0.0,0.0,0.0,0,0,1544.0,1544.0,5.289149454725475,-5.289149454725475,-0.003413920155954748,-0.003419760878332335
FR--SG,FR,SG,10742.404770656647,10,10737.5,10737.5,10737.5,10737.5,2.6352313834736494,6.944444444444444,10735.0,10740.0,10735.0,10740.0,5.0,2.5,0.0002454231789032502,0,0,10736.0,10739.0,4.904770656647088,-4.904770656647088,-0.0004565803245512295,-0.00045668458908555156
FR--SN,FR,SN,4197.9762876720815,10,4200.0,4200.0,4200.0,4200.0,0.0,0.0,4200.0,4200.0,4200.0,4200.0,0.0,0.0,0.0,0,0,4200.0,4200.0,2.0237123279184743,2.0237123279184743,0.0004820685466617275,0.00048195238894908714
FR--TH,FR,TH,9456.38937182292,10,9440.3,9440.0,9440.0,9440.111111111111,0.9486832980505138,0.8999999999999999,9440.0,9443.0,9440.0,9440.0,0.0,0.0,0.00010049291845073926,1,0,9440.0,9440.9,16.08937182291993,-16.08937182291993,-0.0017014286521302964,-0.0017028777257562947
FR--TR,FR,TR,2605.2100576102166,10,2598.0,2598.0,2598.0,2598.0,0.0,0.0,2598.0,2598.0,2598.0,2598.0,0.0,0.0,0.0,0,0,2598.0,2598.0,7.210057610216609,-7.210057610216609,-0.002767553268556955,-0.00277139002469043
FR--TZ,FR,TZ,6910.826312650359,10,6864.6,6893.0,6872.0,6889.725433332856,80.05164999340529,6408.2666666666655,6715.0,6955.0,6845.0,6911.25,66.25,24.5,0.011661517057571496,2,0,6817.1,6907.33,46.22631265035852,-46.22631265035852,-0.006688970400795726,-0.006711441826498377
FR--UA,FR,UA,2030.3165458301612,10,2023.6,2024.0,2023.75,2023.6666666683223,0.6992058987801011,0.488888888888889,2022.0,2024.0,2023.25,2024.0,0.75,0.0,0.0003455257455920642,1,0,2023.2,2024.0,6.716545830161294,-6.716545830161294,-0.003308127416858052,-0.003313611368107495
FR--US,FR,US,6177.576314828088,10,6167.8,6170.0,6168.25,6169.333333333333,3.190262963734773,10.177777777777777,6162.0,6170.0,6165.0,6170.0,5.0,0.0,0.0005172448788441215,0,0,6165.8,6169.4,9.77631482808738,-9.77631482808738,-0.0015825486128955154,-0.001583802165664978
FR--VN,FR,VN,9212.23431863868,10,9192.0,9190.0,9190.0,9190.111111111111,6.324555320336759,40.00000000000001,9190.0,9210.0,9190.0,9190.0,0.0,0.0,0.0006880499695753655,1,0,9190.0,9196.0,20.234318638680634,-20.234318638680634,-0.0021964615682583634,-0.0021988773280326966
FR--ZA,FR,ZA,8652.154951764032,10,8693.4,8692.5,8694.25,8693.982855555558,6.752777206453652,45.599999999999994,8680.0,8700.0,8690.0,8700.0,10.0,5.5,0.0007767705623178103,0,0,8689.0,8697.0,41.24504823596726,41.24504823596726,0.004767026072222397,0.004755699784312663
GB--GH,GB,GH,5094.01108636096,10,5100.0,5100.0,5100.0,5100.0,0.0,0.0,5100.0,5100.0,5100.0,5100.0,0.0,0.0,0.0,0,0,5100.0,5100.0,5.98891363904022,5.98891363904022,0.0011756773861516185,0.001174986818696752
GB--GR,GB,GR,2394.3235623248843,10,2391.0,2391.0,2391.0,2391.0,0.0,0.0,2391.0,2391.0,2391.0,2391.0,0.0,0.0,0.0,0,0,2391.0,2391.0,3.3235623248842785,-3.3235623248842785,-0.0013881007467750537,-0.0013890650510876804
GB--IN,GB,IN,6724.002102971842,10,6710.0,6710.0,6710.0,6710.0,0.0,0.0,6710.0,6710.0,6710.0,6710.0,0.0,0.0,0.0,0,0,6710.0,6710.0,14.00210297184185,-14.00210297184185,-0.0020824060964605095,-0.0020845773188038603
GB--IT,GB,IT,1434.2026285343118,10,1434.4,1434.5,1434.5,1434.4444444444443,0.6992058987801011,0.488888888888889,1433.0,1435.0,1434.0,1435.0,1.0,0.5,0.0004874553114752517,0,0,1434.0,1434.8,0.1973714656883203,0.1973714656883203,0.00013761755958432788,0.00013760809115673147
GB--JP,GB,JP,9584.855356731166,10,9560.0,9560.0,9560.0,9560.0,0.0,0.0,9560.0,9560.0,9560.0,9560.0,0.0,0.0,0.0,0,0,9560.0,9560.0,24.855356731166466,-24.855356731166466,-0.00259319059141683,-0.0025965587342227413
GB--KE,GB,KE,6804.487905463708,10,6820.4,6819.0,6820.0,6819.5,2.4585451886114367,6.044444444444444,6819.0,6825.0,6819.0,6820.0,1.0,0.0,0.00036046935496619504,2,0,6819.1,6822.1,15.912094536291988,15.912094536291988,0.002338470544346955,0.002335740577240377
GB--KR,GB,KR,8880.920559408663,10,8858.2,8858.0,8858.0,8858.111111111111,0.6324555320336759,0.4,8858.0,8860.0,8858.0,8858.0,0.0,0.0,7.139774807903139e-05,1,0,8858.0,8858.6,22.720559408662666,-22.720559408662666,-0.0025583563389261436,-0.002561634524876741
GB--MA,GB,MA,2015.6973939359636,10,2049.3,2042.5,2050.125,2049.8543285716264,21.597582169204856,466.4555555555555,2012.0,2080.0,2040.0,2067.75,27.75,15.5,0.01053900462070212,0,0,2036.8,2061.4075000000003,33.602606064036536,33.602606064036536,0.016670461630365164,0.01653303469542278
GB--MX,GB,MX,8941.67963886513,10,8929.2,8929.0,8929.125,8929.2,0.4216370213557839,0.17777777777777778,8929.0,8930.0,8929.0,8929.0,0.0,0.0,4.722002210229179e-05,2,0,8929.0,8929.5,12.479638865128436,-12.479638865128436,-0.0013956705416827415,-0.0013966453969700087
GB--MY,GB,MY,10548.649921719485,10,10590.9,10594.0,10593.75,10593.666666666666,9.109823757290197,82.98888888888888,10565.0,10594.0,10593.25,10594.0,0.75,0.0,0.0008601557712083201,1,0,10585.1,10593.9,42.25007828051457,42.25007828051457,0.004005259307498905,0.003997259609899837
GB--NG,GB,NG,4755.038491838242,10,4887.6,4905.0,4892.625,4901.666666666539,59.87616851098236,3585.1555555555556,4775.0,4960.0,4880.75,4914.25,33.5,20.0,0.012250627815488656,2,0,4853.8975,4920.202499999999,132.56150816175796,132.56150816175796,0.027878114633413036,0.02749659447182571
GB--NL,GB,NL,358.8427946807068,10,357.4,357.0,357.375,357.4,0.5163977794943223,0.2666666666666667,357.0,358.0,357.0,358.0,1.0,0.0,0.0014448734736830508,0,0,357.1,357.7,1.442794680706811,-1.442794680706811,-0.0040206873374469985,-0.004028792032370437
GB--NO,GB,NO,1156.4942725896335,10,1153.0,1153.0,1153.0,1153.0,0.0,0.0,1153.0,1153.0,1153.0,1153.0,0.0,0.0,0.0,0,0,1153.0,1153.0,3.4942725896335105,-3.4942725896335105,-0.0030214352742180908,-0.0030260090249608356
GB--NZ,GB,NZ,18806.422712162086,10,18813.6,18816.0,18814.5,18816.0,7.351492667781452,54.044444444444444,18800.0,18820.0,18816.0,18816.0,0.0,0.0,0.00039075417080098717,4,0,18808.8,18817.2,7.177287837912445,7.177287837912445,0.00038164024853439585,0.00038156744241796606
GB--PE,GB,PE,10161.714666151413,10,10174.7,10181.0,10177.0,10179.289149999935,18.78563280807969,352.90000000000003,10141.0,10190.0,10170.0,10189.75,19.75,9.0,0.0018463082752395341,0,0,10163.695000000002,10184.807499999999,12.985333848588198,12.985333848588198,0.0012778683790288107,0.0012770526001299012
GB--PH,GB,PH,10748.092828515446,10,10738.5,10740.0,10738.75,10739.57142857143,2.41522945769824,5.833333333333334,10735.0,10740.0,10736.25,10740.0,3.75,0.0,0.00022491311241777155,0,0,10737.0,10740.0,9.592828515445945,-9.592828515445945,-0.0008925144831272294,-0.0008929130113242821
GB--PK,GB,PK,6053.923906825333,10,6049.3,6050.0,6049.625,6050.0,2.057506581601462,4.233333333333334,6045.0,6051.0,6050.0,6050.0,0.0,0.0,0.00034012308558039147,4,0,6048.0,6050.4,4.623906825332597,-4.623906825332597,-0.0007637867433582206,-0.0007640785770614663
GB--PL,GB,PL,1451.4527915116341,10,1450.0,1450.0,1450.0,1450.0,0.0,0.0,1450.0,1450.0,1450.0,1450.0,0.0,0.0,0.0,0,0,1450.0,1450.0,1.452791511634132,-1.452791511634132,-0.001000922331150091,-0.0010014235884142602
GB--PT,GB,PT,1584.9632431063264,10,1585.1,1585.0,1585.0,1585.1,0.31622776601683794,0.1,1585.0,1586.0,1585.0,1585.0,0.0,0.0,0.00019950019936713012,1,0,1585.0,1585.3,0.13675689367346422,0.13675689367346422,8.628395280980655e-05,8.628023056359596e-05
GB--RU,GB,RU,2508.045616571664,10,2500.2,2500.0,2500.125,2500.2,0.4216370213557839,0.17777777777777778,2500.0,2501.0,2500.0,2500.0,0.0,0.0,0.0001686413172369346,2,0,2500.0,2500.5,7.845616571664323,-7.845616571664323,-0.003128179375935264,-0.0031330823566445816
GB--SA,GB,SA,4954.835444629185,10,4929.3,4930.0,4930.0,4929.2999999997255,16.68032773459003,278.23333333333335,4908.0,4945.0,4915.0,4945.0,30.0,15.0,0.0033839140921814517,0,0,4919.6,4939.0,25.535444629184894,-25.535444629184894,-0.005153641309493769,-0.005166967122892762
GB--SE,GB,SE,1439.0693652990349,10,1432.9,1433.0,1433.0,1432.9,0.31622776601683794,0.1,1432.0,1433.0,1433.0,1433.0,0.0,0.0,0.00022069074325970961,1,0,1432.7,1433.0,6.16936529903478,-6.16936529903478,-0.004287052068371146,-0.004296267824471676
GB--SG,GB,SG,10859.201604289969,10,10851.9,10852.0,10851.625,10851.839133333335,3.634709219609062,13.211111111111117,10846.0,10860.0,10850.25,10853.0,2.75,1.0,0.0003349375887733081,2,0,10849.8,10854.0,7.301604289968964,-7.301604289968964,-0.0006723886852864429,-0.0006726148399400267
GB--SN,GB,SN,4365.305947198292,10,4382.7,4385.0,4384.625,4383.833333333516,14.150382798120104,200.23333333333335,4350.0,4400.0,4380.0,4387.25,7.25,5.0,0.003228690715339883,3,0,4373.4975,4389.8025,17.394052801707403,17.394052801707403,0.003984612536234974,0.003976694992962245
GB--TH,GB,TH,9543.363933383182,10,9534.7,9536.5,9534.875,9536.005800000003,3.3349995835415367,11.122222222222224,9530.0,9538.0,9531.25,9537.0,5.75,1.0,0.00034977498857242874,0,0,9532.6,9536.5,8.663933383180847,-8.663933383180847,-0.0009078489978647842,-0.0009082613423494829
GB--TR,GB,TR,2839.1944811374397,10,2827.7,2830.0,2827.75,2827.9829285713777,9.214119599831555,84.90000000000002,2815.0,2840.0,2820.25,2835.0,14.75,7.5,0.0032585209180010454,0,0,2822.2975,2833.1025,11.494481137439834,-11.494481137439834,-0.004048500803240118,-0.004056718168789819
GB--TZ,GB,TZ,7248.407455210976,10,7447.6,7468.5,7461.625,7464.673425000691,64.15986976988722,4116.488888888888,7288.0,7495.0,7441.25,7489.25,48.0,25.5,0.008614838306284872,1,0,7407.867499999999,7479.215,199.1925447890244,199.1925447890244,0.027480870249067226,0.02711004945247492
GB--UA,GB,UA,2139.351912362843,10,2134.0,2134.0,2134.0,2134.0,0.0,0.0,2134.0,2134.0,2134.0,2134.0,0.0,0.0,0.0,0,0,2134.0,2134.0,5.351912362842995,-5.351912362842995,-0.0025016512392914293,-0.0025047855972244785
GB--US,GB,US,5912.468929291367,10,5900.1,5900.0,5900.0,5900.1,0.31622776601683794,0.1,5900.0,5901.0,5900.0,5900.0,0.0,0.0,5.3597018019497626e-05,1,0,5900.0,5900.3,12.36892929136684,-12.36892929136684,-0.002092007491166521,-0.0020941987955215772
GB--VN,GB,VN,9249.152997948202,10,9229.8,9232.0,9230.375,9231.697214285708,5.827139568909908,33.955555555555556,9220.0,9235.0,9225.0,9234.0,9.0,2.5,0.0006313397439716905,0,0,9226.1975,9233.0,19.352997948202756,-19.352997948202756,-0.0020924075915379446,-0.0020945997347410253
GB--ZA,GB,ZA,8991.386014264714,10,9027.5,9027.5,9027.5,9027.5,10.865337342004414,118.05555555555556,9010.0,9045.0,9021.25,9033.75,12.5,7.5,0.001203582092717188,0,0,9021.4875,9034.0,36.113985735286406,36.113985735286406,0.004016509321031491,0.004008464681188034
GH--GR,GH,GR,4333.583803793776,10,3873.8,3865.0,3871.0,3867.1666666666733,49.47457259374085,2447.7333333333336,3810.0,3960.0,3842.5,3893.25,50.75,27.5,0.012771586709107555,0,0,3845.9875,3904.105,459.7838037937754,-459.7838037937754,-0.10609782217463155,-0.1121589305725057
GH--IN,GH,IN,8492.768279138134,10,8305.1,8335.0,8313.25,8321.408799995606,103.26390140476649,10663.433333333334,8120.0,8425.0,8251.25,8362.75,111.5,60.0,0.012433793862177033,0,0,8246.5975,8364.1025,187.66827913813358,-187.66827913813358,-0.0220974213554286,-0.022345226746869486
GH--IT,GH,IT,4218.672595049595,10,4090.0,4085.0,4087.75,4085.3333333333153,11.440668201153676,130.88888888888889,4080.0,4118.0,4085.0,4088.75,3.75,0.0,0.0027972293890351284,2,0,4084.5,4097.6,128.67259504959475,-128.67259504959475,-0.030500730300944832,-0.030975557575572753
GH--JP,GH,JP,13827.443948540278,10,14122.1,14125.5,14145.125,14145.124999998476,158.85594452557044,25235.21111111111,13750.0,14310.0,14077.5,14240.0,162.5,90.0,0.011248748027954088,1,0,14026.0525,14210.0,294.6560514597222,294.6560514597222,0.021309509737034816,0.021085636962692285
GH--KE,GH,KE,4185.899181902206,10,4466.1,4570.0,4484.625,4569.800000002395,170.29415726912066,29000.100000000002,4204.0,4580.0,4330.0,4570.0,240.0,0.5,0.0381303950357405,0,0,4361.1975,4571.0025,280.2008180977946,280.2008180977946,0.06693921805600259,0.0647940054261833
GH--KR,GH,KR,12769.069776916134,10,12440.8,12445.0,12436.0,12435.489071429753,69.96792916123152,4895.511111111113,12340.0,12580.0,12390.75,12465.0,74.25,47.5,0.005624069928077899,1,0,12401.067500000001,12480.4025,328.269776916135,-328.269776916135,-0.025708198220482717,-0.026044429058667426
GH--MA,GH,MA,3225.75627215081,10,3143.6,3133.0,3140.75,3133.9651999999555,20.19460874149886,407.8222222222222,3130.0,3180.0,3130.0,3147.5,17.5,3.0,0.006424038917641831,2,0,3133.2,3156.2,82.15627215081031,-82.15627215081031,-0.025468840550694077,-0.02579878573882341
GH--MX,GH,MX,10742.674108313797,10,9677.6,9688.0,9688.875,9688.875000000016,63.653925426655526,4051.822222222223,9522.0,9743.0,9657.5,9721.25,63.75,35.0,0.0065774495150301236,1,0,9633.3825,9710.0,1065.0741083137964,-1065.0741083137964,-0.09914422587664011,-0.10441010730189541
GH--MY,GH,MY,11302.266760638768,10,11030.9,11051.5,11042.375,11039.713400000095,191.27551391179745,36586.32222222222,10725.0,11245.0,10892.5,11206.25,313.75,164.0,0.017339973520909213,0,0,10919.3925,11136.5,271.366760638768,-271.366760638768,-0.024009941225580422,-0.02430287830286613
GH--NG,GH,NG,940.6043456313404,10,915.0,915.0,915.25,915.3965857143091,2.4037008503093262,5.777777777777778,910.0,918.0,915.0,916.75,1.75,1.5,0.002626995464818936,2,0,913.4,916.3025,25.60434563134038,-25.60434563134038,-0.02722116451009437,-0.027598524287841635
GH--NL,GH,NL,5209.997387819868,10,5220.9,5222.0,5221.125,5222.999999999979,12.251530516633421,150.1,5200.0,5240.0,5220.25,5227.25,7.0,4.5,0.002346631905731468,3,0,5212.8975,5228.2,10.902612180131655,10.902612180131655,0.0020926329455788597,0.0020904464390953457
GH--NO,GH,NO,6102.669610187801,10,6003.2,6050.0,6040.25,6052.193125005145,197.27071078427568,38915.73333333334,5540.0,6170.0,5982.5,6138.75,156.25,87.5,0.03286092597019517,1,0,5889.8675,6104.305,99.46961018780075,-99.46961018780075,-0.01629936020487593,-0.016433656067047785
GH--NZ,GH,NZ,16013.257226333824,10,18954.0,18965.0,18961.25,18968.33333333173,132.5560678019347,17571.111111111106,18725.0,19125.0,18922.5,19030.0,107.5,62.5,0.006993566941117162,2,0,18877.425,19026.525,2940.7427736661757,2940.7427736661757,0.18364426000914544,0.16859803524248793
GH--PE,GH,PE,8721.901447825489,10,8231.0,8245.0,8238.75,8237.942500001762,94.23257280674117,8879.777777777776,8015.0,8385.0,8203.75,8259.75,56.0,37.5,0.01144849627101703,2,0,8171.797500000001,8281.2,490.9014478254885,-490.9014478254885,-0.056283764585287555,-0.05792975610292966
GH--PH,GH,PH,13172.528062047224,10,13170.5,13216.0,13155.0,13159.889833354082,292.5216991001598,85568.94444444444,12795.0,13670.0,12937.25,13332.5,395.25,272.5,0.02221037159562354,0,0,13002.067500000001,13341.31,2.0280620472240116,-2.0280620472240116,-0.00015396148997907832,-0.00015397334326588461
GH--PK,GH,PK,8135.24807147375,10,7350.5,7420.0,7360.0,7387.217666653492,179.43507027458273,32196.94444444444,7055.0,7570.0,7198.75,7468.75,270.0,95.0,0.024411274100344566,0,0,7242.0,7453.0125,784.7480714737503,-784.7480714737503,-0.09646270950549986,-0.10143789642636848
GH--PL,GH,PL,5532.277420091532,10,5304.0,5310.0,5306.875,5308.2394714274305,71.64108070405167,5132.444444444445,5150.0,5435.0,5286.25,5331.75,45.5,24.5,0.013506991082966002,2,0,5260.995,5346.51,228.2774200915319,-228.2774200915319,-0.041262829528848,-0.04213830790660384
GH--PT,GH,PT,3782.929500075035,10,3805.1,3810.0,3807.0,3808.103633333331,10.535126429658492,110.98888888888888,3780.0,3815.0,3803.0,3810.0,7.0,3.5,0.002768685824198705,1,0,3798.2,3810.2025,22.170499924965043,22.170499924965043,0.005860669601303775,0.005843562683336996
GH--RU,GH,RU,6496.545506137951,10,6145.5,6117.5,6138.125,6132.76700000152,100.69673943744819,10139.833333333332,6020.0,6330.0,6085.5,6203.0,117.5,65.0,0.01638544291553953,0,0,6093.09,6205.8075,351.0455061379507,-351.0455061379507,-0.054035718799519246,-0.055550468359293045
GH--SA,GH,SA,5439.21139413924,10,5300.3,5277.5,5298.75,5290.590000246121,98.1767680145246,9638.67777777778,5143.0,5470.0,5238.75,5346.25,107.5,50.0,0.018522870028965265,0,0,5243.1849999999995,5357.805,138.91139413923975,-138.91139413923975,-0.025538884973089485,-0.025870663317142106
GH--SE,GH,SE,6169.917069641088,10,6069.5,6090.0,6078.125,6078.124999999999,84.53960281693098,7146.944444444444,5900.0,6170.0,6017.5,6126.25,108.75,60.0,0.013928594252727734,0,0,6013.5,6112.0125,100.41706964108835,-100.41706964108835,-0.016275270559986593,-0.01640916757028729
GH--SG,GH,SG,11563.025739001863,10,11323.7,11360.0,11328.375,11346.089299794223,74.5148009160298,5552.455555555555,11210.0,11400.0,11254.25,11385.0,130.75,32.5,0.006580428739372272,0,0,11280.695000000002,11365.7075,239.32573900186253,-239.32573900186253,-0.020697501190767173,-0.02091469663071267
GH--SN,GH,SN,2143.667997107388,10,2287.5,2299.0,2294.625,2304.5000000061573,95.50712597032282,9121.611111111111,2118.0,2400.0,2287.5,2329.25,41.75,25.5,0.04175174905806462,4,0,2230.8,2337.605,143.83200289261185,143.83200289261185,0.06709621223374848,0.06494113904524194
GH--TH,GH,TH,11025.064322158887,10,11048.0,11027.5,11018.75,11014.999999995294,169.24997948465327,28645.55555555555,10870.0,11460.0,10950.0,11078.75,128.75,77.5,0.015319512987387153,1,0,10963.0,11151.5375,22.93567784111292,22.93567784111292,0.002080321453999621,0.002078160581677475
GH--TR,GH,TR,5045.437421948046,10,4886.1,4892.5,4887.25,4891.0522000003575,27.359540282037717,748.5444444444445,4833.0,4930.0,4870.0,4900.75,30.75,9.0,0.0055994638427452805,0,0,4869.2,4901.3,159.33742194804563,-159.33742194804563,-0.03158049711505992,-0.03208991483463636
GH--TZ,GH,TZ,4202.317885708757,10,4443.0,4432.5,4446.875,4453.333333339692,186.2023988388263,34671.33333333334,4150.0,4705.0,4360.75,4550.0,189.25,117.5,0.041909160215806054,0,0,4339.475,4548.902499999999,240.68211429124312,240.68211429124312,0.0572736572618066,0.055693573343154716
GH--UA,GH,UA,5740.228417956023,10,5448.6,5425.0,5442.625,5427.378966666181,61.1231907253249,3736.0444444444443,5370.0,5575.0,5420.5,5453.25,32.75,6.5,0.011218146078868865,3,0,5417.297500000001,5487.902499999999,291.62841795602253,-291.62841795602253,-0.05080432288091166,-0.05214030866700493
GH--US,GH,US,8483.047455588956,10,8277.5,8254.0,8266.25,8256.654299999545,64.14956482055563,4115.166666666668,8230.0,8415.0,8235.0,8278.75,43.75,22.0,0.0077498719203329056,2,0,8246.6975,8319.8025,205.54745558895593,-205.54745558895593,-0.024230379078397517,-0.024528764569549083
GH--VN,GH,VN,11449.241972047112,10,11350.5,11352.5,11352.5,11362.500000000302,135.24566125716896,18291.388888888894,11140.0,11545.0,11291.25,11443.75,152.5,85.0,0.011915392384227036,0,0,11264.5,11429.0125,98.74197204711163,-98.74197204711163,-0.008624323976048929,-0.008661728673500865
GH--ZA,GH,ZA,4626.9652891296655,10,4687.8,4686.0,4686.5,4686.581371448109,9.016035098028894,81.28888888888889,4676.0,4710.0,4685.0,4690.0,5.0,4.0,0.0019232977298581197,2,0,4683.2,4693.8025,60.834710870334675,60.834710870334675,0.013147864111549822,0.01306218116091263
GR--IN,GR,IN,5018.539102191491,10,4792.7,4800.5,4799.5,4802.999999999931,108.24565682844842,11717.122222222222,4540.0,4991.0,4800.0,4811.25,11.25,8.0,0.02258552732873921,3,0,4722.097500000001,4855.5625,225.8391021914913,-225.8391021914913,-0.04500096494074781,-0.04604494891107726
GR--IT,GR,IT,1053.9826873522736,10,1050.5,1050.5,1050.5,1050.5,0.5270462766947299,0.2777777777777778,1050.0,1051.0,1050.0,1051.0,1.0,0.5,0.000501709925459048,0,0,1050.2,1050.8,3.482687352273615,-3.482687352273615,-0.0033043117254824444,-0.003309783019370329
GR--JP,GR,JP,9529.986913901954,10,9500.0,9500.0,9500.0,9500.0,0.0,0.0,9500.0,9500.0,9500.0,9500.0,0.0,0.0,0.0,0,0,9500.0,9500.0,29.986913901953812,-29.986913901953812,-0.0031465850029877935,-0.0031515459109240306
GR--KE,GR,KE,4550.99704740833,10,4081.1,4024.0,4058.0,4051.301375009877,183.77731089555098,33774.1,3883.0,4464.0,3952.5,4152.5,200.0,117.5,0.0450313177563772,1,0,3985.9625,4195.6050000000005,469.8970474083303,-469.8970474083303,-0.1032514507290054,-0.1089797803340929
GR--KR,GR,KR,8536.453653913031,10,8496.2,8492.5,8495.25,8494.361566666701,14.03012631605448,196.84444444444443,8480.0,8520.0,8486.25,8506.75,20.5,9.5,0.001651341342724333,0,0,8488.797499999999,8505.0025,40.253653913030575,-40.253653913030575,-0.004715500785806841,-0.004726653834924362
GR--MA,GR,MA,2777.965823972774,10,2851.5,2860.0,2852.125,2856.0178600233203,15.152924176907607,229.6111111111111,2830.0,2868.0,2836.0,2863.0,27.0,6.5,0.005314018648748942,0,0,2842.1974999999998,2860.2,73.53417602722584,73.53417602722584,0.02647051140537952,0.026126229743589958
GR--MX,GR,MX,11298.129151635198,10,10780.5,10789.5,10781.875,10784.907419941137,31.4580849879822,989.6111111111111,10725.0,10825.0,10761.25,10798.25,37.0,16.5,0.0029180543562898013,0,0,10761.19,10797.9025,517.6291516351976,-517.6291516351976,-0.045815474817817975,-0.04689820361476198
GR--MY,GR,MY,8741.0759144703,10,8352.9,8362.0,8352.0,8352.437014060151,59.03567659569179,3485.211111111111,8265.0,8448.0,8314.75,8380.75,66.0,46.5,0.007067686264134826,0,0,8315.3725,8390.0225,388.175914470301,-388.175914470301,-0.04440825343110225,-0.04542450047768277
GR--NG,GR,NG,3590.1434415502863,10,3437.1,3442.5,3435.375,3439.7382800004484,36.27196652451526,1315.6555555555553,3378.0,3510.0,3417.75,3446.5,28.75,11.0,0.010553072801057653,1,0,3417.7975,3457.4,153.0434415502864,-153.0434415502864,-0.04262878184170813,-0.043564064980009934
GR--NL,GR,NL,2163.5846088708995,10,2179.2,2183.0,2180.75,2183.129350000002,9.077444574328174,82.4,2162.0,2184.0,2183.0,2184.0,1.0,1.0,0.0041654940227276865,2,0,2174.7,2183.6,15.615391129100317,15.615391129100317,0.007217370222119233,0.007191449649844153
GR--NO,GR,NO,2606.9423466880603,10,2613.0,2613.0,2613.0,2612.857142859486,1.247219128924647,1.5555555555555554,2611.0,2615.0,2612.25,2613.0,0.75,0.5,0.00047731309947364985,3,0,2612.3,2613.7025,6.057653311939703,6.057653311939703,0.002323662170602097,0.0023209666425175173
GR--NZ,GR,NZ,17522.839563811503,10,17724.1,17682.0,17733.875,17729.673666663723,127.66923409080724,16299.433333333336,17490.0,17880.0,17672.5,17850.25,177.75,85.0,0.007203143408737665,0,0,17647.587499999998,17793.9075,201.26043618849508,201.26043618849508,0.011485606282907589,0.01142014745314194
GR--PE,GR,PE,11767.93414146203,10,11158.3,11167.0,11165.125,11166.16850000007,29.443165590676557,866.9,11082.0,11180.0,11156.25,11175.0,18.75,10.0,0.0026386784358438616,1,0,11139.1,11171.9,609.634141462031,-609.634141462031,-0.051804686713371684,-0.0531947712740372
GR--PH,GR,PH,9644.711437844597,10,9578.2,9599.0,9584.0,9592.79426666664,53.48686235370742,2860.8444444444444,9480.0,9630.0,9564.0,9614.5,50.5,22.0,0.005584229015233282,1,0,9545.2825,9607.9,66.511437844596,-66.511437844596,-0.00689615633119035,-0.006920044705921089
GR--PK,GR,PK,4438.915175919046,10,4100.7,4031.0,4078.0,4055.587899790509,157.65014007817012,24853.566666666662,3965.0,4418.0,4003.75,4131.5,127.75,66.0,0.03844468995005002,2,0,4017.065,4191.2699999999995,338.2151759190465,-338.2151759190465,-0.07619320543763745,-0.07925232599821522
GR--PL,GR,PL,1599.730736035073,10,1598.0,1598.0,1598.0,1598.0,0.0,0.0,1598.0,1598.0,1598.0,1598.0,0.0,0.0,0.0,0,0,1598.0,1598.0,1.7307360350730505,-1.7307360350730505,-0.0010818920935173589,-0.0010824777612260122
GR--PT,GR,PT,2859.446251097273,10,2853.0,2854.0,2853.125,2853.6503142808397,2.160246899469287,4.666666666666668,2850.0,2855.0,2850.75,2854.75,4.0,1.0,0.0007571843320957893,0,0,2851.7,2854.2,6.446251097273034,-6.446251097273034,-0.0022543704379123664,-0.002256915356460157
GR--RU,GR,RU,2231.411035554138,10,2230.2,2230.0,2230.0,2230.1111111111113,0.6324555320336759,0.4,2230.0,2232.0,2230.0,2230.0,0.0,0.0,0.00028358691239963946,1,0,2230.0,2230.6,1.2110355541381068,-1.2110355541381068,-0.0005427218629118969,-0.0005428691897295751
GR--SA,GR,SA,2633.348280356521,10,2496.3,2484.0,2501.625,2496.300000001895,147.96249524795127,21892.9,2280.0,2670.0,2417.25,2633.0,215.75,148.0,0.05927272172733696,0,0,2403.6924999999997,2583.4225,137.048280356521,-137.048280356521,-0.05204335536580312,-0.05344651128115522
GR--SE,GR,SE,2410.026741429502,10,2625.0,2625.0,2625.0,2625.0,0.0,0.0,2625.0,2625.0,2625.0,2625.0,0.0,0.0,0.0,0,0,2625.0,2625.0,214.97325857049782,214.97325857049782,0.08919953246783764,0.08544305257374482
GR--SG,GR,SG,9057.615916728751,10,9051.3,9050.5,9051.25,9050.9942,2.1628170930011112,4.677777777777777,9048.0,9055.0,9050.0,9052.75,2.75,1.0,0.00023895098969221122,0,0,9050.1,9052.5025,6.3159167287522,-6.3159167287522,-0.0006973045431400072,-0.0006975477730297065
GR--SN,GR,SN,4796.3210435787405,10,4480.0,4472.5,4466.25,4469.139857137673,160.88298024754928,25883.333333333332,4240.0,4830.0,4396.25,4540.0,143.75,85.0,0.03591137951954225,1,0,4394.5,4578.0,316.3210435787405,-316.3210435787405,-0.06595076532715162,-0.06822612836012411
GR--TH,GR,TH,7932.285448089226,10,7922.3,7922.0,7922.25,7922.3,2.110818693198342,4.455555555555556,7920.0,7925.0,7920.25,7924.5,4.25,2.0,0.0002664401364753092,0,0,7921.1,7923.5025,9.985448089225429,-9.985448089225429,-0.0012588362023243605,-0.0012596292021909935
GR--TR,GR,TR,819.9324692614381,10,815.1,813.5,814.875,813.9941999999701,3.0713731999438516,9.433333333333335,812.0,820.0,813.0,817.25,4.25,1.0,0.0037680937307616874,0,0,813.4975,817.0,4.832469261438064,-4.832469261438064,-0.005893740573282768,-0.0059111772073422355
GR--TZ,GR,TZ,5045.850144996306,10,4605.9,4560.0,4606.75,4601.723757143465,160.19325134904335,25661.87777777778,4375.0,4830.0,4482.5,4729.0,246.5,125.5,0.03478001071431064,0,0,4513.58,4700.2175,439.95014499630634,-439.95014499630634,-0.08719048968043193,-0.0912280616459001
GR--UA,GR,UA,1484.282875845914,10,1489.2,1490.0,1490.0,1490.0,2.898275349237888,8.4,1481.0,1491.0,1490.0,1490.0,0.0,0.0,0.0019461961786448347,2,0,1487.3,1490.3,4.917124154085968,4.917124154085968,0.003312794504405792,0.003307319289533729
GR--US,GR,US,8271.005589450659,10,7860.4,7924.0,7884.25,7922.6094333335095,134.70230551520308,18144.71111111111,7600.0,7930.0,7916.0,7927.5,11.5,4.5,0.017136825799603465,2,0,7765.295,7925.402499999999,410.60558945065895,-410.60558945065895,-0.04964397436441951,-0.05091860076704665
GR--VN,GR,VN,7933.017363609639,10,8020.4,8028.5,8018.875,8018.874999998971,56.79632225965184,3225.822222222223,7945.0,8108.0,7965.0,8063.0,98.0,45.0,0.007081482502076185,0,0,7987.2925000000005,8053.0025,87.38263639036086,87.38263639036086,0.011015056741360829,0.010954832846684923
GR--ZA,GR,ZA,7065.652015003433,10,7409.9,7430.0,7416.875,7429.857142859486,48.754373023236475,2376.9888888888886,7312.0,7452.0,7430.0,7430.0,0.0,0.0,0.006579626313882303,3,0,7382.7675,7434.4,344.24798499656663,344.24798499656663,0.048721333044081334,0.04757164402195085
IN--IT,IN,IT,5929.147771473219,10,5920.0,5920.0,5920.0,5920.0,0.0,0.0,5920.0,5920.0,5920.0,5920.0,0.0,0.0,0.0,0,0,5920.0,5920.0,9.147771473219109,-9.147771473219109,-0.0015428476107867616,-0.0015440390257672918
IN--JP,IN,JP,5855.550160203252,10,5833.9,5832.5,5833.625,5833.017071428573,4.458450154232722,19.87777777777778,5830.0,5840.0,5830.0,5838.0,8.0,2.5,0.0007642315010940746,0,0,5831.5,5836.4,21.6501602032522,-21.6501602032522,-0.0036973742194876358,-0.0037042264028188366
IN--KE,IN,KE,5427.9212039634995,10,5404.2,5400.0,5403.375,5400.428571428572,6.81175454637056,46.39999999999999,5400.0,5415.0,5400.0,5409.0,9.0,0.0,0.0012604556726935642,0,0,5400.0,5408.4,23.721203963499647,-23.721203963499647,-0.00437021892399217,-0.0043797962442237515
IN--KR,IN,KR,4698.888249176968,10,4684.9,4685.0,4685.0,4684.9,0.31622776601683794,0.1,4684.0,4685.0,4685.0,4685.0,0.0,0.0,6.749936306363806e-05,1,0,4684.7,4685.0,13.988249176968566,-13.988249176968566,-0.002976927399671331,-0.00298136726166343
IN--MA,IN,MA,7789.23277228102,10,7729.5,7708.0,7718.625,7710.000000000356,82.12084591218805,6743.833333333332,7635.0,7911.0,7693.5,7730.0,36.5,22.5,0.010624341278502885,3,0,7687.4875,7780.72,59.73277228101961,-59.73277228101961,-0.007668633616084284,-0.007698188782304085
IN--MX,IN,MX,14673.684770062055,10,14727.6,14358.5,14597.0,14380.72947999753,760.0586527075102,577689.1555555556,14300.0,16200.0,14357.0,14484.75,127.75,49.0,0.05160777402343288,2,0,14354.5,15266.3025,53.915229937945696,53.915229937945696,0.0036742802358645525,0.003667546557479063
IN--MY,IN,MY,3828.30825419318,10,3870.0,3875.0,3871.875,3874.5714285714284,8.819171036881968,77.77777777777777,3850.0,3875.0,3867.5,3875.0,7.5,0.0,0.00227885556508578,1,0,3864.0,3875.0,41.69174580682011,41.69174580682011,0.0108903836991587,0.010831510519273975
IN--NG,IN,NG,7553.544289460008,10,7313.7,7325.0,7312.5,7316.897571207589,67.23268054550059,4520.233333333333,7215.0,7422.0,7277.5,7352.5,75.0,45.0,0.0091927041778444,0,0,7273.195,7351.6075,239.84428946000844,-239.84428946000844,-0.0317525495673177,-0.032267593761222686
IN--NL,IN,NL,6368.270749342955,10,6369.8,6365.0,6369.25,6365.741299999982,7.238784428341543,52.39999999999999,6364.0,6380.0,6365.0,6377.5,12.5,1.0,0.001136422560887554,0,0,6366.0,6374.4,1.5292506570449405,1.5292506570449405,0.0002401359359921562,0.0002401071079733841
IN--NO,IN,NO,5995.942926158602,10,5969.5,5966.0,5967.25,5967.027014285703,12.0761472884912,145.83333333333334,5956.0,6001.0,5964.25,5970.0,5.75,3.5,0.0020229746693175643,1,0,5963.7,5977.8,26.44292615860195,-26.44292615860195,-0.004410136401272091,-0.004419889739074548
IN--NZ,IN,NZ,12641.150365211413,10,11939.6,11945.0,11939.125,11939.166666666484,45.68782964617358,2087.3777777777777,11855.0,12028.0,11916.25,11950.0,33.75,20.0,0.003826579587772922,2,0,11913.3925,11967.612500000001,701.550365211413,-701.550365211413,-0.05549735150228791,-0.0570967879177579
IN--PE,IN,PE,16782.759226615508,10,16286.9,16302.0,16323.625,16321.677885714576,496.61575801731374,246627.2111111111,15300.0,16980.0,16000.0,16600.0,600.0,302.0,0.03049173004177061,0,0,15968.255,16594.4025,495.8592266155083,-495.8592266155083,-0.029545751084191992,-0.029991019250577875
IN--PH,IN,PH,4759.988205994383,10,4762.8,4764.0,4762.875,4763.5,1.9888578520235065,3.955555555555556,4760.0,4765.0,4760.75,4764.0,3.25,0.5,0.0004175816435759441,0,0,4761.5,4763.9,2.81179400561723,2.81179400561723,0.0005907144900225301,0.0005905400868964649
IN--PK,IN,PK,683.9640532615389,10,678.2,675.0,677.125,675.6666666666666,4.962078417580906,24.622222222222227,675.0,690.0,675.0,680.0,5.0,0.0,0.007316541459128436,1,0,675.5,681.6,5.764053261538834,-5.764053261538834,-0.008427421344809675,-0.00846313283881702
IN--PL,IN,PL,5273.3563545073075,10,5270.1,5271.0,5270.375,5270.788199999998,3.3482997343593826,11.211111111111112,5263.0,5275.0,5270.0,5271.75,1.75,1.0,0.0006353389374697601,3,0,5268.0,5271.9,3.256354507307151,-3.256354507307151,-0.0006175108011662895,-0.000617701539487146
IN--PT,IN,PT,7792.049494202723,10,7741.4,7751.5,7767.25,7761.582214054081,159.42201158490562,25415.37777777778,7365.0,7911.0,7690.75,7841.25,150.5,67.5,0.020593434208916427,1,0,7640.69,7825.5175,50.64949420272296,-50.64949420272296,-0.0065001504726588475,-0.006521368447407168
IN--RU,IN,RU,4347.028704133428,10,4340.0,4340.0,4340.0,4340.0,0.0,0.0,4340.0,4340.0,4340.0,4340.0,0.0,0.0,0.0,0,0,4340.0,4340.0,7.028704133427709,-7.028704133427709,-0.0016168984867167718,-0.001618207077837825
IN--SA,IN,SA,3053.56116017884,10,3037.1,3035.0,3037.25,3036.7782571282632,5.342700108039422,28.544444444444448,3028.0,3045.0,3034.25,3040.0,5.75,3.0,0.0017591452728061051,0,0,3033.8,3040.3025000000002,16.461160178840146,-16.461160178840146,-0.005390807426262932,-0.005405390261064344
IN--SE,IN,SE,5576.990338548147,10,5574.7,5575.5,5575.25,5575.5,8.097324661063473,65.56666666666669,5560.0,5585.0,5570.5,5580.0,9.5,5.0,0.0014525130789214617,0,0,5569.9,5579.5,2.290338548146792,-2.290338548146792,-0.0004106764417926236,-0.00041076079245720064
IN--SG,IN,SG,4141.530296031338,10,4150.0,4150.0,4150.0,4150.0,0.0,0.0,4150.0,4150.0,4150.0,4150.0,0.0,0.0,0.0,0,0,4150.0,4150.0,8.469703968661634,8.469703968661634,0.002045066283054312,0.0020429779816616782
IN--SN,IN,SN,9687.105127662475,10,9715.3,9810.0,9746.25,9788.137999996172,256.87828938148033,65986.45555555556,9213.0,9970.0,9613.75,9876.25,262.5,110.0,0.026440592609747546,1,0,9553.692500000001,9847.025,28.19487233752443,28.19487233752443,0.002910557072103122,0.002906329601744105
IN--TH,IN,TH,2916.5977506210074,10,2917.8,2918.0,2918.0,2917.8927555555556,2.250925735484551,5.066666666666667,2914.0,2920.0,2916.25,2920.0,3.75,2.0,0.0007714462044980982,0,0,2916.5,2919.1,1.2022493789927466,1.2022493789927466,0.00041220952691771136,0.00041212459191050985
IN--TR,IN,TR,4224.800548051528,10,4300.9,4285.0,4302.375,4284.833333333418,100.41740663627773,10083.655555555555,4115.0,4475.0,4275.0,4294.75,19.75,10.0,0.023347998473872384,3,0,4245.9,4358.4,76.09945194847205,76.09945194847205,0.018012554931988212,0.017852250991365684
IN--TZ,IN,TZ,5878.312198256734,10,5528.0,5490.0,5515.5,5491.088966666645,128.94701754338226,16627.333333333332,5396.0,5760.0,5436.25,5583.5,147.25,56.5,0.023326160915951927,0,0,5457.595,5609.03,350.3121982567336,-350.3121982567336,-0.059594010396491336,-0.061443593128181144
IN--UA,IN,UA,4584.987256027431,10,4562.8,4562.5,4562.25,4561.6666666668725,14.397530652472629,207.28888888888892,4540.0,4590.0,4556.25,4565.0,8.75,5.0,0.0031554156773193278,3,0,4554.3,4572.0,22.18725602743052,-22.18725602743052,-0.004839109639457149,-0.004850856040578012
IN--US,IN,US,12068.739151501237,10,12022.4,12029.0,12024.875,12027.424257142842,18.596295927474973,345.82222222222225,11985.0,12040.0,12012.25,12036.0,23.75,9.0,0.001546803959897772,0,0,12011.5,12032.0,46.33915150123721,-46.33915150123721,-0.003839601711457411,-0.0038469919051073507
IN--VN,IN,VN,3006.513807803295,10,3004.0,3004.0,3004.0,3003.889128564114,2.0548046676563256,4.222222222222223,3001.0,3007.0,3002.25,3005.0,2.75,1.5,0.0006840228587404546,0,0,3002.8,3005.2,2.5138078032950943,-2.5138078032950943,-0.0008361204917039128,-0.0008364702354077272
IN--ZA,IN,ZA,7970.766596356072,10,8051.7,8031.0,8047.125,8038.642699999866,43.80525082681299,1918.8999999999999,8010.0,8130.0,8016.25,8091.25,75.0,18.5,0.005440497140580622,0,0,8027.195,8076.7,80.9334036439277,80.9334036439277,0.01015377914602685,0.010102575843536018
IT--JP,IT,JP,9880.684200947846,10,9748.9,9850.0,9770.5,9849.4069599878,168.07038869341488,28247.65555555556,9470.0,9855.0,9655.0,9850.0,195.0,2.0,0.017239933602089967,0,0,9646.0,9826.599999999999,131.78420094784633,-131.78420094784633,-0.013337558236625392,-0.013427302337888272
IT--KE,IT,KE,5373.367125832121,10,5401.9,5403.0,5402.125,5402.069088888932,7.837941906733766,61.433333333333344,5390.0,5412.0,5395.5,5408.75,13.25,7.0,0.0014509602004357295,0,0,5397.097500000001,5406.4,28.532874167878617,28.532874167878617,0.00531005485009737,0.005296006219562742
IT--KR,IT,KR,8990.221254368656,10,8966.3,8966.0,8966.0,8966.0,1.3374935098492586,1.788888888888889,8965.0,8970.0,8966.0,8966.0,0.0,0.0,0.00014916894480992813,2,0,8965.797499999999,8967.2,23.921254368657173,-23.921254368657173,-0.002660808192794256,-0.002664354434890494
IT--MA,IT,MA,1903.2092760976723,10,1885.2,1847.5,1883.375,1883.2372142466918,120.0988481765472,14423.733333333334,1740.0,2045.0,1785.0,2011.0,226.0,97.5,0.06370615753052578,0,0,1820.1,1953.4575,18.009276097672227,-18.009276097672227,-0.009462583187172316,-0.009507637875209687
IT--MX,IT,MX,10254.982173131564,10,10245.5,10245.0,10245.0,10245.111111109456,1.5811388300841898,2.5000000000000004,10245.0,10250.0,10245.0,10245.0,0.0,0.0,0.00015432519936403198,1,0,10245.0,10246.5,9.482173131564196,-9.482173131564196,-0.0009246406255495834,-0.000925068369385954
IT--MY,IT,MY,9712.850057099384,10,9597.5,9600.0,9598.125,9599.333333333352,3.5355339059327378,12.500000000000002,9590.0,9600.0,9595.0,9600.0,5.0,0.0,0.0003683807143456877,0,0,9595.0,9599.5,115.35005709938378,-115.35005709938378,-0.011876025720696811,-0.011947109066450344
IT--NG,IT,NG,3667.9438428379826,10,3412.1,3420.0,3413.75,3412.100000002061,319.9609177522919,102374.9888888889,3086.0,3725.0,3107.0,3716.0,609.0,300.5,0.09377243274004042,0,0,3227.295,3594.7025,255.84384283798272,-255.84384283798272,-0.06975129767527459,-0.07230330673114252
IT--NL,IT,NL,1294.6009270853822,10,1297.2,1297.0,1297.125,1297.2,0.42163702135578396,0.1777777777777778,1297.0,1298.0,1297.0,1297.0,0.0,0.0,0.0003250362483470428,2,0,1297.0,1297.5,2.5990729146178637,2.5990729146178637,0.0020076247901886822,0.0020056122047671125
IT--NO,IT,NO,2008.243997050136,10,2002.0,2002.0,2002.0,2001.9260857142838,1.3333333333333333,1.7777777777777777,2000.0,2004.0,2001.0,2002.75,1.75,1.0,0.000666000666000666,0,0,2001.3,2002.8,6.243997050135931,-6.243997050135931,-0.003109182479473409,-0.0031140260295784467
IT--NZ,IT,NZ,18548.183630194897,10,18564.0,18507.0,18562.5,18510.608666667194,122.84678804646597,15091.333333333336,18400.0,18740.0,18500.0,18678.25,178.25,10.0,0.006617474038271168,0,0,18496.8,18641.2,15.816369805103022,15.816369805103022,0.000852717986862891,0.000852354629426644
IT--PE,IT,PE,10857.151296366306,10,10832.5,10836.0,10831.25,10831.250000127407,34.31957653196399,1177.8333333333335,10785.0,10890.0,10803.75,10850.0,46.25,27.5,0.0031682046186904214,0,0,10813.995,10854.702500000001,24.65129636630627,-24.65129636630627,-0.002270512374139671,-0.0022730938956848834
IT--PH,IT,PH,10405.066890561595,10,10401.6,10404.0,10402.0,10401.632377777785,10.986860839708088,120.71111111111111,10385.0,10415.0,10392.0,10409.5,17.5,11.0,0.0010562664243681825,0,0,10395.0,10408.202500000001,3.4668905615944823,-3.4668905615944823,-0.0003331925299528145,-0.000333248050916917
IT--PK,IT,PK,5309.570036872611,10,5151.5,5165.5,5145.125,5145.264900001168,99.29333646658604,9859.166666666666,5030.0,5324.0,5062.0,5220.0,158.0,78.5,0.019274645533647685,0,0,5093.8825,5210.41,158.07003687261113,-158.07003687261113,-0.02977077913557685,-0.03022292523205026
IT--PL,IT,PL,1318.2845538649813,10,1316.1,1316.0,1316.0,1316.1,0.31622776601683794,0.1,1316.0,1317.0,1316.0,1316.0,0.0,0.0,0.00024027639694311828,1,0,1316.0,1316.3,2.1845538649813534,-2.1845538649813534,-0.0016571186081006722,-0.0016584931478681839
IT--PT,IT,PT,1866.7033208698376,10,1861.8,1862.0,1861.875,1861.875,0.7888106377466155,0.6222222222222223,1860.0,1863.0,1862.0,1862.0,0.0,0.0,0.000423681726150293,3,0,1861.3,1862.2,4.903320869837671,-4.903320869837671,-0.002626727458519142,-0.0026301833602242744
IT--RU,IT,RU,2380.4991270140295,10,2375.0,2375.0,2375.0,2375.0,0.0,0.0,2375.0,2375.0,2375.0,2375.0,0.0,0.0,0.0,0,0,2375.0,2375.0,5.499127014029455,-5.499127014029455,-0.0023100731067804527,-0.0023127454419794684
IT--SA,IT,SA,3687.31508886442,10,3672.1,3671.0,3671.0,3670.6076000000025,7.279346735036661,52.9888888888889,3665.0,3688.0,3667.0,3673.75,6.75,4.0,0.0019823389164338283,1,0,3668.2,3676.8,15.215088864420068,-15.215088864420068,-0.004126332710315203,-0.004134869513018396
IT--SE,IT,SE,1980.1731729298174,10,1975.3,1975.0,1975.25,1975.3,0.48304589153964794,0.23333333333333334,1975.0,1976.0,1975.0,1975.75,0.75,0.0,0.0002445430524678013,0,0,1975.1,1975.6,4.873172929817429,-4.873172929817429,-0.002460983209164074,-0.0024640164057945658
IT--SG,IT,SG,10029.704091564545,10,9531.0,9530.0,9531.25,9530.827533333308,2.943920288775949,8.666666666666666,9525.0,9535.0,9530.0,9532.75,2.75,1.0,0.00030887842710900735,1,0,9529.1,9532.6,498.7040915645448,-498.7040915645448,-0.04972271235638732,-0.051001455246617027
IT--SN,IT,SN,4165.994598971797,10,4180.1,4181.0,4181.125,4181.999999999975,10.556198810809379,111.43333333333335,4158.0,4194.0,4180.0,4185.0,5.0,4.0,0.0025253459990931745,3,0,4173.4975,4185.702499999999,14.105401028203232,14.105401028203232,0.0033858423704352775,0.0033801233117416694
IT--TH,IT,TH,8841.845377807338,10,8816.0,8815.0,8815.0,8815.111111111111,3.1622776601683795,10.000000000000002,8815.0,8825.0,8815.0,8815.0,0.0,0.0,0.00035869755673416284,1,0,8815.0,8818.0,25.84537780733808,-25.84537780733808,-0.0029230750712072955,-0.0029273555987137986
IT--TR,IT,TR,1726.7217900116748,10,1680.3,1708.0,1684.75,1707.132633333448,53.535139031397975,2866.011111111111,1600.0,1725.0,1633.5,1715.0,81.5,8.5,0.03186046481663868,0,0,1646.6,1712.21,46.42179001167483,-46.42179001167483,-0.02688434829525199,-0.027252342909126
IT--TZ,IT,TZ,5825.804280617088,10,5432.3,5414.5,5424.125,5416.904299998768,52.82265927926512,2790.233333333333,5385.0,5545.0,5399.75,5434.25,34.5,22.0,0.009723811144315505,2,0,5404.3,5467.5125,393.5042806170877,-393.5042806170877,-0.06754505672741318,-0.06993444683786978
IT--UA,IT,UA,1678.2650237565786,10,1670.2,1670.5,1670.125,1670.2586999999999,2.2997584414213788,5.288888888888889,1667.0,1674.0,1668.5,1671.75,3.25,1.5,0.0013769359606163206,0,0,1668.9,1671.5,8.065023756578512,-8.065023756578512,-0.0048055722084501306,-0.004817156096950568
IT--US,IT,US,7232.448171181223,10,6854.4,6780.0,6826.75,6780.166666666685,191.82353001304784,36796.26666666667,6715.0,7215.0,6780.0,6780.75,0.75,0.5,0.027985458977160343,4,0,6760.7925000000005,6954.1,378.04817118122355,-378.04817118122355,-0.05227112068187551,-0.05368680991116587
IT--VN,IT,VN,8746.234564268761,10,8730.6,8730.0,8728.875,8729.799999997605,7.244921593011817,52.48888888888889,8725.0,8750.0,8726.25,8730.0,3.75,0.5,0.0008298308928380428,1,0,8727.5,8735.1,15.634564268761096,-15.634564268761096,-0.0017875766026940808,-0.001789176224331096
IT--ZA,IT,ZA,7658.184796684193,10,7729.7,7730.0,7729.875,7729.777777777777,0.6749485577105528,0.4555555555555555,7728.0,7730.0,7730.0,7730.0,0.0,0.0,8.731885554556489e-05,2,0,7729.3,7730.0,71.5152033158065,71.5152033158065,0.009338401359388826,0.009295068056364703
JP--KE,JP,KE,11264.009284773352,10,11276.0,11268.0,11273.75,11271.539833333132,17.178798302300166,295.1111111111111,11260.0,11310.0,11265.0,11282.25,17.25,7.5,0.0015234833542302382,1,0,11266.6,11286.202500000001,11.990715226647808,11.990715226647808,0.0010645157442170092,0.0010639495491123329
JP--KR,JP,KR,1158.5480184415178,10,1150.4,1150.0,1150.25,1150.25,0.8432740427115679,0.7111111111111112,1150.0,1152.0,1150.0,1150.0,0.0,0.0,0.0007330268104238246,2,0,1150.0,1151.0,8.148018441517706,-8.148018441517706,-0.007032957039172571,-0.007057804852469308
JP--MA,JP,MA,11544.941282910848,10,11581.9,11584.5,11584.875,11584.620777777789,12.041133206176607,144.98888888888894,11550.0,11590.0,11580.0,11590.0,10.0,5.0,0.0010396509386349914,1,0,11573.4975,11587.8025,36.95871708915183,36.95871708915183,0.003201291040246275,0.0031961778177867642
JP--MX,JP,MX,11318.783890147193,10,11308.6,11311.0,11309.375,11310.5,4.550946177566937,20.711111111111112,11300.0,11311.0,11310.0,11311.0,1.0,0.0,0.00040243232385679364,2,0,11305.4,11310.8025,10.18389014719287,-10.18389014719287,-0.0008997335973573779,-0.0009001386005787329
JP--MY,JP,MY,5316.516912091379,10,5333.4,5333.0,5333.0,5333.051624999994,3.272783388968954,10.71111111111111,5330.0,5340.0,5330.5,5334.75,4.25,2.5,0.0006136392149414921,0,0,5331.6,5335.4,16.883087908620837,16.883087908620837,0.003175591874865206,0.0031705603322571716
JP--NG,JP,NG,12973.378381681048,10,13340.1,13310.0,13341.375,13333.226900000887,148.51146607435925,22055.655555555557,13110.0,13560.0,13252.5,13450.25,197.75,95.5,0.011132710105198555,0,0,13258.0,13429.4175,366.7216183189521,366.7216183189521,0.028267241386929584,0.027875095687241065
JP--NL,JP,NL,9314.952522971289,10,9290.5,9290.0,9290.0,9290.111111111111,1.5811388300841898,2.5000000000000004,9290.0,9295.0,9290.0,9290.0,0.0,0.0,0.00017018877671645118,1,0,9290.0,9291.5,24.452522971289,-24.452522971289,-0.002625082941752785,-0.0026285345137434064
JP--NO,JP,NO,8428.362013784,10,8386.1,8386.5,8386.375,8386.698375007925,3.8137179293236207,14.544444444444446,8380.0,8390.0,8385.0,8389.5,4.5,2.5,0.00045476656960012645,0,0,8383.8,8388.1,42.262013784000374,-42.262013784000374,-0.005014261812067847,-0.0050268754057347835
JP--NZ,JP,NZ,9244.785239978763,10,9045.6,9045.5,9045.75,9046.000000000073,3.596294389136314,12.933333333333335,9040.0,9050.0,9044.25,9048.0,3.75,2.5,0.0003975738910781279,0,0,9043.5,9047.5,199.18523997876218,-199.18523997876218,-0.021545686006570745,-0.021781183074100173
JP--PE,JP,PE,15493.501413507556,10,15485.0,15485.0,15485.0,15485.0,0.0,0.0,15485.0,15485.0,15485.0,15485.0,0.0,0.0,0.0,0,0,15485.0,15485.0,8.501413507556208,-8.501413507556208,-0.0005487083442703597,-0.000548858939785076
JP--PH,JP,PH,2993.700049787857,10,2996.4,2995.0,2996.25,2995.3333333333153,2.503331114069145,6.266666666666667,2994.0,3000.0,2995.0,2998.75,3.75,0.0,0.0008354462401779284,0,0,2995.0,2998.0,2.699950212142994,2.699950212142994,0.0009018773314762517,0.0009014708844741939
JP--PK,JP,PK,5982.697041375959,10,5792.1,5830.0,5829.625,5829.703479999988,120.22982621259631,14455.21111111111,5450.0,5834.0,5828.5,5830.0,1.5,1.0,0.020757553601042162,4,0,5715.6975,5831.2,190.59704137595872,-190.59704137595872,-0.031858046639801664,-0.032376556423775696
JP--PL,JP,PL,8602.084790962797,10,8594.3,8587.5,8593.125,8591.521666666178,21.092652749239484,444.9,8575.0,8623.0,8575.0,8615.0,40.0,12.5,0.0024542607017720448,0,0,8581.5,8607.1,7.78479096279807,-7.78479096279807,-0.0009049888663009504,-0.000905398615956272
JP--PT,JP,PT,11169.099580139571,10,11121.5,11150.0,11150.0,11149.888888888889,90.12491331479882,8122.500000000001,10865.0,11150.0,11150.0,11150.0,0.0,0.0,0.008103665271303226,1,0,11064.5,11150.0,47.59958013957112,-47.59958013957112,-0.0042617204545486115,-0.004270827468740833
JP--RU,JP,RU,7500.447385335149,10,7488.0,7480.0,7487.5,7480.666666666649,10.327955589886445,106.66666666666666,7480.0,7500.0,7480.0,7500.0,20.0,0.0,0.0013792675734356898,0,0,7482.0,7494.0,12.447385335149193,-12.447385335149193,-0.0016595523834333243,-0.0016609309659209941
JP--SA,JP,SA,8708.898067343061,10,8686.2,8687.5,8686.75,8686.793171428577,5.788878225624643,33.51111111111111,8674.0,8694.0,8683.25,8690.0,6.75,3.0,0.000666445422120679,0,0,8682.5975,8689.202500000001,22.698067343060757,-22.698067343060757,-0.002606307614068281,-0.002609709946727338
JP--SE,JP,SE,8189.5682624323,10,8170.1,8170.0,8170.0,8170.1,0.31622776601683794,0.1,8170.0,8171.0,8170.0,8170.0,0.0,0.0,3.87054951612389e-05,1,0,8170.0,8170.3,19.468262432299525,-19.468262432299525,-0.0023772025347911876,-0.0023800325666658555
JP--SG,JP,SG,5313.463059765426,10,5311.6,5312.0,5311.75,5311.75,0.8432740427115678,0.7111111111111111,5310.0,5312.0,5312.0,5312.0,0.0,0.0,0.00015876083340454246,2,0,5311.0,5312.0,1.8630597654255325,-1.8630597654255325,-0.0003506300400454428,-0.0003506915251306863
JP--SN,JP,SN,13935.316154449201,10,14391.0,14425.0,14397.5,14404.487857923368,273.82881919590244,74982.22222222223,13980.0,14750.0,14181.25,14580.0,398.75,225.0,0.019027782586053952,0,0,14217.975,14541.0125,455.68384555079865,455.68384555079865,0.03269992876374822,0.032176662714632216
JP--TH,JP,TH,4607.791688159286,10,4603.0,4603.0,4603.0,4603.0,0.0,0.0,4603.0,4603.0,4603.0,4603.0,0.0,0.0,0.0,0,0,4603.0,4603.0,4.791688159286423,-4.791688159286423,-0.001039909892541301,-0.0010404509739834484
JP--TR,JP,TR,8787.214872935936,10,8766.3,8772.5,8768.5,8769.62683333314,16.43877529907059,270.2333333333333,8730.0,8785.0,8759.75,8775.0,15.25,7.5,0.001875223902794861,1,0,8755.5975,8775.0,20.914872935936728,-20.914872935936728,-0.002380148117278116,-0.002382985172443292
JP--TZ,JP,TZ,11676.47018662645,10,11405.2,11397.0,11404.625,11404.625000000176,36.054896415820636,1299.9555555555557,11345.0,11470.0,11390.0,11429.5,39.5,29.0,0.0031612682299144807,0,0,11384.3975,11426.202500000001,271.2701866264488,-271.2701866264488,-0.023232208217954933,-0.023506329925374443
JP--UA,JP,UA,8224.583581872374,10,8190.3,8195.0,8191.25,8194.108714303098,11.643309953216338,135.56666666666663,8173.0,8200.0,8179.0,8200.0,21.0,5.0,0.001421597493769012,0,0,8183.1,8196.8,34.28358187237336,-34.28358187237336,-0.004168427681607742,-0.0041771397952486584
JP--US,JP,US,10926.417792606868,10,10901.5,10900.0,10900.0,10900.111111111111,4.743416490252569,22.5,10900.0,10915.0,10900.0,10900.0,0.0,0.0,0.0004351159464525587,1,0,10900.0,10904.5,24.917792606867806,-24.917792606867806,-0.0022805088620835925,-0.002283113182622755
JP--VN,JP,VN,3673.3588744790786,10,3724.3,3724.0,3724.25,3724.3,0.48304589153964794,0.23333333333333334,3724.0,3725.0,3724.0,3724.75,0.75,0.0,0.00012970112277197002,0,0,3724.0,3724.6,50.94112552092156,50.94112552092156,0.013867723590754675,0.013772446551899116
JP--ZA,JP,ZA,13501.046885089567,10,13514.0,13514.0,13513.75,13514.333333333301,9.47511360236793,89.77777777777777,13500.0,13530.0,13511.0,13519.0,8.0,4.5,0.0007011331657812587,0,0,13508.297499999999,13519.8,12.953114910433214,12.953114910433214,0.0009594155935224932,0.0009589556485439511
KE--KR,KE,KR,10114.909688283768,10,10107.8,10115.0,10109.375,10112.194728594028,16.443843832875572,270.4,10078.0,10125.0,10104.0,10118.75,14.75,6.5,0.0016268469729194854,2,0,10098.3,10117.0,7.109688283768264,-7.109688283768264,-0.0007028919192430862,-0.0007031390635854715
KE--MA,KE,MA,6004.034142085109,10,5958.8,5872.5,5918.875,5861.538900002227,298.80829975086033,89286.4,5707.0,6530.0,5758.25,5929.75,171.5,106.0,0.05014571721669805,2,0,5794.99,6160.0075,45.23414208510894,-45.23414208510894,-0.0075339581712304884,-0.007562481788226785
KE--MX,KE,MX,14829.575444959697,10,14342.9,14331.0,14339.125,14332.166666666619,30.848914981819956,951.6555555555557,14316.0,14400.0,14328.5,14338.75,10.25,6.5,0.0021508143389286655,2,0,14326.995,14361.615,486.6754449596974,-486.6754449596974,-0.03281789467041752,-0.03336848137299216
KE--MY,KE,MY,7236.589136086184,10,7393.3,7386.5,7392.25,7390.403714250967,19.6132041690739,384.6777777777778,7365.0,7430.0,7381.75,7400.0,18.25,10.0,0.0026528348868670145,1,0,7383.0,7405.3,156.71086391381596,156.71086391381596,0.02165534908322445,0.02142420308927065
KE--NG,KE,NG,3444.024949628264,10,3478.1,3480.0,3479.0,3479.4999999999814,9.37431478977412,87.87777777777781,3457.0,3492.0,3476.25,3481.5,5.25,3.5,0.002695240156917317,2,0,3472.3,3483.3,34.07505037173587,34.07505037173587,0.009893961533412762,0.009845336760701871
KE--NL,KE,NL,6651.25998464762,10,6680.0,6680.0,6680.0,6680.296519993672,3.1269438398822866,9.777777777777779,6675.0,6685.0,6680.0,6681.5,1.5,1.0,0.0004681053652518393,3,0,6678.2,6681.7,28.740015352380397,28.740015352380397,0.00432098811634455,0.004311679452643869
KE--NO,KE,NO,7154.024015085028,10,7093.6,7115.0,7101.375,7114.847857142447,72.6562683691733,5278.933333333333,6955.0,7170.0,7092.25,7138.0,45.75,25.0,0.010242509920093224,2,0,7044.29,7131.407499999999,60.42401508502735,-60.42401508502735,-0.008446157708950491,-0.008482028622710075
KE--NZ,KE,NZ,13676.249196022416,10,14262.3,14425.0,14303.5,14375.566000000972,344.53254966371145,118702.67777777779,13635.0,14560.0,13993.0,14551.0,558.0,135.0,0.024156871588994166,0,0,14064.787499999999,14444.67,586.0508039775832,586.0508039775832,0.04285172020322864,0.041958999280389826
KE--PE,KE,PE,12580.253595968305,10,12921.3,12940.5,12930.125,12939.103824999867,46.23622918111823,2137.7888888888892,12822.0,12950.0,12930.0,12950.0,20.0,9.5,0.003578295464165234,2,0,12891.192500000001,12944.202500000001,341.0464040316947,341.0464040316947,0.027109660503266214,0.026748702756591667
KE--PH,KE,PH,9425.033674849916,10,9757.3,9865.0,9784.375,9845.865400003004,178.5236056598056,31870.67777777778,9388.0,9910.0,9650.0,9886.25,236.25,35.0,0.018296414547037156,0,0,9641.0875,9856.0125,332.2663251500835,332.2663251500835,0.035253595542763354,0.03464641655295224
KE--PK,KE,PK,5427.814219869003,10,5222.5,5232.0,5225.25,5225.7826666661485,30.797727188868986,948.5,5163.0,5260.0,5200.0,5242.5,42.5,20.0,0.005897123444493823,0,0,5202.2,5240.5025,205.31421986900295,-205.31421986900295,-0.03782631673675045,-0.038560300679833084
KE--PL,KE,PL,6115.97738809343,10,5965.0,5972.5,5974.375,5974.375000000002,38.873012632302,1511.1111111111109,5860.0,5995.0,5962.5,5987.5,25.0,12.5,0.00651685039938005,1,0,5940.0,5982.0,150.9773880934299,-150.9773880934299,-0.024685733532526188,-0.024995535337673846
KE--PT,KE,PT,6454.518927958417,10,6029.4,6097.5,6049.5,6095.810900000299,132.62997817654616,17590.71111111111,5768.0,6130.0,6005.0,6104.5,99.5,10.5,0.02199721003359309,2,0,5948.047500000001,6100.7074999999995,425.11892795841777,-425.11892795841777,-0.06586376656468867,-0.06813299118074762
KE--RU,KE,RU,6323.293987631122,10,6191.5,6350.0,6250.625,6350.833333335032,457.2626889072261,209089.16666666663,5340.0,6570.0,6341.25,6360.0,18.75,10.0,0.07385329708588001,4,0,5888.0,6416.0,131.79398763112204,-131.79398763112204,-0.020842615872189687,-0.021062889282451317
KE--SA,KE,SA,3062.992722793242,10,3056.0,3070.5,3058.375,3063.4476146732486,123.67340502756085,15295.111111111113,2843.0,3250.0,2982.75,3127.5,144.75,79.5,0.040469046147762054,0,0,2982.5975,3131.71,6.992722793242137,-6.992722793242137,-0.002282970749883221,-0.0022855807006564965
KE--SE,KE,SE,6920.326031054763,10,6959.0,6955.0,6949.375,6951.343214284607,71.36759301905406,5093.333333333333,6875.0,7120.0,6917.5,6987.5,70.0,37.5,0.010255437996702695,1,0,6918.5,7006.0,38.67396894523699,38.67396894523699,0.00558846053953075,0.005572903028707047
KE--SG,KE,SG,7467.562130900984,10,7363.7,7385.0,7373.375,7380.040428571412,49.08280984440706,2409.1222222222227,7250.0,7400.0,7348.75,7399.25,50.5,15.0,0.006665509165827921,1,0,7334.0,7388.4,103.86213090098408,-103.86213090098408,-0.013908438802430534,-0.01400606743569964
KE--SN,KE,SN,6234.6746306605155,10,5788.1,5797.5,5792.625,5796.695666666664,19.90226117806718,396.1000000000001,5740.0,5800.0,5790.0,5800.0,10.0,2.5,0.003438479151719421,2,0,5774.4,5797.5,446.57463066051514,-446.57463066051514,-0.07162757595470608,-0.07432230768854813
KE--TH,KE,TH,7217.238507509993,10,7252.0,7251.5,7253.0,7253.268642857098,10.635370755695877,113.1111111111111,7231.0,7265.0,7250.0,7261.0,11.0,7.5,0.001466543126819619,1,0,7245.3,7258.0025,34.761492490007186,34.761492490007186,0.004816453336526936,0.0048048913355181674
KE--TR,KE,TR,4581.087860826578,10,4515.5,4532.5,4505.25,4508.330777783227,163.5000849473106,26732.27777777778,4318.0,4795.0,4366.25,4621.75,255.5,145.0,0.03620863358372508,0,0,4421.935,4609.005,65.58786082657844,-65.58786082657844,-0.014317092974231721,-0.014420571410913784
KE--TZ,KE,TZ,554.7964784891632,10,636.5,669.5,648.125,662.7652666619031,67.75486862375443,4590.722222222223,490.0,690.0,620.25,680.0,59.75,17.0,0.1064491258817823,1,0,591.77,672.0074999999999,81.70352151083682,81.70352151083682,0.14726755608351025,0.137383076928834
KE--UA,KE,UA,5762.3271818541925,10,5444.8,5413.5,5415.375,5413.206828571199,106.31170103886862,11302.177777777779,5380.0,5745.0,5410.25,5415.0,4.75,3.0,0.019525363840520976,3,0,5405.1,5514.5025,317.52718185419235,-317.52718185419235,-0.05510398348328756,-0.056680392974786956
KE--US,KE,US,12147.187581604869,10,12126.2,12123.5,12124.0,12123.28799999998,25.926391530210633,672.1777777777777,12100.0,12170.0,12102.5,12137.5,35.0,20.0,0.002138047494698309,0,0,12112.0,12141.5125,20.987581604867955,-20.987581604867955,-0.0017277729074218434,-0.0017292672285114023
KE--VN,KE,VN,7897.709339783662,10,8135.2,8154.5,8134.0,8137.333333329634,129.45166408097398,16757.73333333333,7895.0,8385.0,8086.25,8160.0,73.75,57.0,0.015912536149200265,2,0,8057.587500000001,8216.8025,237.49066021633826,237.49066021633826,0.030070828134939154,0.02962756505688036
KE--ZA,KE,ZA,2855.2050138214963,10,2920.4,2922.5,2920.625,2921.6956666666606,5.103375789067903,26.044444444444444,2914.0,2925.0,2915.0,2925.0,10.0,2.5,0.0017474920521393998,0,0,2917.4,2923.5,65.19498617850377,65.19498617850377,0.022833732030767467,0.022576943975896702
KR--MA,KR,MA,10756.784508836095,10,10514.2,10450.0,10490.875,10453.17202857097,153.8525990102937,23670.62222222222,10390.0,10825.0,10438.75,10468.25,29.5,17.0,0.014632839304016822,3,0,10437.6975,10618.625,242.58450883609476,-242.58450883609476,-0.022551768015509205,-0.022809948131684705
KR--MX,KR,MX,12067.859883839203,10,12098.0,12100.0,12098.75,12099.75,4.216370213557839,17.77777777777778,12090.0,12100.0,12100.0,12100.0,0.0,0.0,0.0003485179545013919,2,0,12095.0,12100.0,30.140116160797334,30.140116160797334,0.002497552710332656,0.0024944390089068342
KR--MY,KR,MY,4601.299368792894,10,4610.9,4610.0,4610.5,4610.5,1.5951314818673865,2.5444444444444443,4610.0,4615.0,4610.0,4611.0,1.0,0.0,0.0003459479671793764,1,0,4610.2,4612.0,9.600631207105835,9.600631207105835,0.002086504362706673,0.002084330635614497
KR--NG,KR,NG,11887.41498494817,10,11713.1,11760.5,11718.875,11722.666666671657,193.66491680219215,37506.100000000006,11420.0,11960.0,11552.5,11838.75,286.25,150.0,0.016534044514448964,0,0,11600.779999999999,11818.842499999999,174.31498494816879,-174.31498494816879,-0.014663826001606423,-0.014772402638008037
KR--NL,KR,NL,8579.921511952483,10,8552.0,8551.0,8551.25,8551.166666666666,2.943920288775949,8.666666666666666,8550.0,8560.0,8551.0,8551.75,0.75,0.5,0.00034423763900560673,2,0,8550.8,8553.9,27.921511952483343,-27.921511952483343,-0.003254285241838932,-0.0032595919441996313
KR--NO,KR,NO,7736.93982941218,10,8275.2,8280.0,8277.125,8278.666666666977,19.611787838497087,384.6222222222222,8235.0,8300.0,8271.5,8284.0,12.5,7.5,0.002369947292935166,2,0,8263.0975,8285.2,538.2601705878205,538.2601705878205,0.06957016371532454,0.06725685161036274
KR--NZ,KR,NZ,9994.193199560701,10,9841.7,9907.0,9834.0,9864.435000001484,164.35736808687477,27013.344444444443,9630.0,10115.0,9674.75,9926.25,251.5,75.0,0.016700099381903002,0,0,9747.6975,9938.605,152.4931995607003,-152.4931995607003,-0.015258180076747287,-0.015375783920380406
KR--PE,KR,PE,16309.70237354757,10,16294.0,16295.0,16295.0,16294.731888888891,6.99205898780101,48.888888888888886,16280.0,16300.0,16290.0,16300.0,10.0,5.0,0.00042911863187682645,0,0,16290.0,16298.0,15.70237354757046,-15.70237354757046,-0.0009627627278495206,-0.0009632264815650539
KR--PH,KR,PH,2612.8130222238005,10,2619.4,2620.0,2619.5,2620.0,4.550946177566936,20.711111111111105,2610.0,2628.0,2620.0,2620.0,0.0,0.0,0.0017374002357665632,4,0,2616.6,2622.0,6.5869777761995465,6.5869777761995465,0.0025210291437514653,0.002517856680575679
KR--PK,KR,PK,4828.37891716201,10,4314.8,4316.0,4315.875,4317.108175000047,15.15695659864913,229.73333333333338,4290.0,4331.0,4310.5,4327.25,16.75,10.5,0.0035127831182555688,0,0,4305.6975,4322.705,513.5789171620099,-513.5789171620099,-0.10636673839672005,-0.11245980989292144
KR--PL,KR,PL,7760.66724715256,10,7697.6,7725.0,7725.75,7725.285714285715,90.5344624377308,8196.488888888889,7440.0,7730.0,7725.0,7725.75,0.75,0.0,0.011761388281767147,3,0,7640.2,7727.1,63.0672471525595,-63.0672471525595,-0.008126523808336106,-0.008159723993341667
KR--PT,KR,PT,10442.178115737892,10,10422.5,10425.0,10422.75,10424.52900000016,9.00925450115972,81.16666666666669,10410.0,10433.0,10413.75,10429.25,15.5,5.0,0.0008644043656665599,0,0,10416.9975,10427.2,19.678115737891858,-19.678115737891858,-0.0018844838231818757,-0.0018862616967555404
KR--RU,KR,RU,6623.6510029551755,10,6600.6,6601.0,6600.625,6600.6,0.5163977794943222,0.2666666666666666,6600.0,6601.0,6600.0,6601.0,1.0,0.0,7.823497553166715e-05,0,0,6600.3,6600.9,23.051002955175136,-23.051002955175136,-0.0034801052991606614,-0.003486174951718802
KR--SA,KR,SA,7561.8622427533055,10,7492.9,7492.5,7493.125,7493.09783333333,8.075339690137568,65.21111111111111,7480.0,7504.0,7486.25,7500.0,13.75,7.5,0.0010777322118455562,0,0,7488.0,7497.7,68.96224275330587,-68.96224275330587,-0.009119743330340865,-0.009161582760388504
KR--SE,KR,SE,7449.1900939572515,10,8125.1,8125.0,8125.0,8125.1,0.31622776601683794,0.1,8125.0,8126.0,8125.0,8125.0,0.0,0.0,3.891986141916259e-05,1,0,8125.0,8125.3,675.9099060427488,675.9099060427488,0.0907360259997988,0.08685272157100675
KR--SG,KR,SG,4664.185115043959,10,4658.9,4660.0,4659.375,4659.2338428571165,8.543353491977777,72.98888888888888,4644.0,4670.0,4652.5,4662.75,10.25,6.5,0.0018337705235093645,0,0,4653.795,4663.6,5.285115043959195,-5.285115043959195,-0.001133127205203,-0.0011337696792169422
KR--SN,KR,SN,13134.589981893088,10,13023.0,13027.5,13038.125,13037.288714287835,126.56135973423238,16017.777777777777,12750.0,13175.0,12967.5,13105.0,137.5,85.0,0.009718295303250586,1,0,12944.475,13092.05,111.5899818930884,-111.5899818930884,-0.008495886209384736,-0.008532181973288743
KR--TH,KR,TH,3719.513508661133,10,3720.0,3720.0,3720.0,3720.0,0.0,0.0,3720.0,3720.0,3720.0,3720.0,0.0,0.0,0.0,0,0,3720.0,3720.0,0.4864913388669265,0.4864913388669265,0.00013079434655475757,0.00013078579371994048
KR--TR,KR,TR,7765.002447792769,10,7644.0,7618.5,7641.75,7644.000000008929,264.5658918135728,69995.11111111112,7376.0,7930.0,7395.25,7905.25,510.0,238.5,0.03461092252924815,0,0,7490.095,7800.2225,121.00244779276909,-121.00244779276909,-0.015583053399701695,-0.01570574545667184
KR--TZ,KR,TZ,10537.870724122911,10,10162.0,10140.0,10155.0,10141.6086666664,50.288059108389625,2528.8888888888887,10125.0,10255.0,10131.25,10160.0,28.75,10.0,0.004948637975633697,2,0,10135.5,10195.5,375.87072412291127,-375.87072412291127,-0.03566856473789166,-0.03632023094900934
KR--UA,KR,UA,7313.668925959538,10,7419.5,7417.5,7418.875,7417.986949999995,6.222718234198156,38.72222222222222,7414.0,7430.0,7415.0,7421.5,6.5,3.0,0.0008386977874786922,0,0,7416.3,7423.1,105.83107404046223,105.83107404046223,0.014470312385185992,0.014366616558546284
KR--US,KR,US,11188.89291648359,10,11150.6,11150.0,11148.0,11149.666666666684,10.996969279457561,120.93333333333335,11142.0,11180.0,11144.0,11150.0,6.0,0.0,0.000986222201447237,1,0,11146.0,11158.2,38.29291648358958,-38.29291648358958,-0.00342240441207334,-0.0034282742344838393
KR--VN,KR,VN,2740.7404572606933,10,2696.1,2696.0,2696.375,2696.3749999999973,9.562077877393246,91.43333333333334,2680.0,2710.0,2690.25,2703.75,13.5,7.5,0.0035466332396399416,0,0,2690.4975,2701.7,44.64045726069344,-44.64045726069344,-0.016287736090600326,-0.01642183941762577
KR--ZA,KR,ZA,12439.33130876874,10,12415.2,12440.0,12418.875,12428.21182,42.83249026407667,1834.6222222222225,12340.0,12461.0,12392.75,12440.0,47.25,15.5,0.00345000404859178,0,0,12389.297499999999,12439.2,24.131308768739473,-24.131308768739473,-0.00193992009455756,-0.0019418041765842404
MA--MX,MA,MX,9030.70859335305,10,9021.1,9025.0,9021.75,9024.108714285503,24.365047825841746,593.6555555555556,8982.0,9055.0,9011.5,9038.25,26.75,15.0,0.0027008954369025667,0,0,9006.9975,9035.6075,9.60859335305031,-9.60859335305031,-0.001063991075974105,-0.001064557516306263
MA--MY,MA,MY,11510.602148512982,10,11399.5,11391.5,11400.625,11402.028985717574,113.8861517286257,12970.055555555557,11200.0,11590.0,11355.0,11475.0,120.0,83.5,0.009990451487225379,0,0,11329.89,11464.6175,111.10214851298224,-111.10214851298224,-0.009652157817593859,-0.009699041824670643
MA--NG,MA,NG,3128.743164350726,10,3140.6,3144.0,3141.375,3142.409342881402,11.491059326469621,132.04444444444445,3123.0,3152.0,3131.75,3150.0,18.25,7.0,0.003658873886031211,0,0,3133.795,3146.8,11.856835649273762,11.856835649273762,0.0037896481195299012,0.003782485493280436
MA--NL,MA,NL,2242.2927982728406,10,2275.6,2285.5,2279.375,2286.3333333335086,35.21741993199767,1240.2666666666667,2211.0,2310.0,2279.0,2294.75,15.75,9.0,0.015476102975917415,2,0,2252.9,2294.6025,33.30720172715928,33.30720172715928,0.014854082282570166,0.014744840861144406
MA--NO,MA,NO,3151.447797422512,10,3124.7,3128.5,3119.375,3120.9492222224003,63.07499944950896,3978.4555555555553,3052.0,3240.0,3070.25,3150.0,79.75,55.0,0.02018593767385956,0,0,3090.1,3163.0,26.74779742251212,-26.74779742251212,-0.008487463268275762,-0.008523686894735817
MA--NZ,MA,NZ,19184.614067775434,10,19844.5,19877.0,19864.25,19877.92080000095,134.66604785336372,18134.94444444445,19570.0,19961.0,19830.0,19947.5,117.5,68.0,0.006786064040583724,2,0,19752.0,19915.1175,659.8859322245662,659.8859322245662,0.03439662272555081,0.03381828351034964
MA--PE,MA,PE,8994.063367057093,10,8377.5,8351.0,8354.875,8336.500000010865,183.054484906665,33508.944444444445,8185.0,8751.0,8248.5,8392.25,143.75,83.5,0.021850729323385856,2,0,8276.795,8495.41,616.5633670570933,-616.5633670570933,-0.06855225962887965,-0.07101519317547687
MA--PH,MA,PH,12306.704272957739,10,12117.7,12100.5,12122.875,12111.442171607085,119.48784224532822,14277.344444444445,11890.0,12304.0,12061.0,12166.75,105.75,52.0,0.009860604095276185,1,0,12049.0875,12183.5075,189.00427295773807,-189.00427295773807,-0.015357830070967783,-0.015476983071809516
MA--PK,MA,PK,7189.637834826475,10,7304.9,7308.5,7313.25,7313.249999986178,190.12303034263542,36146.76666666667,6970.0,7573.0,7176.5,7450.25,273.75,145.0,0.026026780700986383,0,0,7187.6775,7406.610000000001,115.26216517352441,115.26216517352441,0.016031706717575755,0.015904556068538078
MA--PL,MA,PL,3003.7613829081456,10,3079.9,3102.5,3086.875,3095.481124998791,102.6043642130078,10527.655555555555,2910.0,3194.0,3025.25,3163.25,138.0,67.5,0.03331418689340816,0,0,3022.9975,3138.4025,76.13861709185448,76.13861709185448,0.025347758155855746,0.025031831298814537
MA--PT,MA,PT,561.1139331622182,10,543.0,543.0,543.0,543.0,0.0,0.0,543.0,543.0,543.0,543.0,0.0,0.0,0.0,0,0,543.0,543.0,18.113933162218245,-18.113933162218245,-0.03228209476128175,-0.03281465438461601
MA--RU,MA,RU,4154.088683247983,10,4276.6,4230.0,4258.625,4234.378199995989,119.88624237630901,14372.711111111112,4165.0,4532.0,4212.5,4308.75,96.25,35.0,0.028033073557571203,1,0,4213.45,4351.202499999999,122.51131675201759,122.51131675201759,0.029491743218209035,0.02906522726725006
MA--SA,MA,SA,5250.266926333236,10,4965.6,4941.5,4961.0,4960.999999993885,115.91874548818909,13437.155555555559,4800.0,5168.0,4881.25,5048.75,167.5,97.5,0.023344358282622258,0,0,4902.3925,5035.0,284.666926333236,-284.666926333236,-0.054219514993696934,-0.055744782304851866
MA--SE,MA,SE,3357.2928975060963,10,3536.5,3519.5,3535.0,3528.842633331456,73.35189159115122,5380.5,3430.0,3655.0,3483.0,3599.25,116.25,41.5,0.02074138034529937,0,0,3494.5,3582.21,179.20710249390368,179.20710249390368,0.05337845340423661,0.05200257352364791
MA--SG,MA,SG,11826.42016648286,10,11412.4,11422.0,11418.0,11425.666666667186,63.314383129831654,4008.711111111111,11285.0,11495.0,11405.0,11448.5,43.5,26.0,0.0055478587439830055,2,0,11366.9975,11444.904999999999,414.0201664828601,-414.0201664828601,-0.03500807181333118,-0.035635542251534584
MA--SN,MA,SN,2391.787943560576,10,2306.7,2300.0,2298.0,2298.3449333333256,29.41673748811116,865.3444444444444,2293.0,2390.0,2294.5,2300.0,5.5,2.0,0.012752736588247783,1,0,2296.2,2325.9,85.08794356057615,-85.08794356057615,-0.03557503657030252,-0.03622324807680632
MA--TH,MA,TH,10705.56891983213,10,10794.9,10832.5,10803.75,10804.166666675943,190.4045109176192,36253.87777777777,10471.0,11048.0,10651.25,10908.75,257.5,142.5,0.017638376540553335,0,0,10675.7725,10900.304999999998,89.331080167869,89.331080167869,0.008344356179182841,0.008309734502894
MA--TR,MA,TR,3564.835480066176,10,3429.6,3427.5,3426.625,3427.0978333333805,14.354248306492558,206.04444444444445,3415.0,3468.0,3423.5,3430.0,6.5,2.5,0.0041854001360195235,1,0,3422.8975,3439.4,135.23548006617602,-135.23548006617602,-0.03793596670095574,-0.03867426785070836
MA--TZ,MA,TZ,6314.658277637436,10,6087.1,6096.5,6095.75,6101.33333333287,163.24109640515024,26647.655555555557,5765.0,6340.0,6032.5,6191.25,158.75,90.0,0.02681754799578621,1,0,5987.7825,6175.6125,227.55827763743582,-227.55827763743582,-0.036036514983448065,-0.03670186370253957
MA--UA,MA,UA,3528.2254241343594,10,3694.8,3715.0,3687.5,3702.374700000931,84.68346290090462,7171.288888888888,3575.0,3873.0,3646.75,3722.25,75.5,21.5,0.022919633782858235,1,0,3646.1,3749.2075,166.57457586564078,166.57457586564078,0.047211999189793664,0.04613139390332462
MA--US,MA,US,6156.291767126741,10,6155.9,6168.0,6159.125,6164.8022,22.766691068800977,518.3222222222222,6112.0,6174.0,6149.5,6170.75,21.25,6.0,0.003698352973375295,1,0,6142.297500000001,6167.405,0.39176712674179726,-0.39176712674179726,-6.363686803048362e-05,-6.36388929418517e-05
MA--VN,MA,VN,10647.136952745917,10,10550.9,10602.5,10565.75,10590.611671191755,125.44184132718857,15735.655555555553,10332.0,10651.0,10493.5,10650.0,156.5,48.5,0.011889207681542672,0,0,10473.0575,10618.4,96.23695274591773,-96.23695274591773,-0.009038763488535577,-0.009079860945471507
MA--ZA,MA,ZA,7578.285436291664,10,7565.1,7568.0,7563.25,7564.094110878997,98.96739081356264,9794.544444444444,7430.0,7715.0,7478.75,7635.0,156.25,95.0,0.01308209948494569,0,0,7504.597500000001,7624.5125,13.185436291663791,-13.185436291663791,-0.0017398970258523164,-0.001741412404673091
MX--MY,MX,MY,16634.32204066329,10,16590.7,16590.0,16591.75,16591.019333333323,9.545796049687121,91.12222222222225,16573.0,16600.0,16585.5,16600.0,14.5,10.0,0.0005753703008123299,0,0,16584.697500000002,16596.0,43.622040663289226,-43.622040663289226,-0.0026224116953280897,-0.0026258562402056685
MX--NG,MX,NG,11398.49344176858,10,10885.2,10836.0,10864.625,10864.79842940622,316.85496156233165,100397.06666666667,10450.0,11485.0,10683.75,11078.75,395.0,235.0,0.029108786385397753,0,0,10704.387499999999,11076.705,513.2934417685792,-513.2934417685792,-0.0450316916345865,-0.04607712400972193
MX--NL,MX,NL,9230.824470291544,10,9222.6,9224.0,9224.0,9223.888888888889,4.427188724235732,19.60000000000001,9210.0,9224.0,9224.0,9224.0,0.0,0.0,0.0004800369444880762,1,0,9219.8,9224.0,8.224470291543184,-8.224470291543184,-0.0008909789497149246,-0.0008913761073829274
MX--NO,MX,NO,9207.206656401106,10,9097.6,9167.5,9133.5,9155.761766672822,224.79976275195074,50534.93333333334,8546.0,9362.0,9024.75,9207.25,182.5,59.5,0.024709787499115232,1,0,8947.065,9209.6175,109.60665640110528,-109.60665640110528,-0.011904441867274011,-0.01197586715340691
MX--NZ,MX,NZ,11096.668791733968,10,11703.0,11975.0,11741.25,11970.057999960602,367.93870262434865,135378.88888888888,11115.0,11985.0,11406.25,11982.5,576.25,10.0,0.03143969090184984,0,0,11489.475,11904.525,606.3312082660323,606.3312082660323,0.05464083137433958,0.05320026476881002
MX--PE,MX,PE,4242.004305490678,10,4241.9,4240.0,4241.125,4240.666666666667,3.178049716414141,10.100000000000001,4240.0,4250.0,4240.0,4243.0,3.0,0.0,0.000749204299114581,1,0,4240.3,4243.902499999999,0.10430549067859829,-0.10430549067859829,-2.4588728149943057e-05,-2.45890304576529e-05
MX--PH,MX,PH,14235.182311520231,10,14220.7,14220.0,14220.0,14220.16086666667,3.945461527713414,15.566666666666668,14217.0,14230.0,14217.75,14222.25,4.5,3.0,0.00027744495894811184,1,0,14218.7925,14223.3,14.482311520230724,-14.482311520230724,-0.0010173604526659624,-0.0010178783150762588
MX--PK,MX,PK,14066.453084225219,10,14443.9,14402.5,14438.125,14437.32004285909,150.2586288888447,22577.655555555553,14264.0,14670.0,14320.0,14568.75,248.75,115.5,0.010402912571316937,0,0,14358.287499999999,14533.94,377.4469157747808,377.4469157747808,0.02683312655399018,0.026479431428598217
MX--PL,MX,PL,10192.871677759145,10,10172.3,10171.5,10173.5,10172.386642865822,9.753062197188237,95.12222222222225,10150.0,10185.0,10170.0,10175.0,5.0,2.5,0.0009587863312317016,3,0,10166.5,10177.8,20.57167775914604,-20.57167775914604,-0.002018241611344275,-0.002020281005400408
MX--PT,MX,PT,8683.463178335352,10,7474.4,7485.0,7477.75,7482.8726199770645,27.980945897759305,782.9333333333333,7418.0,7504.0,7474.75,7485.75,11.0,6.5,0.003743570841506918,3,0,7455.4975,7488.905,1209.0631783353529,-1209.0631783353529,-0.1392374394299135,-0.14993658428201478
MX--RU,MX,RU,10735.215575427284,10,10732.1,10730.5,10732.0,10730.833333333316,2.5144029554194813,6.322222222222222,10730.0,10735.0,10730.0,10735.0,5.0,0.5,0.00023428806621439245,0,0,10730.6,10733.6,3.115575427284057,-3.115575427284057,-0.0002902201083335069,-0.0002902622303390674
MX--SA,MX,SA,13896.334176917055,10,14076.8,13953.5,14075.125,14010.549960001934,213.20558675190063,45456.62222222222,13835.0,14332.0,13920.25,14316.0,395.75,91.0,0.015145884487376438,0,0,13953.2925,14205.1025,180.46582308294455,180.46582308294455,0.012986577667563077,0.01290297509738421
MX--SE,MX,SE,9597.983316257523,10,9566.6,9565.0,9566.375,9565.907966666673,4.141926551202419,17.155555555555562,9560.0,9575.0,9565.0,9569.25,4.25,1.5,0.0004329570120212425,0,0,9564.2,9569.0025,31.383316257522893,-31.383316257522893,-0.003269782330665686,-0.0032751397504961395
MX--SG,MX,SG,16619.715449178875,10,16591.7,16590.0,16591.625,16590.5,4.854551129266914,23.566666666666674,16584.0,16600.0,16590.0,16591.75,1.75,0.5,0.00029258913367930433,3,0,16588.9,16594.5,28.015449178874405,-28.015449178874405,-0.0016856756220972819,-0.001687097971887096
MX--SN,MX,SN,8626.492575918614,10,9052.8,9040.0,9047.875,9042.206500000013,31.509434213334337,992.8444444444445,9030.0,9115.0,9030.75,9053.75,23.0,10.0,0.003480628558383521,2,0,9036.295,9072.5075,426.30742408138576,426.30742408138576,0.04941839575350117,0.04823610189908723
MX--TH,MX,TH,15755.522525889133,10,16225.4,16280.0,16234.875,16274.217428569506,174.06716455948197,30299.377777777776,15915.0,16460.0,16250.0,16297.5,47.5,30.0,0.010728066153036718,3,0,16104.289999999999,16318.84,469.8774741108664,469.8774741108664,0.029823033373775697,0.029386975221657285
MX--TR,MX,TR,11768.795374105772,10,11470.8,11485.0,11485.25,11484.226899671077,156.5998439051301,24523.511111111107,11142.0,11684.0,11387.25,11566.75,179.5,95.5,0.013652042046337666,0,0,11375.779999999999,11560.925,297.9953741057725,-297.9953741057725,-0.02532080511497678,-0.02564689301398463
MX--TZ,MX,TZ,14938.231690550672,10,15313.7,15290.0,15303.375,15295.34142805266,224.3454924887059,50330.899999999994,14995.0,15715.0,15155.5,15415.5,260.0,150.0,0.014649986122798924,0,0,15177.359999999999,15452.6175,375.46830944932844,375.46830944932844,0.025134722584791255,0.024824040621418547
MX--UA,MX,UA,10833.717889250147,10,10802.5,10807.5,10803.125,10803.397133333305,16.768025127207636,281.1666666666667,10775.0,10825.0,10788.5,10815.0,26.5,11.0,0.0015522356053883487,0,0,10792.8,10812.202500000001,31.217889250146982,-31.217889250146982,-0.002881549027700196,-0.0028857086828550315
MX--US,MX,US,3030.093510534221,10,3022.8,3030.0,3031.0,3030.3333333333335,27.41775580410135,751.7333333333333,2945.0,3035.0,3030.0,3032.25,2.25,0.0,0.00907031752153677,1,0,3005.0,3032.3,7.293510534220786,-7.293510534220786,-0.0024070249016621614,-0.0024099264430908433
MX--VN,MX,VN,14772.36666926787,10,15271.3,15297.5,15255.25,15275.668533329133,275.33577480757725,75809.7888888889,14871.0,15800.0,15066.5,15422.5,356.0,144.0,0.01802962254736514,0,0,15113.2675,15432.6075,498.9333307321285,498.9333307321285,0.033774772986788854,0.03321693126382803
MX--ZA,MX,ZA,14607.47105898857,10,14398.2,14391.0,14400.875,14400.87499987272,49.251734318025115,2425.7333333333327,14310.0,14465.0,14370.0,14441.25,71.25,40.0,0.003420686913504821,0,0,14368.4925,14426.0,209.27105898857008,-209.27105898857008,-0.014326303173457056,-0.014429915432393676
MY--NG,MY,NG,10420.365898604718,10,10232.2,10342.5,10249.875,10297.364966670895,307.13435351831146,94331.51111111112,9743.0,10580.0,9951.25,10477.75,526.5,163.5,0.03001645330606433,0,0,10045.84,10408.6025,188.16589860471686,-188.16589860471686,-0.01805751356868497,-0.018222540131716022
MY--NL,MY,NL,10191.674131483782,10,10349.1,10368.0,10354.625,10353.315171429644,85.81562924212712,7364.322222222223,10214.0,10440.0,10273.75,10422.25,148.5,71.0,0.008292086195140361,0,0,10298.0975,10398.605,157.42586851621854,157.42586851621854,0.01544651707710157,0.015328434060626886
MY--NO,MY,NO,9756.41766681565,10,9633.6,9644.0,9637.625,9640.604399888944,39.51427308932531,1561.3777777777782,9560.0,9675.0,9615.5,9666.75,51.25,24.0,0.004101714114072134,0,0,9608.9875,9655.2,122.81766681565023,-122.81766681565023,-0.01258839781258935,-0.012668302985967885
MY--NZ,MY,NZ,8841.078241919804,10,8547.4,8510.5,8532.5,8511.56226666596,101.26554750314202,10254.711111111112,8452.0,8762.0,8495.0,8533.75,38.75,18.0,0.011847526441156612,2,0,8497.695000000002,8606.332499999999,293.67824191980435,-293.67824191980435,-0.033217468942570216,-0.03378169914370042
MY--PE,MY,PE,19013.09740368873,10,19811.5,19800.0,19797.5,19800.0,65.66116728241198,4311.38888888889,19750.0,19985.0,19800.0,19800.0,0.0,0.0,0.003314295600152032,4,0,19780.0,19856.5,798.402596311269,798.402596311269,0.04199224247156967,0.04113449845851951
MY--PH,MY,PH,2466.062114353582,10,2482.5,2482.5,2482.5,2482.5,2.6352313834736494,6.944444444444444,2480.0,2485.0,2480.0,2485.0,5.0,2.5,0.0010615232159007651,0,0,2481.0,2484.0,16.43788564641818,16.43788564641818,0.006665641368375254,0.0066435242099133615
MY--PK,MY,PK,4494.739093847033,10,4413.3,4454.0,4429.375,4450.420333330167,91.01043896169274,8282.9,4223.0,4475.0,4427.75,4463.75,36.0,15.0,0.020621856425281023,2,0,4352.9975,4460.005,81.43909384703238,-81.43909384703238,-0.018118758874907003,-0.018284913658812615
MY--PL,MY,PL,9097.205754114833,10,9425.6,9426.0,9425.875,9425.793244444474,9.155447680054877,83.82222222222222,9412.0,9437.0,9418.5,9433.25,14.75,8.0,0.0009713384484865554,0,0,9420.1,9431.202500000001,328.39424588516704,328.39424588516704,0.03609836413083526,0.035462085402433056
MY--PT,MY,PT,11578.724073923351,10,11723.2,11746.5,11735.5,11738.386457143744,148.06890287970666,21924.4,11438.0,11910.0,11640.5,11821.0,180.5,98.0,0.01263041685544106,0,0,11630.824999999999,11804.6075,144.47592607664956,144.47592607664956,0.012477706969632893,0.012400501948391698
MY--RU,MY,RU,8120.2776123462945,10,8197.2,8236.0,8209.25,8232.247257142819,80.83701022565235,6534.622222222222,8048.0,8250.0,8193.5,8250.0,56.5,14.0,0.0098615393336325,2,0,8145.7925000000005,8238.82,76.92238765370621,76.92238765370621,0.009472876584508797,0.009428290241903364
MY--SA,MY,SA,6341.828455301534,10,6350.9,6361.5,6353.0,6358.287700000177,20.04688947886374,401.87777777777774,6315.0,6370.0,6335.0,6365.0,30.0,6.5,0.003156543085053101,0,0,6338.0,6362.1025,9.071544698465914,9.071544698465914,0.0014304304763845257,0.0014294083852814418
MY--SE,MY,SE,9341.491142366964,10,9327.9,9312.5,9322.5,9320.33470000067,57.25469413069989,3278.1000000000004,9268.0,9431.0,9281.5,9362.75,81.25,38.0,0.006138004709602364,0,0,9296.789999999999,9361.605,13.59114236696405,-13.59114236696405,-0.0014549221489193963,-0.0014559815758629455
MY--SG,MY,SG,316.8988719686071,10,315.0,315.0,315.0,315.0,0.0,0.0,315.0,315.0,315.0,315.0,0.0,0.0,0.0,0,0,315.0,315.0,1.898871968607125,-1.898871968607125,-0.005992043950207662,-0.0060100682833577135
MY--SN,MY,SN,13043.639094479997,10,13538.0,13560.0,13501.875,13501.875000000118,518.1246096366309,268453.1111111112,12885.0,14480.0,13059.5,13837.5,778.0,393.5,0.038271872480176605,0,0,13246.7225,13835.53,494.36090552000314,494.36090552000314,0.037900535421070816,0.03719995685858574
MY--TH,MY,TH,1177.7394610704162,10,1183.4,1185.0,1183.625,1184.4285714285713,2.3664319132398464,5.6,1180.0,1185.0,1181.0,1185.0,4.0,0.0,0.001999688958289544,0,0,1181.9,1184.5,5.660538929583936,5.660538929583936,0.004806274321859966,0.004794761061286167
MY--TR,MY,TR,7987.759450740217,10,8055.4,8031.5,8040.5,8038.223242858895,94.50596688980956,8931.37777777778,7944.0,8286.0,8006.0,8071.5,65.5,39.5,0.011732001749113584,1,0,8006.6825,8125.005,67.64054925978235,67.64054925978235,0.008468025317601942,0.008432372721211768
MY--TZ,MY,TZ,7402.73482591565,10,7444.3,7404.5,7426.75,7404.9999999995225,109.26832416883984,11939.56666666667,7357.0,7672.0,7386.25,7427.0,40.75,23.0,0.01467811938917559,2,0,7388.8,7519.0075,41.565174084350474,41.565174084350474,0.005614840334255691,0.005599135876192068
MY--UA,MY,UA,8411.290456319653,10,8542.9,8539.0,8548.25,8546.960677778345,60.434445659923306,3652.322222222223,8430.0,8613.0,8507.75,8598.25,90.5,51.5,0.007074230724920496,0,0,8506.2925,8576.5025,131.60954368034618,131.60954368034618,0.015646771962495244,0.015525623315422007
MY--US,MY,US,15344.127499182949,10,15716.7,15660.0,15669.625,15667.90835714041,392.96170296862266,154418.90000000002,15100.0,16710.0,15650.25,15695.0,44.75,22.5,0.02500281248408525,2,0,15503.4675,15979.505,372.57250081705206,372.57250081705206,0.024281113464215607,0.02399101380965766
MY--VN,MY,VN,2027.1201148112582,10,2042.5,2042.0,2042.25,2042.2118000048742,2.798809270624444,7.833333333333332,2038.0,2049.0,2041.25,2043.0,1.75,1.0,0.0013702860566092748,2,0,2041.0,2044.3,15.37988518874181,15.37988518874181,0.007587061603487569,0.007558424607490387
MY--ZA,MY,ZA,8519.437119588007,10,8503.9,8494.0,8501.125,8497.32343992186,45.209266503425795,2043.8777777777775,8440.0,8590.0,8480.25,8523.75,43.5,22.0,0.005316297993088559,1,0,8478.6875,8532.51,15.537119588007045,-15.537119588007045,-0.001823726071325051,-0.00182539108437646
NG--NL,NG,NL,4803.701354562851,10,4891.3,4891.5,4892.875,4892.875000000348,68.55824774112399,4700.233333333333,4780.0,4990.0,4839.25,4951.75,112.5,60.0,0.014016365330510087,0,0,4849.495,4931.1075,87.59864543714957,87.59864543714957,0.018235656001791826,0.01807138053510036
NG--NO,NG,NO,5646.7717130159035,10,5436.8,5405.0,5444.125,5408.992666666652,140.32169389576856,19690.17777777777,5170.0,5645.0,5378.75,5533.5,154.75,30.0,0.025809611149162845,0,0,5360.725,5520.424999999999,209.97171301590333,-209.97171301590333,-0.03718438139298513,-0.03789335113685411
NG--NZ,NG,NZ,16223.187399540882,10,16149.0,16182.5,16172.5,16187.51724801737,551.2803279639135,303910.0,15320.0,16790.0,15842.5,16638.75,796.25,435.0,0.03413711858095941,0,0,15821.4625,16452.0625,74.18739954088232,-74.18739954088232,-0.004572923785801909,-0.004583411587269196
NG--PE,NG,PE,9643.897366310626,10,8349.1,8327.5,8327.375,8322.817624990226,201.84066873540516,40739.65555555556,8125.0,8747.0,8181.25,8433.75,252.5,142.5,0.02417514088170044,0,0,8234.195000000002,8480.635,1294.7973663106259,-1294.7973663106259,-0.13426079904518562,-0.14417156940741724
NG--PH,NG,PH,12235.34688266842,10,12169.2,12215.0,12178.0,12174.74879999999,272.4248316304681,74215.28888888888,11718.0,12550.0,11972.0,12306.25,334.25,216.0,0.022386420769686426,0,0,12008.58,12313.112500000001,66.1468826684195,-66.1468826684195,-0.005406212288277474,-0.005420878737773296
NG--PK,NG,PK,7205.476952378416,10,6704.0,6735.0,6717.75,6727.833333311849,218.41296257828247,47704.22222222222,6338.0,6960.0,6591.25,6851.5,260.25,137.5,0.032579499191271254,0,0,6575.295,6816.2074999999995,501.4769523784162,-501.4769523784162,-0.0695966354056391,-0.072137061496215
NG--PL,NG,PL,4940.545235260267,10,4949.5,4945.0,4938.125,4938.141356931892,79.17806935425153,6269.166666666666,4855.0,5135.0,4898.75,4970.0,71.25,42.5,0.01599718544383302,1,0,4908.0,4997.0,8.954764739733037,8.954764739733037,0.0018125053639472043,0.0018108647582054463
NG--PT,NG,PT,3682.00110841764,10,3800.1,3805.0,3803.25,3802.9618444444864,16.01700485248239,256.5444444444444,3761.0,3814.0,3794.25,3810.75,16.5,9.0,0.004214890358801713,1,0,3790.3975,3808.3,118.09889158236001,118.09889158236001,0.03207464856878157,0.03157099832787992
NG--RU,NG,RU,5807.769283957347,10,5339.6,5317.5,5340.625,5325.333333335076,115.04704351795496,13235.822222222223,5140.0,5531.0,5294.0,5370.25,76.25,43.5,0.02154600410479342,3,0,5277.095,5408.1025,468.16928395734703,-468.16928395734703,-0.08061086125624155,-0.08404580909749725
NG--SA,NG,SA,4500.0833361671885,10,4414.0,4420.0,4415.0,4417.952914288441,121.88974981970843,14857.111111111111,4240.0,4580.0,4327.75,4505.25,177.5,96.0,0.027614352020776715,0,0,4342.7,4484.01,86.08333616718846,-86.08333616718846,-0.019129276001476757,-0.019314607918516188
NG--SE,NG,SE,5648.083214797142,10,5517.8,5439.0,5493.75,5438.3333333356395,208.47957533852886,43463.73333333333,5315.0,5913.0,5430.0,5449.0,19.0,11.0,0.03778309749148734,3,0,5412.4,5658.820000000001,130.28321479714214,-130.28321479714214,-0.023066801575412237,-0.02333700345856395
NG--SG,NG,SG,10690.478531487915,10,10739.6,10781.5,10747.625,10755.750214292157,235.6071117583489,55510.711111111115,10390.0,11025.0,10543.75,10949.75,406.0,172.5,0.021938164527389184,0,0,10594.99,10875.7175,49.1214685120849,49.1214685120849,0.0045948802354732485,0.004584355999372822
NG--SN,NG,SN,2792.475346325268,10,3119.5,3122.5,3121.875,3120.8333333336664,24.08895551446301,580.2777777777778,3070.0,3150.0,3110.0,3130.0,20.0,12.5,0.007722056584216384,1,0,3105.9875,3132.5,327.0246536747318,327.0246536747318,0.11710923575568064,0.11074430917814251
NG--TH,NG,TH,10098.775445297742,10,10139.8,10185.0,10143.5,10164.856957141554,196.0100904432105,38419.955555555556,9820.0,10430.0,10049.0,10258.75,209.75,100.5,0.01933076495031564,0,0,10018.09,10252.6075,41.024554702256864,41.024554702256864,0.004062329628426285,0.004054100645786589
NG--TR,NG,TR,4240.937563878063,10,4209.9,4199.0,4207.375,4202.95675714359,88.33075467934269,7802.32222222222,4080.0,4360.0,4143.5,4253.5,110.0,60.5,0.020981675260538894,0,0,4158.587500000001,4261.3025,31.037563878063338,-31.037563878063338,-0.007318561853497672,-0.007345473912740581
NG--TZ,NG,TZ,3557.1927842916293,10,3785.5,3781.0,3781.25,3778.666666668926,106.80745916523496,11407.833333333334,3635.0,3970.0,3721.25,3836.25,115.0,60.0,0.028214888169392407,0,0,3721.5899999999997,3851.8050000000003,228.30721570837068,228.30721570837068,0.06418185056389493,0.062206288499741025
NG--UA,NG,UA,5050.317778330715,10,5089.1,5162.5,5099.75,5154.771833331494,159.60538141860312,25473.87777777778,4825.0,5268.0,4976.0,5183.75,207.75,32.5,0.03136220184681046,0,0,4990.322499999999,5186.02,38.78222166928572,38.78222166928572,0.007679164633102442,0.007649829930002981
NG--US,NG,US,8912.837189115719,10,8598.5,8581.5,8591.0,8591.77894433941,57.47511538821726,3303.3888888888887,8535.0,8722.0,8561.25,8632.5,71.25,42.5,0.006684318821680207,0,0,8568.6,8635.5025,314.3371891157185,-314.3371891157185,-0.035267915529701856,-0.03590484886350274
NG--VN,NG,VN,10509.155498205999,10,10666.1,10617.5,10643.75,10646.127888889363,190.29185187203598,36210.98888888888,10465.0,11046.0,10508.75,10792.5,283.75,135.0,0.017840808905976502,0,0,10567.94,10783.702500000001,156.94450179400155,156.94450179400155,0.014934073610462163,0.014823658276352108
NG--ZA,NG,ZA,4454.133473532923,10,4510.4,4512.0,4511.125,4511.888050000017,5.853773711604051,34.266666666666666,4500.0,4515.0,4510.0,4515.0,5.0,3.0,0.001297839152093839,2,0,4506.795,4513.6,56.2665264670768,56.2665264670768,0.01263242936059736,0.012553305875930964
NL--NO,NL,NO,916.4123574186069,10,917.0,918.0,917.25,917.8571428547998,2.70801280154532,7.333333333333332,912.0,920.0,918.0,918.0,0.0,0.0,0.002953121920987263,3,0,915.2,918.4,0.5876425813930837,0.5876425813930837,0.0006412425330539875,0.000641037024909893
NL--NZ,NL,NZ,18559.7377139544,10,18548.0,18570.0,18550.0,18566.78266666707,37.94733192202055,1440.0,18500.0,18580.0,18505.0,18580.0,75.0,10.0,0.0020458988528154276,0,0,18524.0,18570.0,11.737713954400533,-11.737713954400533,-0.0006324288702407345,-0.0006326289377354415
NL--PE,NL,PE,10520.554598873148,10,10512.0,10512.0,10512.0,10512.0,0.0,0.0,10512.0,10512.0,10512.0,10512.0,0.0,0.0,0.0,0,0,10512.0,10512.0,8.55459887314828,-8.55459887314828,-0.0008131319307125272,-0.000813462701800079
NL--PH,NL,PH,10403.669642766034,10,10410.0,10410.0,10410.0,10410.0,0.0,0.0,10410.0,10410.0,10410.0,10410.0,0.0,0.0,0.0,0,0,10410.0,10410.0,6.330357233966424,6.330357233966424,0.0006084734955389612,0.0006082884506010434
NL--PK,NL,PK,5697.10532452438,10,5543.5,5450.0,5518.125,5450.927379975902,165.25754311242665,27310.05555555555,5440.0,5850.0,5447.25,5592.5,145.25,6.5,0.029811047733819183,2,0,5463.285,5643.7,153.6053245243802,-153.6053245243802,-0.026961994868368325,-0.027332137814204353
NL--PL,NL,PL,1094.9218044055763,10,1094.8,1095.0,1094.875,1094.8,0.42163702135578396,0.1777777777777778,1094.0,1095.0,1095.0,1095.0,0.0,0.0,0.0003851269833355718,2,0,1094.5,1095.0,0.121804405576313,-0.121804405576313,-0.00011124484423108148,-0.00011125103239770695
NL--PT,NL,PT,1863.734590183404,10,1863.8,1864.0,1863.875,1863.8,0.42163702135578396,0.1777777777777778,1863.0,1864.0,1864.0,1864.0,0.0,0.0,0.00022622439175651034,2,0,1863.5,1864.0,0.0654098165960022,0.0654098165960022,3.5096100560952425e-05,3.509548470712171e-05
NL--RU,NL,RU,2153.7587182460625,10,2157.1,2160.0,2157.25,2159.1724666666937,5.6656861896861175,32.099999999999994,2148.0,2165.0,2152.0,2160.0,8.0,1.0,0.002626529224276166,0,0,2153.6974999999998,2160.3,3.3412817539374373,3.3412817539374373,0.0015513723638729817,0.0015501702289125998
NL--SA,NL,SA,4668.278240051819,10,4866.4,4890.0,4886.75,4889.555219990502,73.18196499138296,5355.6,4660.0,4910.0,4883.75,4890.75,7.0,1.5,0.015038214078452853,3,0,4819.0,4893.905,198.12175994818062,198.12175994818062,0.04244000673489878,0.04156412553839868
NL--SE,NL,SE,1131.6300553848139,10,1125.0,1125.0,1125.0,1125.0,0.0,0.0,1125.0,1125.0,1125.0,1125.0,0.0,0.0,0.0,0,0,1125.0,1125.0,6.630055384813886,-6.630055384813886,-0.005858854095704729,-0.005876084514664223
NL--SG,NL,SG,10501.875707111722,10,10512.0,10512.0,10512.0,10512.0,0.0,0.0,10512.0,10512.0,10512.0,10512.0,0.0,0.0,0.0,0,0,10512.0,10512.0,10.124292888278433,10.124292888278433,0.0009640461542905525,0.000963581760237677
NL--SN,NL,SN,4622.391187616452,10,4649.2,4650.0,4649.25,4649.333333333333,1.0327955589886446,1.0666666666666669,4648.0,4650.0,4648.0,4650.0,2.0,0.0,0.00022214479028405848,0,0,4648.6,4649.8,26.808812383547775,26.808812383547775,0.005799771437642388,0.005783017511361009
NL--TH,NL,TH,9184.527369269523,10,9188.0,9185.0,9185.0,9185.268111111107,12.292725943057183,151.11111111111111,9180.0,9220.0,9180.0,9190.0,10.0,5.0,0.001337910964633999,1,0,9182.0,9196.0,3.472630730477249,3.472630730477249,0.0003780957463414298,0.00037802428615677105
NL--TR,NL,TR,2538.4405504203605,10,2519.7,2584.0,2544.0,2587.6900857155906,165.17065249142914,27281.344444444447,2207.0,2638.0,2574.75,2607.0,32.25,19.0,0.06555171349423707,2,0,2405.375,2602.9025,18.740550420360705,-18.740550420360705,-0.007382702114988397,-0.007410089136987624
NL--TZ,NL,TZ,7113.778557184179,10,7006.8,6963.0,6998.5,6983.870271219349,110.29838318549066,12165.73333333333,6900.0,7180.0,6910.25,7105.0,194.75,60.5,0.015741620024189454,0,0,6940.9975,7073.9375,106.9785571841785,-106.9785571841785,-0.015038218623791887,-0.015152439196103427
NL--UA,NL,UA,1785.0113835275376,10,1749.7,1781.0,1781.125,1781.1250000001544,100.03782617923416,10007.566666666668,1465.0,1783.0,1780.25,1782.0,1.75,1.0,0.05717427340643205,1,0,1686.1,1781.7,35.3113835275376,-35.3113835275376,-0.01978216153319722,-0.019980447869181902
NL--US,NL,US,6206.190650303078,10,6196.2,6200.0,6197.5,6199.571428573771,6.908931417616861,47.73333333333333,6182.0,6200.0,6196.25,6200.0,3.75,0.0,0.0011150271807909462,2,0,6191.9,6200.0,9.990650303077928,-9.990650303077928,-0.001609787849909193,-0.0016110849505948802
NL--VN,NL,VN,8893.9631609998,10,8291.3,8290.5,8290.5,8290.5,3.1287200080686173,9.788888888888888,8289.0,8300.0,8290.0,8291.0,1.0,0.5,0.00037734975312298647,1,0,8290.0,8293.3025,602.6631609998003,-602.6631609998003,-0.06776092390875757,-0.07016597778082025
NL--ZA,NL,ZA,8939.953838554835,10,9223.2,9215.0,9203.375,9206.578375019482,221.14389483370826,48904.62222222222,9015.0,9590.0,9016.25,9288.0,271.75,197.5,0.02397691634505467,0,0,9097.9625,9364.0,283.24616144516585,283.24616144516585,0.03168317941683615,0.031191623237128478
NO--NZ,NO,NZ,17661.515954076174,10,17470.3,17463.0,17467.875,17470.299999999937,99.54010916878349,9908.233333333335,17360.0,17600.0,17373.75,17562.5,188.75,100.5,0.005697676008356095,0,0,17416.6,17528.802499999998,191.21595407617497,-191.21595407617497,-0.01082670109255505,-0.010885736311956001
NO--PE,NO,PE,11033.614836586856,10,10694.0,10662.5,10681.875,10687.122999991278,235.78238554508974,55593.33333333334,10440.0,11045.0,10472.5,10901.25,428.75,195.0,0.022048100387608915,0,0,10552.0,10822.0625,339.61483658685574,-339.61483658685574,-0.0307800155811776,-0.03126367075294129
NO--PH,NO,PH,9696.528062913647,10,9471.7,9404.0,9472.25,9470.619166662947,182.49630133238315,33304.899999999994,9245.0,9694.0,9315.0,9670.0,355.0,137.5,0.01926753395191815,0,0,9368.495,9575.6,224.82806291364614,-224.82806291364614,-0.023186449980333375,-0.02345948443534974
NO--PK,NO,PK,5312.256150502484,10,5213.5,5223.5,5216.875,5216.874999998858,46.55999713631148,2167.833333333333,5120.0,5280.0,5185.0,5243.75,58.75,34.0,0.008930660235218468,0,0,5185.195,5239.3,98.75615050248416,-98.75615050248416,-0.01859024634818162,-0.01876521686765223
NO--PL,NO,PL,1063.2419616955133,10,967.7,966.5,967.0,966.7325999999766,6.2012543533994435,38.45555555555555,961.0,980.0,962.5,970.0,7.5,4.0,0.006408240522268723,0,0,964.2975,971.2,95.54196169551324,-95.54196169551324,-0.08985909617708837,-0.09415585209178162
NO--PT,NO,PT,2741.1243604470806,10,2762.1,2763.0,2762.625,2762.559422222222,3.2128215360057304,10.322222222222221,2755.0,2765.0,2760.25,2764.75,4.5,2.0,0.001163180745087336,0,0,2760.1,2763.7,20.975639552919347,20.975639552919347,0.007652202817057959,0.007623073222414822
NO--RU,NO,RU,1648.9149949297591,10,1642.9,1643.0,1643.0,1643.00435,1.1972189997378648,1.4333333333333336,1641.0,1644.0,1642.25,1644.0,1.75,1.0,0.0007287229896754914,0,0,1642.2,1643.6,6.014994929759041,-6.014994929759041,-0.0036478502216636516,-0.0036545198520990378
NO--SA,NO,SA,4801.67564551418,10,4743.9,4768.5,4750.75,4751.2699571428575,88.97996029069317,7917.433333333333,4583.0,4850.0,4679.75,4818.75,139.0,65.5,0.018756710784521846,0,0,4689.695,4796.8,57.775645514180724,-57.775645514180724,-0.012032392393716944,-0.012105367595336196
NO--SE,NO,SE,419.02432565533144,10,416.8,417.0,416.875,416.8,0.4216370213557839,0.17777777777777778,416.0,417.0,417.0,417.0,0.0,0.0,0.001011605137609846,2,0,416.5,417.0,2.224325655331427,-2.224325655331427,-0.005308344931652122,-0.005322484254407952
NO--SG,NO,SG,10056.000762360305,10,9663.4,9663.0,9663.625,9663.275771448081,7.0898989179442236,50.26666666666667,9650.0,9675.0,9660.5,9666.75,6.25,4.0,0.0007336857542836086,1,0,9659.2,9667.5025,392.60076236030545,-392.60076236030545,-0.039041441189007604,-0.03982399392710703
NO--SN,NO,SN,5518.823019077122,10,5162.2,5145.5,5153.375,5146.166666666738,49.70758940488308,2470.844444444445,5115.0,5280.0,5140.0,5153.5,13.5,7.5,0.009629148309806494,3,0,5137.59,5195.01,356.6230190771221,-356.6230190771221,-0.0646193976223499,-0.06680177115398106
NO--TH,NO,TH,8681.465564165668,10,8661.5,8660.5,8661.25,8660.714285714286,2.0138409955990952,4.055555555555555,8660.0,8665.0,8660.0,8663.25,3.25,0.5,0.000232504877399884,0,0,8660.4,8662.8,19.965564165668184,-19.965564165668184,-0.0022997918978196136,-0.002302440480778521
NO--TR,NO,TR,2704.0156611690363,10,2802.6,2912.5,2808.875,2896.9675000063967,155.5350621421278,24191.155555555557,2617.0,2938.0,2623.5,2919.25,295.75,25.0,0.05549670382577885,0,0,2710.49,2891.8025000000002,98.58433883096359,98.58433883096359,0.036458494026747716,0.03580960773758095
NO--TZ,NO,TZ,7652.737178326697,10,7620.1,7666.5,7622.625,7629.038084954631,193.8530084597319,37578.98888888889,7335.0,7885.0,7496.0,7761.5,265.5,159.0,0.025439693502674755,0,0,7500.9925,7730.015,32.63717832669681,-32.63717832669681,-0.004264771880462393,-0.00427389195933233
NO--UA,NO,UA,1632.1575353448625,10,1590.6,1619.5,1601.25,1618.2978500355043,67.56757933933831,4565.377777777777,1463.0,1633.0,1608.5,1629.25,20.75,11.0,0.042479302992165416,2,0,1544.095,1625.2025,41.55753534486257,-41.55753534486257,-0.02546171827468957,-0.025791477352724797
NO--US,NO,US,6247.236504991629,10,6085.9,6057.0,6069.875,6059.896366666517,62.229771367444734,3872.5444444444443,6050.0,6250.0,6057.0,6076.0,19.0,3.5,0.010225237247973962,2,0,6057.7,6129.5175,161.33650499162923,-161.33650499162923,-0.025825259674852892,-0.026164586579447414
NO--VN,NO,VN,8283.764374187,10,8307.0,8292.0,8303.875,8297.059750000166,27.198856185100464,739.7777777777777,8284.0,8355.0,8291.0,8313.75,22.75,7.5,0.003274209243421267,2,0,8292.2,8323.5025,23.235625813000297,23.235625813000297,0.0028049597699090433,0.002801033211099655
NO--ZA,NO,ZA,9623.202914754816,10,9603.6,9607.0,9606.125,9607.80712500032,36.636957661174144,1342.2666666666669,9542.0,9645.0,9585.0,9633.75,48.75,27.5,0.003814919161686674,0,0,9582.1975,9623.5,19.602914754816084,-19.602914754816084,-0.0020370468053583107,-0.0020391244071294393
NZ--PE,NZ,PE,10603.194453734135,10,10762.0,10760.0,10760.0,10759.445642857156,16.36391694484477,267.7777777777778,10740.0,10800.0,10752.5,10763.75,11.25,7.5,0.0015205274990563809,1,0,10754.0,10771.5,158.8055462658649,158.8055462658649,0.014977141743348698,0.01486609179025869
NZ--PH,NZ,PH,8297.851486247824,10,8423.4,8460.0,8458.625,8459.005628573612,139.54465633305747,19472.71111111112,8040.0,8525.0,8430.0,8488.75,58.75,31.0,0.016566310080615605,1,0,8334.9675,8483.0025,125.5485137521755,125.5485137521755,0.015130243528731414,0.015016923009123101
NZ--PK,NZ,PK,13275.521678301031,10,13590.0,13508.5,13564.375,13569.015671427554,474.54047948164197,225188.66666666666,12940.0,14445.0,13335.0,13922.0,587.0,365.5,0.034918357577751434,0,0,13297.5,13848.085,314.478321698969,314.478321698969,0.023688584849587257,0.02341236400673393
NZ--PL,NZ,PL,17691.173617194832,10,17968.7,18112.5,18017.5,18081.408540192708,264.4285452736817,69922.45555555554,17365.0,18182.0,17818.75,18137.5,318.75,53.5,0.014716064338192619,0,0,17790.975,18103.2,277.5263828051684,277.5263828051684,0.015687279363729056,0.015565505875567797
NZ--PT,NZ,PT,19574.147927995775,10,18631.5,18630.0,18631.25,18630.428571428572,2.41522945769824,5.833333333333334,18630.0,18635.0,18630.0,18633.75,3.75,0.0,0.0001296315088800279,0,0,18630.0,18633.0,942.6479279957748,-942.6479279957748,-0.048157801374718326,-0.049356015676658205
NZ--RU,NZ,RU,16540.092712129524,10,16545.1,16540.5,16546.375,16546.727042762075,24.92410702735629,621.2111111111111,16500.0,16580.0,16540.0,16560.0,20.0,19.5,0.001506434353818127,1,0,16531.2,16558.1,5.0072878704741015,5.0072878704741015,0.0003027363847121639,0.0003026905692992353
NZ--SA,NZ,SA,14909.574515612963,10,14770.0,14870.0,14788.875,14844.728500002668,230.81353705727247,53274.88888888889,14371.0,15018.0,14629.75,14927.5,297.75,82.5,0.015627185988982564,0,0,14631.18,14890.0275,139.5745156129633,-139.5745156129633,-0.009361401659504373,-0.00940549497929132
NZ--SE,NZ,SE,17431.595018365642,10,17426.3,17430.0,17429.0,17429.79317142369,9.534149149242424,90.90000000000003,17400.0,17431.0,17427.0,17430.75,3.75,1.0,0.000547112648654185,1,0,17420.0,17430.3,5.295018365643045,-5.295018365643045,-0.0003037598315050517,-0.00030380597586749194
NZ--SG,NZ,SG,8524.39955416985,10,8414.2,8415.0,8414.375,8414.57142857143,1.3165611772087666,1.7333333333333334,8412.0,8415.0,8413.5,8415.0,1.5,0.0,0.0001564689664149612,0,0,8413.5,8414.8,110.19955416984885,-110.19955416984885,-0.012927544452787052,-0.01301183236743288
NZ--SN,NZ,SN,16831.97657147853,10,18884.8,18900.0,18889.75,18889.187788887175,128.80803977668128,16591.511111111107,18680.0,19050.0,18780.0,18996.25,216.25,111.5,0.006820725651141727,0,0,18808.5,18957.5125,2052.8234285214676,2052.8234285214676,0.12195973656474418,0.11507692104194123
NZ--TH,NZ,TH,9738.52130758697,10,9615.1,9602.5,9605.125,9603.479785714524,50.278004910475296,2527.877777777778,9570.0,9740.0,9582.5,9622.75,40.25,22.5,0.005229067291081246,1,0,9592.0975,9647.6225,123.42130758697022,-123.42130758697022,-0.012673516203205986,-0.012754510256971054
NZ--TR,NZ,TR,16822.326113303774,10,17309.9,17330.0,17305.0,17322.246666660347,164.5974550903574,27092.322222222225,17094.0,17565.0,17148.75,17430.0,281.25,100.0,0.009508862274788265,0,0,17211.675,17403.6125,487.5738866962274,487.5738866962274,0.02898373764794836,0.028571652691991772
NZ--TZ,NZ,TZ,13304.17710041557,10,13210.0,13260.0,13233.25,13233.250000000353,478.97691895214416,229418.88888888888,12380.0,13854.0,12853.75,13570.0,716.25,400.5,0.036258661540661936,0,0,12919.4875,13491.26,94.17710041557075,-94.17710041557075,-0.007078761783216868,-0.007103935084956721
NZ--UA,NZ,UA,17096.747525416675,10,17274.0,17278.5,17276.125,17277.83333333345,59.28649836926523,3514.888888888889,17180.0,17351.0,17250.0,17317.5,67.5,40.0,0.0034321233280806547,0,0,17240.397500000003,17306.605,177.25247458332524,177.25247458332524,0.010367613741725727,0.010314238632408067
NZ--US,NZ,US,14074.670366616207,10,14387.8,14407.5,14406.0,14405.881342856846,74.07323703230773,5486.844444444446,14185.0,14445.0,14386.75,14419.0,32.25,19.0,0.005148336579067525,1,0,14341.297499999999,14419.804999999998,313.1296333837927,313.1296333837927,0.02224774188150841,0.02200387129124197
NZ--VN,NZ,VN,9897.357844060565,10,9406.8,9383.0,9391.0,9397.412633324002,203.32775948644536,41342.17777777777,9190.0,9750.0,9216.0,9547.5,331.5,174.5,0.02161497634545705,0,0,9291.1725,9529.814999999999,490.5578440605659,-490.5578440605659,-0.04956452538037222,-0.0508350050816884
NZ--ZA,NZ,ZA,11827.417766624114,10,11583.0,11635.0,11591.25,11620.978333332681,91.89970378382922,8445.555555555555,11430.0,11670.0,11510.0,11640.0,130.0,25.0,0.007934015694019617,0,0,11523.975,11631.0,244.41776662411394,-244.41776662411394,-0.020665353287328568,-0.02088186982201558
PE--PH,PE,PH,18061.562360216984,10,18036.0,18120.0,18103.25,18120.668500000193,229.11229658061666,52492.444444444445,17400.0,18134.0,18115.0,18130.0,15.0,10.0,0.012703054811522325,2,0,17889.587499999998,18125.602499999997,25.562360216983507,-25.562360216983507,-0.0014152906435872922,-0.0014162931133591974
PE--PK,PE,PK,16162.263423580987,10,16696.7,16705.0,16707.75,16716.166666667305,279.04800463162053,77867.78888888891,16255.0,17050.0,16532.5,16895.25,362.75,206.0,0.016712763877390173,0,0,16527.695,16850.9075,534.4365764190134,534.4365764190134,0.033066938857045376,0.03253198848048832
PE--PL,PE,PL,11605.331422578916,10,11436.9,11413.5,11428.625,11416.157114173278,69.54526902992355,4836.544444444443,11365.0,11575.0,11398.75,11435.0,36.25,23.0,0.00608077967193239,2,0,11400.6,11478.7225,168.43142257891668,-168.43142257891668,-0.014513279840610372,-0.01461962771162052
PE--PT,PE,PT,8998.891148044428,10,9606.2,9630.0,9612.625,9627.276866667202,61.540952941020414,3787.2888888888892,9486.0,9675.0,9560.75,9646.5,85.75,19.0,0.006406378478588871,0,0,9568.789999999999,9641.4,607.3088519555731,607.3088519555731,0.06748707612576789,0.06530735937360256
PE--RU,PE,RU,12642.025820968918,10,12639.7,12640.0,12640.25,12640.142857142857,3.772709017845577,14.233333333333338,12630.0,12645.0,12640.0,12640.0,0.0,0.0,0.0002984808989015227,3,0,12637.0,12641.5,2.325820968917469,-2.325820968917469,-0.0001839753376440432,-0.00018399226318241028
PE--SA,PE,SA,13973.306966781403,10,13911.6,13905.0,13902.5,13905.37243332511,326.76161885318714,106773.15555555555,13511.0,14385.0,13615.25,14150.0,534.75,281.5,0.023488428279506823,0,0,13735.695000000002,14090.647500000001,61.706966781403025,-61.706966781403025,-0.00441606034477725,-0.004425839941407984
PE--SE,PE,SE,11441.259792616573,10,11299.2,11280.0,11298.0,11297.999999999582,71.1208673862867,5058.17777777778,11195.0,11413.0,11250.0,11357.5,107.5,53.0,0.006294327685702235,0,0,11258.5975,11340.0,142.05979261657194,-142.05979261657194,-0.012416446719289416,-0.012494174868986614
PE--SG,PE,SG,18810.963551971927,10,18986.8,18982.0,18986.0,18982.413657142857,9.247221805013174,85.5111111111111,18980.0,19000.0,18980.0,18996.0,16.0,2.0,0.00048703424510782093,0,0,18982.0,18992.41,175.83644802807248,175.83644802807248,0.009347551365046359,0.00930413336505731
PE--SN,PE,SN,7204.605952041671,10,6446.0,6452.5,6448.75,6447.423944444097,40.74309757492672,1659.9999999999998,6385.0,6485.0,6415.0,6485.0,70.0,32.5,0.006320679114943643,0,0,6423.0,6469.0125,758.6059520416711,-758.6059520416711,-0.10529457920272436,-0.11126075365933003
PE--TH,PE,TH,19698.995438807557,10,19712.0,19705.0,19711.25,19706.60866666653,13.784048752090222,190.0,19700.0,19730.0,19700.0,19725.0,25.0,5.0,0.0006992719537383432,0,0,19704.0,19720.5,13.004561192443362,13.004561192443362,0.0006601636734644865,0.0006599458612824163
PE--TR,PE,TR,12558.030392220066,10,12183.2,12207.0,12205.875,12207.333333335284,128.50750086192548,16514.17777777778,11875.0,12310.0,12155.0,12257.5,102.5,55.0,0.010547926723843118,1,0,12097.0975,12251.83,374.8303922200648,-374.8303922200648,-0.02984786471390285,-0.03030237928176301
PE--TZ,PE,TZ,12329.431436465999,10,11821.4,11886.5,11832.625,11869.835571210455,127.89422713059935,16356.933333333334,11620.0,11933.0,11714.5,11910.0,195.5,45.0,0.010818873156360443,0,0,11745.585000000001,11889.24,508.0314364659989,-508.0314364659989,-0.04120477404687338,-0.042077755623783936
PE--UA,PE,UA,12276.18489244182,10,11776.4,11840.0,11776.25,11779.104214270477,178.7917472616924,31966.48888888889,11545.0,12009.0,11597.5,11912.25,314.75,142.5,0.015182207403085186,0,0,11676.985,11876.4,499.78489244181947,-499.78489244181947,-0.04071174365820494,-0.041563669136852804
PE--US,PE,US,5639.750595100949,10,5629.6,5630.0,5629.875,5629.777777777777,0.9660917830792958,0.9333333333333331,5627.0,5630.0,5630.0,5630.0,0.0,0.0,0.00017160931204335934,2,0,5629.0,5630.0,10.150595100948522,-10.150595100948522,-0.0017998304942360365,-0.0018014521352180818
PE--VN,PE,VN,18964.769886212795,10,18986.5,19010.0,19011.875,19010.689428536738,93.12625838075961,8672.5,18725.0,19045.0,19000.0,19020.0,20.0,10.0,0.00490486705715954,1,0,18922.5,19023.0,21.730113787205482,21.730113787205482,0.0011458147880298334,0.0011451588432786354
PE--ZA,PE,ZA,10927.706572983134,10,11088.3,11055.0,11060.375,11059.230874998344,120.3735389896338,14489.788888888888,11000.0,11400.0,11017.25,11108.0,90.75,47.5,0.010855905683435136,1,0,11031.787499999999,11164.82,160.59342701686546,160.59342701686546,0.014695986385094286,0.014589046825573363
PH--PK,PH,PK,5243.043281285031,10,4755.5,4758.5,4756.875,4757.336424999996,9.663792676216149,93.38888888888887,4735.0,4765.0,4751.25,4762.25,11.0,5.5,0.0020321296764201765,0,0,4749.2,4761.1,487.5432812850313,-487.5432812850313,-0.09298860511514564,-0.09760026567705946
PH--PL,PH,PL,9401.353126559421,10,9409.2,9410.0,9409.0,9409.045888888886,5.138093031466052,26.4,9402.0,9418.0,9405.0,9411.75,6.75,5.0,0.0005460711889922683,0,0,9406.2,9412.3,7.846873440579657,7.846873440579657,0.0008346536221910162,0.0008343054925548282
PH--PT,PH,PT,12158.658514091412,10,12119.1,12130.0,12124.375,12125.50742000014,32.3880979510821,1048.9888888888886,12045.0,12151.0,12104.25,12138.75,34.5,16.5,0.0026724837612596727,1,0,12099.595000000001,12136.202500000001,39.55851409141178,-39.55851409141178,-0.0032535262048494083,-0.0032588304293124978
PH--RU,PH,RU,8263.687185942246,10,8227.7,8230.0,8228.25,8229.333333333254,9.092732140439297,82.6777777777778,8210.0,8241.0,8226.25,8230.75,4.5,3.0,0.0011051365679885382,3,0,8221.7,8233.0025,35.98718594224556,-35.98718594224556,-0.00435485820463595,-0.004364368219514532
PH--SA,PH,SA,7777.541785883041,10,7478.5,7395.0,7472.625,7399.399079896272,193.80359473790298,37559.833333333336,7230.0,7774.0,7381.0,7651.25,270.25,29.0,0.0259147683008495,0,0,7375.595,7603.4175,299.0417858830406,-299.0417858830406,-0.03844939623800275,-0.03920808532053552
PH--SE,PH,SE,9334.537508472053,10,9206.3,9190.0,9198.0,9196.059843231042,114.86034999076053,13192.900000000001,9053.0,9426.0,9118.75,9271.75,153.0,76.5,0.012476277113580975,0,0,9141.38,9277.6175,128.23750847205338,-128.23750847205338,-0.013737960595869335,-0.013833199642689531
PH--SG,PH,SG,2390.7414869355152,10,2393.0,2394.0,2393.25,2393.9360285714342,2.581988897471611,6.666666666666666,2389.0,2395.0,2391.0,2395.0,4.0,1.0,0.0010789757197959093,0,0,2391.4,2394.4,2.2585130644847595,2.2585130644847595,0.0009446914594600323,0.000944245519311647
PH--SN,PH,SN,14418.882901521349,10,14808.9,14780.0,14798.625,14795.83333333759,365.0919062373199,133292.09999999998,14280.0,15420.0,14575.0,14991.25,416.25,232.5,0.024653546599498945,0,0,14599.995,15035.0625,390.01709847865095,390.01709847865095,0.027049050966181293,0.026689691214042466
PH--TH,PH,TH,2210.5386059799803,10,2208.1,2208.0,2208.0,2208.1,0.31622776601683794,0.1,2208.0,2209.0,2208.0,2208.0,0.0,0.0,0.0001432126108495258,1,0,2208.0,2208.3,2.438605979980366,-2.438605979980366,-0.0011031727622324327,-0.0011037817051915368
PH--TR,PH,TR,8825.320128288235,10,8329.7,8357.0,8333.25,8332.530022221019,83.33073329277207,6944.011111111111,8196.0,8435.0,8266.0,8381.75,115.75,73.0,0.010004049760828368,0,0,8278.177500000002,8378.6075,495.6201282882339,-495.6201282882339,-0.05615888387998507,-0.05779743619711778
PH--TZ,PH,TZ,9678.483597737211,10,9731.9,9783.0,9753.0,9750.5470222102,203.41389114588785,41377.21111111111,9315.0,9980.0,9611.75,9854.5,242.75,168.0,0.020901765446201447,0,0,9611.965,9849.6325,53.416402262788324,53.416402262788324,0.005519087956637841,0.00550391359751303
PH--UA,PH,UA,8803.13834931306,10,8479.0,8366.5,8454.25,8429.896639984554,262.9562701287041,69146.0,8215.0,8941.0,8252.0,8701.0,449.0,144.0,0.031012651271223504,0,0,8328.797499999999,8634.8275,324.13834931305973,-324.13834931305973,-0.036820771916909995,-0.03751577018847324
PH--US,PH,US,13794.409050888704,10,13820.8,13829.5,13822.25,13827.21306666664,19.764165103090548,390.6222222222222,13790.0,13840.0,13805.25,13835.0,29.75,8.0,0.001430030468792729,0,0,13808.495,13831.605,26.390949111295413,26.390949111295413,0.0019131627178762818,0.0019113349529203626
PH--VN,PH,VN,1753.51520467526,10,1752.2,1750.0,1751.5,1750.6666666666486,3.359894178227774,11.28888888888889,1750.0,1760.0,1750.0,1753.75,3.75,0.0,0.001917528922627425,1,0,1750.5,1754.4,1.31520467526002,-1.31520467526002,-0.0007500389342238909,-0.0007503203541513663
PH--ZA,PH,ZA,10977.236086385761,10,11020.0,10962.5,11001.75,11003.83333333341,228.81093602458,52354.444444444445,10711.0,11475.0,10935.0,11137.0,202.0,151.5,0.020763242833446462,1,0,10898.9825,11156.38,42.763913614238845,42.763913614238845,0.0038956904340679806,0.0038881218822108274
PK--PL,PK,PL,4602.495627474602,10,4618.9,4596.5,4615.25,4615.24999998835,142.05276797334463,20178.988888888885,4425.0,4842.0,4497.5,4733.25,235.75,120.5,0.030754674916829688,0,0,4532.9725,4704.405,16.404372525397775,16.404372525397775,0.0035642342444546517,0.003557897414413877
PK--PT,PK,PT,7163.814796154422,10,6982.4,6981.0,6986.75,6987.500000022268,243.7982772703696,59437.60000000001,6610.0,7320.0,6826.5,7152.25,325.75,170.0,0.03491611441200298,0,0,6843.29,7125.8175,181.41479615442222,-181.41479615442222,-0.025323769711607668,-0.02564993463132395
PK--RU,PK,RU,3663.3667982996626,10,3011.4,2820.0,2942.125,2823.6666666651563,412.5191443368955,170172.04444444444,2780.0,3797.0,2815.0,2839.0,24.0,12.5,0.13698583527159977,2,0,2812.4925,3304.71,651.9667982996625,-651.9667982996625,-0.17796929278342272,-0.19597752791253706
PK--SA,PK,SA,2746.9203972212576,10,2614.5,2727.5,2627.875,2725.0065666694986,209.81115847881452,44020.72222222222,2311.0,2811.0,2416.25,2740.25,324.0,15.5,0.08024905659927883,0,0,2486.605,2734.6,132.42039722125764,-132.42039722125764,-0.04820685643283004,-0.049407553969770646
PK--SE,PK,SE,4893.339704305134,10,5117.2,5131.0,5118.0,5118.498828293467,72.93802544321828,5319.955555555557,5013.0,5215.0,5049.0,5177.75,128.75,57.0,0.014253502978820113,0,0,5073.09,5159.2,223.86029569486618,223.86029569486618,0.045747957268921086,0.04473237797361651
PK--SG,PK,SG,4805.798234579985,10,4689.8,4729.0,4720.625,4728.425366666644,103.5275594011351,10717.955555555554,4400.0,4733.0,4721.75,4730.0,8.25,1.5,0.022075047848764358,2,0,4624.8,4729.5,115.99823457998446,-115.99823457998446,-0.024137142035078055,-0.02443321682231795
PK--SN,PK,SN,9176.75777699108,10,8574.8,8585.0,8571.875,8576.28271427891,146.91025227063705,21582.622222222217,8338.0,8835.0,8481.25,8662.5,181.25,85.0,0.0171327905339643,0,0,8496.769999999999,8665.025,601.9577769910811,-601.9577769910811,-0.06559590997382236,-0.06784628974932781
PK--TH,PK,TH,3537.00596976539,10,3462.0,3461.0,3462.0,3461.9884000000643,4.2946995755750415,18.444444444444443,3454.0,3470.0,3460.0,3464.75,4.75,2.0,0.0012405255850881113,0,0,3459.4,3464.5,75.00596976539009,-75.00596976539009,-0.021206062530441598,-0.02143414127264865
PK--TR,PK,TR,3630.164700361784,10,3293.0,3238.5,3288.25,3269.4729666751514,127.53910075824678,16266.222222222223,3151.0,3473.0,3193.75,3419.75,226.0,76.5,0.038730367676357964,0,0,3214.6949999999997,3367.01,337.16470036178407,-337.16470036178407,-0.09287862347627976,-0.09747901585374555
PK--TZ,PK,TZ,5918.593677349072,10,5355.7,5327.0,5361.0,5340.524399993388,166.27089676522198,27646.011111111104,5073.0,5596.0,5253.5,5501.5,248.0,82.0,0.031045595676610336,0,0,5261.7925000000005,5445.015,562.8936773490723,-562.8936773490723,-0.09510598429882272,-0.09993745186254588
PK--UA,PK,UA,3917.0789197104828,10,3991.6,3974.0,3986.375,3981.33333333315,65.40506266507373,4277.822222222221,3895.0,4130.0,3966.25,4007.75,41.5,26.0,0.016385675584996925,2,0,3956.29,4034.3050000000003,74.52108028951716,74.52108028951716,0.01902465633626425,0.01884595054870278
PK--US,PK,US,11400.093863122374,10,11201.8,11197.5,11194.75,11195.273655555671,32.8998480239651,1082.4000000000003,11175.0,11285.0,11177.5,11207.5,30.0,16.5,0.0029370144105380475,1,0,11185.5,11223.3,198.29386312237511,-198.29386312237511,-0.017394055303687154,-0.017547109300173898
PK--VN,PK,VN,3505.121440740511,10,3234.3,3228.0,3236.625,3234.3000000070056,169.28020820193035,28655.78888888889,3015.0,3435.0,3115.75,3399.75,284.0,153.5,0.05233905580865422,0,0,3138.33,3331.4275000000002,270.82144074051075,-270.82144074051075,-0.07726449577259027,-0.08041264651277778
PK--ZA,PK,ZA,8112.013533205837,10,7835.2,7804.0,7832.75,7832.750000007527,253.93691255025442,64483.95555555556,7440.0,8250.0,7641.0,8039.75,398.75,184.5,0.032409755022239944,0,0,7689.7675,7989.442499999999,276.8135332058373,-276.8135332058373,-0.03412389933432984,-0.034719713176125024
PL--PT,PL,PT,2764.3828082154164,10,2756.6,2760.0,2756.75,2759.1104399936726,4.993328882953068,24.933333333333334,2750.0,2762.0,2751.0,2760.0,9.0,1.0,0.001811408576853032,0,0,2753.4,2759.4,7.78280821541648,-7.78280821541648,-0.0028153872872768927,-0.002819357944441876
PL--RU,PL,RU,1153.7042757281965,10,1151.0,1151.0,1151.0,1151.0,0.0,0.0,1151.0,1151.0,1151.0,1151.0,0.0,0.0,0.0,0,0,1151.0,1151.0,2.704275728196535,-2.704275728196535,-0.0023439938510149377,-0.002346745305036821
PL--SA,PL,SA,3759.573078472261,10,3859.3,3876.5,3868.875,3873.2125750007867,63.32991218829991,4010.677777777777,3730.0,3912.0,3842.75,3910.75,68.0,34.5,0.016409688852460264,1,0,3819.5,3893.61,99.72692152773925,99.72692152773925,0.02652612928281321,0.02618041188528946
PL--SE,PL,SE,811.0678916510533,10,810.0,810.0,810.0,810.0,0.0,0.0,810.0,810.0,810.0,810.0,0.0,0.0,0.0,0,0,810.0,810.0,1.0678916510532872,-1.0678916510532872,-0.0013166489045441433,-0.0013175164482970775
PL--SG,PL,SG,9407.779211369656,10,9193.5,9081.0,9187.25,9101.540266664688,189.53407785057195,35923.166666666664,9022.0,9415.0,9035.75,9410.25,374.5,54.0,0.020616095921093376,0,0,9084.755,9304.1175,214.27921136965597,-214.27921136965597,-0.02277681124900247,-0.023040210089884217
PL--SN,PL,SN,5374.182544640709,10,5150.8,5133.0,5146.625,5136.440466666667,70.25002965598425,4935.066666666667,5065.0,5270.0,5100.25,5205.75,105.5,39.0,0.013638663830081589,0,0,5112.8,5190.21,223.38254464070906,-223.38254464070906,-0.04156586472178408,-0.04245443531217369
PL--TH,PL,TH,8098.393477126799,10,8117.5,8113.5,8116.875,8116.2755250000355,11.355370731263884,128.94444444444449,8105.0,8135.0,8110.0,8124.5,14.5,8.5,0.0013988753595643836,0,0,8110.9,8124.0,19.106522873201357,19.106522873201357,0.002359297918428643,0.0023565191448728633
PL--TR,PL,TR,1643.9711830727663,10,1425.9,1426.5,1426.25,1426.3333333334103,3.573047252229764,12.766666666666667,1419.0,1430.0,1424.25,1428.0,3.75,2.0,0.002505818958012318,0,0,1423.8,1427.7,218.0711830727662,-218.0711830727662,-0.13264903017653065,-0.1423115746298789
PL--TZ,PL,TZ,6625.089583909204,10,6734.4,6747.5,6748.625,6750.000000006766,154.43171810076956,23849.155555555557,6435.0,6920.0,6666.25,6855.0,188.75,110.0,0.022931770922542404,0,0,6635.3975,6821.0,109.31041609079602,109.31041609079602,0.016499462340295822,0.01636482515380355
PL--UA,PL,UA,692.6191579526396,10,689.4,689.0,689.375,689.4,0.5163977794943223,0.2666666666666667,689.0,690.0,689.0,690.0,1.0,0.0,0.0007490539302209492,0,0,689.1,689.7,3.219157952639648,-3.219157952639648,-0.004647803797624335,-0.004658638422202883
PL--US,PL,US,7193.4756064615285,10,7137.1,7185.0,7141.25,7168.065400001493,87.45087509885511,7647.655555555556,7016.0,7225.0,7046.0,7210.25,164.25,35.0,0.012252998430574757,0,0,7086.1875,7186.005,56.37560646152815,-56.37560646152815,-0.007837047005607254,-0.007867918056187891
PL--VN,PL,VN,7841.5860049775565,10,8036.4,8032.5,8020.25,8032.371777788974,213.53958779475892,45599.15555555555,7818.0,8384.0,7825.0,8211.5,386.5,210.0,0.026571547931257645,0,0,7917.3949999999995,8167.3,194.81399502244312,194.81399502244312,0.02484369806041561,0.024540111265480072
PL--ZA,PL,ZA,8664.282423992168,10,8776.1,8733.0,8770.125,8754.618699999162,112.4924194976908,12654.544444444446,8665.0,8935.0,8681.25,8881.25,200.0,65.5,0.012818042125510283,0,0,8718.195000000002,8844.342499999999,111.81757600783203,111.81757600783203,0.012905578389065345,0.012823011039772545
PT--RU,PT,RU,3914.4159356158557,10,3901.0,3900.0,3900.0,3900.1111111111113,3.1622776601683795,10.000000000000002,3900.0,3910.0,3900.0,3900.0,0.0,0.0,0.0008106325711787695,1,0,3900.0,3903.0,13.415935615855688,-13.415935615855688,-0.0034273147862977304,-0.003433201483845577
PT--SA,PT,SA,5439.2308630361285,10,5016.1,5014.5,5015.5,5014.66666666666,5.279941077112299,27.87777777777778,5011.0,5026.0,5013.25,5016.5,3.25,2.0,0.001052598847134686,2,0,5013.2,5019.5,423.1308630361282,-423.1308630361282,-0.0777924073625256,-0.0809849260646405
PT--SE,PT,SE,2995.36350558735,10,2989.5,2990.0,2990.0,2989.8888888888887,1.5811388300841898,2.5000000000000004,2985.0,2990.0,2990.0,2990.0,0.0,0.0,0.0005288974176565278,1,0,2988.5,2990.0,5.863505587350119,-5.863505587350119,-0.001957527217118299,-0.001959445677555679
PT--SG,PT,SG,11895.612616239241,10,11432.7,11427.0,11433.375,11433.37500027539,70.69818479517939,4998.233333333334,11330.0,11530.0,11377.5,11499.5,122.0,59.5,0.006183857251146219,0,0,11392.6975,11474.61,462.9126162392404,-462.9126162392404,-0.03891456717473275,-0.03969197404097406
PT--SN,PT,SN,2783.0075400457886,10,2793.4,2793.5,2793.375,2793.3706499999967,1.1737877907772674,1.377777777777778,2792.0,2795.0,2792.25,2794.0,1.75,1.0,0.0004202003976434694,0,0,2792.7,2794.1,10.392459954211517,10.392459954211517,0.003734255047703008,0.003727300026493767
PT--TH,PT,TH,10700.203395730496,10,10421.4,10410.0,10417.75,10419.166666681618,216.99831028528,47088.26666666666,10134.0,10738.0,10266.25,10565.0,298.75,157.5,0.020822376099687186,0,0,10302.53,10558.404999999999,278.80339573049605,-278.80339573049605,-0.026055896829189417,-0.026401365928083172
PT--TR,PT,TR,3591.021107942153,10,3239.9,3125.0,3218.375,3128.194899999195,190.88242454453476,36436.100000000006,3112.0,3540.0,3120.5,3389.75,269.25,9.5,0.058916146962725624,0,0,3122.6,3358.9,351.1211079421528,-351.1211079421528,-0.09777751157340424,-0.10289412810856768
PT--TZ,PT,TZ,6791.6053069734035,10,6604.6,6575.0,6595.875,6591.453624740873,111.82744644217617,12505.37777777778,6485.0,6794.0,6523.0,6661.25,138.25,82.5,0.01693175157347548,0,0,6544.99,6674.907499999999,187.0053069734031,-187.0053069734031,-0.027534772490590997,-0.027920959903175262
PT--UA,PT,UA,3358.8699560469204,10,3390.0,3380.0,3388.125,3381.2238999994006,26.246692913372705,688.8888888888889,3360.0,3435.0,3376.25,3398.75,22.5,7.5,0.007742387290080444,2,0,3375.5,3406.0,31.13004395307962,31.13004395307962,0.009268011075283428,0.009225326591460581
PT--US,PT,US,5747.733844579292,10,5738.0,5740.0,5739.875,5739.7782571428315,10.349449797506683,107.11111111111111,5711.0,5750.0,5737.25,5742.25,5.0,3.0,0.001803668490328805,2,0,5731.1,5743.3,9.733844579292054,-9.733844579292054,-0.0016935099714946052,-0.0016949455805475298
PT--VN,PT,VN,10555.511894474732,10,10144.2,10109.0,10125.75,10110.509799998694,102.46712209831557,10499.511111111111,10060.0,10376.0,10072.0,10189.25,117.25,37.0,0.010101054996778018,1,0,10092.287499999999,10209.720000000001,411.31189447473116,-411.31189447473116,-0.03896655118071837,-0.03974606435400798
PT--ZA,PT,ZA,8125.504330805197,10,8066.3,8152.5,8090.375,8113.326799999319,179.58659316453566,32251.344444444447,7700.0,8240.0,8016.25,8182.5,166.25,74.0,0.02226381279701172,1,0,7952.4575,8160.5075,59.20433080519706,-59.20433080519706,-0.0072862346009395585,-0.0073129088571756125
RU--SA,RU,SA,3534.752218874367,10,3524.6,3525.0,3524.5,3524.5493857142133,6.4670103001481465,41.82222222222222,3515.0,3535.0,3520.5,3528.75,8.25,5.5,0.0018348210577507084,0,0,3521.0,3528.3,10.152218874367009,-10.152218874367009,-0.002872116133107615,-0.00287624857311038
RU--SE,RU,SE,1229.9731142543035,10,1225.0,1225.0,1225.0,1225.0,0.0,0.0,1225.0,1225.0,1225.0,1225.0,0.0,0.0,0.0,0,0,1225.0,1225.0,4.973114254303482,-4.973114254303482,-0.004043270699716502,-0.0040514668189045285
RU--SG,RU,SG,8423.25704331817,10,8383.6,8410.0,8393.75,8409.857142857143,55.932896303417806,3128.488888888889,8275.0,8411.0,8410.0,8410.0,0.0,0.0,0.006671703838854168,3,0,8344.1975,8410.2,39.6570433181696,-39.6570433181696,-0.004708041451688564,-0.004719159187743921
RU--SN,RU,SN,6512.783222072082,10,6460.9,6464.5,6468.0,6482.333333340345,132.8336051858364,17644.766666666663,6230.0,6635.0,6450.0,6541.25,91.25,68.0,0.02055961324054488,2,0,6386.1075,6538.0,51.88322207208239,-51.88322207208239,-0.007966367112642116,-0.007998268151675484
RU--TH,RU,TH,7067.659230722097,10,7065.0,7065.0,7065.0,7065.0,0.0,0.0,7065.0,7065.0,7065.0,7065.0,0.0,0.0,0.0,0,0,7065.0,7065.0,2.6592307220971634,-2.6592307220971634,-0.00037625338677024355,-0.00037632418783578765
RU--TR,RU,TR,1794.0390917111781,10,1795.9,1796.0,1796.0,1795.9,0.31622776601683794,0.1,1795.0,1796.0,1796.0,1796.0,0.0,0.0,0.00017608317056452916,1,0,1795.7,1796.0,1.8609082888219746,1.8609082888219746,0.0010372729877624995,0.0010367353918606893
RU--TZ,RU,TZ,6867.0776383606935,10,6869.2,6886.0,6875.0,6878.828875000422,52.9314021478114,2801.733333333333,6770.0,6922.0,6850.0,6909.5,59.5,32.5,0.007705613775666948,0,0,6834.8975,6897.505,2.122361639306291,2.122361639306291,0.00030906329461755447,0.00030901554439592916
RU--UA,RU,UA,758.4899016199972,10,755.0,755.0,755.0,755.0,0.0,0.0,755.0,755.0,755.0,755.0,0.0,0.0,0.0,0,0,755.0,755.0,3.4899016199972266,-3.4899016199972266,-0.004601118106573902,-0.0046117358319467585
RU--US,RU,US,7841.159346134234,10,7825.0,7825.0,7825.0,7825.0,0.0,0.0,7825.0,7825.0,7825.0,7825.0,0.0,0.0,0.0,0,0,7825.0,7825.0,16.1593461342336,-16.1593461342336,-0.0020608363407638585,-0.0020629627859815244
RU--VN,RU,VN,6741.157984103333,10,6730.3,6731.5,6730.25,6730.3,4.831608887776871,23.344444444444452,6725.0,6736.0,6725.0,6734.75,9.75,4.0,0.0007178890818799862,0,0,6727.6,6733.0025,10.857984103332456,-10.857984103332456,-0.001610700139195257,-0.0016119987112586161
RU--ZA,RU,ZA,9069.35134739535,10,9188.8,9180.0,9187.25,9186.78538571433,21.227864287822793,450.6222222222223,9160.0,9230.0,9176.25,9200.0,23.75,14.5,0.0023101889569718346,0,0,9177.19,9202.2,119.4486526046494,119.4486526046494,0.013170583874110705,0.013084605832201973
SA--SE,SA,SE,4455.253572286667,10,4624.1,4611.0,4619.5,4609.801799994725,88.52551421294692,7836.766666666666,4510.0,4775.0,4560.0,4650.75,90.75,51.0,0.01914437711402152,0,0,4575.092500000001,4680.6125,168.84642771333347,168.84642771333347,0.03789827559167923,0.03719777954797199
SA--SG,SA,SG,6650.377147627449,10,6627.5,6620.0,6625.25,6622.752133333082,16.487368902688303,271.8333333333333,6613.0,6660.0,6614.25,6638.75,24.5,7.0,0.002487720694483335,0,0,6618.097500000001,6637.1050000000005,22.87714762744872,-22.87714762744872,-0.003439977480917792,-0.0034459078074848644
SA--SN,SA,SN,6769.35265921719,10,6527.0,6507.5,6521.25,6518.198571421902,183.3212117204844,33606.666666666664,6280.0,6820.0,6375.0,6637.5,262.5,150.0,0.02808659594308019,0,0,6430.4875,6632.5125,242.3526592171902,-242.3526592171902,-0.03580145272638461,-0.03645804367674143
SA--TH,SA,TH,5743.87829967849,10,5670.2,5673.0,5669.25,5670.199999999993,33.86837266044335,1147.0666666666664,5630.0,5718.0,5637.25,5695.0,57.75,33.5,0.005973047275306577,0,0,5650.8925,5690.6,73.67829967849048,-73.67829967849048,-0.012827273809512044,-0.0129102536534122
SA--TR,SA,TR,2136.6388154460656,10,2058.6,2057.5,2056.5,2056.333333333717,18.816068782943063,354.0444444444444,2034.0,2100.0,2050.5,2060.75,10.25,6.5,0.00914022577622805,2,0,2048.6974999999998,2070.005,78.03881544606566,-78.03881544606566,-0.03652410266157854,-0.037207807176555106
SA--TZ,SA,TZ,3613.574172900528,10,3523.6,3510.0,3518.75,3511.3803571434332,92.21737604402135,8504.044444444442,3418.0,3668.0,3447.5,3566.25,118.75,62.5,0.02617135203882999,0,0,3471.0924999999997,3581.9075000000003,89.97417290052817,-89.97417290052817,-0.024898941766652073,-0.025214163885424627
SA--UA,SA,UA,3186.9350881907417,10,3358.4,3340.5,3358.875,3352.995399987169,116.95697214503005,13678.933333333334,3195.0,3518.0,3271.25,3464.5,193.25,87.0,0.03482520609368451,0,0,3294.1,3427.3275000000003,171.4649118092584,171.4649118092584,0.05380244876797944,0.05240500254056609
SA--US,SA,US,10867.268528060538,10,11130.7,11287.5,11152.75,11235.103200008647,314.60241222498246,98974.67777777779,10600.0,11485.0,10935.25,11320.5,385.25,104.0,0.028264386985992117,0,0,10939.585000000001,11298.0175,263.4314719394624,263.4314719394624,0.0242408173920845,0.023951672202883228
SA--VN,SA,VN,6031.190406332703,10,6212.7,6254.5,6220.625,6243.466656884066,109.01992682278063,11885.344444444445,6042.0,6320.0,6112.75,6300.0,187.25,53.0,0.01754791424385221,0,0,6147.4925,6272.5025,181.50959366729694,181.50959366729694,0.0300951522732085,0.02965117882247188
SA--ZA,SA,ZA,5917.429203536842,10,6014.8,6012.5,6025.5,6018.462900004674,104.91245027270224,11006.62222222222,5791.0,6153.0,5968.75,6090.75,122.0,49.5,0.01744238383199811,0,0,5947.09,6073.0,97.37079646315851,97.37079646315851,0.01645491532116009,0.016321000245943025
SE--SG,SE,SG,9642.063064390362,10,9522.0,9647.5,9565.0,9646.103633333645,216.44758154240384,46849.55555555556,9048.0,9652.0,9410.25,9650.0,239.75,3.5,0.022731315011804646,1,0,9373.385,9647.6,120.06306439036234,-120.06306439036234,-0.012452009864338464,-0.012530185781952315
SE--SN,SE,SN,5745.792432019775,10,5380.2,5400.5,5381.75,5382.045399770804,60.85830537677937,3703.7333333333327,5293.0,5455.0,5320.0,5427.25,107.25,47.0,0.011311532169209207,0,0,5344.195,5417.805,365.5924320197755,-365.5924320197755,-0.06362785226671712,-0.06574228779184865
SE--TH,SE,TH,8272.314412775979,10,8286.3,8291.0,8287.25,8290.83913333336,9.440456674452896,89.12222222222223,8270.0,8295.0,8282.5,8292.0,9.5,1.0,0.0011392849250513374,0,0,8280.6975,8291.5,13.985587224020492,13.985587224020492,0.0016906498624400428,0.0016892223227147805
SE--TR,SE,TR,2396.709100197568,10,2483.9,2487.0,2485.5,2486.034800000083,17.527438806371887,307.21111111111117,2444.0,2511.0,2478.25,2492.75,14.5,6.0,0.007056418860007201,1,0,2473.0975,2493.3,87.19089980243189,87.19089980243189,0.036379425352557164,0.03573331747533746
SE--TZ,SE,TZ,7432.885078261827,10,7458.3,7417.5,7455.0,7435.945500010629,157.00392776403186,24650.233333333334,7255.0,7688.0,7387.75,7581.0,193.25,87.5,0.02105090003942344,0,0,7365.27,7547.912499999999,25.41492173817278,25.41492173817278,0.003419253960013604,0.0034134216022855086
SE--UA,SE,UA,1268.7278771135018,10,1256.3,1260.0,1257.25,1258.3944285714263,9.322016949137133,86.89999999999998,1240.0,1265.0,1251.25,1263.5,12.25,5.0,0.007420215672321207,0,0,1250.3975,1261.4025000000001,12.427877113501836,-12.427877113501836,-0.009795541926434729,-0.009843833869872195
SE--US,SE,US,6652.678579380046,10,6554.3,6630.0,6583.125,6628.396750000124,160.21239375001895,25668.01111111111,6243.0,6635.0,6622.75,6633.75,11.0,5.0,0.02444386032833696,2,0,6443.0,6631.7,98.37857938004618,-98.37857938004618,-0.014787814893833927,-0.014898244657381265
SE--VN,SE,VN,7892.32864786669,10,8296.6,8291.5,8296.5,8295.94812854886,10.741404832598842,115.37777777777777,8280.0,8314.0,8290.25,8304.0,13.75,6.5,0.0012946755095579927,0,0,8290.1,8303.1,404.27135213331076,404.27135213331076,0.05122332966235333,0.04995456186414836
SE--ZA,SE,ZA,9472.211944742652,10,9568.9,9572.0,9573.0,9578.999999999834,50.803433829701795,2580.988888888889,9475.0,9630.0,9570.0,9602.5,32.5,23.0,0.005309224030944183,2,0,9536.5,9595.414999999999,96.68805525734751,96.68805525734751,0.010207547700726032,0.010155802515416227
SG--SN,SG,SN,13335.9357376055,10,15229.2,14810.0,15177.25,14932.408920105625,899.7285763557314,809511.5111111113,14343.0,16531.0,14690.0,16094.25,1404.25,371.0,0.05907917529192153,0,0,14732.3575,15782.675000000001,1893.2642623945012,1893.2642623945012,0.14196711049347344,0.13275231090094353
SG--TH,SG,TH,1425.9530991897677,10,1433.2,1434.0,1433.375,1433.9360285714235,2.250925735484551,5.066666666666667,1430.0,1435.0,1431.0,1435.0,4.0,1.0,0.001570559402375489,0,0,1431.8975,1434.4,7.246900810232319,7.246900810232319,0.0050821452783755905,0.0050692747661841625
SG--TR,SG,TR,8304.654710456407,10,8349.7,8318.5,8345.625,8331.310699794289,68.57769316621841,4702.899999999999,8282.0,8450.0,8291.25,8409.75,118.5,32.5,0.008213192469935255,0,0,8309.5975,8393.8,45.04528954359375,45.04528954359375,0.005424101436376053,0.005409443976657102
SG--TZ,SG,TZ,7613.028423154926,10,7897.3,7925.0,7924.75,7922.000000003307,224.49996288047208,50400.233333333344,7340.0,8235.0,7883.5,7959.0,75.5,41.0,0.02842743252509998,2,0,7750.7325,8011.2125,284.2715768450744,284.2715768450744,0.03734014390127142,0.03665988308400689
SG--UA,SG,UA,8722.82379061632,10,8489.0,8476.0,8476.25,8479.91843332562,197.23026587665947,38899.77777777779,8255.0,8825.0,8303.5,8640.0,336.5,171.5,0.023233627739033983,0,0,8366.975,8598.7075,233.82379061631946,-233.82379061631946,-0.026805974329993706,-0.027171806942818302
SG--US,SG,US,15552.300405735941,10,15533.5,15545.0,15537.5,15541.81089988911,40.21124773548372,1616.9444444444443,15450.0,15585.0,15511.25,15552.5,41.25,17.5,0.002588679160233284,0,0,15508.9875,15555.0,18.80040573594124,-18.80040573594124,-0.0012088504752009127,-0.0012095817243099073
SG--VN,SG,VN,2194.5074422305775,10,2205.0,2204.0,2204.0,2203.8619500000354,5.557777333511022,30.888888888888886,2200.0,2218.0,2200.75,2205.75,5.0,3.0,0.002520533938100237,1,0,2202.0,2208.7,10.492557769422547,10.492557769422547,0.004781281470049392,0.004769887448051627
SG--ZA,SG,ZA,8639.510334138995,10,8754.6,8656.5,8656.625,8656.830128571797,315.72428196485333,99681.82222222221,8640.0,9653.0,8655.0,8660.0,5.0,3.5,0.03606381581852436,2,0,8651.5,8955.202500000001,115.08966586100541,115.08966586100541,0.0133213181545983,0.013233369595446924
SN--TH,SN,TH,12510.120375362725,10,13694.6,13825.0,13678.125,13694.600000055492,723.1424018361345,522934.93333333335,12891.0,14630.0,12927.5,14340.0,1412.5,665.0,0.052804930544604035,0,0,13266.672499999999,14109.1275,1184.4796246372753,1184.4796246372753,0.09468171281308968,0.09046364778475752
SN--TR,SN,TR,5615.258437383409,10,5247.9,5221.5,5242.375,5222.992666665864,75.33104716295045,5674.7666666666655,5170.0,5370.0,5193.0,5316.25,123.25,30.0,0.014354512693258343,0,0,5205.7925000000005,5295.405,367.3584373834092,-367.3584373834092,-0.06542146572234891,-0.06765961679719691
SN--TZ,SN,TZ,6312.069329382219,10,5964.3,5957.0,5966.125,5965.506677783245,169.70827911448515,28800.899999999998,5714.0,6200.0,5840.25,6096.0,255.75,161.5,0.028454014572453622,0,0,5868.195,6063.81,347.76932938221853,-347.76932938221853,-0.05509592991372542,-0.056671869777418865
SN--UA,SN,UA,5842.247717044825,10,5743.3,5705.0,5746.0,5742.0790714410605,132.4554851848558,17544.455555555556,5545.0,5920.0,5646.25,5860.0,213.75,97.5,0.023062609507575053,0,0,5669.8,5820.1075,98.94771704482446,-98.94771704482446,-0.016936583629643665,-0.017081647822914343
SN--US,SN,US,6370.066844573844,10,6168.8,6162.5,6164.625,6164.624999999823,35.692513998814306,1273.9555555555553,6115.0,6256.0,6154.75,6175.25,20.5,11.5,0.005785973608937606,2,0,6150.297500000001,6191.805,201.26684457384363,-201.26684457384363,-0.031595719398970976,-0.032105633646064786
SN--VN,SN,VN,12678.789553826642,10,13105.8,13096.5,13112.875,13103.900571287702,135.26418594735267,18296.4,12815.0,13340.0,13075.0,13147.5,72.5,40.0,0.0103209408008174,2,0,13021.995,13179.8825,427.0104461733572,427.0104461733572,0.03367911773915983,0.03312439691699075
SN--ZA,SN,ZA,6672.5621271644495,10,6684.4,6692.5,6690.5,6690.781071428781,29.311355402907516,859.1555555555557,6610.0,6710.0,6680.0,6703.0,23.0,12.5,0.004385039106413069,1,0,6666.7925000000005,6698.902499999999,11.837872835550115,11.837872835550115,0.001774112044211224,0.0017725401662889147
TH--TR,TH,TR,7141.388185297727,10,7465.1,7469.0,7467.0,7467.707157142789,17.8415868751135,318.3222222222223,7430.0,7485.0,7456.25,7477.5,21.25,11.5,0.0023899997153572624,0,0,7453.4975,7475.3,323.71181470227293,323.71181470227293,0.04532897614622209,0.044331645583898543
TH--TZ,TH,TZ,7486.47678677552,10,7312.0,7317.5,7308.0,7310.419285714089,72.56874135757229,5266.2222222222235,7186.0,7470.0,7282.25,7330.75,48.5,25.0,0.009924609047808028,2,0,7271.4875,7354.3150000000005,174.47678677551994,-174.47678677551994,-0.023305593771922768,-0.023581463761163154
TH--UA,TH,UA,7426.114052483925,10,7426.8,7423.0,7425.75,7423.402166666659,11.043348928452618,121.95555555555558,7412.0,7450.0,7421.0,7432.5,11.5,2.5,0.0014869592460349838,1,0,7420.9975,7434.2,0.68594751607543,0.68594751607543,9.236964463883917e-05,9.236537882593923e-05
TH--US,TH,US,14169.831963403985,10,13860.1,13840.0,13852.625,13840.42857142857,41.097309995775746,1688.988888888889,13840.0,13940.0,13840.0,13843.75,3.75,0.0,0.0029651524877725086,2,0,13840.0,13889.2,309.731963403985,-309.731963403985,-0.02185854879605635,-0.022100986272816113
TH--VN,TH,VN,985.0733602712637,10,990.9,991.0,990.875,990.8999999999999,0.875595035770913,0.7666666666666665,990.0,992.0,990.0,991.75,1.75,1.0,0.0008836361245038985,0,0,990.4,991.4,5.826639728736268,5.826639728736268,0.005914929754197964,0.005897505233316106
TH--ZA,TH,ZA,8961.095963147978,10,9021.7,8987.5,8980.375,8984.1666666773,236.17227704462783,55777.34444444444,8760.0,9614.0,8921.25,9041.25,120.0,65.0,0.026178245457577597,1,0,8904.289999999999,9196.112500000001,60.604036852022546,60.604036852022546,0.006763016164680455,0.006740249560490783
TR--TZ,TR,TZ,5114.021496230008,10,4770.5,4796.0,4773.875,4779.508100003452,69.07524078053503,4771.388888888889,4662.0,4852.0,4704.5,4823.0,118.5,44.5,0.014479664769004303,0,0,4730.0,4809.705,343.52149623000787,-343.52149623000787,-0.06717247795756189,-0.0695349590586895
TR--UA,TR,UA,1181.9288146082997,10,1070.0,1057.0,1058.125,1058.0319857144545,38.69826295269021,1497.5555555555554,1055.0,1180.0,1057.0,1060.0,3.0,1.5,0.03616660089036468,1,0,1056.8,1095.3,111.92881460829972,-111.92881460829972,-0.09470013187333434,-0.09948904416885679
TR--US,TR,US,8744.489174947264,10,8394.5,8414.0,8398.5,8405.920333333024,40.10610926031095,1608.4999999999998,8315.0,8442.0,8365.0,8416.5,51.5,15.0,0.004777665049771988,0,0,8370.3975,8416.202500000001,349.9891749472645,-349.9891749472645,-0.040023970290908976,-0.040846963885017316
TR--VN,TR,VN,7117.1512309835825,10,7214.2,7229.0,7217.75,7217.750000000089,86.07077191345375,7408.17777777778,7040.0,7360.0,7178.5,7255.75,77.25,50.0,0.011930743798820902,1,0,7163.095,7264.12,97.04876901641728,97.04876901641728,0.0136359009197287,0.013543768615905519
TR--ZA,TR,ZA,7281.727679731044,10,7423.3,7430.0,7431.25,7430.142857140514,29.664981225531076,880.0111111111112,7340.0,7443.0,7430.0,7430.0,0.0,0.0,0.003996198621304686,3,0,7404.0,7434.9,141.572320268956,141.572320268956,0.01944213330897113,0.01925554954797456
TZ--UA,TZ,UA,6293.284789300669,10,6237.2,6232.5,6229.625,6229.625000002518,89.77230456363847,8059.066666666665,6120.0,6415.0,6168.0,6291.0,123.0,64.5,0.014393045687750669,0,0,6189.495,6296.72,56.0847893006694,-56.0847893006694,-0.008911846703015919,-0.00895179472638964
TZ--US,TZ,US,12407.335072981457,10,12511.5,12520.0,12506.5,12506.121000000812,126.36828891950879,15968.944444444447,12328.0,12735.0,12407.5,12567.75,160.25,95.0,0.010100170956280925,0,0,12440.3675,12581.0,104.16492701854258,104.16492701854258,0.00839543112246359,0.008360385502703918
TZ--VN,TZ,VN,8220.893096074053,10,8352.1,8323.5,8352.75,8343.999666671034,185.06482347785297,34248.98888888888,8051.0,8648.0,8242.5,8495.25,252.75,115.0,0.022157879273219067,0,0,8246.8,8461.304999999998,131.2069039259477,131.2069039259477,0.015960176393560756,0.015834151925058052
TZ--ZA,TZ,ZA,2303.9398317562473,10,2435.5,2435.5,2435.875,2435.874999999957,5.1908038341324785,26.94444444444444,2425.0,2443.0,2433.25,2439.5,6.25,3.5,0.0021313093139529783,0,0,2432.4,2438.3,131.56016824375274,131.56016824375274,0.05710225867464041,0.05553144646093867
UA--US,UA,US,7852.866380313801,10,7826.0,7825.0,7825.0,7825.111111111111,3.1622776601683795,10.000000000000002,7825.0,7835.0,7825.0,7825.0,0.0,0.0,0.00040407330183598,1,0,7825.0,7828.0,26.86638031380062,-26.86638031380062,-0.0034212195920143794,-0.0034270853462729377
UA--VN,UA,VN,7204.7219267397495,10,7309.7,7255.0,7306.75,7267.179249997734,84.58926908564965,7155.344444444443,7232.0,7411.0,7244.0,7404.75,160.75,22.5,0.011572194356218401,0,0,7260.9975,7358.402499999999,104.97807326025031,104.97807326025031,0.014570732129248818,0.01446559902557553
UA--ZA,UA,ZA,8436.439872482457,10,8343.8,8330.0,8333.5,8333.499999996324,136.84930885223108,18727.73333333333,8130.0,8640.0,8266.25,8402.5,136.25,87.5,0.01640131700810555,1,0,8271.762499999999,8428.525,92.63987248245758,-92.63987248245758,-0.010980920137251913,-0.011041655469935198
US--VN,US,VN,13362.734799118152,10,13223.6,13158.0,13207.625,13161.254759999947,122.7447215429921,15066.266666666668,13133.0,13442.0,13155.0,13272.0,117.0,13.0,0.009282247008605228,0,0,13156.295,13297.32,139.13479911815193,-139.13479911815193,-0.010412149998466921,-0.010466735665635893
US--ZA,US,ZA,13024.504641792455,10,13084.4,13081.5,13082.625,13084.108714233607,24.2816803372419,589.6,13050.0,13133.0,13077.75,13097.25,19.5,15.0,0.001855773313047744,1,0,13069.8975,13099.0,59.89535820754463,59.89535820754463,0.00459866688636703,0.004588125323537121
VN--ZA,VN,ZA,9846.22426369883,10,10194.1,10192.5,10211.125,10213.999999999518,201.5564161441875,40624.98888888888,9812.0,10440.0,10119.75,10350.0,230.25,132.5,0.019771869624997548,0,0,10068.565,10311.475,347.87573630117004,347.87573630117004,0.03533087678936201,0.034721063347292025
