id,place_a_id,place_b_id,true_distance_km,n,mean,median,trimmed_mean,robust,std,variance,min,max,q1,q3,iqr,mad,cv,outliers,missing_samples,mean_ci_low,mean_ci_high,absolute_error_km,signed_error_km,relative_error,log_ratio_error
AO--AR,AO,AR,7779.757280725595,10,7777.0,7777.5,7776.875,7775.833333333343,14.944341180973263,223.33333333333334,7755.0,7800.0,7767.5,7780.0,12.5,7.5,0.0019216074554421066,2,0,7768.4875,7786.0,2.7572807255946827,-2.7572807255946827,-0.00035441731998835823,-0.00035448014065025545
AO--AU,AO,AU,13288.474497523322,10,12041.0,11910.0,12028.75,11932.405333386732,389.8418482752546,151976.66666666666,11550.0,12630.0,11778.75,12392.5,613.75,160.0,0.0323762019994398,0,0,11821.4875,12293.525,1247.4744975233225,-1247.4744975233225,-0.09387642635396742,-0.09857958748728096
AO--BD,AO,BD,9121.283483960526,10,10017.0,9960.0,9986.875,9977.829000000114,308.52876689216515,95189.99999999999,9590.0,10685.0,9845.0,10131.25,286.25,155.0,0.030800515812335543,1,0,9850.475,10214.0625,895.7165160394743,895.7165160394743,0.09820071019769992,0.09367312255492274
AO--BR,AO,BR,6675.278533941141,10,6642.5,6635.0,6643.125,6639.912999999974,26.900020652614955,723.6111111111111,6600.0,6680.0,6626.25,6668.75,42.5,15.0,0.004049683199490396,0,0,6626.5,6657.5125,32.77853394114118,-32.77853394114118,-0.004910436886562163,-0.004922532695152865
AO--CA,AO,CA,10620.756402433968,10,10806.0,10850.0,10826.25,10847.500000000344,160.7758964798172,25848.888888888894,10425.0,11025.0,10841.25,10850.0,8.75,7.5,0.01487839130851538,4,0,10702.9875,10886.5,185.2435975660319,185.2435975660319,0.01744165768867267,0.01729129780976515
AO--CD,AO,CD,549.1026827702303,10,547.0,550.0,547.5,549.3333333333334,4.216370213557839,17.77777777777778,540.0,550.0,545.0,550.0,5.0,0.0,0.007708172236851626,0,0,544.5,549.0,2.102682770230331,-2.102682770230331,-0.003829307042577662,-0.0038366576098438567
AO--CL,AO,CL,8913.64308220524,10,8440.5,8480.0,8439.375,8440.500000013128,312.20942045720244,97474.72222222222,8040.0,8850.0,8138.75,8666.25,527.5,295.0,0.036989446177027714,0,0,8258.975,8625.0,473.1430822052407,-473.1430822052407,-0.05308077492465458,-0.05454148502491091
AO--CN,AO,CN,11758.580047473492,10,11662.5,11665.0,11611.875,11617.775222212911,247.35545723153598,61184.722222222226,11450.0,12280.0,11470.0,11706.25,236.25,145.0,0.02120947114525496,1,0,11535.975,11826.5375,96.0800474734915,-96.0800474734915,-0.008171058672525324,-0.008204624744385146
AO--CO,AO,CO,9801.95415219586,10,9253.0,9237.5,9240.625,9245.833333324217,222.53838620187156,49523.333333333336,8945.0,9660.0,9165.0,9357.5,192.5,112.5,0.024050403782759276,1,0,9124.4875,9378.625,548.9541521958599,-548.9541521958599,-0.0560045623221857,-0.057633945816732195
AO--DE,AO,DE,6798.792115651933,10,6499.9,6500.0,6499.875,6500.38448567611,15.701733803769713,246.5444444444445,6475.0,6525.0,6491.0,6511.0,20.0,11.0,0.0024156885188648617,0,0,6490.6,6508.4,298.89211565193364,-298.89211565193364,-0.043962531956792006,-0.044958174184926376
AO--DZ,AO,DZ,5158.666122203358,10,4821.0,4820.0,4821.875,4820.74129999109,9.66091783079296,93.33333333333334,4800.0,4835.0,4820.0,4827.5,7.5,2.5,0.002003924047042721,1,0,4815.0,4826.0,337.6661222033581,-337.6661222033581,-0.06545609159507591,-0.06769666720324878
AO--EG,AO,EG,4715.419795274749,10,5283.5,5290.0,5284.375,5286.322500000274,21.35025370653317,455.83333333333337,5250.0,5310.0,5263.75,5300.0,36.25,12.5,0.004040930009753605,0,0,5271.0,5296.5,568.080204725251,568.080204725251,0.12047288033496308,0.1137508107842946
AO--ES,AO,ES,5722.316302190526,10,6491.5,6492.5,6491.875,6491.666666666847,25.061036601775985,628.0555555555557,6450.0,6530.0,6481.25,6500.0,18.75,10.0,0.003860592559774472,2,0,6477.5,6506.5,769.1836978094743,769.1836978094743,0.1344182420526156,0.12611995746034507
AO--ET,AO,ET,3446.282530254973,10,3502.9,3504.5,3503.0,3503.166666666826,12.278707858185513,150.76666666666665,3485.0,3520.0,3496.25,3508.75,12.5,7.5,0.003505297855544124,0,0,3495.6949999999997,3510.5,56.61746974502694,56.61746974502694,0.01642856302348435,0.016295074217267034
AO--FI,AO,FI,7720.979613051022,10,8021.7,8030.0,8013.375,8018.141966662407,347.93647249015,121059.7888888889,7590.0,8520.0,7680.75,8264.5,583.75,314.5,0.043374405985034344,0,0,7814.257500000001,8221.210000000001,300.72038694897765,300.72038694897765,0.038948475714229346,0.03820912062203315
AO--FJ,AO,FJ,16614.26463120842,10,15932.5,15735.0,15905.0,15801.194999980005,554.0820737439936,307006.94444444444,15200.0,16885.0,15590.0,16250.0,660.0,225.0,0.03477684442140239,0,0,15620.3875,16266.025,681.7646312084216,-681.7646312084216,-0.04103489659890136,-0.041900593289350245
AO--FR,AO,FR,6480.8047195500585,10,6500.5,6500.0,6500.0,6500.111111111111,1.5811388300841898,2.5000000000000004,6500.0,6505.0,6500.0,6500.0,0.0,0.0,0.00024323341744237977,1,0,6500.0,6501.5,19.695280449941492,19.695280449941492,0.003039017730395196,0.0030344092504863644
AO--GB,AO,GB,6807.150235507682,10,6830.0,6830.0,6830.0,6830.0,0.0,0.0,6830.0,6830.0,6830.0,6830.0,0.0,0.0,0.0,0,0,6830.0,6830.0,22.849764492318172,22.849764492318172,0.0033567298651833006,0.0033511086233039096
AO--GH,AO,GH,2181.7570144061915,10,2412.5,2405.0,2408.125,2407.3027857141287,26.692695630078276,712.4999999999999,2380.0,2480.0,2400.0,2415.0,15.0,7.5,0.0110643297948511,1,0,2399.5,2431.0,230.7429855938085,230.7429855938085,0.1057601667235202,0.10053303213824748
AO--GR,AO,GR,5296.817859625665,10,5707.5,5775.0,5717.5,5765.750166662925,160.64539969897814,25806.944444444445,5465.0,5870.0,5563.75,5806.25,242.5,57.5,0.02814636876022394,0,0,5607.0,5791.0125,410.6821403743352,410.6821403743352,0.07753374785731423,0.07467486302251755
AO--IN,AO,IN,8015.072192343541,10,9165.0,9267.5,9201.25,9265.920333334268,207.89954839350233,43222.22222222222,8740.0,9300.0,9177.5,9280.0,102.5,15.0,0.02268407511112955,2,0,9038.4625,9278.0,1149.9278076564588,1149.9278076564588,0.14347067375823963,0.1340680881161883
AO--IT,AO,IT,5617.9698794223505,10,5866.5,5865.0,5861.875,5862.32727777755,27.187619731537122,739.1666666666666,5840.0,5930.0,5846.25,5873.75,27.5,17.5,0.004634385021995589,1,0,5851.5,5883.5,248.53012057764954,248.53012057764954,0.04423842169178804,0.04328783665523785
AO--JP,AO,JP,13857.461409152482,10,13717.5,13740.0,13715.625,13735.587000000074,81.4878995788809,6640.277777777778,13600.0,13850.0,13645.0,13750.0,105.0,25.0,0.0059404337218065175,0,0,13669.975,13761.5125,139.9614091524818,-139.9614091524818,-0.010100075693520678,-0.01015142752220379
AO--KE,AO,KE,2743.2396541926637,10,3171.0,3170.0,3170.625,3170.249999997861,2.1081851067789197,4.444444444444445,3170.0,3175.0,3170.0,3170.0,0.0,0.0,0.0006648328939700157,2,0,3170.0,3172.5,427.7603458073363,427.7603458073363,0.15593254681688623,0.1449074180433051
AO--KR,AO,KR,12699.236686021166,10,12550.0,12517.5,12541.875,12529.616357142595,138.3032095714983,19127.777777777774,12385.0,12780.0,12450.0,12632.5,182.5,82.5,0.011020176061473968,0,0,12467.9875,12632.5,149.23668602116595,-149.23668602116595,-0.01175162647259264,-0.011821222617566882
AO--MA,AO,MA,5195.819618732341,10,5623.5,5645.0,5638.125,5636.968857139227,115.18222277957847,13266.944444444445,5370.0,5760.0,5572.5,5683.75,111.25,70.0,0.020482301552339016,1,0,5553.4875,5688.5125,427.68038126765896,427.68038126765896,0.08231239970797967,0.07909986306566029
AO--MX,AO,MX,12679.078203838877,10,11870.0,11827.5,11848.125,11836.450142847802,237.74402668042413,56522.22222222222,11565.0,12350.0,11703.75,11950.0,246.25,135.0,0.020028982871139352,1,0,11744.4875,12014.5125,809.078203838877,-809.078203838877,-0.06381206826170616,-0.06593904088682581
AO--MY,AO,MY,9903.39358541899,10,9857.5,9875.0,9861.875,9857.499999999418,290.1556095921252,84190.27777777777,9450.0,10230.0,9638.75,10072.5,433.75,285.0,0.029435009849568875,0,0,9676.4875,10023.0625,45.89358541898946,-45.89358541898946,-0.00463412718308598,-0.004644898039020165
AO--NG,AO,NG,2080.1823760601865,10,2693.0,2805.0,2715.0,2794.2088002295145,234.5823712236043,55028.88888888889,2305.0,2905.0,2483.75,2843.75,360.0,60.0,0.08710819577556787,0,0,2548.4875,2818.5625,612.8176239398135,612.8176239398135,0.2945980270732198,0.2582002431618052
AO--NL,AO,NL,6826.04260195697,10,6840.3,6842.0,6841.0,6842.333333333315,10.781156400559883,116.23333333333333,6820.0,6855.0,6840.0,6845.0,5.0,3.0,0.0015761233280060644,3,0,6833.297500000001,6846.4,14.257398043029752,14.257398043029752,0.002088676979388068,0.0020864987262100253
AO--NO,AO,NO,7625.360370993152,10,7474.3,7509.0,7486.625,7499.34537499247,174.5133232736114,30454.9,7175.0,7675.0,7403.75,7612.5,208.75,122.5,0.023348450460057985,0,0,7356.7675,7574.8175,151.060370993152,-151.060370993152,-0.01981025992788291,-0.020009113739478643
AO--NZ,AO,NZ,14143.139009143959,10,12793.0,12732.5,12774.375,12767.299500740095,287.61664300477,82723.33333333333,12360.0,13375.0,12628.75,12951.25,322.5,152.5,0.022482345267315722,0,0,12630.4875,12968.55,1350.139009143959,-1350.139009143959,-0.09546247182263103,-0.10033148448525192
AO--PE,AO,PE,9845.778856925126,10,10097.0,10142.5,10133.75,10130.580000027356,403.8371508967995,163084.44444444444,9350.0,10550.0,9853.75,10425.0,571.25,300.0,0.039995756254015996,0,0,9863.4625,10322.0375,251.2211430748739,251.2211430748739,0.025515619101903253,0.025195529132891508
AO--PH,AO,PH,12162.128893919244,10,12600.0,12600.0,12623.75,12638.798428563334,331.93038092012273,110177.77777777778,11960.0,13050.0,12530.0,12837.5,307.5,235.0,0.026343681025406566,1,0,12397.925,12790.025,437.87110608075636,437.87110608075636,0.03600283387061297,0.035369879229894596
AO--PK,AO,PK,7881.321787923071,10,7879.5,7860.0,7863.75,7858.728071411664,226.67218130546541,51380.27777777779,7570.0,8315.0,7700.0,7960.0,260.0,152.5,0.028767330580045106,0,0,7747.0,8012.0125,1.8217879230705876,-1.8217879230705876,-0.00023115258735688233,-0.00023117930723382142
AO--PL,AO,PL,6809.113037552695,10,6780.5,6782.5,6770.625,6772.7717857166845,87.47856880402193,7652.499999999999,6660.0,6980.0,6726.25,6811.25,85.0,37.5,0.012901492338916295,1,0,6732.0,6831.025,28.61303755269455,-28.61303755269455,-0.004202168093684422,-0.004211022014509297
AO--PT,AO,PT,5753.282352388308,10,5830.5,5840.0,5834.375,5839.666666666667,22.167293224227645,491.38888888888886,5780.0,5850.0,5836.25,5840.0,3.75,0.0,0.0038019540732746153,3,0,5816.0,5841.5,77.21764761169197,77.21764761169197,0.01342149452818656,0.01333222414476899
AO--RU,AO,RU,7506.107188793741,10,8239.2,8220.0,8220.25,8220.0,84.72019305402408,7177.51111111111,8160.0,8470.0,8210.0,8232.5,22.5,12.5,0.010282575135210224,2,0,8199.7,8296.7,733.0928112062593,733.0928112062593,0.09766617938799645,0.09318627080375647
AO--SA,AO,SA,5193.3979905841725,10,5701.5,5667.5,5705.625,5698.72160000758,132.70790816258423,17611.38888888889,5470.0,5900.0,5650.0,5807.5,157.5,80.0,0.023275963897673283,0,0,5620.475,5773.525,508.1020094158275,508.1020094158275,0.09783613933248246,0.09334109636998456
AO--SE,AO,SE,7571.629355004058,10,7852.4,7925.0,7858.0,7903.855333354032,315.34432679920604,99442.04444444446,7250.0,8410.0,7683.75,8002.5,318.75,90.0,0.04015897391870079,0,0,7666.1975,8036.0125,280.77064499594144,280.77064499594144,0.03708193201643994,0.036410934821102504
AO--SG,AO,SG,10108.617908587756,10,10255.0,10175.0,10224.375,10203.358500004897,180.09256878986798,32433.333333333332,10085.0,10670.0,10138.75,10346.25,207.5,67.5,0.017561440155033445,1,0,10163.5,10365.0375,146.38209141224434,146.38209141224434,0.01448092041226385,0.014377073219018438
AO--SN,AO,SN,4274.775841417532,10,3551.9,3334.5,3468.0,3334.5572333340565,428.5109748367661,183621.65555555557,3325.0,4450.0,3330.0,3451.25,121.25,4.5,0.12064274749761143,2,0,3345.195,3831.01,722.8758414175322,-722.8758414175322,-0.16910263092949074,-0.18524899467737782
AO--TH,AO,TH,9957.692589929997,10,10263.5,10252.5,10261.875,10256.009285714426,52.601753244967455,2766.9444444444443,10185.0,10355.0,10235.0,10285.0,50.0,25.0,0.005125128196518483,0,0,10233.0,10294.5125,305.80741007000324,305.80741007000324,0.030710669897488076,0.030248535095402547
AO--TR,AO,TR,5765.533175593958,10,6134.5,6137.5,6148.75,6143.791857407153,131.2218223721446,17219.166666666668,5835.0,6320.0,6091.25,6192.5,101.25,55.0,0.02139079344235791,1,0,6050.475,6205.5,368.9668244060422,368.9668244060422,0.06399526516782755,0.06203094087931391
AO--TZ,AO,TZ,2502.0333905971356,10,2581.0,2525.0,2575.0,2559.7061666837153,184.11650900690273,33898.8888888889,2360.0,2850.0,2460.0,2728.75,268.75,122.5,0.07133533863111303,0,0,2466.0,2691.0,78.96660940286438,78.96660940286438,0.031560973446488734,0.03107316321840436
AO--UA,AO,UA,6776.4600893004845,10,6659.0,6650.0,6653.75,6654.9999999808515,169.94770437467588,28882.222222222226,6430.0,6930.0,6557.5,6757.5,200.0,107.5,0.02552150538739689,0,0,6551.975,6759.525,117.46008930048447,-117.46008930048447,-0.0173335469777126,-0.01748553175391216
AO--US,AO,US,10643.935912153609,10,10573.0,10572.5,10571.25,10570.833333334147,54.47731434072148,2967.777777777778,10485.0,10675.0,10550.0,10595.0,45.0,25.0,0.00515249355345895,1,0,10541.0,10605.0,70.93591215360902,-70.93591215360902,-0.006664443748915472,-0.006686750316638319
AO--VN,AO,VN,10634.256207680037,10,10716.5,10650.0,10664.375,10664.3749994143,297.72330554840124,88639.16666666669,10385.0,11465.0,10543.75,10776.25,232.5,127.5,0.027781766952680562,1,0,10571.45,10911.0375,82.24379231996318,82.24379231996318,0.007733854696914946,0.007704101747542534
AO--ZA,AO,ZA,2450.091998989052,10,2489.5,2490.0,2490.0,2489.8888888888887,1.5811388300841898,2.5000000000000004,2485.0,2490.0,2490.0,2490.0,0.0,0.0,0.0006351230488387988,1,0,2488.5,2490.0,39.40800101094783,39.40800101094783,0.016084294396785187,0.015956312640694748
AR--AU,AR,AU,11758.30968994146,10,11639.0,11590.0,11618.75,11590.666666666666,98.82082551545274,9765.555555555555,11590.0,11850.0,11590.0,11600.0,10.0,0.0,0.008490491065852113,2,0,11592.0,11697.075,119.30968994145951,-119.30968994145951,-0.01014684024214143,-0.010198670331426676
AR--BD,AR,BD,16776.827494420908,10,17072.5,17047.5,17071.875,17053.447800053473,96.03963302257621,9223.611111111111,16900.0,17250.0,17045.0,17090.0,45.0,15.0,0.00562539950344567,3,0,17016.5,17131.525,295.6725055790921,295.6725055790921,0.017623862776047335,0.017470363383850468
AR--BR,AR,BR,2333.5144810867555,10,2342.3,2340.0,2341.625,2340.4285714285716,3.8887301554906357,15.122222222222224,2340.0,2350.0,2340.0,2343.75,3.75,0.0,0.0016602186549505339,1,0,2340.0,2344.4025,8.785518913244687,8.785518913244687,0.003764930101977824,0.003757860491478241
AR--CA,AR,CA,9031.715831568095,10,8971.5,8977.5,8971.875,8975.02900000004,13.753787357185171,189.16666666666666,8950.0,8990.0,8962.5,8980.0,17.5,5.0,0.001533053263911851,0,0,8963.0,8979.0,60.21583156809538,-60.21583156809538,-0.006667153029508087,-0.006689477777937997
AR--CD,AR,CD,8250.16360355336,10,8109.5,8145.0,8126.25,8142.12683333325,102.94146125077323,10596.944444444447,7850.0,8235.0,8097.5,8150.0,52.5,7.5,0.012693934428851746,2,0,8044.4875,8160.5,140.66360355335928,-140.66360355335928,-0.0170497956540856,-0.01719681693809658
AR--CL,AR,CL,1139.660312749686,10,1137.8,1138.0,1137.875,1137.8,0.4216370213557839,0.17777777777777778,1137.0,1138.0,1138.0,1138.0,0.0,0.0,0.000370572175563178,2,0,1137.5,1138.0,1.8603127496860452,-1.8603127496860452,-0.0016323396795292658,-0.0016336733975287415
AR--CN,AR,CN,19261.112952664003,10,19270.7,19270.0,19270.25,19270.25,1.636391694484477,2.6777777777777776,19270.0,19275.0,19270.0,19270.0,0.0,0.0,8.491604843023226e-05,2,0,19270.0,19271.9,9.58704733599734,9.58704733599734,0.0004977410889785243,0.0004976172569719174
AR--CO,AR,CO,4640.374060415398,10,4659.0,4660.0,4660.0,4659.888888888889,3.1622776601683795,10.000000000000002,4650.0,4660.0,4660.0,4660.0,0.0,0.0,0.0006787460099095041,1,0,4657.0,4660.0,18.625939584601838,18.625939584601838,0.0040138875319319575,0.0040058533769929275
AR--DE,AR,DE,11887.678205229642,10,11916.0,11925.0,11916.25,11921.293499999889,13.90443574307614,193.33333333333334,11900.0,11930.0,11900.0,11925.0,25.0,5.0,0.001166871076122536,0,0,11908.0,11924.5,28.321794770357883,28.321794770357883,0.002382449649242568,0.0023796161156853265
AR--DZ,AR,DZ,10143.842601055805,10,9798.5,9790.0,9799.375,9798.499999999252,44.3502474000365,1966.9444444444443,9740.0,9850.0,9762.5,9846.25,83.75,42.5,0.004526228239019901,0,0,9770.9875,9825.0,345.34260105580506,-345.34260105580506,-0.03404455438019717,-0.03463756838008437
AR--EG,AR,EG,11806.270501311932,10,11800.0,11800.0,11800.0,11800.0,0.0,0.0,11800.0,11800.0,11800.0,11800.0,0.0,0.0,0.0,0,0,11800.0,11800.0,6.270501311932094,-6.270501311932094,-0.0005311161819674812,-0.0005312572741265774
AR--ES,AR,ES,10020.91071488952,10,10037.5,10035.0,10036.875,10035.666666666666,3.5355339059327378,12.500000000000002,10035.0,10045.0,10035.0,10040.0,5.0,0.0,0.0003522325186483425,0,0,10035.5,10039.5,16.589285110479977,16.589285110479977,0.0016554668115973602,0.001654098036847752
AR--ET,AR,ET,11225.784843590129,10,10524.5,10610.0,10543.75,10556.25574999996,229.76376757201928,52791.3888888889,10135.0,10760.0,10362.5,10725.0,362.5,145.0,0.021831323822701247,0,0,10384.475,10658.025,701.2848435901287,-701.2848435901287,-0.06247089654408967,-0.06450747793311207
AR--FI,AR,FI,12925.656160584465,10,12646.5,12650.0,12646.875,12647.931166666669,8.181958472422385,66.94444444444446,12630.0,12660.0,12641.25,12650.0,8.75,2.5,0.0006469741408628779,0,0,12641.5,12651.0125,279.1561605844654,-279.1561605844654,-0.02159705914472064,-0.021833688833561644
AR--FJ,AR,FJ,11642.45746949547,10,11419.0,11460.0,11493.125,11474.021666666387,351.6690363269293,123671.11111111112,10465.0,11780.0,11450.0,11537.5,87.5,25.0,0.03079683302626581,2,0,11189.4875,11578.5,223.45746949546992,-223.45746949546992,-0.019193324955745234,-0.019379908109385995
AR--FR,AR,FR,11025.630755006467,10,11068.0,11070.0,11068.75,11069.195666666656,9.486832980505138,90.0,11050.0,11080.0,11061.25,11075.0,13.75,5.0,0.0008571406740608184,0,0,11062.0,11073.5,42.36924499353336,42.36924499353336,0.003842795567436768,0.0038354308898209157
AR--GB,AR,GB,11102.268069921352,10,11104.5,11100.0,11102.5,11100.24999999786,9.559753599799992,91.3888888888889,11100.0,11125.0,11100.0,11100.0,0.0,0.0,0.0008608900535638697,2,0,11100.0,11111.0,2.231930078647565,2.231930078647565,0.00020103370451794324,0.00020101349995060565
AR--GH,AR,GH,7539.559525025004,10,7260.5,7072.5,7219.375,7105.477999830586,328.42595986174894,107863.61111111112,7000.0,7850.0,7053.75,7325.0,271.25,50.0,0.04523462018617849,2,0,7087.9875,7469.5,279.0595250250044,-279.0595250250044,-0.0370127093099751,-0.037715064893089595
AR--GR,AR,GR,11672.738469495696,10,11496.0,11500.0,11500.0,11500.0,17.126976771553505,293.3333333333333,11450.0,11510.0,11500.0,11500.0,0.0,0.0,0.0014898205264051413,4,0,11484.0,11504.0,176.73846949569634,-176.73846949569634,-0.015141131616849466,-0.015256928905015609
AR--IN,AR,IN,15794.7526620095,10,15893.0,15900.0,15897.5,15899.75,16.36391694484477,267.7777777777778,15850.0,15900.0,15900.0,15900.0,0.0,0.0,0.00102963046277259,2,0,15883.0,15900.0,98.24733799050045,98.24733799050045,0.006220251756572987,0.006200985841899371
AR--IT,AR,IT,11131.20670997276,10,11150.0,11150.0,11150.0,11150.0,0.0,0.0,11150.0,11150.0,11150.0,11150.0,0.0,0.0,0.0,0,0,11150.0,11150.0,18.7932900272408,18.7932900272408,0.0016883425595181308,0.0016869189113976387
AR--JP,AR,JP,18370.21725262342,10,18352.0,18350.0,18350.0,18350.11111111111,6.324555320336759,40.00000000000001,18350.0,18370.0,18350.0,18350.0,0.0,0.0,0.0003446248539852201,1,0,18350.0,18356.0,18.21725262342079,-18.21725262342079,-0.000991673226990237,-0.000992165260202467
AR--KE,AR,KE,10410.808770079677,10,10389.0,10400.0,10388.75,10391.152333329426,77.66738197095498,6032.222222222223,10280.0,10500.0,10312.5,10450.0,137.5,55.0,0.007475924725282027,0,0,10341.0,10433.0,21.808770079676833,-21.808770079676833,-0.002094819966567297,-0.002097017170948183
AR--KR,AR,KR,19431.621304450513,10,19430.0,19430.0,19431.25,19429.94200000003,16.32993161855452,266.6666666666667,19400.0,19450.0,19420.0,19445.0,25.0,10.0,0.0008404493884999754,0,0,19419.0,19439.0,1.62130445051298,-1.62130445051298,-8.343639602227352e-05,-8.343987703198337e-05
AR--MA,AR,MA,9305.417619305188,10,9560.0,9555.0,9563.75,9561.06150000118,57.0574758954123,3255.555555555556,9450.0,9640.0,9528.75,9605.0,76.25,32.5,0.0059683552191853876,0,0,9526.5,9592.0125,254.58238069481195,254.58238069481195,0.02735851211735524,0.026990956804254673
AR--MX,AR,MX,7372.308131811268,10,7386.0,7380.0,7385.0,7380.666666666667,8.432740427115679,71.11111111111111,7380.0,7400.0,7380.0,7390.0,10.0,0.0,0.001141719527093918,0,0,7382.0,7392.0,13.69186818873186,13.69186818873186,0.0018572023773195123,0.0018554799093024668
AR--MY,AR,MY,15967.59980860726,10,15874.0,15870.0,15873.75,15870.666666666666,5.163977794943222,26.666666666666664,15870.0,15880.0,15870.0,15880.0,10.0,0.0,0.00032531043183464924,0,0,15871.0,15877.0,93.59980860725955,-93.59980860725955,-0.005861858371275375,-0.005879106500146333
AR--NG,AR,NG,8446.362395848217,10,8015.5,8045.0,8028.125,8040.518166668384,89.8903653223068,8080.277777777778,7800.0,8130.0,7992.5,8057.5,65.0,17.5,0.011214567440871662,1,0,7956.475,8063.0,430.8623958482167,-430.8623958482167,-0.05101159240574449,-0.052358695837486265
AR--NL,AR,NL,11420.79314209203,10,11444.5,11445.0,11444.375,11444.2587,3.689323936863109,13.61111111111111,11440.0,11450.0,11441.25,11445.0,3.75,2.5,0.00032236654610189253,0,0,11442.5,11446.5,23.706857907969606,23.706857907969606,0.0020757628312692692,0.002073611412312711
AR--NO,AR,NO,12224.016263540156,10,11855.0,11875.0,11873.75,11873.546571428662,65.82805886043833,4333.333333333334,11670.0,11890.0,11862.5,11880.0,17.5,10.0,0.005552767512478982,1,0,11812.0,11880.5,369.0162635401557,-369.0162635401557,-0.030187808620706642,-0.03065284336567491
AR--NZ,AR,NZ,10003.231625456845,10,10318.0,10320.0,10318.75,10320.0,10.85254706406647,117.77777777777777,10300.0,10330.0,10315.0,10325.0,10.0,5.0,0.0010518072362925442,0,0,10311.0,10324.5,314.768374543155,314.768374543155,0.03146666860558471,0.030981739488496415
AR--PE,AR,PE,3130.6695211171427,10,3140.0,3140.0,3140.0,3140.0,0.0,0.0,3140.0,3140.0,3140.0,3140.0,0.0,0.0,0.0,0,0,3140.0,3140.0,9.330478882857278,9.330478882857278,0.00298034615915889,0.002975913732138765
AR--PH,AR,PH,17788.20333536327,10,19931.5,19920.0,19928.125,19924.91299993644,35.5941630670598,1266.9444444444441,19900.0,19990.0,19900.0,19950.0,50.0,20.0,0.0017858246026169532,0,0,19911.5,19952.5,2143.2966646367313,2143.2966646367313,0.12048977764807865,0.1137658911900798
AR--PK,AR,PK,15601.725953155386,10,15473.0,15520.0,15537.5,15526.9937142823,296.3875091085243,87845.55555555556,14680.0,15750.0,15462.5,15592.5,130.0,60.0,0.019155141802399293,1,0,15263.975,15612.025,128.72595315538638,-128.72595315538638,-0.00825075081704996,-0.00828497665080231
AR--PL,AR,PL,12308.20746555706,10,12323.5,12320.0,12322.5,12322.471000000027,8.514693182963201,72.50000000000001,12315.0,12340.0,12316.25,12330.0,13.75,5.0,0.0006909314060910619,0,0,12318.5,12329.0,15.29253444294045,15.29253444294045,0.00124246641809822,0.001241695195444126
AR--PT,AR,PT,9574.20669056964,10,9591.0,9590.0,9591.25,9590.804333333333,6.99205898780101,48.888888888888886,9580.0,9600.0,9586.25,9597.5,11.25,5.0,0.0007290229368992816,0,0,9587.0,9595.0,16.79330943036075,16.79330943036075,0.0017540157605853393,0.0017524792713629594
AR--RU,AR,RU,13459.503231297233,10,13475.8,13476.0,13475.875,13475.8,0.4216370213557839,0.17777777777777778,13475.0,13476.0,13476.0,13476.0,0.0,0.0,3.1288459412857416e-05,2,0,13475.5,13476.0,16.296768702766713,16.296768702766713,0.0012108001627334965,0.0012100677353723533
AR--SA,AR,SA,12854.981363911493,10,11628.0,11575.0,11613.125,11593.93442823672,164.32014822020795,27001.111111111113,11465.0,11910.0,11495.0,11725.0,230.0,95.0,0.01413141969558032,0,0,11538.9875,11726.0,1226.9813639114927,-1226.9813639114927,-0.09544793019739928,-0.10031540830500271
AR--SE,AR,SE,12541.33572639846,10,12080.0,12095.0,12087.5,12093.625250004423,151.65750888103102,23000.000000000004,11850.0,12250.0,12000.0,12215.0,215.0,115.0,0.012554429543131707,0,0,11988.925,12167.0,461.3357263984599,-461.3357263984599,-0.03678521462649205,-0.037478854282201116
AR--SG,AR,SG,15887.309757265864,10,15864.0,15860.0,15863.75,15863.7065,10.749676997731399,115.55555555555554,15850.0,15880.0,15860.0,15870.0,10.0,10.0,0.000677614535913477,0,0,15858.0,15870.0,23.30975726586439,-23.30975726586439,-0.0014671934784430047,-0.0014682708607424366
AR--SN,AR,SN,6965.255742849274,10,6951.0,6950.0,6950.0,6950.111111111111,3.1622776601683795,10.000000000000002,6950.0,6960.0,6950.0,6950.0,0.0,0.0,0.00045493852110032793,1,0,6950.0,6953.0,14.255742849273702,-14.255742849273702,-0.0020466933843612343,-0.0020487907234947593
AR--TH,AR,TH,16880.505738924476,10,17148.5,17125.0,17148.125,17138.73166666365,113.4815207668436,12878.055555555555,17000.0,17300.0,17052.5,17263.75,211.25,75.0,0.006617577092273004,0,0,17085.0,17215.0375,267.99426107552426,267.99426107552426,0.015875961610413176,0.01575125667418547
AR--TR,AR,TR,12466.927062320188,10,11939.5,11940.0,11911.875,11915.634166667296,138.2519841127465,19113.61111111111,11800.0,12300.0,11856.25,11950.0,93.75,37.5,0.011579378040348967,1,0,11874.4875,12037.5125,527.4270623201883,-527.4270623201883,-0.04230609994617472,-0.04322707184539691
AR--TZ,AR,TZ,10004.640819282862,10,9429.0,9397.5,9434.375,9407.927333331314,169.865960228777,28854.44444444445,9130.0,9685.0,9332.5,9562.5,230.0,70.0,0.018015267815121114,0,0,9334.4875,9533.025,575.6408192828621,-575.6408192828621,-0.057537379870087564,-0.05925902078607873
AR--UA,AR,UA,12807.053139985803,10,12814.0,12820.0,12814.375,12817.931166666669,9.944289260117532,98.8888888888889,12800.0,12825.0,12803.75,12820.0,16.25,2.5,0.0007760487950770667,0,0,12808.0,12819.5,6.946860014197227,6.946860014197227,0.0005424245482755081,0.0005422774892567253
AR--US,AR,US,8360.953336333787,10,8387.0,8387.5,8387.5,8386.773285714296,9.189365834726814,84.44444444444444,8370.0,8400.0,8381.25,8390.0,8.75,5.0,0.0010956677995381918,0,0,8381.4875,8392.5,26.046663666213135,26.046663666213135,0.0031152743734405765,0.003110431960586298
AR--VN,AR,VN,17861.954046251605,10,17515.0,17465.0,17439.375,17455.463999998006,331.8801657894675,110144.44444444445,17235.0,18400.0,17326.25,17530.0,203.75,80.0,0.01894833946842521,1,0,17359.9625,17737.5125,346.9540462516052,-346.9540462516052,-0.019424193195951858,-0.01961532189880186
AR--ZA,AR,ZA,8148.626185145644,10,8125.5,8122.5,8125.625,8125.499999999996,19.500712237705006,380.27777777777777,8100.0,8150.0,8112.5,8145.0,32.5,17.5,0.0023999399714116063,0,0,8114.0,8137.0,23.12618514564383,-23.12618514564383,-0.002838047128459665,-0.002842082020161491
AU--BD,AU,BD,8995.963141163435,10,8903.5,8875.0,8895.0,8886.666666676343,136.07697984760114,18516.944444444445,8740.0,9135.0,8820.0,8970.0,150.0,85.0,0.015283537917403396,0,0,8829.4875,8987.5,92.46314116343456,-92.46314116343456,-0.01027829257551587,-0.010331478982159583
AU--BR,AU,BR,14075.358195321549,10,13927.5,13872.5,13887.5,13870.63971418302,172.63078777810432,29801.38888888889,13795.0,14380.0,13842.5,13893.75,51.25,30.0,0.01239495873474093,2,0,13849.4625,14035.0125,147.85819532154892,-147.85819532154892,-0.010504755422188468,-0.010560319835035045
AU--CA,AU,CA,16104.729525959248,10,15831.0,15617.5,15797.5,15636.806300000002,354.36014323158736,125571.11111111111,15570.0,16360.0,15585.0,16156.25,571.25,42.5,0.022383939310946076,0,0,15628.825,16047.525,273.72952595924835,-273.72952595924835,-0.016996840929121047,-0.017142945136290097
AU--CD,AU,CD,13504.360503430844,10,12707.5,12767.5,12710.0,12709.999999997115,460.12830336282894,211718.05555555553,11840.0,13555.0,12470.0,12860.0,390.0,277.5,0.036209191687021754,2,0,12452.0,12956.575,796.8605034308439,-796.8605034308439,-0.05900764447367929,-0.060820263206247865
AU--CL,AU,CL,11345.088282272682,10,11340.0,11340.0,11340.0,11340.0,0.0,0.0,11340.0,11340.0,11340.0,11340.0,0.0,0.0,0.0,0,0,11340.0,11340.0,5.088282272681681,-5.088282272681681,-0.0004485008971355824,-0.00044860150374547765
AU--CN,AU,CN,8980.130816239809,10,8961.0,8960.0,8960.625,8960.142857142857,6.146362971528592,37.77777777777778,8950.0,8975.0,8960.0,8960.0,0.0,0.0,0.000685901458713156,3,0,8957.5,8965.0,19.130816239809064,-19.130816239809064,-0.0021303493937095655,-0.0021326218159216943
AU--CO,AU,CO,14436.399681031653,10,14369.0,14350.0,14364.375,14356.084699830315,88.09086218218096,7759.999999999999,14245.0,14530.0,14322.5,14427.5,105.0,47.5,0.0061306188448869755,0,0,14319.9875,14420.5125,67.39968103165302,-67.39968103165302,-0.00466873199141273,-0.0046796645613811395
AU--DE,AU,DE,16060.205223180863,10,16090.0,16090.0,16090.0,16090.0,6.666666666666667,44.44444444444445,16080.0,16100.0,16090.0,16090.0,0.0,0.0,0.0004143360265175057,4,0,16086.0,16094.0,29.79477681913704,29.79477681913704,0.0018551927827255951,0.0018534740380018544
AU--DZ,AU,DZ,16979.37379367375,10,17352.5,17300.0,17342.5,17328.742142854342,136.40727416250368,18606.944444444445,17200.0,17585.0,17250.0,17420.0,170.0,75.0,0.007860958026941575,0,0,17276.925,17441.0,373.1262063262511,373.1262063262511,0.02197526309629111,0.02173728708182109
AU--EG,AU,EG,14263.93286552806,10,14421.5,14420.0,14420.625,14420.0,6.258327785172862,39.166666666666664,14415.0,14435.0,14420.0,14420.0,0.0,0.0,0.000433958172532182,4,0,14418.5,14425.5,157.56713447193943,157.56713447193943,0.011046542069244812,0.01098597465552503
AU--ES,AU,ES,17574.421466877073,10,17643.0,17645.0,17643.75,17644.396750000007,8.232726023485645,67.77777777777776,17630.0,17650.0,17640.0,17650.0,10.0,5.0,0.00046662846587800514,0,0,17638.0,17647.0,68.57853312292718,68.57853312292718,0.0039021787005722357,0.0038945849496381363
AU--ET,AU,ET,12442.084906893078,10,11854.0,11845.0,11855.0,11851.666666664665,164.60052652811694,27093.33333333333,11550.0,12150.0,11788.75,11936.25,147.5,90.0,0.013885652651266825,1,0,11755.9875,11947.5625,588.0849068930784,-588.0849068930784,-0.047265784737353114,-0.048419306919704364
AU--FI,AU,FI,15202.304817605685,10,15200.5,15200.0,15200.0,15200.0,17.392527130926087,302.50000000000006,15175.0,15230.0,15190.0,15210.0,20.0,10.0,0.0011442075675751513,0,0,15190.9875,15211.0,1.8048176056854572,-1.8048176056854572,-0.00011871999853570298,-0.00011872704631258317
AU--FJ,AU,FJ,3459.5502950524574,10,3331.5,3335.0,3331.875,3333.7760999733846,12.258783698955527,150.27777777777777,3315.0,3345.0,3318.75,3340.0,21.25,7.5,0.00367965892209381,0,0,3324.5,3338.5,128.0502950524574,-128.0502950524574,-0.037013566542328805,-0.03771595507382561
AU--FR,AU,FR,16917.63537856836,10,16944.0,16960.0,16947.5,16959.571428571428,25.90581230363393,671.1111111111111,16900.0,16960.0,16922.5,16960.0,37.5,0.0,0.001528907713859415,0,0,16927.0,16960.0,26.364621431639534,26.364621431639534,0.0015584105486183269,0.0015571974870344702
AU--GB,AU,GB,16976.59127449891,10,17009.5,17015.0,17015.0,17014.88888888889,17.392527130926087,302.50000000000006,16960.0,17015.0,17015.0,17015.0,0.0,0.0,0.001022518423876427,1,0,16998.5,17015.0,32.908725501089066,32.908725501089066,0.0019384766334406796,0.0019366002121527423
AU--GH,AU,GH,15466.274445812925,10,15670.5,15617.5,15653.75,15635.833333341248,314.7613734596769,99074.7222222222,15125.0,16350.0,15585.0,15725.0,140.0,85.0,0.02008623677991621,2,0,15503.4625,15863.5125,204.22555418707452,204.22555418707452,0.013204573273453262,0.013118152827906026
AU--GR,AU,GR,15201.661293550262,10,15308.5,15310.0,15308.125,15309.2587,6.687467549246293,44.722222222222214,15300.0,15320.0,15302.5,15310.0,7.5,2.5,0.00043684668969829133,0,0,15304.0,15312.5,106.83870644973831,106.83870644973831,0.007028094126466801,0.0070035121818845
AU--IN,AU,IN,10338.502325503718,10,10393.5,10400.0,10395.0,10394.090611111387,34.72511099094333,1205.833333333333,10340.0,10435.0,10366.25,10422.5,56.25,32.5,0.003341041130605025,0,0,10372.4875,10414.0,54.99767449628234,54.99767449628234,0.0053196945519478536,0.005305594958467524
AU--IT,AU,IT,16216.420011411574,10,16322.0,16315.0,16320.625,16315.666666666648,10.327955589886445,106.66666666666666,16315.0,16340.0,16315.0,16331.25,16.25,0.0,0.0006327628715774075,0,0,16316.0,16328.5,105.5799885884262,105.5799885884262,0.006510684140773922,0.006489581183717458
AU--JP,AU,JP,7916.886601720884,10,7964.5,7970.0,7965.0,7967.776099999988,8.959786703810408,80.27777777777779,7950.0,7975.0,7960.0,7970.0,10.0,2.5,0.0011249653718137245,0,0,7958.5,7969.5,47.613398279116154,47.613398279116154,0.006014156912234475,0.005996144055901364
AU--KE,AU,KE,11938.438068840167,10,11779.5,11650.0,11780.625,11688.155499993722,328.1467320845627,107680.27777777777,11300.0,12250.0,11607.5,12065.0,457.5,102.5,0.027857441494508486,0,0,11594.95,11979.5375,158.93806884016703,-158.93806884016703,-0.013313137608428206,-0.013402551901513916
AU--KR,AU,KR,8383.398878278069,10,8334.0,8330.0,8332.5,8330.666666666648,6.582805886043833,43.333333333333336,8330.0,8350.0,8330.0,8335.0,5.0,0.0,0.0007898735164439445,1,0,8330.5,8338.5,49.39887827806888,-49.39887827806888,-0.005892464261251434,-0.005909893329286075
AU--MA,AU,MA,17823.98557196807,10,18062.5,18075.0,18065.625,18065.624999998876,130.45326962386017,17018.05555555556,17850.0,18250.0,17957.5,18145.0,187.5,115.0,0.007222326345957656,0,0,17986.5,18132.5125,238.51442803192913,238.51442803192913,0.01338165513368922,0.013292911600273348
AU--MX,AU,MX,13179.187255642872,10,13882.0,13872.5,13880.0,13880.00000011577,36.37764881535547,1323.3333333333333,13830.0,13950.0,13855.0,13907.5,52.5,25.0,0.0026204904779826735,0,0,13861.0,13903.5125,702.8127443571284,702.8127443571284,0.05332747237931598,0.051954174718378966
AU--MY,AU,MY,6520.550088731684,10,6378.0,6360.0,6375.625,6363.648500000007,46.01931961445951,2117.777777777778,6325.0,6450.0,6348.75,6410.0,61.25,17.5,0.007215321356923724,0,0,6351.975,6405.5,142.5500887316839,-142.5500887316839,-0.021861666085201625,-0.022104173229169674
AU--NG,AU,NG,15163.69563184826,10,15005.5,15002.5,15006.875,15021.332428566287,202.3672404318446,40952.5,14650.0,15350.0,14957.5,15128.75,171.25,105.0,0.013486204420502123,1,0,14887.0,15117.05,158.19563184826075,-158.19563184826075,-0.010432524873158426,-0.010487325130680349
AU--NL,AU,NL,16620.528265072542,10,16606.0,16600.0,16603.75,16600.0,21.70509412813294,471.1111111111111,16580.0,16650.0,16600.0,16600.0,0.0,0.0,0.001307063358312233,4,0,16595.0,16619.0,14.528265072542126,-14.528265072542126,-0.0008741157224871586,-0.0008744979844123462
AU--NO,AU,NO,15966.082912956443,10,15819.5,15850.0,15823.75,15843.681333331393,118.14421507444008,13958.055555555555,15630.0,15975.0,15735.0,15895.0,160.0,60.0,0.007468264804478023,0,0,15748.0,15882.0125,146.58291295644267,-146.58291295644267,-0.009180893883338846,-0.009223298027765362
AU--NZ,AU,NZ,2331.7654440152487,10,2328.0,2328.0,2328.125,2328.0,1.4142135623730951,2.0000000000000004,2325.0,2330.0,2328.0,2328.0,0.0,0.0,0.0006074800525657625,4,0,2327.1,2328.8,3.765444015248704,-3.765444015248704,-0.001614846821284345,-0.0016161520918096626
AU--PE,AU,PE,12870.966935523227,10,13043.5,12980.0,13016.875,12992.189285286406,229.32327981839668,52589.166666666664,12800.0,13500.0,12875.0,13087.5,212.5,125.0,0.017581422150373494,1,0,12923.4875,13177.5125,172.53306447677278,172.53306447677278,0.013404825398206107,0.013315775641197842
AU--PH,AU,PH,6269.920053818219,10,6168.5,6170.0,6168.125,6168.499999999001,156.63208838265265,24533.611111111113,6000.0,6340.0,6018.75,6315.0,296.25,152.5,0.025392249069085295,0,0,6076.0,6258.5125,101.42005381821855,-101.42005381821855,-0.016175653429018822,-0.016307907446951698
AU--PK,AU,PK,10988.77817833369,10,10671.5,10685.0,10684.375,10683.333333332796,159.42692509248383,25416.94444444445,10355.0,10885.0,10597.5,10755.0,157.5,90.0,0.014939504764324025,1,0,10577.4625,10759.5125,317.27817833369045,-317.27817833369045,-0.02887292592358086,-0.029297949967745443
AU--PL,AU,PL,15552.021357649579,10,15598.5,15600.0,15598.75,15599.571428573772,2.41522945769824,5.833333333333334,15595.0,15600.0,15596.25,15600.0,3.75,0.0,0.00015483728933540018,0,0,15597.0,15600.0,46.47864235042107,46.47864235042107,0.0029885917258954636,0.002984134763462659
AU--PT,AU,PT,18058.241733092265,10,18111.5,18117.5,18113.125,18112.940833333363,15.994790818680103,255.83333333333334,18080.0,18130.0,18100.0,18120.0,20.0,12.5,0.0008831289964210641,0,0,18101.5,18121.0,53.25826690773465,53.25826690773465,0.0029492498602528556,0.0029449093549459926
AU--RU,AU,RU,14468.762247285287,10,14467.5,14470.0,14468.125,14469.333333333334,3.5355339059327378,12.500000000000002,14460.0,14470.0,14465.0,14470.0,5.0,0.0,0.00024437766759514344,0,0,14465.5,14469.5,1.2622472852872306,-1.2622472852872306,-8.723947934966315e-05,-8.724328493434397e-05
AU--SA,AU,SA,12623.318465753277,10,12572.5,12570.0,12571.875,12574.448928563974,187.69434372582106,35229.166666666664,12270.0,12880.0,12465.0,12706.25,241.25,137.5,0.014928959532775586,0,0,12461.975,12686.5,50.81846575327654,-50.81846575327654,-0.0040257612046424775,-0.004033886395330658
AU--SE,AU,SE,15597.07886628645,10,15598.3,15600.0,15598.5,15599.333333333334,2.359378449224852,5.566666666666667,15595.0,15600.0,15595.75,15600.0,4.25,0.0,0.00015125869160260107,0,0,15596.8,15599.6,1.2211337135486247,1.2211337135486247,7.829246258337139e-05,7.828939788839677e-05
AU--SG,AU,SG,6204.591664762586,10,6006.0,6005.0,6005.625,6005.60325,6.582805886043833,43.333333333333336,6000.0,6015.0,6000.0,6010.0,10.0,5.0,0.0010960382760645743,0,0,6002.5,6010.0,198.59166476258633,-198.59166476258633,-0.032007209417251034,-0.03253063947838863
AU--SN,AU,SN,17367.8662451382,10,17702.5,17595.0,17653.125,17623.319571411274,412.3863479796585,170062.5,17250.0,18550.0,17392.5,17827.5,435.0,245.0,0.023295373420684,1,0,17486.875,17942.225,334.6337548617994,334.6337548617994,0.019267407414280017,0.019084141221649704
AU--TH,AU,TH,7462.848367041455,10,7133.5,7142.5,7123.125,7119.999999994589,108.65465168750639,11805.833333333334,7000.0,7350.0,7043.75,7150.0,106.25,67.5,0.015231604638327102,1,0,7076.0,7204.5125,329.3483670414553,-329.3483670414553,-0.04413172435553866,-0.0451351624070152
AU--TR,AU,TR,14491.126052008547,10,14415.5,14422.5,14419.375,14424.166666665951,74.14138145762085,5496.944444444445,14270.0,14530.0,14392.5,14455.0,62.5,37.5,0.005143170993556994,1,0,14369.9875,14457.0,75.62605200854705,-75.62605200854705,-0.005218783670580581,-0.00523244908738495
AU--TZ,AU,TZ,11694.349880853746,10,11083.5,11080.0,11072.5,11061.666666668067,212.8777687886747,45316.944444444445,10795.0,11460.0,10926.25,11143.75,217.5,132.5,0.019206727909836668,0,0,10959.975,11203.5625,610.8498808537461,-610.8498808537461,-0.05223461646669588,-0.053648293081123614
AU--UA,AU,UA,14887.737081531282,10,14925.0,14927.5,14925.0,14925.369571428555,12.909944487358056,166.66666666666666,14900.0,14950.0,14920.0,14930.0,10.0,5.0,0.0008649879053506235,2,0,14917.5,14932.5,37.262918468717544,37.262918468717544,0.0025029269569076013,0.002499799852088279
AU--US,AU,US,15945.723803950415,10,15920.0,15920.0,15919.375,15918.916142857142,7.453559924999299,55.55555555555555,15910.0,15935.0,15915.0,15920.0,5.0,5.0,0.00046818843749995594,2,0,15916.0,15925.0,25.72380395041546,-25.72380395041546,-0.0016132101788971542,-0.0016145128035645444
AU--VN,AU,VN,7727.631084944442,10,7736.5,7737.5,7736.25,7736.2686428310535,8.834905520465714,78.05555555555556,7725.0,7750.0,7730.0,7743.75,13.75,7.5,0.0011419770594539797,0,0,7731.5,7741.5,8.868915055558318,8.868915055558318,0.0011476887234999368,0.0011470306322714533
AU--ZA,AU,ZA,10839.833274898414,10,10483.5,10450.0,10488.125,10483.872111109144,133.4176816534367,17800.277777777777,10280.0,10650.0,10431.25,10607.5,176.25,135.0,0.01272644457036645,0,0,10409.475,10562.5,356.33327489841395,-356.33327489841395,-0.03287257892827262,-0.03342502274563531
BD--BR,BD,BR,15592.505750516311,10,15771.5,15755.0,15764.375,15767.316333333132,100.99642457917892,10200.277777777776,15650.0,15950.0,15683.75,15850.0,166.25,95.0,0.006403729802439776,0,0,15715.0,15834.025,178.9942494836887,178.9942494836887,0.011479505112753394,0.011414115544712224
BD--CA,BD,CA,12219.959997048985,10,12468.0,12470.0,12471.875,12471.875000000131,42.830414945975534,1834.4444444444443,12365.0,12540.0,12462.5,12480.0,17.5,10.0,0.0034352273777651216,2,0,12440.4875,12490.5,248.04000295101469,248.04000295101469,0.020297939028516804,0.02009468173091226
BD--CD,BD,CD,8699.546891941973,10,9085.5,9055.0,9073.75,9056.666666683312,228.46650617638562,52196.94444444445,8785.0,9480.0,8953.75,9171.25,217.5,117.5,0.02514627771464263,0,0,8952.9875,9220.5,385.9531080580273,385.9531080580273,0.04436473679054705,0.04340879318869914
BD--CL,BD,CL,17886.203807894904,10,17101.5,17057.5,17089.375,17059.912999999917,73.56214304170922,5411.388888888888,17050.0,17250.0,17050.0,17137.5,87.5,7.5,0.004301502385270837,0,0,17061.5,17150.0,784.7038078949045,-784.7038078949045,-0.04387201534338656,-0.04486349972739423
BD--CN,BD,CN,3026.7986717227063,10,3027.5,3027.5,3027.5,3027.5,2.6352313834736494,6.944444444444444,3025.0,3030.0,3025.0,3030.0,5.0,2.5,0.0008704315056890666,0,0,3026.0,3029.0,0.7013282772936691,0.7013282772936691,0.00023170628553715705,0.00023167944578175994
BD--CO,BD,CO,16454.083310734804,10,16519.5,16510.0,16499.375,16492.018625000022,242.42352746106693,58769.16666666667,16250.0,16950.0,16308.75,16625.0,316.25,182.5,0.014674991825483031,0,0,16386.9875,16668.025,65.4166892651956,65.4166892651956,0.003975711562279323,0.003967829305877788
BD--DE,BD,DE,7083.361209694893,10,7087.0,7097.5,7090.0,7089.269124999437,56.57836257007719,3201.1111111111113,7000.0,7150.0,7050.0,7136.25,86.25,47.5,0.007983400955281104,0,0,7053.5,7117.5,3.63879030510725,3.63879030510725,0.0005137095507888107,0.0005135776472089768
BD--DZ,BD,DZ,8249.865357774017,10,8692.2,8677.5,8680.875,8678.666666667299,140.2797205586039,19678.4,8490.0,8985.0,8629.25,8730.0,100.75,55.0,0.0161385748784662,1,0,8616.59,8773.0425,442.33464222598377,442.33464222598377,0.053617195316910574,0.05222919184992759
BD--EG,BD,EG,5856.065710330734,10,5375.5,5292.5,5331.875,5298.165624801095,222.41665105532604,49469.166666666664,5220.0,5880.0,5238.75,5351.25,112.5,62.5,0.041375993127211616,2,0,5264.4875,5526.075,480.56571033073396,-480.56571033073396,-0.08206289582491604,-0.08562640467933261
BD--ES,BD,ES,8668.474277763522,10,8256.0,8242.5,8238.75,8241.293500000078,74.19194325831104,5504.444444444445,8190.0,8460.0,8227.5,8250.0,22.5,7.5,0.00898642723574504,2,0,8223.4875,8305.0125,412.47427776352197,-412.47427776352197,-0.047583261430631005,-0.04875258937753585
BD--ET,BD,ET,5724.1496250866285,10,6313.0,6317.5,6320.625,6321.666666663497,132.7110478529283,17612.222222222223,6085.0,6480.0,6236.25,6417.5,181.25,100.0,0.021021867234742322,0,0,6237.4125,6383.0,588.8503749133715,588.8503749133715,0.1028712408796372,0.0979169980806856
BD--FI,BD,FI,6394.878508271938,10,6719.0,6717.5,6713.75,6713.339624999809,36.575644598253874,1337.7777777777778,6680.0,6800.0,6692.5,6731.25,38.75,22.5,0.005443614317346908,1,0,6699.5,6742.5,324.1214917280622,324.1214917280622,0.05068454253021427,0.0494418970123081
BD--FJ,BD,FJ,10616.636231096905,10,11717.0,11650.0,11705.625,11693.35849999852,161.00724621374448,25923.333333333336,11475.0,12050.0,11631.25,11816.25,185.0,67.5,0.013741337049905648,0,0,11632.975,11824.525,1100.3637689030948,1100.3637689030948,0.1036452361134922,0.09861855211272713
BD--FR,BD,FR,7923.795839306774,10,7903.7,7905.0,7903.375,7903.494199999997,3.497618237219913,12.233333333333333,7900.0,7910.0,7900.0,7905.75,5.75,3.0,0.0004425292252008443,0,0,7901.6,7905.8,20.095839306773996,-20.095839306773996,-0.0025361379462967223,-0.0025393593919778024
BD--GB,BD,GB,8015.217428089591,10,8001.5,8000.0,8000.625,8000.249999997861,3.3747427885527643,11.388888888888888,8000.0,8010.0,8000.0,8000.0,0.0,0.0,0.00042176376786262127,2,0,8000.0,8003.5125,13.717428089590612,-13.717428089590612,-0.0017114230789943936,-0.0017128892365214138
BD--GH,BD,GH,9833.431322059829,10,10391.0,10355.0,10390.625,10377.209999997911,140.174494430652,19648.88888888889,10135.0,10650.0,10331.25,10452.5,121.25,50.0,0.013489990802680396,2,0,10311.475,10470.0125,557.5686779401713,557.5686779401713,0.056701334425283426,0.055152107287258174
BD--GR,BD,GR,6434.574552380038,10,6172.0,6162.5,6176.25,6168.474500001248,81.92815280611558,6712.2222222222235,6030.0,6280.0,6130.0,6248.75,118.75,47.5,0.013274166041172323,0,0,6124.4875,6220.5,262.57455238003786,-262.57455238003786,-0.040806824171912975,-0.04166278973525057
BD--IN,BD,IN,1425.4260591415405,10,1423.4,1424.0,1423.625,1423.62935,1.5055453054181622,2.2666666666666675,1420.0,1425.0,1423.0,1424.0,1.0,1.0,0.001057710626259774,1,0,1422.4,1424.2,2.0260591415403724,-2.0260591415403724,-0.001421370914714834,-0.0014223820205713107
BD--IT,BD,IT,7320.0470436892765,10,7267.9,7272.5,7269.25,7271.695666666686,9.350579304691948,87.43333333333335,7250.0,7275.0,7265.0,7275.0,10.0,2.5,0.0012865586076709844,0,0,7262.4975,7272.5125,52.14704368927687,-52.14704368927687,-0.007123867289108972,-0.007149363190120121
BD--JP,BD,JP,4901.783530903048,10,4660.0,4660.0,4660.0,4660.0,0.0,0.0,4660.0,4660.0,4660.0,4660.0,0.0,0.0,0.0,0,0,4660.0,4660.0,241.7835309030479,-241.7835309030479,-0.049325623903776206,-0.05058367665081031
BD--KE,BD,KE,6417.460535353122,10,6773.5,6772.5,6771.875,6773.499999998348,89.10200147396615,7939.166666666667,6680.0,6880.0,6687.5,6852.5,165.0,87.5,0.013154499368711324,0,0,6720.9875,6821.5625,356.0394646468776,356.0394646468776,0.055479805864873374,0.05399545583034134
BD--KR,BD,KR,3797.612686267932,10,3711.5,3715.0,3711.875,3713.0419285714347,6.687467549246293,44.722222222222214,3700.0,3720.0,3710.0,3715.0,5.0,2.5,0.001801823400039416,2,0,3707.5,3715.5,86.11268626793208,-86.11268626793208,-0.0226754788815914,-0.02293652127534142
BD--MA,BD,MA,9196.660288262383,10,9596.0,9577.5,9595.625,9592.500000001011,125.58308449433432,15771.111111111111,9380.0,9815.0,9537.5,9657.5,120.0,77.5,0.013087024228254932,0,0,9519.475,9668.0125,399.3397117376171,399.3397117376171,0.04342225321155886,0.04250593897270556
BD--MX,BD,MX,15118.666153073525,10,15907.0,15850.0,15865.625,15848.517399982276,169.1022044668713,28595.55555555555,15795.0,16350.0,15842.5,15850.0,7.5,5.0,0.010630678598533432,4,0,15831.9875,16017.5,788.3338469264745,788.3338469264745,0.052143081866134824,0.05082911444553632
BD--MY,BD,MY,2578.596726870454,10,2630.0,2630.0,2630.0,2630.0,0.0,0.0,2630.0,2630.0,2630.0,2630.0,0.0,0.0,0.0,0,0,2630.0,2630.0,51.40327312954605,51.40327312954605,0.019934591785483367,0.01973849953953261
BD--NG,BD,NG,8893.098615055616,10,9117.0,9142.5,9139.375,9135.833333340077,271.4590208484515,73690.00000000001,8510.0,9545.0,9053.75,9231.25,177.5,102.5,0.02977503793445777,2,0,8939.475,9270.0125,223.9013849443836,223.9013849443836,0.02517698213368832,0.024865263181681602
BD--NL,BD,NL,7656.49679159308,10,7732.0,7732.5,7733.125,7732.093142926883,27.80887148615228,773.3333333333334,7685.0,7770.0,7711.25,7748.75,37.5,20.0,0.0035965948637030885,0,0,7715.0,7747.0,75.50320840691984,75.50320840691984,0.009861325677015004,0.009813020116594254
BD--NO,BD,NO,7181.762061567684,10,7290.5,7317.5,7303.125,7303.622374803367,74.66406245458536,5574.7222222222235,7120.0,7360.0,7261.25,7343.75,82.5,42.5,0.010241281455947516,1,0,7242.975,7328.5,108.73793843231579,108.73793843231579,0.015140843918265335,0.015027365348177791
BD--NZ,BD,NZ,11267.899459200993,10,11407.0,11462.5,11404.375,11406.999999982987,348.7135086444331,121601.11111111111,10950.0,11885.0,11055.0,11718.75,663.75,327.5,0.03057013313267582,0,0,11198.4875,11601.025,139.10054079900692,139.10054079900692,0.012344851079179806,0.012269274755059876
BD--PE,BD,PE,18167.538095071344,10,18135.5,18150.0,18144.375,18144.999999999876,57.852782512550284,3346.944444444444,18000.0,18200.0,18132.5,18150.0,17.5,15.0,0.0031900296386948405,4,0,18100.0,18163.5125,32.03809507134429,-32.03809507134429,-0.0017634802747454193,-0.00176503703656681
BD--PH,BD,PH,3362.196759695326,10,3368.5,3365.0,3367.5,3365.804333333299,13.133925536563698,172.50000000000003,3350.0,3395.0,3360.0,3377.5,17.5,5.0,0.003899042759852664,0,0,3361.0,3377.0,6.303240304674091,6.303240304674091,0.0018747386768778146,0.0018729835475880085
BD--PK,BD,PK,2010.504192418624,10,1933.5,1910.0,1925.625,1911.9580714284496,49.72423956180728,2472.5000000000005,1900.0,2030.0,1910.0,1915.0,5.0,2.5,0.025717217254619746,3,0,1909.0,1968.0,77.00419241862392,-77.00419241862392,-0.038300936008488676,-0.03905370054949093
BD--PL,BD,PL,6568.012073729416,10,6784.8,6775.0,6781.875,6775.8333333330265,42.431120654538454,1800.3999999999999,6733.0,6860.0,6761.25,6792.5,31.25,17.5,0.006253849878336643,2,0,6763.595,6812.8,216.78792627058374,216.78792627058374,0.03300662724687841,0.03247360565117016
BD--PT,BD,PT,9173.202508931836,10,9251.5,9245.0,9255.0,9237.214143411267,265.42471207063176,70450.27777777777,8750.0,9725.0,9135.0,9341.25,206.25,115.0,0.028689911049087365,2,0,9102.5,9401.0125,78.29749106816416,78.29749106816416,0.008535458689800737,0.0084992376252723
BD--RU,BD,RU,5553.2737926347245,10,5591.5,5590.0,5591.25,5591.379222222206,4.743416490252569,22.5,5585.0,5600.0,5590.0,5595.0,5.0,5.0,0.0008483262971032047,0,0,5589.0,5594.0,38.22620736527551,38.22620736527551,0.006883544516745188,0.00685996108739133
BD--SA,BD,SA,4415.912406616781,10,4352.5,4375.0,4366.875,4382.501643221616,154.61870664458567,23906.94444444444,4040.0,4550.0,4332.5,4458.75,126.25,72.5,0.03552411410559119,1,0,4250.975,4436.525,63.41240661678057,-63.41240661678057,-0.014359978364100643,-0.014464080659705248
BD--SE,BD,SE,6768.471024295255,10,7050.0,7025.0,7055.625,7055.624999998947,73.67345368433448,5427.777777777777,6905.0,7150.0,7021.25,7115.0,93.75,47.5,0.010450135274373685,0,0,7004.5,7092.525,281.5289757047449,281.5289757047449,0.04159417609888611,0.04075240115362357
BD--SG,BD,SG,2874.5622395689315,10,2895.6,2895.0,2895.125,2895.222222222222,1.5776212754932308,2.4888888888888885,2895.0,2900.0,2895.0,2895.0,0.0,0.0,0.0005448339810378612,2,0,2895.0,2896.6,21.037760431068364,21.037760431068364,0.007318596251449813,0.007291945278713844
BD--SN,BD,SN,11109.021139047307,10,12293.0,12525.0,12351.25,12475.953166675168,419.6109309030609,176073.33333333334,11470.0,12650.0,12045.0,12571.25,526.25,92.5,0.034134135760437716,0,0,12021.45,12527.05,1183.9788609526931,1183.9788609526931,0.10657814456677048,0.10127250121162501
BD--TH,BD,TH,1533.2161452123528,10,1540.0,1540.0,1540.0,1540.0,0.0,0.0,1540.0,1540.0,1540.0,1540.0,0.0,0.0,0.0,0,0,1540.0,1540.0,6.783854787647215,6.783854787647215,0.004424591280773162,0.0044148315547150015
BD--TR,BD,TR,5633.079801631459,10,5341.5,5375.0,5349.375,5372.014666662933,141.87337860062246,20128.05555555556,5080.0,5540.0,5251.25,5430.0,178.75,60.0,0.026560587587872782,0,0,5251.4875,5419.5375,291.5798016314593,-291.5798016314593,-0.05176205768414849,-0.05314981421677774
BD--TZ,BD,TZ,6793.0341997186615,10,6633.0,6630.0,6634.375,6631.389642425043,114.82353610843225,13184.444444444445,6460.0,6795.0,6546.25,6707.5,161.25,87.5,0.017310950717387644,0,0,6568.0,6695.5125,160.0341997186615,-160.0341997186615,-0.023558574123664716,-0.023840514206092102
BD--UA,BD,UA,5893.685382507589,10,6324.5,6332.5,6320.0,6322.621800221577,64.35362374325854,4141.388888888889,6235.0,6450.0,6276.25,6347.5,71.25,35.0,0.010175290338091317,0,0,6287.5,6362.5,430.81461749241134,430.81461749241134,0.07309766123096181,0.07054947649741111
BD--US,BD,US,12949.493713794654,10,12661.5,12655.0,12661.875,12661.218928571408,19.010231163478494,361.3888888888889,12630.0,12690.0,12650.0,12675.0,25.0,12.5,0.0015014201448073684,0,0,12649.9875,12672.5,287.99371379465447,-287.99371379465447,-0.022239766292010674,-0.022490798811679768
BD--VN,BD,VN,1616.977559772685,10,1827.5,1885.0,1847.5,1879.4837500000297,130.5171338262614,17034.722222222223,1580.0,1915.0,1860.0,1897.5,37.5,25.0,0.07141840428249598,2,0,1736.4875,1893.5,210.52244022731497,210.52244022731497,0.130195028963117,0.12239020983472147
BD--ZA,BD,ZA,8645.990655579606,10,8596.5,8580.0,8590.0,8591.702777471044,148.7736909238697,22133.611111111113,8420.0,8825.0,8477.5,8725.0,247.5,125.0,0.017306309652052546,0,0,8517.9875,8692.5125,49.49065557960603,-49.49065557960603,-0.005724116246605901,-0.005740561787494345
BR--CA,BR,CA,7334.346869539842,10,7314.5,7315.0,7314.375,7317.156928569477,115.43276061076519,13324.722222222223,7130.0,7500.0,7250.0,7396.25,146.25,77.5,0.015781360395210223,0,0,7248.0,7382.0125,19.846869539842373,-19.846869539842373,-0.002706017303635868,-0.0027096851868575545
BR--CD,BR,CD,7021.609682135122,10,6751.0,6712.5,6713.125,6712.5,161.34504089751945,26032.222222222226,6625.0,7180.0,6675.0,6750.0,75.0,37.5,0.02389942836580054,1,0,6676.9875,6852.6,270.60968213512206,-270.60968213512206,-0.038539550670785135,-0.03930184914233323
BR--CL,BR,CL,3009.3551850238605,10,2950.5,3015.0,3015.0,3014.8888888888887,203.96690908086046,41602.5,2370.0,3015.0,3015.0,3015.0,0.0,0.0,0.06912960822940534,1,0,2821.5,3015.0,58.855185023860486,-58.855185023860486,-0.01955740728670213,-0.019751184051842216
BR--CN,BR,CN,16930.472630910997,10,17304.0,17300.0,17302.5,17300.25,8.432740427115679,71.11111111111111,17300.0,17320.0,17300.0,17300.0,0.0,0.0,0.0004873289659683125,2,0,17300.0,17310.0,373.5273690890026,373.5273690890026,0.022062430106471503,0.021822576125680924
BR--CO,BR,CO,3659.609825431805,10,3660.8,3660.0,3660.375,3660.25,1.7511900715418265,3.0666666666666673,3660.0,3665.0,3660.0,3660.0,0.0,0.0,0.00047836267251470346,2,0,3660.0,3661.9,1.1901745681952889,1.1901745681952889,0.0003252189782430857,0.00032516610601415546
BR--DE,BR,DE,9575.611395967344,10,9500.0,9500.0,9500.0,9500.0,0.0,0.0,9500.0,9500.0,9500.0,9500.0,0.0,0.0,0.0,0,0,9500.0,9500.0,75.61139596734392,-75.61139596734392,-0.007896247335098286,-0.007927587786410896
BR--DZ,BR,DZ,7899.280557882734,10,8245.5,8255.0,8264.375,8262.061722222275,168.64574969114665,28441.38888888889,7900.0,8440.0,8175.0,8380.0,205.0,132.5,0.020453065270892808,0,0,8136.5,8339.025,346.2194421172662,346.2194421172662,0.043829237305892624,0.042895910283149395
BR--EG,BR,EG,9874.469524339542,10,9613.5,9512.5,9565.625,9537.254099829815,212.26359398948594,45055.83333333333,9460.0,10150.0,9485.0,9660.0,175.0,47.5,0.022079741404221764,1,0,9510.0,9748.0125,260.96952433954175,-260.96952433954175,-0.026428713329488634,-0.02678422965978766
BR--ES,BR,ES,7719.290067297386,10,7433.7,7372.5,7417.125,7397.407929156091,209.95557731206964,44081.34444444445,7250.0,7750.0,7250.0,7573.0,323.0,122.5,0.02824375174032711,0,0,7322.87,7558.03,285.59006729738576,-285.59006729738576,-0.03699693427861744,-0.037698683677778115
BR--ET,BR,ET,9928.94838833383,10,9478.0,9450.0,9450.0,9451.482600000263,96.12491872558333,9240.0,9430.0,9750.0,9450.0,9457.5,7.5,5.0,0.010141899000378068,3,0,9442.0,9539.025,450.94838833383074,-450.94838833383074,-0.04541753775895133,-0.04648124641961567
BR--FI,BR,FI,10597.841046061912,10,10862.0,10890.0,10863.75,10875.26100000273,109.70161550517132,12034.444444444443,10660.0,11050.0,10793.75,10911.25,117.5,45.0,0.010099577932716932,0,0,10800.0,10923.5375,264.1589539380875,264.1589539380875,0.024925732778021542,0.02462015413900079
BR--FJ,BR,FJ,13707.79297949407,10,13525.5,13525.0,13516.25,13496.666666660478,201.23852624297476,40496.94444444444,13275.0,13850.0,13375.0,13572.5,197.5,125.0,0.014878453753500777,0,0,13414.95,13648.0125,182.2929794940701,-182.2929794940701,-0.013298492307752827,-0.013387709105338872
BR--FR,BR,FR,8706.397888002059,10,8730.0,8730.0,8730.0,8730.0,0.0,0.0,8730.0,8730.0,8730.0,8730.0,0.0,0.0,0.0,0,0,8730.0,8730.0,23.602111997941392,23.602111997941392,0.0027108928745912847,0.002707225031759948
BR--GB,BR,GB,8772.672472521588,10,8770.0,8770.0,8770.0,8770.0,0.0,0.0,8770.0,8770.0,8770.0,8770.0,0.0,0.0,0.0,0,0,8770.0,8770.0,2.6724725215881335,-2.6724725215881335,-0.00030463607640192304,-0.00030468248739736956
BR--GH,BR,GH,5761.1782251059785,10,5592.0,5577.5,5575.0,5577.097833333495,63.342104655767656,4012.2222222222226,5550.0,5770.0,5571.25,5580.0,8.75,2.5,0.011327271934150153,2,0,5566.9875,5633.025,169.17822510597853,-169.17822510597853,-0.02936521289494849,-0.029805001827972525
BR--GR,BR,GR,9543.526478721476,10,9512.5,9517.5,9514.375,9514.680142805148,25.954019170662395,673.6111111111111,9460.0,9550.0,9500.0,9530.0,30.0,15.0,0.002728412002172131,0,0,9496.9875,9526.5,31.02647872147645,-31.02647872147645,-0.003251049681755899,-0.0032563458255722216
BR--IN,BR,IN,14244.967094288088,10,14430.5,14355.0,14463.125,14451.959222219808,337.44505725623935,113869.16666666666,13800.0,14800.0,14232.5,14768.75,536.25,295.0,0.02338415559102175,0,0,14226.925,14616.525,185.53290571191246,185.53290571191246,0.013024453091668215,0.012940364256213487
BR--IT,BR,IT,8891.366226296563,10,9202.0,9210.0,9203.75,9209.333333333334,12.292725943057183,151.11111111111111,9180.0,9210.0,9200.0,9210.0,10.0,0.0,0.0013358754556680268,2,0,9194.0,9208.0,310.6337737034373,310.6337737034373,0.03493656270559701,0.03434013276700973
BR--JP,BR,JP,17673.237812688087,10,17650.0,17650.0,17650.0,17650.0,0.0,0.0,17650.0,17650.0,17650.0,17650.0,0.0,0.0,0.0,0,0,17650.0,17650.0,23.237812688086706,-23.237812688086706,-0.001314858824080535,-0.0013157240094250674
BR--KE,BR,KE,9414.754147935433,10,9132.5,9150.0,9135.625,9146.724666666936,49.95831595773954,2495.8333333333335,9040.0,9200.0,9128.75,9157.5,28.75,10.0,0.005470387731479829,2,0,9103.4875,9158.5,282.25414793543314,-282.25414793543314,-0.029979980730280548,-0.03043856927528664
BR--KR,BR,KR,17539.5016131441,10,18325.5,18320.0,18323.75,18320.14285714286,13.006408676751114,169.16666666666666,18315.0,18350.0,18320.0,18320.0,0.0,0.0,0.000709743727415411,3,0,18319.0,18334.5,785.9983868558993,785.9983868558993,0.04481303997069519,0.04383796029167681
BR--MA,BR,MA,7024.002442289389,10,7262.0,7257.5,7253.125,7254.12672222485,111.2604551891142,12378.888888888889,7125.0,7470.0,7167.5,7316.25,148.75,92.5,0.015320910932128092,0,0,7197.975,7329.5125,237.99755771061064,237.99755771061064,0.03388346739142622,0.03332206895304071
BR--MX,BR,MX,6827.142656438756,10,6840.0,6840.0,6840.0,6840.0,7.817359599705716,61.111111111111114,6830.0,6850.0,6832.5,6845.0,12.5,7.5,0.0011428888303663327,0,0,6835.5,6844.5,12.857343561244306,12.857343561244306,0.0018832686247032496,0.0018814974976701815
BR--MY,BR,MY,16422.814195799372,10,15709.0,15675.0,15705.0,15701.548750001419,98.70832453918632,9743.333333333332,15600.0,15850.0,15635.0,15790.0,155.0,75.0,0.006283552392843996,0,0,15651.0,15771.0,713.8141957993721,-713.8141957993721,-0.043464791556976363,-0.04443768111590782
BR--NG,BR,NG,6701.782316617511,10,6527.5,6315.0,6501.25,6394.359799984026,451.9295053188913,204240.2777777778,6080.0,7185.0,6142.5,6925.0,782.5,205.0,0.06923470016375202,0,0,6265.95,6803.0875,174.28231661751124,-174.28231661751124,-0.026005368181739767,-0.026349486835015902
BR--NL,BR,NL,9095.395184382438,10,9243.5,9245.0,9243.75,9243.499999999938,14.151953143569186,200.27777777777774,9225.0,9260.0,9230.0,9257.5,27.5,15.0,0.0015310167299798978,0,0,9236.0,9251.5,148.10481561756205,148.10481561756205,0.01628349429740783,0.016152340054993053
BR--NO,BR,NO,9890.673869295977,10,9750.0,9717.5,9727.5,9724.246786142625,206.65322536935045,42705.55555555555,9450.0,10230.0,9662.5,9811.25,148.75,87.5,0.021195202601984663,1,0,9630.45,9867.525,140.67386929597706,-140.67386929597706,-0.014222880175300967,-0.014324994734015124
BR--NZ,BR,NZ,12315.070951453863,10,12067.5,12090.0,12085.625,12090.497375000368,94.34717212979353,8901.38888888889,11840.0,12150.0,12056.25,12128.75,72.5,42.5,0.007818286482684362,1,0,12007.5,12118.0125,247.57095145386302,-247.57095145386302,-0.020103087706907274,-0.02030790438819775
BR--PE,BR,PE,3172.9910685849954,10,3170.5,3170.5,3170.5,3170.5,0.5270462766947299,0.2777777777777778,3170.0,3171.0,3170.0,3171.0,1.0,0.5,0.00016623443516629235,0,0,3170.2,3170.8,2.491068584995446,-2.491068584995446,-0.0007850852810960938,-0.0007853936219385404
BR--PH,BR,PH,18834.978421995093,10,18683.0,18580.0,18637.5,18576.72357142692,290.9390925186156,84645.55555555558,18400.0,19330.0,18552.5,18595.0,42.5,25.0,0.015572396966151881,3,0,18537.95,18867.1,151.9784219950925,-151.9784219950925,-0.008068945904265826,-0.008101676032257452
BR--PK,BR,PK,13831.892357763147,10,13922.0,13850.0,13902.5,13896.760499996068,244.24714259672857,59656.66666666666,13650.0,14350.0,13750.0,14101.25,351.25,170.0,0.01754396944381041,0,0,13790.5,14063.525,90.10764223685328,90.10764223685328,0.006514484056570928,0.006493356512369249
BR--PL,BR,PL,10013.245328845951,10,10095.5,10157.5,10106.25,10126.652285716295,170.6433903398156,29119.16666666667,9785.0,10320.0,10055.0,10168.75,113.75,90.0,0.016902916184420344,2,0,10000.4875,10189.5375,82.25467115404899,82.25467115404899,0.008214586625286352,0.008181030549519533
BR--PT,BR,PT,7260.226545104273,10,7293.2,7293.5,7293.375,7293.169871428559,4.732863826479693,22.4,7285.0,7300.0,7290.0,7295.0,5.0,3.5,0.0006489420043985758,0,0,7290.6,7296.0,32.97345489572672,32.97345489572672,0.004541656474612549,0.00453137427324266
BR--RU,BR,RU,11166.929191609152,10,11170.0,11175.0,11171.875,11174.75,10.540925533894598,111.1111111111111,11150.0,11175.0,11175.0,11175.0,0.0,0.0,0.0009436817845921752,2,0,11162.5,11175.0,3.0708083908484696,3.0708083908484696,0.0002749913013826469,0.00027495349820492977
BR--SA,BR,SA,11195.014360359984,10,11111.0,10975.0,11083.125,11001.977999988077,306.1118168977546,93704.44444444442,10800.0,11645.0,10903.75,11245.0,341.25,90.0,0.027550339024188155,0,0,10942.9875,11301.6875,84.0143603599845,-84.0143603599845,-0.007504622830808316,-0.007532924195677608
BR--SE,BR,SE,10211.465310360685,10,10392.0,10362.5,10390.625,10389.037142369421,122.66032592307732,15045.555555555555,10230.0,10565.0,10307.5,10502.5,195.0,100.0,0.011803341601527842,0,0,10323.4875,10465.025,180.53468963931482,180.53468963931482,0.017679606613963814,0.01752514031394329
BR--SG,BR,SG,16541.57994188363,10,16585.0,16735.0,16638.125,16727.989166665957,315.48903837270376,99533.33333333334,15975.0,16770.0,16703.75,16740.0,36.25,12.5,0.019022552811136795,2,0,16364.975,16738.5125,43.420058116371365,43.420058116371365,0.002624903925073739,0.002621464881557018
BR--SN,BR,SN,4752.903773023973,10,4936.5,5035.0,4941.25,4936.500000083177,395.48879742527333,156411.38888888888,4485.0,5350.0,4500.0,5322.5,822.5,305.0,0.08011522281480266,0,0,4687.0,5183.5125,183.59622697602663,183.59622697602663,0.03862822302821753,0.03790082616653395
BR--TH,BR,TH,16631.97836274269,10,16849.0,16800.0,16837.5,16816.37666666531,111.59948227677602,12454.444444444443,16740.0,17050.0,16762.5,16925.0,162.5,50.0,0.0066235077616936325,0,0,16789.0,16920.0,217.0216372573086,217.0216372573086,0.013048455963811195,0.012964058242779158
BR--TR,BR,TR,10359.803932064284,10,10559.0,10565.0,10559.375,10573.825999824012,133.95272798018462,17943.333333333336,10340.0,10775.0,10550.0,10628.75,78.75,50.0,0.012686118759369695,3,0,10475.4625,10638.5375,199.1960679357162,199.1960679357162,0.019227783579879452,0.019045265648549976
BR--TZ,BR,TZ,9156.612898830454,10,9200.5,9230.0,9215.625,9221.470374991293,164.57774252107524,27085.833333333336,8900.0,9380.0,9121.25,9322.5,201.25,122.5,0.017887912887459945,0,0,9105.9875,9294.025,43.88710116954644,43.88710116954644,0.004792940539743906,0.004781490970396824
BR--UA,BR,UA,10549.919782043095,10,10680.0,10650.0,10668.125,10654.137666666817,67.61820925033598,4572.222222222223,10615.0,10840.0,10650.0,10671.25,21.25,5.0,0.006331293000967788,3,0,10647.4875,10725.0125,130.08021795690547,130.08021795690547,0.012329972231477401,0.01225457723669168
BR--US,BR,US,6769.014727737269,10,6735.8,6735.0,6736.0,6735.2965200000035,3.2930904093942583,10.844444444444443,6730.0,6740.0,6735.0,6738.75,3.75,1.0,0.0004888937333938446,0,0,6734.0,6737.6050000000005,33.21472773726873,-33.21472773726873,-0.004906877747091514,-0.004918955998906072
BR--VN,BR,VN,17204.186662884276,10,17441.5,17382.5,17439.375,17406.231666665815,186.48875450159335,34778.055555555555,17150.0,17750.0,17350.0,17600.0,250.0,75.0,0.010692242897777905,0,0,17332.9625,17560.0,237.3133371157237,237.3133371157237,0.013793929452514914,0.0136996591239161
BR--ZA,BR,ZA,7905.896338955261,10,7775.0,7775.0,7770.625,7775.029000000169,31.622776601683793,1000.0,7735.0,7850.0,7767.5,7780.0,12.5,5.0,0.004067238148126533,3,0,7758.5,7796.0,130.89633895526094,-130.89633895526094,-0.016556799298048788,-0.01669539503025196
CA--CD,CA,CD,10429.733240251062,10,10268.5,10252.5,10271.25,10264.197071428627,147.34784996357732,21711.38888888889,10030.0,10485.0,10161.25,10343.75,182.5,107.5,0.014349500897266136,0,0,10182.0,10354.5625,161.23324025106194,-161.23324025106194,-0.015458999433352792,-0.01557973568922963
CA--CL,CA,CL,8748.678780930806,10,8769.5,8687.5,8760.625,8701.231666668498,140.12791775136506,19635.833333333332,8650.0,8960.0,8652.5,8917.5,265.0,37.5,0.015979008809095738,0,0,8688.9875,8846.0,20.82121906919383,20.82121906919383,0.002379927254224618,0.0023770997126970933
CA--CN,CA,CN,10474.241950070254,10,10552.0,10555.0,10555.0,10555.0,21.499353995462798,462.2222222222222,10500.0,10580.0,10550.0,10560.0,10.0,5.0,0.0020374672095775964,2,0,10537.975,10562.0,77.75804992974554,77.75804992974554,0.007423740095026541,0.007396319760527703
CA--CO,CA,CO,4525.731196671247,10,4536.0,4535.0,4536.25,4535.833333333552,9.66091783079296,93.33333333333334,4520.0,4550.0,4531.25,4540.0,8.75,5.0,0.002129831973278871,0,0,4530.0,4542.0,10.268803328753165,10.268803328753165,0.0022689821561444144,0.002266411903302878
CA--DE,CA,DE,6146.549872089064,10,6127.1,6130.0,6127.0,6128.529000000062,9.194805296712076,84.54444444444445,6115.0,6140.0,6117.5,6133.5,16.0,5.0,0.0015006781832697484,0,0,6121.6,6132.3025,19.44987208906332,-19.44987208906332,-0.003164356019851634,-0.0031693731812140443
CA--DZ,CA,DZ,6419.275105731327,10,6421.5,6460.0,6435.625,6456.947285403403,142.94618256921416,20433.611111111106,6150.0,6580.0,6401.25,6508.75,107.5,65.0,0.022260559459505436,2,0,6336.425,6495.05,2.2248942686728697,2.2248942686728697,0.0003465958744604068,0.0003465358239853988
CA--EG,CA,EG,8876.40462189037,10,9011.0,9015.0,9010.625,9010.624999998783,76.6956466966817,5882.2222222222235,8880.0,9145.0,8956.25,9062.5,106.25,62.5,0.008511335778124704,0,0,8963.9875,9056.525,134.59537810963047,134.59537810963047,0.01516327655655768,0.015049463159108635
CA--ES,CA,ES,5707.581780771725,10,5680.5,5680.0,5681.875,5681.059000000062,13.426756040748554,180.27777777777777,5650.0,5700.0,5676.25,5685.0,8.75,5.0,0.002363657431695899,2,0,5672.0,5688.0,27.08178077172488,-27.08178077172488,-0.004744878271032525,-0.004756170941661382
CA--ET,CA,ET,11136.890454729448,10,11453.5,11497.5,11461.25,11479.733142852065,113.40806359729845,12861.38888888889,11280.0,11565.0,11370.0,11543.75,173.75,60.0,0.00990160768300506,0,0,11385.975,11517.0125,316.6095452705522,316.6095452705522,0.028428900019942208,0.02803229794001039
CA--FI,CA,FI,6289.502387773958,10,6065.0,6055.0,6061.25,6060.0107857148805,34.15650255319866,1166.6666666666667,6030.0,6130.0,6038.75,6091.25,52.5,22.5,0.005631739909843143,0,0,6046.4875,6085.5,224.5023877739577,-224.5023877739577,-0.03569477741360963,-0.03634741354518455
CA--FJ,CA,FJ,12653.111746459324,10,12621.0,12707.5,12653.125,12695.833333314202,432.9151828655996,187415.55555555553,11860.0,13125.0,12505.0,12850.0,345.0,185.0,0.034301179214452075,2,0,12370.35,12851.1,32.11174645932442,-32.11174645932442,-0.00253785369976758,-0.0025410795093793203
CA--FR,CA,FR,5663.62568366498,10,5650.0,5650.0,5650.0,5650.0,0.0,0.0,5650.0,5650.0,5650.0,5650.0,0.0,0.0,0.0,0,0,5650.0,5650.0,13.625683664979988,-13.625683664979988,-0.002405823482346152,-0.0024087221256763607
CA--GB,CA,GB,5378.074759985251,10,5340.1,5340.0,5340.0,5340.1,0.31622776601683794,0.1,5340.0,5341.0,5340.0,5340.0,0.0,0.0,5.9217573831358575e-05,1,0,5340.0,5340.3,37.974759985250785,-37.974759985250785,-0.0070610323731079795,-0.007086079437255827
CA--GH,CA,GH,8439.561227154014,10,8654.0,8637.5,8672.5,8669.875714289623,131.60969231447626,17321.111111111113,8335.0,8825.0,8635.0,8727.5,92.5,50.0,0.0152079607481484,1,0,8563.9875,8726.05,214.43877284598602,214.43877284598602,0.025408758473845328,0.02509132185024086
CA--GR,CA,GR,7764.7115554242955,10,7633.0,7635.0,7633.125,7634.666666666649,4.83045891539648,23.333333333333336,7625.0,7640.0,7631.25,7635.0,3.75,0.0,0.0006328388465081199,2,0,7630.0,7635.5,131.7115554242955,-131.7115554242955,-0.01696283944150946,-0.01710835633638047
CA--IN,CA,IN,11362.94782650969,10,11236.0,11155.0,11220.0,11155.804333333735,152.69432063949057,23315.555555555555,11100.0,11500.0,11150.0,11295.0,145.0,5.0,0.01358974017795395,0,0,11148.0,11340.025,126.94782650968955,-126.94782650968955,-0.01117208566367972,-0.0112349621590611
CA--IT,CA,IT,6746.931142314486,10,6722.0,6722.5,6722.5,6722.5,12.292725943057183,151.11111111111111,6700.0,6740.0,6715.0,6730.0,15.0,7.5,0.0018287304288987182,0,0,6714.5,6729.0,24.93114231448635,-24.93114231448635,-0.0036951825635401256,-0.0037020266158462795
CA--JP,CA,JP,10343.49118277986,10,10314.5,10315.0,10314.375,10315.369571428595,9.264628073124864,85.83333333333334,10300.0,10330.0,10311.25,10320.0,8.75,5.0,0.0008982139777134001,0,0,10309.4875,10319.5,28.991182779860537,-28.991182779860537,-0.002802843089200471,-0.00280677840900114
CA--KE,CA,KE,11852.842570511928,10,11844.0,11850.0,11821.875,11821.874999997026,178.05741895367473,31704.444444444445,11625.0,12240.0,11701.25,11915.0,213.75,100.0,0.015033554454042109,1,0,11747.9875,11958.0,8.842570511927988,-8.842570511927988,-0.0007460295249282194,-0.0007463079434351221
CA--KR,CA,KR,10536.510102087088,10,10550.5,10547.5,10549.375,10547.672357142865,9.559753599799992,91.3888888888889,10540.0,10570.0,10545.0,10550.0,5.0,2.5,0.0009060948390881941,2,0,10545.5,10556.5,13.989897912912056,13.989897912912056,0.0013277544250767544,0.001326873738640736
CA--MA,CA,MA,5854.797692873017,10,5667.0,5655.0,5656.875,5659.165388887122,85.8357604834825,7367.7777777777765,5570.0,5845.0,5595.0,5713.75,118.75,72.5,0.0151465961678988,0,0,5619.9875,5722.0125,187.79769287301679,-187.79769287301679,-0.03207586371457735,-0.032601566382743176
CA--MX,CA,MX,3598.308798337808,10,3538.5,3610.0,3561.25,3605.891333334997,154.47132060317503,23861.388888888887,3245.0,3650.0,3581.25,3613.75,32.5,10.0,0.0436544639262894,2,0,3433.4875,3616.5,59.808798337808184,-59.808798337808184,-0.016621363448694585,-0.01676104830849619
CA--MY,CA,MY,14615.980355359012,10,14800.0,14800.0,14800.0,14800.0,38.07886552931954,1450.0000000000002,14750.0,14850.0,14776.25,14833.75,57.5,35.0,0.002572896319548618,0,0,14778.4875,14822.0125,184.0196446409882,184.0196446409882,0.01259030459585399,0.012511705745690395
CA--NG,CA,NG,8769.14706891505,10,9009.5,9062.5,9019.375,9030.63221428806,242.78991833361707,58946.944444444445,8625.0,9315.0,8857.5,9203.75,346.25,182.5,0.026948212257463463,0,0,8855.8875,9149.5125,240.3529310849499,240.3529310849499,0.027408929191865772,0.027040030070169946
CA--NL,CA,NL,5650.389098226851,10,5638.0,5635.0,5637.5,5636.853250000015,7.1492035298424055,51.11111111111111,5630.0,5650.0,5635.0,5640.0,5.0,5.0,0.0012680389375385607,2,0,5634.0,5643.0,12.389098226851274,-12.389098226851274,-0.0021926097497850365,-0.0021950170380153062
CA--NO,CA,NO,5615.364370869781,10,5560.0,5577.5,5570.625,5571.528000001361,75.57189365836423,5711.111111111112,5385.0,5650.0,5535.0,5603.75,68.75,40.0,0.013592067204741768,1,0,5509.0,5598.025,55.36437086978094,-55.36437086978094,-0.009859444056202071,-0.009908370230291447
CA--NZ,CA,NZ,14472.518850835871,10,14431.5,14442.5,14433.125,14434.150642857152,39.794611583870385,1583.611111111111,14350.0,14500.0,14415.0,14450.0,35.0,17.5,0.0027574826999182613,1,0,14407.9875,14453.5,41.01885083587149,-41.01885083587149,-0.0028342578965445545,-0.002838282010840373
CA--PE,CA,PE,6365.101501579229,10,6270.3,6297.5,6276.625,6280.054499996975,95.78221825231097,9174.233333333332,6115.0,6375.0,6209.75,6348.75,139.0,70.0,0.015275539966558373,0,0,6214.295,6323.0125,94.8015015792289,-94.8015015792289,-0.014893949696749995,-0.015005978323051361
CA--PH,CA,PH,13148.893379643874,10,13206.5,13210.0,13210.625,13210.019333357857,17.95828499606797,322.5,13160.0,13220.0,13202.5,13218.75,16.25,10.0,0.001359806534363228,1,0,13194.9875,13215.0,57.60662035612586,57.60662035612586,0.004381100271548942,0.004371531190310547
CA--PK,CA,PK,10699.32409267107,10,10682.5,10657.5,10670.625,10667.448642540372,131.3656897536204,17256.944444444445,10530.0,10930.0,10576.25,10750.0,173.75,92.5,0.012297279639936381,0,0,10611.9625,10767.0125,16.824092671069593,-16.824092671069593,-0.0015724444390458206,-0.001573682027332106
CA--PL,CA,PL,6594.700288950723,10,6631.9,6638.5,6644.875,6648.050371428968,86.56205224513157,7492.988888888887,6435.0,6725.0,6620.25,6696.25,76.0,49.0,0.01305237597749236,1,0,6575.9,6674.9,37.19971104927663,37.19971104927663,0.005640849381980851,0.005624999368198115
CA--PT,CA,PT,5399.63090845621,10,5277.0,5277.5,5273.75,5273.750000000075,22.135943621178654,489.99999999999994,5250.0,5330.0,5261.25,5283.75,22.5,10.0,0.004194796971987617,1,0,5265.5,5292.0,122.63090845620991,-122.63090845620991,-0.02271097979385241,-0.022972846524823586
CA--RU,CA,RU,7180.055639081386,10,7115.4,7142.0,7124.25,7137.5696000000235,45.66107021668824,2084.9333333333334,7010.0,7150.0,7088.75,7145.0,56.25,8.0,0.006417217614847828,0,0,7086.0,7139.3025,64.65563908138665,-64.65563908138665,-0.009004893879855598,-0.009045682989121227
CA--SA,CA,SA,10317.222965793204,10,10379.5,10345.0,10376.875,10377.344875004626,123.81549894006719,15330.27777777778,10230.0,10550.0,10273.75,10480.0,206.25,107.5,0.011928850035171943,0,0,10307.9875,10453.025,62.27703420679609,62.27703420679609,0.006036220639340242,0.006018075641067253
CA--SE,CA,SE,6012.504954934798,10,5902.5,5910.0,5911.25,5911.249999999459,90.03857198137054,8106.944444444443,5710.0,6025.0,5856.25,5963.75,107.5,60.0,0.015254311220901404,0,0,5846.95,5953.0125,110.00495493479775,-110.00495493479775,-0.01829602732293976,-0.01846546955958875
CA--SG,CA,SG,14829.085234720038,10,14830.5,14850.0,14831.875,14838.880500000065,32.44225639501667,1052.5,14785.0,14865.0,14800.0,14850.0,50.0,15.0,0.0021875362526561255,0,0,14810.0,14848.0,1.4147652799620118,1.4147652799620118,9.540475744583051e-05,9.540020670130623e-05
CA--SN,CA,SN,6388.706012444591,10,6433.5,6365.0,6400.625,6379.506142861031,187.95758977906573,35328.055555555555,6250.0,6880.0,6331.25,6442.5,111.25,55.0,0.029215448788228137,2,0,6336.5,6557.5125,44.79398755540933,44.79398755540933,0.007011433531008456,0.00698696772460852
CA--TH,CA,TH,13440.553542475436,10,13621.5,13660.0,13626.875,13643.68821428324,131.80477988297693,17372.5,13440.0,13760.0,13491.25,13727.5,236.25,87.5,0.009676230949820279,0,0,13538.9875,13694.5,180.9464575245638,180.9464575245638,0.013462723611250739,0.013372906372891312
CA--TR,CA,TR,8182.193922543159,10,8120.0,8160.0,8133.75,8147.500000002168,185.20259177452135,34300.00000000001,7785.0,8345.0,8080.0,8213.75,133.75,80.0,0.022808200957453367,2,0,8013.4875,8217.5,62.193922543158806,-62.193922543158806,-0.0076011303486471175,-0.007630166170225497
CA--TZ,CA,TZ,12166.73278626256,10,12377.5,12400.0,12393.125,12400.838571673332,169.30002953337012,28662.499999999996,11985.0,12645.0,12356.25,12446.25,90.0,50.0,0.013678047225479308,2,0,12273.9875,12467.025,210.7672137374393,210.7672137374393,0.017323238493033747,0.017174901860537953
CA--UA,CA,UA,7237.438903984254,10,7278.0,7300.0,7283.125,7287.956571427589,60.56218108504496,3667.777777777778,7165.0,7350.0,7260.0,7311.25,51.25,40.0,0.008321266980632723,1,0,7243.0,7310.0125,40.56109601574644,40.56109601574644,0.005604343822980988,0.005588697917606943
CA--US,CA,US,731.9154882007512,10,731.3,732.0,731.25,731.4000000023948,1.1595018087284057,1.3444444444444443,730.0,733.0,730.0,732.0,2.0,0.5,0.0015855350864602841,0,0,730.6,732.0,0.6154882007512015,-0.6154882007512015,-0.0008409279632328046,-0.0008412817415010335
CA--VN,CA,VN,12643.813172484095,10,12750.5,12732.5,12750.625,12747.793357481532,133.17594877955003,17735.833333333332,12550.0,12950.0,12645.0,12847.5,202.5,97.5,0.010444762854754718,0,0,12676.0,12827.0125,106.68682751590495,106.68682751590495,0.008437868075121556,0.00840246825954959
CA--ZA,CA,ZA,13053.851270111287,10,12970.0,12950.0,12962.5,12951.55066666751,60.690471520110414,3683.333333333333,12900.0,13100.0,12932.5,13006.25,73.75,20.0,0.0046792961850509185,0,0,12938.0,13008.0,83.8512701112868,-83.8512701112868,-0.0064234890053693665,-0.006444208385669671
CD--CL,CD,CL,9377.485624065612,10,9596.0,9587.5,9593.75,9589.965200035642,26.645825188948457,710.0000000000001,9560.0,9650.0,9581.25,9610.0,28.75,10.0,0.00277676377542189,0,0,9580.9875,9612.0,218.51437593438823,218.51437593438823,0.023302021959235086,0.02303467502891278
CD--CN,CD,CN,11264.131510520167,10,11476.5,11472.5,11476.875,11473.607071709608,78.31737426083124,6133.611111111112,11350.0,11600.0,11421.25,11518.75,97.5,57.5,0.006824151462626345,0,0,11430.4625,11522.5125,212.36848947983344,212.36848947983344,0.0188535165166965,0.018677991715589263
CD--CO,CD,CO,9990.17825849726,10,9552.0,9540.0,9555.625,9555.625000253392,168.39437837014236,28356.66666666667,9200.0,9875.0,9522.5,9620.0,97.5,80.0,0.017629227216304687,2,0,9450.9875,9647.0125,438.1782584972607,-438.1782584972607,-0.04386090489672325,-0.04485187954443854
CD--DE,CD,DE,6302.7657179686175,10,6061.0,6027.5,6049.375,6045.899125013317,188.19021110449808,35415.55555555555,5845.0,6370.0,5893.75,6150.0,256.25,152.5,0.03104936662341166,0,0,5958.4125,6173.0,241.76571796861754,-241.76571796861754,-0.038358671222597604,-0.03911373694694122
CD--DZ,CD,DZ,4724.24554729379,10,4522.5,4532.5,4529.375,4526.948277777825,242.61595166023193,58862.49999999999,4160.0,4830.0,4325.0,4752.5,427.5,217.5,0.05364642380546864,0,0,4381.925,4663.0125,201.74554729378997,-201.74554729378997,-0.0427042890286168,-0.04364293737896247
CD--EG,CD,EG,4166.513540836489,10,4200.5,4200.0,4200.0,4200.111111111111,1.5811388300841898,2.5000000000000004,4200.0,4205.0,4200.0,4200.0,0.0,0.0,0.00037641681468496366,1,0,4200.0,4201.5,33.98645916351143,33.98645916351143,0.008157049972454464,0.0081239610571668
CD--ES,CD,ES,5319.383374111961,10,5481.5,5537.5,5495.625,5520.5435711725,163.70790383416977,26800.277777777777,5180.0,5670.0,5461.25,5577.5,116.25,75.0,0.02986553020782081,2,0,5379.9875,5573.0,162.11662588803938,162.11662588803938,0.030476582431907116,0.030021396618466076
CD--ET,CD,ET,2986.3101212320603,10,3026.0,3027.5,3027.5,3027.5,17.126976771553505,293.3333333333333,2990.0,3050.0,3016.25,3038.75,22.5,12.5,0.005659939448629711,0,0,3015.0,3035.0,39.68987876793972,39.68987876793972,0.013290608529151985,0.013203063225446447
CD--FI,CD,FI,7201.843348896968,10,6838.0,6812.5,6815.0,6815.000000000321,152.37380935639095,23217.777777777774,6650.0,7210.0,6747.5,6872.5,125.0,67.5,0.02228338832354357,1,0,6764.5,6937.0,363.84334889696765,-363.84334889696765,-0.0505208640719315,-0.0518417227173328
CD--FJ,CD,FJ,16916.81804347587,10,16515.5,16537.5,16519.375,16524.413286386145,240.22501026236955,57708.055555555555,16150.0,16850.0,16352.5,16706.25,353.75,195.0,0.014545427644477586,0,0,16371.5,16646.5,401.31804347586876,-401.31804347586876,-0.023723021814415084,-0.02400894370498667
CD--FR,CD,FR,6026.854910819904,10,6034.5,6032.5,6033.75,6034.5,20.876621693495654,435.83333333333337,6015.0,6060.0,6015.0,6050.0,35.0,17.5,0.003459544567651944,0,0,6022.975,6046.0,7.645089180095965,7.645089180095965,0.0012685039366670127,0.001267700065285967
CD--GB,CD,GB,6358.423890884738,10,6376.5,6375.0,6376.25,6375.428571428572,2.41522945769824,5.833333333333334,6375.0,6380.0,6375.0,6378.75,3.75,0.0,0.0003787704003290582,0,0,6375.0,6378.0,18.076109115261715,18.076109115261715,0.002842860027179869,0.0028388267428465608
CD--GH,CD,GH,2043.3208669383591,10,1935.0,1940.0,1935.0,1934.9999999999957,47.49268949591669,2255.5555555555557,1870.0,2000.0,1891.25,1978.75,87.5,50.0,0.024544025579285113,0,0,1908.0,1962.5,108.32086693835913,-108.32086693835913,-0.05301216695381932,-0.054469033770694286
CD--GR,CD,GR,4764.590999785643,10,4878.5,4862.5,4875.0,4870.833333331269,72.26686654338903,5222.500000000001,4760.0,5025.0,4850.0,4907.5,57.5,30.0,0.01481333740768454,2,0,4835.5,4921.0,113.90900021435664,113.90900021435664,0.02390740364062337,0.023626096396423026
CD--IN,CD,IN,7547.89499645099,10,8526.0,8457.5,8503.75,8484.30728524474,227.72790781983662,51860.0,8280.0,8950.0,8358.75,8641.25,282.5,135.0,0.026709817947435682,0,0,8405.0,8666.5375,978.1050035490098,978.1050035490098,0.12958646139207203,0.12185160237346523
CD--IT,CD,IT,5126.896411493344,10,5386.0,5415.0,5413.75,5414.571428571428,88.2169044017201,7782.2222222222235,5135.0,5415.0,5411.25,5415.0,3.75,0.0,0.016378927664634255,1,0,5330.0,5415.0,259.1035885066558,259.1035885066558,0.050538097068979985,0.04930250629881438
CD--JP,CD,JP,13367.324967431796,10,13542.0,13595.0,13545.0,13545.000000000979,130.55862880543575,17045.555555555555,13310.0,13750.0,13442.5,13615.0,172.5,92.5,0.009641015271410112,0,0,13462.9875,13617.0,174.6750325682042,174.6750325682042,0.013067313990928113,0.012982673197953168
CD--KE,CD,KE,2414.0111493842605,10,2408.5,2400.0,2406.875,2400.6666666666665,12.48332220738267,155.83333333333334,2400.0,2430.0,2400.0,2413.75,13.75,0.0,0.005183027696650476,0,0,2402.0,2416.0,5.511149384260534,-5.511149384260534,-0.002282984229657041,-0.0022855942112746754
CD--KR,CD,KR,12211.448901968513,10,12286.0,12262.5,12283.75,12280.597499994388,150.88258864281045,22765.55555555555,12080.0,12510.0,12158.75,12422.5,263.75,112.5,0.012280855334755855,0,0,12203.9875,12374.025,74.55109803148662,74.55109803148662,0.006105016581567877,0.006086456469392669
CD--MA,CD,MA,4841.287191069289,10,4858.0,4865.0,4858.75,4860.124285710954,58.84065110297661,3462.222222222222,4775.0,4935.0,4820.0,4911.25,91.25,50.0,0.012112114265742406,0,0,4824.4875,4892.0125,16.712808930710708,16.712808930710708,0.0034521416043115116,0.003446196641457157
CD--MX,CD,MX,12740.378395838092,10,12184.0,12167.5,12167.5,12160.013125015203,270.4296992237025,73132.22222222222,11850.0,12650.0,11952.5,12336.25,383.75,212.5,0.022195477611925682,0,0,12036.9375,12333.0125,556.3783958380918,-556.3783958380918,-0.04367047653936592,-0.04465273551024298
CD--MY,CD,MY,9644.319780377728,10,9817.5,9807.5,9801.875,9801.875000001683,142.96949946676662,20440.27777777778,9645.0,10115.0,9705.0,9872.5,167.5,102.5,0.014562719578993289,0,0,9739.4875,9907.5125,173.1802196222725,173.1802196222725,0.017956706493144688,0.01779738922118507
CD--NG,CD,NG,1716.2920067157297,10,1838.0,1840.0,1836.25,1836.2500000017092,37.208123366335535,1384.4444444444443,1785.0,1905.0,1806.25,1861.25,55.0,27.5,0.020243810319007363,0,0,1816.9875,1861.0,121.70799328427029,121.70799328427029,0.07091333689607333,0.06851187026074204
CD--NL,CD,NL,6357.542309053761,10,6400.5,6402.5,6400.0,6400.034800035609,14.424131015612536,208.05555555555554,6380.0,6425.0,6387.5,6408.75,21.25,10.0,0.0022535944091262457,0,0,6391.9875,6410.0,42.95769094623938,42.95769094623938,0.006756965012260073,0.00673423903913807
CD--NO,CD,NO,7134.842377574261,10,6954.0,6967.5,6968.125,6973.006285716884,129.76046307630756,16837.777777777777,6665.0,7130.0,6917.5,7028.75,111.25,60.0,0.018659830755868214,1,0,6866.4875,7023.5,180.84237757426126,-180.84237757426126,-0.025346373192864414,-0.025673125658922945
CD--NZ,CD,NZ,14541.358911281312,10,14592.0,14655.0,14586.25,14619.033166673196,333.709787423477,111362.2222222222,14115.0,15115.0,14328.75,14823.75,495.0,192.5,0.022869365914437844,0,0,14389.45,14780.0125,50.64108871868848,50.64108871868848,0.003482555449436069,0.003476505395569927
CD--PE,CD,PE,10175.188038895794,10,10099.0,10142.5,10111.875,10134.58699999828,120.22663783223935,14454.444444444445,9835.0,10260.0,10053.75,10150.0,96.25,25.0,0.011904806201825859,1,0,10023.9875,10164.5,76.1880388957943,-76.1880388957943,-0.007487629575449319,-0.007515802594636008
CD--PH,CD,PH,11824.345636785823,10,12254.0,12272.5,12256.875,12253.999999999483,322.24731703046547,103843.33333333331,11835.0,12650.0,11955.0,12567.5,612.5,337.5,0.026297316552184223,0,0,12061.375,12445.65,429.65436321417656,429.65436321417656,0.03633641779529106,0.03569181872632706
CD--PK,CD,PK,7384.78330799907,10,7214.0,7172.5,7204.375,7204.374999996458,133.82824813917276,17909.999999999996,7020.0,7485.0,7153.75,7297.5,143.75,97.5,0.01855118493750662,0,0,7142.4875,7298.025,170.78330799906962,-170.78330799906962,-0.023126380406325545,-0.023397990891284897
CD--PL,CD,PL,6292.977025299909,10,6099.0,6122.5,6109.375,6120.29350000091,55.96625967690017,3132.222222222222,5970.0,6145.0,6088.75,6130.0,41.25,12.5,0.009176300979980352,1,0,6060.9875,6127.0,193.97702529990875,-193.97702529990875,-0.030824365720716142,-0.03130943038953813
CD--PT,CD,PT,5390.912322607045,10,5740.5,5777.5,5747.5,5768.880500133141,95.20299948589388,9063.611111111111,5580.0,5845.0,5676.25,5797.5,121.25,37.5,0.01658444377421721,0,0,5682.0,5793.0,349.5876773929549,349.5876773929549,0.06484759099622943,0.06283168187480412
CD--RU,CD,RU,6966.165532290185,10,6642.0,6457.5,6629.375,6469.686800003645,261.2172361166936,68234.44444444445,6425.0,6960.0,6432.5,6942.5,510.0,30.0,0.03932809938522939,0,0,6488.9875,6796.5125,324.1655322901852,-324.1655322901852,-0.04653428500766806,-0.047651811596698464
CD--SA,CD,SA,4676.260309873395,10,4661.0,4655.0,4660.625,4650.515428290711,152.8397853963424,23359.999999999996,4390.0,4935.0,4577.5,4705.0,127.5,80.0,0.03279120047121699,1,0,4571.9,4753.0125,15.260309873395272,-15.260309873395272,-0.0032633576538018748,-0.0032686940181966733
CD--SE,CD,SE,7064.796550280582,10,6898.0,6880.0,6894.375,6894.375000006795,154.70760952339884,23934.44444444445,6640.0,7185.0,6821.25,6997.5,176.25,92.5,0.02242789352325295,0,0,6811.975,6991.5,166.79655028058187,-166.79655028058187,-0.02360953342300529,-0.023892704360860797
CD--SG,CD,SG,9867.490584125751,10,10370.5,10350.0,10355.0,10363.751000007058,241.09069293986073,58124.72222222221,10115.0,10750.0,10142.5,10548.75,406.25,215.0,0.02324774050815879,0,0,10234.475,10508.5,503.0094158742486,503.0094158742486,0.050976427247213296,0.04971966276337175
CD--SN,CD,SN,4185.9629702863585,10,4199.5,4197.5,4198.125,4196.666666665819,28.62108779670449,819.1666666666666,4160.0,4250.0,4180.0,4213.75,33.75,17.5,0.006815356065413618,0,0,4183.5,4216.5,13.53702971364146,13.53702971364146,0.003233910526617822,0.0032286926843012338
CD--TH,CD,TH,9613.840894279354,10,9838.0,9882.5,9830.0,9830.00000001165,290.5378154771289,84412.2222222222,9425.0,10315.0,9630.0,9968.75,338.75,242.5,0.029532203240204197,0,0,9679.975,10015.0125,224.15910572064604,224.15910572064604,0.02331629035529705,0.023048618416379195
CD--TR,CD,TR,5219.37025970274,10,5089.5,5142.5,5096.875,5106.492357155101,150.82090188181624,22746.94444444444,4835.0,5285.0,4988.75,5182.5,193.75,97.5,0.029633736493136113,0,0,4996.5,5173.5125,129.87025970274044,-129.87025970274044,-0.02488236190205386,-0.025197160803021784
CD--TZ,CD,TZ,2274.6043678822007,10,1970.4,1990.0,1976.75,1985.9321249977072,58.35180659871067,3404.933333333334,1865.0,2025.0,1958.5,2010.0,51.5,27.5,0.029614193361099606,2,0,1935.9975,2002.2075,304.2043678822006,-304.2043678822006,-0.1337394635206095,-0.14356956522802497
CD--UA,CD,UA,6240.732681787017,10,6023.0,6042.5,6032.5,6041.666666667583,124.68181726120115,15545.555555555557,5795.0,6175.0,5972.5,6098.75,126.25,70.0,0.020700949238120728,0,0,5949.0,6091.5,217.7326817870171,-217.7326817870171,-0.034888961423143336,-0.035512118379969024
CD--US,CD,US,10513.299742462244,10,10293.5,10175.0,10290.625,10258.866699547903,232.77373372249522,54183.61111111111,10010.0,10600.0,10135.0,10528.75,393.75,132.5,0.022613662381356703,0,0,10160.4875,10427.0125,219.79974246224447,-219.79974246224447,-0.020906827337424203,-0.02112846972110852
CD--VN,CD,VN,10243.1517893653,10,10511.0,10512.5,10521.875,10530.000000000131,198.01515093547766,39210.0,10150.0,10785.0,10457.5,10628.75,171.25,100.0,0.01883884986542457,1,0,10391.975,10622.5125,267.8482106347001,267.8482106347001,0.026149003367575484,0.025812963657869333
CD--ZA,CD,ZA,2738.097820784533,10,2777.5,2777.5,2777.5,2777.5,2.6352313834736494,6.944444444444444,2775.0,2780.0,2775.0,2780.0,5.0,2.5,0.0009487781758681006,0,0,2776.0,2779.0,39.402179215467186,39.402179215467186,0.01439034753118407,0.014287789209164441
CL--CN,CL,CN,19057.093797293513,10,19056.0,19060.0,19056.25,19059.333333333332,5.163977794943222,26.666666666666664,19050.0,19060.0,19050.0,19060.0,10.0,0.0,0.0002709895988110423,0,0,19053.0,19059.0,1.0937972935134894,-1.0937972935134894,-5.739580783659838e-05,-5.739745503899829e-05
CL--CO,CL,CO,4226.284712338569,10,4250.0,4250.0,4250.0,4250.0,0.0,0.0,4250.0,4250.0,4250.0,4250.0,0.0,0.0,0.0,0,0,4250.0,4250.0,23.71528766143092,23.71528766143092,0.005611379562809511,0.005595694422006485
CL--DE,CL,DE,12506.572379251478,10,12390.0,12375.0,12385.0,12381.679250208717,65.31972647421809,4266.666666666667,12320.0,12500.0,12342.5,12430.0,87.5,45.0,0.005271971466845689,0,0,12354.0,12429.0,116.5723792514782,-116.5723792514782,-0.009320889506454452,-0.009364600828015214
CL--DZ,CL,DZ,10901.817648733382,10,10483.5,10480.0,10493.75,10491.666666670422,177.21691040454726,31405.833333333332,10125.0,10760.0,10450.0,10572.5,122.5,75.0,0.016904364993041186,2,0,10380.9875,10582.05,418.31764873338216,-418.31764873338216,-0.03837136725378855,-0.039126939494108386
CL--EG,CL,EG,12800.08972667518,10,13253.0,13210.0,13272.5,13238.673666664392,347.6284734534206,120845.55555555556,12500.0,13850.0,13157.5,13412.5,255.0,85.0,0.026230172297096552,2,0,13025.975,13451.1,452.9102733248201,452.9102733248201,0.03538336706976064,0.03477176110104108
CL--ES,CL,ES,10681.935581817292,10,10702.0,10700.0,10701.25,10700.25,4.216370213557839,17.77777777777778,10700.0,10710.0,10700.0,10700.0,0.0,0.0,0.00039397964993065213,2,0,10700.0,10705.0,20.064418182708323,20.064418182708323,0.001878350419643217,0.0018765885254517637
CL--ET,CL,ET,12358.215563097187,10,11916.5,11920.0,11910.625,11918.333333333012,227.13248703491684,51589.166666666664,11530.0,12350.0,11865.0,11957.5,92.5,55.0,0.01906033542020869,4,0,11793.9875,12045.05,441.71556309718653,-441.71556309718653,-0.035742665342089634,-0.03639707532909708
CL--FI,CL,FI,13464.23646254886,10,13405.0,13445.0,13406.25,13411.67433333335,185.30755216366356,34338.88888888889,13150.0,13650.0,13225.0,13552.5,327.5,145.0,0.01382376368248143,0,0,13295.975,13511.05,59.2364625488608,-59.2364625488608,-0.0043995411632608075,-0.004409247624263122
CL--FJ,CL,FJ,10733.957780178063,10,9670.5,9450.0,9551.875,9435.833333337494,556.7387677857143,309958.05555555556,9340.0,10950.0,9403.75,9450.0,46.25,42.5,0.057570835818800924,2,0,9404.5,10000.4875,1063.4577801780633,-1063.4577801780633,-0.09907415344430597,-0.10433232603077437
CL--FR,CL,FR,11627.359613785839,10,11648.0,11650.0,11648.75,11649.571428573772,3.496029493900505,12.222222222222221,11640.0,11650.0,11646.25,11650.0,3.75,0.0,0.00030013989473733733,1,0,11645.5,11649.5,20.64038621416148,20.64038621416148,0.0017751567767534649,0.0017735830480972265
CL--GB,CL,GB,11650.639354956376,10,11646.5,11645.0,11646.875,11646.810388888885,3.3747427885527643,11.388888888888888,11640.0,11650.0,11645.0,11650.0,5.0,2.5,0.00028976454630599445,0,0,11644.5,11648.5,4.139354956376337,-4.139354956376337,-0.0003552899399135024,-0.0003553530703377312
CL--GH,CL,GH,8563.209240922586,10,8685.5,8645.0,8694.375,8694.375000021393,263.1059144569392,69224.72222222222,8250.0,9050.0,8495.0,8927.5,432.5,217.5,0.030292546710832906,0,0,8539.4875,8837.5125,122.2907590774139,122.2907590774139,0.014280949540856775,0.014179937345147402
CL--GR,CL,GR,12547.17636965568,10,12466.0,12450.0,12463.75,12460.213857135368,137.61459870877718,18937.777777777777,12300.0,12650.0,12360.0,12600.0,240.0,115.0,0.011039194505757835,0,0,12387.0,12549.0,81.1763696556809,-81.1763696556809,-0.006469692245021701,-0.006490711411299386
CL--IN,CL,IN,16925.380558989717,10,16334.0,16330.0,16333.125,16332.068833333336,7.378647873726218,54.44444444444444,16325.0,16350.0,16330.0,16338.75,8.75,2.5,0.00045173551326841056,0,0,16330.0,16338.5,591.3805589897165,-591.3805589897165,-0.03494045861648953,-0.035565478631019436
CL--IT,CL,IT,11893.206088021416,10,11888.0,11890.0,11888.125,11889.333333333352,2.581988897471611,6.666666666666666,11885.0,11890.0,11885.0,11890.0,5.0,0.0,0.00021719287495555276,0,0,11886.5,11889.5,5.2060880214157805,-5.2060880214157805,-0.00043773629943731,-0.0004378321339390999
CL--JP,CL,JP,17234.770240707647,10,17240.0,17240.0,17240.0,17240.0,0.0,0.0,17240.0,17240.0,17240.0,17240.0,0.0,0.0,0.0,0,0,17240.0,17240.0,5.229759292353265,5.229759292353265,0.00030344235631298645,0.0003033963269925364
CL--KE,CL,KE,11550.217666588273,10,11394.5,11497.5,11414.375,11427.494142817215,398.6466689521771,158919.1666666667,10680.0,11950.0,11187.5,11625.0,437.5,285.0,0.03498588520357866,0,0,11160.425,11628.525,155.71766658827255,-155.71766658827255,-0.013481794982853233,-0.01357349954159591
CL--KR,CL,KR,18360.580038729033,10,18359.0,18325.0,18355.0,18333.04333333399,68.54844191437824,4698.888888888888,18300.0,18450.0,18300.0,18430.0,130.0,25.0,0.003733778632516926,0,0,18320.0,18403.0,1.5800387290328217,-1.5800387290328217,-8.605603557730501e-05,-8.605973861039662e-05
CL--MA,CL,MA,10010.797136549785,10,9940.5,9892.5,9936.875,9912.945499446094,151.90366099018885,23074.722222222223,9760.0,10150.0,9850.0,10088.75,238.75,87.5,0.015281289773169242,0,0,9852.975,10026.0375,70.29713654978514,-70.29713654978514,-0.0070221317634264835,-0.0070469029632122485
CL--MX,CL,MX,6588.132055113714,10,6596.0,6600.0,6596.25,6599.333333333351,5.163977794943222,26.666666666666664,6590.0,6600.0,6590.0,6600.0,10.0,0.0,0.0007828953600580993,0,0,6593.0,6599.0,7.867944886285841,7.867944886285841,0.0011942603488311583,0.0011935477872069868
CL--MY,CL,MY,16560.585837942457,10,16991.5,17082.5,17005.0,17027.934999999983,180.17044399370528,32461.38888888889,16645.0,17230.0,16912.5,17088.75,176.25,75.0,0.010603563192990923,1,0,16880.975,17090.05,430.91416205754285,430.91416205754285,0.026020466079784595,0.02568769399581405
CL--NG,CL,NG,9486.770070583298,10,8999.0,9025.0,9001.25,9001.249999967155,221.46983742462288,49048.88888888889,8680.0,9300.0,8788.75,9163.75,375.0,195.0,0.02461049421320401,0,0,8865.4875,9129.0,487.77007058329764,-487.77007058329764,-0.05141582086992722,-0.052784743803319364
CL--NL,CL,NL,11991.522122394139,10,11862.3,11905.0,11869.375,11890.852642856382,94.36106777220736,8904.011111111111,11718.0,11950.0,11785.0,11930.0,145.0,42.5,0.007954702525834566,0,0,11803.38,11913.0,129.22212239413966,-129.22212239413966,-0.010776123420797236,-0.010834606364546594
CL--NO,CL,NO,12709.777899866678,10,12399.5,12422.5,12406.875,12416.407000468953,179.63620644699293,32269.166666666664,12120.0,12620.0,12295.0,12537.5,242.5,135.0,0.014487375010846642,0,0,12291.9875,12507.575,310.2778998666781,-310.2778998666781,-0.02441253516081763,-0.024715461391241453
CL--NZ,CL,NZ,9368.814614614528,10,9365.0,9350.0,9362.5,9350.428571426228,24.1522945769824,583.3333333333334,9350.0,9400.0,9350.0,9387.5,37.5,0.0,0.0025789956836073037,0,0,9355.0,9380.0,3.814614614528182,-3.814614614528182,-0.00040716085987844373,-0.00040724377236794966
CL--PE,CL,PE,2457.690639615083,10,2465.0,2465.0,2465.0,2465.0,0.0,0.0,2465.0,2465.0,2465.0,2465.0,0.0,0.0,0.0,0,0,2465.0,2465.0,7.3093603849169995,7.3093603849169995,0.002974076666566046,0.0029696628497442915
CL--PH,CL,PH,17614.831522245775,10,17293.5,17300.0,17291.875,17293.499999999975,78.74184261101449,6200.277777777777,17200.0,17400.0,17212.5,17346.25,133.75,75.0,0.004553262359326596,0,0,17245.0,17340.0,321.331522245775,-321.331522245775,-0.018242100234678107,-0.018410538940326796
CL--PK,CL,PK,16686.183395308064,10,15833.5,15850.0,15830.625,15830.04642813778,146.32630962642668,21411.388888888887,15640.0,16050.0,15712.5,15928.75,216.25,125.0,0.009241564380991359,0,0,15752.975,15920.5125,852.6833953080641,-852.6833953080641,-0.05110116406534447,-0.05245308675556837
CL--PL,CL,PL,12969.852106776598,10,12703.0,12725.0,12706.25,12702.999999999995,124.81541927537995,15578.888888888889,12540.0,12840.0,12585.0,12820.0,235.0,110.0,0.00982566474654648,0,0,12629.975,12777.025,266.8521067765978,-266.8521067765978,-0.020574799510410042,-0.020789409506257815
CL--PT,CL,PT,10205.486707859607,10,10206.0,10192.5,10208.75,10225.052999999958,268.56408297958734,72126.66666666667,9750.0,10640.0,10135.0,10378.75,243.75,165.0,0.02631433303738853,1,0,10048.9,10356.5,0.5132921403928776,0.5132921403928776,5.029570417230304e-05,5.0294439385844674e-05
CL--RU,CL,RU,14117.451542029348,10,14115.5,14115.0,14115.0,14115.111111111111,1.5811388300841898,2.5000000000000004,14115.0,14120.0,14115.0,14115.0,0.0,0.0,0.00011201436931629696,1,0,14115.0,14116.5,1.9515420293482748,-1.9515420293482748,-0.00013823614152584833,-0.00013824569702189244
CL--SA,CL,SA,13945.02643694258,10,13903.0,14025.0,13937.5,14000.289999998024,268.7026444066212,72201.11111111111,13330.0,14200.0,13837.5,14050.0,212.5,50.0,0.019326954211797538,1,0,13724.0,14045.0,42.0264369425804,-42.0264369425804,-0.0030137222853336243,-0.003018272691079376
CL--SE,CL,SE,13069.967683612713,10,12464.0,12515.0,12480.0,12497.993000001048,158.75907673088946,25204.44444444445,12170.0,12630.0,12375.0,12590.0,215.0,85.0,0.012737409878922454,0,0,12363.975,12556.0,605.9676836127128,-605.9676836127128,-0.046363365103992,-0.04747256594253233
CL--SG,CL,SG,16399.740324894206,10,16345.3,16335.0,16344.125,16341.53039992883,35.696405047754226,1274.2333333333333,16300.0,16400.0,16333.5,16366.25,32.75,20.0,0.0021838941498629103,0,0,16324.7925,16367.015,54.44032489420715,-54.44032489420715,-0.0033195845675415194,-0.0033251066123752334
CL--SN,CL,SN,7761.929265291671,10,8437.0,8482.5,8440.625,8448.417600425973,170.26450011673015,28990.0,8185.0,8660.0,8283.75,8528.75,245.0,120.0,0.020180692203002268,0,0,8337.9625,8534.5125,675.0707347083289,675.0707347083289,0.08697202868454144,0.08339587522706524
CL--TH,CL,TH,17650.722889818095,10,17600.0,17620.0,17580.0,17594.562428571513,391.3225438603472,153133.33333333334,17060.0,18300.0,17325.0,17850.0,525.0,255.0,0.022234235446610635,0,0,17377.925,17825.075,50.7228898180947,-50.7228898180947,-0.0028737004220577528,-0.002877837426691125
CL--TR,CL,TR,13360.362129212648,10,13138.0,13155.0,13147.5,13150.145000000517,78.92331017442748,6228.888888888889,12950.0,13250.0,13115.0,13178.75,63.75,25.0,0.006007254542124181,1,0,13087.5,13180.0125,222.36212921264814,-222.36212921264814,-0.016643420819144546,-0.016783478750860163
CL--TZ,CL,TZ,11140.599699425393,10,10669.5,10555.0,10613.125,10594.284299997455,272.78858317589305,74413.61111111112,10450.0,11340.0,10483.75,10770.0,286.25,92.5,0.025567138401602046,1,0,10534.95,10846.025,471.0996994253928,-471.0996994253928,-0.042286745070796425,-0.04320686217318325
CL--UA,CL,UA,13538.164347903667,10,13034.0,13060.0,13036.25,13034.668055558044,197.0448341537191,38826.66666666667,12750.0,13300.0,12855.0,13201.25,346.25,187.5,0.015117756187948373,0,0,12918.4875,13144.05,504.16434790366657,-504.16434790366657,-0.037240229542769177,-0.0379513578501897
CL--US,CL,US,8036.760399006705,10,8048.5,8050.0,8049.375,8050.741299991104,10.55409346599171,111.38888888888889,8030.0,8060.0,8050.0,8053.75,3.75,2.5,0.0013113118551272547,4,0,8042.0,8054.5,11.739600993295426,11.739600993295426,0.0014607379603784592,0.0014596721204995311
CL--VN,CL,VN,18587.669739443674,10,18272.5,18325.0,18284.375,18307.25635714382,287.2789004898666,82529.16666666667,17700.0,18750.0,18203.75,18400.0,196.25,117.5,0.015721926418928257,2,0,18096.4875,18439.025,315.1697394436742,-315.1697394436742,-0.01695584997267695,-0.0171012462857484
CL--ZA,CL,ZA,9240.225022987668,10,9222.8,9162.5,9203.5,9166.521666666282,117.81133693796667,13879.511111111111,9150.0,9450.0,9150.0,9215.0,65.0,12.5,0.01277392298845976,2,0,9162.4875,9303.935,17.425022987668854,-17.425022987668854,-0.001885779074028954,-0.0018875593939324327
CN--CO,CN,CO,14959.442903499128,10,14964.5,14950.0,14947.5,14948.04192857141,58.37855390085948,3408.0555555555557,14935.0,15130.0,14945.0,14950.0,5.0,2.5,0.003901136282592768,2,0,14943.5,15002.0,5.057096500871921,5.057096500871921,0.0003380537987607164,0.0003379966714496745
CN--DE,CN,DE,7374.095211881501,10,7351.0,7350.0,7350.625,7350.25,2.1081851067789197,4.444444444444445,7350.0,7355.0,7350.0,7350.0,0.0,0.0,0.00028678888678804513,2,0,7350.0,7352.5,23.0952118815012,-23.0952118815012,-0.0031319383894432323,-0.0031368531730299283
CN--DZ,CN,DZ,9128.627104002482,10,9172.5,9167.5,9172.5,9172.500000000435,31.81980515339464,1012.5000000000001,9130.0,9215.0,9150.0,9200.0,50.0,32.5,0.003469043897889849,0,0,9155.0,9190.0,43.872895997517844,43.872895997517844,0.004806078230348745,0.004794565907717369
CN--EG,CN,EG,7555.922022804329,10,7550.0,7550.0,7550.0,7550.0,0.0,0.0,7550.0,7550.0,7550.0,7550.0,0.0,0.0,0.0,0,0,7550.0,7550.0,5.9220228043286625,-5.9220228043286625,-0.000783759121184094,-0.0007840664209406158
CN--ES,CN,ES,9241.695750140318,10,9230.0,9230.0,9230.0,9230.0,0.0,0.0,9230.0,9230.0,9230.0,9230.0,0.0,0.0,0.0,0,0,9230.0,9230.0,11.695750140317614,-11.695750140317614,-0.001265541569050251,-0.0012663430430522016
CN--ET,CN,ET,8323.256614917631,10,8323.5,8320.0,8324.375,8322.068833333287,11.559027256266468,133.61111111111111,8300.0,8340.0,8320.0,8328.75,8.75,2.5,0.0013887219626679242,1,0,8316.5,8330.5,0.2433850823690591,0.2433850823690591,2.9241568971073672e-05,2.924114144476203e-05
CN--FI,CN,FI,6335.706896287733,10,6304.7,6303.5,6304.625,6304.626066666576,5.034326612809746,25.344444444444452,6300.0,6310.0,6300.0,6310.0,10.0,3.5,0.0007985037532015395,0,0,6301.7,6307.7,31.00689628773307,-31.00689628773307,-0.0048939915932507665,-0.004906006386334719
CN--FJ,CN,FJ,9087.647388686939,10,9390.0,9435.0,9400.0,9404.831749510302,148.60462083439174,22083.333333333336,9150.0,9550.0,9283.75,9511.25,227.5,105.0,0.015825838214525212,0,0,9294.4625,9475.025,302.35261131306106,302.35261131306106,0.0332707243559488,0.032729231654430424
CN--FR,CN,FR,8235.539912036413,10,8215.0,8215.0,8215.0,8215.0,0.0,0.0,8215.0,8215.0,8215.0,8215.0,0.0,0.0,0.0,0,0,8215.0,8215.0,20.539912036412716,-20.539912036412716,-0.002494057737051727,-0.0024971730800244095
CN--GB,CN,GB,8159.495498560135,10,8140.0,8140.0,8140.0,8140.0,0.0,0.0,8140.0,8140.0,8140.0,8140.0,0.0,0.0,0.0,0,0,8140.0,8140.0,19.495498560135275,-19.495498560135275,-0.002389301956668221,-0.0023921608934049073
CN--GH,CN,GH,11825.126110302292,10,11607.0,11550.0,11590.0,11560.378199998606,132.58540224658555,17578.88888888889,11500.0,11850.0,11535.0,11607.5,72.5,35.0,0.011422882936726591,2,0,11537.0,11700.0,218.12611030229164,-218.12611030229164,-0.018445985968154343,-0.018618234653653257
CN--GR,CN,GR,7631.506142204527,10,7604.0,7600.0,7603.125,7600.428571426229,6.582805886043833,43.333333333333336,7600.0,7615.0,7600.0,7607.5,7.5,0.0,0.000865703036039431,0,0,7600.0,7608.5,27.50614220452735,-27.50614220452735,-0.0036042875013111895,-0.0036107985954522337
CN--IN,CN,IN,3786.344323933427,10,3789.0,3790.0,3789.375,3789.75,2.1081851067789197,4.444444444444445,3785.0,3790.0,3790.0,3790.0,0.0,0.0,0.0005563961749218579,2,0,3788.0,3790.0,2.6556760665730508,2.6556760665730508,0.0007013826106058451,0.000701136756774382
CN--IT,CN,IT,8143.606625822012,10,8130.0,8130.0,8130.0,8130.0,0.0,0.0,8130.0,8130.0,8130.0,8130.0,0.0,0.0,0.0,0,0,8130.0,8130.0,13.606625822011665,-13.606625822011665,-0.0016708353493975674,-0.0016722327515495323
CN--JP,CN,JP,2104.0237532057217,10,2100.0,2100.0,2100.0,2100.0,0.0,0.0,2100.0,2100.0,2100.0,2100.0,0.0,0.0,0.0,0,0,2100.0,2100.0,4.023753205721732,-4.023753205721732,-0.001912408640630165,-0.0019142396288053267
CN--KE,CN,KE,9214.097058911791,10,9551.0,9550.0,9557.5,9557.462714285259,39.84692933938295,1587.777777777778,9450.0,9600.0,9550.0,9570.0,20.0,15.0,0.004172016473603073,1,0,9524.0,9571.0,336.90294108820854,336.90294108820854,0.03656385850226736,0.03591126074241418
CN--KR,CN,KR,958.3389564502992,10,950.5,950.0,950.0,950.1111111111111,1.5811388300841898,2.5000000000000004,950.0,955.0,950.0,950.0,0.0,0.0,0.0016634811468534349,1,0,950.0,951.5,7.838956450299179,-7.838956450299179,-0.008179732648388607,-0.008213370217955112
CN--MA,CN,MA,9959.705404692048,10,10369.0,10305.0,10356.25,10324.308600006727,158.14550262337528,25009.999999999996,10190.0,10650.0,10292.5,10422.5,130.0,55.0,0.015251760307008899,2,0,10288.0,10466.05,409.2945953079525,409.2945953079525,0.04109505037319001,0.040273092259231084
CN--MX,CN,MX,12474.484204037479,10,12453.0,12450.0,12451.25,12450.25,6.749485577105529,45.55555555555555,12450.0,12470.0,12450.0,12450.0,0.0,0.0,0.0005419967539633444,2,0,12450.0,12458.0,21.484204037478776,-21.484204037478776,-0.0017222518932306012,-0.0017237366740450856
CN--MY,CN,MY,4332.637278888493,10,4347.0,4350.0,4348.75,4349.75,6.749485577105529,45.55555555555555,4330.0,4350.0,4350.0,4350.0,0.0,0.0,0.0015526766913056197,2,0,4343.0,4350.0,14.362721111507199,14.362721111507199,0.0033150065853636036,0.0033095240640878755
CN--NG,CN,NG,10936.133047329091,10,10768.0,10700.0,10756.25,10708.043333332018,210.91335767192282,44484.444444444445,10480.0,11150.0,10650.0,10825.0,175.0,50.0,0.019587050303856133,2,0,10645.0,10899.0,168.1330473290909,-168.1330473290909,-0.015374085757867924,-0.015493492440981894
CN--NL,CN,NL,7840.400371133997,10,7826.4,7825.0,7826.25,7825.333333333333,2.503331114069145,6.266666666666667,7824.0,7830.0,7825.0,7828.75,3.75,0.0,0.00031985729250602385,0,0,7824.9,7828.0,14.00037113399776,-14.00037113399776,-0.0017856704340690212,-0.00178726664400492
CN--NO,CN,NO,7040.101298011618,10,6863.0,6970.0,6868.75,6965.552200001307,140.32106042928837,19689.999999999996,6700.0,6980.0,6700.0,6970.0,270.0,5.0,0.02044602366738866,0,0,6781.0,6944.0,177.10129801161838,-177.10129801161838,-0.025156072407883995,-0.02547789506203874
CN--NZ,CN,NZ,10759.510305075924,10,10537.0,10325.0,10456.25,10318.333333335748,537.9188290687237,289356.66666666674,10160.0,11560.0,10262.5,10357.5,95.0,55.0,0.05105047253190886,2,0,10270.975,10910.025,222.5103050759244,-222.5103050759244,-0.020680337558759768,-0.020897170399929173
CN--PE,CN,PE,16647.408363779676,10,16629.4,16630.0,16631.75,16630.333333333332,11.117553687749837,123.6,16600.0,16640.0,16630.0,16633.0,3.0,0.0,0.000668548094804974,3,0,16621.8,16634.8,18.008363779674255,-18.008363779674255,-0.0010817517889965176,-0.0010823373047562312
CN--PH,CN,PH,2841.990869314639,10,2850.0,2850.0,2850.0,2850.0,0.0,0.0,2850.0,2850.0,2850.0,2850.0,0.0,0.0,0.0,0,0,2850.0,2850.0,8.009130685361015,8.009130685361015,0.002818140892652642,0.0028141773783555532
CN--PK,CN,PK,3879.3914083676773,10,3850.5,3850.0,3850.0,3850.0,3.689323936863109,13.61111111111111,3845.0,3860.0,3850.0,3850.0,0.0,0.0,0.0009581415236626696,2,0,3848.5,3853.0,28.891408367677286,-28.891408367677286,-0.007447407422040422,-0.007475277821730241
CN--PL,CN,PL,6956.214835268704,10,6950.0,6950.0,6950.0,6950.0,0.0,0.0,6950.0,6950.0,6950.0,6950.0,0.0,0.0,0.0,0,0,6950.0,6950.0,6.2148352687036095,-6.2148352687036095,-0.000893421985358154,-0.0008938213246501468
CN--PT,CN,PT,9687.15424475197,10,9528.5,9590.0,9551.25,9589.25870000029,133.6880697743819,17872.5,9275.0,9600.0,9586.25,9590.0,3.75,2.5,0.014030337385147912,4,0,9434.4875,9592.5,158.6542447519696,-158.6542447519696,-0.01637779689922051,-0.016513395591924853
CN--RU,CN,RU,5806.057705333434,10,5790.0,5790.0,5790.0,5790.0,0.0,0.0,5790.0,5790.0,5790.0,5790.0,0.0,0.0,0.0,0,0,5790.0,5790.0,16.05770533343366,-16.05770533343366,-0.002765681319130377,-0.002769512881928221
CN--SA,CN,SA,6606.426919492859,10,6153.0,6190.0,6185.0,6187.543499999802,107.50193796702767,11556.666666666666,5850.0,6200.0,6180.0,6197.5,17.5,10.0,0.017471467246388376,2,0,6084.0,6193.0,453.42691949285927,-453.42691949285927,-0.06863421407947194,-0.07110318314279072
CN--SE,CN,SE,6720.436278900068,10,6707.8,6710.0,6707.875,6709.75522,5.593647190240809,31.288888888888895,6700.0,6715.0,6702.5,6710.75,8.25,1.5,0.0008339019037897386,0,0,6704.2,6710.7,12.636278900067737,-12.636278900067737,-0.001880276573671481,-0.0018820465126661364
CN--SG,CN,SG,4463.068886903711,10,4480.0,4480.0,4480.0,4480.0,0.0,0.0,4480.0,4480.0,4480.0,4480.0,0.0,0.0,0.0,0,0,4480.0,4480.0,16.931113096288755,16.931113096288755,0.0037936033535065704,0.003786425787137625
CN--SN,CN,SN,12308.087610438688,10,11828.5,11825.0,11823.125,11818.230874999997,70.55533683255686,4978.055555555555,11750.0,11950.0,11776.25,11850.0,73.75,47.5,0.005964859181853731,0,0,11788.0,11869.5,479.587610438688,-479.587610438688,-0.0389652418489402,-0.03974470193432551
CN--TH,CN,TH,3289.9112641123884,10,2995.7,3291.0,3045.875,3290.281399995625,483.5521458723741,233822.67777777778,2290.0,3300.0,2547.5,3300.0,752.5,9.0,0.1614154107128131,0,0,2694.7,3294.605,294.21126411238856,-294.21126411238856,-0.0894283281502932,-0.09368266588920536
CN--TR,CN,TR,6847.206348764228,10,6616.5,6430.0,6570.625,6446.27942879533,503.3004956175673,253311.3888888889,6050.0,7550.0,6385.0,6511.25,126.25,60.0,0.07606748214578211,3,0,6356.4125,6947.0625,230.7063487642281,-230.7063487642281,-0.03369350024128681,-0.03427420755976445
CN--TZ,CN,TZ,9656.25374403827,10,9728.0,9710.0,9702.5,9706.127888883944,183.8507849075198,33801.11111111111,9535.0,10125.0,9575.0,9817.5,242.5,135.0,0.018899134961710504,0,0,9623.0,9845.55,71.74625596173064,71.74625596173064,0.007430030098994289,0.007402563393748881
CN--UA,CN,UA,6466.108332658287,10,6450.0,6450.0,6450.0,6450.0,0.0,0.0,6450.0,6450.0,6450.0,6450.0,0.0,0.0,0.0,0,0,6450.0,6450.0,16.1083326582866,-16.1083326582866,-0.002491194367550024,-0.002494302555378275
CN--US,CN,US,11169.116898963428,10,11150.8,11150.0,11150.0,11150.111111111111,2.5298221281347035,6.4,11150.0,11158.0,11150.0,11150.0,0.0,0.0,0.00022687359903636543,1,0,11150.0,11152.4,18.316898963428685,-18.316898963428685,-0.0016399594640404043,-0.0016413056695785615
CN--VN,CN,VN,2322.1755294999916,10,2330.0,2330.0,2330.0,2330.0,0.0,0.0,2330.0,2330.0,2330.0,2330.0,0.0,0.0,0.0,0,0,2330.0,2330.0,7.824470500008374,7.824470500008374,0.0033694569599108343,0.0033637930590890873
CN--ZA,CN,ZA,11648.376355581766,10,11839.5,11720.0,11720.0,11719.353250001022,379.6961504501549,144169.16666666666,11715.0,12920.0,11715.0,11720.0,5.0,5.0,0.032070285945365505,2,0,11717.0,12082.0125,191.1236444182341,191.1236444182341,0.016407749765627196,0.0162745971550196
CO--DE,CO,DE,9434.723265292183,10,9357.5,9400.0,9386.25,9399.195666666785,105.36312869732413,11101.388888888887,9075.0,9410.0,9392.5,9403.75,11.25,5.0,0.011259751931319704,2,0,9290.325,9402.0,77.22326529218299,-77.22326529218299,-0.008185005868297873,-0.008218686941257717
CO--DZ,CO,DZ,8561.364835153712,10,8559.0,8545.0,8550.625,8551.22642856898,97.60464469822462,9526.666666666668,8460.0,8725.0,8471.25,8642.5,171.25,75.0,0.0114037439768927,0,0,8504.975,8617.5125,2.3648351537121926,-2.3648351537121926,-0.00027622174726183525,-0.0002762599035152122
CO--EG,CO,EG,11223.931381246066,10,11817.0,11817.5,11817.5,11817.5,22.50925735484551,506.66666666666663,11780.0,11850.0,11803.75,11835.0,31.25,20.0,0.001904819950481976,0,0,11803.0,11829.5125,593.0686187539341,593.0686187539341,0.052839651153328095,0.051490943449349395
CO--ES,CO,ES,8024.515430689445,10,8029.0,8030.0,8030.0,8029.888888890545,3.1622776601683795,10.000000000000002,8020.0,8030.0,8030.0,8030.0,0.0,0.0,0.00039385697598310867,1,0,8027.0,8030.0,4.484569310555344,4.484569310555344,0.0005588585814670235,0.0005587024781671238
CO--ET,CO,ET,12426.953409430811,10,11903.0,11895.0,11893.125,11902.869333333458,235.69283211653067,55551.11111111111,11625.0,12260.0,11685.0,12092.5,407.5,240.0,0.019801128464801365,0,0,11768.4875,12044.0875,523.953409430811,-523.953409430811,-0.042162659838507394,-0.043077306490571066
CO--FI,CO,FI,10062.532890466686,10,9813.5,9737.5,9773.125,9733.681875003173,246.64470622965155,60833.61111111111,9625.0,10325.0,9648.75,9803.75,155.0,87.5,0.025133204894242783,2,0,9690.0,9963.0125,249.03289046668579,-249.03289046668579,-0.024748529339230413,-0.025059922613150504
CO--FJ,CO,FJ,12022.37001080766,10,13544.0,13572.5,13547.5,13547.4999999963,271.0760450910818,73482.22222222222,13145.0,13915.0,13292.5,13760.0,467.5,232.5,0.020014474681857783,0,0,13370.9875,13699.525,1521.6299891923409,1521.6299891923409,0.12656655782715492,0.11917456287950057
CO--FR,CO,FR,8632.37794115417,10,8630.0,8630.0,8630.0,8630.0,0.0,0.0,8630.0,8630.0,8630.0,8630.0,0.0,0.0,0.0,0,0,8630.0,8630.0,2.3779411541690934,-2.3779411541690934,-0.0002754676834563104,-0.00027550563164779543
CO--GB,CO,GB,8501.996904262256,10,8498.0,8500.0,8500.0,8499.888888888889,6.324555320336759,40.00000000000001,8480.0,8500.0,8500.0,8500.0,0.0,0.0,0.0007442404472036666,1,0,8494.0,8500.0,3.9969042622560664,-3.9969042622560664,-0.00047011358710943803,-0.0004702241251468386
CO--GH,CO,GH,8186.029470285618,10,8077.5,8030.0,8059.375,8061.738750810559,232.91927547733977,54251.38888888889,7850.0,8450.0,7866.25,8237.5,371.25,175.0,0.028835564899701613,0,0,7939.9625,8204.025,108.52947028561812,-108.52947028561812,-0.013257889026611508,-0.01334655943096967
CO--GR,CO,GR,10382.81703126424,10,10265.5,10250.0,10258.75,10250.333333333352,30.95247252733706,958.0555555555555,10245.0,10340.0,10250.0,10265.0,15.0,0.0,0.003015193855860607,2,0,10250.0,10286.025,117.31703126423963,-117.31703126423963,-0.01129915233129701,-0.011363472722582042
CO--IN,CO,IN,15225.968636419148,10,15165.5,14890.0,15119.375,14929.328857576553,476.22619508893973,226791.38888888888,14800.0,15900.0,14856.25,15600.0,743.75,90.0,0.031401944880745096,0,0,14872.975,15460.5125,60.468636419147515,-60.468636419147515,-0.003971414749568837,-0.003979321758743715
CO--IT,CO,IT,9387.891649710753,10,9347.1,9350.0,9348.25,9349.333333333352,5.258854966202772,27.655555555555562,9335.0,9350.0,9348.0,9350.0,2.0,0.0,0.0005626188835256681,2,0,9344.1,9349.8,40.79164971075261,-40.79164971075261,-0.004345134267927924,-0.0043546017989135365
CO--JP,CO,JP,14327.518669903713,10,14304.2,14300.0,14303.75,14300.666666666666,5.4528280124476085,29.733333333333338,14300.0,14312.0,14300.0,14310.0,10.0,0.0,0.000381204682012808,0,0,14301.0,14307.4,23.31866990371236,-23.31866990371236,-0.0016275441994499297,-0.0016288700883342606
CO--KE,CO,KE,12348.95435955968,10,11890.0,11925.0,11896.25,11901.826286271053,217.66436956419344,47377.77777777778,11550.0,12180.0,11720.0,12060.0,340.0,160.0,0.01830650711221139,0,0,11750.975,12018.025,458.9543595596806,-458.9543595596806,-0.03716544301618467,-0.0378736815446913
CO--KR,CO,KR,14855.470153152684,10,14859.0,14855.0,14857.5,14856.034142857125,11.00504934614612,121.11111111111113,14850.0,14880.0,14850.0,14867.5,17.5,5.0,0.0007406318962343442,0,0,14853.0,14866.0,3.529846847315639,3.529846847315639,0.0002376125973075663,0.000237584371905443
CO--MA,CO,MA,7635.020568883151,10,7651.5,7662.5,7661.25,7661.194071429245,71.02620799551545,5044.722222222223,7475.0,7750.0,7638.75,7678.75,40.0,22.5,0.009282651505654506,2,0,7603.5,7689.0,16.4794311168489,16.4794311168489,0.0021584003563803766,0.0021560743566888907
CO--MX,CO,MX,3175.5874499646543,10,3160.0,3160.0,3160.0,3160.0,0.0,0.0,3160.0,3160.0,3160.0,3160.0,0.0,0.0,0.0,0,0,3160.0,3160.0,15.587449964654297,-15.587449964654297,-0.004908524866738528,-0.004920611241991735
CO--MY,CO,MY,19032.67962698383,10,19436.5,19440.0,19439.375,19436.49999999993,368.73695833811456,135966.94444444444,19050.0,19800.0,19100.0,19780.0,680.0,340.0,0.018971366158419187,0,0,19224.5,19647.0125,403.82037301616947,403.82037301616947,0.021217210657171356,0.02099525960899134
CO--NG,CO,NG,9018.876991242843,10,8774.5,8802.5,8775.625,8786.612499998948,104.12199041935804,10841.388888888889,8620.0,8920.0,8675.0,8843.75,168.75,62.5,0.011866430043803982,0,0,8710.9875,8831.0375,244.37699124284336,-244.37699124284336,-0.027096166349771567,-0.027470036572473266
CO--NL,CO,NL,8857.739182265888,10,8827.5,8827.5,8827.5,8827.5,2.6352313834736494,6.944444444444444,8825.0,8830.0,8825.0,8830.0,5.0,2.5,0.0002985252204444802,0,0,8826.0,8829.0,30.239182265888303,-30.239182265888303,-0.0034138713777473015,-0.0034197119330307037
CO--NO,CO,NO,9277.765385828061,10,9177.0,9160.0,9171.25,9172.049899634841,90.83562688235884,8251.111111111111,9050.0,9350.0,9133.75,9240.0,106.25,57.5,0.009898183162510498,0,0,9124.475,9229.0125,100.76538582806097,-100.76538582806097,-0.010860954296384963,-0.010920365023571457
CO--NZ,CO,NZ,12107.72103768077,10,12465.0,12387.5,12489.375,12484.142777777603,339.0427701632937,114950.0,11885.0,12850.0,12247.5,12813.75,566.25,275.0,0.02719958043829071,0,0,12258.9875,12666.0875,357.2789623192293,357.2789623192293,0.029508357618029987,0.02908136558585862
CO--PE,CO,PE,1869.717421500606,10,1880.2,1880.0,1880.0,1880.111111111111,0.6324555320336759,0.4,1880.0,1882.0,1880.0,1880.0,0.0,0.0,0.00033637673228043604,1,0,1880.0,1880.6,10.482578499394094,10.482578499394094,0.005606504158784027,0.005590846211313001
CO--PH,CO,PH,17318.972788215247,10,17551.0,17550.0,17551.25,17550.1428571452,5.676462121975467,32.22222222222222,17540.0,17560.0,17550.0,17550.0,0.0,0.0,0.00032342670628314436,3,0,17548.0,17554.0,232.02721178475258,232.02721178475258,0.013397284851826563,0.013308334809809669
CO--PK,CO,PK,14553.253604343023,10,14998.5,14995.0,14995.0,14998.499999998608,129.83001707360796,16855.833333333336,14850.0,15175.0,14870.0,15117.5,247.5,145.0,0.008656200091583022,0,0,14923.975,15075.0,445.24639565697726,445.24639565697726,0.030594285495313952,0.0301356120638118
CO--PL,CO,PL,9952.660970335612,10,9811.5,9800.0,9789.375,9792.833222223364,158.43067183401632,25100.277777777774,9650.0,10150.0,9677.5,9867.5,190.0,115.0,0.01614744655088583,0,0,9730.975,9905.0125,141.16097033561164,-141.16097033561164,-0.014183239111263686,-0.01428478253369302
CO--PT,CO,PT,7528.581774689585,10,7550.5,7527.5,7545.0,7532.473500134282,60.435916473567275,3652.5000000000005,7495.0,7650.0,7503.75,7585.0,81.25,27.5,0.008004227067554106,0,0,7519.0,7590.0,21.918225310415437,21.918225310415437,0.0029113352243981118,0.002907105495454342
CO--RU,CO,RU,10916.0980038675,10,10903.0,10905.0,10903.125,10904.333333333352,2.581988897471611,6.666666666666666,10900.0,10905.0,10900.0,10905.0,5.0,0.0,0.00023681453705141808,0,0,10901.5,10904.5,13.098003867500665,-13.098003867500665,-0.0011998796513974252,-0.001200600083331775
CO--SA,CO,SA,12862.1824864371,10,12613.5,12600.0,12585.625,12588.055999998218,167.61480311184397,28094.72222222222,12440.0,13010.0,12493.75,12668.75,175.0,80.0,0.01328852444696904,1,0,12524.9875,12728.025,248.68248643709921,-248.68248643709921,-0.019334392642876095,-0.019523746682726793
CO--SE,CO,SE,9693.22189855851,10,9492.5,9500.0,9493.125,9497.155833333334,27.613402542968153,762.5,9445.0,9535.0,9472.5,9507.5,35.0,12.5,0.002908970507555244,0,0,9477.5,9508.0125,200.72189855850957,-200.72189855850957,-0.020707449046261817,-0.020924854785146864
CO--SG,CO,SG,19316.524021455647,10,19766.0,19765.0,19766.25,19765.99999999996,13.498971154211057,182.2222222222222,19750.0,19780.0,19752.5,19780.0,27.5,15.0,0.0006829389433477212,0,0,19758.0,19774.0,449.475978544353,449.475978544353,0.023268988667169196,0.023002393430182715
CO--SN,CO,SN,6296.585430647009,10,6501.5,6517.5,6508.75,6505.682500003337,145.5840726941729,21194.72222222222,6260.0,6685.0,6381.25,6625.0,243.75,137.5,0.022392382172448343,0,0,6411.4375,6584.0375,204.91456935299084,204.91456935299084,0.032543760679498115,0.03202542817960272
CO--TH,CO,TH,17891.231905646808,10,17489.5,17465.0,17496.875,17487.718786339774,200.22834187219573,40091.38888888889,17150.0,17770.0,17350.0,17637.5,287.5,127.5,0.01144848862873128,0,0,17366.475,17605.0125,401.7319056468077,-401.7319056468077,-0.02245412209541667,-0.022710054306245734
CO--TR,CO,TR,11114.439440495353,10,11054.0,11072.5,11051.25,11063.45316666443,145.25456581081673,21098.888888888887,10850.0,11280.0,10920.0,11147.5,227.5,92.5,0.013140452850625721,0,0,10968.475,11136.05,60.439440495352756,-60.439440495352756,-0.005437920717363598,-0.0054527600293452555
CO--TZ,CO,TZ,12263.99655872549,10,11608.5,11702.5,11636.875,11681.84364284743,260.68339673506887,67955.83333333331,11140.0,11850.0,11436.25,11797.5,361.25,127.5,0.022456251603141564,0,0,11452.475,11751.0,655.4965587254901,-655.4965587254901,-0.05344885377182552,-0.05493027257330437
CO--UA,CO,UA,10641.180470910898,10,10410.0,10365.0,10396.875,10382.665785368128,162.06994374857624,26266.666666666664,10250.0,10675.0,10276.25,10536.25,260.0,97.5,0.015568678554137967,0,0,10318.9875,10509.1,231.1804709108983,-231.1804709108983,-0.02172507754594157,-0.021964541646693637
CO--US,CO,US,3810.5972373090326,10,3815.5,3815.0,3815.625,3815.4999999999745,4.377975178854566,19.166666666666668,3810.0,3820.0,3811.25,3820.0,8.75,5.0,0.00114741847172181,0,0,3813.0,3818.0,4.902762690967393,4.902762690967393,0.0012866126713589983,0.001285785694532624
CO--VN,CO,VN,17168.46785762716,10,18010.5,18060.0,18046.25,18040.453055556733,247.6046355696023,61308.05555555556,17500.0,18235.0,17900.0,18218.75,318.75,162.5,0.013747793540967897,0,0,17862.4875,18146.0125,842.0321423728383,842.0321423728383,0.04904527004713249,0.04788048391400411
CO--ZA,CO,ZA,11470.29193218006,10,10685.0,10665.0,10681.25,10681.249999999096,89.22505876216115,7961.111111111111,10550.0,10850.0,10650.0,10747.5,97.5,80.0,0.008350496842504553,0,0,10635.975,10737.025,785.29193218006,-785.29193218006,-0.06846311644230368,-0.07091949384924628
DE--DZ,DE,DZ,1929.5842635808192,10,1745.3,1745.0,1745.0,1745.299999999996,94.16185828431571,8866.455555555556,1655.0,1838.0,1655.0,1835.0,180.0,90.0,0.05395167494660844,0,0,1691.3,1799.1,184.28426358081924,-184.28426358081924,-0.09550464680865213,-0.10037811159354068
DE--EG,DE,EG,2891.4189080361066,10,2890.0,2890.0,2890.0,2890.0,0.0,0.0,2890.0,2890.0,2890.0,2890.0,0.0,0.0,0.0,0,0,2890.0,2890.0,1.4189080361065862,-1.4189080361065862,-0.000490730703933291,-0.0004908511516516722
DE--ES,DE,ES,1871.7316834419983,10,1870.0,1870.0,1870.0,1870.0,0.0,0.0,1870.0,1870.0,1870.0,1870.0,0.0,0.0,0.0,0,0,1870.0,1870.0,1.731683441998257,-1.731683441998257,-0.0009251771807451582,-0.0009256054213056632
DE--ET,DE,ET,5338.017839459692,10,5349.5,5350.0,5350.0,5349.888888888889,1.5811388300841898,2.5000000000000004,5345.0,5350.0,5350.0,5350.0,0.0,0.0,0.00029556759137941673,1,0,5348.5,5350.0,11.482160540307632,11.482160540307632,0.002151015767581219,0.0021487056453115484
DE--FI,DE,FI,1107.9778488106122,10,1100.9,1100.0,1100.5,1100.375,1.728840330651992,2.988888888888889,1100.0,1105.0,1100.0,1100.75,0.75,0.0,0.0015703881648215022,2,0,1100.0,1102.0025,7.077848810612068,-7.077848810612068,-0.0063880779008442905,-0.006408568982843928
DE--FJ,DE,FJ,15973.080004981164,10,16150.5,16150.0,16151.875,16151.595124999998,9.559753599799992,91.3888888888889,16130.0,16160.0,16150.0,16158.75,8.75,7.5,0.0005919168818178999,1,0,16144.5,16156.0,177.41999501883583,177.41999501883583,0.011107437949569391,0.01104620338285726
DE--FR,DE,FR,880.1220118488678,10,878.0,878.0,878.0,878.0,0.0,0.0,878.0,878.0,878.0,878.0,0.0,0.0,0.0,0,0,878.0,878.0,2.122011848867828,-2.122011848867828,-0.002411042810314593,-0.0024139540543952937
DE--GB,DE,GB,933.6780131656095,10,931.8,932.0,932.0,931.8888888888889,0.6324555320336759,0.4,930.0,932.0,932.0,932.0,0.0,0.0,0.0006787460099095041,1,0,931.4,932.0,1.878013165609559,-1.878013165609559,-0.0020114141482696023,-0.0020134397583904964
DE--GH,DE,GH,5355.487752609555,10,5214.5,5207.5,5214.375,5214.050666665544,26.188419832691956,685.8333333333334,5180.0,5250.0,5192.5,5241.25,48.75,20.0,0.005022230287216791,0,0,5200.0,5231.0,140.98775260955517,-140.98775260955517,-0.026325847265892155,-0.026678576759942042
DE--GR,DE,GR,1803.6456298841938,10,1800.9,1801.0,1801.0,1800.9,0.31622776601683794,0.1,1800.0,1801.0,1801.0,1801.0,0.0,0.0,0.0001755942950840346,1,0,1800.7,1801.0,2.745629884193704,-2.745629884193704,-0.0015222668126720614,-0.0015234266379883996
DE--IN,DE,IN,5791.273241523696,10,5918.1,5919.0,5918.25,5918.7931714285705,2.282785822435191,5.211111111111112,5915.0,5920.0,5915.75,5920.0,4.25,1.0,0.00038572951157215846,0,0,5916.6,5919.3025,126.82675847630435,126.82675847630435,0.021899632980006994,0.021663280481452548
DE--IT,DE,IT,1183.3475090566692,10,1184.6,1185.0,1184.625,1184.6,0.5163977794943223,0.2666666666666667,1184.0,1185.0,1184.0,1185.0,1.0,0.0,0.00043592586484410127,0,0,1184.3,1184.9,1.252490943330713,1.252490943330713,0.0010584303712517745,0.0010578706287571768
DE--JP,DE,JP,8941.116372895822,10,8918.2,8918.0,8918.375,8918.258700000004,1.9321835661585915,3.7333333333333325,8915.0,8920.0,8918.0,8920.0,2.0,2.0,0.0002166562272833746,0,0,8917.0975,8919.2,22.91637289582104,-22.91637289582104,-0.002563032616966035,-0.0025663228081778153
DE--KE,DE,KE,6352.944306361189,10,6356.5,6360.0,6356.875,6356.874999999976,8.834905520465714,78.05555555555556,6340.0,6370.0,6350.0,6360.0,10.0,7.5,0.0013899009707332203,0,0,6351.5,6361.5,3.5556936388111353,3.5556936388111353,0.0005596922414778337,0.0005595356721929939
DE--KR,DE,KR,8148.703873526628,10,8130.0,8130.0,8130.0,8130.0,0.0,0.0,8130.0,8130.0,8130.0,8130.0,0.0,0.0,0.0,0,0,8130.0,8130.0,18.70387352662783,-18.70387352662783,-0.002295318840508202,-0.002297957122703658
DE--MA,DE,MA,2611.9809662547964,10,2598.7,2602.5,2601.5,2601.999999998851,28.678485935550288,822.4555555555556,2540.0,2635.0,2585.0,2614.25,29.25,17.5,0.011035704750663905,1,0,2580.4975,2614.6,13.280966254796567,-13.280966254796567,-0.005084633627265499,-0.005097604363134421
DE--MX,DE,MX,9740.126910212532,10,9724.6,9724.5,9723.875,9724.005799999999,4.033195589934446,16.266666666666666,9720.0,9735.0,9722.25,9725.0,2.75,1.0,0.00041474154103350743,1,0,9722.7,9727.3025,15.52691021253122,-15.52691021253122,-0.0015941178544861916,-0.0015953898122999836
DE--MY,DE,MY,9615.08570758263,10,9597.0,9600.0,9597.5,9599.333333333334,4.216370213557839,17.77777777777778,9590.0,9600.0,9595.0,9600.0,5.0,0.0,0.00043934252511804097,0,0,9594.5,9599.5,18.085707582629766,-18.085707582629766,-0.0018809720612648364,-0.0018827433106747098
DE--NG,DE,NG,4846.239230895395,10,4807.2,4780.0,4800.625,4792.384000001004,52.255355919008174,2730.6222222222227,4755.0,4912.0,4775.0,4831.25,56.25,20.0,0.010870227142413084,0,0,4780.0,4839.9,39.03923089539512,-39.03923089539512,-0.00805557238002512,-0.00808819381085368
DE--NL,DE,NL,577.0085813772484,10,577.0,577.0,577.0,577.0,0.0,0.0,577.0,577.0,577.0,577.0,0.0,0.0,0.0,0,0,577.0,577.0,0.008581377248447097,-0.008581377248447097,-1.4872183058290756e-05,-1.4872293650300813e-05
DE--NO,DE,NO,839.4791498459016,10,840.0,840.0,840.0,840.0,0.0,0.0,840.0,840.0,840.0,840.0,0.0,0.0,0.0,0,0,840.0,840.0,0.5208501540984116,0.5208501540984116,0.0006204444198453543,0.000620252023782971
DE--NZ,DE,NZ,18133.546853189033,10,18177.0,18140.0,18161.25,18143.706499999753,79.16929820187733,6267.7777777777765,18130.0,18350.0,18140.0,18150.0,10.0,10.0,0.004355465599487117,2,0,18138.0,18228.025,43.453146810967155,43.453146810967155,0.0023962850270147413,0.002393418514456843
DE--PE,DE,PE,11091.52456248637,10,11193.0,11125.0,11193.75,11139.204200006507,273.70097227124023,74912.22222222222,10730.0,11650.0,11080.0,11400.0,320.0,85.0,0.02445286985359066,0,0,11039.975,11355.025,101.47543751363082,101.47543751363082,0.009148916989900552,0.009107319173007977
DE--PH,DE,PH,9877.59768324053,10,9732.5,9920.0,9763.625,9919.011599999338,302.14060376659813,91288.94444444445,9294.0,9922.0,9450.0,9921.5,471.5,2.0,0.031044500772319357,0,0,9545.0,9918.605,145.0976832405304,-145.0976832405304,-0.01468957208965089,-0.014798532222095855
DE--PK,DE,PK,5120.406237354785,10,5293.2,5291.0,5293.375,5292.402166666666,5.287301349039561,27.955555555555563,5285.0,5300.0,5290.0,5298.75,8.75,2.5,0.0009988856172144565,0,0,5290.0,5296.2,172.79376264521488,172.79376264521488,0.03374610424161982,0.033189198779492286
DE--PL,DE,PL,517.9674462482383,10,517.2,517.0,517.125,517.2,0.42163702135578396,0.1777777777777778,517.0,518.0,517.0,517.0,0.0,0.0,0.0008152301263646247,2,0,517.0,517.5,0.7674462482382296,-0.7674462482382296,-0.0014816495781675581,-0.0014827483063246326
DE--PT,DE,PT,2315.454518326916,10,2314.5,2315.0,2315.0,2314.8888888888887,1.5811388300841898,2.5000000000000004,2310.0,2315.0,2315.0,2315.0,0.0,0.0,0.0006831448823003629,1,0,2313.5,2315.0,0.9545183269160589,-0.9545183269160589,-0.0004122379944676122,-0.0004123229879088513
DE--RU,DE,RU,1613.9333205348753,10,1608.0,1608.0,1608.0,1608.0,0.0,0.0,1608.0,1608.0,1608.0,1608.0,0.0,0.0,0.0,0,0,1608.0,1608.0,5.933320534875293,-5.933320534875293,-0.0036763108236150207,-0.003683085062151606
DE--SA,DE,SA,4176.916396262325,10,4285.0,4282.5,4283.75,4283.017071428588,12.24744871391589,150.0,4270.0,4310.0,4276.25,4288.75,12.5,7.5,0.0028582144023140935,1,0,4278.5,4292.5,108.08360373767482,108.08360373767482,0.025876410606253078,0.025547281994211874
DE--SE,DE,SE,814.5045168029693,10,810.0,810.0,810.0,810.0,0.0,0.0,810.0,810.0,810.0,810.0,0.0,0.0,0.0,0,0,810.0,810.0,4.504516802969306,-4.504516802969306,-0.005530376701470103,-0.0055457258519141595
DE--SG,DE,SG,9925.538516503066,10,9911.0,9910.0,9910.0,9910.111111111111,3.1622776601683795,10.000000000000002,9910.0,9920.0,9910.0,9910.0,0.0,0.0,0.0003190674664684068,1,0,9910.0,9913.0,14.538516503065694,-14.538516503065694,-0.0014647584590894176,-0.0014658322664682347
DE--SN,DE,SN,5002.201564734814,10,5028.0,5030.0,5028.75,5029.571428571428,3.496029493900505,12.222222222222221,5020.0,5030.0,5026.25,5030.0,3.75,0.0,0.0006953121507359795,1,0,5025.5,5030.0,25.798435265185617,25.798435265185617,0.005157416175921989,0.0051441622562375024
DE--TH,DE,TH,8612.78119439707,10,8920.5,8920.0,8920.0,8920.111111111111,1.5811388300841898,2.5000000000000004,8920.0,8925.0,8920.0,8920.0,0.0,0.0,0.00017724778096342019,1,0,8920.0,8921.5,307.71880560292993,307.71880560292993,0.03572815779914533,0.0351047134586806
DE--TR,DE,TR,2040.6210846007348,10,2029.0,2030.0,2029.375,2029.75,2.1081851067789197,4.444444444444445,2025.0,2030.0,2030.0,2030.0,0.0,0.0,0.001039026666721991,2,0,2027.5,2030.0,11.621084600734775,-11.621084600734775,-0.005694876274890858,-0.005711153911619895
DE--TZ,DE,TZ,6841.237574953327,10,6745.5,6720.0,6733.125,6734.184722069668,86.61697293256097,7502.5,6650.0,6940.0,6698.75,6783.75,85.0,62.5,0.012840704607895779,1,0,6696.9875,6799.5,95.73757495332666,-95.73757495332666,-0.013994189487562097,-0.014093031382222525
DE--UA,DE,UA,1208.4684314926021,10,1204.2,1204.0,1204.125,1204.2,0.4216370213557839,0.17777777777777778,1204.0,1205.0,1204.0,1204.0,0.0,0.0,0.00035013869901659515,2,0,1204.0,1204.5,4.268431492602076,-4.268431492602076,-0.0035321001205882194,-0.0035383527137510477
DE--US,DE,US,6726.290515021435,10,6715.0,6715.0,6715.0,6715.0,0.0,0.0,6715.0,6715.0,6715.0,6715.0,0.0,0.0,0.0,0,0,6715.0,6715.0,11.290515021434658,-11.290515021434658,-0.0016785648785493587,-0.001679975247059418
DE--VN,DE,VN,8340.425219517292,10,8296.3,8295.0,8295.375,8295.499999999956,5.657836257007719,32.01111111111111,8290.0,8310.0,8295.0,8296.75,1.75,1.5,0.0006819710300986849,4,0,8293.3,8300.0,44.12521951729286,-44.12521951729286,-0.005290523966816003,-0.005304568345385857
DE--ZA,DE,ZA,8785.190433813566,10,8768.5,8767.5,8768.125,8768.226714303102,6.687467549246293,44.722222222222214,8760.0,8780.0,8765.0,8773.75,8.75,5.0,0.000762669504390294,0,0,8764.5,8772.5,16.690433813566415,-16.690433813566415,-0.0018998374525071346,-0.0019016444326885322
DZ--EG,DZ,EG,2715.5414954485536,10,2708.5,2710.0,2708.75,2709.8571428571427,4.743416490252569,22.5,2700.0,2715.0,2710.0,2710.0,0.0,0.0,0.0017513075467057667,3,0,2705.5,2711.0,7.041495448553633,-7.041495448553633,-0.002593035481267988,-0.0025964032208100475
DZ--ES,DZ,ES,711.8772255887199,10,715.0,715.0,715.0,715.0,0.0,0.0,715.0,715.0,715.0,715.0,0.0,0.0,0.0,0,0,715.0,715.0,3.1227744112801474,3.1227744112801474,0.0043866755376218486,0.004377082121722296
DZ--ET,DZ,ET,4726.061150528088,10,4657.5,4680.0,4666.875,4671.517213775619,148.72140247978956,22118.055555555555,4390.0,4850.0,4562.5,4772.5,210.0,107.5,0.03193159473532787,0,0,4567.975,4736.525,68.56115052808764,-68.56115052808764,-0.01450703838659105,-0.014613294359656494
DZ--FI,DZ,FI,3033.2458162220696,10,3143.4,3122.5,3132.375,3124.7263857141197,53.71778104129023,2885.6,3100.0,3275.0,3115.0,3134.75,19.75,9.5,0.01708906949204372,2,0,3117.4975,3179.315,110.15418377793048,110.15418377793048,0.03631561385127973,0.03567174401654045
DZ--FJ,DZ,FJ,17891.524863416074,10,18314.0,18300.0,18303.75,18302.500000002467,310.9108482436011,96665.55555555555,17850.0,18860.0,18100.0,18471.25,371.25,217.5,0.0169766762172983,0,0,18130.9625,18501.5,422.47513658392563,422.47513658392563,0.023613143083616485,0.023338665279305736
DZ--FR,DZ,FR,1345.8479224292655,10,1299.2,1344.0,1306.5,1343.3565333347128,75.4317940629517,5689.955555555554,1190.0,1350.0,1227.5,1348.0,120.5,4.0,0.0580601863169271,0,0,1252.6,1345.005,46.64792242926546,-46.64792242926546,-0.03466061926600564,-0.03527554959175411
DZ--GB,DZ,GB,1656.5822446092477,10,1408.2,1656.0,1424.0,1654.713066665726,323.35938039415043,104561.28888888888,1030.0,1660.0,1035.0,1660.0,625.0,4.0,0.22962603351381225,0,0,1220.2,1595.7,248.38224460924766,-248.38224460924766,-0.14993656090273727,-0.16244429805069677
DZ--GH,DZ,GH,3472.5242188720927,10,2762.0,2715.0,2751.25,2720.3731666659764,80.66391179868893,6506.666666666667,2705.0,2905.0,2715.0,2786.25,71.25,7.5,0.02920489203428274,2,0,2720.975,2810.5,710.5242188720927,-710.5242188720927,-0.2046131787967421,-0.2289267151121444
DZ--GR,DZ,GR,1833.1443937842616,10,1886.0,1887.5,1888.75,1889.1257857143542,21.05548226313834,443.33333333333326,1835.0,1915.0,1885.0,1897.5,12.5,7.5,0.011164094519161368,1,0,1871.9875,1897.5,52.85560621573836,52.85560621573836,0.02883330216373496,0.028425443887641524
DZ--IN,DZ,IN,6841.71964982002,10,6969.0,6990.0,6972.5,6973.304571429863,84.74799243771042,7182.222222222223,6860.0,7050.0,6881.25,7050.0,168.75,60.0,0.012160710638213577,0,0,6917.9875,7021.0,127.2803501799799,127.2803501799799,0.018603561194345076,0.018432631627919412
DZ--IT,DZ,IT,992.0972539136368,10,997.5,997.5,997.5,997.5,2.6352313834736494,6.944444444444444,995.0,1000.0,995.0,1000.0,5.0,2.5,0.0026418359734071673,0,0,996.0,999.0,5.402746086363209,5.402746086363209,0.005445782724476248,0.005431008065185977
DZ--JP,DZ,JP,10825.062201744677,10,10392.5,10400.0,10394.375,10394.375000000002,18.29541533341679,334.72222222222223,10350.0,10420.0,10385.0,10400.0,15.0,7.5,0.001760444102325407,1,0,10382.5,10402.5,432.5622017446767,-432.5622017446767,-0.03995932713208434,-0.04077962784698988
DZ--KE,DZ,KE,5468.388996259568,10,5103.0,5065.0,5066.25,5065.0,130.38830895103712,17001.111111111106,5030.0,5470.0,5053.75,5073.75,20.0,12.5,0.025551304909080367,1,0,5053.5,5189.5,365.38899625956765,-365.38899625956765,-0.06681839871111901,-0.06915545475052157
DZ--KR,DZ,KR,9964.003557283175,10,10183.0,10185.0,10186.875,10191.60257142623,101.90409434583306,10384.444444444445,10010.0,10325.0,10138.75,10257.5,118.75,70.0,0.0100072762786834,0,0,10121.4875,10244.0125,218.9964427168252,218.9964427168252,0.02197875998917624,0.021740708776091865
DZ--MA,DZ,MA,947.5149821768754,10,915.7,915.0,915.625,915.1428571428571,2.4517567397911053,6.011111111111109,912.0,920.0,915.0,915.0,0.0,0.0,0.00267746722702971,3,0,914.4,917.2,31.814982176875333,-31.814982176875333,-0.03357728666599209,-0.0341539490417605
DZ--MX,DZ,MX,9769.285470457762,10,9379.0,9387.5,9382.5,9382.771785843803,56.16444110328567,3154.444444444445,9270.0,9460.0,9350.0,9415.0,65.0,37.5,0.005988318701704411,0,0,9346.5,9410.0125,390.28547045776213,-390.28547045776213,-0.03995025753295695,-0.04077018079277303
DZ--MY,DZ,MY,10572.290569185669,10,10588.5,10637.5,10610.625,10631.811666666339,94.0463833553541,8844.722222222224,10350.0,10650.0,10557.5,10647.5,90.0,12.5,0.008881936379596174,1,0,10531.95,10634.0,16.209430814331427,16.209430814331427,0.0015331995188985767,0.001532025368500816
DZ--NG,DZ,NG,3099.0147228469714,10,2810.0,2807.5,2810.625,2809.999999993309,97.61033642897547,9527.777777777776,2705.0,2910.0,2716.25,2905.0,188.75,95.0,0.03473677452988451,0,0,2754.9875,2865.0125,289.0147228469714,-289.0147228469714,-0.09326019677036651,-0.09789974628667455
DZ--NL,DZ,NL,1738.248506848775,10,1733.7,1733.0,1733.75,1733.6,1.1595018087284057,1.3444444444444443,1732.0,1735.0,1733.0,1735.0,2.0,0.5,0.0006688018738699923,0,0,1733.1,1734.4,4.548506848774878,-4.548506848774878,-0.0026167183983495813,-0.0026201479900946575
DZ--NO,DZ,NO,2632.9504054733866,10,2880.0,2865.0,2881.25,2873.378200002115,82.76472678623425,6850.000000000001,2730.0,3020.0,2850.0,2933.75,83.75,35.0,0.028737752356331338,0,0,2830.5,2929.0,247.04959452661342,247.04959452661342,0.09382994606090789,0.089685249559886
DZ--NZ,DZ,NZ,19142.8906277313,10,19164.0,19150.0,19161.25,19157.5,71.40650452787119,5098.888888888889,19050.0,19300.0,19132.5,19193.75,61.25,37.5,0.0037260751684341053,1,0,19122.4875,19208.5125,21.1093722687001,21.1093722687001,0.0011027264731962717,0.0011021189169634002
DZ--PE,DZ,PE,9941.552381823174,10,9719.5,9745.0,9736.875,9736.666666665156,116.1763506245761,13496.944444444443,9450.0,9850.0,9678.75,9783.75,105.0,62.5,0.011952914308820011,1,0,9646.0,9781.5125,222.05238182317407,-222.05238182317407,-0.022335785528743757,-0.022589006888089635
DZ--PH,DZ,PH,11385.615764278304,10,12146.0,12150.0,12147.5,12146.666666666932,184.89937203186435,34187.77777777778,11820.0,12460.0,12076.25,12236.25,160.0,92.5,0.015223067020571739,1,0,12036.4625,12253.5125,760.3842357216963,760.3842357216963,0.06678463874631681,0.06464911384664418
DZ--PK,DZ,PK,6243.845068536664,10,6554.5,6545.0,6557.5,6576.666666663507,261.01777291551963,68130.27777777777,6145.0,6940.0,6488.75,6706.25,217.5,142.5,0.03982268257159503,2,0,6396.9375,6712.5625,310.65493146333574,310.65493146333574,0.04975378601700991,0.048555647164859175
DZ--PL,DZ,PL,2223.061077794254,10,2321.0,2307.5,2311.25,2310.8178750019188,52.11099265563414,2715.5555555555557,2275.0,2445.0,2286.25,2336.25,50.0,27.5,0.022451957197601957,1,0,2295.5,2353.5,97.93892220574617,97.93892220574617,0.044055884556677256,0.043113017296654677
DZ--PT,DZ,PT,1095.7494836242417,10,1130.5,1115.0,1127.5,1124.8694999981226,29.481632700151913,869.1666666666665,1100.0,1185.0,1111.25,1153.75,42.5,15.0,0.026078401326980905,0,0,1113.5,1148.0125,34.75051637575825,34.75051637575825,0.03171392448282916,0.03122142367247565
DZ--RU,DZ,RU,3341.3300109822576,10,3393.0,3340.0,3390.0,3343.671699998694,73.86925386564201,5456.666666666667,3330.0,3480.0,3335.0,3478.75,143.75,7.5,0.021771073936234012,0,0,3350.5,3436.5,51.66998901774241,51.66998901774241,0.015463898761245938,0.015345551195887108
DZ--SA,DZ,SA,4356.927852945174,10,3833.5,3830.0,3833.75,3833.499999999966,14.151953143569186,200.27777777777774,3815.0,3850.0,3825.0,3848.75,23.75,15.0,0.0036916533568720974,0,0,3826.0,3841.0125,523.427852945174,-523.427852945174,-0.12013691082613404,-0.12798896409802704
DZ--SE,DZ,SE,2735.695299839689,10,2975.5,2982.5,2973.125,2975.0497143568205,67.26605549771908,4524.7222222222235,2850.0,3120.0,2952.5,2990.0,37.5,20.0,0.022606639387571528,2,0,2937.4875,3013.5,239.80470016031086,239.80470016031086,0.08765767889953363,0.08402646556188986
DZ--SG,DZ,SG,10888.595168568347,10,10941.5,10982.5,10940.0,10940.000000021084,259.73330338808864,67461.3888888889,10580.0,11315.0,10706.25,11092.5,386.25,235.0,0.023738363422573565,0,0,10788.4875,11087.525,52.90483143165329,52.90483143165329,0.004858738029343901,0.004846972456890299
DZ--SN,DZ,SN,3179.4676163160534,10,3170.0,3170.0,3170.0,3170.0,0.0,0.0,3170.0,3170.0,3170.0,3170.0,0.0,0.0,0.0,0,0,3170.0,3170.0,9.467616316053409,-9.467616316053409,-0.002977736356699626,-0.0029821786344176493
DZ--TH,DZ,TH,9758.062670903257,10,10163.5,10160.0,10182.5,10169.021666666496,142.8878736787851,20416.94444444445,9815.0,10360.0,10150.0,10211.25,61.25,25.0,0.014058923961114292,2,0,10068.9875,10237.0125,405.43732909674327,405.43732909674327,0.041548957284900684,0.040708987128664956
DZ--TR,DZ,TR,2617.4508653785942,10,2730.5,2747.5,2725.625,2742.1558333338417,61.166893732548566,3741.388888888889,2650.0,2850.0,2678.75,2750.0,71.25,12.5,0.02240135276782588,0,0,2693.0,2769.5125,113.04913462140576,113.04913462140576,0.04319054700003091,0.042283850607814005
DZ--TZ,DZ,TZ,5847.445411357088,10,5212.3,5210.0,5218.5,5208.666071436961,142.17598640808197,20214.011111111107,4930.0,5445.0,5152.0,5266.25,114.25,62.5,0.027277015215563565,2,0,5128.9975,5293.0,635.145411357088,-635.145411357088,-0.10861929726158523,-0.11498366696694924
DZ--UA,DZ,UA,2663.2115945563396,10,2766.0,2810.0,2772.5,2796.181333330448,83.55969256897863,6982.222222222223,2640.0,2840.0,2690.0,2828.75,138.75,30.0,0.030209577935277888,0,0,2716.0,2812.0,102.7884054436604,102.7884054436604,0.038595658585206694,0.03786947235503417
DZ--US,DZ,US,6808.566447806581,10,6334.5,6310.0,6330.625,6319.825999999655,59.27572109313485,3513.6111111111118,6270.0,6430.0,6292.5,6385.0,92.5,30.0,0.009357600614592287,0,0,6301.0,6370.0,474.066447806581,-474.066447806581,-0.06962793877987403,-0.07217070701173896
DZ--VN,DZ,VN,9710.302297086428,10,10245.5,10260.0,10250.625,10254.549000127094,56.88438567246141,3235.833333333333,10150.0,10300.0,10223.75,10292.5,68.75,40.0,0.005552133685272697,0,0,10208.5,10276.0,535.1977029135724,535.1977029135724,0.05511648211757097,0.05365117042345424
DZ--ZA,DZ,ZA,7401.6582042116315,10,7478.5,7475.0,7478.125,7476.059000000032,12.703892666773003,161.38888888888889,7460.0,7500.0,7471.25,7480.0,8.75,5.0,0.001698722025375811,2,0,7471.0,7486.0,76.84179578836847,76.84179578836847,0.010381700109395023,0.010328180359442779
EG--ES,EG,ES,3355.0785607140415,10,3350.0,3350.0,3350.0,3350.0,0.0,0.0,3350.0,3350.0,3350.0,3350.0,0.0,0.0,0.0,0,0,3350.0,3350.0,5.078560714041487,-5.078560714041487,-0.0015136935312062103,-0.0015148403226660752
EG--ET,EG,ET,2452.617953664222,10,2470.8,2470.0,2470.375,2470.4444444444443,1.5491933384829668,2.4000000000000004,2470.0,2475.0,2470.0,2471.0,1.0,0.0,0.0006270007036113675,1,0,2470.1,2471.8,18.182046335778068,18.182046335778068,0.007413321878613019,0.007385978262835127
EG--FI,EG,FI,3381.1971957220794,10,3391.0,3390.0,3390.625,3390.0,5.163977794943222,26.666666666666664,3385.0,3400.0,3390.0,3390.0,0.0,0.0,0.0015228480669251614,4,0,3388.0,3394.5,9.802804277920586,9.802804277920586,0.0028992110517313753,0.002895016444781662
EG--FJ,EG,FJ,16456.426551141787,10,16433.0,16425.0,16435.0,16433.000000000648,94.6690140554037,8962.222222222223,16300.0,16550.0,16358.75,16521.25,162.5,92.5,0.005760908784482668,0,0,16377.9875,16488.0125,23.42655114178706,-23.42655114178706,-0.001423550311422966,-0.0014245645218014513
EG--FR,EG,FR,3214.633946258294,10,3210.0,3210.0,3210.0,3210.0,0.0,0.0,3210.0,3210.0,3210.0,3210.0,0.0,0.0,0.0,0,0,3210.0,3210.0,4.633946258294145,-4.633946258294145,-0.0014415159970819925,-0.001442555980822515
EG--GB,EG,GB,3513.224272125026,10,3510.0,3510.0,3510.0,3510.0,0.0,0.0,3510.0,3510.0,3510.0,3510.0,0.0,0.0,0.0,0,0,3510.0,3510.0,3.224272125025891,-3.224272125025891,-0.0009177530027354735,-0.0009181743958653939
EG--GH,EG,GH,4270.0929109249555,10,4230.5,4250.0,4251.25,4251.482599999926,74.55236787356627,5558.055555555556,4020.0,4275.0,4250.0,4257.5,7.5,5.0,0.017622590207674333,2,0,4182.0,4258.5,39.592910924955504,-39.592910924955504,-0.009272142726369666,-0.009315396620209701
EG--GR,EG,GR,1119.9840833129142,10,1109.5,1110.0,1109.75,1109.7500000021394,1.0801234497346435,1.166666666666667,1107.0,1110.0,1110.0,1110.0,0.0,0.0,0.0009735227126945863,2,0,1108.8,1110.0,10.484083312914208,-10.484083312914208,-0.009360921703371246,-0.009405010487754542
EG--IN,EG,IN,4435.964091411309,10,4416.5,4420.0,4417.5,4419.857142859486,8.834905520465714,78.05555555555556,4400.0,4425.0,4420.0,4420.0,0.0,0.0,0.0020004314548773268,3,0,4410.5,4421.0,19.4640914113088,-19.4640914113088,-0.004387792824787333,-0.004397447439708078
EG--IT,EG,IT,2134.7872271725983,10,2130.0,2130.0,2130.0,2130.0,0.0,0.0,2130.0,2130.0,2130.0,2130.0,0.0,0.0,0.0,0,0,2130.0,2130.0,4.78722717259825,-4.78722717259825,-0.002242484455436177,-0.0022450025889905268
EG--JP,EG,JP,9586.616311745503,10,9559.0,9560.0,9560.0,9559.888888888889,3.1622776601683795,10.000000000000002,9550.0,9560.0,9560.0,9560.0,0.0,0.0,0.0003308167862923297,1,0,9557.0,9560.0,27.61631174550348,-27.61631174550348,-0.00288071524377877,-0.0028848724897507457
EG--KE,EG,KE,3517.610461321371,10,3514.0,3515.0,3515.0,3515.646750000029,7.745966692414834,60.00000000000001,3500.0,3520.0,3515.0,3520.0,5.0,5.0,0.002204316076384415,2,0,3509.0,3518.0,3.6104613213710763,-3.6104613213710763,-0.0010263960040688604,-0.0010269231091573302
EG--KR,EG,KR,8503.339014259222,10,8493.0,8500.0,8495.0,8498.517399999997,20.575065816014618,423.33333333333326,8450.0,8520.0,8485.0,8500.0,15.0,5.0,0.0024225910533397644,1,0,8479.0,8504.0,10.339014259221585,-10.339014259221585,-0.0012158769916010789,-0.0012166167697440495
EG--MA,EG,MA,3603.4430310091693,10,3476.0,3480.0,3476.25,3475.999999999953,25.473297566057067,648.8888888888889,3450.0,3500.0,3450.0,3500.0,50.0,20.0,0.007328336468946222,0,0,3461.0,3491.0,127.44303100916932,-127.44303100916932,-0.03536701702024078,-0.03600757850476971
EG--MX,EG,MX,12386.314913876035,10,12367.0,12370.0,12366.25,12366.915444444408,15.846485765339617,251.11111111111111,12350.0,12390.0,12350.0,12380.0,30.0,15.0,0.001281352451309098,0,0,12358.0,12375.5,19.314913876034552,-19.314913876034552,-0.0015593753275557854,-0.001560592418694369
EG--MY,EG,MY,7957.843206792961,10,7957.0,7957.5,7956.25,7956.791055555534,7.1492035298424055,51.11111111111111,7950.0,7970.0,7950.0,7960.0,10.0,7.5,0.0008984797699940185,0,0,7953.0,7961.0125,0.8432067929607001,-0.8432067929607001,-0.00010595921169204784,-0.00010596482576594704
EG--NG,EG,NG,3387.4680508755546,10,3446.5,3450.0,3448.125,3448.125000000001,10.287532908007309,105.83333333333331,3420.0,3460.0,3445.0,3450.0,5.0,2.5,0.0029849217780378093,2,0,3439.9875,3451.5,59.03194912444542,59.03194912444542,0.017426570003866902,0.017276468658077897
EG--NL,EG,NL,3281.685911866004,10,3285.6,3285.0,3285.75,3285.3333333333335,1.8973665961010275,3.5999999999999996,3282.0,3288.0,3285.0,3287.25,2.25,0.0,0.0005774794850563147,0,0,3284.4,3286.8,3.914088133995847,3.914088133995847,0.0011927065048617806,0.0011919957955140797
EG--NO,EG,NO,3657.274374511535,10,3663.4,3664.5,3663.625,3663.592033333343,4.718756898449704,22.26666666666667,3655.0,3670.0,3660.0,3665.0,5.0,4.5,0.001288081262884125,0,0,3660.8,3666.3025000000002,6.125625488465175,6.125625488465175,0.0016749154865591163,0.001673514379887627
EG--NZ,EG,NZ,16524.182617665698,10,16512.5,16510.0,16515.625,16511.608666666743,50.51127486897246,2551.3888888888887,16400.0,16600.0,16500.0,16531.25,31.25,10.0,0.003058971982980921,2,0,16482.5,16541.0,11.682617665697762,-11.682617665697762,-0.00070700124393494,-0.0007072512871752985
EG--PE,EG,PE,12429.606272791647,10,12304.0,12280.0,12292.5,12284.869499999699,69.47421584060281,4826.666666666666,12250.0,12450.0,12252.5,12315.0,62.5,30.0,0.005646473979242751,1,0,12266.0,12349.025,125.60627279164692,-125.60627279164692,-0.010105410423707346,-0.01015681669784734
EG--PH,EG,PH,9188.405775476658,10,9237.0,9245.0,9215.0,9221.438499997936,111.31037687475504,12390.0,9130.0,9520.0,9170.0,9250.0,80.0,32.5,0.012050490080627372,1,0,9184.0,9311.5125,48.594224523341836,48.594224523341836,0.0052886458990565165,0.005274710123993109
EG--PK,EG,PK,3959.781346765724,10,3890.5,3940.0,3938.125,3938.1684999974045,155.0707723732762,24046.944444444445,3450.0,3950.0,3931.25,3947.5,16.25,10.0,0.03985882852416816,1,0,3791.4875,3944.0,69.28134676572381,-69.28134676572381,-0.017496255651164055,-0.017651124203910573
EG--PL,EG,PL,2605.2551344227354,10,2873.5,2875.0,2874.375,2874.1763333333333,6.258327785172862,39.166666666666664,2860.0,2880.0,2870.0,2878.75,8.75,5.0,0.002177945984051805,0,0,2869.5,2877.0,268.2448655772646,268.2448655772646,0.10296299277295215,0.09800018827872307
EG--PT,EG,PT,3804.4459470065553,10,3766.5,3750.0,3765.625,3754.9420000379787,28.09211039894772,789.1666666666666,3740.0,3800.0,3742.5,3798.75,56.25,10.0,0.007458412425049176,0,0,3751.0,3783.0,37.94594700655534,-37.94594700655534,-0.009974105963159308,-0.010024180602784595
EG--RU,EG,RU,2899.390144089835,10,2900.0,2900.0,2900.0,2900.0,0.0,0.0,2900.0,2900.0,2900.0,2900.0,0.0,0.0,0.0,0,0,2900.0,2900.0,0.6098559101651517,0.6098559101651517,0.0002103393747848292,0.00021031725655997155
EG--SA,EG,SA,1646.868560351307,10,1482.5,1610.0,1490.125,1607.7313199965881,166.11458561955226,27594.05555555556,1289.0,1615.0,1290.0,1610.75,320.75,3.0,0.11205031070458837,0,0,1385.7,1578.7025,164.368560351307,-164.368560351307,-0.09980672672277148,-0.10514579062708637
EG--SE,EG,SE,3404.607659449505,10,3429.0,3430.0,3429.375,3430.0,5.163977794943222,26.666666666666664,3420.0,3435.0,3430.0,3430.0,0.0,0.0,0.0015059719436988108,4,0,3426.0,3431.5,24.39234055049519,24.39234055049519,0.0071645085103401365,0.007138965349474671
EG--SG,EG,SG,8269.808521932006,10,8267.0,8267.5,8267.5,8267.302785688216,9.775252199076787,95.55555555555556,8250.0,8280.0,8260.0,8273.75,13.75,7.5,0.0011824425062388758,0,0,8261.0,8272.5,2.808521932005533,-2.808521932005533,-0.00033961148248561887,-0.000339669163524941
EG--SN,EG,SN,5253.120694234128,10,5209.5,5250.0,5225.625,5242.5869999989845,72.12835780745324,5202.500000000001,5030.0,5260.0,5185.0,5250.0,65.0,10.0,0.01384554329733242,1,0,5159.0,5246.0,43.62069423412777,-43.62069423412777,-0.00830376775504249,-0.008338436086417343
EG--TH,EG,TH,7278.235334714449,10,7259.5,7260.0,7260.0,7260.0,3.689323936863109,13.61111111111111,7250.0,7265.0,7260.0,7260.0,0.0,0.0,0.000508206341602467,2,0,7257.0,7261.5,18.73533471444898,-18.73533471444898,-0.002574158962006693,-0.002577477805898855
EG--TR,EG,TR,1105.6067845732575,10,1098.0,1100.0,1098.125,1099.3333333333514,2.581988897471611,6.666666666666666,1095.0,1100.0,1095.0,1100.0,5.0,0.0,0.002351538157988717,0,0,1096.5,1099.5,7.606784573257528,-7.606784573257528,-0.006880189846332751,-0.0069039674783367795
EG--TZ,EG,TZ,4038.353951938408,10,3697.5,3665.0,3687.5,3669.913000000872,64.6894289835845,4184.7222222222235,3645.0,3830.0,3656.25,3725.0,68.75,15.0,0.01749545070549953,1,0,3662.0,3738.525,340.85395193840804,-340.85395193840804,-0.08440417952339178,-0.08818025570596559
EG--UA,EG,UA,2264.232150700553,10,2271.3,2270.5,2271.0,2270.8333333333335,1.7029386365926402,2.9000000000000004,2270.0,2275.0,2270.0,2272.0,2.0,0.5,0.0007497638517996918,0,0,2270.4,2272.4,7.067849299447062,7.067849299447062,0.0031215214823534193,0.003116659649088236
EG--US,EG,US,9366.819693047106,10,9429.0,9432.5,9430.0,9432.16771428566,17.448336437736536,304.4444444444445,9400.0,9450.0,9425.0,9442.5,17.5,10.0,0.0018504970238346098,0,0,9418.4875,9438.5,62.18030695289417,62.18030695289417,0.006638358481379755,0.006616421609412802
EG--VN,EG,VN,7437.521764642192,10,8032.0,8052.5,8037.5,8035.0689444463505,118.16184757451207,13962.222222222223,7845.0,8175.0,7930.0,8133.75,203.75,107.5,0.014711385405193235,0,0,7964.0,8095.5125,594.4782353578084,594.4782353578084,0.07992961286969867,0.07689586574346105
EG--ZA,EG,ZA,6178.42759423283,10,6263.5,6265.0,6264.375,6264.857142859486,5.296749527356901,28.055555555555557,6250.0,6270.0,6265.0,6265.0,0.0,0.0,0.0008456533132205478,3,0,6260.5,6266.0,85.07240576716958,85.07240576716958,0.013769264828251653,0.013675329796638911
ES--ET,ES,ET,5435.390315315712,10,5585.0,5587.5,5583.75,5586.293500000001,22.23610677354389,494.4444444444445,5550.0,5630.0,5572.5,5595.0,22.5,7.5,0.003981397810840446,1,0,5573.0,5599.0,149.60968468428837,149.60968468428837,0.027525104179311984,0.027153099381090354
ES--FI,ES,FI,2953.7168515011904,10,2950.0,2950.0,2950.0,2950.0,0.0,0.0,2950.0,2950.0,2950.0,2950.0,0.0,0.0,0.0,0,0,2950.0,2950.0,3.7168515011903764,-3.7168515011903764,-0.0012583641858905101,-0.001259156590928539
ES--FJ,ES,FJ,17527.210746850342,10,17574.5,17635.0,17593.125,17628.507333332924,116.2719513324975,13519.166666666666,17350.0,17650.0,17573.75,17647.5,73.75,15.0,0.006615946475433013,2,0,17496.5,17635.0,47.28925314965818,47.28925314965818,0.002698047843017812,0.0026944146454962025
ES--FR,ES,FR,1054.2206353287124,10,1052.8,1053.0,1052.875,1052.8,0.42163702135578396,0.1777777777777778,1052.0,1053.0,1053.0,1053.0,0.0,0.0,0.00040049109171332064,2,0,1052.5,1053.0,1.4206353287124784,-1.4206353287124784,-0.0013475692669111107,-0.001348478054903977
ES--GB,ES,GB,1263.9687927349041,10,1263.6,1264.0,1263.625,1263.6,0.5163977794943223,0.2666666666666667,1263.0,1264.0,1263.0,1264.0,1.0,0.0,0.0004086718736105748,0,0,1263.3,1263.9,0.3687927349042184,-0.3687927349042184,-0.00029177360788017995,-0.00029181618208081145
ES--GH,ES,GH,3875.784925520151,10,3891.5,3890.0,3891.25,3890.7412999999715,5.296749527356901,28.055555555555557,3885.0,3900.0,3890.0,3893.75,3.75,2.5,0.0013611074206236417,2,0,3888.5,3895.0,15.715074479849136,15.715074479849136,0.0040546817694586314,0.004046483700235804
ES--GR,ES,GR,2374.062233299252,10,2363.6,2370.0,2372.5,2370.1428571428573,35.67819128449946,1272.9333333333334,2265.0,2391.0,2370.0,2370.0,0.0,0.0,0.015094851618082359,3,0,2340.5,2378.4,10.462233299252148,-10.462233299252148,-0.004406890919920285,-0.004416629886618685
ES--IN,ES,IN,7287.614249142348,10,7261.5,7265.0,7261.875,7264.258700008876,8.181958472422385,66.94444444444446,7250.0,7270.0,7253.75,7265.0,11.25,2.5,0.0011267587237378484,0,0,7256.5,7266.0,26.114249142347944,-26.114249142347944,-0.0035833742360088876,-0.003589809900328747
ES--IT,ES,IT,1365.1557413989822,10,1364.2,1365.0,1364.25,1364.3333333333514,1.0327955589886446,1.0666666666666669,1363.0,1365.0,1363.0,1365.0,2.0,0.0,0.0007570704874568572,0,0,1363.6,1364.8,0.9557413989821271,-0.9557413989821271,-0.0007000969706230763,-0.0007003421529482061
ES--JP,ES,JP,10789.251153816349,10,10768.0,10770.0,10768.125,10769.333333333334,2.581988897471611,6.666666666666666,10765.0,10770.0,10765.0,10770.0,5.0,0.0,0.0002397835157384483,0,0,10766.5,10769.5,21.25115381634896,-21.25115381634896,-0.001969659757974218,-0.001971602088661477
ES--KE,ES,KE,6176.5987043900495,10,6425.0,6490.0,6488.75,6488.731357117325,205.66963801203133,42300.0,5840.0,6500.0,6481.25,6493.75,12.5,7.5,0.03201083860109437,1,0,6294.0,6493.0,248.40129560995047,248.40129560995047,0.04021651842678366,0.039428882279569546
ES--KR,ES,KR,10019.900842150517,10,9988.0,9990.0,9988.75,9989.57142857143,3.496029493900505,12.222222222222221,9980.0,9990.0,9986.25,9990.0,3.75,0.0,0.00035002297696240536,1,0,9986.0,9990.0,31.900842150516837,-31.900842150516837,-0.0031837482878393566,-0.00318882719726395
ES--MA,ES,MA,760.8123052479816,10,762.9,762.0,762.375,762.4405777777611,3.4464152068167553,11.877777777777778,760.0,770.0,760.0,765.0,5.0,2.0,0.00451751894981879,0,0,761.0,764.9,2.087694752018365,2.087694752018365,0.0027440338932713435,0.0027402759053953337
ES--MX,ES,MX,9078.13985240458,10,9064.5,9065.0,9065.0,9064.888888888889,1.5811388300841898,2.5000000000000004,9060.0,9065.0,9065.0,9065.0,0.0,0.0,0.0001744319962583915,1,0,9063.5,9065.0,13.63985240457987,-13.63985240457987,-0.0015024941922399447,-0.0015036240685356353
ES--MY,ES,MY,11077.974673965115,10,11063.5,11065.0,11064.375,11064.857142857143,5.296749527356901,28.055555555555557,11050.0,11070.0,11065.0,11065.0,0.0,0.0,0.0004787589395179556,3,0,11060.0,11066.0,14.474673965114562,-14.474673965114562,-0.0013066173548069392,-0.0013074717235660358
ES--NG,ES,NG,3642.923695107211,10,3738.0,3742.5,3736.25,3739.2003571428677,58.79342366852492,3456.6666666666665,3650.0,3840.0,3700.0,3768.75,68.75,37.5,0.015728577760440055,0,0,3703.5,3772.5,95.07630489278881,95.07630489278881,0.026098901006486968,0.02576413684606773
ES--NL,ES,NL,1481.542258526469,10,1480.1,1480.0,1480.0,1480.1,0.31622776601683794,0.1,1480.0,1481.0,1480.0,1480.0,0.0,0.0,0.00021365297345911626,1,0,1480.0,1480.3,1.4422585264690042,-1.4422585264690042,-0.0009734845686436672,-0.0009739587124858019
ES--NO,ES,NO,2391.208799044871,10,2593.4,2594.0,2593.625,2593.650314285714,1.6465452046971292,2.711111111111111,2590.0,2595.0,2592.25,2594.75,2.5,1.0,0.0006348982820610508,0,0,2592.4,2594.3,202.19120095512926,202.19120095512926,0.0845560626223403,0.08117074439067236
ES--NZ,ES,NZ,19851.726976157825,10,19855.0,19855.0,19855.0,19855.0,0.0,0.0,19855.0,19855.0,19855.0,19855.0,0.0,0.0,0.0,0,0,19855.0,19855.0,3.273023842175462,3.273023842175462,0.00016487350677885128,0.0001648599166360923
ES--PE,ES,PE,9503.708312480001,10,9502.6,9500.0,9502.0,9500.666666666666,3.6270588023294517,13.155555555555557,9500.0,9510.0,9500.0,9505.0,5.0,0.0,0.00038169120054821326,0,0,9501.0,9504.9,1.1083124800006772,-1.1083124800006772,-0.00011661894952576276,-0.00011662575004416084
ES--PH,ES,PH,11671.011912853837,10,11648.5,11650.0,11649.375,11649.75,3.3747427885527643,11.388888888888888,11640.0,11650.0,11650.0,11650.0,0.0,0.0,0.0002897147949137455,2,0,11646.5,11650.0,22.511912853837202,-22.511912853837202,-0.0019288741217926243,-0.0019307367951084944
ES--PK,ES,PK,6659.012517572479,10,6801.0,6782.5,6795.625,6788.636899999928,77.84600182411425,6060.0,6685.0,6960.0,6762.5,6837.5,75.0,32.5,0.011446258171462175,1,0,6760.5,6852.0,141.98748242752117,141.98748242752117,0.02132260332186344,0.021098457269144007
ES--PL,ES,PL,2294.1560974438808,10,2290.5,2290.0,2290.0,2290.1111111111113,1.5811388300841898,2.5000000000000004,2290.0,2295.0,2290.0,2290.0,0.0,0.0,0.0006903029164305565,1,0,2290.0,2291.5,3.6560974438807534,-3.6560974438807534,-0.001593656790814858,-0.0015949280125720094
ES--PT,ES,PT,504.8178933567692,10,502.8,503.0,502.875,502.8,0.4216370213557839,0.17777777777777778,502.0,503.0,503.0,503.0,0.0,0.0,0.0008385780058786474,2,0,502.5975,503.0,2.017893356769207,-2.017893356769207,-0.003997269873599952,-0.0040052803105324886
ES--RU,ES,RU,3447.7208209357696,10,3440.0,3440.0,3440.0,3440.0,0.0,0.0,3440.0,3440.0,3440.0,3440.0,0.0,0.0,0.0,0,0,3440.0,3440.0,7.720820935769552,-7.720820935769552,-0.0022393985292794073,-0.002241909731922069
ES--SA,ES,SA,4976.67214260894,10,4878.1,4932.5,4882.625,4929.420333332501,76.28521044955788,5819.433333333335,4780.0,4940.0,4791.25,4939.0,147.75,7.5,0.015638303939967995,0,0,4832.0,4921.7,98.57214260893943,-98.57214260893943,-0.019806838743704057,-0.020005623417076294
ES--SE,ES,SE,2599.80340123646,10,2590.0,2590.0,2590.0,2590.0,0.0,0.0,2590.0,2590.0,2590.0,2590.0,0.0,0.0,0.0,0,0,2590.0,2590.0,9.803401236460104,-9.803401236460104,-0.003770824067618971,-0.003777951547984819
ES--SG,ES,SG,11394.820059047039,10,11381.0,11380.0,11382.5,11380.333333333352,12.866839377079188,165.55555555555554,11350.0,11400.0,11380.0,11387.5,7.5,0.0,0.001130554378093242,2,0,11373.0,11387.0,13.82005904703874,-13.82005904703874,-0.0012128369711346303,-0.0012135730531190427
ES--SN,ES,SN,3146.0652951641023,10,3150.7,3150.0,3150.375,3150.25,1.4944341180973264,2.233333333333334,3150.0,3154.0,3150.0,3150.0,0.0,0.0,0.000474318125526812,2,0,3150.0,3151.6,4.634704835897537,4.634704835897537,0.0014731750300992356,0.0014720909723051324
ES--TH,ES,TH,10195.38770323311,10,10187.5,10187.5,10187.5,10187.5,2.6352313834736494,6.944444444444444,10185.0,10190.0,10185.0,10190.0,5.0,2.5,0.00025867301923667726,0,0,10186.0,10189.0,7.887703233109278,-7.887703233109278,-0.0007736540740484023,-0.0007739534988056197
ES--TR,ES,TR,3091.375943481574,10,2595.5,2595.0,2595.0,2595.1111111111113,1.5811388300841898,2.5000000000000004,2595.0,2600.0,2595.0,2595.0,0.0,0.0,0.0006091846773585782,1,0,2595.0,2596.5,495.8759434815738,-495.8759434815738,-0.160406224460396,-0.17483710466532676
ES--TZ,ES,TZ,6547.695065885699,10,6417.5,6402.5,6414.375,6417.114611106173,133.4010244838222,17795.83333333333,6250.0,6610.0,6297.5,6532.5,235.0,127.5,0.020787070429890486,0,0,6341.4875,6492.5125,130.19506588569857,-130.19506588569857,-0.019884106479550485,-0.020084455615191402
ES--UA,ES,UA,2867.9152687436067,10,2865.0,2865.0,2865.0,2865.0,0.0,0.0,2865.0,2865.0,2865.0,2865.0,0.0,0.0,0.0,0,0,2865.0,2865.0,2.9152687436067026,-2.9152687436067026,-0.0010165114623082434,-0.0010170284604707582
ES--US,ES,US,6103.59738093071,10,6110.5,6100.0,6105.0,6100.666666666649,20.20038503483425,408.0555555555556,6100.0,6165.0,6100.0,6113.75,13.75,0.0,0.0033058481359682927,1,0,6101.5,6124.0,6.902619069290267,6.902619069290267,0.0011309099598960962,0.0011302709629474467
ES--VN,ES,VN,10056.382163469798,10,10087.4,10072.0,10083.375,10072.42857142857,26.563132345414388,705.6000000000001,10072.0,10135.0,10072.0,10093.0,21.0,0.0,0.0026332982082017554,2,0,10072.0,10103.5,31.01783653020175,31.01783653020175,0.0030843931769891616,0.003079646194888605
ES--ZA,ES,ZA,8029.9477888894835,10,8047.5,8047.5,8048.125,8047.797111111155,11.118053386771946,123.61111111111113,8030.0,8060.0,8040.0,8058.75,18.75,10.0,0.0013815536982630563,0,0,8040.5,8053.0125,17.55221111051651,17.55221111051651,0.002185843740453999,0.0021834582595850307
ET--FI,ET,FI,5790.019542298963,10,6120.0,6092.5,6110.625,6098.333333330202,183.3484842224409,33616.66666666666,5845.0,6470.0,6027.5,6186.25,158.75,87.5,0.02995890265072564,1,0,6018.45,6223.5125,329.98045770103727,329.98045770103727,0.05699125111588423,0.05542642976385884
ET--FJ,ET,FJ,15572.54742661621,10,15811.5,15800.0,15808.75,15797.903571423953,172.98121285272572,29922.5,15570.0,16075.0,15675.0,15890.0,215.0,125.0,0.010940215213782736,0,0,15712.9875,15912.0375,238.95257338379088,238.95257338379088,0.015344475559302462,0.015227939703250749
ET--FR,ET,FR,5564.644582105378,10,5587.5,5587.5,5587.5,5587.5,6.346477588219924,40.27777777777778,5580.0,5595.0,5581.25,5593.75,12.5,7.5,0.0011358349151176597,0,0,5584.0,5591.0,22.855417894622406,22.855417894622406,0.004107255649016686,0.004098843899471164
ET--GB,ET,GB,5886.122685458142,10,5893.5,5895.0,5894.375,5894.176333333329,6.258327785172862,39.166666666666664,5880.0,5900.0,5890.0,5898.75,8.75,5.0,0.0010619034165051094,0,0,5889.5,5897.0,7.377314541858141,7.377314541858141,0.0012533402608280722,0.0012525554855819217
ET--GH,ET,GH,4312.516347158949,10,3968.5,3942.5,3941.875,3941.9829285452493,88.66447365709047,7861.38888888889,3930.0,4220.0,3936.25,3948.75,12.5,7.5,0.022342062153733265,1,0,3937.5,4025.5,344.01634715894943,-344.01634715894943,-0.07977160420170572,-0.08313338344705395
ET--GR,ET,GR,3541.0060008455616,10,3554.0,3590.0,3567.5,3582.932125001719,85.49853799919622,7309.999999999999,3380.0,3620.0,3560.0,3607.5,47.5,27.5,0.024056988744849808,2,0,3495.5,3599.5125,12.99399915443837,12.99399915443837,0.003669578405497058,0.0036628619287371956
ET--IN,ET,IN,4568.968215495237,10,5237.0,5240.0,5236.875,5237.931166666686,5.374838498865699,28.888888888888886,5230.0,5245.0,5231.25,5240.0,8.75,2.5,0.0010263201258097574,0,0,5234.0,5240.5,668.031784504763,668.031784504763,0.14621064384715884,0.13646140929650047
ET--IT,ET,IT,4456.489579759943,10,4485.8,4485.0,4485.375,4485.344714285668,7.130529043797833,50.84444444444444,4475.0,4500.0,4481.25,4488.75,7.5,5.0,0.0015895780114578966,0,0,4481.5,4490.0025,29.310420240057283,29.310420240057283,0.006577019807961975,0.006555485582300845
ET--JP,ET,JP,10415.439814966736,10,10171.5,10145.0,10162.5,10151.55066666653,75.27911027930952,5666.944444444444,10075.0,10340.0,10135.0,10191.25,56.25,20.0,0.007400984149762525,1,0,10134.5,10218.5125,243.93981496673587,-243.93981496673587,-0.02342098070752617,-0.023699611004892634
ET--KE,ET,KE,1159.806608820494,10,1158.7,1160.0,1159.0,1159.5714285737715,2.110818693198342,4.455555555555556,1155.0,1160.0,1157.0,1160.0,3.0,0.0,0.0018217128619990868,0,0,1157.3975,1160.0,1.106608820493875,-1.106608820493875,-0.0009541321907272798,-0.0009545876645905191
ET--KR,ET,KR,9256.901270317068,10,9237.5,9242.5,9237.5,9242.586999999676,56.038181428181424,3140.2777777777774,9150.0,9325.0,9218.75,9276.25,57.5,35.0,0.006066379586271331,0,0,9203.5,9269.0125,19.401270317068338,-19.401270317068338,-0.0020958709346160934,-0.0020980703457619374
ET--MA,ET,MA,5405.302959239058,10,5478.5,5480.0,5483.75,5480.639714286099,62.54109759900995,3911.3888888888882,5345.0,5570.0,5460.0,5510.0,50.0,30.0,0.011415733795566296,1,0,5440.5,5513.0,73.1970407609424,73.1970407609424,0.013541709190569932,0.01345083967987463
ET--MX,ET,MX,14431.004638352826,10,14084.5,14082.5,14091.875,14091.875000010377,249.08108898286295,62041.38888888889,13650.0,14460.0,13926.25,14268.75,342.5,180.0,0.01768476616016635,0,0,13936.4875,14230.5625,346.5046383528261,-346.5046383528261,-0.02401112376001402,-0.02430408992909056
ET--MY,ET,MY,6996.0854221014015,10,7740.5,7765.0,7756.875,7758.955071721749,142.9150874548318,20424.72222222222,7430.0,7920.0,7667.5,7838.75,171.25,82.5,0.01846328886439271,0,0,7652.475,7814.0125,744.4145778985985,744.4145778985985,0.106404443768927,0.10111551778200785
ET--NG,ET,NG,3425.380993916935,10,3469.5,3470.0,3469.375,3469.5,9.264628073124864,85.83333333333334,3460.0,3480.0,3460.0,3478.75,18.75,10.0,0.0026703064052817018,0,0,3464.4875,3475.0,44.11900608306496,44.11900608306496,0.012880028867274913,0.012797786730052827
ET--NL,ET,NL,5692.490720486377,10,5668.0,5667.5,5667.5,5667.5,6.324555320336759,40.00000000000001,5660.0,5680.0,5665.0,5670.0,5.0,2.5,0.0011158354481892658,1,0,5664.5,5672.0,24.49072048637663,-24.49072048637663,-0.004302285535264623,-0.0043115669962411375
ET--NO,ET,NO,6109.632738802692,10,6128.5,6122.5,6133.125,6133.124999999308,152.53505972216502,23266.94444444445,5850.0,6370.0,6042.5,6237.5,195.0,97.5,0.024889460670990456,0,0,6034.475,6223.5,18.867261197307926,18.867261197307926,0.0030881170773949585,0.0030833586377486144
ET--NZ,ET,NZ,14423.0253472428,10,14141.0,14155.0,14161.25,14149.481286034841,166.29625505237468,27654.44444444445,13760.0,14360.0,14083.75,14193.75,110.0,65.0,0.011759865289044245,2,0,14043.9875,14234.5125,282.0253472427994,-282.0253472427994,-0.0195538273318443,-0.019747532692396454
ET--PE,ET,PE,13010.580677525299,10,12906.5,12850.0,12879.375,12861.401833329164,215.47170476783154,46428.055555555555,12680.0,13350.0,12757.5,13013.75,256.25,117.5,0.01669482080872673,0,0,12790.475,13040.0125,104.0806775252986,-104.0806775252986,-0.007999695025533285,-0.008031864263373338
ET--PH,ET,PH,8943.42800028437,10,9333.0,9325.0,9328.75,9322.153642856692,117.90297329207229,13901.111111111111,9150.0,9550.0,9258.75,9377.5,118.75,67.5,0.012632912599600588,0,0,9265.4875,9400.525,389.5719997156302,389.5719997156302,0.04355958360745379,0.04263754567255347
ET--PK,ET,PK,4460.31441309416,10,4215.5,4235.0,4228.125,4228.333333336202,188.007830806178,35346.94444444445,3850.0,4480.0,4145.0,4300.0,155.0,85.0,0.04459917703859044,1,0,4096.45,4328.0375,244.81441309416005,-244.81441309416005,-0.054887254668742086,-0.05645105137609137
ET--PL,ET,PL,5054.603703831145,10,5318.5,5372.5,5325.0,5344.887833334507,107.80769916847312,11622.5,5150.0,5435.0,5216.25,5401.25,185.0,52.5,0.020270320422764523,0,0,5254.0,5377.525,263.89629616885486,263.89629616885486,0.052209097217420675,0.05089185617856346
ET--PT,ET,PT,5784.177787414981,10,5753.5,5752.5,5759.375,5755.824499999867,59.49089566199745,3539.166666666667,5625.0,5835.0,5731.25,5782.5,51.25,27.5,0.010339948841921865,1,0,5716.9875,5786.5,30.67778741498114,-30.67778741498114,-0.0053037421293876605,-0.005317856899195312
ET--RU,ET,RU,5182.912971370709,10,5153.0,5147.5,5153.125,5152.447799999392,20.027758514399736,401.1111111111111,5125.0,5180.0,5141.25,5171.25,30.0,15.0,0.003886621097302491,0,0,5143.0,5166.0,29.912971370708874,-29.912971370708874,-0.005771459319487258,-0.0057881785514388145
ET--SA,ET,SA,1928.2054708788808,10,1522.0,1542.5,1510.0,1540.8913333284063,120.83505745896392,14601.111111111111,1355.0,1785.0,1460.0,1550.0,90.0,10.0,0.0793922847956399,1,0,1457.0,1595.5,406.20547087888076,-406.20547087888076,-0.21066503389482208,-0.23656450310307864
ET--SE,ET,SE,5846.588012893221,10,5883.0,5877.5,5882.5,5881.666666667149,34.009802508492555,1156.6666666666665,5830.0,5940.0,5866.25,5900.0,33.75,22.5,0.005781030513087294,0,0,5862.9875,5904.0,36.411987106778724,36.411987106778724,0.006227903698102378,0.006208590451745934
ET--SG,ET,SG,7265.102216993072,10,7283.5,7310.0,7288.75,7295.820749999232,72.68845239177342,5283.611111111111,7165.0,7360.0,7246.25,7343.75,97.5,45.0,0.009979879507348586,0,0,7237.95,7322.5,18.397783006927966,18.397783006927966,0.002532350193765417,0.0025291491979030464
ET--SN,ET,SN,6138.121973536205,10,5425.5,5332.5,5413.125,5367.467166689203,181.94092447824926,33102.5,5250.0,5700.0,5302.5,5582.5,280.0,77.5,0.03353440687093342,0,0,5330.4875,5538.075,712.6219735362047,-712.6219735362047,-0.11609772119364702,-0.12340876679167391
ET--TH,ET,TH,6750.299737881846,10,7758.0,7842.5,7821.875,7837.686428578062,281.2096884691011,79078.88888888888,7020.0,7985.0,7768.75,7907.5,138.75,75.0,0.03624770410790166,1,0,7580.9625,7894.0125,1007.7002621181537,1007.7002621181537,0.1492822987493525,0.1391376595071116
ET--TR,ET,TR,3471.2514729888712,10,3690.5,3752.5,3690.625,3724.398666657601,140.10809319157042,19630.27777777778,3470.0,3910.0,3608.75,3760.0,151.25,40.0,0.03796452870656291,0,0,3609.4625,3772.0,219.24852701112877,219.24852701112877,0.06316123413045266,0.06124676624957769
ET--TZ,ET,TZ,1714.3873971546066,10,1325.0,1237.5,1286.5,1250.9447333285805,174.62213172702047,30492.88888888889,1203.0,1755.0,1212.0,1392.25,180.25,33.5,0.13179028809586452,1,0,1239.385,1442.115,389.38739715460656,-389.38739715460656,-0.22712917617154585,-0.2576433545422898
ET--UA,ET,UA,4651.905379290357,10,4869.5,4857.5,4870.625,4866.00928571545,49.46659928117602,2446.9444444444443,4780.0,4950.0,4851.25,4885.0,33.75,25.0,0.010158455545985424,3,0,4842.5,4898.5,217.5946207096431,217.5946207096431,0.046775375457623114,0.04571436776096596
ET--US,ET,US,11530.640207862776,10,11556.5,11555.0,11556.25,11556.034142857121,7.090682462060882,50.27777777777777,11550.0,11565.0,11550.0,11563.75,13.75,5.0,0.0006135666042539594,0,0,11552.5,11561.0,25.85979213722385,25.85979213722385,0.002242702197887502,0.0022401910950496646
ET--VN,ET,VN,7294.24449951952,10,7855.0,7825.0,7844.375,7824.38185715235,184.16478128748358,33916.666666666664,7620.0,8175.0,7722.5,7912.5,190.0,105.0,0.023445548222467673,0,0,7755.5,7975.0,560.7555004804799,560.7555004804799,0.07687643326425615,0.07406465924682651
ET--ZA,ET,ZA,4007.191456170527,10,4640.5,4665.0,4653.125,4654.967642859062,100.89736259079213,10180.27777777778,4440.0,4740.0,4577.5,4716.25,138.75,67.5,0.02174277827621854,0,0,4583.0,4696.0125,633.3085438294729,633.3085438294729,0.15804299613742295,0.14673150811386648
FI--FJ,FI,FJ,14881.524051042496,10,15254.0,15250.0,15254.375,15253.999999999995,26.74987019698517,715.5555555555554,15220.0,15285.0,15232.5,15282.5,50.0,27.5,0.001753629880489391,0,0,15237.5,15269.5,372.47594895750444,372.47594895750444,0.0250294222339016,0.024721316796842398
FI--FR,FI,FR,1913.0642944778042,10,1910.0,1910.0,1910.0,1910.0,0.0,0.0,1910.0,1910.0,1910.0,1910.0,0.0,0.0,0.0,0,0,1910.0,1910.0,3.0642944778041965,-3.0642944778041965,-0.001601772865998022,-0.0016030570756798625
FI--GB,FI,GB,1825.9330131984918,10,1820.0,1820.0,1820.0,1820.0,0.0,0.0,1820.0,1820.0,1820.0,1820.0,0.0,0.0,0.0,0,0,1820.0,1820.0,5.933013198491835,-5.933013198491835,-0.0032493049611381744,-0.0032545954158123584
FI--GH,FI,GH,6421.808628793435,10,6257.0,6250.0,6254.375,6253.333333325445,98.55060741681008,9712.222222222223,6125.0,6410.0,6195.0,6322.5,127.5,82.5,0.015750456675213374,0,0,6205.0,6318.5,164.80862879343476,-164.80862879343476,-0.025663896001896263,-0.02599895889120979
FI--GR,FI,GR,2469.446523502244,10,2478.0,2480.0,2478.75,2479.3967500000826,7.52772652709081,56.666666666666664,2465.0,2485.0,2476.25,2483.75,7.5,5.0,0.003037823457260214,0,0,2473.5,2482.0,8.553476497756037,8.553476497756037,0.0034637220998109475,0.003457737230386665
FI--IN,FI,IN,5227.813402791738,10,5231.0,5230.0,5230.625,5230.25,2.1081851067789197,4.444444444444445,5230.0,5235.0,5230.0,5230.0,0.0,0.0,0.00040301760787209324,2,0,5230.0,5232.0125,3.1865972082623557,3.1865972082623557,0.000609546853099359,0.0006093611548736157
FI--IT,FI,IT,2204.4886323251985,10,1975.2,1976.0,1975.625,1975.7931714285799,2.3475755815545347,5.511111111111112,1970.0,1977.0,1974.25,1977.0,2.75,1.0,0.0011885255070648718,1,0,1973.7,1976.4,229.28863232519848,-229.28863232519848,-0.10400989552091944,-0.1098259101763622
FI--JP,FI,JP,7840.181225242526,10,7826.6,7829.0,7827.0,7828.793171428566,4.623610902506587,21.377777777777776,7820.0,7830.0,7822.0,7830.0,8.0,1.0,0.0005907559990936789,0,0,7823.8,7829.0,13.581225242525761,-13.581225242525761,-0.0017322590961034378,-0.001733761191821388
FI--KE,FI,KE,6893.053879094669,10,7409.0,7412.5,7411.25,7409.420785799366,30.073982849706564,904.4444444444446,7350.0,7450.0,7392.5,7420.0,27.5,17.5,0.004059114974990763,1,0,7391.5,7426.0,515.9461209053306,515.9461209053306,0.07485015059436831,0.07218125706733222
FI--KR,FI,KR,7076.449214426985,10,7044.5,7045.0,7045.0,7045.021749999985,5.986094998689324,35.833333333333336,7035.0,7050.0,7041.25,7050.0,8.75,5.0,0.0008497544181544927,0,0,7040.9875,7047.5,31.949214426985236,-31.949214426985236,-0.004514865218257957,-0.00452508800349717
FI--MA,FI,MA,3705.568629466575,10,3798.0,3825.0,3798.75,3818.9674999990066,99.89438867568532,9978.888888888887,3640.0,3950.0,3715.0,3860.0,145.0,37.5,0.02630184009365069,0,0,3734.475,3854.5125,92.4313705334248,92.4313705334248,0.02494391003810136,0.024637889179025384
FI--MX,FI,MX,9855.858846180436,10,9474.0,9475.0,9473.75,9473.333333333601,17.60681686165901,310.0,9450.0,9500.0,9462.5,9480.0,17.5,10.0,0.001858435387551088,0,0,9463.5,9484.5,381.85884618043565,-381.85884618043565,-0.038744350151526594,-0.039514880573862286
FI--MY,FI,MY,8971.024211314423,10,9002.5,9007.5,8996.25,8991.66666666479,102.58465338982782,10523.611111111113,8850.0,9205.0,8950.0,9018.75,68.75,57.5,0.011395129507339941,1,0,8941.5,9065.05,31.475788685576845,31.475788685576845,0.0035086059232655948,0.0035024651250719616
FI--NG,FI,NG,5852.2306591964625,10,6069.5,6047.5,6056.25,6060.149143062124,110.94167636896223,12308.055555555553,5930.0,6315.0,6025.0,6123.75,98.75,60.0,0.018278552824608656,1,0,6007.0,6137.5,217.2693408035375,217.2693408035375,0.03712590180670861,0.036453331527506135
FI--NL,FI,NL,1506.1678883392688,10,1501.6,1502.0,1501.75,1501.75,0.8432740427115678,0.7111111111111111,1500.0,1502.0,1502.0,1502.0,0.0,0.0,0.0005615836725569844,2,0,1501.0,1502.0,4.567888339268848,-4.567888339268848,-0.003032788293146718,-0.0030373965150951587
FI--NO,FI,NO,789.3307636306301,10,785.0,785.0,785.0,785.0,0.0,0.0,785.0,785.0,785.0,785.0,0.0,0.0,0.0,0,0,785.0,785.0,4.330763630630145,-4.330763630630145,-0.005486627191255324,-0.0055017340125597105
FI--NZ,FI,NZ,17068.725016057746,10,16675.0,16650.0,16680.0,16678.297222529116,142.536545021502,20316.666666666668,16460.0,16850.0,16565.0,16800.0,235.0,125.0,0.008547918741919161,0,0,16591.0,16756.025,393.72501605774596,-393.72501605774596,-0.023067043126381217,-0.023337250712930222
FI--PE,FI,PE,11822.926389926623,10,12435.5,12580.0,12493.125,12568.39516666531,355.74999023971253,126558.05555555556,11660.0,12750.0,12390.0,12645.0,255.0,82.5,0.028607614510048854,2,0,12210.85,12628.5125,612.5736100733775,612.5736100733775,0.051812350840254144,0.050514724679038864
FI--PH,FI,PH,8939.979930604915,10,8909.8,8982.5,8974.75,8974.444955559984,221.69889490026782,49150.399999999994,8285.0,9015.0,8938.75,9003.75,65.0,29.0,0.0248825893847525,1,0,8761.975,8992.904999999999,30.17993060491608,-30.17993060491608,-0.00337583874227713,-0.0033815497424500964
FI--PK,FI,PK,4543.885658949807,10,5048.9,5030.0,5054.875,5034.223133333874,97.582386844257,9522.322222222221,4850.0,5200.0,5012.75,5117.5,104.75,19.0,0.019327454860317495,1,0,4988.1849999999995,5104.205,505.01434105019234,505.01434105019234,0.11114151608447655,0.10538787975945484
FI--PL,FI,PL,915.2000736428832,10,944.0,945.0,944.375,944.75,2.1081851067789197,4.444444444444445,940.0,945.0,945.0,945.0,0.0,0.0,0.0022332469351471606,2,0,942.5,945.0,28.79992635711676,28.79992635711676,0.03146844846994043,0.030983465053533284
FI--PT,FI,PT,3365.791975654019,10,3361.9,3360.0,3361.75,3360.6666666666665,2.4698178070456938,6.1,3360.0,3365.0,3360.0,3364.75,4.75,0.0,0.0007346493967832755,0,0,3360.5,3363.4,3.8919756540190065,-3.8919756540190065,-0.0011563327983936805,-0.0011570018669910277
FI--RU,FI,RU,895.568901558974,10,893.0,893.0,893.0,893.0,0.0,0.0,893.0,893.0,893.0,893.0,0.0,0.0,0.0,0,0,893.0,893.0,2.5689015589739483,-2.5689015589739483,-0.0028684577529457505,-0.0028725796621212603
FI--SA,FI,SA,4292.210711697853,10,4441.0,4417.5,4435.625,4429.423833333208,54.30367288580846,2948.888888888889,4380.0,4545.0,4411.25,4467.5,56.25,27.5,0.012227802946590512,0,0,4412.4875,4476.0,148.78928830214682,148.78928830214682,0.03466495433149199,0.034077658688373404
FI--SE,FI,SE,394.8329300638056,10,395.6,396.0,395.625,395.6,0.5163977794943223,0.2666666666666667,395.0,396.0,395.0,396.0,1.0,0.0,0.001305353335425486,0,0,395.3,395.9,0.7670699361944457,0.7670699361944457,0.0019427709235662945,0.001940886184817776
FI--SG,FI,SG,9269.41231436185,10,9262.0,9260.0,9261.875,9261.982928571446,8.232726023485645,67.77777777777776,9250.0,9275.0,9260.0,9268.75,8.75,7.5,0.0008888713046302791,0,0,9256.9875,9267.0,7.412314361850804,-7.412314361850804,-0.0007996531074970422,-0.0007999730005902826
FI--SN,FI,SN,6097.2656329221945,10,6181.5,6117.5,6166.875,6136.119500132519,119.00163397571013,14161.388888888889,6080.0,6400.0,6096.25,6256.25,160.0,37.5,0.019251255193029223,0,0,6115.9875,6255.0,84.23436707780547,84.23436707780547,0.013815105351976447,0.01372054668073674
FI--TH,FI,TH,7892.355050494185,10,7899.7,7900.0,7899.625,7899.555220000001,6.733828364641056,45.344444444444434,7890.0,7910.0,7897.75,7900.0,2.25,1.5,0.0008524157075130772,4,0,7895.9925,7904.0,7.344949505814839,7.344949505814839,0.0009306410391857536,0.00093020826130035
FI--TR,FI,TR,2318.7683066331742,10,2482.5,2480.0,2480.0,2480.3695714285714,21.245914639969936,451.38888888888886,2450.0,2535.0,2476.25,2485.0,8.75,5.0,0.008558273772394737,2,0,2471.4875,2496.0125,163.73169336682577,163.73169336682577,0.07061149356684211,0.06822997455079147
FI--TZ,FI,TZ,7418.969801469933,10,7521.3,7514.0,7529.75,7528.677611112158,95.2086013854724,9064.677777777779,7340.0,7635.0,7461.25,7608.75,147.5,77.5,0.012658529959644263,0,0,7466.775000000001,7572.3125,102.33019853006681,102.33019853006681,0.013793046914652753,0.013698788593702197
FI--UA,FI,UA,1140.0561693095046,10,1158.7,1160.0,1159.0,1159.55522,5.186520991955976,26.9,1150.0,1165.0,1157.75,1160.0,2.25,1.5,0.0044761551669595025,4,0,1155.5,1161.7,18.643830690495406,18.643830690495406,0.016353431692569476,0.01622115450414053
FI--US,FI,US,6946.711977616074,10,6960.0,6945.0,6956.25,6952.558857003979,58.02298395176403,3366.6666666666665,6900.0,7050.0,6911.25,7016.25,105.0,40.0,0.008336635625253453,0,0,6926.9875,6996.0125,13.288022383925636,13.288022383925636,0.0019128506301603898,0.00191102346109042
FI--VN,FI,VN,7500.56964538643,10,7816.7,7817.0,7817.125,7817.11497777778,3.1287200080686173,9.788888888888888,7810.0,7820.0,7815.0,7819.5,4.5,2.0,0.0004002609807295428,0,0,7814.7,7818.4,316.1303546135696,316.1303546135696,0.0421475127303191,0.04128350023121639
FI--ZA,FI,ZA,9522.764258248177,10,9784.5,9695.0,9737.5,9713.043333326306,205.79723030206213,42352.5,9635.0,10310.0,9667.5,9840.0,172.5,50.0,0.021032983831781097,1,0,9682.0,9909.5,261.7357417518233,261.7357417518233,0.027485269471531855,0.02711433100473968
FJ--FR,FJ,FR,16576.81749979109,10,16534.0,16550.0,16548.75,16551.66666666622,69.79334575094614,4871.111111111112,16350.0,16600.0,16542.5,16565.0,22.5,15.0,0.004221201509068958,3,0,16485.0,16568.0,42.817499791090086,-42.817499791090086,-0.002582974674821008,-0.0025863163093850293
FJ--GB,FJ,GB,16299.555426240808,10,16294.0,16300.0,16296.25,16299.57142857143,10.749676997731399,115.55555555555554,16270.0,16300.0,16292.5,16300.0,7.5,0.0,0.0006597322325844727,2,0,16287.0,16299.0,5.555426240807719,-5.555426240807719,-0.0003408329917921556,-0.0003408910885574909
FJ--GH,FJ,GH,18604.884835041765,10,19015.0,19000.0,19006.25,19015.000000000153,338.04996343407254,114277.77777777778,18650.0,19450.0,18670.0,19357.5,687.5,350.0,0.0177780680217761,0,0,18812.8,19214.5,410.11516495823525,410.11516495823525,0.022043413253802848,0.02180396960123785
FJ--GR,FJ,GR,16718.893493199037,10,16859.9,16802.5,16831.125,16804.83333334938,332.98496796235247,110878.9888888889,16470.0,17480.0,16678.0,16927.5,249.5,145.5,0.01975011524162969,2,0,16670.255,17075.1175,141.00650680096442,141.00650680096442,0.008433961664886703,0.008398594527786128
FJ--IN,FJ,IN,12028.323263938093,10,11688.0,11650.0,11675.0,11650.333333333334,75.2477389841198,5662.2222222222235,11630.0,11850.0,11650.0,11687.5,37.5,0.0,0.006438033793986979,2,0,11648.0,11738.0,340.3232639380931,-340.3232639380931,-0.028293491658842453,-0.028701466267687877
FJ--IT,FJ,IT,17055.863339691525,10,16955.5,16900.0,16911.875,16910.516250000328,153.4139280943335,23535.83333333333,16875.0,17385.0,16895.0,16937.5,42.5,25.0,0.009048033269106396,1,0,16895.0,17057.5125,100.36333969152474,-100.36333969152474,-0.005884389297255001,-0.005901770534809047
FJ--JP,FJ,JP,7219.789289468397,10,7152.5,7145.0,7148.75,7143.5465713939275,29.08321394435858,845.8333333333334,7125.0,7210.0,7135.0,7150.0,15.0,10.0,0.004066160635352476,2,0,7137.5,7171.5125,67.28928946839733,-67.28928946839733,-0.009320118187736186,-0.009363822252581549
FJ--KE,FJ,KE,15310.34174379079,10,15487.0,15497.5,15478.75,15478.750000127508,612.9944716082049,375762.2222222223,14620.0,16420.0,14981.25,15887.5,906.25,575.0,0.03958122758495544,0,0,15102.4875,15869.0875,176.65825620920987,176.65825620920987,0.011538492031430637,0.011472431307376822
FJ--KR,FJ,KR,8184.830871623246,10,8176.0,8160.0,8172.5,8163.217333333062,31.954829229884975,1021.1111111111112,8150.0,8230.0,8150.0,8196.25,46.25,10.0,0.003908369524203152,0,0,8159.4875,8197.0125,8.830871623245912,-8.830871623245912,-0.0010789314723487428,-0.0010795139379077062
FJ--MA,FJ,MA,18168.663542293107,10,18622.5,18722.5,18684.375,18710.163214778193,343.7638886083166,118173.61111111112,17800.0,18950.0,18582.5,18837.5,255.0,137.5,0.0184595993345854,1,0,18386.4875,18795.0,453.83645770689327,453.83645770689327,0.02497907766580907,0.02467220034868602
FJ--MX,FJ,MX,9915.918583166904,10,10642.0,10670.0,10637.5,10649.97842810255,207.139244631882,42906.66666666666,10350.0,10970.0,10505.0,10750.0,245.0,135.0,0.019464315413632964,0,0,10516.975,10773.0,726.0814168330962,726.0814168330962,0.07322381791896515,0.07066703268773405
FJ--MY,FJ,MY,8728.573834583456,10,8771.0,8800.0,8781.875,8788.710333330964,140.76773620242514,19815.555555555555,8475.0,8980.0,8701.25,8845.0,143.75,65.0,0.016049223144729806,1,0,8680.5,8844.5,42.42616541654388,42.42616541654388,0.004860606809379019,0.0048488321991871156
FJ--NG,FJ,NG,18616.55968810009,10,18688.5,18677.5,18677.5,18685.000000011718,268.98006948058026,72350.27777777778,18315.0,19150.0,18518.75,18850.0,331.25,172.5,0.01439281212941543,0,0,18535.4875,18851.1,71.94031189991074,71.94031189991074,0.0038643182792734675,0.0038568709810465123
FJ--NL,FJ,NL,16165.585758358455,10,16246.0,16250.0,16246.875,16247.5,24.81039208790453,615.5555555555557,16200.0,16285.0,16241.25,16250.0,8.75,7.5,0.0015271692778471334,4,0,16232.0,16261.0,80.41424164154523,80.41424164154523,0.004974409393112579,0.004962077896408722
FJ--NO,FJ,NO,15261.03378993224,10,15564.0,15577.5,15578.75,15583.68762473368,98.14388530225519,9632.22222222222,15350.0,15660.0,15548.75,15642.5,93.75,57.5,0.006305826606415779,1,0,15504.475,15616.0,302.9662100677597,302.9662100677597,0.019852273066037478,0.019657786479840914
FJ--NZ,FJ,NZ,2591.8075392647534,10,2588.0,2590.0,2587.5,2587.5000000000036,9.775252199076787,95.55555555555556,2575.0,2605.0,2581.25,2590.0,8.75,7.5,0.0037771453628581094,1,0,2582.5,2594.5,3.807539264753359,-3.807539264753359,-0.0014690671305916047,-0.0014701472677008994
FJ--PE,FJ,PE,11096.316981305765,10,10960.5,10925.0,10935.0,10937.071571422564,188.78927111700202,35641.38888888889,10750.0,11375.0,10850.0,11042.5,192.5,115.0,0.017224512669768897,1,0,10862.425,11082.0,135.81698130576478,-135.81698130576478,-0.012239825298302037,-0.012315348856120007
FJ--PH,FJ,PH,7270.00795998326,10,7111.0,7112.5,7110.0,7110.39442862355,21.576736443576344,465.55555555555554,7080.0,7150.0,7096.25,7123.75,27.5,15.0,0.0030342759729400006,0,0,7098.9875,7123.0,159.00795998325975,-159.00795998325975,-0.021871772473771253,-0.022114505551736524
FJ--PK,FJ,PK,12498.588968944085,10,13145.5,13187.5,13155.625,13155.622358400953,301.3990525680014,90841.38888888889,12660.0,13550.0,12932.5,13325.0,392.5,252.5,0.022927926101555772,0,0,12961.45,13314.5875,646.9110310559154,646.9110310559154,0.05175872513795997,0.05046373928290153
FJ--PL,FJ,PL,15740.327157401141,10,15800.5,15800.0,15809.375,15802.732857143958,117.29473797044587,13758.055555555555,15550.0,15980.0,15752.5,15847.5,95.0,50.0,0.00742348267272845,1,0,15730.9875,15866.5,60.17284259885855,60.17284259885855,0.0038228457386646586,0.0038155572332097
FJ--PT,FJ,PT,17608.392189885468,10,17752.0,17650.0,17723.125,17703.2875000143,356.46567545526426,127067.7777777778,17350.0,18385.0,17466.25,17922.5,456.25,250.0,0.020080310694866172,0,0,17560.95,17969.5625,143.60781011453219,143.60781011453219,0.008155645817397384,0.008122568262229957
FJ--RU,FJ,RU,14698.654341884276,10,14763.0,14555.0,14740.625,14621.851600693413,336.2142174269256,113039.99999999999,14430.0,15275.0,14522.5,15072.5,550.0,110.0,0.022774112133504408,0,0,14576.9875,14970.05,64.34565811572429,64.34565811572429,0.004377656390787374,0.004368102325843613
FJ--SA,FJ,SA,14993.206576183224,10,15004.5,14915.0,15005.0,15001.485785720799,240.80247783885724,57985.833333333336,14685.0,15320.0,14850.0,15251.25,401.25,192.5,0.01604868391741526,0,0,14865.475,15141.5125,11.29342381677634,11.29342381677634,0.0007532360579034504,0.000752952517996708
FJ--SE,FJ,SE,15161.365121374429,10,15526.5,15550.0,15534.375,15544.398666667224,84.0320705974147,7061.388888888889,15360.0,15630.0,15478.75,15577.5,98.75,40.0,0.005412170843230264,0,0,15479.5,15572.0125,365.1348786255712,365.1348786255712,0.02408324551928412,0.02379781776552699
FJ--SG,FJ,SG,8434.22672283059,10,8296.0,8300.0,8298.125,8299.75,8.755950357709132,76.66666666666667,8275.0,8300.0,8300.0,8300.0,0.0,0.0,0.0010554424249890467,2,0,8290.5,8300.0,138.22672283059,-138.22672283059,-0.016388784339461067,-0.01652456604087714
FJ--SN,FJ,SN,18292.51736528745,10,18936.5,18950.0,18900.0,18922.47866666102,351.9315747888122,123855.83333333333,18440.0,19725.0,18717.5,19025.0,307.5,140.0,0.018584826910401194,1,0,18739.0,19156.075,643.982634712549,643.982634712549,0.03520470265807122,0.03459918750734085
FJ--TH,FJ,TH,9249.359232089999,10,9436.0,9455.0,9441.875,9446.52799999783,91.43303560529968,8359.999999999998,9245.0,9580.0,9405.0,9478.75,73.75,40.0,0.009689808775466265,1,0,9376.9875,9486.5,186.64076791000116,186.64076791000116,0.020178778143080896,0.019977884627011482
FJ--TR,FJ,TR,15929.245910545002,10,16252.5,16227.5,16242.5,16244.97811111199,186.59596875483552,34818.055555555555,16035.0,16550.0,16098.75,16408.75,310.0,155.0,0.011481062529139241,0,0,16146.4375,16374.0,323.2540894549984,323.2540894549984,0.020293119415088406,0.020089957988339322
FJ--TZ,FJ,TZ,15125.289672800167,10,15525.0,15582.5,15515.625,15551.051500011952,414.6216481457657,171911.11111111112,14865.0,16260.0,15317.5,15710.0,392.5,207.5,0.026706708415186194,0,0,15289.4375,15747.025,399.71032719983305,399.71032719983305,0.02642662295047696,0.026083472165360878
FJ--UA,FJ,UA,15437.65678215794,10,15699.5,15670.0,15680.0,15680.833333318224,292.0754278530728,85308.05555555555,15320.0,16235.0,15511.25,15847.5,336.25,207.5,0.01860412292449268,0,0,15526.9875,15878.5,261.84321784206077,261.84321784206077,0.01696133173168391,0.016819094447489594
FJ--US,FJ,US,12497.831524726587,10,11971.5,11815.0,11946.25,11861.974166677724,369.0080547148591,136166.94444444444,11585.0,12560.0,11696.25,12308.75,612.5,162.5,0.03082387793633706,0,0,11769.5,12203.5,526.3315247265873,-526.3315247265873,-0.04211382780166752,-0.04302632623529368
FJ--VN,FJ,VN,9022.601376117009,10,8488.5,8417.5,8470.625,8467.42900001538,212.48594724775984,45150.277777777774,8240.0,8880.0,8336.25,8610.0,273.75,160.0,0.025032213847883587,0,0,8380.9375,8612.0875,534.1013761170088,-534.1013761170088,-0.05919594071071176,-0.06102038712632591
FJ--ZA,FJ,ZA,14189.452435443198,10,14341.5,14387.5,14340.0,14341.5000000059,415.4184637206199,172572.5,13850.0,14845.0,13950.0,14721.25,771.25,400.0,0.028966179529381162,0,0,14102.9875,14588.0875,152.04756455680217,152.04756455680217,0.010715534320197541,0.010658529843031613
FR--GB,FR,GB,341.1497977927973,10,344.0,344.0,344.0,344.0,0.0,0.0,344.0,344.0,344.0,344.0,0.0,0.0,0.0,0,0,344.0,344.0,2.850202207202699,2.850202207202699,0.008354694112800893,0.008319986834412315
FR--GH,FR,GH,4807.153141334028,10,4822.2,4822.0,4822.125,4822.2,2.2010098692292237,4.844444444444444,4820.0,4825.0,4820.0,4824.5,4.5,2.0,0.000456432721419523,0,0,4821.0,4823.5,15.04685866597174,15.04685866597174,0.003130097632337151,0.0031252090751941867
FR--GR,FR,GR,2101.148656258638,10,2097.4,2097.0,2097.25,2097.25,1.07496769977314,1.155555555555556,2096.0,2100.0,2097.0,2097.75,0.75,0.0,0.0005125239342868027,1,0,2096.8,2098.1,3.748656258637766,-3.748656258637766,-0.001784098544132867,-0.0017856919434100392
FR--IN,FR,IN,6600.894573294016,10,6582.5,6582.5,6582.5,6582.5,2.6352313834736494,6.944444444444444,6580.0,6585.0,6580.0,6585.0,5.0,2.5,0.0004003389872348879,0,0,6581.0,6584.0,18.394573294015572,-18.394573294015572,-0.002786678849323935,-0.002790568867329901
FR--IT,FR,IT,1108.1927290162205,10,1105.1,1105.0,1105.0,1105.1,0.31622776601683794,0.1,1105.0,1106.0,1105.0,1105.0,0.0,0.0,0.0002861530775647796,1,0,1105.0,1105.3,3.0927290162205736,-3.0927290162205736,-0.0027907862371251,-0.002794687741569752
FR--JP,FR,JP,9737.965704971102,10,9710.7,9710.0,9710.25,9710.333333333334,1.567021236472421,2.4555555555555553,9710.0,9715.0,9710.0,9710.75,0.75,0.0,0.00016137057436358047,1,0,9710.0,9711.7,27.265704971101513,-27.265704971101513,-0.002799938487890005,-0.0028038656479085723
FR--KE,FR,KE,6470.452307387349,10,6481.0,6480.0,6480.625,6480.25,2.1081851067789197,4.444444444444445,6480.0,6485.0,6480.0,6480.0,0.0,0.0,0.00032528700922371853,2,0,6480.0,6482.5,10.54769261265119,10.54769261265119,0.0016301321934803282,0.001628804970166828
FR--KR,FR,KR,8989.261845586849,10,8965.1,8965.0,8965.0,8965.1,0.31622776601683794,0.1,8965.0,8966.0,8965.0,8965.0,0.0,0.0,3.527320007772785e-05,1,0,8965.0,8965.3,24.161845586848358,-24.161845586848358,-0.002687856467181482,-0.002691475239323527
FR--MA,FR,MA,1814.6775669616386,10,1820.0,1820.0,1820.25,1820.142857142857,2.0548046676563256,4.222222222222223,1815.0,1823.0,1820.0,1820.0,0.0,0.0,0.0011290135536573217,3,0,1818.7,1821.1,5.322433038361396,5.322433038361396,0.00293299103667925,0.002928698210301166
FR--MX,FR,MX,9207.427444723564,10,9198.5,9200.0,9199.375,9199.75000000214,3.3747427885527643,11.388888888888888,9190.0,9200.0,9200.0,9200.0,0.0,0.0,0.0003668796856610061,2,0,9196.5,9200.0,8.927444723563895,-8.927444723563895,-0.000969591645132092,-0.0009700620031726575
FR--MY,FR,MY,10429.064210826338,10,10417.0,10405.0,10416.25,10406.608666666742,20.027758514399736,401.1111111111111,10400.0,10440.0,10400.0,10440.0,40.0,5.0,0.0019226032940769641,0,0,10405.0,10429.0,12.06421082633824,-12.06421082633824,-0.0011567874722465,-0.0011574570673103606
FR--NG,FR,NG,4437.067941067861,10,4471.5,4477.5,4473.125,4476.695666666711,11.067971810589327,122.49999999999999,4450.0,4480.0,4462.5,4480.0,17.5,2.5,0.002475225720807185,0,0,4465.0,4477.5,34.432058932138716,34.432058932138716,0.007760092788629243,0.007730138136040171
FR--NL,FR,NL,428.39172758992953,10,430.0,430.0,430.0,430.0,0.0,0.0,430.0,430.0,430.0,430.0,0.0,0.0,0.0,0,0,430.0,430.0,1.6082724100704695,1.6082724100704695,0.0037542097722530255,0.0037471803146251364
FR--NO,FR,NO,1343.5166138500856,10,1342.9,1343.0,1343.0,1342.8999999999953,1.8529256146249728,3.4333333333333336,1340.0,1345.0,1341.25,1344.75,3.5,2.0,0.0013797941876721816,0,0,1341.7,1343.9,0.6166138500855141,-0.6166138500855141,-0.0004589551358940754,-0.00045906048803833247
FR--NZ,FR,NZ,18980.580816307895,10,18984.0,18990.0,18986.25,18988.793499999934,20.11080417199781,404.4444444444445,18950.0,19000.0,18980.0,19000.0,20.0,10.0,0.0010593554662872845,0,0,18972.0,18994.0,3.4191836921054346,3.4191836921054346,0.00018014115190656926,0.000180124928437685
FR--PE,FR,PE,10245.869499110875,10,10261.5,10260.0,10261.25,10260.42857142857,2.41522945769824,5.833333333333334,10260.0,10265.0,10260.0,10263.75,3.75,0.0,0.00023536807072048333,0,0,10260.0,10263.0,15.63050088912496,15.63050088912496,0.0015255416722300978,0.0015243792156338018
FR--PH,FR,PH,10757.705538010932,10,10740.0,10740.0,10740.0,10740.0,0.0,0.0,10740.0,10740.0,10740.0,10740.0,0.0,0.0,0.0,0,0,10740.0,10740.0,17.705538010932287,-17.705538010932287,-0.001645847058034086,-0.0016472029522371593
FR--PK,FR,PK,5940.239053946842,10,5913.5,5912.5,5913.125,5912.801624992071,4.1163630117428225,16.94444444444444,5910.0,5920.0,5910.0,5915.0,5.0,2.5,0.0006960958842889697,0,0,5911.5,5916.0,26.739053946842432,-26.739053946842432,-0.00450134307794841,-0.0045115046279155715
FR--PL,FR,PL,1370.8305434249735,10,1367.0,1367.0,1367.0,1367.0,0.0,0.0,1367.0,1367.0,1367.0,1367.0,0.0,0.0,0.0,0,0,1367.0,1367.0,3.8305434249734844,-3.8305434249734844,-0.0027943230790605247,-0.0027982344879884245
FR--PT,FR,PT,1453.915618536448,10,1451.7,1452.5,1451.75,1452.1666666666847,1.4944341180973262,2.233333333333333,1450.0,1453.0,1450.0,1453.0,3.0,0.5,0.0010294372928961399,0,0,1450.9,1452.5025,2.2156185364478915,-2.2156185364478915,-0.0015238976101503022,-0.0015250599230940598
FR--RU,FR,RU,2494.0210488381886,10,2485.0,2485.0,2485.0,2485.0,0.0,0.0,2485.0,2485.0,2485.0,2485.0,0.0,0.0,0.0,0,0,2485.0,2485.0,9.021048838188563,-9.021048838188563,-0.0036170700493449786,-0.0036236274644110998
FR--SA,FR,SA,4695.389253154605,10,4667.5,4670.0,4667.5,4667.517399982211,5.892556509887896,34.72222222222222,4660.0,4675.0,4661.25,4670.0,8.75,5.0,0.0012624652404687512,0,0,4664.0,4671.0,27.889253154605285,-27.889253154605285,-0.005939710565182182,-0.005957420809955856
FR--SE,FR,SE,1549.2891494547255,10,1544.1,1544.0,1544.0,1544.1,0.31622776601683794,0.1,1544.0,1545.0,1544.0,1544.0,0.0,0.0,0.00020479746520098307,1,0,1544.0,1544.3,5.189149454725566,-5.189149454725566,-0.0033493744253949593,-0.0033549961362353236
FR--SG,FR,SG,10742.404770656647,10,10735.5,10735.0,10735.0,10735.111111111111,1.5811388300841898,2.5000000000000004,10735.0,10740.0,10735.0,10735.0,0.0,0.0,0.0001472813404204918,1,0,10735.0,10736.5,6.904770656647088,-6.904770656647088,-0.0006427583771101024,-0.0006429650348345484
FR--SN,FR,SN,4197.9762876720815,10,4200.0,4200.0,4200.0,4200.0,0.0,0.0,4200.0,4200.0,4200.0,4200.0,0.0,0.0,0.0,0,0,4200.0,4200.0,2.0237123279184743,2.0237123279184743,0.0004820685466617275,0.00048195238894908714
FR--TH,FR,TH,9456.38937182292,10,9440.2,9440.0,9440.125,9440.2,0.4216370213557839,0.17777777777777778,9440.0,9441.0,9440.0,9440.0,0.0,0.0,4.4663992431917105e-05,2,0,9440.0,9440.5,16.189371822918474,-16.189371822918474,-0.0017120035127950353,-0.0017134706655618118
FR--TR,FR,TR,2605.2100576102166,10,2599.4,2600.0,2599.5,2599.5714285737718,0.9660917830792959,0.9333333333333333,2598.0,2600.0,2598.5,2600.0,1.5,0.0,0.00037165953030672305,0,0,2598.8,2600.0,5.810057610216518,-5.810057610216518,-0.0022301685782474437,-0.002232659107747205
FR--TZ,FR,TZ,6910.826312650359,10,6870.5,6860.0,6872.5,6870.499999999914,89.6428097135143,8035.833333333333,6745.0,6980.0,6793.75,6962.5,168.75,85.0,0.01304749431824675,0,0,6823.0,6926.5125,40.32631265035889,-40.32631265035889,-0.005835237470306704,-0.005852328989622523
FR--UA,FR,UA,2030.3165458301612,10,2024.7,2025.0,2024.75,2024.7,0.48304589153964794,0.23333333333333334,2024.0,2025.0,2024.25,2025.0,0.75,0.0,0.00023857652567770433,0,0,2024.4,2025.0,5.616545830161158,-5.616545830161158,-0.0027663399787074333,-0.002770173368417987
FR--US,FR,US,6177.576314828088,10,6165.6,6165.0,6165.375,6164.8571428548,2.4129281427805145,5.822222222222223,6163.0,6170.0,6164.25,6165.0,0.75,0.5,0.0003913533383256316,3,0,6164.3,6167.0,11.976314828087197,-11.976314828087197,-0.0019386753344253068,-0.0019405569978009746
FR--VN,FR,VN,9212.23431863868,10,9206.0,9210.0,9206.25,9209.333333333352,5.163977794943222,26.666666666666664,9200.0,9210.0,9200.0,9210.0,10.0,0.0,0.0005609361063375214,0,0,9203.0,9209.0,6.234318638680634,-6.234318638680634,-0.0006767433852683306,-0.0006769724794375781
FR--ZA,FR,ZA,8652.154951764032,10,8695.5,8700.0,8696.25,8699.571428573772,7.245688373094719,52.49999999999999,8685.0,8700.0,8688.75,8700.0,11.25,0.0,0.0008332687451089321,0,0,8691.0,8700.0,43.345048235967624,43.345048235967624,0.005009740171970716,0.004997233177478349
GB--GH,GB,GH,5094.01108636096,10,5100.0,5100.0,5100.0,5100.0,0.0,0.0,5100.0,5100.0,5100.0,5100.0,0.0,0.0,0.0,0,0,5100.0,5100.0,5.98891363904022,5.98891363904022,0.0011756773861516185,0.001174986818696752
GB--GR,GB,GR,2394.3235623248843,10,2391.0,2391.0,2391.0,2391.0,0.0,0.0,2391.0,2391.0,2391.0,2391.0,0.0,0.0,0.0,0,0,2391.0,2391.0,3.3235623248842785,-3.3235623248842785,-0.0013881007467750537,-0.0013890650510876804
GB--IN,GB,IN,6724.002102971842,10,6710.0,6710.0,6710.0,6710.0,0.0,0.0,6710.0,6710.0,6710.0,6710.0,0.0,0.0,0.0,0,0,6710.0,6710.0,14.00210297184185,-14.00210297184185,-0.0020824060964605095,-0.0020845773188038603
GB--IT,GB,IT,1434.2026285343118,10,1435.0,1435.0,1435.0,1435.0,0.0,0.0,1435.0,1435.0,1435.0,1435.0,0.0,0.0,0.0,0,0,1435.0,1435.0,0.7973714656882294,0.7973714656882294,0.0005559684871747208,0.000555813993954986
GB--JP,GB,JP,9584.855356731166,10,9559.1,9560.0,9559.375,9559.625,1.66332999331662,2.7666666666666666,9556.0,9560.0,9559.25,9560.0,0.75,0.0,0.00017400487423676077,2,0,9558.0,9559.9,25.755356731166103,-25.755356731166103,-0.0026870887220096507,-0.002690705425297548
GB--KE,GB,KE,6804.487905463708,10,6819.0,6819.0,6819.375,6819.333333333333,1.4907119849998598,2.2222222222222223,6815.0,6820.0,6819.0,6820.0,1.0,0.5,0.0002186115244170494,1,0,6818.0,6819.7,14.512094536292352,14.512094536292352,0.002132723981277088,0.002130452953896828
GB--KR,GB,KR,8880.920559408663,10,8858.8,8858.0,8858.75,8858.666666666666,1.0327955589886444,1.0666666666666664,8858.0,8860.0,8858.0,8860.0,2.0,0.0,0.00011658413769231097,0,0,8858.2,8859.4,22.12055940866412,-22.12055940866412,-0.0024907957751326873,-0.002493902967589658
GB--MA,GB,MA,2015.6973939359636,10,2038.2,2077.5,2042.75,2076.695666666739,54.07977646239139,2924.6222222222223,1960.0,2080.0,1992.75,2080.0,87.25,2.5,0.02653310590834628,0,0,2006.4925,2067.5,22.5026060640364,22.5026060640364,0.011163682669697037,0.011101828684102557
GB--MX,GB,MX,8941.67963886513,10,8930.0,8930.0,8930.0,8930.0,0.0,0.0,8930.0,8930.0,8930.0,8930.0,0.0,0.0,0.0,0,0,8930.0,8930.0,11.679638865129164,-11.679638865129164,-0.0013062018923562704,-0.0013070557176412276
GB--MY,GB,MY,10548.649921719485,10,10569.5,10560.0,10567.5,10560.42857142857,15.356865999719258,235.83333333333334,10560.0,10595.0,10560.0,10582.5,22.5,0.0,0.001452941577153059,0,0,10560.0,10579.0,20.850078280514936,20.850078280514936,0.001976563677365479,0.0019746128455859404
GB--NG,GB,NG,4755.038491838242,10,4772.6,4772.5,4773.25,4772.902166666681,5.87272414547873,34.48888888888888,4760.0,4780.0,4770.0,4777.25,7.25,2.5,0.0012305083487991304,0,0,4769.3,4776.1,17.561508161757956,17.561508161757956,0.003693242061426275,0.0036864387885744213
GB--NL,GB,NL,358.8427946807068,10,357.6,358.0,357.625,357.6,0.5163977794943223,0.2666666666666667,357.0,358.0,357.0,358.0,1.0,0.0,0.0014440653788991115,0,0,357.3,357.9,1.2427946807067656,-1.2427946807067656,-0.0034633402122859584,-0.0034693514583389613
GB--NO,GB,NO,1156.4942725896335,10,1153.0,1153.0,1153.0,1153.0,0.0,0.0,1153.0,1153.0,1153.0,1153.0,0.0,0.0,0.0,0,0,1153.0,1153.0,3.4942725896335105,-3.4942725896335105,-0.0030214352742180908,-0.0030260090249608356
GB--NZ,GB,NZ,18806.422712162086,10,18805.0,18800.0,18800.0,18800.11111111111,15.811388300841896,250.0,18800.0,18850.0,18800.0,18800.0,0.0,0.0,0.0008408076735358626,1,0,18800.0,18815.0,1.4227121620860999,-1.4227121620860999,-7.565033413643489e-05,-7.565319576732954e-05
GB--PE,GB,PE,10161.714666151413,10,10156.0,10150.0,10155.625,10150.666666666666,7.745966692414834,60.00000000000001,10150.0,10165.0,10150.0,10165.0,15.0,0.0,0.0007626985715256827,0,0,10151.5,10160.5,5.71466615141253,-5.71466615141253,-0.0005623722313762692,-0.0005625304219503117
GB--PH,GB,PH,10748.092828515446,10,10736.5,10735.0,10736.25,10735.42857142857,2.41522945769824,5.833333333333334,10735.0,10740.0,10735.0,10738.75,3.75,0.0,0.00022495500933248635,0,0,10735.0,10738.0,11.592828515445945,-11.592828515445945,-0.0010785940073656003,-0.0010791761084868454
GB--PK,GB,PK,6053.923906825333,10,6044.5,6050.0,6045.625,6049.333333333333,7.6194196337749736,58.05555555555555,6030.0,6050.0,6040.0,6050.0,10.0,0.0,0.0012605541622590741,0,0,6039.5,6049.0,9.423906825332779,-9.423906825332779,-0.0015566609310546586,-0.0015578737865150206
GB--PL,GB,PL,1451.4527915116341,10,1450.0,1450.0,1450.0,1450.0,0.0,0.0,1450.0,1450.0,1450.0,1450.0,0.0,0.0,0.0,0,0,1450.0,1450.0,1.452791511634132,-1.452791511634132,-0.001000922331150091,-0.0010014235884142602
GB--PT,GB,PT,1584.9632431063264,10,1585.0,1585.0,1585.0,1585.0,0.0,0.0,1585.0,1585.0,1585.0,1585.0,0.0,0.0,0.0,0,0,1585.0,1585.0,0.03675689367355517,0.03675689367355517,2.3191007005005573e-05,2.319073809774019e-05
GB--RU,GB,RU,2508.045616571664,10,2500.1,2500.0,2500.0,2500.1,0.31622776601683794,0.1,2500.0,2501.0,2500.0,2500.0,0.0,0.0,0.0001264860469648566,1,0,2500.0,2500.3,7.945616571664232,-7.945616571664232,-0.003168051059025543,-0.0031730799567938656
GB--SA,GB,SA,4954.835444629185,10,4939.5,4945.0,4941.25,4944.857142857143,13.006408676751114,169.16666666666666,4915.0,4950.0,4945.0,4945.0,0.0,0.0,0.002633142762779859,3,0,4930.5,4946.0,15.335444629185076,-15.335444629185076,-0.0030950462029587676,-0.003099845764259102
GB--SE,GB,SE,1439.0693652990349,10,1433.0,1433.0,1433.0,1433.0,0.0,0.0,1433.0,1433.0,1433.0,1433.0,0.0,0.0,0.0,0,0,1433.0,1433.0,6.069365299034871,-6.069365299034871,-0.004217562714757445,-0.004226481718857125
GB--SG,GB,SG,10859.201604289969,10,10857.0,10850.0,10854.375,10850.25,14.757295747452437,217.77777777777777,10850.0,10885.0,10850.0,10850.0,0.0,0.0,0.0013592424930876335,2,0,10850.0,10867.5,2.2016042899686,-2.2016042899686,-0.00020274089847441894,-0.00020276145318857657
GB--SN,GB,SN,4365.305947198292,10,4382.0,4385.0,4384.375,4384.655285731629,12.516655570345725,156.66666666666666,4350.0,4395.0,4381.25,4388.75,7.5,5.0,0.002856379637230882,1,0,4374.0,4388.0,16.694052801707585,16.694052801707585,0.0038242572235794915,0.00381696334179608
GB--TH,GB,TH,9543.363933383182,10,9535.7,9538.5,9535.875,9538.01740000004,4.9899899799498595,24.9,9530.0,9540.0,9530.0,9540.0,10.0,1.5,0.0005232956133215033,0,0,9532.7,9538.7,7.663933383180847,-7.663933383180847,-0.000803064143490537,-0.0008033867722390813
GB--TR,GB,TR,2839.1944811374397,10,2833.1,2831.5,2833.25,2831.7412999999874,5.237683966538391,27.433333333333334,2825.0,2840.0,2830.0,2838.25,8.25,1.5,0.0018487465908504435,0,0,2829.9,2836.3,6.094481137439743,-6.094481137439743,-0.0021465528965800783,-0.0021488600434487605
GB--TZ,GB,TZ,7248.407455210976,10,7387.5,7400.0,7396.875,7396.666666668547,72.73429574676432,5290.277777777778,7225.0,7475.0,7356.25,7428.75,72.5,40.0,0.009845589948800585,1,0,7347.4875,7426.5,139.09254478902403,139.09254478902403,0.0191893937597325,0.019007599344931327
GB--UA,GB,UA,2139.351912362843,10,2134.4,2134.0,2134.375,2134.4,0.5163977794943223,0.2666666666666667,2134.0,2135.0,2134.0,2135.0,1.0,0.0,0.00024194048889351682,0,0,2134.1,2134.7,4.951912362842904,-4.951912362842904,-0.002314678727808592,-0.002317361737618448
GB--US,GB,US,5912.468929291367,10,5918.0,5918.0,5918.0,5918.0,0.0,0.0,5918.0,5918.0,5918.0,5918.0,0.0,0.0,0.0,0,0,5918.0,5918.0,5.531070708632797,5.531070708632797,0.0009354925623762589,0.000935055261915521
GB--VN,GB,VN,9249.152997948202,10,9230.5,9230.0,9230.0,9230.111111111111,1.5811388300841898,2.5000000000000004,9230.0,9235.0,9230.0,9230.0,0.0,0.0,0.0001712950360310048,1,0,9230.0,9231.5,18.652997948202028,-18.652997948202028,-0.0020167249857732856,-0.0020187613138772332
GB--ZA,GB,ZA,8991.386014264714,10,9115.0,9060.0,9113.75,9087.030200001607,99.61035198322624,9922.222222222223,9000.0,9240.0,9041.25,9226.25,185.0,45.0,0.01092817904368911,0,0,9059.9875,9175.0125,123.6139857352864,123.6139857352864,0.0137480456894159,0.013654398642338531
GH--GR,GH,GR,4333.583803793776,10,4235.5,4215.0,4236.875,4222.203356983875,117.93241944247373,13908.055555555557,4030.0,4430.0,4182.5,4272.5,90.0,47.5,0.027843801072476384,3,0,4165.475,4302.0125,98.08380379377559,-98.08380379377559,-0.022633415721165815,-0.02289348310903894
GH--IN,GH,IN,8492.768279138134,10,9064.0,9125.0,9073.75,9104.369666667884,167.80941570722425,28160.0,8720.0,9330.0,9002.5,9137.5,135.0,35.0,0.018513836684380433,1,0,8947.0,9156.175,571.231720861866,571.231720861866,0.06726095686197575,0.06509551304687572
GH--IT,GH,IT,4218.672595049595,10,4217.0,4230.0,4229.375,4228.916142856962,47.03426646841877,2212.222222222222,4085.0,4250.0,4225.0,4230.0,5.0,5.0,0.011153489795688587,3,0,4186.5,4235.5,1.6725950495947473,-1.6725950495947473,-0.0003964742491648808,-0.0003965528658603666
GH--JP,GH,JP,13827.443948540278,10,13630.0,13650.0,13625.625,13625.625000000113,63.68324391514267,4055.5555555555557,13550.0,13745.0,13568.75,13668.75,100.0,47.5,0.00467228495342206,0,0,13593.0,13666.525,197.44394854027814,-197.44394854027814,-0.01427913570107957,-0.014382063547929095
GH--KE,GH,KE,4185.899181902206,10,4207.0,4200.0,4205.0,4200.428571428572,11.832159566199232,140.0,4200.0,4230.0,4200.0,4211.25,11.25,0.0,0.002812493360161453,1,0,4200.0,4214.5,21.100818097794217,21.100818097794217,0.005040928407694075,0.0050282654655826944
GH--KR,GH,KR,12769.069776916134,10,12702.5,12712.5,12715.625,12715.823625004548,145.47336525976155,21162.5,12450.0,12850.0,12642.5,12830.0,187.5,117.5,0.011452341291852908,0,0,12611.5,12784.0125,66.56977691613429,-66.56977691613429,-0.0052133615117742425,-0.005226998497908171
GH--MA,GH,MA,3225.75627215081,10,3147.5,3140.0,3145.0,3142.500000000212,18.29541533341679,334.72222222222223,3130.0,3185.0,3140.0,3148.75,8.75,7.5,0.005812681599179283,2,0,3138.0,3159.0,78.25627215081022,-78.25627215081022,-0.024259821743640893,-0.02455893881234104
GH--MX,GH,MX,10742.674108313797,10,10651.5,10665.0,10648.125,10648.125000000762,117.52186557781019,13811.388888888887,10480.0,10850.0,10550.0,10722.5,172.5,112.5,0.011033362960879705,0,0,10584.9875,10721.5125,91.17410831379675,-91.17410831379675,-0.008487096173124787,-0.00852331665727599
GH--MY,GH,MY,11302.266760638768,10,11500.5,11535.0,11519.375,11534.164714283881,193.54083691964223,37458.05555555555,11100.0,11750.0,11450.0,11635.0,185.0,95.0,0.016828906301434046,1,0,11378.975,11602.0125,198.23323936123234,198.23323936123234,0.01753924620250503,0.01738720879715629
GH--NG,GH,NG,940.6043456313404,10,912.5,915.0,912.5,913.0419285626604,6.7700320038633,45.833333333333336,900.0,925.0,910.0,915.0,5.0,2.5,0.0074192131549186855,2,0,908.5,916.5,28.10434563134038,-28.10434563134038,-0.029879030180831816,-0.03033450410671638
GH--NL,GH,NL,5209.997387819868,10,5219.7,5220.0,5220.875,5220.630428571394,8.680117766738215,75.34444444444442,5200.0,5230.0,5216.25,5224.25,8.0,5.0,0.0016629533817533989,1,0,5214.0,5224.402499999999,9.702612180131837,9.702612180131837,0.0018623065345128535,0.001860574591637651
GH--NO,GH,NO,6102.669610187801,10,5965.5,5965.0,5966.25,5965.0,11.890705987824646,141.38888888888889,5940.0,5985.0,5965.0,5965.0,0.0,0.0,0.001993245492888215,4,0,5957.5,5972.0,137.16961018780057,-137.16961018780057,-0.022476984491968815,-0.02273344212304361
GH--NZ,GH,NZ,16013.257226333824,10,16234.5,16275.0,16214.375,16217.347333315493,621.8496156181528,386696.94444444444,15485.0,17145.0,15602.5,16737.5,1135.0,510.0,0.03830420497201348,0,0,15879.85,16606.55,221.2427736661757,221.2427736661757,0.013816225552309349,0.013721651615658453
GH--PE,GH,PE,8721.901447825489,10,9134.0,9090.0,9124.375,9107.509143551162,228.5436987147583,52232.22222222222,8825.0,9520.0,8963.75,9245.0,281.25,140.0,0.025021206340569115,0,0,9012.9875,9284.0125,412.0985521745115,412.0985521745115,0.04724870541586484,0.04616644466937065
GH--PH,GH,PH,13172.528062047224,10,13439.5,13535.0,13477.5,13528.500142850311,302.5672560678773,91546.94444444442,12850.0,13725.0,13412.5,13650.0,237.5,115.0,0.022513282195608265,2,0,13241.9375,13595.025,266.971937952776,266.971937952776,0.020267327326633475,0.020064678572091158
GH--PK,GH,PK,8135.24807147375,10,7469.5,7470.0,7476.25,7482.4999999904985,196.2913084621369,38530.277777777774,7110.0,7775.0,7401.25,7570.0,168.75,97.5,0.026279042568061704,1,0,7344.0,7570.0125,665.7480714737503,-665.7480714737503,-0.08183500559843972,-0.08537817204801743
GH--PL,GH,PL,5532.277420091532,10,5238.5,5230.0,5236.25,5232.87316666666,19.443650777453175,378.0555555555555,5220.0,5275.0,5225.0,5243.75,18.75,7.5,0.0037116828820183594,1,0,5228.5,5251.0,293.7774200915319,-293.7774200915319,-0.05310243825167237,-0.05456436297928271
GH--PT,GH,PT,3782.929500075035,10,3811.5,3810.0,3811.25,3810.4285714285716,2.41522945769824,5.833333333333334,3810.0,3815.0,3810.0,3813.75,3.75,0.0,0.0006336690168433005,0,0,3810.4875,3813.0,28.570499924965134,28.570499924965134,0.007552480141223471,0.007524102952288625
GH--RU,GH,RU,6496.545506137951,10,6364.5,6280.0,6329.375,6301.910700019069,237.24635578514864,56285.83333333333,6135.0,6875.0,6231.25,6442.5,211.25,97.5,0.037276511239712255,1,0,6243.0,6515.0375,132.04550613795072,-132.04550613795072,-0.020325495451881902,-0.0205349007038392
GH--SA,GH,SA,5439.21139413924,10,5292.0,5267.5,5293.75,5292.363285446078,92.74217547109357,8601.111111111111,5125.0,5445.0,5245.0,5361.25,116.25,55.0,0.017524976468460615,0,0,5239.0,5344.0125,147.21139413923993,-147.21139413923993,-0.027064841476442794,-0.027437839794160795
GH--SE,GH,SE,6169.917069641088,10,6112.5,6110.0,6111.875,6111.17749999977,20.84999333866134,434.7222222222222,6080.0,6150.0,6100.0,6126.25,26.25,12.5,0.00341104185499572,0,0,6100.5,6125.0,57.41706964108835,-57.41706964108835,-0.009305971051638199,-0.009349542125018205
GH--SG,GH,SG,11563.025739001863,10,11560.0,11600.0,11561.875,11560.682500000845,144.16425816870606,20783.333333333332,11350.0,11755.0,11453.75,11637.5,183.75,137.5,0.012470956588988414,0,0,11472.9875,11643.5,3.0257390018632577,-3.0257390018632577,-0.00026167363717417825,-0.00026170787969412285
GH--SN,GH,SN,2143.667997107388,10,2109.0,2100.0,2107.5,2100.4285714262282,14.491376746189438,209.99999999999997,2100.0,2130.0,2100.0,2122.5,22.5,0.0,0.006871207561019174,0,0,2100.0,2118.0,34.667997107388146,-34.667997107388146,-0.016172279081540737,-0.016304477625659754
GH--TH,GH,TH,11025.064322158887,10,11647.0,11695.0,11659.375,11670.409833356995,218.9901063214196,47956.666666666664,11270.0,11925.0,11487.5,11821.25,333.75,142.5,0.018802275806767375,0,0,11500.9625,11770.05,621.9356778411129,621.9356778411129,0.05641107023667031,0.05487738059520113
GH--TR,GH,TR,5045.437421948046,10,4991.5,4930.0,4976.875,4961.044928578094,151.34673215280642,22905.83333333333,4830.0,5270.0,4885.0,5055.0,170.0,82.5,0.030320891946870966,0,0,4907.4875,5084.0125,53.937421948045994,-53.937421948045994,-0.010690336126935993,-0.010747888305781347
GH--TZ,GH,TZ,4202.317885708757,10,4149.0,4120.0,4146.25,4135.083166670714,91.97825830053534,8459.999999999998,4040.0,4280.0,4076.25,4240.0,163.75,57.5,0.022168777609191455,0,0,4092.5,4204.0125,53.317885708756876,-53.317885708756876,-0.012687732617772765,-0.01276890925988593
GH--UA,GH,UA,5740.228417956023,10,5689.8,5667.5,5674.75,5672.166666667491,110.94723470591275,12309.28888888889,5540.0,5960.0,5645.0,5711.0,66.0,36.5,0.01949932066257386,2,0,5635.9875,5755.515,50.42841795602271,-50.42841795602271,-0.00878508907385592,-0.00882390547310588
GH--US,GH,US,8483.047455588956,10,8504.5,8512.5,8507.5,8506.580944444375,31.74989063848182,1008.0555555555554,8445.0,8540.0,8480.0,8528.75,48.75,27.5,0.003733304796105805,0,0,8486.0,8522.0,21.452544411044073,21.452544411044073,0.0025288723802800745,0.002525680163196008
GH--VN,GH,VN,11449.241972047112,10,11536.5,11495.0,11530.625,11518.322857136462,178.7930212408875,31966.94444444445,11270.0,11850.0,11436.25,11630.0,193.75,100.0,0.015498029839282928,0,0,11435.5,11644.5125,87.25802795288837,87.25802795288837,0.007621293022361264,0.007592397689031484
GH--ZA,GH,ZA,4626.9652891296655,10,4676.0,4677.5,4676.25,4677.327642857159,6.582805886043833,43.333333333333336,4665.0,4685.0,4675.0,4680.0,5.0,2.5,0.0014077856899152765,2,0,4672.0,4679.5,49.03471087033449,49.03471087033449,0.010597596438757366,0.010541835522118018
GR--IN,GR,IN,5018.539102191491,10,5391.0,5015.0,5368.75,5028.4629000001105,504.88612577491176,254910.00000000003,4980.0,5980.0,4996.25,5975.0,978.75,27.5,0.09365351989888922,0,0,5096.4875,5686.5,372.4608978085089,372.4608978085089,0.07421699626607732,0.07159202061882446
GR--IT,GR,IT,1053.9826873522736,10,1050.7,1051.0,1050.75,1050.7,0.48304589153964794,0.23333333333333334,1050.0,1051.0,1050.25,1051.0,0.75,0.0,0.00045973721475173494,0,0,1050.4,1050.9,3.2826873522735696,-3.2826873522735696,-0.0031145552879241877,-0.003119415609695822
GR--JP,GR,JP,9529.986913901954,10,9500.0,9500.0,9500.0,9500.0,0.0,0.0,9500.0,9500.0,9500.0,9500.0,0.0,0.0,0.0,0,0,9500.0,9500.0,29.986913901953812,-29.986913901953812,-0.0031465850029877935,-0.0031515459109240306
GR--KE,GR,KE,4550.99704740833,10,4480.0,4472.5,4477.5,4475.373166666678,22.23610677354389,494.4444444444445,4450.0,4530.0,4470.0,4487.5,17.5,7.5,0.00496341669052319,1,0,4468.0,4494.0125,70.99704740833022,-70.99704740833022,-0.015600328162981587,-0.015723293828743285
GR--KR,GR,KR,8536.453653913031,10,8498.0,8500.0,8500.0,8499.888888888889,6.324555320336759,40.00000000000001,8480.0,8500.0,8500.0,8500.0,0.0,0.0,0.0007442404472036666,1,0,8494.0,8500.0,38.4536539130313,-38.4536539130313,-0.004504640389560893,-0.0045148168544568365
GR--MA,GR,MA,2777.965823972774,10,2843.0,2847.5,2843.75,2845.3695714285054,10.593499054713803,112.22222222222223,2825.0,2855.0,2840.0,2850.0,10.0,5.0,0.0037261692067231105,0,0,2836.9875,2848.5,65.03417602722584,65.03417602722584,0.023410718543045408,0.02314089079799616
GR--MX,GR,MX,11298.129151635198,10,10740.0,10755.0,10748.75,10750.712000063437,43.77975178854566,1916.666666666667,10635.0,10775.0,10735.0,10771.25,36.25,20.0,0.004076326982173711,1,0,10712.0,10763.0,558.1291516351976,-558.1291516351976,-0.049400139097756604,-0.05066206112851331
GR--MY,GR,MY,8741.0759144703,10,8774.0,8782.5,8780.0,8778.94688874163,41.28491788104276,1704.4444444444441,8685.0,8815.0,8752.5,8807.5,55.0,30.0,0.0047053701710785,0,0,8750.0,8795.5,32.92408552969937,32.92408552969937,0.0037665941643631787,0.003759518310910044
GR--NG,GR,NG,3590.1434415502863,10,3521.0,3510.0,3513.75,3512.994500137136,49.76611966656298,2476.6666666666665,3470.0,3630.0,3485.0,3540.0,55.0,30.0,0.014134086812429133,1,0,3494.4875,3553.525,69.1434415502863,-69.1434415502863,-0.019259242054247547,-0.0194471173926473
GR--NL,GR,NL,2163.5846088708995,10,2160.4,2160.0,2160.25,2160.25,0.8432740427115679,0.7111111111111112,2160.0,2162.0,2160.0,2160.0,0.0,0.0,0.0003903323656320903,2,0,2160.0,2161.0,3.1846088708994102,-3.1846088708994102,-0.0014719132581375444,-0.0014729975866128867
GR--NO,GR,NO,2606.9423466880603,10,2610.7,2610.0,2611.5,2610.827533333329,4.3982319680121975,19.34444444444445,2600.0,2615.0,2610.0,2614.25,4.25,1.0,0.0016846945141196605,1,0,2607.7,2612.7,3.757653311939521,3.757653311939521,0.0014414025368506363,0.0014403647133751534
GR--NZ,GR,NZ,17522.839563811503,10,18019.5,18125.0,18058.125,18123.39133333327,194.5714664475641,37858.05555555556,17600.0,18130.0,18025.0,18130.0,105.0,5.0,0.01079782826646489,2,0,17889.4875,18116.0,496.66043618849653,496.66043618849653,0.02834360460699583,0.027949356911964308
GR--PE,GR,PE,11767.93414146203,10,11353.5,11335.0,11353.75,11340.630333331153,80.89945749028372,6544.7222222222235,11225.0,11480.0,11300.0,11422.5,122.5,35.0,0.007125508212470491,0,0,11308.95,11400.0125,414.4341414620303,-414.4341414620303,-0.03521723834278203,-0.035852320439548675
GR--PH,GR,PH,9644.711437844597,10,9510.0,9507.5,9508.125,9507.779875000017,12.01850425154663,144.44444444444443,9500.0,9535.0,9500.0,9513.75,13.75,7.5,0.0012637754207725164,1,0,9503.5,9517.5125,134.71143784459673,-134.71143784459673,-0.013967389145102519,-0.014065851037082315
GR--PK,GR,PK,4438.915175919046,10,4381.0,4430.0,4396.25,4409.42425048115,225.00370367322105,50626.66666666667,4025.0,4615.0,4247.5,4557.5,310.0,155.0,0.05135898280603083,0,0,4252.4875,4520.5125,57.915175919046305,-57.915175919046305,-0.013047146346304167,-0.013133008011033804
GR--PL,GR,PL,1599.730736035073,10,1598.0,1598.0,1598.0,1598.0,0.0,0.0,1598.0,1598.0,1598.0,1598.0,0.0,0.0,0.0,0,0,1598.0,1598.0,1.7307360350730505,-1.7307360350730505,-0.0010818920935173589,-0.0010824777612260122
GR--PT,GR,PT,2859.446251097273,10,2850.5,2850.0,2850.0,2850.1111111094556,1.5811388300841898,2.5000000000000004,2850.0,2855.0,2850.0,2850.0,0.0,0.0,0.0005546882406890685,1,0,2850.0,2851.5,8.946251097273034,-8.946251097273034,-0.003128665591752261,-0.0031335700983236695
GR--RU,GR,RU,2231.411035554138,10,2230.0,2230.0,2230.0,2230.0,0.0,0.0,2230.0,2230.0,2230.0,2230.0,0.0,0.0,0.0,0,0,2230.0,2230.0,1.411035554137925,-1.411035554137925,-0.000632351248450071,-0.0006325512668264691
GR--SA,GR,SA,2633.348280356521,10,2649.8,2672.0,2671.0,2671.9483750002464,68.5918686466876,4704.844444444446,2455.0,2675.0,2670.0,2674.75,4.75,2.5,0.025885677653667293,2,0,2605.6974999999998,2673.3,16.45171964347901,16.45171964347901,0.006247453011134426,0.006228018578373774
GR--SE,GR,SE,2410.026741429502,10,2410.5,2410.0,2410.0,2410.1111111111113,1.5811388300841898,2.5000000000000004,2410.0,2415.0,2410.0,2410.0,0.0,0.0,0.0006559381166082513,1,0,2410.0,2411.5,0.47325857049781916,0.47325857049781916,0.00019637067189433213,0.00019635139369772494
GR--SG,GR,SG,9057.615916728751,10,9050.0,9050.0,9050.0,9050.0,0.0,0.0,9050.0,9050.0,9050.0,9050.0,0.0,0.0,0.0,0,0,9050.0,9050.0,7.615916728751472,-7.615916728751472,-0.0008408301697453778,-0.0008411838657119121
GR--SN,GR,SN,4796.3210435787405,10,4516.0,4472.5,4517.5,4502.641166666816,127.68885794948768,16304.444444444443,4280.0,4740.0,4466.25,4608.75,142.5,47.5,0.02827476925365095,0,0,4446.975,4589.5,280.3210435787405,-280.3210435787405,-0.058445012548530524,-0.060222528499602336
GR--TH,GR,TH,7932.285448089226,10,7921.8,7922.0,7921.625,7921.691544444446,1.7511900715418265,3.0666666666666673,7920.0,7925.0,7920.0,7923.0,3.0,1.5,0.00022105961669593104,0,0,7920.8,7922.9,10.485448089225429,-10.485448089225429,-0.0013218697382796811,-0.0013227441787646806
GR--TR,GR,TR,819.9324692614381,10,815.0,815.0,815.0,815.0,0.0,0.0,815.0,815.0,815.0,815.0,0.0,0.0,0.0,0,0,815.0,815.0,4.9324692614380865,-4.9324692614380865,-0.006015701836861095,-0.006033869066891305
GR--TZ,GR,TZ,5045.850144996306,10,4736.6,4697.5,4734.5,4725.8237000089375,114.0333284614634,13003.599999999999,4582.0,4908.0,4661.25,4836.0,174.75,73.5,0.02407493317178216,0,0,4673.6975,4799.5375,309.2501449963056,-309.2501449963056,-0.06128801611418684,-0.06324657325022978
GR--UA,GR,UA,1484.282875845914,10,1489.5,1490.0,1490.0,1489.888888888889,1.5811388300841898,2.5000000000000004,1485.0,1490.0,1490.0,1490.0,0.0,0.0,0.0010615232159007651,1,0,1488.5,1490.0,5.217124154085923,5.217124154085923,0.003514912311517849,0.0035087494443088807
GR--US,GR,US,8271.005589450659,10,7406.0,7385.0,7428.75,7407.985333332898,159.97916531015323,25593.333333333336,7050.0,7580.0,7357.5,7546.25,188.75,60.0,0.02160129156226752,1,0,7313.5,7489.0125,865.0055894506586,-865.0055894506586,-0.10458288053316504,-0.11046561400710064
GR--VN,GR,VN,7933.017363609639,10,8079.5,8077.5,8078.125,8077.5,9.264628073124864,85.83333333333334,8070.0,8100.0,8075.0,8080.0,5.0,2.5,0.0011466833434154173,2,0,8074.5,8085.0,146.48263639036122,146.48263639036122,0.018464933287844144,0.018296526330438753
GR--ZA,GR,ZA,7065.652015003433,10,7465.5,7470.0,7465.0,7465.373166666632,23.386843404881397,546.9444444444445,7435.0,7500.0,7442.5,7478.75,36.25,22.5,0.0031326560049402445,0,0,7451.5,7478.5,399.847984996567,399.847984996567,0.056590387433108354,0.05504710806625207
IN--IT,IN,IT,5929.147771473219,10,5920.0,5920.0,5920.0,5920.0,0.0,0.0,5920.0,5920.0,5920.0,5920.0,0.0,0.0,0.0,0,0,5920.0,5920.0,9.147771473219109,-9.147771473219109,-0.0015428476107867616,-0.0015440390257672918
IN--JP,IN,JP,5855.550160203252,10,5833.0,5830.0,5832.5,5830.428571428572,4.83045891539648,23.333333333333336,5830.0,5840.0,5830.0,5837.5,7.5,0.0,0.000828125992696122,0,0,5830.0,5836.0,22.550160203251835,-22.550160203251835,-0.003851074550861519,-0.003858509031757918
IN--KE,IN,KE,5427.9212039634995,10,5409.0,5410.0,5408.75,5409.1956666666665,6.99205898780101,48.888888888888886,5400.0,5420.0,5402.5,5413.75,11.25,5.0,0.0012926712863377723,0,0,5405.0,5413.0,18.921203963499465,-18.921203963499465,-0.003485902475828701,-0.0034919923905489224
IN--KR,IN,KR,4698.888249176968,10,4650.0,4650.0,4650.0,4650.0,0.0,0.0,4650.0,4650.0,4650.0,4650.0,0.0,0.0,0.0,0,0,4650.0,4650.0,48.8882491769682,-48.8882491769682,-0.010404216185718228,-0.010458718407799621
IN--MA,IN,MA,7789.23277228102,10,7918.5,7922.5,7921.875,7921.66666666657,25.717482164646075,661.3888888888889,7860.0,7950.0,7911.25,7930.0,18.75,10.0,0.003247771947293815,1,0,7902.5,7932.0,129.2672277189804,129.2672277189804,0.016595630339742106,0.01645942771308786
IN--MX,IN,MX,14673.684770062055,10,14563.5,14595.0,14593.75,14594.39675000009,98.09434234450018,9622.5,14285.0,14600.0,14590.0,14600.0,10.0,5.0,0.006735629645655246,1,0,14498.5,14597.0,110.18477006205467,-110.18477006205467,-0.007509004847021032,-0.007537339355674447
IN--MY,IN,MY,3828.30825419318,10,3850.0,3850.0,3850.0,3850.0,0.0,0.0,3850.0,3850.0,3850.0,3850.0,0.0,0.0,0.0,0,0,3850.0,3850.0,21.69174580682011,21.69174580682011,0.005666143990119121,0.005650151777276349
IN--NG,IN,NG,7553.544289460008,10,7693.5,7702.5,7701.875,7693.65361114249,237.0425418920972,56189.16666666666,7340.0,7980.0,7475.0,7917.5,442.5,237.5,0.030810754778981896,0,0,7552.5,7836.0375,139.95571053999174,139.95571053999174,0.018528482150463033,0.018358921095348462
IN--NL,IN,NL,6368.270749342955,10,6364.0,6360.0,6363.75,6361.958071428576,9.368979548370131,87.77777777777779,6350.0,6380.0,6360.0,6365.0,5.0,2.5,0.0014721840899387384,3,0,6359.0,6369.5125,4.2707493429552414,-4.2707493429552414,-0.0006706293609447863,-0.0006708543334023462
IN--NO,IN,NO,5995.942926158602,10,5969.5,5960.0,5966.875,5960.666666666667,16.40629960309962,269.1666666666667,5960.0,6000.0,5960.0,5968.75,8.75,0.0,0.002748354067023975,2,0,5961.0,5980.5,26.44292615860195,-26.44292615860195,-0.004410136401272091,-0.004419889739074548
IN--NZ,IN,NZ,12641.150365211413,10,11891.0,11900.0,11891.25,11893.06678571428,23.89793110524656,571.1111111111111,11850.0,11930.0,11877.5,11900.0,22.5,12.5,0.0020097494832433402,0,0,11876.5,11905.0,750.1503652114134,-750.1503652114134,-0.05934193831566433,-0.06117558302808564
IN--PE,IN,PE,16782.759226615508,10,17664.0,17595.0,17617.5,17607.313571168135,466.7428509242417,217848.8888888889,16900.0,18800.0,17550.0,17687.5,137.5,75.0,0.026423395093084334,2,0,17409.85,17965.05,881.2407733844921,881.2407733844921,0.05250869427876594,0.05117654713768329
IN--PH,IN,PH,4759.988205994383,10,4763.5,4765.0,4763.75,4764.571428571428,2.41522945769824,5.833333333333334,4760.0,4765.0,4761.25,4765.0,3.75,0.0,0.0005070283316255358,0,0,4762.0,4765.0,3.5117940056170482,3.5117940056170482,0.0007377736779251995,0.0007375016567105211
IN--PK,IN,PK,683.9640532615389,10,675.5,675.0,675.0,675.1111111111111,1.5811388300841898,2.5000000000000004,675.0,680.0,675.0,675.0,0.0,0.0,0.002340694048977335,1,0,675.0,676.5,8.46405326153888,-8.46405326153888,-0.012374997225625154,-0.01245220513010181
IN--PL,IN,PL,5273.3563545073075,10,5270.5,5270.0,5270.0,5270.111111111111,1.5811388300841898,2.5000000000000004,5270.0,5275.0,5270.0,5270.0,0.0,0.0,0.00029999788067245795,1,0,5270.0,5271.5,2.8563545073075147,-2.8563545073075147,-0.0005416577821193701,-0.0005418045316902318
IN--PT,IN,PT,7792.049494202723,10,8117.0,8235.0,8190.0,8195.728357141119,302.31697860946474,91395.55555555556,7300.0,8350.0,8105.0,8260.0,155.0,77.5,0.03724491543790375,1,0,7931.4875,8252.0,324.9505057972774,324.9505057972774,0.04170282876655754,0.04085670953357729
IN--RU,IN,RU,4347.028704133428,10,4340.0,4340.0,4340.0,4340.0,0.0,0.0,4340.0,4340.0,4340.0,4340.0,0.0,0.0,0.0,0,0,4340.0,4340.0,7.028704133427709,-7.028704133427709,-0.0016168984867167718,-0.001618207077837825
IN--SA,IN,SA,3053.56116017884,10,3042.5,3042.5,3039.375,3042.1268333335674,24.972206772952827,623.6111111111111,3010.0,3100.0,3028.75,3050.0,21.25,7.5,0.008207791872786467,1,0,3028.5,3058.5,11.061160178840055,-11.061160178840055,-0.003622380426856172,-0.0036289571338613017
IN--SE,IN,SE,5576.990338548147,10,5915.0,5915.0,5915.0,5915.0,2.3570226039551585,5.555555555555556,5910.0,5920.0,5915.0,5915.0,0.0,0.0,0.00039848226609554666,2,0,5913.5,5916.5,338.0096614518534,338.0096614518534,0.06060789797599814,0.0588422323988025
IN--SG,IN,SG,4141.530296031338,10,4150.0,4150.0,4150.0,4150.0,0.0,0.0,4150.0,4150.0,4150.0,4150.0,0.0,0.0,0.0,0,0,4150.0,4150.0,8.469703968661634,8.469703968661634,0.002045066283054312,0.0020429779816616782
IN--SN,IN,SN,9687.105127662475,10,9351.5,9345.0,9351.875,9354.166666667306,60.64697482608309,3678.0555555555557,9250.0,9450.0,9340.0,9378.75,38.75,32.5,0.006485267050856343,3,0,9318.4875,9386.525,335.60512766247484,-335.60512766247484,-0.03464452209815723,-0.03525887459230848
IN--TH,IN,TH,2916.5977506210074,10,2918.5,2920.0,2918.75,2919.5714285714284,2.41522945769824,5.833333333333334,2915.0,2920.0,2916.25,2920.0,3.75,0.0,0.0008275584915875414,0,0,2917.0,2919.5125,1.9022493789925647,1.9022493789925647,0.0006522151978576869,0.000652002597961039
IN--TR,IN,TR,4224.800548051528,10,4485.0,4482.5,4483.75,4483.017071428571,6.666666666666667,44.44444444444445,4480.0,4500.0,4480.0,4488.75,8.75,2.5,0.0014864362690449647,0,0,4481.5,4489.0125,260.1994519484724,260.1994519484724,0.06158857654676173,0.05976644337770282
IN--TZ,IN,TZ,5878.312198256734,10,5615.0,5607.5,5608.75,5608.749999997459,158.21925715074423,25033.33333333333,5385.0,5895.0,5497.5,5717.5,220.0,122.5,0.028177962092741624,0,0,5520.975,5713.5125,263.3121982567336,-263.3121982567336,-0.04479384377284711,-0.04582809140314338
IN--UA,IN,UA,4584.987256027431,10,4571.5,4567.5,4565.625,4566.359888888709,27.693761832666297,766.9444444444446,4550.0,4640.0,4550.0,4580.0,30.0,15.0,0.006057915745962222,1,0,4557.5,4588.5125,13.487256027430703,-13.487256027430703,-0.002941612544222525,-0.0029459475898396623
IN--US,IN,US,12068.739151501237,10,12045.5,12045.0,12046.25,12045.842999999997,4.972144630058766,24.722222222222225,12035.0,12050.0,12045.0,12050.0,5.0,5.0,0.0004127802606831403,1,0,12042.5,12048.0,23.239151501236847,-23.239151501236847,-0.001925565811764696,-0.0019274220969280468
IN--VN,IN,VN,3006.513807803295,10,3000.6,3000.0,3000.375,3000.25,1.2649110640673518,1.6,3000.0,3003.0,3000.0,3000.0,0.0,0.0,0.0004215527108136212,2,0,3000.0,3001.5,5.913807803295185,-5.913807803295185,-0.001966998384622787,-0.0019689354665201166
IN--ZA,IN,ZA,7970.766596356072,10,8034.5,8035.0,8034.375,8034.857142857143,2.8382310609877335,8.055555555555555,8030.0,8040.0,8035.0,8035.0,0.0,0.0,0.00035325546841592304,3,0,8033.0,8036.0,63.733403643927886,63.733403643927886,0.007995893854559026,0.00796409608389481
IT--JP,IT,JP,9880.684200947846,10,9850.0,9850.0,9850.0,9850.0,0.0,0.0,9850.0,9850.0,9850.0,9850.0,0.0,0.0,0.0,0,0,9850.0,9850.0,30.684200947845966,-30.684200947845966,-0.003105473297578163,-0.0031103052861132115
IT--KE,IT,KE,5373.367125832121,10,5400.3,5400.0,5400.0,5400.111111111111,0.9486832980505139,0.9000000000000001,5400.0,5403.0,5400.0,5400.0,0.0,0.0,0.0001756723326575401,1,0,5400.0,5400.9,26.932874167879163,26.932874167879163,0.005012289973339265,0.004999770265460941
IT--KR,IT,KR,8990.221254368656,10,8965.7,8966.0,8965.75,8965.7,0.4830458915396479,0.23333333333333328,8965.0,8966.0,8965.25,8966.0,0.75,0.0,5.387709733089975e-05,0,0,8965.4,8965.9,24.52125436865572,-24.52125436865572,-0.0027275473734019616,-0.0027312739084821404
IT--MA,IT,MA,1903.2092760976723,10,1869.3,1882.5,1872.25,1881.6666666688775,54.5018857981589,2970.455555555555,1765.0,1950.0,1875.0,1888.75,13.75,7.5,0.029156307600791152,3,0,1836.28,1897.605,33.90927609767232,-33.90927609767232,-0.01781689303616661,-0.01797752470649954
IT--MX,IT,MX,10254.982173131564,10,10237.0,10235.0,10236.875,10235.666666666666,2.581988897471611,6.666666666666666,10235.0,10240.0,10235.0,10240.0,5.0,0.0,0.00025222124621193816,0,0,10235.5,10238.5,17.982173131564196,-17.982173131564196,-0.001753506035210686,-0.001755045226502485
IT--MY,IT,MY,9712.850057099384,10,9665.0,9650.0,9646.25,9650.739142892045,78.91627067834476,6227.7777777777765,9600.0,9880.0,9642.5,9660.0,17.5,10.0,0.008165159925333136,3,0,9631.0,9718.0,47.850057099383775,-47.850057099383775,-0.0049264692462135645,-0.004938644298971839
IT--NG,IT,NG,3667.9438428379826,10,3879.0,3890.0,3879.375,3887.499999999488,60.68131691239258,3682.222222222222,3775.0,3980.0,3870.0,3898.75,28.75,17.5,0.015643546510026446,3,0,3839.9875,3914.5125,211.05615716201737,211.05615716201737,0.05754072750435508,0.05594614420317158
IT--NL,IT,NL,1294.6009270853822,10,1297.0,1297.0,1297.0,1297.0,0.0,0.0,1297.0,1297.0,1297.0,1297.0,0.0,0.0,0.0,0,0,1297.0,1297.0,2.3990729146178182,2.3990729146178182,0.0018531370281180042,0.001851422088048013
IT--NO,IT,NO,2008.243997050136,10,2001.7,2002.5,2001.75,2002.1666666666667,1.4944341180973262,2.233333333333333,2000.0,2003.0,2000.0,2003.0,3.0,0.5,0.0007465824639543019,0,0,2000.9,2002.6,6.543997050135886,-6.543997050135886,-0.003258566717863076,-0.003263887408083986
IT--NZ,IT,NZ,18548.183630194897,10,18678.0,18725.0,18693.125,18720.086999999956,94.6690140554037,8962.222222222223,18500.0,18735.0,18700.0,18730.0,30.0,10.0,0.005068477034768374,2,0,18613.5,18725.0,129.81636980510302,129.81636980510302,0.006998872363640653,0.00697449393802341
IT--PE,IT,PE,10857.151296366306,10,10845.5,10845.0,10845.625,10848.333333333056,29.29258533410043,858.0555555555555,10800.0,10890.0,10840.0,10865.0,25.0,15.0,0.0027008976381080107,2,0,10827.0,10863.0,11.65129636630627,-11.65129636630627,-0.0010731448837970738,-0.001073721116058562
IT--PH,IT,PH,10405.066890561595,10,10766.5,10890.0,10813.125,10889.75,260.363527911777,67789.16666666669,10270.0,10890.0,10890.0,10890.0,0.0,0.0,0.024182745359381135,2,0,10581.5,10890.0,361.43310943840515,361.43310943840515,0.034736260058670074,0.03414657304554139
IT--PK,IT,PK,5309.570036872611,10,5351.0,5350.0,5350.0,5351.666666668355,101.59286939107051,10321.111111111111,5170.0,5540.0,5307.5,5395.0,87.5,50.0,0.01898577263895917,2,0,5292.0,5411.0,41.42996312738887,41.42996312738887,0.007802884760851846,0.007772599694131522
IT--PL,IT,PL,1318.2845538649813,10,1315.7,1316.0,1315.75,1315.7,0.48304589153964794,0.23333333333333334,1315.0,1316.0,1315.25,1316.0,0.75,0.0,0.0003671398430794618,0,0,1315.4,1316.0,2.584553864981217,-2.584553864981217,-0.0019605432358315617,-0.0019624676163535696
IT--PT,IT,PT,1866.7033208698376,10,1861.8,1863.0,1861.875,1862.3333333333333,1.5491933384829668,2.4000000000000004,1860.0,1863.0,1860.0,1863.0,3.0,0.0,0.0008320943917085438,0,0,1860.9,1862.7,4.903320869837671,-4.903320869837671,-0.002626727458519142,-0.0026301833602242744
IT--RU,IT,RU,2380.4991270140295,10,2375.1,2375.0,2375.0,2375.1,0.31622776601683794,0.1,2375.0,2376.0,2375.0,2375.0,0.0,0.0,0.00013314292704174054,1,0,2375.0,2375.3,5.3991270140295455,-5.3991270140295455,-0.0022680651098586713,-0.002270641065223327
IT--SA,IT,SA,3687.31508886442,10,3672.5,3672.5,3672.5,3672.5,2.6352313834736494,6.944444444444444,3670.0,3675.0,3670.0,3675.0,5.0,2.5,0.000717557898835575,0,0,3671.0,3674.0,14.815088864419977,-14.815088864419977,-0.004017852694270988,-0.004025945950021021
IT--SE,IT,SE,1980.1731729298174,10,1976.2,1977.0,1976.25,1976.3333333333333,1.0327955589886446,1.0666666666666669,1975.0,1977.0,1975.0,1977.0,2.0,0.0,0.0005226169208524666,0,0,1975.6,1976.8,3.9731729298173377,-3.9731729298173377,-0.002006477506176253,-0.0020084931788868997
IT--SG,IT,SG,10029.704091564545,10,10248.4,10275.5,10265.125,10276.332075014217,66.76193193396634,4457.155555555554,10080.0,10283.0,10275.0,10280.0,5.0,4.5,0.006514376091289015,2,0,10207.9925,10278.7,218.69590843545484,218.69590843545484,0.021804821601804626,0.021570496636843413
IT--SN,IT,SN,4165.994598971797,10,4143.0,4130.0,4141.5,4135.163000000244,24.48582356294261,599.5555555555555,4120.0,4178.0,4125.25,4168.75,43.5,10.0,0.005910167405972148,0,0,4128.6,4156.5025,22.99459897179713,-22.99459897179713,-0.00551959404303414,-0.005534883288473744
IT--TH,IT,TH,8841.845377807338,10,8842.5,8830.0,8840.625,8833.816714285538,30.390970881350782,923.6111111111111,8815.0,8885.0,8817.5,8873.75,56.25,15.0,0.003436920653814055,0,0,8826.0,8862.5,0.6546221926619182,0.6546221926619182,7.403682881686583e-05,7.403408822605083e-05
IT--TR,IT,TR,1726.7217900116748,10,2036.0,2030.0,2041.25,2031.9304000016205,56.803755744375444,3226.666666666666,1920.0,2110.0,2020.0,2082.5,62.5,20.0,0.027899683567964365,1,0,2002.0,2069.0,309.2782099883252,309.2782099883252,0.1791129363035571,0.16476240687739105
IT--TZ,IT,TZ,5825.804280617088,10,5383.9,5395.0,5394.25,5394.935899999631,42.927458190145224,1842.7666666666662,5270.0,5415.0,5381.25,5408.0,26.75,14.0,0.007973301545375141,1,0,5355.3875,5403.6,441.90428061708826,-441.90428061708826,-0.07585292250330805,-0.07888404522744433
IT--UA,IT,UA,1678.2650237565786,10,1675.6,1675.0,1675.75,1675.7499999953582,2.5473297566057065,6.488888888888888,1670.0,1680.0,1675.0,1677.0,2.0,1.0,0.0015202493176209755,1,0,1674.1,1677.0,2.6650237565786483,-2.6650237565786483,-0.0015879635926710422,-0.0015892257431998416
IT--US,IT,US,7232.448171181223,10,7215.6,7215.0,7215.5,7215.5,0.8432740427115678,0.7111111111111111,7215.0,7217.0,7215.0,7216.0,1.0,0.0,0.00011686818043011915,0,0,7215.2,7216.1,16.848171181222824,-16.848171181222824,-0.0023295253256507106,-0.0023322428910173116
IT--VN,IT,VN,8746.234564268761,10,8727.0,8725.0,8726.875,8725.666666666648,2.581988897471611,6.666666666666666,8725.0,8730.0,8725.0,8730.0,5.0,0.0,0.0002958621401938365,0,0,8725.5,8728.5,19.23456426876146,-19.23456426876146,-0.002199182302672394,-0.002201604055307701
IT--ZA,IT,ZA,7658.184796684193,10,7736.0,7735.0,7736.25,7735.7413000000015,6.146362971528592,37.77777777777778,7725.0,7745.0,7735.0,7738.75,3.75,2.5,0.0007945143448201386,3,0,7732.5,7739.5,77.81520331580668,77.81520331580668,0.010161050612084832,0.010109774192972326
JP--KE,JP,KE,11264.009284773352,10,11283.0,11280.0,11283.75,11283.75,12.292725943057183,151.11111111111111,11260.0,11300.0,11280.0,11293.75,13.75,10.0,0.0010894909104898682,0,0,11275.0,11290.5,18.990715226647808,18.990715226647808,0.0016859640956013227,0.0016845444535551577
JP--KR,JP,KR,1158.5480184415178,10,1153.2,1155.0,1153.375,1154.3333333333333,2.3944379994757297,5.733333333333334,1150.0,1155.0,1150.5,1155.0,4.5,0.0,0.002076342351262339,0,0,1151.7,1154.5,5.348018441517752,-5.348018441517752,-0.004616138784400082,-0.004626826055004381
JP--MA,JP,MA,11544.941282910848,10,11579.5,11585.0,11580.625,11584.333333333334,7.975657409336932,63.61111111111111,11565.0,11585.0,11572.5,11585.0,12.5,0.0,0.0006887739029610028,0,0,11574.5,11584.5,34.558717089152196,34.558717089152196,0.002993407782879502,0.0029889364585778603
JP--MX,JP,MX,11318.783890147193,10,11309.0,11310.0,11310.0,11309.888888888889,3.1622776601683795,10.000000000000002,11300.0,11310.0,11310.0,11310.0,0.0,0.0,0.000279624870472047,1,0,11307.0,11310.0,9.783890147193233,-9.783890147193233,-0.0008643941117835054,-0.0008647679157986106
JP--MY,JP,MY,5316.516912091379,10,5337.4,5339.0,5338.0,5338.678266666691,3.3730961708462717,11.37777777777778,5330.0,5340.0,5335.25,5340.0,4.75,1.0,0.0006319736521239314,0,0,5335.297500000001,5339.2,20.883087908620837,20.883087908620837,0.003927964164117739,0.003920269854946021
JP--NG,JP,NG,12973.378381681048,10,13190.0,13197.5,13195.0,13192.149999992253,269.5778592952734,72672.22222222223,12800.0,13540.0,12991.25,13402.5,411.25,250.0,0.020438048468178423,0,0,13038.45,13351.0,216.62161831895173,216.62161831895173,0.01669739461425333,0.0165595257052092
JP--NL,JP,NL,9314.952522971289,10,9300.0,9300.0,9299.375,9299.857142857143,6.236095644623235,38.888888888888886,9290.0,9315.0,9300.0,9300.0,0.0,0.0,0.000670547918776692,3,0,9296.5,9304.0,14.952522971289,-14.952522971289,-0.0016052173035144396,-0.001606507045205474
JP--NO,JP,NO,8428.362013784,10,8387.4,8389.0,8388.0,8388.87935,4.005551702879947,16.04444444444444,8380.0,8390.0,8388.0,8390.0,2.0,1.0,0.0004775677448172195,2,0,8384.6,8389.6,40.9620137840011,-40.9620137840011,-0.004860020691684882,-0.004871868996505663
JP--NZ,JP,NZ,9244.785239978763,10,9323.0,9330.0,9322.5,9322.882833333393,20.70963275601209,428.88888888888897,9300.0,9350.0,9300.0,9338.75,38.75,17.5,0.0022213485740654394,0,0,9311.0,9334.0125,78.21476002123745,78.21476002123745,0.00846041935977056,0.008424830601558051
JP--PE,JP,PE,15493.501413507556,10,15480.5,15480.0,15480.0,15480.111111111111,1.5811388300841898,2.5000000000000004,15480.0,15485.0,15480.0,15480.0,0.0,0.0,0.00010213745228411161,1,0,15480.0,15481.5,13.001413507556208,-13.001413507556208,-0.0008391526976737038,-0.0008395049833934533
JP--PH,JP,PH,2993.700049787857,10,2995.5,2995.0,2995.0,2995.1111111111113,1.5811388300841898,2.5000000000000004,2995.0,3000.0,2995.0,2995.0,0.0,0.0,0.000527838033745348,1,0,2995.0,2996.5,1.7999502121429032,1.7999502121429032,0.0006012460106918371,0.0006010653347260468
JP--PK,JP,PK,5982.697041375959,10,5833.5,5830.0,5833.125,5833.125,8.834905520465714,78.05555555555556,5820.0,5850.0,5830.0,5840.0,10.0,7.5,0.0015145119603095422,0,0,5828.0,5839.0,149.1970413759591,-149.1970413759591,-0.024938090687882348,-0.02525431326974483
JP--PL,JP,PL,8602.084790962797,10,8600.0,8600.0,8600.0,8600.0,0.0,0.0,8600.0,8600.0,8600.0,8600.0,0.0,0.0,0.0,0,0,8600.0,8600.0,2.084790962797342,-2.084790962797342,-0.00024235880178577034,-0.00024238817542627343
JP--PT,JP,PT,11169.099580139571,10,11040.5,11150.0,11049.375,11149.333333333334,141.70489680239626,20080.277777777774,10860.0,11150.0,10881.25,11150.0,268.75,0.0,0.012835007182862757,0,0,10956.9875,11122.0125,128.59958013957112,-128.59958013957112,-0.011513871750972795,-0.011580669601921511
JP--RU,JP,RU,7500.447385335149,10,7480.0,7480.0,7480.0,7480.0,0.0,0.0,7480.0,7480.0,7480.0,7480.0,0.0,0.0,0.0,0,0,7480.0,7480.0,20.447385335149193,-20.447385335149193,-0.002726155425758716,-0.002729878154826071
JP--SA,JP,SA,8708.898067343061,10,8675.0,8680.0,8676.25,8676.982928571413,12.47219128924647,155.55555555555554,8650.0,8690.0,8670.0,8683.75,13.75,7.5,0.0014377165751292761,0,0,8667.0,8681.5125,33.898067343061484,-33.898067343061484,-0.0038923486164310125,-0.0038999435197203595
JP--SE,JP,SE,8189.5682624323,10,8170.0,8170.0,8170.0,8170.0,0.0,0.0,8170.0,8170.0,8170.0,8170.0,0.0,0.0,0.0,0,0,8170.0,8170.0,19.56826243229989,-19.56826243229989,-0.002389413190688531,-0.002392272393839643
JP--SG,JP,SG,5313.463059765426,10,5318.0,5320.0,5318.75,5319.571428573771,3.496029493900505,12.222222222222221,5310.0,5320.0,5316.25,5320.0,3.75,0.0,0.0006573955422904296,1,0,5315.5,5320.0,4.536940234574104,4.536940234574104,0.0008538574905937892,0.0008534931616619768
JP--SN,JP,SN,13935.316154449201,10,14020.0,13975.0,13991.25,13975.760714294109,224.511816071127,50405.555555555555,13770.0,14500.0,13856.25,14080.0,223.75,125.0,0.0160136816027908,1,0,13903.9875,14158.5,84.68384555079865,84.68384555079865,0.006076923165016331,0.006058533133039809
JP--TH,JP,TH,4607.791688159286,10,4600.3,4600.0,4600.0,4600.111111111111,0.9486832980505139,0.9000000000000001,4600.0,4603.0,4600.0,4600.0,0.0,0.0,0.00020622205031204787,1,0,4600.0,4600.9,7.491688159286241,-7.491688159286241,-0.0016258738819590625,-0.001627197049295766
JP--TR,JP,TR,8787.214872935936,10,8950.0,8950.0,8950.0,8950.0,0.0,0.0,8950.0,8950.0,8950.0,8950.0,0.0,0.0,0.0,0,0,8950.0,8950.0,162.785127064064,162.785127064064,0.01852522436493864,0.018355722568462265
JP--TZ,JP,TZ,11676.47018662645,10,11526.5,11547.5,11533.75,11538.134166666976,84.85445054785151,7200.277777777778,11345.0,11650.0,11477.5,11575.0,97.5,37.5,0.0073616839932201025,0,0,11476.0,11570.0125,149.9701866264495,-149.9701866264495,-0.01284379476241173,-0.012926989418802668
JP--UA,JP,UA,8224.583581872374,10,8198.0,8200.0,8198.75,8199.57142857143,3.496029493900505,12.222222222222221,8190.0,8200.0,8196.25,8200.0,3.75,0.0,0.00042644907220059833,1,0,8195.9875,8199.5125,26.583581872373543,-26.583581872373543,-0.003232210069694694,-0.003237444943847501
JP--US,JP,US,10926.417792606868,10,10895.0,10900.0,10898.75,10899.75,12.692955176439847,161.11111111111111,10860.0,10900.0,10900.0,10900.0,0.0,0.0,0.001165025716056893,2,0,10887.0,10900.0,31.417792606867806,-31.417792606867806,-0.002875397335449318,-0.002879539232005263
JP--VN,JP,VN,3673.3588744790786,10,3494.0,3660.0,3498.75,3631.089299808007,229.15060549778175,52510.00000000001,3225.0,3725.0,3230.0,3660.0,430.0,32.5,0.06558403133880417,0,0,3358.0,3630.0,179.35887447907862,-179.35887447907862,-0.04882694030392378,-0.05005925644559706
JP--ZA,JP,ZA,13501.046885089567,10,13527.0,13525.0,13527.5,13527.223899973375,14.181364924121764,201.1111111111111,13500.0,13550.0,13521.25,13537.5,16.25,7.5,0.0010483747264080554,0,0,13518.9875,13534.5,25.953114910433214,25.953114910433214,0.0019223038873448842,0.001920458625617937
KE--KR,KE,KR,10114.909688283768,10,10104.0,10100.0,10107.5,10107.260888888924,27.365834335698388,748.8888888888888,10045.0,10135.0,10100.0,10123.75,23.75,20.0,0.0027084159081253354,1,0,10087.5,10119.5,10.909688283767537,-10.909688283767537,-0.0010785749571649039,-0.0010791570377166584
KE--MA,KE,MA,6004.034142085109,10,5994.0,5827.5,5980.0,5938.234833310019,392.24283861460674,153854.44444444444,5540.0,6560.0,5682.5,6323.75,641.25,232.5,0.06543924568144924,0,0,5767.375,6229.025,10.034142085109124,-10.034142085109124,-0.0016712333487205022,-0.0016726314170562309
KE--MX,KE,MX,14829.575444959697,10,14337.0,14340.0,14337.5,14337.24155555553,9.486832980505138,90.0,14320.0,14350.0,14330.0,14340.0,10.0,10.0,0.0006617027955991587,0,0,14331.0,14342.0,492.57544495969705,-492.57544495969705,-0.03321574827195167,-0.03377991935452142
KE--MY,KE,MY,7236.589136086184,10,7803.5,7475.0,7764.375,7579.494399925151,619.2381071391951,383455.83333333326,7200.0,8720.0,7297.5,8391.25,1093.75,240.0,0.07935389339901264,0,0,7435.3625,8174.5875,566.9108639138158,566.9108639138158,0.07833951233832548,0.07542236941207005
KE--NG,KE,NG,3444.024949628264,10,3491.0,3492.5,3491.875,3491.663071428533,9.66091783079296,93.33333333333334,3475.0,3500.0,3482.5,3500.0,17.5,7.5,0.00276737835313462,0,0,3485.0,3496.0125,46.97505037173596,46.97505037173596,0.013639578998057574,0.01354739720843323
KE--NL,KE,NL,6651.25998464762,10,6679.0,6680.0,6678.75,6679.666666666685,3.1622776601683795,10.000000000000002,6675.0,6685.0,6676.25,6680.0,3.75,0.0,0.0004734657374110465,0,0,6677.0,6680.5125,27.740015352380397,27.740015352380397,0.00417064066303372,0.004161967647588377
KE--NO,KE,NO,7154.024015085028,10,7147.5,7150.0,7146.25,7147.1255555561875,56.72790808372503,3218.055555555556,7080.0,7225.0,7092.5,7200.0,107.5,50.0,0.00793674824536202,0,0,7113.0,7184.0,6.524015085027713,-6.524015085027713,-0.0009119364250484939,-0.0009123524920404927
KE--NZ,KE,NZ,13676.249196022416,10,14215.5,14340.0,14253.125,14246.55833150673,495.93038265914345,245946.94444444444,13380.0,14750.0,13806.25,14647.5,841.25,375.0,0.03488659439760427,0,0,13922.2875,14492.5125,539.2508039775839,539.2508039775839,0.03942972932479316,0.03867222557376725
KE--PE,KE,PE,12580.253595968305,10,12931.0,12890.0,12908.75,12899.179250000778,116.18471882691324,13498.888888888889,12840.0,13200.0,12850.0,12947.5,97.5,45.0,0.008984975549216088,1,0,12868.975,13010.0,350.7464040316954,350.7464040316954,0.027880710142767072,0.02749911958257589
KE--PH,KE,PH,9425.033674849916,10,9877.5,9817.5,9858.125,9827.811333323223,190.00365493560614,36101.38888888888,9680.0,10230.0,9738.75,9983.75,245.0,90.0,0.019236006574093256,0,0,9770.5,9991.0875,452.46632515008423,452.46632515008423,0.04800686562611028,0.04689013704734422
KE--PK,KE,PK,5427.814219869003,10,5212.0,5210.0,5211.875,5210.799642855123,54.731668671396775,2995.555555555555,5125.0,5300.0,5172.5,5243.75,71.25,37.5,0.010501087619224247,0,0,5178.975,5241.5125,215.81421986900295,-215.81421986900295,-0.039760797095633,-0.0405728558658182
KE--PL,KE,PL,6115.97738809343,10,6205.0,6182.5,6202.5,6191.923833333543,70.07932013876213,4911.111111111111,6100.0,6330.0,6162.5,6241.25,78.75,27.5,0.01129400808038068,0,0,6163.5,6244.0,89.02261190657009,89.02261190657009,0.014555745755352055,0.014450827769017252
KE--PT,KE,PT,6454.518927958417,10,6471.5,6487.5,6475.625,6476.840666667251,48.992629831208056,2400.2777777777774,6375.0,6535.0,6437.5,6498.75,61.25,30.0,0.007570521491340193,0,0,6444.4875,6500.5,16.981072041582593,16.981072041582593,0.002630881128572932,0.0026274264187771896
KE--RU,KE,RU,6323.293987631122,10,6447.5,6480.0,6455.0,6479.666666666667,54.121776270431724,2929.1666666666665,6350.0,6485.0,6405.0,6480.0,75.0,0.0,0.00839422664140081,0,0,6414.0,6480.5,124.20601236887796,124.20601236887796,0.019642612317541306,0.019452185817895255
KE--SA,KE,SA,3062.992722793242,10,3038.5,2965.0,3009.375,2994.8473333579177,278.8971335656054,77783.61111111112,2735.0,3575.0,2841.25,3212.5,371.25,170.0,0.09178776816376678,0,0,2888.0,3206.05,24.492722793242137,-24.492722793242137,-0.007996337245916285,-0.008028479411657677
KE--SE,KE,SE,6920.326031054763,10,6993.0,7007.5,6993.125,6993.125000000765,61.29165250396392,3756.666666666666,6900.0,7085.0,6938.75,7041.25,102.5,50.0,0.008764715072781913,0,0,6958.0,7031.5,72.673968945237,72.673968945237,0.010501523861609215,0.010446765887723988
KE--SG,KE,SG,7467.562130900984,10,7300.5,7300.0,7300.625,7297.499999998186,66.60205202043953,4435.833333333333,7200.0,7400.0,7263.75,7327.5,63.75,35.0,0.009122943910751254,0,0,7263.0,7339.5125,167.0621309009839,-167.0621309009839,-0.022371709531505076,-0.02262575228825314
KE--SN,KE,SN,6234.6746306605155,10,5795.0,5800.0,5800.0,5799.888888888889,15.811388300841896,250.0,5750.0,5800.0,5800.0,5800.0,0.0,0.0,0.002728453546305763,1,0,5785.0,5800.0,439.6746306605155,-439.6746306605155,-0.0705208622272459,-0.07313091664190927
KE--TH,KE,TH,7217.238507509993,10,7232.5,7232.5,7233.125,7234.13862499972,20.982797186690284,440.2777777777777,7200.0,7260.0,7222.5,7250.0,27.5,17.5,0.0029011817748621203,0,0,7219.5,7244.5,15.261492490007186,15.261492490007186,0.002114588907395348,0.0021123563110665698
KE--TR,KE,TR,4581.087860826578,10,4833.0,4842.5,4837.5,4840.833333335447,78.18070236460032,6112.222222222223,4680.0,4950.0,4816.25,4863.75,47.5,25.0,0.01617643334669984,3,0,4786.5,4874.5125,251.91213917342156,251.91213917342156,0.05498958911649609,0.05353089874331668
KE--TZ,KE,TZ,554.7964784891632,10,662.2,670.0,666.25,666.5031428564441,20.964520292892733,439.5111111111112,612.0,680.0,652.5,675.0,22.5,10.0,0.03165889503608084,1,0,649.095,673.0125,107.40352151083687,107.40352151083687,0.19359084939277382,0.17696628404451883
KE--UA,KE,UA,5762.3271818541925,10,5861.0,5850.0,5845.0,5843.4968571412655,83.55969256897863,6982.222222222223,5775.0,6075.0,5810.0,5860.0,50.0,30.0,0.014256900284760047,1,0,5820.0,5917.5125,98.67281814580747,98.67281814580747,0.017123779166259817,0.016978819755000926
KE--US,KE,US,12147.187581604869,10,12078.5,12080.0,12077.5,12077.50000000003,29.63200221982233,878.0555555555554,12035.0,12130.0,12052.5,12100.0,47.5,20.0,0.0024532849459636815,0,0,12061.5,12095.0125,68.68758160486868,-68.68758160486868,-0.005654607796531103,-0.005670655615873449
KE--VN,KE,VN,7897.709339783662,10,8629.5,8655.0,8635.0,8650.104400104448,88.23736925664394,7785.833333333334,8465.0,8750.0,8607.5,8672.5,65.0,30.0,0.010225084797108054,2,0,8576.0,8678.5,731.7906602163384,731.7906602163384,0.09265859614889095,0.08861380555141066
KE--ZA,KE,ZA,2855.2050138214963,10,2912.5,2915.0,2913.125,2913.1249999999977,5.400617248673217,29.166666666666664,2900.0,2920.0,2910.0,2915.0,5.0,2.5,0.0018542891840938084,1,0,2909.0,2915.5,57.29498617850368,57.29498617850368,0.020066855410084287,0.01986816966792197
KR--MA,KR,MA,10756.784508836095,10,10757.0,10750.0,10756.25,10753.916142857142,13.374935098492585,178.88888888888886,10740.0,10780.0,10750.0,10760.0,10.0,5.0,0.0012433703726403816,2,0,10749.975,10766.0,0.21549116390451672,0.21549116390451672,2.0033046467325138e-05,2.0032845808453838e-05
KR--MX,KR,MX,12067.859883839203,10,12094.0,12094.0,12094.0,12094.0,1.0540925533894598,1.1111111111111112,12093.0,12095.0,12093.0,12095.0,2.0,1.0,8.715830605171654e-05,0,0,12093.4,12094.6,26.140116160797334,26.140116160797334,0.0021660937740753134,0.00216375117520553
KR--MY,KR,MY,4601.299368792894,10,4614.0,4610.0,4610.0,4610.111111111111,12.649110640673518,160.00000000000003,4610.0,4650.0,4610.0,4610.0,0.0,0.0,0.002741463077735916,1,0,4610.0,4622.0,12.700631207106198,12.700631207106198,0.002760227098728872,0.0027564246673528565
KR--NG,KR,NG,11887.41498494817,10,12318.0,12345.0,12325.0,12340.116000000407,58.604133339248726,3434.444444444444,12210.0,12370.0,12277.5,12361.25,83.75,20.0,0.004757601342689457,0,0,12282.5,12350.5125,430.58501505183085,430.58501505183085,0.0362219217211679,0.03558133105313929
KR--NL,KR,NL,8579.921511952483,10,8551.0,8550.0,8550.0,8550.111111111111,3.1622776601683795,10.000000000000002,8550.0,8560.0,8550.0,8550.0,0.0,0.0,0.00036981378320294464,1,0,8550.0,8553.0,28.921511952483343,-28.921511952483343,-0.003370836424574919,-0.0033765304931255248
KR--NO,KR,NO,7736.93982941218,10,7709.8,7715.0,7711.25,7711.19566666662,18.419796114205198,339.2888888888889,7675.0,7733.0,7700.0,7722.5,22.5,15.0,0.0023891405891469557,0,0,7699.5,7720.405,27.139829412180006,-27.139829412180006,-0.00350782480031798,-0.0035139916434265353
KR--NZ,KR,NZ,9994.193199560701,10,9761.0,9750.0,9756.25,9756.249999995816,116.85223337379755,13654.444444444445,9600.0,9960.0,9662.5,9837.5,175.0,100.0,0.011971338323306787,0,0,9695.0,9832.0,233.19319956070103,-233.19319956070103,-0.02333286888740065,-0.023609390097336178
KR--PE,KR,PE,16309.70237354757,10,16298.5,16300.0,16300.0,16299.888888888889,4.743416490252569,22.5,16285.0,16300.0,16300.0,16300.0,0.0,0.0,0.00029103392890465806,1,0,16295.5,16300.0,11.20237354757046,-11.20237354757046,-0.0006868533398708366,-0.0006870893316934554
KR--PH,KR,PH,2612.8130222238005,10,2620.5,2620.0,2620.0,2620.1111111111113,1.5811388300841898,2.5000000000000004,2620.0,2625.0,2620.0,2620.0,0.0,0.0,0.0006033729555749627,1,0,2620.0,2621.5,7.6869777761994555,7.6869777761994555,0.0029420313320610153,0.002937712027494033
KR--PK,KR,PK,4828.37891716201,10,4349.5,4320.0,4318.75,4318.750000001365,110.76627043765022,12269.166666666666,4285.0,4660.0,4300.0,4336.25,36.25,20.0,0.025466437622175014,1,0,4306.5,4430.025,478.8789171620101,-478.8789171620101,-0.09918006133691805,-0.1044498874466
KR--PL,KR,PL,7760.66724715256,10,7736.5,7740.0,7736.25,7736.2686428310735,8.514693182963201,72.50000000000001,7725.0,7750.0,7730.0,7740.0,10.0,7.5,0.001100587240090894,0,0,7731.5,7741.5,24.167247152559867,-24.167247152559867,-0.003114068208687467,-0.003118927008803601
KR--PT,KR,PT,10442.178115737892,10,10392.5,10400.0,10401.25,10400.142857142857,32.93512140894917,1084.7222222222222,10300.0,10415.0,10400.0,10400.0,0.0,0.0,0.003169124022992463,3,0,10370.0,10405.0,49.67811573789186,-49.67811573789186,-0.004757447650028078,-0.004768800324914997
KR--RU,KR,RU,6623.6510029551755,10,6600.5,6600.5,6600.5,6600.5,0.5270462766947299,0.2777777777777778,6600.0,6601.0,6600.0,6601.0,1.0,0.5,7.984944726834783e-05,0,0,6600.2,6600.8,23.1510029551755,-23.1510029551755,-0.0034952027129518995,-0.003501325204349615
KR--SA,KR,SA,7561.8622427533055,10,7504.0,7502.5,7503.75,7503.30278571428,4.447221354708778,19.777777777777775,7500.0,7510.0,7500.0,7507.75,7.75,2.5,0.0005926467690176943,0,0,7501.3975,7506.5,57.86224275330551,-57.86224275330551,-0.007651850945678908,-0.007681276560179311
KR--SE,KR,SE,7449.1900939572515,10,7918.5,7917.5,7918.75,7917.902166666684,5.296749527356901,28.055555555555557,7910.0,7925.0,7915.0,7923.75,8.75,2.5,0.0006689081931371979,0,0,7915.5,7921.5,469.3099060427485,469.3099060427485,0.06300146729017568,0.06109647968828038
KR--SG,KR,SG,4664.185115043959,10,4658.0,4660.0,4658.75,4659.75,4.216370213557839,17.77777777777778,4650.0,4660.0,4660.0,4660.0,0.0,0.0,0.0009051889681317818,2,0,4655.0,4660.0,6.185115043958831,-6.185115043958831,-0.0013260869565423622,-0.0013269669879353084
KR--SN,KR,SN,13134.589981893088,10,13094.0,13075.0,13086.25,13079.423833333196,92.61029460414574,8576.666666666664,12950.0,13300.0,13050.0,13133.75,83.75,27.5,0.007072727554921776,1,0,13044.0,13149.0,40.58998189308841,-40.58998189308841,-0.0030903120652448547,-0.003095096939955411
KR--TH,KR,TH,3719.513508661133,10,3720.0,3720.0,3720.0,3720.0,0.0,0.0,3720.0,3720.0,3720.0,3720.0,0.0,0.0,0.0,0,0,3720.0,3720.0,0.4864913388669265,0.4864913388669265,0.00013079434655475757,0.00013078579371994048
KR--TR,KR,TR,7765.002447792769,10,7828.5,7805.0,7831.25,7816.318666666334,114.94080602157307,13211.388888888887,7650.0,7985.0,7752.5,7927.5,175.0,60.0,0.01468235371036253,0,0,7762.0,7899.0,63.49755220723091,63.49755220723091,0.008177402728994674,0.008144148934742124
KR--TZ,KR,TZ,10537.870724122911,10,11134.0,11100.0,11118.75,11120.179833341454,155.47061172810479,24171.111111111113,10950.0,11440.0,11020.0,11225.0,205.0,122.5,0.01396359006000582,0,0,11047.475,11224.55,596.1292758770887,596.1292758770887,0.056570183055335004,0.05502798564076649
KR--UA,KR,UA,7313.668925959538,10,7034.5,7030.0,7033.75,7030.666666666667,5.986094998689324,35.833333333333336,7030.0,7045.0,7030.0,7040.0,10.0,0.0,0.0008509623994156406,0,0,7031.0,7038.0,279.1689259595378,-279.1689259595378,-0.03817084541093189,-0.0389184380703668
KR--US,KR,US,11188.89291648359,10,11157.0,11150.0,11157.5,11154.447800017708,11.595018087284059,134.44444444444446,11140.0,11170.0,11150.0,11170.0,20.0,5.0,0.0010392594861776516,0,0,11150.0,11164.0,31.892916483589943,-31.892916483589943,-0.0028504085901657865,-0.002854478740966461
KR--VN,KR,VN,2740.7404572606933,10,2701.0,2700.0,2700.0,2700.1111111111113,3.1622776601683795,10.000000000000002,2700.0,2710.0,2700.0,2700.0,0.0,0.0,0.001170780325867597,1,0,2700.0,2703.0,39.74045726069335,-39.74045726069335,-0.014499898067842956,-0.014606048957447578
KR--ZA,KR,ZA,12439.33130876874,10,13407.0,13440.0,13424.375,13440.0,116.8855090343633,13662.222222222223,13155.0,13520.0,13425.0,13450.0,25.0,15.0,0.008718244874644834,4,0,13331.9625,13465.0125,967.6686912312598,967.6686912312598,0.0777910538124449,0.07491362606756187
MA--MX,MA,MX,9030.70859335305,10,9054.0,9050.0,9051.875,9051.874999999976,49.710271686152666,2471.1111111111113,8960.0,9165.0,9041.25,9063.75,22.5,12.5,0.005490420994715337,2,0,9025.5,9083.5125,23.291406646949326,23.291406646949326,0.0025791338969892905,0.002575813638861617
MA--MY,MA,MY,11510.602148512982,10,11618.5,11607.5,11628.75,11620.083166667006,139.10527588045602,19350.27777777778,11325.0,11830.0,11566.25,11702.5,136.25,57.5,0.011972739672113958,1,0,11535.4875,11695.5125,107.89785148701776,107.89785148701776,0.009373779937390742,0.0093301186973954
MA--NG,MA,NG,3128.743164350726,10,3152.5,3150.0,3153.125,3152.5000000017226,49.23018495913977,2423.6111111111118,3050.0,3250.0,3141.25,3165.0,23.75,15.0,0.015616236307419436,2,0,3123.5,3182.0,23.756835649273853,23.756835649273853,0.007593092306189297,0.007564409881501728
MA--NL,MA,NL,2242.2927982728406,10,2308.3,2310.0,2308.5,2308.70707499996,5.437523946307424,29.566666666666663,2300.0,2315.0,2305.25,2311.5,6.25,4.5,0.0023556400581845618,0,0,2305.2,2311.2,66.00720172715955,66.00720172715955,0.029437369543354276,0.029012409834604652
MA--NO,MA,NO,3151.447797422512,10,3145.7,3112.5,3130.875,3126.5759285681456,88.3013149518297,7797.122222222222,3070.0,3340.0,3077.5,3185.5,108.0,42.5,0.02807048191239778,0,0,3098.1949999999997,3206.0,5.747797422512122,-5.747797422512122,-0.0018238593154591032,-0.0018255245719642067
MA--NZ,MA,NZ,19184.614067775434,10,18920.5,18935.0,18925.625,18938.52500043485,178.9855673883605,32035.833333333336,18650.0,19150.0,18817.5,19050.0,232.5,125.0,0.009459875129534659,0,0,18814.0,19023.5125,264.1140677754338,-264.1140677754338,-0.013766973202711882,-0.013862616808128217
MA--PE,MA,PE,8994.063367057093,10,9538.0,9520.0,9535.0,9531.04492856923,169.7579976842852,28817.777777777774,9235.0,9865.0,9457.5,9625.0,167.5,82.5,0.017798070631608848,0,0,9446.4875,9642.025,543.9366329429067,543.9366329429067,0.06047729605010397,0.05871908607122727
MA--PH,MA,PH,12306.704272957739,10,12293.0,12325.0,12299.375,12303.61035671992,114.4600852311019,13101.111111111111,12100.0,12435.0,12221.25,12371.25,150.0,87.5,0.009310996927609363,0,0,12224.475,12356.025,13.704272957738795,-13.704272957738795,-0.001113561572114154,-0.0011141820424656822
MA--PK,MA,PK,7189.637834826475,10,7496.5,7500.0,7512.5,7512.5000000081545,189.28300387397584,35828.055555555555,7115.0,7750.0,7398.75,7647.5,248.75,145.0,0.025249516957777076,0,0,7373.4625,7601.0125,306.8621651735248,306.8621651735248,0.042681171461389895,0.041795445166330575
MA--PL,MA,PL,3003.7613829081456,10,2885.5,2877.5,2882.5,2876.6666666657716,43.169562322440925,1863.611111111111,2830.0,2965.0,2863.75,2885.0,21.25,12.5,0.014960860274628635,3,0,2862.0,2911.5125,118.2613829081456,-118.2613829081456,-0.0393710977113797,-0.040167102458235175
MA--PT,MA,PT,561.1139331622182,10,441.2,440.0,441.125,440.6666666666667,1.5491933384829668,2.4000000000000004,440.0,443.0,440.0,443.0,3.0,0.0,0.0035113176302877763,0,0,440.3,442.1,119.91393316221826,-119.91393316221826,-0.21370692487785917,-0.24042568693920408
MA--RU,MA,RU,4154.088683247983,10,4200.5,4220.0,4206.25,4212.956571428726,83.31499798288954,6941.388888888888,4040.0,4315.0,4166.25,4250.0,83.75,40.0,0.019834543026518162,1,0,4144.5,4245.525,46.41131675201723,46.41131675201723,0.011172442451500416,0.011110491716617007
MA--SA,MA,SA,5250.266926333236,10,4906.5,4922.5,4911.25,4913.955071427662,45.88935969626656,2105.833333333334,4825.0,4950.0,4873.75,4947.5,73.75,27.5,0.009352768714209021,0,0,4881.0,4932.5125,343.76692633323637,-343.76692633323637,-0.06547608553177346,-0.06771806175774657
MA--SE,MA,SE,3357.2928975060963,10,3504.0,3497.5,3502.5,3503.3803888905777,48.808013913928335,2382.2222222222217,3440.0,3580.0,3463.75,3545.0,81.25,47.5,0.013929227715162196,0,0,3477.0,3534.0,146.70710249390368,146.70710249390368,0.04369803498612896,0.04277020910388536
MA--SG,MA,SG,11826.42016648286,10,11874.5,11882.5,11880.625,11880.624999997464,106.67838477300721,11380.277777777777,11650.0,12050.0,11827.5,11930.0,102.5,55.0,0.008983821194408792,1,0,11808.5,11933.5,48.07983351714029,48.07983351714029,0.004065459609950513,0.004057217958878875
MA--SN,MA,SN,2391.787943560576,10,2304.0,2300.0,2300.0,2300.0,16.46545204697129,271.11111111111103,2290.0,2350.0,2300.0,2300.0,0.0,0.0,0.007146463562053511,2,0,2297.0,2315.0,87.78794356057597,-87.78794356057597,-0.03670389918844099,-0.03739443696726921
MA--TH,MA,TH,10705.56891983213,10,11043.0,11050.0,11042.5,11042.499999992133,188.50582071767556,35534.44444444444,10750.0,11340.0,10895.0,11190.0,295.0,155.0,0.017070163969725216,0,0,10931.975,11152.075,337.43108016786937,337.43108016786937,0.031519210487055596,0.031032677191962846
MA--TR,MA,TR,3564.835480066176,10,3429.5,3435.0,3433.75,3433.9658571425543,28.032718978603082,785.8333333333335,3365.0,3460.0,3417.5,3450.0,32.5,15.0,0.008173995911533193,1,0,3412.9875,3444.0,135.33548006617593,-135.33548006617593,-0.037964018486391304,-0.03870342619509956
MA--TZ,MA,TZ,6314.658277637436,10,6397.5,6332.5,6381.875,6348.1593333330975,127.52450744856849,16262.499999999998,6270.0,6650.0,6321.25,6450.0,128.75,30.0,0.01993349080868597,1,0,6336.5,6481.5,82.84172236256381,82.84172236256381,0.013118955724957802,0.013033647518342913
MA--UA,MA,UA,3528.2254241343594,10,3519.5,3487.5,3511.25,3492.895599963151,54.33691194758863,2952.5000000000005,3475.0,3630.0,3481.25,3545.0,63.75,10.0,0.015438815725980574,0,0,3489.9875,3553.5,8.7254241343594,-8.7254241343594,-0.002473034765487004,-0.002476097766944137
MA--US,MA,US,6156.291767126741,10,6144.5,6150.0,6145.0,6145.065249999683,18.173546098045307,330.2777777777778,6120.0,6165.0,6130.0,6161.25,31.25,15.0,0.0029576932375368716,0,0,6133.5,6154.5,11.791767126741433,-11.791767126741433,-0.0019154009544685494,-0.0019172376806294775
MA--VN,MA,VN,10647.136952745917,10,10621.5,10667.5,10622.5,10622.676875000163,132.12052578359402,17455.833333333332,10450.0,10785.0,10492.5,10715.0,222.5,112.5,0.012438970558169187,0,0,10539.9375,10692.0125,25.63695274591737,-25.63695274591737,-0.002407872920175555,-0.0024107765080923164
MA--ZA,MA,ZA,7578.285436291664,10,7657.5,7655.0,7657.5,7657.30278571426,12.96362432175337,168.05555555555551,7635.0,7680.0,7650.0,7665.0,15.0,7.5,0.0016929316776693921,0,0,7650.5,7664.5,79.21456370833585,79.21456370833585,0.010452834532859515,0.010398581396513819
MX--MY,MX,MY,16634.32204066329,10,16589.0,16600.0,16592.5,16599.571428571428,19.119507199599983,365.5555555555556,16550.0,16600.0,16585.0,16600.0,15.0,0.0,0.0011525412743143037,2,0,16577.0,16600.0,45.322040663289954,-45.322040663289954,-0.0027246100293416434,-0.0027283285351021834
MX--NG,MX,NG,11398.49344176858,10,11332.0,11467.5,11415.0,11463.851500001425,310.8340035738976,96617.77777777777,10500.0,11500.0,11356.25,11483.75,127.5,17.5,0.027429756757315352,2,0,11147.9875,11468.5125,66.49344176857994,-66.49344176857994,-0.005833528975410182,-0.0058506104682136
MX--NL,MX,NL,9230.824470291544,10,9206.5,9206.5,9206.875,9206.821733333332,3.2744804507314167,10.722222222222221,9200.0,9210.0,9205.0,9209.5,4.5,2.0,0.00035567049918333967,0,0,9204.4,9208.3,24.32447029154355,-24.32447029154355,-0.002635135178859629,-0.0026386132590496547
MX--NO,MX,NO,9207.206656401106,10,9459.5,9507.5,9477.5,9507.5,127.5288638352554,16263.611111111111,9215.0,9560.0,9482.5,9530.0,47.5,25.0,0.01348156497016284,2,0,9371.975,9524.5125,252.29334359889435,252.29334359889435,0.027401724867714684,0.02703301791638651
MX--NZ,MX,NZ,11096.668791733968,10,11166.0,11125.0,11163.75,11166.740928548374,250.95152254303352,62976.66666666666,10750.0,11600.0,11100.0,11343.75,243.75,197.5,0.022474612443402608,0,0,11019.4625,11309.0125,69.33120826603226,69.33120826603226,0.006247929857803619,0.006228492464349463
MX--PE,MX,PE,4242.004305490678,10,4238.5,4237.5,4238.125,4237.5,7.090682462060882,50.27777777777777,4230.0,4250.0,4235.0,4240.0,5.0,2.5,0.0016729226051812862,2,0,4234.5,4243.0,3.5043054906782345,-3.5043054906782345,-0.0008260966369464557,-0.0008264380428089983
MX--PH,MX,PH,14235.182311520231,10,14226.0,14220.0,14225.0,14220.741300008876,12.202003478482084,148.88888888888886,14215.0,14245.0,14220.0,14235.0,15.0,2.5,0.0008577255362352091,0,0,14219.0,14233.5,9.182311520231451,-9.182311520231451,-0.0006450434788460982,-0.0006452516088976543
MX--PK,MX,PK,14066.453084225219,10,14674.0,14645.0,14652.5,14652.499999997342,265.8299372823828,70665.55555555556,14320.0,15200.0,14492.5,14833.75,341.25,190.0,0.018115710595773667,0,0,14527.475,14826.025,607.5469157747812,607.5469157747812,0.04319119483333811,0.042284471619102815
MX--PL,MX,PL,10192.871677759145,10,10184.5,10185.0,10186.875,10186.875000000007,13.006408676751114,169.16666666666666,10150.0,10200.0,10185.0,10190.0,5.0,2.5,0.0012770787644706284,2,0,10175.5,10190.5,8.371677759145314,-8.371677759145314,-0.0008213267098625721,-0.0008216641834414313
MX--PT,MX,PT,8683.463178335352,10,7917.1,7577.5,7834.125,7610.157033341164,585.0250611915887,342254.32222222217,7490.0,9008.0,7532.5,8360.0,827.5,73.5,0.07389385774988173,0,0,7632.645,8282.2275,766.3631783353521,-766.3631783353521,-0.08825547625368826,-0.09239545562198397
MX--RU,MX,RU,10735.215575427284,10,10710.5,10720.0,10713.75,10717.217428571448,23.50531854708632,552.5000000000001,10665.0,10730.0,10702.5,10728.75,26.25,10.0,0.002194605158217293,0,0,10696.0,10723.0,24.71557542728442,-24.71557542728442,-0.002302289623680956,-0.0023049439672643314
MX--SA,MX,SA,13896.334176917055,10,13979.7,13906.0,13952.125,13902.59065714257,185.78604779572538,34516.455555555556,13850.0,14330.0,13880.0,13915.0,35.0,21.0,0.013289702053386365,2,0,13887.895,14107.4525,83.36582308294601,83.36582308294601,0.005999123367472225,0.005981200273064735
MX--SE,MX,SE,9597.983316257523,10,9567.0,9565.0,9566.25,9566.03414285711,7.888106377466155,62.22222222222222,9560.0,9580.0,9560.0,9573.75,13.75,5.0,0.0008245120076791215,0,0,9562.5,9572.0,30.983316257523256,-30.983316257523256,-0.003228106909192292,-0.0032333284865355963
MX--SG,MX,SG,16619.715449178875,10,16377.6,16580.0,16412.0,16579.885533333487,336.56275624152016,113274.48888888893,15880.0,16600.0,16070.0,16588.0,518.0,9.0,0.02055018783225382,0,0,16167.8,16584.809999999998,242.11544917887477,-242.11544917887477,-0.014567965975063484,-0.014675120749424413
MX--SN,MX,SN,8626.492575918614,10,8968.5,9037.5,8986.875,9000.982166662005,169.23110431202258,28639.166666666668,8640.0,9150.0,8852.5,9068.75,216.25,97.5,0.018869499282156723,0,0,8863.9875,9059.0125,342.0074240813865,342.0074240813865,0.039646173815314156,0.038880437780908016
MX--TH,MX,TH,15755.522525889133,10,15664.0,15465.0,15464.375,15464.258700000568,632.8146999275889,400454.4444444444,15460.0,17465.0,15461.25,15465.0,3.75,2.5,0.04039930413225159,1,0,15462.5,16065.0,91.52252588913325,-91.52252588913325,-0.005808917205934961,-0.005825854589242835
MX--TR,MX,TR,11768.795374105772,10,11748.5,11742.5,11749.375,11748.138071430663,138.08310702053473,19066.944444444445,11530.0,11960.0,11655.0,11862.5,207.5,102.5,0.01175325420441203,0,0,11666.4875,11829.525,20.29537410577177,-20.29537410577177,-0.0017245073485113488,-0.0017259960230418682
MX--TZ,MX,TZ,14938.231690550672,10,14955.5,14947.5,14959.375,14958.79477777894,106.80849945372117,11408.055555555555,14785.0,15095.0,14885.0,15051.25,166.25,95.0,0.007141753833286829,0,0,14894.9875,15020.0125,17.268309449327717,17.268309449327717,0.001155980828724926,0.0011553131973499131
MX--UA,MX,UA,10833.717889250147,10,10795.5,10795.0,10796.25,10796.149777777777,23.50531854708632,552.5000000000001,10760.0,10825.0,10776.25,10818.75,42.5,20.0,0.00217732560299072,0,0,10782.0,10809.5,38.21788925014698,-38.21788925014698,-0.003527679937841932,-0.003533916872974645
MX--US,MX,US,3030.093510534221,10,3034.5,3035.0,3035.0,3034.8888888888887,1.5811388300841898,2.5000000000000004,3030.0,3035.0,3035.0,3035.0,0.0,0.0,0.0005210541539245971,1,0,3033.5,3035.0,4.406489465779032,4.406489465779032,0.0014542420722197928,0.001453185686254176
MX--VN,MX,VN,14772.36666926787,10,14588.0,14600.0,14589.375,14593.328300026516,20.439612955674523,417.7777777777778,14550.0,14615.0,14575.0,14600.0,25.0,7.5,0.0014011250997857502,0,0,14575.5,14599.0125,184.36666926787075,-184.36666926787075,-0.012480509954537169,-0.012559045646728264
MX--ZA,MX,ZA,14607.47105898857,10,14382.0,14387.5,14380.0,14381.999999999993,30.74988708199683,945.5555555555557,14350.0,14430.0,14350.0,14400.0,50.0,32.5,0.0021380814269223217,0,0,14365.0,14400.5125,225.4710589885708,-225.4710589885708,-0.015435324710079044,-0.015555689520895222
MY--NG,MY,NG,10420.365898604718,10,10356.0,10400.0,10356.875,10389.543666668862,153.40215846663378,23532.222222222223,10135.0,10570.0,10218.75,10450.0,231.25,65.0,0.01481287741083756,0,0,10265.4375,10442.5,64.36589860471759,-64.36589860471759,-0.00617693267501635,-0.00619608884865503
MY--NL,MY,NL,10191.674131483782,10,10233.5,10235.0,10234.375,10235.741300000012,11.067971810589327,122.49999999999999,10210.0,10250.0,10235.0,10238.75,3.75,2.5,0.0010815431485405118,3,0,10226.5,10240.0,41.82586851621818,41.82586851621818,0.0041039252213736985,0.004095527089292306
MY--NO,MY,NO,9756.41766681565,10,9622.5,9617.5,9621.875,9621.148499999805,24.40969752646135,595.8333333333334,9590.0,9660.0,9602.5,9645.0,42.5,17.5,0.0025367313615444376,0,0,9608.4875,9637.0,133.9176668156506,-133.9176668156506,-0.013726110483271195,-0.013821184538250137
MY--NZ,MY,NZ,8841.078241919804,10,8722.0,8732.5,8723.75,8725.419285592445,37.282703764614496,1390.0,8660.0,8770.0,8700.0,8750.0,50.0,25.0,0.004274559019102786,0,0,8699.5,8743.5,119.07824191980399,-119.07824191980399,-0.013468746533109137,-0.013560272858718683
MY--PE,MY,PE,19013.09740368873,10,19744.0,19750.0,19745.0,19750.0,25.03331114069145,626.6666666666666,19700.0,19780.0,19750.0,19750.0,0.0,0.0,0.0012678946080171925,4,0,19728.0,19757.0,730.902596311269,730.902596311269,0.03844205816614954,0.03772156900393137
MY--PH,MY,PH,2466.062114353582,10,2484.0,2485.0,2484.375,2484.75,2.1081851067789197,4.444444444444445,2480.0,2485.0,2485.0,2485.0,0.0,0.0,0.000848705759572834,2,0,2482.5,2485.0,17.93788564641818,17.93788564641818,0.007273898553492097,0.007247571343955167
MY--PK,MY,PK,4494.739093847033,10,3987.0,3945.0,3988.125,3980.3878571926916,333.52661063249514,111240.00000000001,3495.0,4470.0,3745.0,4226.25,481.25,275.0,0.08365352661963761,0,0,3783.5,4182.025,507.73909384703256,-507.73909384703256,-0.11296297365559885,-0.11986855420173342
MY--PL,MY,PL,9097.205754114833,10,9364.5,9400.0,9384.375,9402.167714285515,91.17900586818827,8313.611111111111,9150.0,9420.0,9396.25,9412.5,16.25,10.0,0.009736665691514578,2,0,9304.475,9408.0,267.2942458851667,267.2942458851667,0.029382016094806316,0.028958637804918735
MY--PT,MY,PT,11578.724073923351,10,11675.0,11682.5,11675.0,11675.0,35.11884584284246,1233.3333333333333,11630.0,11720.0,11642.5,11705.0,62.5,32.5,0.0030080381878237654,0,0,11654.0,11694.5125,96.27592607664883,96.27592607664883,0.008314899419140105,0.008280521079790363
MY--RU,MY,RU,8120.2776123462945,10,8210.0,8210.0,8210.0,8210.0,4.714045207910317,22.222222222222225,8200.0,8220.0,8210.0,8210.0,0.0,0.0,0.0005741833383569204,2,0,8207.0,8213.0,89.72238765370548,89.72238765370548,0.01104917737261705,0.010988581162573213
MY--SA,MY,SA,6341.828455301534,10,6360.0,6355.0,6356.25,6355.603250000002,15.634719199411432,244.44444444444446,6350.0,6400.0,6350.0,6360.0,10.0,5.0,0.002458289182297395,1,0,6353.0,6371.0,18.171544698466278,18.171544698466278,0.002865347876648341,0.0028612505923184526
MY--SE,MY,SE,9341.491142366964,10,9422.5,9415.0,9417.5,9416.96519999998,105.9677623934122,11229.166666666664,9220.0,9665.0,9410.0,9431.25,21.25,10.0,0.011246247003811324,2,0,9357.9875,9493.0,81.00885763303631,81.00885763303631,0.008671940742483019,0.00863455544428191
MY--SG,MY,SG,316.8988719686071,10,315.0,315.0,315.0,315.0,0.0,0.0,315.0,315.0,315.0,315.0,0.0,0.0,0.0,0,0,315.0,315.0,1.898871968607125,-1.898871968607125,-0.005992043950207662,-0.0060100682833577135
MY--SN,MY,SN,13043.639094479997,10,13084.0,12950.0,13070.625,13048.408833306152,300.84879923310314,90510.0,12745.0,13530.0,12872.5,13381.25,508.75,202.5,0.022993641029738852,0,0,12908.4875,13263.0125,40.36090552000314,40.36090552000314,0.003094297935388574,0.0030895204483072252
MY--TH,MY,TH,1177.7394610704162,10,1185.0,1185.0,1185.0,1185.0,0.0,0.0,1185.0,1185.0,1185.0,1185.0,0.0,0.0,0.0,0,0,1185.0,1185.0,7.260538929583845,7.260538929583845,0.006164809085181653,0.006145884387923862
MY--TR,MY,TR,7987.759450740217,10,8170.5,8157.5,8166.875,8168.638374995192,103.77459547821262,10769.166666666666,8045.0,8325.0,8087.5,8242.5,155.0,97.5,0.012701131568228703,0,0,8108.0,8232.5,182.7405492597827,182.7405492597827,0.022877572914748744,0.022619805237778647
MY--TZ,MY,TZ,7402.73482591565,10,7834.5,7830.0,7805.0,7808.425571424992,182.9913477007406,33485.833333333336,7640.0,8265.0,7701.25,7885.0,183.75,85.0,0.023357118858987884,1,0,7736.5,7952.0125,431.7651740843503,431.7651740843503,0.0583250898806773,0.05668755455708636
MY--UA,MY,UA,8411.290456319653,10,8510.5,8480.0,8498.75,8499.55788888773,111.96353573076073,12535.833333333334,8380.0,8735.0,8442.5,8567.5,125.0,85.0,0.01315592923221441,0,0,8450.0,8581.5,99.20954368034654,99.20954368034654,0.011794806539561055,0.011725789970215584
MY--US,MY,US,15344.127499182949,10,15010.0,14847.5,14945.0,14853.636899792713,351.52840884091034,123572.22222222222,14800.0,15740.0,14833.75,14917.5,83.75,32.5,0.02341961417994073,2,0,14836.0,15240.5625,334.12749918294867,-334.12749918294867,-0.021775594552426683,-0.022016181844853665
MY--VN,MY,VN,2027.1201148112582,10,2099.0,2100.0,2099.375,2099.75,2.1081851067789197,4.444444444444445,2095.0,2100.0,2100.0,2100.0,0.0,0.0,0.0010043759441538446,2,0,2097.5,2100.0,71.87988518874181,71.87988518874181,0.035459114959961034,0.034844917693965326
MY--ZA,MY,ZA,8519.437119588007,10,8694.0,8650.0,8680.0,8673.33333333561,126.33289357883005,15960.0,8550.0,8950.0,8650.0,8740.0,90.0,65.0,0.01453104365986083,1,0,8624.0,8773.0,174.56288041199332,174.56288041199332,0.020489954672079914,0.020282859683870925
NG--NL,NG,NL,4803.701354562851,10,4829.3,4829.0,4833.5,4833.83333333334,45.97595990176702,2113.788888888889,4740.0,4885.0,4816.25,4865.0,48.75,30.0,0.009520212018670825,1,0,4801.4875,4855.0025,25.59864543714957,25.59864543714957,0.005328941902858804,0.005314793334298503
NG--NO,NG,NO,5646.7717130159035,10,5383.0,5382.5,5381.875,5381.353999998829,74.1694756022389,5501.111111111112,5240.0,5535.0,5356.25,5403.75,47.5,30.0,0.013778464722689746,2,0,5340.0,5425.5125,263.7717130159035,-263.7717130159035,-0.046711949131555165,-0.047838164053509824
NG--NZ,NG,NZ,16223.187399540882,10,15923.0,15900.0,15915.625,15899.166666667412,289.8198674272617,83995.55555555556,15505.0,16400.0,15785.0,16021.25,236.25,137.5,0.01820133564198089,1,0,15755.475,16099.525,300.1873995408823,-300.1873995408823,-0.018503601798335736,-0.01867693495991016
NG--PE,NG,PE,9643.897366310626,10,9229.5,9215.0,9229.375,9213.212642855167,152.77888888484853,23341.388888888894,8975.0,9485.0,9141.25,9275.0,133.75,72.5,0.01655332237768552,1,0,9142.0,9318.0375,414.39736631062624,-414.39736631062624,-0.04296990631176307,-0.04392044216336686
NG--PH,NG,PH,12235.34688266842,10,12072.0,11920.0,12064.375,12010.090599530857,282.5007374621643,79806.66666666667,11730.0,12475.0,11875.0,12322.5,447.5,135.0,0.023401320200643165,0,0,11908.0,12235.525,163.34688266842022,-163.34688266842022,-0.013350408797956018,-0.013440326696039548
NG--PK,NG,PK,7205.476952378416,10,6686.5,6687.5,6690.625,6690.624999255134,201.82569487335132,40733.61111111111,6360.0,6980.0,6522.5,6850.0,327.5,162.5,0.030184056662431964,0,0,6571.9375,6807.5875,518.9769523784162,-518.9769523784162,-0.07202534347252473,-0.07475085634528275
NG--PL,NG,PL,4940.545235260267,10,4902.0,4890.0,4900.625,4901.589333332152,46.619023298792236,2173.3333333333335,4850.0,4965.0,4862.5,4943.75,81.25,40.0,0.009510204671316245,0,0,4874.0,4928.5125,38.54523526026696,-38.54523526026696,-0.007801818104036934,-0.007832411513598786
NG--PT,NG,PT,3682.00110841764,10,3812.5,3815.0,3811.875,3814.1956666667033,14.385563751360058,206.94444444444446,3790.0,3840.0,3803.75,3818.75,15.0,5.0,0.003773262623307556,0,0,3804.5,3821.5,130.4988915823601,130.4988915823601,0.03544238248163991,0.034828758085850536
NG--RU,NG,RU,5807.769283957347,10,5554.5,5567.5,5560.0,5561.66666666604,77.79781487933964,6052.5,5395.0,5670.0,5542.5,5573.75,31.25,22.5,0.014006267869176279,4,0,5504.4875,5598.5,253.2692839573474,-253.2692839573474,-0.04360870268330849,-0.04458814285729762
NG--SA,NG,SA,4500.0833361671885,10,4387.0,4402.5,4388.75,4400.468999779222,91.29317852087551,8334.444444444447,4235.0,4525.0,4365.0,4443.75,78.75,45.0,0.020809933558439825,2,0,4325.5,4437.5125,113.08333616718846,-113.08333616718846,-0.02512916488864489,-0.025450293568983973
NG--SE,NG,SE,5648.083214797142,10,5512.5,5507.5,5511.25,5510.833333332387,103.82276564736014,10779.166666666666,5375.0,5660.0,5450.0,5577.5,127.5,67.5,0.01883406179543948,0,0,5452.4875,5575.05,135.58321479714232,-135.58321479714232,-0.024005173019040222,-0.0242979928075173
NG--SG,NG,SG,10690.478531487915,10,10998.5,10940.0,10986.25,10980.622357145126,341.5084999755578,116628.05555555558,10545.0,11550.0,10750.0,11273.75,523.75,252.5,0.031050461424335846,0,0,10798.35,11203.5125,308.02146851208454,308.02146851208454,0.028812692304168885,0.02840541142372675
NG--SN,NG,SN,2792.475346325268,10,2543.0,2575.0,2568.75,2565.422777776009,132.58540224658555,17578.88888888889,2230.0,2650.0,2485.0,2650.0,165.0,75.0,0.052137397658901116,1,0,2461.975,2611.025,249.47534632526822,-249.47534632526822,-0.08933842393758748,-0.09358393695057896
NG--TH,NG,TH,10098.775445297742,10,10564.0,10545.0,10507.5,10510.79580052742,302.68061641861965,91615.55555555556,10230.0,11350.0,10405.0,10560.0,155.0,85.0,0.028652084098695536,1,0,10416.9875,10767.5,465.2245547022576,465.2245547022576,0.046067422453568714,0.04503782097803093
NG--TR,NG,TR,4240.937563878063,10,4113.0,4100.0,4115.625,4115.62500000308,94.25733098515174,8884.444444444447,3960.0,4245.0,4057.5,4182.5,125.0,80.0,0.022916929488245013,0,0,4057.0,4169.0125,127.93756387806297,-127.93756387806297,-0.030167283047919328,-0.0306316791075162
NG--TZ,NG,TZ,3557.1927842916293,10,3434.5,3450.0,3440.0,3441.528000001087,76.71918491051201,5885.833333333334,3275.0,3550.0,3395.0,3475.0,80.0,40.0,0.02233780314762324,0,0,3386.9875,3475.5125,122.69278429162932,-122.69278429162932,-0.03449146327785045,-0.035100335389684004
NG--UA,NG,UA,5050.317778330715,10,5229.5,5207.5,5226.25,5211.952833332735,78.89690882551878,6224.722222222223,5110.0,5375.0,5191.25,5251.25,60.0,22.5,0.015086893359885032,2,0,5184.4875,5276.525,179.18222166928535,179.18222166928535,0.03547939546261792,0.034864503502578754
NG--US,NG,US,8912.837189115719,10,8746.5,8745.0,8745.0,8745.0,54.87612312189053,3011.3888888888882,8665.0,8840.0,8735.0,8757.5,22.5,12.5,0.006274066554837996,4,0,8714.5,8780.0,166.3371891157185,-166.3371891157185,-0.01866265315817146,-0.018838997957436557
NG--VN,NG,VN,10509.155498205999,10,10784.5,10695.0,10766.25,10742.322166661108,196.91298134511655,38774.72222222222,10565.0,11150.0,10652.5,10920.0,267.5,102.5,0.018258888343930323,0,0,10683.5,10894.55,275.3445017940012,275.3445017940012,0.02620044035327147,0.025863088636209657
NG--ZA,NG,ZA,4454.133473532923,10,4504.0,4510.0,4505.0,4509.62683333352,18.52925614624973,343.33333333333337,4475.0,4525.0,4491.25,4515.0,23.75,7.5,0.0041139556274977195,0,0,4492.4875,4514.0,49.866526467077165,49.866526467077165,0.011195561777254984,0.011133355335609356
NL--NO,NL,NO,916.4123574186069,10,915.0,915.0,915.0,915.0,0.0,0.0,915.0,915.0,915.0,915.0,0.0,0.0,0.0,0,0,915.0,915.0,1.4123574186069163,-1.4123574186069163,-0.0015411811147825534,-0.001542369956033596
NL--NZ,NL,NZ,18559.7377139544,10,18557.0,18565.0,18560.0,18565.0,34.009802508492555,1156.6666666666665,18500.0,18590.0,18550.0,18580.0,30.0,15.0,0.0018327209413424883,2,0,18535.0,18577.0,2.737713954400533,-2.737713954400533,-0.00014750822433994552,-0.00014751910474805749
NL--PE,NL,PE,10520.554598873148,10,10519.5,10520.0,10520.0,10519.888888888889,1.5811388300841898,2.5000000000000004,10515.0,10520.0,10520.0,10520.0,0.0,0.0,0.00015030551167680877,1,0,10518.5,10520.0,1.0545988731482794,-1.0545988731482794,-0.00010024175657633457,-0.00010024678111696526
NL--PH,NL,PH,10403.669642766034,10,9275.5,9275.0,9275.625,9275.142857142857,2.8382310609877335,8.055555555555555,9270.0,9280.0,9275.0,9275.0,0.0,0.0,0.0003059922441903653,3,0,9274.0,9277.0,1128.1696427660336,-1128.1696427660336,-0.10843958732873471,-0.11478207877998566
NL--PK,NL,PK,5697.10532452438,10,5826.0,5822.5,5819.375,5822.638214285631,44.92957452131799,2018.6666666666665,5770.0,5935.0,5810.5,5835.0,24.5,12.5,0.007711907744819428,2,0,5803.1975,5853.0,128.8946754756198,128.8946754756198,0.022624590583004627,0.022372450492769355
NL--PL,NL,PL,1094.9218044055763,10,1095.0,1095.0,1095.0,1095.0,0.0,0.0,1095.0,1095.0,1095.0,1095.0,0.0,0.0,0.0,0,0,1095.0,1095.0,0.07819559442373247,0.07819559442373247,7.141660172361276e-05,7.141405167962594e-05
NL--PT,NL,PT,1863.734590183404,10,1863.9,1864.0,1864.0,1863.9,0.31622776601683794,0.1,1863.0,1864.0,1864.0,1864.0,0.0,0.0,0.00016965919095275386,1,0,1863.7,1864.0,0.16540981659613863,0.16540981659613863,8.875180911884089e-05,8.874787091002831e-05
NL--RU,NL,RU,2153.7587182460625,10,2150.0,2150.0,2150.0,2150.0,0.0,0.0,2150.0,2150.0,2150.0,2150.0,0.0,0.0,0.0,0,0,2150.0,2150.0,3.7587182460624717,-3.7587182460624717,-0.0017451900318357972,-0.001746714650049982
NL--SA,NL,SA,4668.278240051819,10,4672.5,4667.5,4667.5,4668.438388889306,27.309949346956564,745.8333333333333,4650.0,4735.0,4650.0,4686.25,36.25,17.5,0.005844825970456193,0,0,4657.5,4689.5125,4.221759948180988,4.221759948180988,0.0009043505401970483,0.0009039418616212309
NL--SE,NL,SE,1131.6300553848139,10,1125.0,1125.0,1125.0,1125.0,0.0,0.0,1125.0,1125.0,1125.0,1125.0,0.0,0.0,0.0,0,0,1125.0,1125.0,6.630055384813886,-6.630055384813886,-0.005858854095704729,-0.005876084514664223
NL--SG,NL,SG,10501.875707111722,10,10511.9,10512.0,10512.0,10511.9,0.31622776601683794,0.1,10511.0,10512.0,10512.0,10512.0,0.0,0.0,3.008283621579714e-05,1,0,10511.7,10512.0,10.024292888278069,10.024292888278069,0.000954524045784484,0.0009540687773941713
NL--SN,NL,SN,4622.391187616452,10,4649.8,4650.0,4650.0,4649.888888888889,0.6324555320336759,0.4,4648.0,4650.0,4650.0,4650.0,0.0,0.0,0.00013601779260047226,1,0,4649.4,4650.0,27.40881238354814,27.40881238354814,0.005929574385001708,0.005912063645533067
NL--TH,NL,TH,9184.527369269523,10,9198.0,9200.0,9197.5,9198.391333333298,15.491933384829668,240.00000000000003,9180.0,9220.0,9182.5,9210.0,27.5,10.0,0.0016842719487746975,0,0,9189.0,9207.0,13.472630730477249,13.472630730477249,0.00146688339952639,0.0014658085770369426
NL--TR,NL,TR,2538.4405504203605,10,2602.4,2582.5,2594.75,2580.833333330049,64.15467420400654,4115.822222222222,2546.0,2720.0,2565.0,2597.5,32.5,17.5,0.024652118891794705,2,0,2567.5,2642.9225,63.95944957963957,63.95944957963957,0.025196355127973358,0.024884160222463137
NL--TZ,NL,TZ,7113.778557184179,10,7190.0,7167.5,7188.125,7180.2281666670115,59.675045966560525,3561.1111111111118,7110.0,7285.0,7156.25,7233.75,77.5,32.5,0.008299728229007028,0,0,7158.4875,7228.5,76.22144281582132,76.22144281582132,0.010714621238644766,0.010657626441496737
NL--UA,NL,UA,1785.0113835275376,10,1784.5,1785.0,1785.0,1784.888888888889,1.5811388300841898,2.5000000000000004,1780.0,1785.0,1785.0,1785.0,0.0,0.0,0.000886040252218655,1,0,1783.5,1785.0,0.5113835275376459,-0.5113835275376459,-0.00028648754414498486,-0.00028652858954094534
NL--US,NL,US,6206.190650303078,10,6199.0,6200.0,6200.0,6199.888888888889,3.1622776601683795,10.000000000000002,6190.0,6200.0,6200.0,6200.0,0.0,0.0,0.0005101270624565864,1,0,6197.0,6200.0,7.190650303077746,-7.190650303077746,-0.0011586254287445379,-0.0011592971540888015
NL--VN,NL,VN,8893.9631609998,10,9173.5,9242.5,9198.75,9237.93212487325,159.566252349577,25461.38888888889,8875.0,9270.0,9210.0,9270.0,60.0,27.5,0.017394260898193386,2,0,9066.5,9258.0,279.5368390002004,279.5368390002004,0.031429952422782105,0.030946142762579905
NL--ZA,NL,ZA,8939.953838554835,10,9294.5,9265.0,9266.875,9266.637666666993,93.58448351920075,8758.055555555557,9250.0,9560.0,9261.25,9273.75,12.5,5.0,0.010068802358297999,1,0,9261.5,9356.0125,354.5461614451651,354.5461614451651,0.03965861209664572,0.03889240166558331
NO--NZ,NO,NZ,17661.515954076174,10,17557.5,17592.5,17564.375,17590.086999999883,54.4288526426931,2962.5,17460.0,17600.0,17507.5,17600.0,92.5,7.5,0.0031000343239466384,0,0,17526.4875,17588.5375,104.01595407617424,-104.01595407617424,-0.005889412570621831,-0.005906823554804007
NO--PE,NO,PE,11033.614836586856,10,10966.5,10985.0,10958.125,10964.651999997792,187.8541100606177,35289.16666666667,10750.0,11250.0,10782.5,11057.5,275.0,180.0,0.017129814440397365,0,0,10860.9625,11078.0125,67.11483658685574,-67.11483658685574,-0.006082760507853388,-0.0061013358601378735
NO--PH,NO,PH,9696.528062913647,10,9389.5,9415.0,9405.25,9414.226714285685,71.6088914404722,5127.833333333334,9203.0,9450.0,9410.5,9418.75,8.25,5.0,0.0076264861217820125,3,0,9343.8975,9422.7,307.02806291364686,-307.02806291364686,-0.03166371106457562,-0.03217584611200066
NO--PK,NO,PK,5312.256150502484,10,5336.0,5345.0,5332.5,5336.007333334026,64.23913656538876,4126.666666666668,5235.0,5465.0,5290.0,5361.25,71.25,30.0,0.012038818696662061,0,0,5299.9875,5372.0,23.74384949751584,23.74384949751584,0.0044696356547622275,0.004459676498159597
NO--PL,NO,PL,1063.2419616955133,10,1060.5,1060.0,1060.0,1060.111111111111,1.5811388300841898,2.5000000000000004,1060.0,1065.0,1060.0,1060.0,0.0,0.0,0.0014909371335070152,1,0,1060.0,1061.5,2.7419616955132824,-2.7419616955132824,-0.0025788689633174143,-0.0025821999739413966
NO--PT,NO,PT,2741.1243604470806,10,2771.0,2772.5,2770.0,2770.024857143121,13.291601358251256,176.66666666666663,2755.0,2795.0,2760.0,2780.0,20.0,10.0,0.004796680389119905,0,0,2763.5,2778.5,29.875639552919438,29.875639552919438,0.01089904565586608,0.01084007912348322
NO--RU,NO,RU,1648.9149949297591,10,1645.1,1645.0,1645.5,1645.4195666666733,2.183269719175042,4.766666666666667,1640.0,1647.0,1644.25,1647.0,2.75,1.5,0.0013271349578597301,1,0,1643.6,1646.2025,3.814994929759223,-3.814994929759223,-0.0023136395396305648,-0.0023163201390155735
NO--SA,NO,SA,4801.67564551418,10,4762.5,4737.5,4756.875,4748.567300328436,87.75755744600512,7701.38888888889,4660.0,4910.0,4710.0,4826.25,116.25,52.5,0.018426783715696615,0,0,4712.9875,4815.0125,39.17564551418036,-39.17564551418036,-0.008158744656311598,-0.00819220935776036
NO--SE,NO,SE,419.02432565533144,10,416.1,416.0,416.0,416.1,0.31622776601683794,0.1,416.0,417.0,416.0,416.0,0.0,0.0,0.0007599802115280893,1,0,416.0,416.3,2.9243256553314154,-2.9243256553314154,-0.006978892336997208,-0.007003358704669517
NO--SG,NO,SG,10056.000762360305,10,9668.9,9669.0,9668.625,9668.62500000696,2.766867462592951,7.655555555555555,9665.0,9675.0,9667.0,9670.0,3.0,1.5,0.00028616155535717106,1,0,9667.4,9670.6025,387.10076236030545,-387.10076236030545,-0.03849450407852263,-0.03925499798266287
NO--SN,NO,SN,5518.823019077122,10,5261.0,5175.0,5245.625,5187.532499999981,195.94216833885793,38393.333333333336,5070.0,5575.0,5148.75,5437.5,288.75,62.5,0.03724428214006043,0,0,5157.925,5382.0125,257.8230190771219,-257.8230190771219,-0.04671702973367608,-0.04784349362378504
NO--TH,NO,TH,8681.465564165668,10,8660.5,8660.0,8660.0,8660.111111111111,1.5811388300841898,2.5000000000000004,8660.0,8665.0,8660.0,8660.0,0.0,0.0,0.0001825690006447884,1,0,8660.0,8661.5,20.965564165668184,-20.965564165668184,-0.0024149798223248586,-0.0024179005894393113
NO--TR,NO,TR,2704.0156611690363,10,2903.0,2922.5,2909.375,2916.0233571428193,43.98231968012197,1934.4444444444441,2815.0,2940.0,2888.75,2933.75,45.0,17.5,0.015150644051023758,1,0,2874.5,2926.5,198.98433883096368,198.98433883096368,0.07358845649027643,0.07100673502609366
NO--TZ,NO,TZ,7652.737178326697,10,7644.0,7647.5,7641.875,7642.490857817046,195.33162684123747,38154.44444444444,7345.0,7960.0,7500.0,7765.0,265.0,140.0,0.02555358802213991,0,0,7525.9875,7755.525,8.737178326697176,-8.737178326697176,-0.00114170631018686,-0.0011423585533302046
NO--UA,NO,UA,1632.1575353448625,10,1638.5,1640.0,1638.75,1639.2586999999853,5.296749527356901,28.055555555555557,1630.0,1645.0,1636.25,1640.0,3.75,2.5,0.0032326820429398237,2,0,1635.5,1641.5,6.342464655137519,6.342464655137519,0.003885939021074583,0.003878408263109699
NO--US,NO,US,6247.236504991629,10,6269.1,6260.5,6260.125,6266.492811121543,201.12541692519454,40451.433333333334,6035.0,6575.0,6076.25,6448.75,372.5,190.5,0.03208202404255707,0,0,6147.9275,6388.675,21.8634950083715,21.8634950083715,0.0034997066288273647,0.0034935969062582584
NO--VN,NO,VN,8283.764374187,10,8370.0,8400.0,8380.0,8397.93116666667,60.36923425424944,3644.4444444444443,8245.0,8415.0,8380.0,8400.0,20.0,2.5,0.007212572790232908,2,0,8331.475,8400.5,86.2356258130003,86.2356258130003,0.010410197818001527,0.010356384855549067
NO--ZA,NO,ZA,9623.202914754816,10,9674.0,9702.5,9685.625,9688.006285920448,115.4411827151241,13326.666666666668,9425.0,9830.0,9618.75,9745.0,126.25,60.0,0.011933138589531125,1,0,9601.5,9736.5,50.79708524518355,50.79708524518355,0.005278604815377914,0.005264721814798238
NZ--PE,NZ,PE,10603.194453734135,10,10757.5,10750.0,10759.375,10759.051944444416,16.87371394276382,284.7222222222222,10725.0,10775.0,10750.0,10775.0,25.0,12.5,0.001568553468999658,0,0,10747.5,10767.5,154.3055462658649,154.3055462658649,0.014552741340278166,0.014447866453648511
NZ--PH,NZ,PH,8297.851486247824,10,8070.0,8065.0,8068.75,8066.673857090854,21.9848432637882,483.33333333333337,8050.0,8100.0,8050.0,8092.5,42.5,15.0,0.002724268062427286,0,0,8058.0,8083.5,227.85148624782414,-227.85148624782414,-0.027459094275843143,-0.027843141932842975
NZ--PK,NZ,PK,13275.521678301031,10,13172.5,13162.5,13157.5,13134.366374998497,303.32646512370866,92006.94444444444,12815.0,13650.0,12942.5,13286.25,343.75,217.5,0.0230272511006801,0,0,13006.9875,13366.5,103.02167830103099,-103.02167830103099,-0.007760273441413675,-0.007790541055014767
NZ--PL,NZ,PL,17691.173617194832,10,17780.0,17775.0,17777.5,17777.500000000367,62.53887679764573,3911.1111111111113,17680.0,17900.0,17742.5,17815.0,72.5,40.0,0.0035173721483490283,0,0,17745.0,17816.0,88.82638280516767,88.82638280516767,0.005020943478777088,0.005008380576269548
NZ--PT,NZ,PT,19574.147927995775,10,18680.5,18640.0,18669.375,18640.741299999983,85.19422254798477,7258.055555555556,18600.0,18850.0,18640.0,18685.0,45.0,2.5,0.004560596480179051,2,0,18636.5,18736.025,893.6479279957748,-893.6479279957748,-0.045654499561518166,-0.046729513309112465
NZ--RU,NZ,RU,16540.092712129524,10,16565.0,16560.0,16564.375,16560.666666666668,6.666666666666667,44.44444444444445,16560.0,16575.0,16560.0,16570.0,10.0,0.0,0.00040245497534963277,0,0,16561.5,16569.0,24.907287870475557,24.907287870475557,0.0015058735343248728,0.0015047408437575231
NZ--SA,NZ,SA,14909.574515612963,10,14961.5,14945.0,14940.625,14939.166666675163,187.45443890894305,35139.166666666664,14740.0,15350.0,14846.25,15050.0,203.75,115.0,0.012529120670316682,0,0,14859.4625,15071.5875,51.925484387036704,51.925484387036704,0.003482693911396434,0.00347664337699276
NZ--SE,NZ,SE,17431.595018365642,10,17430.5,17430.0,17430.0,17430.0,3.689323936863109,13.61111111111111,17425.0,17440.0,17430.0,17430.0,0.0,0.0,0.0002116590996737391,2,0,17428.5,17433.0,1.0950183656423178,-1.0950183656423178,-6.2818024655152e-05,-6.281999778987481e-05
NZ--SG,NZ,SG,8524.39955416985,10,8430.5,8420.0,8425.625,8420.159928545425,31.57442706438938,996.9444444444445,8400.0,8500.0,8415.0,8427.5,12.5,7.5,0.003745261498652438,2,0,8414.0,8451.5,93.89955416984958,-93.89955416984958,-0.011015386312331767,-0.011076504924661416
NZ--SN,NZ,SN,16831.97657147853,10,17239.0,16845.0,17233.125,17233.125000300886,1171.0389499167918,1371332.2222222225,15780.0,18745.0,16216.25,18436.25,2220.0,937.5,0.067929633384581,0,0,16573.425,17912.5125,407.0234285214683,407.0234285214683,0.024181558641850884,0.023893814262115193
NZ--TH,NZ,TH,9738.52130758697,10,9656.0,9620.0,9643.75,9625.286166666216,89.12537984958793,7943.333333333334,9560.0,9850.0,9600.0,9697.5,97.5,22.5,0.009230051765698832,1,0,9610.5,9717.0,82.52130758697058,-82.52130758697058,-0.008473699957167097,-0.00850980586441641
NZ--TR,NZ,TR,16822.326113303774,10,16942.5,16905.0,16952.5,16950.397611111348,313.73422935132004,98429.16666666669,16460.0,17345.0,16717.5,17248.75,531.25,277.5,0.018517587684894202,0,0,16756.3375,17121.0,120.17388669622596,120.17388669622596,0.007143714007612039,0.007118318556201963
NZ--TZ,NZ,TZ,13304.17710041557,10,13113.0,13162.5,13101.25,13105.378999423016,260.7702266577055,68001.11111111111,12790.0,13530.0,12867.5,13242.5,375.0,235.0,0.01988638958725734,0,0,12944.9125,13268.0125,191.17710041557075,-191.17710041557075,-0.014369705016148584,-0.01447394906990346
NZ--UA,NZ,UA,17096.747525416675,10,17316.5,17337.5,17326.875,17324.704166667234,78.21089722311363,6116.944444444443,17150.0,17400.0,17271.25,17371.25,100.0,62.5,0.004516553415708349,0,0,17269.4875,17359.5,219.75247458332524,219.75247458332524,0.012853466675847722,0.012771561966047855
NZ--US,NZ,US,14074.670366616207,10,14192.0,14270.0,14195.0,14193.432556039179,238.4463601455612,56856.66666666667,13890.0,14470.0,13938.75,14373.75,435.0,195.0,0.01680146280619794,0,0,14055.45,14337.0375,117.32963338379341,117.32963338379341,0.008336226023601111,0.008301671594316738
NZ--VN,NZ,VN,9897.357844060565,10,9578.0,9555.0,9563.75,9561.505249992815,120.23587928179619,14456.666666666666,9450.0,9820.0,9488.75,9632.5,143.75,85.0,0.012553338826664876,0,0,9515.9875,9650.5125,319.3578440605652,-319.3578440605652,-0.032266979641663945,-0.03279903516181038
NZ--ZA,NZ,ZA,11827.417766624114,10,11648.5,11650.0,11645.0,11645.248777777875,22.3668902124944,500.2777777777778,11625.0,11700.0,11630.0,11657.5,27.5,15.0,0.0019201519691371765,1,0,11637.0,11662.0,178.91776662411394,-178.91776662411394,-0.015127373544629787,-0.015242959415005442
PE--PH,PE,PH,18061.562360216984,10,17951.5,17950.0,17950.0,17951.499999998556,159.70545805742938,25505.833333333336,17765.0,18150.0,17803.75,18098.75,295.0,157.5,0.008896496563375171,0,0,17858.4625,18041.5875,110.0623602169835,-110.0623602169835,-0.0060937341976246,-0.006112376769697593
PE--PK,PE,PK,16162.263423580987,10,15370.0,15350.0,15352.5,15339.111714283687,134.49494001221345,18088.888888888894,15230.0,15650.0,15270.0,15380.0,110.0,70.0,0.008750484060651494,2,0,15297.975,15449.05,792.2634235809874,-792.2634235809874,-0.049019336142304366,-0.050261549074898604
PE--PL,PE,PL,11605.331422578916,10,11636.5,11645.0,11630.0,11640.920333333226,63.027771656627685,3972.5,11550.0,11775.0,11592.5,11657.5,65.0,15.0,0.005416385653472065,1,0,11598.5,11677.5,31.168577421083683,31.168577421083683,0.0026857119616974677,0.0026821118817381153
PE--PT,PE,PT,8998.891148044428,10,9516.0,9510.0,9513.75,9511.353999999921,19.119507199599983,365.5555555555556,9500.0,9550.0,9500.0,9526.25,26.25,10.0,0.0020091957965111375,0,0,9505.5,9527.5,517.1088519555724,517.1088519555724,0.05746361895575842,0.05587322846778798
PE--RU,PE,RU,12642.025820968918,10,12644.5,12645.0,12644.375,12644.857142857143,2.8382310609877335,8.055555555555555,12640.0,12650.0,12645.0,12645.0,0.0,0.0,0.00022446368468407083,3,0,12643.0,12646.0,2.4741790310818033,2.4741790310818033,0.00019571064528107218,0.0001956914964510519
PE--SA,PE,SA,13973.306966781403,10,13995.0,13925.0,13987.5,13960.341428050368,257.60650440373416,66361.11111111111,13650.0,14400.0,13850.0,14125.0,275.0,150.0,0.01840703854260337,0,0,13849.875,14150.125,21.69303321859661,21.69303321859661,0.0015524623677249225,0.001551258543789909
PE--SE,PE,SE,11441.259792616573,10,11488.0,11417.5,11476.875,11458.586666664014,190.0321610207657,36112.22222222222,11235.0,11830.0,11360.0,11640.0,280.0,100.0,0.01654179674623657,0,0,11367.9875,11610.5,46.74020738342733,46.74020738342733,0.004085232590696905,0.004076910684951401
PE--SG,PE,SG,18810.963551971927,10,18990.0,18985.0,18988.125,18987.223899973353,19.0029237516523,361.11111111111114,18965.0,19030.0,18985.0,18996.25,11.25,7.5,0.0010006805556425646,2,0,18979.5,19002.0,179.0364480280732,179.0364480280732,0.009517664926276733,0.0094726573063886
PE--SN,PE,SN,7204.605952041671,10,6633.0,6457.5,6468.125,6465.959571431503,553.043096572651,305856.6666666666,6385.0,8200.0,6425.0,6518.75,93.75,45.0,0.0833775209667799,1,0,6435.9875,6994.5125,571.6059520416711,-571.6059520416711,-0.07933896119324708,-0.08266334650915727
PE--TH,PE,TH,19698.995438807557,10,19730.5,19730.0,19731.875,19730.0,13.834337312964756,191.3888888888889,19700.0,19750.0,19730.0,19730.0,0.0,0.0,0.0007011650648977348,4,0,19722.5,19738.0,31.50456119244336,31.50456119244336,0.001599297857106892,0.0015980203421922118
PE--TR,PE,TR,12558.030392220066,10,12063.0,12027.5,12053.75,12053.749999503265,156.49281133649558,24490.0,11850.0,12350.0,11946.25,12178.75,232.5,107.5,0.012972959573613163,0,0,11976.9625,12161.0,495.03039222006555,-495.03039222006555,-0.039419429381756084,-0.040217416253860494
PE--TZ,PE,TZ,12329.431436465999,10,11612.5,11640.0,11615.625,11624.86266666391,169.46402436964476,28718.055555555555,11350.0,11850.0,11483.75,11727.5,243.75,120.0,0.014593242141627105,0,0,11507.975,11704.05,716.9314364659986,-716.9314364659986,-0.05814797220458801,-0.05990709976433619
PE--UA,PE,UA,12276.18489244182,10,12068.5,11987.5,12051.875,12038.018927395711,424.1072322472755,179866.94444444447,11625.0,12645.0,11687.5,12488.75,801.25,337.5,0.03514166899343543,0,0,11829.9375,12313.675,207.6848924418191,-207.6848924418191,-0.016917706458599056,-0.01706244561328149
PE--US,PE,US,5639.750595100949,10,5627.5,5630.0,5628.125,5629.333333333351,3.5355339059327378,12.500000000000002,5620.0,5630.0,5625.0,5630.0,5.0,0.0,0.0006282601343283408,0,0,5625.5,5629.5,12.250595100948885,-12.250595100948885,-0.002172187385660377,-0.002174550006670005
PE--VN,PE,VN,18964.769886212795,10,19015.5,19032.5,19019.375,19019.374999738844,92.74966307216431,8602.5,18850.0,19150.0,18950.0,19050.0,100.0,82.5,0.0048775821341623575,0,0,18963.0,19068.0,50.73011378720548,50.73011378720548,0.002674965954851147,0.0026713946008371753
PE--ZA,PE,ZA,10927.706572983134,10,10550.0,10590.0,10562.5,10564.60166666389,143.0617582258329,20466.666666666668,10250.0,10750.0,10462.5,10640.0,177.5,75.0,0.013560356229936768,0,0,10465.9,10626.0,377.7065729831338,-377.7065729831338,-0.03456412106790532,-0.03517559161094038
PH--PK,PH,PK,5243.043281285031,10,4765.0,4765.0,4765.0,4765.0,7.453559924999299,55.55555555555555,4750.0,4780.0,4765.0,4765.0,0.0,0.0,0.0015642308342076177,4,0,4760.5,4769.0,478.0432812850313,-478.0432812850313,-0.09117668034353255,-0.0956045715111972
PH--PL,PH,PL,9401.353126559421,10,9414.5,9410.0,9411.875,9412.202888888945,15.536694915228557,241.38888888888889,9400.0,9450.0,9402.5,9422.5,20.0,10.0,0.0016502942179859319,0,0,9406.5,9424.5125,13.14687344057893,13.14687344057893,0.0013984022580151973,0.001397425404161229
PH--PT,PH,PT,12158.658514091412,10,12220.0,12192.5,12225.0,12220.000000000528,123.55835328567092,15266.666666666666,12035.0,12365.0,12128.75,12350.0,221.25,125.0,0.01011115820668338,0,0,12147.0,12291.5,61.341485908587856,61.341485908587856,0.005045086662932055,0.005032402855930142
PH--RU,PH,RU,8263.687185942246,10,8269.0,8270.0,8270.625,8270.142857142857,6.99205898780101,48.888888888888886,8250.0,8275.0,8270.0,8270.0,0.0,0.0,0.0008455749168945471,3,0,8264.5,8272.0,5.312814057753712,5.312814057753712,0.0006429108384924825,0.0006427042598556675
PH--SA,PH,SA,7777.541785883041,10,7783.0,7785.0,7784.375,7784.75,4.83045891539648,23.333333333333336,7770.0,7785.0,7785.0,7785.0,0.0,0.0,0.0006206422864443633,2,0,7780.0,7785.0,5.458214116959425,5.458214116959425,0.0007017916800995643,0.0007015455394713086
PH--SE,PH,SE,9334.537508472053,10,9323.0,9330.0,9326.25,9327.263625000329,26.583202716502512,706.6666666666665,9270.0,9350.0,9315.0,9345.0,30.0,17.5,0.002851357150756464,0,0,9307.0,9338.0,11.53750847205265,-11.53750847205265,-0.0012360021545342952,-0.0012367666351954393
PH--SG,PH,SG,2390.7414869355152,10,2391.0,2390.0,2390.625,2390.249999997861,2.1081851067789197,4.444444444444445,2390.0,2395.0,2390.0,2390.0,0.0,0.0,0.0008817168995311249,2,0,2390.0,2392.5,0.2585130644847595,0.2585130644847595,0.0001081309149891087,0.00010812506926307905
PH--SN,PH,SN,14418.882901521349,10,14304.5,14350.0,14291.875,14299.633713600158,198.75235847657254,39502.49999999999,14030.0,14680.0,14200.0,14368.75,168.75,140.0,0.013894393965295715,1,0,14192.9875,14415.0,114.38290152134869,-114.38290152134869,-0.007932854597860702,-0.007964487090601137
PH--TH,PH,TH,2210.5386059799803,10,2199.5,2200.0,2200.0,2199.5000000002115,10.91634859587521,119.16666666666666,2185.0,2210.0,2188.75,2210.0,21.25,10.0,0.004963104612809825,0,0,2193.0,2205.5,11.038605979980275,-11.038605979980275,-0.004993627322372241,-0.0050061371429209215
PH--TR,PH,TR,8825.320128288235,10,8745.0,8890.0,8748.75,8749.999999973212,316.4297359253359,100127.7777777778,8330.0,9130.0,8427.5,8922.5,495.0,237.5,0.03618407500575596,0,0,8550.95,8925.0125,80.32012828823463,-80.32012828823463,-0.009101100823615513,-0.00914276885100723
PH--TZ,PH,TZ,9678.483597737211,10,9772.0,9797.5,9778.75,9794.166666662379,138.20676941131035,19101.11111111111,9540.0,9950.0,9727.5,9855.0,127.5,75.0,0.014143140545570032,0,0,9678.9375,9843.5125,93.51640226278869,93.51640226278869,0.009662298987069879,0.00961591750471206
PH--UA,PH,UA,8803.13834931306,10,8648.4,8805.0,8656.125,8731.320000026231,370.82196986334736,137508.9333333333,8215.0,9020.0,8240.0,8980.5,740.5,200.0,0.042877522994235626,0,0,8439.8775,8865.275000000001,154.7383493130601,-154.7383493130601,-0.01757763460858648,-0.017733955774080636
PH--US,PH,US,13794.409050888704,10,13764.0,13772.5,13765.0,13769.311666667283,41.082572677204354,1687.7777777777776,13700.0,13820.0,13730.0,13793.75,63.75,25.0,0.0029847844142113014,0,0,13739.475,13788.5,30.40905088870386,-30.40905088870386,-0.0022044475248285287,-0.0022068808960906054
PH--VN,PH,VN,1753.51520467526,10,1756.0,1755.0,1755.625,1755.2499999978606,2.1081851067789197,4.444444444444445,1755.0,1760.0,1755.0,1755.0,0.0,0.0,0.0012005609947488153,2,0,1755.0,1757.5,2.4847953247399346,2.4847953247399346,0.0014170366576320066,0.0014160336086471493
PH--ZA,PH,ZA,10977.236086385761,10,11030.5,10995.0,11008.75,11007.969875000004,167.85327587575472,28174.722222222223,10850.0,11385.0,10900.0,11130.0,230.0,107.5,0.015217195582770928,0,0,10948.0,11137.075,53.263913614238845,53.263913614238845,0.004852215365969769,0.0048404813111232025
PK--PL,PK,PL,4602.495627474602,10,4806.5,4847.5,4830.625,4845.833333329949,153.8587014113924,23672.499999999996,4445.0,4975.0,4806.25,4878.75,72.5,40.0,0.0320105485096,2,0,4708.475,4882.5,204.00437252539814,204.00437252539814,0.04432472924202119,0.043370484431766755
PK--PT,PK,PT,7163.814796154422,10,7166.0,7310.0,7181.875,7215.830141603638,382.43953770498155,146260.0,6625.0,7580.0,6806.25,7465.0,658.75,255.0,0.05336862094682969,0,0,6940.4875,7382.5125,2.185203845578144,2.185203845578144,0.0003050335481524696,0.0003049870348782277
PK--RU,PK,RU,3663.3667982996626,10,3840.0,3840.0,3839.375,3839.258700008876,4.714045207910317,22.222222222222225,3835.0,3850.0,3836.25,3840.0,3.75,2.5,0.0012276159395599785,1,0,3837.5,3843.0,176.6332017003374,176.6332017003374,0.04821608411757212,0.04708975178029236
PK--SA,PK,SA,2746.9203972212576,10,2352.0,2312.5,2311.875,2311.7732856967345,138.52797551397336,19190.000000000004,2280.0,2745.0,2306.25,2315.0,8.75,5.0,0.05889794877294786,2,0,2302.5,2443.0,394.92039722125764,-394.92039722125764,-0.14376841703194349,-0.15521439857943845
PK--SE,PK,SE,4893.339704305134,10,5254.0,5275.0,5253.125,5253.124999999399,48.97845331254233,2398.8888888888887,5185.0,5330.0,5211.25,5278.75,67.5,40.0,0.009322126629718753,0,0,5224.5,5280.0,360.66029569486636,360.66029569486636,0.07370432414033291,0.07111465477622199
PK--SG,PK,SG,4805.798234579985,10,4549.3,4435.0,4542.875,4446.280759923496,161.12248618847573,25960.455555555553,4410.0,4740.0,4422.5,4733.75,311.25,21.0,0.03541698419283752,0,0,4455.6,4643.0125,256.49823457998446,-256.49823457998446,-0.05337265987039545,-0.05484977947450752
PK--SN,PK,SN,9176.75777699108,10,8987.0,8897.5,8966.875,8943.586666667175,236.18730796646219,55784.44444444445,8665.0,9470.0,8850.0,9117.5,267.5,100.0,0.02628099565666654,0,0,8859.475,9131.5,189.7577769910804,-189.7577769910804,-0.02067808496230126,-0.020894870237934883
PK--TH,PK,TH,3537.00596976539,10,3444.4,3489.5,3451.125,3479.923085715876,89.22655309815447,7961.377777777779,3315.0,3520.0,3353.75,3515.0,161.25,28.0,0.025904817413237274,0,0,3389.4975,3492.7124999999996,92.60596976539,-92.60596976539,-0.026182022466739733,-0.026530874186793105
PK--TR,PK,TR,3630.164700361784,10,3334.5,3345.0,3338.75,3337.313571432,98.1056686548857,9624.722222222223,3160.0,3475.0,3262.5,3390.0,127.5,75.0,0.02942140310537883,0,0,3277.975,3398.5,295.66470036178407,-295.66470036178407,-0.08144663528140142,-0.08495527615774888
PK--TZ,PK,TZ,5918.593677349072,10,5356.5,5385.0,5368.75,5383.560642851204,126.90875987627227,16105.833333333334,5130.0,5485.0,5318.75,5450.0,131.25,67.5,0.023692478274297074,0,0,5279.4875,5427.0,562.0936773490721,-562.0936773490721,-0.09497081705410007,-0.09978808945305254
PK--UA,PK,UA,3917.0789197104828,10,3922.5,3942.5,3920.0,3924.7428333313183,54.17307654381669,2934.722222222222,3845.0,4020.0,3883.75,3950.0,66.25,27.5,0.01381085444074358,0,0,3889.9875,3954.5125,5.421080289517249,5.421080289517249,0.001383959935613942,0.001383003145733168
PK--US,PK,US,11400.093863122374,10,11266.0,11260.0,11261.875,11261.72357155048,45.509461775669365,2071.111111111111,11200.0,11365.0,11246.25,11286.25,40.0,25.0,0.004039540367092967,1,0,11241.0,11293.0125,134.0938631223744,-134.0938631223744,-0.011762522724146008,-0.011832248501257428
PK--VN,PK,VN,3505.121440740511,10,3353.0,3352.5,3358.75,3351.1443571489685,103.76790340841323,10767.77777777778,3140.0,3520.0,3306.25,3383.75,77.5,42.5,0.030947779125682442,2,0,3289.5,3414.0,152.12144074051093,-152.12144074051093,-0.043399763264228855,-0.04436970025973124
PK--ZA,PK,ZA,8112.013533205837,10,7799.5,7840.0,7801.25,7816.445927791604,303.1725764496372,91913.6111111111,7350.0,8235.0,7607.5,8010.0,402.5,222.5,0.03887077074807836,0,0,7620.4375,7971.525,312.5135332058371,-312.5135332058371,-0.03852477956632956,-0.03928648606525464
PL--PT,PL,PT,2764.3828082154164,10,2754.8,2755.0,2754.75,2754.8,4.5166359162544865,20.400000000000006,2750.0,2760.0,2750.0,2759.5,9.5,5.0,0.0016395512981902448,0,0,2752.3,2757.3025000000002,9.582808215416208,-9.582808215416208,-0.0034665272070630894,-0.0034725495342370315
PL--RU,PL,RU,1153.7042757281965,10,1149.9,1150.0,1150.0,1149.9,0.31622776601683794,0.1,1149.0,1150.0,1150.0,1150.0,0.0,0.0,0.0002750045795432976,1,0,1149.7,1150.0,3.804275728196444,-3.804275728196444,-0.0032974444216177117,-0.0033028929723003253
PL--SA,PL,SA,3759.573078472261,10,3876.0,3887.5,3877.5,3877.7469285705242,38.35506630304673,1471.111111111111,3810.0,3930.0,3845.0,3898.75,53.75,27.5,0.009895527941962521,0,0,3853.9875,3898.0,116.42692152773907,116.42692152773907,0.03096812300162823,0.030498286032711614
PL--SE,PL,SE,811.0678916510533,10,810.0,810.0,810.0,810.0,0.0,0.0,810.0,810.0,810.0,810.0,0.0,0.0,0.0,0,0,810.0,810.0,1.0678916510532872,-1.0678916510532872,-0.0013166489045441433,-0.0013175164482970775
PL--SG,PL,SG,9407.779211369656,10,9401.0,9400.0,9400.625,9400.25,2.1081851067789197,4.444444444444445,9400.0,9405.0,9400.0,9400.0,0.0,0.0,0.00022425115485362406,2,0,9400.0,9402.5,6.779211369655968,-6.779211369655968,-0.0007205963508861938,-0.0007208561052294773
PL--SN,PL,SN,5374.182544640709,10,5283.0,5300.0,5286.875,5287.110500009902,86.31981876203814,7451.111111111111,5150.0,5385.0,5201.25,5355.0,153.75,67.5,0.01633916690555331,0,0,5233.9875,5332.5,91.18254464070924,-91.18254464070924,-0.016966774738911523,-0.017112359547486692
PL--TH,PL,TH,8098.393477126799,10,8120.5,8135.0,8123.75,8134.333333333351,20.473560185435915,419.1666666666667,8080.0,8135.0,8103.75,8135.0,31.25,0.0,0.0025212191595881924,0,0,8108.0,8133.0,22.106522873201357,22.106522873201357,0.002729741761207243,0.00272602278252951
PL--TR,PL,TR,1643.9711830727663,10,1754.5,1750.0,1749.375,1749.3315000005657,23.26776501705501,541.3888888888889,1735.0,1815.0,1740.0,1757.5,17.5,10.0,0.013261764045058426,1,0,1743.0,1769.5,110.52881692723372,110.52881692723372,0.06723281896014928,0.0650691481053173
PL--TZ,PL,TZ,6625.089583909204,10,6832.0,6845.0,6831.875,6831.875000001341,87.40709353364863,7640.000000000001,6685.0,6980.0,6768.75,6880.0,111.25,60.0,0.012793778327524683,0,0,6783.4875,6885.5,206.9104160907964,206.9104160907964,0.031231338606097267,0.030753562605903072
PL--UA,PL,UA,692.6191579526396,10,690.0,690.0,690.0,690.0,0.0,0.0,690.0,690.0,690.0,690.0,0.0,0.0,0.0,0,0,690.0,690.0,2.6191579526396254,-2.6191579526396254,-0.0037815268644629664,-0.0037886949136628264
PL--US,PL,US,7193.4756064615285,10,7184.1,7190.0,7188.875,7190.0,28.191606315828597,794.7666666666669,7115.0,7215.0,7180.0,7200.0,20.0,10.0,0.003924166745427902,1,0,7166.097500000001,7198.110000000001,9.37560646152815,-9.37560646152815,-0.0013033486140005153,-0.0013041987115345517
PL--VN,PL,VN,7841.5860049775565,10,7838.0,7840.0,7838.75,7840.029000000126,9.775252199076787,95.55555555555556,7820.0,7850.0,7832.5,7845.0,12.5,5.0,0.001247161546195048,0,0,7831.5,7843.5,3.586004977556513,-3.586004977556513,-0.0004573060826317847,-0.00045741067894801245
PL--ZA,PL,ZA,8664.282423992168,10,9013.5,9042.5,9028.75,9029.337249992148,173.4783047594777,30094.722222222226,8720.0,9185.0,8905.0,9173.75,268.75,135.0,0.019246497449323538,0,0,8910.95,9114.5125,349.21757600783167,349.21757600783167,0.04030542391379315,0.03951434687886481
PT--RU,PT,RU,3914.4159356158557,10,3908.4,3910.0,3908.5,3909.3333333333335,2.0655911179772892,4.2666666666666675,3906.0,3910.0,3906.0,3910.0,4.0,0.0,0.000528500439560252,0,0,3907.2,3909.6,6.0159356158555966,-6.0159356158555966,-0.0015368667292401845,-0.0015380489203138678
PT--SA,PT,SA,5439.2308630361285,10,5032.5,5022.5,5025.0,5024.108666666446,33.27077462946188,1106.9444444444446,5005.0,5120.0,5015.0,5037.5,22.5,10.0,0.006611182241323772,1,0,5017.0,5053.0125,406.73086303612854,-406.73086303612854,-0.07477727518428867,-0.07772078686887393
PT--SE,PT,SE,2995.36350558735,10,2987.7,2989.5,2988.375,2989.1666666666665,3.368151487751767,11.344444444444441,2980.0,2990.0,2985.75,2990.0,4.25,0.5,0.0011273392535233683,0,0,2985.5,2989.5,7.663505587350301,-7.663505587350301,-0.0025584559513579276,-0.0025617343928113372
PT--SG,PT,SG,11895.612616239241,10,11901.5,12030.0,11901.875,11984.17860001131,204.88546936167913,41978.055555555555,11660.0,12140.0,11671.25,12050.0,378.75,65.0,0.01721509636278445,0,0,11779.0,12013.0125,5.887383760758894,5.887383760758894,0.0004949206023001925,0.0004947981694935534
PT--SN,PT,SN,2783.0075400457886,10,2795.0,2795.0,2795.0,2795.0,0.0,0.0,2795.0,2795.0,2795.0,2795.0,0.0,0.0,0.0,0,0,2795.0,2795.0,11.992459954211427,11.992459954211427,0.00430917264205979,0.004299914744022324
PT--TH,PT,TH,10700.203395730496,10,10735.0,10740.0,10738.125,10739.666666666666,12.909944487358056,166.66666666666666,10700.0,10745.0,10736.25,10740.0,3.75,0.0,0.001202603119455804,2,0,10727.0,10740.5125,34.796604269504314,34.796604269504314,0.0032519572743251366,0.0032466810967762016
PT--TR,PT,TR,3591.021107942153,10,3512.0,3505.0,3511.25,3509.371071428551,45.71651780264984,2089.9999999999995,3450.0,3580.0,3477.5,3541.25,63.75,37.5,0.013017231720572278,0,0,3483.9875,3537.5,79.02110794215287,-79.02110794215287,-0.022005191717582577,-0.02225091746609549
PT--TZ,PT,TZ,6791.6053069734035,10,7397.5,7397.5,7405.625,7398.333333335622,128.00282114946617,16384.722222222223,7150.0,7580.0,7347.5,7456.25,108.75,60.0,0.017303524318954534,1,0,7326.475,7465.0,605.8946930265965,605.8946930265965,0.08921229453726989,0.08545476943028617
PT--UA,PT,UA,3358.8699560469204,10,3344.0,3344.0,3343.75,3343.611950000011,3.7416573867739413,14.0,3340.0,3350.0,3340.5,3345.0,4.5,3.0,0.0011189166826477098,0,0,3341.9,3346.3,14.869956046920379,-14.869956046920379,-0.004427071080900358,-0.004436899578443092
PT--US,PT,US,5747.733844579292,10,5782.0,5780.0,5781.875,5780.666666666649,2.581988897471611,6.666666666666666,5780.0,5785.0,5780.0,5785.0,5.0,0.0,0.000446556364142444,0,0,5780.5,5783.5,34.266155420707946,34.266155420707946,0.005961680959361833,0.005943980454433842
PT--VN,PT,VN,10555.511894474732,10,10268.9,10072.0,10235.875,10072.42857142857,317.04204067529525,100515.65555555557,10072.0,10730.0,10072.0,10561.75,489.75,0.0,0.030874002149723464,0,0,10072.0,10466.3,286.61189447473225,-286.61189447473225,-0.0271528181048954,-0.02752826782065181
PT--ZA,PT,ZA,8125.504330805197,10,8053.0,8057.5,8053.125,8053.869714283364,198.32913160815394,39334.444444444445,7720.0,8385.0,7933.75,8163.75,230.0,120.0,0.02462798107638817,0,0,7941.4875,8174.0,72.50433080519724,-72.50433080519724,-0.008923056077925002,-0.00896310495975507
RU--SA,RU,SA,3534.752218874367,10,3506.2,3501.5,3504.0,3501.9531,9.807026959164423,96.17777777777779,3500.0,3530.0,3500.0,3508.5,8.5,1.5,0.002797052923154533,1,0,3501.3975,3512.705,28.5522188743671,-28.5522188743671,-0.008077572940447713,-0.008110373283605777
RU--SE,RU,SE,1229.9731142543035,10,1233.5,1230.0,1230.0,1230.111111111111,11.067971810589327,122.49999999999999,1230.0,1265.0,1230.0,1230.0,0.0,0.0,0.008972818654713683,1,0,1230.0,1240.5,3.526885745696518,3.526885745696518,0.0028674494627752615,0.002863346171679462
RU--SG,RU,SG,8423.25704331817,10,8419.5,8415.0,8418.125,8417.00000000032,16.701629993639678,278.9444444444445,8400.0,8450.0,8411.25,8426.75,15.5,10.0,0.0019836843035381767,0,0,8409.9975,8429.3025,3.7570433181699627,-3.7570433181699627,-0.0004460321344639807,-0.0004461316363849928
RU--SN,RU,SN,6512.783222072082,10,6635.5,6615.0,6626.25,6622.018571428566,80.08502426241195,6413.61111111111,6545.0,6800.0,6577.5,6665.0,87.5,50.0,0.012069177042033297,1,0,6590.4875,6686.0,122.71677792791797,122.71677792791797,0.018842447805114397,0.018667127767506626
RU--TH,RU,TH,7067.659230722097,10,7065.0,7065.0,7065.0,7065.0,0.0,0.0,7065.0,7065.0,7065.0,7065.0,0.0,0.0,0.0,0,0,7065.0,7065.0,2.6592307220971634,-2.6592307220971634,-0.00037625338677024355,-0.00037632418783578765
RU--TR,RU,TR,1794.0390917111781,10,1795.3,1795.0,1795.25,1795.3,0.48304589153964794,0.23333333333333334,1795.0,1796.0,1795.0,1795.75,0.75,0.0,0.00026906137778624626,0,0,1795.0,1795.6,1.2609082888218381,1.2609082888218381,0.0007028321147780382,0.0007025852439528936
RU--TZ,RU,TZ,6867.0776383606935,10,6980.5,6950.0,6978.75,6978.749999996885,99.6786503386424,9935.833333333334,6850.0,7125.0,6900.0,7078.75,178.75,82.5,0.014279586038054924,0,0,6924.5,7039.0125,113.42236163930647,113.42236163930647,0.01651683111979241,0.01638191186339161
RU--UA,RU,UA,758.4899016199972,10,755.0,755.0,755.0,755.0,0.0,0.0,755.0,755.0,755.0,755.0,0.0,0.0,0.0,0,0,755.0,755.0,3.4899016199972266,-3.4899016199972266,-0.004601118106573902,-0.0046117358319467585
RU--US,RU,US,7841.159346134234,10,7818.6,7820.0,7818.875,7819.333333333351,1.8973665961010275,3.5999999999999996,7815.0,7820.0,7817.0,7820.0,3.0,0.0,0.00024267344487517297,0,0,7817.5,7819.7,22.559346134233238,-22.559346134233238,-0.0028770421742998005,-0.0028811888154202363
RU--VN,RU,VN,6741.157984103333,10,6738.9,6740.0,6739.25,6739.571428571428,1.911950719959998,3.655555555555555,6735.0,6740.0,6738.5,6740.0,1.5,0.0,0.0002837185178530618,2,0,6737.7,6740.0,2.2579841033330013,-2.2579841033330013,-0.0003349549303929189,-0.0003350110403255072
RU--ZA,RU,ZA,9069.35134739535,10,9204.5,9200.0,9205.625,9205.43116666667,10.124228365658293,102.5,9185.0,9215.0,9200.0,9215.0,15.0,7.5,0.001099921599832505,0,0,9198.5,9210.5,135.14865260465012,135.14865260465012,0.014901688933185261,0.01479174960878669
SA--SE,SA,SE,4455.253572286667,10,4717.0,4752.5,4731.875,4751.638624998274,87.88249730938085,7723.333333333333,4540.0,4775.0,4735.0,4768.75,33.75,17.5,0.018631014905529118,2,0,4654.9875,4762.0,261.7464277133331,261.7464277133331,0.0587500629238015,0.057089026416287394
SA--SG,SA,SG,6650.377147627449,10,6657.0,6660.0,6657.5,6659.571428573771,4.83045891539648,23.333333333333336,6650.0,6660.0,6652.5,6660.0,7.5,0.0,0.0007256209877416974,0,0,6654.0,6660.0,6.622852372551279,6.622852372551279,0.0009958611708080361,0.0009953656300382345
SA--SN,SA,SN,6769.35265921719,10,6277.0,6245.0,6255.0,6248.0527142887995,129.98290485889117,16895.555555555555,6150.0,6580.0,6193.75,6303.75,110.0,65.0,0.02070780705096243,1,0,6208.4875,6362.025,492.3526592171902,-492.3526592171902,-0.07273260590830645,-0.07551330399442714
SA--TH,SA,TH,5743.87829967849,10,5887.0,5830.0,5864.375,5830.0,213.19266195418433,45451.11111111112,5670.0,6285.0,5830.0,5830.0,0.0,0.0,0.03621414335895776,4,0,5767.5,6019.1,143.1217003215097,143.1217003215097,0.02491725848883686,0.02461188590653542
SA--TR,SA,TR,2136.6388154460656,10,2098.5,2097.5,2096.875,2095.6894285719864,17.646214576755234,311.3888888888889,2075.0,2135.0,2086.25,2100.0,13.75,10.0,0.008408965726354651,1,0,2089.4875,2109.5125,38.138815446065564,-38.138815446065564,-0.017849912287633572,-0.018011143495368483
SA--TZ,SA,TZ,3613.574172900528,10,3608.7,3605.0,3604.625,3604.6250000011387,67.90360815155553,4610.899999999999,3510.0,3740.0,3557.5,3651.75,94.25,49.5,0.018816639829178246,0,0,3570.6825,3650.61,4.874172900528265,-4.874172900528265,-0.0013488509346456516,-0.0013497614529286558
SA--UA,SA,UA,3186.9350881907417,10,3138.7,3135.0,3138.375,3135.9651999998405,11.776152927750971,138.67777777777778,3125.0,3155.0,3130.0,3150.5,20.5,6.0,0.003751920517332326,0,0,3131.9,3145.7,48.23508819074186,-48.23508819074186,-0.015135259067396148,-0.015250966089293005
SA--US,SA,US,10867.268528060538,10,10775.5,10725.0,10718.75,10720.419285711414,210.00595229659564,44102.5,10640.0,11365.0,10700.0,10745.0,45.0,25.0,0.01948920721048635,1,0,10692.0,10917.5,91.7685280605383,-91.7685280605383,-0.008444488863377342,-0.008480345563154844
SA--VN,SA,VN,6031.190406332703,10,6429.0,6497.5,6423.125,6423.808999997789,205.7614584361653,42337.77777777778,6155.0,6750.0,6240.0,6552.5,312.5,185.0,0.03200520429867247,0,0,6304.475,6546.0375,397.8095936672971,397.8095936672971,0.06595871906972132,0.06387459991850934
SA--ZA,SA,ZA,5917.429203536842,10,6276.0,6262.5,6271.875,6276.000000000436,149.53260514014994,22359.999999999996,6110.0,6475.0,6132.5,6425.0,292.5,137.5,0.023826100245403114,0,0,6194.0,6367.025,358.57079646315833,358.57079646315833,0.06059570535273002,0.05883073645070103
SE--SG,SE,SG,9642.063064390362,10,9469.5,9482.5,9471.875,9469.499999999965,195.0705000762545,38052.5,9260.0,9660.0,9281.25,9650.0,368.75,177.5,0.02059987328541681,0,0,9352.975,9583.5,172.56306439036234,-172.56306439036234,-0.017896902689598097,-0.018058989060626366
SE--SN,SE,SN,5745.792432019775,10,5680.5,5670.0,5671.875,5656.666666642967,165.40270721954812,27358.055555555555,5480.0,5950.0,5577.5,5727.5,150.0,85.0,0.02911763176120907,0,0,5587.0,5774.5,65.29243201977533,-65.29243201977533,-0.011363520835858593,-0.01142857896794629
SE--TH,SE,TH,8272.314412775979,10,8273.0,8272.5,8272.5,8272.634055555554,3.496029493900505,12.222222222222221,8270.0,8280.0,8270.0,8275.0,5.0,2.5,0.0004225830404811441,0,0,8271.0,8275.0,0.6855872240212193,0.6855872240212193,8.287731701328718e-05,8.287388287829902e-05
SE--TR,SE,TR,2396.709100197568,10,2513.6,2479.0,2510.125,2501.940466660002,71.36634750045398,5093.155555555554,2425.0,2630.0,2463.75,2568.25,104.5,39.0,0.028392086052058396,0,0,2471.6,2556.0275,116.8908998024317,116.8908998024317,0.048771417354236284,0.047619400382638864
SE--TZ,SE,TZ,7432.885078261827,10,7510.6,7527.5,7512.625,7517.206642848355,126.85179453905167,16091.377777777778,7320.0,7685.0,7412.5,7613.75,201.25,97.5,0.016889701826625258,0,0,7432.665,7586.71,77.71492173817296,77.71492173817296,0.010455552712022627,0.010401271453302384
SE--UA,SE,UA,1268.7278771135018,10,1265.0,1265.0,1265.0,1265.0,0.0,0.0,1265.0,1265.0,1265.0,1265.0,0.0,0.0,0.0,0,0,1265.0,1265.0,3.7278771135017905,-3.7278771135017905,-0.0029382795008675374,-0.0029426047186237436
SE--US,SE,US,6652.678579380046,10,6598.5,6637.5,6635.625,6636.517400000016,122.70221405228732,15055.833333333336,6250.0,6650.0,6627.5,6640.0,12.5,5.0,0.01859547079673976,1,0,6519.5,6640.0,54.17857938004636,-54.17857938004636,-0.008143874491091855,-0.008177216985069307
SE--VN,SE,VN,7892.32864786669,10,8305.8,8302.5,8309.75,8305.261720000175,34.33106788642355,1178.6222222222223,8230.0,8350.0,8296.25,8328.75,32.5,11.0,0.004133384849914945,1,0,8286.8975,8325.0,413.47135213330967,413.47135213330967,0.0523890185750275,0.051062835480212586
SE--ZA,SE,ZA,9472.211944742652,10,9590.0,9582.5,9585.0,9580.639714390369,72.11102550927978,5200.0,9475.0,9745.0,9552.5,9603.75,51.25,30.0,0.007519397863324274,2,0,9547.4875,9637.0125,117.78805525734788,117.78805525734788,0.012435116100070333,0.012358435081034711
SG--SN,SG,SN,13335.9357376055,10,13489.0,13367.5,13461.25,13445.673000000148,381.50141983134654,145543.33333333334,13100.0,14100.0,13150.0,13806.25,656.25,245.0,0.02828240935809523,0,0,13279.425,13709.5125,153.06426239450047,153.06426239450047,0.011477579481946689,0.011412211766504102
SG--TH,SG,TH,1425.9530991897677,10,1431.5,1430.0,1431.25,1430.4285714285713,2.41522945769824,5.833333333333334,1430.0,1435.0,1430.0,1433.75,3.75,0.0,0.0016872018565827732,0,0,1430.4875,1433.0,5.546900810232273,5.546900810232273,0.0038899602051316027,0.0038824138735551903
SG--TR,SG,TR,8304.654710456407,10,8299.4,8295.0,8296.125,8296.248777777795,23.434068267280345,549.1555555555557,8275.0,8350.0,8280.0,8313.0,33.0,15.0,0.002823585833588012,0,0,8286.8975,8313.4025,5.254710456407338,-5.254710456407338,-0.0006327427978180865,-0.00063294306402466
SG--TZ,SG,TZ,7613.028423154926,10,7947.5,7867.5,7937.5,7931.760142194889,257.9970930068787,66562.50000000001,7670.0,8305.0,7715.0,8203.75,488.75,195.0,0.03246267291687684,0,0,7798.4375,8107.5875,334.4715768450742,334.4715768450742,0.0439341032574873,0.042996367983163086
SG--UA,SG,UA,8722.82379061632,10,9009.5,9012.5,9011.25,9009.789888888994,35.3121005385469,1246.9444444444443,8955.0,9050.0,8983.75,9043.75,60.0,35.0,0.003919429550868184,0,0,8988.5,9029.5,286.67620938368054,286.67620938368054,0.03286506941617643,0.03233656148608285
SG--US,SG,US,15552.300405735941,10,15535.5,15580.0,15556.875,15565.173999998733,90.81268878545798,8246.944444444445,15300.0,15600.0,15508.75,15580.0,71.25,20.0,0.005845495078076533,1,0,15477.5,15578.0375,16.80040573594124,-16.80040573594124,-0.0010802521361884816,-0.0010808360290662177
SG--VN,SG,VN,2194.5074422305775,10,2210.0,2210.0,2210.0,2210.0,0.0,0.0,2210.0,2210.0,2210.0,2210.0,0.0,0.0,0.0,0,0,2210.0,2210.0,15.492557769422547,15.492557769422547,0.007059697074289867,0.007034894078903643
SG--ZA,SG,ZA,8639.510334138995,10,8659.0,8660.0,8658.75,8659.258699991115,6.146362971528592,37.77777777777778,8650.0,8670.0,8656.25,8660.0,3.75,2.5,0.0007098236484038101,3,0,8655.0,8662.5,19.48966586100505,19.48966586100505,0.002255876213723792,0.0022533355452162046
SN--TH,SN,TH,12510.120375362725,10,12841.0,12775.0,12791.25,12775.833333336825,222.99476824954138,49726.66666666667,12650.0,13430.0,12738.75,12815.0,76.25,42.5,0.017365841309052363,2,0,12737.9625,12982.0375,330.8796246372749,330.8796246372749,0.026448956101885725,0.026105230085458342
SN--TR,SN,TR,5615.258437383409,10,5391.0,5400.0,5392.5,5398.333333332866,91.82713227702487,8432.222222222223,5240.0,5530.0,5350.0,5447.5,97.5,50.0,0.017033413518275805,0,0,5336.0,5445.025,224.25843738340882,-224.25843738340882,-0.03993733144861423,-0.04075671690985785
SN--TZ,SN,TZ,6312.069329382219,10,6011.5,6062.5,6015.0,6012.9072777791125,304.66785193059013,92822.5,5580.0,6415.0,5715.0,6253.75,538.75,282.5,0.05068083705075108,0,0,5836.8625,6185.0125,300.5693293822187,-300.5693293822187,-0.04761819202192387,-0.04878926579285559
SN--UA,SN,UA,5842.247717044825,10,6018.4,6022.5,6023.0,6022.99999940965,220.58769986863123,48658.933333333334,5675.0,6325.0,5860.0,6193.75,333.75,190.0,0.03665221651412855,0,0,5888.9875,6143.03,176.152282955175,176.152282955175,0.030151457364816746,0.029705837416602186
SN--US,SN,US,6370.066844573844,10,6367.5,6375.0,6368.125,6370.087000000509,23.83391607679182,568.0555555555555,6330.0,6400.0,6345.0,6383.75,38.75,15.0,0.0037430570988287114,0,0,6353.0,6380.5125,2.5668445738438095,-2.5668445738438095,-0.0004029541033828085,-0.0004030353112035567
SN--VN,SN,VN,12678.789553826642,10,13059.0,13122.5,13085.0,13098.333333333423,186.12719665146557,34643.333333333336,12660.0,13250.0,12986.25,13170.0,183.75,95.0,0.014252790922081749,1,0,12941.475,13150.525,380.2104461733579,380.2104461733579,0.029987913637907565,0.029547067840567983
SN--ZA,SN,ZA,6672.5621271644495,10,6663.0,6650.0,6661.25,6651.482599982199,25.841396591085743,667.7777777777778,6640.0,6700.0,6650.0,6687.5,37.5,5.0,0.003878342577080256,0,0,6648.0,6679.0,9.562127164449521,-9.562127164449521,-0.0014330517996260323,-0.0014340796004014428
TH--TR,TH,TR,7141.388185297727,10,7471.7,7475.0,7470.625,7470.833333332843,23.944612012819178,573.3444444444444,7440.0,7512.0,7453.75,7480.0,26.25,17.5,0.0032047073641633334,0,0,7457.9875,7486.405,330.3118147022724,330.3118147022724,0.04625316620965921,0.045215369062760344
TH--TZ,TH,TZ,7486.47678677552,10,7830.5,7772.5,7807.5,7791.425285704526,254.26855881134813,64652.5,7510.0,8335.0,7685.0,7935.0,250.0,145.0,0.03247156105119062,1,0,7684.5,7991.05,344.02321322448006,344.02321322448006,0.045952618704726306,0.044928067011339494
TH--UA,TH,UA,7426.114052483925,10,7482.5,7440.0,7442.5,7440.833333333555,133.2968700140988,17768.05555555555,7425.0,7860.0,7432.5,7448.75,16.25,10.0,0.017814483129181262,1,0,7435.0,7567.5,56.38594751607525,56.38594751607525,0.007592927757043401,0.007564246572363786
TH--US,TH,US,14169.831963403985,10,13980.5,13972.5,13966.875,13966.875000069567,58.615981893450645,3435.833333333334,13930.0,14140.0,13950.0,13980.0,30.0,15.0,0.004192695675651847,1,0,13954.5,14018.5125,189.33196340398536,-189.33196340398536,-0.01336162375764,-0.013451693470549081
TH--VN,TH,VN,985.0733602712637,10,990.0,990.0,990.0,990.0,0.0,0.0,990.0,990.0,990.0,990.0,0.0,0.0,0.0,0,0,990.0,990.0,4.926639728736291,4.926639728736291,0.005001292215819969,0.004988827297098042
TH--ZA,TH,ZA,8961.095963147978,10,9715.0,9675.0,9681.875,9655.833333342143,254.71116539676422,64877.777777777774,9445.0,10250.0,9560.0,9741.25,181.25,115.0,0.02621833920707815,2,0,9580.475,9880.0,753.9040368520218,753.9040368520218,0.08413078488975136,0.08077854600709472
TR--TZ,TR,TZ,5114.021496230008,10,4768.5,4780.0,4787.5,4787.413000170283,86.37933137556048,7461.388888888888,4545.0,4840.0,4751.25,4823.75,72.5,35.0,0.0181145709081599,1,0,4708.4875,4808.5,345.52149623000787,-345.52149623000787,-0.06756355961442907,-0.06995429023162304
TR--UA,TR,UA,1181.9288146082997,10,1169.5,1167.5,1169.375,1167.9021666666692,6.851601597031489,46.94444444444445,1160.0,1180.0,1165.0,1173.75,8.75,2.5,0.005858573404900803,0,0,1165.5,1173.5,12.428814608299717,-12.428814608299717,-0.010515704883985523,-0.01057138560057494
TR--US,TR,US,8744.489174947264,10,8433.5,8442.5,8436.25,8441.66666666651,33.420718790062615,1116.9444444444443,8370.0,8475.0,8431.25,8450.0,18.75,10.0,0.003962852764577295,2,0,8413.0,8451.5,310.9891749472645,-310.9891749472645,-0.03556401851788443,-0.0362118236634008
TR--VN,TR,VN,7117.1512309835825,10,7484.5,7502.5,7481.25,7482.58444444123,108.89469939145594,11858.055555555555,7345.0,7650.0,7388.75,7546.25,157.5,100.0,0.014549361933523408,0,0,7422.0,7553.0,367.34876901641746,367.34876901641746,0.0516145796392822,0.05032667802175881
TR--ZA,TR,ZA,7281.727679731044,10,7574.5,7587.5,7577.5,7576.79375038944,139.63145936516042,19496.944444444445,7375.0,7750.0,7470.0,7682.5,212.5,125.0,0.018434412748717464,0,0,7493.4625,7656.0,292.7723202689558,292.7723202689558,0.04020643632195946,0.039419189918887404
TZ--UA,TZ,UA,6293.284789300669,10,6180.8,6175.0,6182.25,6180.096800006586,103.43414437323015,10698.622222222219,6015.0,6335.0,6131.25,6258.75,127.5,76.0,0.016734750254535035,0,0,6120.9825,6238.525,112.48478930066904,-112.48478930066904,-0.017873780238248,-0.018035445525103142
TZ--US,TZ,US,12407.335072981457,10,12773.0,12752.5,12766.875,12767.335666460247,99.69954864491613,9939.999999999998,12645.0,12950.0,12692.5,12848.75,156.25,85.0,0.007805491947460748,0,0,12717.9875,12828.0125,365.6649270185426,365.6649270185426,0.029471673398651435,0.029045732195704582
TZ--VN,TZ,VN,8220.893096074053,10,8726.3,8762.5,8736.0,8750.499999998237,178.66545397598398,31921.34444444445,8425.0,8950.0,8676.25,8790.75,114.5,72.5,0.020474365306714645,2,0,8617.92,8828.1175,505.4069039259466,505.4069039259466,0.061478345238099176,0.05966260180056696
TZ--ZA,TZ,ZA,2303.9398317562473,10,2448.0,2442.5,2446.25,2444.7654999740553,14.757295747452437,217.77777777777777,2435.0,2475.0,2435.0,2458.75,23.75,7.5,0.006028307086377629,0,0,2440.0,2456.5125,144.06016824375274,144.06016824375274,0.06252774758181882,0.06065073684655814
UA--US,UA,US,7852.866380313801,10,7845.4,7845.0,7845.5,7845.0,2.8751811537130436,8.26666666666667,7840.0,7850.0,7845.0,7845.0,0.0,0.0,0.00036647986765659415,4,0,7843.8,7847.0,7.4663803138009825,-7.4663803138009825,-0.0009507840770751311,-0.0009512363589601074
UA--VN,UA,VN,7204.7219267397495,10,7294.5,7270.0,7285.0,7271.666666667107,72.28224001940049,5224.722222222222,7215.0,7450.0,7262.5,7280.0,17.5,10.0,0.009909142507286379,3,0,7257.4875,7343.0125,89.7780732602505,89.7780732602505,0.01246100462629187,0.01238400530753458
UA--ZA,UA,ZA,8436.439872482457,10,8463.0,8335.0,8444.375,8385.62770037312,245.58546826354,60312.22222222222,8225.0,8850.0,8255.0,8702.5,447.5,107.5,0.0290187248332199,0,0,8320.0,8612.0,26.56012751754315,26.56012751754315,0.003148262527677771,0.0031433171261025503
US--VN,US,VN,13362.734799118152,10,13390.0,13145.0,13291.875,13145.279875035449,522.3398212743203,272838.88888888893,13135.0,14430.0,13137.5,13150.0,12.5,7.5,0.03900969539016582,2,0,13141.0,13767.025,27.265200881847704,27.265200881847704,0.002040390780160287,0.0020383120100809873
US--ZA,US,ZA,13024.504641792455,10,13122.0,13125.0,13121.875,13121.748428519244,20.027758514399736,401.1111111111111,13090.0,13155.0,13110.0,13130.0,20.0,15.0,0.0015262733207132857,0,0,13109.4875,13132.5,97.495358207545,97.495358207545,0.007485532915755291,0.007457655346775465
VN--ZA,VN,ZA,9846.22426369883,10,10329.5,10345.0,10325.625,10325.833333330042,129.15214972186013,16680.277777777774,10150.0,10540.0,10257.5,10371.25,113.75,80.0,0.012503233430646219,0,0,10248.0,10408.0,483.2757363011697,483.2757363011697,0.049082340941889374,0.047915821035127454
